url,page_type,schema_types,canonical_match,breadcrumb_status,faq_schema_emitted,visible_faq_count,schema_faq_count,initial_html_title,initial_html_h1,initial_html_body,initial_html_links,schema_issue,faq_issue,ssr_issue,g4_action,blocking,notes
/,home,"Answer | City | ContactPoint | FAQPage | ImageObject | ItemList | ListItem | Offer | OfferCatalog | Organization | PostalAddress | Question | Service | WebPage | WebSite | ['AutoRepair', 'AutomotiveBusiness']",PASS,NOT EMITTED,YES,24,24,True,1,True,75,,,,RETAINED,NO,FAQ presence checked against initial HTML excluding script/style; accordion answers may be collapsed.
/about,about,"AboutPage | BreadcrumbList | City | ContactPoint | ImageObject | ListItem | Offer | OfferCatalog | Organization | PostalAddress | Service | WebSite | ['AutoRepair', 'AutomotiveBusiness']",PASS,PRESENT,NO,0,0,True,1,False,0,,,Substantive main content needs review,REVIEW,REVIEW,FAQ presence checked against initial HTML excluding script/style; accordion answers may be collapsed.
/ar,home,"Answer | City | ContactPoint | FAQPage | ImageObject | ItemList | ListItem | Offer | OfferCatalog | Organization | PostalAddress | Question | Service | WebPage | WebSite | ['AutoRepair', 'AutomotiveBusiness']",PASS,NOT EMITTED,YES,16,16,True,1,True,71,,,,RETAINED,NO,FAQ presence checked against initial HTML excluding script/style; accordion answers may be collapsed.
/ar/about,about,"AboutPage | BreadcrumbList | City | ContactPoint | ImageObject | ListItem | Offer | OfferCatalog | Organization | PostalAddress | Service | WebSite | ['AutoRepair', 'AutomotiveBusiness']",PASS,PRESENT,NO,0,0,True,1,False,0,,,Substantive main content needs review,REVIEW,REVIEW,FAQ presence checked against initial HTML excluding script/style; accordion answers may be collapsed.
/ar/best-audi-workshop-dubai,workshop-guide,"Answer | BreadcrumbList | City | ContactPoint | FAQPage | ImageObject | ListItem | Offer | OfferCatalog | Organization | PostalAddress | Question | Service | WebPage | WebSite | ['AutoRepair', 'AutomotiveBusiness']",PASS,PRESENT,YES,0,5,True,1,False,0,,كيف أختار ورشة Audi في دبي؟ | هل تصلح ديجي-تك جميع طرازات Audi؟ | ما خيارات القطع المتاحة لدى ديجي-تك؟ | أين تقع ورشة ديجي-تك في دبي؟ | هل الصيانة لدى ورشة مستقلة مناسبة لسيارة Audi؟,Substantive main content needs review,REVIEW,REVIEW,FAQ presence checked against initial HTML excluding script/style; accordion answers may be collapsed.
/ar/best-bmw-workshop-dubai,workshop-guide,"Answer | BreadcrumbList | City | ContactPoint | FAQPage | ImageObject | ListItem | Offer | OfferCatalog | Organization | PostalAddress | Question | Service | WebPage | WebSite | ['AutoRepair', 'AutomotiveBusiness']",PASS,PRESENT,YES,5,5,True,1,False,0,,,Substantive main content needs review,REVIEW,REVIEW,FAQ presence checked against initial HTML excluding script/style; accordion answers may be collapsed.
/ar/best-car-workshop-dubai,workshop-guide,"Answer | BreadcrumbList | City | ContactPoint | FAQPage | ImageObject | ListItem | Offer | OfferCatalog | Organization | PostalAddress | Question | Service | WebPage | WebSite | ['AutoRepair', 'AutomotiveBusiness']",PASS,PRESENT,YES,4,4,True,1,False,0,,,Substantive main content needs review,REVIEW,REVIEW,FAQ presence checked against initial HTML excluding script/style; accordion answers may be collapsed.
/ar/best-ferrari-workshop-dubai,workshop-guide,"Answer | BreadcrumbList | City | ContactPoint | FAQPage | ImageObject | ListItem | Offer | OfferCatalog | Organization | PostalAddress | Question | Service | WebPage | WebSite | ['AutoRepair', 'AutomotiveBusiness']",PASS,PRESENT,YES,5,5,True,1,False,0,,,Substantive main content needs review,REVIEW,REVIEW,FAQ presence checked against initial HTML excluding script/style; accordion answers may be collapsed.
/ar/best-lamborghini-workshop-dubai,workshop-guide,"Answer | BreadcrumbList | City | ContactPoint | FAQPage | ImageObject | ListItem | Offer | OfferCatalog | Organization | PostalAddress | Question | Service | WebPage | WebSite | ['AutoRepair', 'AutomotiveBusiness']",PASS,PRESENT,YES,5,5,True,1,False,0,,,Substantive main content needs review,REVIEW,REVIEW,FAQ presence checked against initial HTML excluding script/style; accordion answers may be collapsed.
/ar/best-porsche-workshop-dubai,workshop-guide,"Answer | BreadcrumbList | City | ContactPoint | FAQPage | ImageObject | ListItem | Offer | OfferCatalog | Organization | PostalAddress | Question | Service | WebPage | WebSite | ['AutoRepair', 'AutomotiveBusiness']",PASS,PRESENT,YES,5,5,True,1,False,0,,,Substantive main content needs review,REVIEW,REVIEW,FAQ presence checked against initial HTML excluding script/style; accordion answers may be collapsed.
/ar/best-range-rover-workshop-dubai,workshop-guide,"Answer | BreadcrumbList | City | ContactPoint | FAQPage | ImageObject | ListItem | Offer | OfferCatalog | Organization | PostalAddress | Question | Service | WebPage | WebSite | ['AutoRepair', 'AutomotiveBusiness']",PASS,PRESENT,YES,6,6,True,1,False,0,,,Substantive main content needs review,REVIEW,REVIEW,FAQ presence checked against initial HTML excluding script/style; accordion answers may be collapsed.
/ar/blog,blog-hub,"Blog | BlogPosting | BreadcrumbList | City | CollectionPage | ContactPoint | ImageObject | ListItem | Offer | OfferCatalog | Organization | PostalAddress | Service | WebSite | ['AutoRepair', 'AutomotiveBusiness']",REVIEW,PRESENT,NO,0,0,True,1,False,0,Schema URL mismatch: https://digitecme.com/ar/blog/maybach-best-workshop-dubai | Schema URL mismatch: https://digitecme.com/ar/blog/bentley-best-workshop-dubai | Schema URL mismatch: https://digitecme.com/ar/blog/rolls-royce-best-workshop-dubai | Schema URL mismatch: https://digitecme.com/ar/blog/range-rover-maintenance-guide-dubai | Schema URL mismatch: https://digitecme.com/ar/blog/jaguar-best-workshop-dubai | Schema URL mismatch: https://digitecme.com/ar/blog/mercedes-benz-maintenance-guide-dubai | Schema URL mismatch: https://digitecme.com/ar/blog/ferrari-maintenance-guide-dubai | Schema URL mismatch: https://digitecme.com/ar/blog/lamborghini-maintenance-guide-dubai | Schema URL mismatch: https://digitecme.com/ar/blog/aston-martin-best-workshop-dubai | Schema URL mismatch: https://digitecme.com/ar/blog/bmw-m-service-dubai-guide | Schema URL mismatch: https://digitecme.com/ar/blog/bentley-continental-gt-service-dubai-guide | Schema URL mismatch: https://digitecme.com/ar/blog/mclaren-best-workshop-dubai | Schema URL mismatch: https://digitecme.com/ar/blog/how-much-is-my-mercedes-worth-dubai | Schema URL mismatch: https://digitecme.com/ar/blog/best-oil-change-dubai-mercedes | Schema URL mismatch: https://digitecme.com/ar/blog/dealer-vs-independent-workshop-dubai | Schema URL mismatch: https://digitecme.com/ar/blog/car-service-cost-dubai-luxury-brands | Schema URL mismatch: https://digitecme.com/ar/blog/mercedes-service-cost-dubai-guide | Schema URL mismatch: https://digitecme.com/ar/blog/mercedes-amg-gt-tuning-dubai | Schema URL mismatch: https://digitecme.com/ar/blog/mercedes-g63-service-dubai-guide | Schema URL mismatch: https://digitecme.com/ar/blog/range-rover-sport-service-dubai-guide | Schema URL mismatch: https://digitecme.com/ar/blog/porsche-911-service-dubai-guide | Schema URL mismatch: https://digitecme.com/ar/blog/audi-rs-service-dubai-guide | Schema URL mismatch: https://digitecme.com/ar/blog/porsche-cayenne-service-dubai-guide | Schema URL mismatch: https://digitecme.com/ar/blog/mercedes-s-class-service-dubai-guide | Schema URL mismatch: https://digitecme.com/ar/blog/mercedes-c-class-service-dubai-guide | Schema URL mismatch: https://digitecme.com/ar/blog/mercedes-e-class-service-dubai-guide | Schema URL mismatch: https://digitecme.com/ar/blog/bmw-x5-service-dubai-guide | Schema URL mismatch: https://digitecme.com/ar/blog/range-rover-vogue-service-dubai-guide | Schema URL mismatch: https://digitecme.com/ar/blog/defender-service-dubai-guide | Schema URL mismatch: https://digitecme.com/ar/blog/ferrari-488-service-dubai-guide | Schema URL mismatch: https://digitecme.com/ar/blog/lamborghini-urus-service-dubai-guide | Schema URL mismatch: https://digitecme.com/ar/blog/rolls-royce-ghost-service-dubai-guide | Schema URL mismatch: https://digitecme.com/ar/blog/mclaren-720s-service-dubai-guide | Schema URL mismatch: https://digitecme.com/ar/blog/aston-martin-db11-service-dubai-guide | Schema URL mismatch: https://digitecme.com/ar/blog/maybach-s580-service-dubai-guide | Schema URL mismatch: https://digitecme.com/ar/blog/porsche-panamera-service-dubai-guide | Schema URL mismatch: https://digitecme.com/ar/blog/audi-q7-service-dubai-guide | Schema URL mismatch: https://digitecme.com/ar/blog/car-ac-not-cold-dubai-causes | Schema URL mismatch: https://digitecme.com/ar/blog/engine-overheating-dubai-what-to-do | Schema URL mismatch: https://digitecme.com/ar/blog/check-engine-light-dubai-guide | Schema URL mismatch: https://digitecme.com/ar/blog/car-battery-life-dubai-heat | Schema URL mismatch: https://digitecme.com/ar/blog/transmission-service-7g-9g-dubai | Schema URL mismatch: https://digitecme.com/ar/blog/air-suspension-repair-dubai-guide | Schema URL mismatch: https://digitecme.com/ar/blog/ecu-remap-safe-dubai-guide | Schema URL mismatch: https://digitecme.com/ar/blog/pre-purchase-inspection-dubai-guide | Schema URL mismatch: https://digitecme.com/ar/blog/car-service-interval-dubai-heat | Schema URL mismatch: https://digitecme.com/ar/blog/ceramic-coating-vs-ppf-dubai | Schema URL mismatch: https://digitecme.com/ar/blog/oil-specification-guide-dubai-luxury | Schema URL mismatch: https://digitecme.com/ar/blog/summer-car-preparation-dubai-checklist | Schema URL mismatch: https://digitecme.com/ar/blog/mercedes-amg-gt-black-series-1300hp-build-dubai | Schema URL mismatch: https://digitecme.com/ar/blog/g63-to-brabus-g800-conversion-dubai | Schema URL mismatch: https://digitecme.com/ar/blog/best-defender-workshop-dubai | Schema URL mismatch: https://digitecme.com/ar/blog/range-rover-land-rover-air-suspension-problems-dubai | Schema URL mismatch: https://digitecme.com/ar/blog/porsche-maintenance-guide-dubai | Schema URL mismatch: https://digitecme.com/ar/blog/bmw-maintenance-guide-dubai | Schema URL mismatch: https://digitecme.com/ar/blog/audi-maintenance-guide-dubai | Schema URL mismatch: https://digitecme.com/ar/blog/maserati-best-workshop-dubai | Schema URL mismatch: https://digitecme.com/ar/blog/land-rover-best-workshop-dubai | Schema URL mismatch: https://digitecme.com/ar/blog/cadillac-best-workshop-dubai | Schema URL mismatch: https://digitecme.com/ar/blog/chevrolet-best-workshop-dubai | Schema URL mismatch: https://digitecme.com/ar/blog/ford-best-workshop-dubai | Schema URL mismatch: https://digitecme.com/ar/blog/volkswagen-best-workshop-dubai | Schema URL mismatch: https://digitecme.com/ar/blog/mini-best-workshop-dubai | Schema URL mismatch: https://digitecme.com/ar/blog/car-ac-repair-dubai | Schema URL mismatch: https://digitecme.com/ar/blog/mercedes-repair-dubai-complete-guide | Schema URL mismatch: https://digitecme.com/ar/blog/brake-repair-dubai | Schema URL mismatch: https://digitecme.com/ar/blog/car-battery-replacement-dubai | Schema URL mismatch: https://digitecme.com/ar/blog/best-car-workshop-dubai | Schema URL mismatch: https://digitecme.com/ar/blog/mercedes-service-intervals-dubai-heat | Schema URL mismatch: https://digitecme.com/ar/blog/gad-tuning-explained | Schema URL mismatch: https://digitecme.com/ar/blog/why-ceramic-coating-matters-uae,,Substantive main content needs review,REVIEW,REVIEW,FAQ presence checked against initial HTML excluding script/style; accordion answers may be collapsed.
/ar/blog/air-suspension-repair-dubai-guide,article,"BlogPosting | BreadcrumbList | City | ContactPoint | ImageObject | ItemPage | ListItem | Offer | OfferCatalog | Organization | PostalAddress | Service | WebSite | ['AutoRepair', 'AutomotiveBusiness']",PASS,PRESENT,NO,0,0,True,1,True,10,,,,RETAINED,NO,FAQ presence checked against initial HTML excluding script/style; accordion answers may be collapsed.
/ar/blog/aston-martin-best-workshop-dubai,article,"Answer | BlogPosting | BreadcrumbList | City | ContactPoint | FAQPage | ImageObject | ItemPage | ListItem | Offer | OfferCatalog | Organization | PostalAddress | Question | Service | WebSite | ['AutoRepair', 'AutomotiveBusiness']",PASS,PRESENT,YES,0,9,True,1,True,18,,كيف أختار ورشة Aston Martin متخصصة في دبي؟ | هل تؤثر حرارة دبي في صيانة Aston Martin؟ | ماذا يجب أن يشمل فحص Aston Martin؟ | هل تقدم ديجي-تك فحص Aston Martin قبل الشراء؟ | كم تستغرق صيانة Aston Martin؟ | هل يمكن حجز فحص Aston Martin عبر واتساب؟ | هل يناسب تطوير الأداء جميع سيارات Aston Martin؟ | أين تقع ورشة Aston Martin؟ | ماذا أحضر إلى موعد Aston Martin؟,,REVIEW,REVIEW,FAQ presence checked against initial HTML excluding script/style; accordion answers may be collapsed.
/ar/blog/aston-martin-db11-service-dubai-guide,article,"BlogPosting | BreadcrumbList | City | ContactPoint | ImageObject | ItemPage | ListItem | Offer | OfferCatalog | Organization | PostalAddress | Service | WebSite | ['AutoRepair', 'AutomotiveBusiness']",PASS,PRESENT,NO,0,0,True,1,True,10,,,,RETAINED,NO,FAQ presence checked against initial HTML excluding script/style; accordion answers may be collapsed.
/ar/blog/audi-maintenance-guide-dubai,article,"Answer | BlogPosting | BreadcrumbList | City | ContactPoint | FAQPage | ImageObject | ItemPage | ListItem | Offer | OfferCatalog | Organization | PostalAddress | Question | Service | WebSite | ['AutoRepair', 'AutomotiveBusiness']",PASS,PRESENT,YES,0,9,True,1,True,19,,كيف أختار ورشة Audi متخصصة في دبي؟ | هل تؤثر حرارة دبي في صيانة Audi؟ | ماذا يجب أن يشمل فحص Audi؟ | هل تقدم ديجي-تك فحص Audi قبل الشراء؟ | كم تستغرق صيانة Audi؟ | هل يمكن حجز فحص Audi عبر واتساب؟ | هل يناسب تطوير الأداء جميع سيارات Audi؟ | أين تقع ورشة Audi؟ | ماذا أحضر إلى موعد Audi؟,,REVIEW,REVIEW,FAQ presence checked against initial HTML excluding script/style; accordion answers may be collapsed.
/ar/blog/audi-q7-service-dubai-guide,article,"BlogPosting | BreadcrumbList | City | ContactPoint | ImageObject | ItemPage | ListItem | Offer | OfferCatalog | Organization | PostalAddress | Service | WebSite | ['AutoRepair', 'AutomotiveBusiness']",PASS,PRESENT,NO,0,0,True,1,True,9,,,,RETAINED,NO,FAQ presence checked against initial HTML excluding script/style; accordion answers may be collapsed.
/ar/blog/audi-rs-service-dubai-guide,article,"BlogPosting | BreadcrumbList | City | ContactPoint | ImageObject | ItemPage | ListItem | Offer | OfferCatalog | Organization | PostalAddress | Service | WebSite | ['AutoRepair', 'AutomotiveBusiness']",PASS,PRESENT,NO,0,0,True,1,True,9,,,,RETAINED,NO,FAQ presence checked against initial HTML excluding script/style; accordion answers may be collapsed.
/ar/blog/bentley-best-workshop-dubai,article,"Answer | BlogPosting | BreadcrumbList | City | ContactPoint | FAQPage | ImageObject | ItemPage | ListItem | Offer | OfferCatalog | Organization | PostalAddress | Question | Service | WebSite | ['AutoRepair', 'AutomotiveBusiness']",PASS,PRESENT,YES,9,9,True,1,True,19,,,,RETAINED,NO,FAQ presence checked against initial HTML excluding script/style; accordion answers may be collapsed.
/ar/blog/bentley-continental-gt-service-dubai-guide,article,"BlogPosting | BreadcrumbList | City | ContactPoint | ImageObject | ItemPage | ListItem | Offer | OfferCatalog | Organization | PostalAddress | Service | WebSite | ['AutoRepair', 'AutomotiveBusiness']",PASS,PRESENT,NO,0,0,True,1,True,9,,,,RETAINED,NO,FAQ presence checked against initial HTML excluding script/style; accordion answers may be collapsed.
/ar/blog/best-car-workshop-dubai,article,"BlogPosting | BreadcrumbList | City | ContactPoint | ImageObject | ItemPage | ListItem | Offer | OfferCatalog | Organization | PostalAddress | Service | WebSite | ['AutoRepair', 'AutomotiveBusiness']",PASS,PRESENT,NO,0,0,True,1,True,11,,,,RETAINED,NO,FAQ presence checked against initial HTML excluding script/style; accordion answers may be collapsed.
/ar/blog/best-defender-workshop-dubai,article,"BlogPosting | BreadcrumbList | City | ContactPoint | ImageObject | ItemPage | ListItem | Offer | OfferCatalog | Organization | PostalAddress | Service | WebSite | ['AutoRepair', 'AutomotiveBusiness']",PASS,PRESENT,NO,0,0,True,1,True,11,,,,RETAINED,NO,FAQ presence checked against initial HTML excluding script/style; accordion answers may be collapsed.
/ar/blog/best-oil-change-dubai-mercedes,article,"Answer | BlogPosting | BreadcrumbList | City | ContactPoint | FAQPage | ImageObject | ItemPage | ListItem | Offer | OfferCatalog | Organization | PostalAddress | Question | Service | WebSite | ['AutoRepair', 'AutomotiveBusiness']",PASS,PRESENT,YES,2,2,True,1,True,16,,,,RETAINED,NO,FAQ presence checked against initial HTML excluding script/style; accordion answers may be collapsed.
/ar/blog/bmw-m-service-dubai-guide,article,"BlogPosting | BreadcrumbList | City | ContactPoint | ImageObject | ItemPage | ListItem | Offer | OfferCatalog | Organization | PostalAddress | Service | WebSite | ['AutoRepair', 'AutomotiveBusiness']",PASS,PRESENT,NO,0,0,True,1,True,9,,,,RETAINED,NO,FAQ presence checked against initial HTML excluding script/style; accordion answers may be collapsed.
/ar/blog/bmw-maintenance-guide-dubai,article,"Answer | BlogPosting | BreadcrumbList | City | ContactPoint | FAQPage | ImageObject | ItemPage | ListItem | Offer | OfferCatalog | Organization | PostalAddress | Question | Service | WebSite | ['AutoRepair', 'AutomotiveBusiness']",PASS,PRESENT,YES,9,9,True,1,True,19,,,,RETAINED,NO,FAQ presence checked against initial HTML excluding script/style; accordion answers may be collapsed.
/ar/blog/bmw-x5-service-dubai-guide,article,"BlogPosting | BreadcrumbList | City | ContactPoint | ImageObject | ItemPage | ListItem | Offer | OfferCatalog | Organization | PostalAddress | Service | WebSite | ['AutoRepair', 'AutomotiveBusiness']",PASS,PRESENT,NO,0,0,True,1,True,9,,,,RETAINED,NO,FAQ presence checked against initial HTML excluding script/style; accordion answers may be collapsed.
/ar/blog/brake-repair-dubai,article,"Answer | BlogPosting | BreadcrumbList | City | ContactPoint | FAQPage | ImageObject | ItemPage | ListItem | Offer | OfferCatalog | Organization | PostalAddress | Question | Service | WebSite | ['AutoRepair', 'AutomotiveBusiness']",PASS,PRESENT,YES,2,2,True,1,True,11,,,,RETAINED,NO,FAQ presence checked against initial HTML excluding script/style; accordion answers may be collapsed.
/ar/blog/cadillac-best-workshop-dubai,article,"Answer | BlogPosting | BreadcrumbList | City | ContactPoint | FAQPage | ImageObject | ItemPage | ListItem | Offer | OfferCatalog | Organization | PostalAddress | Question | Service | WebSite | ['AutoRepair', 'AutomotiveBusiness']",PASS,PRESENT,YES,9,9,True,1,True,18,,,,RETAINED,NO,FAQ presence checked against initial HTML excluding script/style; accordion answers may be collapsed.
/ar/blog/car-ac-not-cold-dubai-causes,article,"Answer | BlogPosting | BreadcrumbList | City | ContactPoint | FAQPage | ImageObject | ItemPage | ListItem | Offer | OfferCatalog | Organization | PostalAddress | Question | Service | WebSite | ['AutoRepair', 'AutomotiveBusiness']",PASS,PRESENT,YES,1,1,True,1,True,13,,,,RETAINED,NO,FAQ presence checked against initial HTML excluding script/style; accordion answers may be collapsed.
/ar/blog/car-ac-repair-dubai,article,"Answer | BlogPosting | BreadcrumbList | City | ContactPoint | FAQPage | ImageObject | ItemPage | ListItem | Offer | OfferCatalog | Organization | PostalAddress | Question | Service | WebSite | ['AutoRepair', 'AutomotiveBusiness']",PASS,PRESENT,YES,2,2,True,1,True,12,,,,RETAINED,NO,FAQ presence checked against initial HTML excluding script/style; accordion answers may be collapsed.
/ar/blog/car-battery-life-dubai-heat,article,"BlogPosting | BreadcrumbList | City | ContactPoint | ImageObject | ItemPage | ListItem | Offer | OfferCatalog | Organization | PostalAddress | Service | WebSite | ['AutoRepair', 'AutomotiveBusiness']",PASS,PRESENT,NO,0,0,True,1,True,10,,,,RETAINED,NO,FAQ presence checked against initial HTML excluding script/style; accordion answers may be collapsed.
/ar/blog/car-battery-replacement-dubai,article,"Answer | BlogPosting | BreadcrumbList | City | ContactPoint | FAQPage | ImageObject | ItemPage | ListItem | Offer | OfferCatalog | Organization | PostalAddress | Question | Service | WebSite | ['AutoRepair', 'AutomotiveBusiness']",PASS,PRESENT,YES,2,2,True,1,True,11,,,,RETAINED,NO,FAQ presence checked against initial HTML excluding script/style; accordion answers may be collapsed.
/ar/blog/car-service-cost-dubai-luxury-brands,article,"BlogPosting | BreadcrumbList | City | ContactPoint | ImageObject | ItemPage | ListItem | Offer | OfferCatalog | Organization | PostalAddress | Service | WebSite | ['AutoRepair', 'AutomotiveBusiness']",PASS,PRESENT,NO,0,0,True,1,True,8,,,,RETAINED,NO,FAQ presence checked against initial HTML excluding script/style; accordion answers may be collapsed.
/ar/blog/car-service-interval-dubai-heat,article,"BlogPosting | BreadcrumbList | City | ContactPoint | ImageObject | ItemPage | ListItem | Offer | OfferCatalog | Organization | PostalAddress | Service | WebSite | ['AutoRepair', 'AutomotiveBusiness']",PASS,PRESENT,NO,0,0,True,1,True,9,,,,RETAINED,NO,FAQ presence checked against initial HTML excluding script/style; accordion answers may be collapsed.
/ar/blog/ceramic-coating-vs-ppf-dubai,article,"BlogPosting | BreadcrumbList | City | ContactPoint | ImageObject | ItemPage | ListItem | Offer | OfferCatalog | Organization | PostalAddress | Service | WebSite | ['AutoRepair', 'AutomotiveBusiness']",PASS,PRESENT,NO,0,0,True,1,True,9,,,,RETAINED,NO,FAQ presence checked against initial HTML excluding script/style; accordion answers may be collapsed.
/ar/blog/check-engine-light-dubai-guide,article,"Answer | BlogPosting | BreadcrumbList | City | ContactPoint | FAQPage | ImageObject | ItemPage | ListItem | Offer | OfferCatalog | Organization | PostalAddress | Question | Service | WebSite | ['AutoRepair', 'AutomotiveBusiness']",PASS,PRESENT,YES,1,1,True,1,True,13,,,,RETAINED,NO,FAQ presence checked against initial HTML excluding script/style; accordion answers may be collapsed.
/ar/blog/chevrolet-best-workshop-dubai,article,"Answer | BlogPosting | BreadcrumbList | City | ContactPoint | FAQPage | ImageObject | ItemPage | ListItem | Offer | OfferCatalog | Organization | PostalAddress | Question | Service | WebSite | ['AutoRepair', 'AutomotiveBusiness']",PASS,PRESENT,YES,0,9,True,1,True,18,,كيف أختار ورشة Chevrolet متخصصة في دبي؟ | هل تؤثر حرارة دبي في صيانة Chevrolet؟ | ماذا يجب أن يشمل فحص Chevrolet؟ | هل تقدم ديجي-تك فحص Chevrolet قبل الشراء؟ | كم تستغرق صيانة Chevrolet؟ | هل يمكن حجز فحص Chevrolet عبر واتساب؟ | هل يناسب تطوير الأداء جميع سيارات Chevrolet؟ | أين تقع ورشة Chevrolet؟ | ماذا أحضر إلى موعد Chevrolet؟,,REVIEW,REVIEW,FAQ presence checked against initial HTML excluding script/style; accordion answers may be collapsed.
/ar/blog/dealer-vs-independent-workshop-dubai,article,"BlogPosting | BreadcrumbList | City | ContactPoint | ImageObject | ItemPage | ListItem | Offer | OfferCatalog | Organization | PostalAddress | Service | WebSite | ['AutoRepair', 'AutomotiveBusiness']",PASS,PRESENT,NO,0,0,True,1,True,9,,,,RETAINED,NO,FAQ presence checked against initial HTML excluding script/style; accordion answers may be collapsed.
/ar/blog/defender-service-dubai-guide,article,"BlogPosting | BreadcrumbList | City | ContactPoint | ImageObject | ItemPage | ListItem | Offer | OfferCatalog | Organization | PostalAddress | Service | WebSite | ['AutoRepair', 'AutomotiveBusiness']",PASS,PRESENT,NO,0,0,True,1,True,9,,,,RETAINED,NO,FAQ presence checked against initial HTML excluding script/style; accordion answers may be collapsed.
/ar/blog/ecu-remap-safe-dubai-guide,article,"BlogPosting | BreadcrumbList | City | ContactPoint | ImageObject | ItemPage | ListItem | Offer | OfferCatalog | Organization | PostalAddress | Service | WebSite | ['AutoRepair', 'AutomotiveBusiness']",PASS,PRESENT,NO,0,0,True,1,True,8,,,,RETAINED,NO,FAQ presence checked against initial HTML excluding script/style; accordion answers may be collapsed.
/ar/blog/engine-overheating-dubai-what-to-do,article,"Answer | BlogPosting | BreadcrumbList | City | ContactPoint | FAQPage | ImageObject | ItemPage | ListItem | Offer | OfferCatalog | Organization | PostalAddress | Question | Service | WebSite | ['AutoRepair', 'AutomotiveBusiness']",PASS,PRESENT,YES,2,2,True,1,True,13,,,,RETAINED,NO,FAQ presence checked against initial HTML excluding script/style; accordion answers may be collapsed.
/ar/blog/ferrari-488-service-dubai-guide,article,"BlogPosting | BreadcrumbList | City | ContactPoint | ImageObject | ItemPage | ListItem | Offer | OfferCatalog | Organization | PostalAddress | Service | WebSite | ['AutoRepair', 'AutomotiveBusiness']",PASS,PRESENT,NO,0,0,True,1,True,10,,,,RETAINED,NO,FAQ presence checked against initial HTML excluding script/style; accordion answers may be collapsed.
/ar/blog/ferrari-maintenance-guide-dubai,article,"Answer | BlogPosting | BreadcrumbList | City | ContactPoint | FAQPage | ImageObject | ItemPage | ListItem | Offer | OfferCatalog | Organization | PostalAddress | Question | Service | WebSite | ['AutoRepair', 'AutomotiveBusiness']",PASS,PRESENT,YES,7,7,True,1,True,24,,,,RETAINED,NO,FAQ presence checked against initial HTML excluding script/style; accordion answers may be collapsed.
/ar/blog/ford-best-workshop-dubai,article,"Answer | BlogPosting | BreadcrumbList | City | ContactPoint | FAQPage | ImageObject | ItemPage | ListItem | Offer | OfferCatalog | Organization | PostalAddress | Question | Service | WebSite | ['AutoRepair', 'AutomotiveBusiness']",PASS,PRESENT,YES,0,9,True,1,True,18,,كيف أختار ورشة Ford متخصصة في دبي؟ | هل تؤثر حرارة دبي في صيانة Ford؟ | ماذا يجب أن يشمل فحص Ford؟ | هل تقدم ديجي-تك فحص Ford قبل الشراء؟ | كم تستغرق صيانة Ford؟ | هل يمكن حجز فحص Ford عبر واتساب؟ | هل يناسب تطوير الأداء جميع سيارات Ford؟ | أين تقع ورشة Ford؟ | ماذا أحضر إلى موعد Ford؟,,REVIEW,REVIEW,FAQ presence checked against initial HTML excluding script/style; accordion answers may be collapsed.
/ar/blog/g63-to-brabus-g800-conversion-dubai,article,"BlogPosting | BreadcrumbList | City | ContactPoint | ImageObject | ItemPage | ListItem | Offer | OfferCatalog | Organization | PostalAddress | Service | WebSite | ['AutoRepair', 'AutomotiveBusiness']",PASS,PRESENT,NO,0,0,True,1,True,11,,,,RETAINED,NO,FAQ presence checked against initial HTML excluding script/style; accordion answers may be collapsed.
/ar/blog/gad-tuning-explained,article,"BlogPosting | BreadcrumbList | City | ContactPoint | ImageObject | ItemPage | ListItem | Offer | OfferCatalog | Organization | PostalAddress | Service | WebSite | ['AutoRepair', 'AutomotiveBusiness']",PASS,PRESENT,NO,0,0,True,1,True,9,,,,RETAINED,NO,FAQ presence checked against initial HTML excluding script/style; accordion answers may be collapsed.
/ar/blog/how-much-is-my-mercedes-worth-dubai,article,"BlogPosting | BreadcrumbList | City | ContactPoint | ImageObject | ItemPage | ListItem | Offer | OfferCatalog | Organization | PostalAddress | Service | WebSite | ['AutoRepair', 'AutomotiveBusiness']",PASS,PRESENT,NO,0,0,True,1,True,11,,,,RETAINED,NO,FAQ presence checked against initial HTML excluding script/style; accordion answers may be collapsed.
/ar/blog/jaguar-best-workshop-dubai,article,"Answer | BlogPosting | BreadcrumbList | City | ContactPoint | FAQPage | ImageObject | ItemPage | ListItem | Offer | OfferCatalog | Organization | PostalAddress | Question | Service | WebSite | ['AutoRepair', 'AutomotiveBusiness']",PASS,PRESENT,YES,3,3,True,1,True,16,,,,RETAINED,NO,FAQ presence checked against initial HTML excluding script/style; accordion answers may be collapsed.
/ar/blog/lamborghini-maintenance-guide-dubai,article,"Answer | BlogPosting | BreadcrumbList | City | ContactPoint | FAQPage | ImageObject | ItemPage | ListItem | Offer | OfferCatalog | Organization | PostalAddress | Question | Service | WebSite | ['AutoRepair', 'AutomotiveBusiness']",PASS,PRESENT,YES,9,9,True,1,True,18,,,,RETAINED,NO,FAQ presence checked against initial HTML excluding script/style; accordion answers may be collapsed.
/ar/blog/lamborghini-urus-service-dubai-guide,article,"BlogPosting | BreadcrumbList | City | ContactPoint | ImageObject | ItemPage | ListItem | Offer | OfferCatalog | Organization | PostalAddress | Service | WebSite | ['AutoRepair', 'AutomotiveBusiness']",PASS,PRESENT,NO,0,0,True,1,True,9,,,,RETAINED,NO,FAQ presence checked against initial HTML excluding script/style; accordion answers may be collapsed.
/ar/blog/land-rover-best-workshop-dubai,article,"Answer | BlogPosting | BreadcrumbList | City | ContactPoint | FAQPage | ImageObject | ItemPage | ListItem | Offer | OfferCatalog | Organization | PostalAddress | Question | Service | WebSite | ['AutoRepair', 'AutomotiveBusiness']",PASS,PRESENT,YES,0,9,True,1,True,18,,كيف أختار ورشة Land Rover متخصصة في دبي؟ | هل تؤثر حرارة دبي في صيانة Land Rover؟ | ماذا يجب أن يشمل فحص Land Rover؟ | هل تقدم ديجي-تك فحص Land Rover قبل الشراء؟ | كم تستغرق صيانة Land Rover؟ | هل يمكن حجز فحص Land Rover عبر واتساب؟ | هل يناسب تطوير الأداء جميع سيارات Land Rover؟ | أين تقع ورشة Land Rover؟ | ماذا أحضر إلى موعد Land Rover؟,,REVIEW,REVIEW,FAQ presence checked against initial HTML excluding script/style; accordion answers may be collapsed.
/ar/blog/maserati-best-workshop-dubai,article,"Answer | BlogPosting | BreadcrumbList | City | ContactPoint | FAQPage | ImageObject | ItemPage | ListItem | Offer | OfferCatalog | Organization | PostalAddress | Question | Service | WebSite | ['AutoRepair', 'AutomotiveBusiness']",PASS,PRESENT,YES,0,9,True,1,True,18,,كيف أختار ورشة Maserati متخصصة في دبي؟ | هل تؤثر حرارة دبي في صيانة Maserati؟ | ماذا يجب أن يشمل فحص Maserati؟ | هل تقدم ديجي-تك فحص Maserati قبل الشراء؟ | كم تستغرق صيانة Maserati؟ | هل يمكن حجز فحص Maserati عبر واتساب؟ | هل يناسب تطوير الأداء جميع سيارات Maserati؟ | أين تقع ورشة Maserati؟ | ماذا أحضر إلى موعد Maserati؟,,REVIEW,REVIEW,FAQ presence checked against initial HTML excluding script/style; accordion answers may be collapsed.
/ar/blog/maybach-best-workshop-dubai,article,"Answer | BlogPosting | BreadcrumbList | City | ContactPoint | FAQPage | ImageObject | ItemPage | ListItem | Offer | OfferCatalog | Organization | PostalAddress | Question | Service | WebSite | ['AutoRepair', 'AutomotiveBusiness']",PASS,PRESENT,YES,9,9,True,1,True,19,,,,RETAINED,NO,FAQ presence checked against initial HTML excluding script/style; accordion answers may be collapsed.
/ar/blog/maybach-s580-service-dubai-guide,article,"BlogPosting | BreadcrumbList | City | ContactPoint | ImageObject | ItemPage | ListItem | Offer | OfferCatalog | Organization | PostalAddress | Service | WebSite | ['AutoRepair', 'AutomotiveBusiness']",PASS,PRESENT,NO,0,0,True,1,True,9,,,,RETAINED,NO,FAQ presence checked against initial HTML excluding script/style; accordion answers may be collapsed.
/ar/blog/mclaren-720s-service-dubai-guide,article,"BlogPosting | BreadcrumbList | City | ContactPoint | ImageObject | ItemPage | ListItem | Offer | OfferCatalog | Organization | PostalAddress | Service | WebSite | ['AutoRepair', 'AutomotiveBusiness']",PASS,PRESENT,NO,0,0,True,1,True,9,,,,RETAINED,NO,FAQ presence checked against initial HTML excluding script/style; accordion answers may be collapsed.
/ar/blog/mclaren-best-workshop-dubai,article,"Answer | BlogPosting | BreadcrumbList | City | ContactPoint | FAQPage | ImageObject | ItemPage | ListItem | Offer | OfferCatalog | Organization | PostalAddress | Question | Service | WebSite | ['AutoRepair', 'AutomotiveBusiness']",PASS,PRESENT,YES,0,4,True,1,True,15,,كيف أقارن بين ورش مكلارين في دبي؟ | ماذا أرسل قبل طلب عرض السعر؟ | هل يمكن تشخيص كل تحذير من رمز العطل؟ | هل يمكن تسعير إصلاح مكلارين عبر الإنترنت؟,,REVIEW,REVIEW,FAQ presence checked against initial HTML excluding script/style; accordion answers may be collapsed.
/ar/blog/mercedes-amg-gt-black-series-1300hp-build-dubai,article,"BlogPosting | BreadcrumbList | City | ContactPoint | ImageObject | ItemPage | ListItem | Offer | OfferCatalog | Organization | PostalAddress | Service | WebSite | ['AutoRepair', 'AutomotiveBusiness']",PASS,PRESENT,NO,0,0,True,1,True,11,,,,RETAINED,NO,FAQ presence checked against initial HTML excluding script/style; accordion answers may be collapsed.
/ar/blog/mercedes-amg-gt-tuning-dubai,article,"BlogPosting | BreadcrumbList | City | ContactPoint | ImageObject | ItemPage | ListItem | Offer | OfferCatalog | Organization | PostalAddress | Service | WebSite | ['AutoRepair', 'AutomotiveBusiness']",PASS,PRESENT,NO,0,0,True,1,True,9,,,,RETAINED,NO,FAQ presence checked against initial HTML excluding script/style; accordion answers may be collapsed.
/ar/blog/mercedes-benz-maintenance-guide-dubai,article,"Answer | BlogPosting | BreadcrumbList | City | ContactPoint | FAQPage | ImageObject | ItemPage | ListItem | Offer | OfferCatalog | Organization | PostalAddress | Question | Service | WebSite | ['AutoRepair', 'AutomotiveBusiness']",PASS,PRESENT,YES,4,4,True,1,True,17,,,,RETAINED,NO,FAQ presence checked against initial HTML excluding script/style; accordion answers may be collapsed.
/ar/blog/mercedes-c-class-service-dubai-guide,article,"BlogPosting | BreadcrumbList | City | ContactPoint | ImageObject | ItemPage | ListItem | Offer | OfferCatalog | Organization | PostalAddress | Service | WebSite | ['AutoRepair', 'AutomotiveBusiness']",PASS,PRESENT,NO,0,0,True,1,True,15,,,,RETAINED,NO,FAQ presence checked against initial HTML excluding script/style; accordion answers may be collapsed.
/ar/blog/mercedes-e-class-service-dubai-guide,article,"BlogPosting | BreadcrumbList | City | ContactPoint | ImageObject | ItemPage | ListItem | Offer | OfferCatalog | Organization | PostalAddress | Service | WebSite | ['AutoRepair', 'AutomotiveBusiness']",PASS,PRESENT,NO,0,0,True,1,True,15,,,,RETAINED,NO,FAQ presence checked against initial HTML excluding script/style; accordion answers may be collapsed.
/ar/blog/mercedes-g63-service-dubai-guide,article,"BlogPosting | BreadcrumbList | City | ContactPoint | ImageObject | ItemPage | ListItem | Offer | OfferCatalog | Organization | PostalAddress | Service | WebSite | ['AutoRepair', 'AutomotiveBusiness']",PASS,PRESENT,NO,0,0,True,1,True,14,,,,RETAINED,NO,FAQ presence checked against initial HTML excluding script/style; accordion answers may be collapsed.
/ar/blog/mercedes-repair-dubai-complete-guide,article,"Answer | BlogPosting | BreadcrumbList | City | ContactPoint | FAQPage | ImageObject | ItemPage | ListItem | Offer | OfferCatalog | Organization | PostalAddress | Question | Service | WebSite | ['AutoRepair', 'AutomotiveBusiness']",PASS,PRESENT,YES,2,2,True,1,True,24,,,,RETAINED,NO,FAQ presence checked against initial HTML excluding script/style; accordion answers may be collapsed.
/ar/blog/mercedes-s-class-service-dubai-guide,article,"BlogPosting | BreadcrumbList | City | ContactPoint | ImageObject | ItemPage | ListItem | Offer | OfferCatalog | Organization | PostalAddress | Service | WebSite | ['AutoRepair', 'AutomotiveBusiness']",PASS,PRESENT,NO,0,0,True,1,True,15,,,,RETAINED,NO,FAQ presence checked against initial HTML excluding script/style; accordion answers may be collapsed.
/ar/blog/mercedes-service-cost-dubai-guide,article,"Answer | BlogPosting | BreadcrumbList | City | ContactPoint | FAQPage | ImageObject | ItemPage | ListItem | Offer | OfferCatalog | Organization | PostalAddress | Question | Service | WebSite | ['AutoRepair', 'AutomotiveBusiness']",PASS,PRESENT,YES,1,1,True,1,True,16,,,,RETAINED,NO,FAQ presence checked against initial HTML excluding script/style; accordion answers may be collapsed.
/ar/blog/mercedes-service-intervals-dubai-heat,article,"Answer | BlogPosting | BreadcrumbList | City | ContactPoint | FAQPage | ImageObject | ItemPage | ListItem | Offer | OfferCatalog | Organization | PostalAddress | Question | Service | WebSite | ['AutoRepair', 'AutomotiveBusiness']",PASS,PRESENT,YES,2,2,True,1,True,15,,,,RETAINED,NO,FAQ presence checked against initial HTML excluding script/style; accordion answers may be collapsed.
/ar/blog/mini-best-workshop-dubai,article,"Answer | BlogPosting | BreadcrumbList | City | ContactPoint | FAQPage | ImageObject | ItemPage | ListItem | Offer | OfferCatalog | Organization | PostalAddress | Question | Service | WebSite | ['AutoRepair', 'AutomotiveBusiness']",PASS,PRESENT,YES,0,9,True,1,True,18,,كيف أختار ورشة MINI متخصصة في دبي؟ | هل تؤثر حرارة دبي في صيانة MINI؟ | ماذا يجب أن يشمل فحص MINI؟ | هل تقدم ديجي-تك فحص MINI قبل الشراء؟ | كم تستغرق صيانة MINI؟ | هل يمكن حجز فحص MINI عبر واتساب؟ | هل يناسب تطوير الأداء جميع سيارات MINI؟ | أين تقع ورشة MINI؟ | ماذا أحضر إلى موعد MINI؟,,REVIEW,REVIEW,FAQ presence checked against initial HTML excluding script/style; accordion answers may be collapsed.
/ar/blog/oil-specification-guide-dubai-luxury,article,"BlogPosting | BreadcrumbList | City | ContactPoint | ImageObject | ItemPage | ListItem | Offer | OfferCatalog | Organization | PostalAddress | Service | WebSite | ['AutoRepair', 'AutomotiveBusiness']",PASS,PRESENT,NO,0,0,True,1,True,9,,,,RETAINED,NO,FAQ presence checked against initial HTML excluding script/style; accordion answers may be collapsed.
/ar/blog/porsche-911-service-dubai-guide,article,"BlogPosting | BreadcrumbList | City | ContactPoint | ImageObject | ItemPage | ListItem | Offer | OfferCatalog | Organization | PostalAddress | Service | WebSite | ['AutoRepair', 'AutomotiveBusiness']",PASS,PRESENT,NO,0,0,True,1,True,9,,,,RETAINED,NO,FAQ presence checked against initial HTML excluding script/style; accordion answers may be collapsed.
/ar/blog/porsche-cayenne-service-dubai-guide,article,"BlogPosting | BreadcrumbList | City | ContactPoint | ImageObject | ItemPage | ListItem | Offer | OfferCatalog | Organization | PostalAddress | Service | WebSite | ['AutoRepair', 'AutomotiveBusiness']",PASS,PRESENT,NO,0,0,True,1,True,9,,,,RETAINED,NO,FAQ presence checked against initial HTML excluding script/style; accordion answers may be collapsed.
/ar/blog/porsche-maintenance-guide-dubai,article,"Answer | BlogPosting | BreadcrumbList | City | ContactPoint | FAQPage | ImageObject | ItemPage | ListItem | Offer | OfferCatalog | Organization | PostalAddress | Question | Service | WebSite | ['AutoRepair', 'AutomotiveBusiness']",PASS,PRESENT,YES,9,9,True,1,True,19,,,,RETAINED,NO,FAQ presence checked against initial HTML excluding script/style; accordion answers may be collapsed.
/ar/blog/porsche-panamera-service-dubai-guide,article,"BlogPosting | BreadcrumbList | City | ContactPoint | ImageObject | ItemPage | ListItem | Offer | OfferCatalog | Organization | PostalAddress | Service | WebSite | ['AutoRepair', 'AutomotiveBusiness']",PASS,PRESENT,NO,0,0,True,1,True,9,,,,RETAINED,NO,FAQ presence checked against initial HTML excluding script/style; accordion answers may be collapsed.
/ar/blog/pre-purchase-inspection-dubai-guide,article,"BlogPosting | BreadcrumbList | City | ContactPoint | ImageObject | ItemPage | ListItem | Offer | OfferCatalog | Organization | PostalAddress | Service | WebSite | ['AutoRepair', 'AutomotiveBusiness']",PASS,PRESENT,NO,0,0,True,1,True,8,,,,RETAINED,NO,FAQ presence checked against initial HTML excluding script/style; accordion answers may be collapsed.
/ar/blog/range-rover-land-rover-air-suspension-problems-dubai,article,"Answer | BlogPosting | BreadcrumbList | City | ContactPoint | FAQPage | ImageObject | ItemPage | ListItem | Offer | OfferCatalog | Organization | PostalAddress | Question | Service | WebSite | ['AutoRepair', 'AutomotiveBusiness']",PASS,PRESENT,YES,2,2,True,1,True,12,,,,RETAINED,NO,FAQ presence checked against initial HTML excluding script/style; accordion answers may be collapsed.
/ar/blog/range-rover-maintenance-guide-dubai,article,"Answer | BlogPosting | BreadcrumbList | City | ContactPoint | FAQPage | ImageObject | ItemPage | ListItem | Offer | OfferCatalog | Organization | PostalAddress | Question | Service | WebSite | ['AutoRepair', 'AutomotiveBusiness']",PASS,PRESENT,YES,2,2,True,1,True,16,,,,RETAINED,NO,FAQ presence checked against initial HTML excluding script/style; accordion answers may be collapsed.
/ar/blog/range-rover-sport-service-dubai-guide,article,"BlogPosting | BreadcrumbList | City | ContactPoint | ImageObject | ItemPage | ListItem | Offer | OfferCatalog | Organization | PostalAddress | Service | WebSite | ['AutoRepair', 'AutomotiveBusiness']",PASS,PRESENT,NO,0,0,True,1,True,9,,,,RETAINED,NO,FAQ presence checked against initial HTML excluding script/style; accordion answers may be collapsed.
/ar/blog/range-rover-vogue-service-dubai-guide,article,"BlogPosting | BreadcrumbList | City | ContactPoint | ImageObject | ItemPage | ListItem | Offer | OfferCatalog | Organization | PostalAddress | Service | WebSite | ['AutoRepair', 'AutomotiveBusiness']",PASS,PRESENT,NO,0,0,True,1,True,9,,,,RETAINED,NO,FAQ presence checked against initial HTML excluding script/style; accordion answers may be collapsed.
/ar/blog/rolls-royce-best-workshop-dubai,article,"Answer | BlogPosting | BreadcrumbList | City | ContactPoint | FAQPage | ImageObject | ItemPage | ListItem | Offer | OfferCatalog | Organization | PostalAddress | Question | Service | WebSite | ['AutoRepair', 'AutomotiveBusiness']",PASS,PRESENT,YES,5,5,True,1,True,16,,,,RETAINED,NO,FAQ presence checked against initial HTML excluding script/style; accordion answers may be collapsed.
/ar/blog/rolls-royce-ghost-service-dubai-guide,article,"BlogPosting | BreadcrumbList | City | ContactPoint | ImageObject | ItemPage | ListItem | Offer | OfferCatalog | Organization | PostalAddress | Service | WebSite | ['AutoRepair', 'AutomotiveBusiness']",PASS,PRESENT,NO,0,0,True,1,True,10,,,,RETAINED,NO,FAQ presence checked against initial HTML excluding script/style; accordion answers may be collapsed.
/ar/blog/summer-car-preparation-dubai-checklist,article,"BlogPosting | BreadcrumbList | City | ContactPoint | ImageObject | ItemPage | ListItem | Offer | OfferCatalog | Organization | PostalAddress | Service | WebSite | ['AutoRepair', 'AutomotiveBusiness']",PASS,PRESENT,NO,0,0,True,1,True,9,,,,RETAINED,NO,FAQ presence checked against initial HTML excluding script/style; accordion answers may be collapsed.
/ar/blog/transmission-service-7g-9g-dubai,article,"BlogPosting | BreadcrumbList | City | ContactPoint | ImageObject | ItemPage | ListItem | Offer | OfferCatalog | Organization | PostalAddress | Service | WebSite | ['AutoRepair', 'AutomotiveBusiness']",PASS,PRESENT,NO,0,0,True,1,True,10,,,,RETAINED,NO,FAQ presence checked against initial HTML excluding script/style; accordion answers may be collapsed.
/ar/blog/volkswagen-best-workshop-dubai,article,"Answer | BlogPosting | BreadcrumbList | City | ContactPoint | FAQPage | ImageObject | ItemPage | ListItem | Offer | OfferCatalog | Organization | PostalAddress | Question | Service | WebSite | ['AutoRepair', 'AutomotiveBusiness']",PASS,PRESENT,YES,9,9,True,1,True,18,,,,RETAINED,NO,FAQ presence checked against initial HTML excluding script/style; accordion answers may be collapsed.
/ar/blog/why-ceramic-coating-matters-uae,article,"BlogPosting | BreadcrumbList | City | ContactPoint | ImageObject | ItemPage | ListItem | Offer | OfferCatalog | Organization | PostalAddress | Service | WebSite | ['AutoRepair', 'AutomotiveBusiness']",PASS,PRESENT,NO,0,0,True,1,True,9,,,,RETAINED,NO,FAQ presence checked against initial HTML excluding script/style; accordion answers may be collapsed.
/ar/brands,brands-hub,"BreadcrumbList | City | CollectionPage | ContactPoint | ImageObject | ItemList | ListItem | Offer | OfferCatalog | Organization | PostalAddress | Service | WebSite | ['AutoRepair', 'AutomotiveBusiness']",PASS,PRESENT,NO,0,0,True,1,False,0,,,Substantive main content needs review,REVIEW,REVIEW,FAQ presence checked against initial HTML excluding script/style; accordion answers may be collapsed.
/ar/brands/aston-martin-service-dubai,brand,"Answer | Brand | BreadcrumbList | City | ContactPoint | FAQPage | ImageObject | ListItem | Offer | OfferCatalog | Organization | PostalAddress | Question | Service | WebPage | WebSite | ['AutoRepair', 'AutomotiveBusiness']",PASS,PRESENT,YES,0,4,True,1,True,36,,كم مرة تحتاج سيارة Aston Martin إلى الصيانة في دبي؟ | هل تستخدمون قطعاً أصلية لسيارات Aston Martin؟ | كم تستغرق صيانة Aston Martin؟ | كيف أحجز خدمة لسيارة Aston Martin؟,,REVIEW,REVIEW,FAQ presence checked against initial HTML excluding script/style; accordion answers may be collapsed.
/ar/brands/aston-martin-service-dubai/ac-repair,brand-service,"Answer | Brand | BreadcrumbList | City | ContactPoint | FAQPage | ImageObject | ListItem | Offer | OfferCatalog | Organization | PostalAddress | Question | Service | WebPage | WebSite | ['AutoRepair', 'AutomotiveBusiness']",PASS,PRESENT,YES,4,4,True,1,True,25,,,,RETAINED,NO,FAQ presence checked against initial HTML excluding script/style; accordion answers may be collapsed.
/ar/brands/aston-martin-service-dubai/battery-replacement,brand-service,"Answer | Brand | BreadcrumbList | City | ContactPoint | FAQPage | ImageObject | ListItem | Offer | OfferCatalog | Organization | PostalAddress | Question | Service | WebPage | WebSite | ['AutoRepair', 'AutomotiveBusiness']",PASS,PRESENT,YES,4,4,True,1,True,25,,,,RETAINED,NO,FAQ presence checked against initial HTML excluding script/style; accordion answers may be collapsed.
/ar/brands/aston-martin-service-dubai/body-repair,brand-service,"Answer | Brand | BreadcrumbList | City | ContactPoint | FAQPage | ImageObject | ListItem | Offer | OfferCatalog | Organization | PostalAddress | Question | Service | WebPage | WebSite | ['AutoRepair', 'AutomotiveBusiness']",PASS,PRESENT,YES,4,4,True,1,True,25,,,,RETAINED,NO,FAQ presence checked against initial HTML excluding script/style; accordion answers may be collapsed.
/ar/brands/aston-martin-service-dubai/brake-repair,brand-service,"Answer | Brand | BreadcrumbList | City | ContactPoint | FAQPage | ImageObject | ListItem | Offer | OfferCatalog | Organization | PostalAddress | Question | Service | WebPage | WebSite | ['AutoRepair', 'AutomotiveBusiness']",PASS,PRESENT,YES,4,4,True,1,True,25,,,,RETAINED,NO,FAQ presence checked against initial HTML excluding script/style; accordion answers may be collapsed.
/ar/brands/aston-martin-service-dubai/electrical-repair,brand-service,"Answer | Brand | BreadcrumbList | City | ContactPoint | FAQPage | ImageObject | ListItem | Offer | OfferCatalog | Organization | PostalAddress | Question | Service | WebPage | WebSite | ['AutoRepair', 'AutomotiveBusiness']",PASS,PRESENT,YES,4,4,True,1,True,25,,,,RETAINED,NO,FAQ presence checked against initial HTML excluding script/style; accordion answers may be collapsed.
/ar/brands/aston-martin-service-dubai/engine-diagnostics,brand-service,"Answer | Brand | BreadcrumbList | City | ContactPoint | FAQPage | ImageObject | ListItem | Offer | OfferCatalog | Organization | PostalAddress | Question | Service | WebPage | WebSite | ['AutoRepair', 'AutomotiveBusiness']",PASS,PRESENT,YES,4,4,True,1,True,25,,,,RETAINED,NO,FAQ presence checked against initial HTML excluding script/style; accordion answers may be collapsed.
/ar/brands/aston-martin-service-dubai/exhaust-repair,brand-service,"Answer | Brand | BreadcrumbList | City | ContactPoint | FAQPage | ImageObject | ListItem | Offer | OfferCatalog | Organization | PostalAddress | Question | Service | WebPage | WebSite | ['AutoRepair', 'AutomotiveBusiness']",PASS,PRESENT,YES,4,4,True,1,True,25,,,,RETAINED,NO,FAQ presence checked against initial HTML excluding script/style; accordion answers may be collapsed.
/ar/brands/aston-martin-service-dubai/fuel-system-repair,brand-service,"Answer | Brand | BreadcrumbList | City | ContactPoint | FAQPage | ImageObject | ListItem | Offer | OfferCatalog | Organization | PostalAddress | Question | Service | WebPage | WebSite | ['AutoRepair', 'AutomotiveBusiness']",PASS,PRESENT,YES,4,4,True,1,True,25,,,,RETAINED,NO,FAQ presence checked against initial HTML excluding script/style; accordion answers may be collapsed.
/ar/brands/aston-martin-service-dubai/mechanical-repair,brand-service,"Answer | Brand | BreadcrumbList | City | ContactPoint | FAQPage | ImageObject | ListItem | Offer | OfferCatalog | Organization | PostalAddress | Question | Service | WebPage | WebSite | ['AutoRepair', 'AutomotiveBusiness']",PASS,PRESENT,YES,4,4,True,1,True,25,,,,RETAINED,NO,FAQ presence checked against initial HTML excluding script/style; accordion answers may be collapsed.
/ar/brands/aston-martin-service-dubai/oil-change,brand-service,"Answer | Brand | BreadcrumbList | City | ContactPoint | FAQPage | ImageObject | ListItem | Offer | OfferCatalog | Organization | PostalAddress | Question | Service | WebPage | WebSite | ['AutoRepair', 'AutomotiveBusiness']",PASS,PRESENT,YES,4,4,True,1,True,25,,,,RETAINED,NO,FAQ presence checked against initial HTML excluding script/style; accordion answers may be collapsed.
/ar/brands/aston-martin-service-dubai/steering-repair,brand-service,"Answer | Brand | BreadcrumbList | City | ContactPoint | FAQPage | ImageObject | ListItem | Offer | OfferCatalog | Organization | PostalAddress | Question | Service | WebPage | WebSite | ['AutoRepair', 'AutomotiveBusiness']",PASS,PRESENT,YES,4,4,True,1,True,25,,,,RETAINED,NO,FAQ presence checked against initial HTML excluding script/style; accordion answers may be collapsed.
/ar/brands/aston-martin-service-dubai/suspension-repair,brand-service,"Answer | Brand | BreadcrumbList | City | ContactPoint | FAQPage | ImageObject | ListItem | Offer | OfferCatalog | Organization | PostalAddress | Question | Service | WebPage | WebSite | ['AutoRepair', 'AutomotiveBusiness']",PASS,PRESENT,YES,4,4,True,1,True,25,,,,RETAINED,NO,FAQ presence checked against initial HTML excluding script/style; accordion answers may be collapsed.
/ar/brands/aston-martin-service-dubai/tire-repair,brand-service,"Answer | Brand | BreadcrumbList | City | ContactPoint | FAQPage | ImageObject | ListItem | Offer | OfferCatalog | Organization | PostalAddress | Question | Service | WebPage | WebSite | ['AutoRepair', 'AutomotiveBusiness']",PASS,PRESENT,YES,4,4,True,1,True,25,,,,RETAINED,NO,FAQ presence checked against initial HTML excluding script/style; accordion answers may be collapsed.
/ar/brands/aston-martin-service-dubai/transmission-repair,brand-service,"Answer | Brand | BreadcrumbList | City | ContactPoint | FAQPage | ImageObject | ListItem | Offer | OfferCatalog | Organization | PostalAddress | Question | Service | WebPage | WebSite | ['AutoRepair', 'AutomotiveBusiness']",PASS,PRESENT,YES,4,4,True,1,True,25,,,,RETAINED,NO,FAQ presence checked against initial HTML excluding script/style; accordion answers may be collapsed.
/ar/brands/audi-service-dubai,brand,"Answer | Brand | BreadcrumbList | City | ContactPoint | FAQPage | ImageObject | ListItem | Offer | OfferCatalog | Organization | PostalAddress | Question | Service | WebPage | WebSite | ['AutoRepair', 'AutomotiveBusiness']",PASS,PRESENT,YES,0,4,True,1,True,36,,كم مرة تحتاج سيارة Audi إلى الصيانة في دبي؟ | هل تستخدمون قطعاً أصلية لسيارات Audi؟ | كم تستغرق صيانة Audi؟ | كيف أحجز خدمة لسيارة Audi؟,,REVIEW,REVIEW,FAQ presence checked against initial HTML excluding script/style; accordion answers may be collapsed.
/ar/brands/audi-service-dubai/ac-repair,brand-service,"Answer | Brand | BreadcrumbList | City | ContactPoint | FAQPage | ImageObject | ListItem | Offer | OfferCatalog | Organization | PostalAddress | Question | Service | WebPage | WebSite | ['AutoRepair', 'AutomotiveBusiness']",PASS,PRESENT,YES,4,4,True,1,True,25,,,,RETAINED,NO,FAQ presence checked against initial HTML excluding script/style; accordion answers may be collapsed.
/ar/brands/audi-service-dubai/battery-replacement,brand-service,"Answer | Brand | BreadcrumbList | City | ContactPoint | FAQPage | ImageObject | ListItem | Offer | OfferCatalog | Organization | PostalAddress | Question | Service | WebPage | WebSite | ['AutoRepair', 'AutomotiveBusiness']",PASS,PRESENT,YES,4,4,True,1,True,25,,,,RETAINED,NO,FAQ presence checked against initial HTML excluding script/style; accordion answers may be collapsed.
/ar/brands/audi-service-dubai/body-repair,brand-service,"Answer | Brand | BreadcrumbList | City | ContactPoint | FAQPage | ImageObject | ListItem | Offer | OfferCatalog | Organization | PostalAddress | Question | Service | WebPage | WebSite | ['AutoRepair', 'AutomotiveBusiness']",PASS,PRESENT,YES,4,4,True,1,True,25,,,,RETAINED,NO,FAQ presence checked against initial HTML excluding script/style; accordion answers may be collapsed.
/ar/brands/audi-service-dubai/brake-repair,brand-service,"Answer | Brand | BreadcrumbList | City | ContactPoint | FAQPage | ImageObject | ListItem | Offer | OfferCatalog | Organization | PostalAddress | Question | Service | WebPage | WebSite | ['AutoRepair', 'AutomotiveBusiness']",PASS,PRESENT,YES,4,4,True,1,True,25,,,,RETAINED,NO,FAQ presence checked against initial HTML excluding script/style; accordion answers may be collapsed.
/ar/brands/audi-service-dubai/electrical-repair,brand-service,"Answer | Brand | BreadcrumbList | City | ContactPoint | FAQPage | ImageObject | ListItem | Offer | OfferCatalog | Organization | PostalAddress | Question | Service | WebPage | WebSite | ['AutoRepair', 'AutomotiveBusiness']",PASS,PRESENT,YES,4,4,True,1,True,25,,,,RETAINED,NO,FAQ presence checked against initial HTML excluding script/style; accordion answers may be collapsed.
/ar/brands/audi-service-dubai/engine-diagnostics,brand-service,"Answer | Brand | BreadcrumbList | City | ContactPoint | FAQPage | ImageObject | ListItem | Offer | OfferCatalog | Organization | PostalAddress | Question | Service | WebPage | WebSite | ['AutoRepair', 'AutomotiveBusiness']",PASS,PRESENT,YES,4,4,True,1,True,25,,,,RETAINED,NO,FAQ presence checked against initial HTML excluding script/style; accordion answers may be collapsed.
/ar/brands/audi-service-dubai/exhaust-repair,brand-service,"Answer | Brand | BreadcrumbList | City | ContactPoint | FAQPage | ImageObject | ListItem | Offer | OfferCatalog | Organization | PostalAddress | Question | Service | WebPage | WebSite | ['AutoRepair', 'AutomotiveBusiness']",PASS,PRESENT,YES,4,4,True,1,True,25,,,,RETAINED,NO,FAQ presence checked against initial HTML excluding script/style; accordion answers may be collapsed.
/ar/brands/audi-service-dubai/fuel-system-repair,brand-service,"Answer | Brand | BreadcrumbList | City | ContactPoint | FAQPage | ImageObject | ListItem | Offer | OfferCatalog | Organization | PostalAddress | Question | Service | WebPage | WebSite | ['AutoRepair', 'AutomotiveBusiness']",PASS,PRESENT,YES,4,4,True,1,True,25,,,,RETAINED,NO,FAQ presence checked against initial HTML excluding script/style; accordion answers may be collapsed.
/ar/brands/audi-service-dubai/mechanical-repair,brand-service,"Answer | Brand | BreadcrumbList | City | ContactPoint | FAQPage | ImageObject | ListItem | Offer | OfferCatalog | Organization | PostalAddress | Question | Service | WebPage | WebSite | ['AutoRepair', 'AutomotiveBusiness']",PASS,PRESENT,YES,4,4,True,1,True,25,,,,RETAINED,NO,FAQ presence checked against initial HTML excluding script/style; accordion answers may be collapsed.
/ar/brands/audi-service-dubai/oil-change,brand-service,"Answer | Brand | BreadcrumbList | City | ContactPoint | FAQPage | ImageObject | ListItem | Offer | OfferCatalog | Organization | PostalAddress | Question | Service | WebPage | WebSite | ['AutoRepair', 'AutomotiveBusiness']",PASS,PRESENT,YES,4,4,True,1,True,25,,,,RETAINED,NO,FAQ presence checked against initial HTML excluding script/style; accordion answers may be collapsed.
/ar/brands/audi-service-dubai/steering-repair,brand-service,"Answer | Brand | BreadcrumbList | City | ContactPoint | FAQPage | ImageObject | ListItem | Offer | OfferCatalog | Organization | PostalAddress | Question | Service | WebPage | WebSite | ['AutoRepair', 'AutomotiveBusiness']",PASS,PRESENT,YES,4,4,True,1,True,25,,,,RETAINED,NO,FAQ presence checked against initial HTML excluding script/style; accordion answers may be collapsed.
/ar/brands/audi-service-dubai/suspension-repair,brand-service,"Answer | Brand | BreadcrumbList | City | ContactPoint | FAQPage | ImageObject | ListItem | Offer | OfferCatalog | Organization | PostalAddress | Question | Service | WebPage | WebSite | ['AutoRepair', 'AutomotiveBusiness']",PASS,PRESENT,YES,4,4,True,1,True,25,,,,RETAINED,NO,FAQ presence checked against initial HTML excluding script/style; accordion answers may be collapsed.
/ar/brands/audi-service-dubai/tire-repair,brand-service,"Answer | Brand | BreadcrumbList | City | ContactPoint | FAQPage | ImageObject | ListItem | Offer | OfferCatalog | Organization | PostalAddress | Question | Service | WebPage | WebSite | ['AutoRepair', 'AutomotiveBusiness']",PASS,PRESENT,YES,4,4,True,1,True,25,,,,RETAINED,NO,FAQ presence checked against initial HTML excluding script/style; accordion answers may be collapsed.
/ar/brands/audi-service-dubai/transmission-repair,brand-service,"Answer | Brand | BreadcrumbList | City | ContactPoint | FAQPage | ImageObject | ListItem | Offer | OfferCatalog | Organization | PostalAddress | Question | Service | WebPage | WebSite | ['AutoRepair', 'AutomotiveBusiness']",PASS,PRESENT,YES,4,4,True,1,True,25,,,,RETAINED,NO,FAQ presence checked against initial HTML excluding script/style; accordion answers may be collapsed.
/ar/brands/bentley-service-dubai,brand,"Answer | Brand | BreadcrumbList | City | ContactPoint | FAQPage | ImageObject | ListItem | Offer | OfferCatalog | Organization | PostalAddress | Question | Service | WebPage | WebSite | ['AutoRepair', 'AutomotiveBusiness']",PASS,PRESENT,YES,4,4,True,1,True,36,,,,RETAINED,NO,FAQ presence checked against initial HTML excluding script/style; accordion answers may be collapsed.
/ar/brands/bentley-service-dubai/ac-repair,brand-service,"Answer | Brand | BreadcrumbList | City | ContactPoint | FAQPage | ImageObject | ListItem | Offer | OfferCatalog | Organization | PostalAddress | Question | Service | WebPage | WebSite | ['AutoRepair', 'AutomotiveBusiness']",PASS,PRESENT,YES,4,4,True,1,True,25,,,,RETAINED,NO,FAQ presence checked against initial HTML excluding script/style; accordion answers may be collapsed.
/ar/brands/bentley-service-dubai/battery-replacement,brand-service,"Answer | Brand | BreadcrumbList | City | ContactPoint | FAQPage | ImageObject | ListItem | Offer | OfferCatalog | Organization | PostalAddress | Question | Service | WebPage | WebSite | ['AutoRepair', 'AutomotiveBusiness']",PASS,PRESENT,YES,4,4,True,1,True,25,,,,RETAINED,NO,FAQ presence checked against initial HTML excluding script/style; accordion answers may be collapsed.
/ar/brands/bentley-service-dubai/body-repair,brand-service,"Answer | Brand | BreadcrumbList | City | ContactPoint | FAQPage | ImageObject | ListItem | Offer | OfferCatalog | Organization | PostalAddress | Question | Service | WebPage | WebSite | ['AutoRepair', 'AutomotiveBusiness']",PASS,PRESENT,YES,4,4,True,1,True,25,,,,RETAINED,NO,FAQ presence checked against initial HTML excluding script/style; accordion answers may be collapsed.
/ar/brands/bentley-service-dubai/brake-repair,brand-service,"Answer | Brand | BreadcrumbList | City | ContactPoint | FAQPage | ImageObject | ListItem | Offer | OfferCatalog | Organization | PostalAddress | Question | Service | WebPage | WebSite | ['AutoRepair', 'AutomotiveBusiness']",PASS,PRESENT,YES,4,4,True,1,True,25,,,,RETAINED,NO,FAQ presence checked against initial HTML excluding script/style; accordion answers may be collapsed.
/ar/brands/bentley-service-dubai/electrical-repair,brand-service,"Answer | Brand | BreadcrumbList | City | ContactPoint | FAQPage | ImageObject | ListItem | Offer | OfferCatalog | Organization | PostalAddress | Question | Service | WebPage | WebSite | ['AutoRepair', 'AutomotiveBusiness']",PASS,PRESENT,YES,4,4,True,1,True,25,,,,RETAINED,NO,FAQ presence checked against initial HTML excluding script/style; accordion answers may be collapsed.
/ar/brands/bentley-service-dubai/engine-diagnostics,brand-service,"Answer | Brand | BreadcrumbList | City | ContactPoint | FAQPage | ImageObject | ListItem | Offer | OfferCatalog | Organization | PostalAddress | Question | Service | WebPage | WebSite | ['AutoRepair', 'AutomotiveBusiness']",PASS,PRESENT,YES,4,4,True,1,True,25,,,,RETAINED,NO,FAQ presence checked against initial HTML excluding script/style; accordion answers may be collapsed.
/ar/brands/bentley-service-dubai/exhaust-repair,brand-service,"Answer | Brand | BreadcrumbList | City | ContactPoint | FAQPage | ImageObject | ListItem | Offer | OfferCatalog | Organization | PostalAddress | Question | Service | WebPage | WebSite | ['AutoRepair', 'AutomotiveBusiness']",PASS,PRESENT,YES,4,4,True,1,True,25,,,,RETAINED,NO,FAQ presence checked against initial HTML excluding script/style; accordion answers may be collapsed.
/ar/brands/bentley-service-dubai/fuel-system-repair,brand-service,"Answer | Brand | BreadcrumbList | City | ContactPoint | FAQPage | ImageObject | ListItem | Offer | OfferCatalog | Organization | PostalAddress | Question | Service | WebPage | WebSite | ['AutoRepair', 'AutomotiveBusiness']",PASS,PRESENT,YES,4,4,True,1,True,25,,,,RETAINED,NO,FAQ presence checked against initial HTML excluding script/style; accordion answers may be collapsed.
/ar/brands/bentley-service-dubai/mechanical-repair,brand-service,"Answer | Brand | BreadcrumbList | City | ContactPoint | FAQPage | ImageObject | ListItem | Offer | OfferCatalog | Organization | PostalAddress | Question | Service | WebPage | WebSite | ['AutoRepair', 'AutomotiveBusiness']",PASS,PRESENT,YES,4,4,True,1,True,25,,,,RETAINED,NO,FAQ presence checked against initial HTML excluding script/style; accordion answers may be collapsed.
/ar/brands/bentley-service-dubai/oil-change,brand-service,"Answer | Brand | BreadcrumbList | City | ContactPoint | FAQPage | ImageObject | ListItem | Offer | OfferCatalog | Organization | PostalAddress | Question | Service | WebPage | WebSite | ['AutoRepair', 'AutomotiveBusiness']",PASS,PRESENT,YES,4,4,True,1,True,25,,,,RETAINED,NO,FAQ presence checked against initial HTML excluding script/style; accordion answers may be collapsed.
/ar/brands/bentley-service-dubai/steering-repair,brand-service,"Answer | Brand | BreadcrumbList | City | ContactPoint | FAQPage | ImageObject | ListItem | Offer | OfferCatalog | Organization | PostalAddress | Question | Service | WebPage | WebSite | ['AutoRepair', 'AutomotiveBusiness']",PASS,PRESENT,YES,4,4,True,1,True,25,,,,RETAINED,NO,FAQ presence checked against initial HTML excluding script/style; accordion answers may be collapsed.
/ar/brands/bentley-service-dubai/suspension-repair,brand-service,"Answer | Brand | BreadcrumbList | City | ContactPoint | FAQPage | ImageObject | ListItem | Offer | OfferCatalog | Organization | PostalAddress | Question | Service | WebPage | WebSite | ['AutoRepair', 'AutomotiveBusiness']",PASS,PRESENT,YES,4,4,True,1,True,25,,,,RETAINED,NO,FAQ presence checked against initial HTML excluding script/style; accordion answers may be collapsed.
/ar/brands/bentley-service-dubai/tire-repair,brand-service,"Answer | Brand | BreadcrumbList | City | ContactPoint | FAQPage | ImageObject | ListItem | Offer | OfferCatalog | Organization | PostalAddress | Question | Service | WebPage | WebSite | ['AutoRepair', 'AutomotiveBusiness']",PASS,PRESENT,YES,4,4,True,1,True,25,,,,RETAINED,NO,FAQ presence checked against initial HTML excluding script/style; accordion answers may be collapsed.
/ar/brands/bentley-service-dubai/transmission-repair,brand-service,"Answer | Brand | BreadcrumbList | City | ContactPoint | FAQPage | ImageObject | ListItem | Offer | OfferCatalog | Organization | PostalAddress | Question | Service | WebPage | WebSite | ['AutoRepair', 'AutomotiveBusiness']",PASS,PRESENT,YES,4,4,True,1,True,25,,,,RETAINED,NO,FAQ presence checked against initial HTML excluding script/style; accordion answers may be collapsed.
/ar/brands/bmw-service-dubai,brand,"Answer | Brand | BreadcrumbList | City | ContactPoint | FAQPage | ImageObject | ListItem | Offer | OfferCatalog | Organization | PostalAddress | Question | Service | WebPage | WebSite | ['AutoRepair', 'AutomotiveBusiness']",PASS,PRESENT,YES,4,4,True,1,True,37,,,,RETAINED,NO,FAQ presence checked against initial HTML excluding script/style; accordion answers may be collapsed.
/ar/brands/bmw-service-dubai/ac-repair,brand-service,"Answer | Brand | BreadcrumbList | City | ContactPoint | FAQPage | ImageObject | ListItem | Offer | OfferCatalog | Organization | PostalAddress | Question | Service | WebPage | WebSite | ['AutoRepair', 'AutomotiveBusiness']",PASS,PRESENT,YES,4,4,True,1,True,25,,,,RETAINED,NO,FAQ presence checked against initial HTML excluding script/style; accordion answers may be collapsed.
/ar/brands/bmw-service-dubai/battery-replacement,brand-service,"Answer | Brand | BreadcrumbList | City | ContactPoint | FAQPage | ImageObject | ListItem | Offer | OfferCatalog | Organization | PostalAddress | Question | Service | WebPage | WebSite | ['AutoRepair', 'AutomotiveBusiness']",PASS,PRESENT,YES,4,4,True,1,True,25,,,,RETAINED,NO,FAQ presence checked against initial HTML excluding script/style; accordion answers may be collapsed.
/ar/brands/bmw-service-dubai/body-repair,brand-service,"Answer | Brand | BreadcrumbList | City | ContactPoint | FAQPage | ImageObject | ListItem | Offer | OfferCatalog | Organization | PostalAddress | Question | Service | WebPage | WebSite | ['AutoRepair', 'AutomotiveBusiness']",PASS,PRESENT,YES,4,4,True,1,True,25,,,,RETAINED,NO,FAQ presence checked against initial HTML excluding script/style; accordion answers may be collapsed.
/ar/brands/bmw-service-dubai/brake-repair,brand-service,"Answer | Brand | BreadcrumbList | City | ContactPoint | FAQPage | ImageObject | ListItem | Offer | OfferCatalog | Organization | PostalAddress | Question | Service | WebPage | WebSite | ['AutoRepair', 'AutomotiveBusiness']",PASS,PRESENT,YES,4,4,True,1,True,25,,,,RETAINED,NO,FAQ presence checked against initial HTML excluding script/style; accordion answers may be collapsed.
/ar/brands/bmw-service-dubai/electrical-repair,brand-service,"Answer | Brand | BreadcrumbList | City | ContactPoint | FAQPage | ImageObject | ListItem | Offer | OfferCatalog | Organization | PostalAddress | Question | Service | WebPage | WebSite | ['AutoRepair', 'AutomotiveBusiness']",PASS,PRESENT,YES,4,4,True,1,True,25,,,,RETAINED,NO,FAQ presence checked against initial HTML excluding script/style; accordion answers may be collapsed.
/ar/brands/bmw-service-dubai/engine-diagnostics,brand-service,"Answer | Brand | BreadcrumbList | City | ContactPoint | FAQPage | ImageObject | ListItem | Offer | OfferCatalog | Organization | PostalAddress | Question | Service | WebPage | WebSite | ['AutoRepair', 'AutomotiveBusiness']",PASS,PRESENT,YES,4,4,True,1,True,25,,,,RETAINED,NO,FAQ presence checked against initial HTML excluding script/style; accordion answers may be collapsed.
/ar/brands/bmw-service-dubai/exhaust-repair,brand-service,"Answer | Brand | BreadcrumbList | City | ContactPoint | FAQPage | ImageObject | ListItem | Offer | OfferCatalog | Organization | PostalAddress | Question | Service | WebPage | WebSite | ['AutoRepair', 'AutomotiveBusiness']",PASS,PRESENT,YES,4,4,True,1,True,25,,,,RETAINED,NO,FAQ presence checked against initial HTML excluding script/style; accordion answers may be collapsed.
/ar/brands/bmw-service-dubai/fuel-system-repair,brand-service,"Answer | Brand | BreadcrumbList | City | ContactPoint | FAQPage | ImageObject | ListItem | Offer | OfferCatalog | Organization | PostalAddress | Question | Service | WebPage | WebSite | ['AutoRepair', 'AutomotiveBusiness']",PASS,PRESENT,YES,4,4,True,1,True,25,,,,RETAINED,NO,FAQ presence checked against initial HTML excluding script/style; accordion answers may be collapsed.
/ar/brands/bmw-service-dubai/mechanical-repair,brand-service,"Answer | Brand | BreadcrumbList | City | ContactPoint | FAQPage | ImageObject | ListItem | Offer | OfferCatalog | Organization | PostalAddress | Question | Service | WebPage | WebSite | ['AutoRepair', 'AutomotiveBusiness']",PASS,PRESENT,YES,4,4,True,1,True,25,,,,RETAINED,NO,FAQ presence checked against initial HTML excluding script/style; accordion answers may be collapsed.
/ar/brands/bmw-service-dubai/oil-change,brand-service,"Answer | Brand | BreadcrumbList | City | ContactPoint | FAQPage | ImageObject | ListItem | Offer | OfferCatalog | Organization | PostalAddress | Question | Service | WebPage | WebSite | ['AutoRepair', 'AutomotiveBusiness']",PASS,PRESENT,YES,4,4,True,1,True,25,,,,RETAINED,NO,FAQ presence checked against initial HTML excluding script/style; accordion answers may be collapsed.
/ar/brands/bmw-service-dubai/steering-repair,brand-service,"Answer | Brand | BreadcrumbList | City | ContactPoint | FAQPage | ImageObject | ListItem | Offer | OfferCatalog | Organization | PostalAddress | Question | Service | WebPage | WebSite | ['AutoRepair', 'AutomotiveBusiness']",PASS,PRESENT,YES,4,4,True,1,True,25,,,,RETAINED,NO,FAQ presence checked against initial HTML excluding script/style; accordion answers may be collapsed.
/ar/brands/bmw-service-dubai/suspension-repair,brand-service,"Answer | Brand | BreadcrumbList | City | ContactPoint | FAQPage | ImageObject | ListItem | Offer | OfferCatalog | Organization | PostalAddress | Question | Service | WebPage | WebSite | ['AutoRepair', 'AutomotiveBusiness']",PASS,PRESENT,YES,4,4,True,1,True,25,,,,RETAINED,NO,FAQ presence checked against initial HTML excluding script/style; accordion answers may be collapsed.
/ar/brands/bmw-service-dubai/tire-repair,brand-service,"Answer | Brand | BreadcrumbList | City | ContactPoint | FAQPage | ImageObject | ListItem | Offer | OfferCatalog | Organization | PostalAddress | Question | Service | WebPage | WebSite | ['AutoRepair', 'AutomotiveBusiness']",PASS,PRESENT,YES,4,4,True,1,True,25,,,,RETAINED,NO,FAQ presence checked against initial HTML excluding script/style; accordion answers may be collapsed.
/ar/brands/bmw-service-dubai/transmission-repair,brand-service,"Answer | Brand | BreadcrumbList | City | ContactPoint | FAQPage | ImageObject | ListItem | Offer | OfferCatalog | Organization | PostalAddress | Question | Service | WebPage | WebSite | ['AutoRepair', 'AutomotiveBusiness']",PASS,PRESENT,YES,4,4,True,1,True,25,,,,RETAINED,NO,FAQ presence checked against initial HTML excluding script/style; accordion answers may be collapsed.
/ar/brands/bugatti-service-dubai,brand,"Answer | Brand | BreadcrumbList | City | ContactPoint | FAQPage | ImageObject | ListItem | Offer | OfferCatalog | Organization | PostalAddress | Question | Service | WebPage | WebSite | ['AutoRepair', 'AutomotiveBusiness']",PASS,PRESENT,YES,0,4,True,1,True,36,,كم مرة تحتاج سيارة Bugatti إلى الصيانة في دبي؟ | هل تستخدمون قطعاً أصلية لسيارات Bugatti؟ | كم تستغرق صيانة Bugatti؟ | كيف أحجز خدمة لسيارة Bugatti؟,,REVIEW,REVIEW,FAQ presence checked against initial HTML excluding script/style; accordion answers may be collapsed.
/ar/brands/bugatti-service-dubai/ac-repair,brand-service,"Answer | Brand | BreadcrumbList | City | ContactPoint | FAQPage | ImageObject | ListItem | Offer | OfferCatalog | Organization | PostalAddress | Question | Service | WebPage | WebSite | ['AutoRepair', 'AutomotiveBusiness']",PASS,PRESENT,YES,4,4,True,1,True,25,,,,RETAINED,NO,FAQ presence checked against initial HTML excluding script/style; accordion answers may be collapsed.
/ar/brands/bugatti-service-dubai/battery-replacement,brand-service,"Answer | Brand | BreadcrumbList | City | ContactPoint | FAQPage | ImageObject | ListItem | Offer | OfferCatalog | Organization | PostalAddress | Question | Service | WebPage | WebSite | ['AutoRepair', 'AutomotiveBusiness']",PASS,PRESENT,YES,4,4,True,1,True,25,,,,RETAINED,NO,FAQ presence checked against initial HTML excluding script/style; accordion answers may be collapsed.
/ar/brands/bugatti-service-dubai/body-repair,brand-service,"Answer | Brand | BreadcrumbList | City | ContactPoint | FAQPage | ImageObject | ListItem | Offer | OfferCatalog | Organization | PostalAddress | Question | Service | WebPage | WebSite | ['AutoRepair', 'AutomotiveBusiness']",PASS,PRESENT,YES,4,4,True,1,True,25,,,,RETAINED,NO,FAQ presence checked against initial HTML excluding script/style; accordion answers may be collapsed.
/ar/brands/bugatti-service-dubai/brake-repair,brand-service,"Answer | Brand | BreadcrumbList | City | ContactPoint | FAQPage | ImageObject | ListItem | Offer | OfferCatalog | Organization | PostalAddress | Question | Service | WebPage | WebSite | ['AutoRepair', 'AutomotiveBusiness']",PASS,PRESENT,YES,4,4,True,1,True,25,,,,RETAINED,NO,FAQ presence checked against initial HTML excluding script/style; accordion answers may be collapsed.
/ar/brands/bugatti-service-dubai/electrical-repair,brand-service,"Answer | Brand | BreadcrumbList | City | ContactPoint | FAQPage | ImageObject | ListItem | Offer | OfferCatalog | Organization | PostalAddress | Question | Service | WebPage | WebSite | ['AutoRepair', 'AutomotiveBusiness']",PASS,PRESENT,YES,4,4,True,1,True,25,,,,RETAINED,NO,FAQ presence checked against initial HTML excluding script/style; accordion answers may be collapsed.
/ar/brands/bugatti-service-dubai/engine-diagnostics,brand-service,"Answer | Brand | BreadcrumbList | City | ContactPoint | FAQPage | ImageObject | ListItem | Offer | OfferCatalog | Organization | PostalAddress | Question | Service | WebPage | WebSite | ['AutoRepair', 'AutomotiveBusiness']",PASS,PRESENT,YES,4,4,True,1,True,25,,,,RETAINED,NO,FAQ presence checked against initial HTML excluding script/style; accordion answers may be collapsed.
/ar/brands/bugatti-service-dubai/exhaust-repair,brand-service,"Answer | Brand | BreadcrumbList | City | ContactPoint | FAQPage | ImageObject | ListItem | Offer | OfferCatalog | Organization | PostalAddress | Question | Service | WebPage | WebSite | ['AutoRepair', 'AutomotiveBusiness']",PASS,PRESENT,YES,4,4,True,1,True,25,,,,RETAINED,NO,FAQ presence checked against initial HTML excluding script/style; accordion answers may be collapsed.
/ar/brands/bugatti-service-dubai/fuel-system-repair,brand-service,"Answer | Brand | BreadcrumbList | City | ContactPoint | FAQPage | ImageObject | ListItem | Offer | OfferCatalog | Organization | PostalAddress | Question | Service | WebPage | WebSite | ['AutoRepair', 'AutomotiveBusiness']",PASS,PRESENT,YES,4,4,True,1,True,25,,,,RETAINED,NO,FAQ presence checked against initial HTML excluding script/style; accordion answers may be collapsed.
/ar/brands/bugatti-service-dubai/mechanical-repair,brand-service,"Answer | Brand | BreadcrumbList | City | ContactPoint | FAQPage | ImageObject | ListItem | Offer | OfferCatalog | Organization | PostalAddress | Question | Service | WebPage | WebSite | ['AutoRepair', 'AutomotiveBusiness']",PASS,PRESENT,YES,4,4,True,1,True,25,,,,RETAINED,NO,FAQ presence checked against initial HTML excluding script/style; accordion answers may be collapsed.
/ar/brands/bugatti-service-dubai/oil-change,brand-service,"Answer | Brand | BreadcrumbList | City | ContactPoint | FAQPage | ImageObject | ListItem | Offer | OfferCatalog | Organization | PostalAddress | Question | Service | WebPage | WebSite | ['AutoRepair', 'AutomotiveBusiness']",PASS,PRESENT,YES,4,4,True,1,True,25,,,,RETAINED,NO,FAQ presence checked against initial HTML excluding script/style; accordion answers may be collapsed.
/ar/brands/bugatti-service-dubai/steering-repair,brand-service,"Answer | Brand | BreadcrumbList | City | ContactPoint | FAQPage | ImageObject | ListItem | Offer | OfferCatalog | Organization | PostalAddress | Question | Service | WebPage | WebSite | ['AutoRepair', 'AutomotiveBusiness']",PASS,PRESENT,YES,4,4,True,1,True,25,,,,RETAINED,NO,FAQ presence checked against initial HTML excluding script/style; accordion answers may be collapsed.
/ar/brands/bugatti-service-dubai/suspension-repair,brand-service,"Answer | Brand | BreadcrumbList | City | ContactPoint | FAQPage | ImageObject | ListItem | Offer | OfferCatalog | Organization | PostalAddress | Question | Service | WebPage | WebSite | ['AutoRepair', 'AutomotiveBusiness']",PASS,PRESENT,YES,4,4,True,1,True,25,,,,RETAINED,NO,FAQ presence checked against initial HTML excluding script/style; accordion answers may be collapsed.
/ar/brands/bugatti-service-dubai/tire-repair,brand-service,"Answer | Brand | BreadcrumbList | City | ContactPoint | FAQPage | ImageObject | ListItem | Offer | OfferCatalog | Organization | PostalAddress | Question | Service | WebPage | WebSite | ['AutoRepair', 'AutomotiveBusiness']",PASS,PRESENT,YES,4,4,True,1,True,25,,,,RETAINED,NO,FAQ presence checked against initial HTML excluding script/style; accordion answers may be collapsed.
/ar/brands/bugatti-service-dubai/transmission-repair,brand-service,"Answer | Brand | BreadcrumbList | City | ContactPoint | FAQPage | ImageObject | ListItem | Offer | OfferCatalog | Organization | PostalAddress | Question | Service | WebPage | WebSite | ['AutoRepair', 'AutomotiveBusiness']",PASS,PRESENT,YES,4,4,True,1,True,25,,,,RETAINED,NO,FAQ presence checked against initial HTML excluding script/style; accordion answers may be collapsed.
/ar/brands/byd-service-dubai,brand,"Answer | Brand | BreadcrumbList | City | ContactPoint | FAQPage | ImageObject | ListItem | Offer | OfferCatalog | Organization | PostalAddress | Question | Service | WebPage | WebSite | ['AutoRepair', 'AutomotiveBusiness']",PASS,PRESENT,YES,0,4,True,1,True,36,,كم مرة تحتاج سيارة BYD إلى الصيانة في دبي؟ | هل تستخدمون قطعاً أصلية لسيارات BYD؟ | كم تستغرق صيانة BYD؟ | كيف أحجز خدمة لسيارة BYD؟,,REVIEW,REVIEW,FAQ presence checked against initial HTML excluding script/style; accordion answers may be collapsed.
/ar/brands/byd-service-dubai/ac-repair,brand-service,"Answer | Brand | BreadcrumbList | City | ContactPoint | FAQPage | ImageObject | ListItem | Offer | OfferCatalog | Organization | PostalAddress | Question | Service | WebPage | WebSite | ['AutoRepair', 'AutomotiveBusiness']",PASS,PRESENT,YES,4,4,True,1,True,25,,,,RETAINED,NO,FAQ presence checked against initial HTML excluding script/style; accordion answers may be collapsed.
/ar/brands/byd-service-dubai/battery-replacement,brand-service,"Answer | Brand | BreadcrumbList | City | ContactPoint | FAQPage | ImageObject | ListItem | Offer | OfferCatalog | Organization | PostalAddress | Question | Service | WebPage | WebSite | ['AutoRepair', 'AutomotiveBusiness']",PASS,PRESENT,YES,4,4,True,1,True,25,,,,RETAINED,NO,FAQ presence checked against initial HTML excluding script/style; accordion answers may be collapsed.
/ar/brands/byd-service-dubai/body-repair,brand-service,"Answer | Brand | BreadcrumbList | City | ContactPoint | FAQPage | ImageObject | ListItem | Offer | OfferCatalog | Organization | PostalAddress | Question | Service | WebPage | WebSite | ['AutoRepair', 'AutomotiveBusiness']",PASS,PRESENT,YES,4,4,True,1,True,25,,,,RETAINED,NO,FAQ presence checked against initial HTML excluding script/style; accordion answers may be collapsed.
/ar/brands/byd-service-dubai/brake-repair,brand-service,"Answer | Brand | BreadcrumbList | City | ContactPoint | FAQPage | ImageObject | ListItem | Offer | OfferCatalog | Organization | PostalAddress | Question | Service | WebPage | WebSite | ['AutoRepair', 'AutomotiveBusiness']",PASS,PRESENT,YES,4,4,True,1,True,25,,,,RETAINED,NO,FAQ presence checked against initial HTML excluding script/style; accordion answers may be collapsed.
/ar/brands/byd-service-dubai/electrical-repair,brand-service,"Answer | Brand | BreadcrumbList | City | ContactPoint | FAQPage | ImageObject | ListItem | Offer | OfferCatalog | Organization | PostalAddress | Question | Service | WebPage | WebSite | ['AutoRepair', 'AutomotiveBusiness']",PASS,PRESENT,YES,4,4,True,1,True,25,,,,RETAINED,NO,FAQ presence checked against initial HTML excluding script/style; accordion answers may be collapsed.
/ar/brands/byd-service-dubai/engine-diagnostics,brand-service,"Answer | Brand | BreadcrumbList | City | ContactPoint | FAQPage | ImageObject | ListItem | Offer | OfferCatalog | Organization | PostalAddress | Question | Service | WebPage | WebSite | ['AutoRepair', 'AutomotiveBusiness']",PASS,PRESENT,YES,4,4,True,1,True,25,,,,RETAINED,NO,FAQ presence checked against initial HTML excluding script/style; accordion answers may be collapsed.
/ar/brands/byd-service-dubai/exhaust-repair,brand-service,"Answer | Brand | BreadcrumbList | City | ContactPoint | FAQPage | ImageObject | ListItem | Offer | OfferCatalog | Organization | PostalAddress | Question | Service | WebPage | WebSite | ['AutoRepair', 'AutomotiveBusiness']",PASS,PRESENT,YES,4,4,True,1,True,25,,,,RETAINED,NO,FAQ presence checked against initial HTML excluding script/style; accordion answers may be collapsed.
/ar/brands/byd-service-dubai/fuel-system-repair,brand-service,"Answer | Brand | BreadcrumbList | City | ContactPoint | FAQPage | ImageObject | ListItem | Offer | OfferCatalog | Organization | PostalAddress | Question | Service | WebPage | WebSite | ['AutoRepair', 'AutomotiveBusiness']",PASS,PRESENT,YES,4,4,True,1,True,25,,,,RETAINED,NO,FAQ presence checked against initial HTML excluding script/style; accordion answers may be collapsed.
/ar/brands/byd-service-dubai/mechanical-repair,brand-service,"Answer | Brand | BreadcrumbList | City | ContactPoint | FAQPage | ImageObject | ListItem | Offer | OfferCatalog | Organization | PostalAddress | Question | Service | WebPage | WebSite | ['AutoRepair', 'AutomotiveBusiness']",PASS,PRESENT,YES,4,4,True,1,True,25,,,,RETAINED,NO,FAQ presence checked against initial HTML excluding script/style; accordion answers may be collapsed.
/ar/brands/byd-service-dubai/oil-change,brand-service,"Answer | Brand | BreadcrumbList | City | ContactPoint | FAQPage | ImageObject | ListItem | Offer | OfferCatalog | Organization | PostalAddress | Question | Service | WebPage | WebSite | ['AutoRepair', 'AutomotiveBusiness']",PASS,PRESENT,YES,4,4,True,1,True,25,,,,RETAINED,NO,FAQ presence checked against initial HTML excluding script/style; accordion answers may be collapsed.
/ar/brands/byd-service-dubai/steering-repair,brand-service,"Answer | Brand | BreadcrumbList | City | ContactPoint | FAQPage | ImageObject | ListItem | Offer | OfferCatalog | Organization | PostalAddress | Question | Service | WebPage | WebSite | ['AutoRepair', 'AutomotiveBusiness']",PASS,PRESENT,YES,4,4,True,1,True,25,,,,RETAINED,NO,FAQ presence checked against initial HTML excluding script/style; accordion answers may be collapsed.
/ar/brands/byd-service-dubai/suspension-repair,brand-service,"Answer | Brand | BreadcrumbList | City | ContactPoint | FAQPage | ImageObject | ListItem | Offer | OfferCatalog | Organization | PostalAddress | Question | Service | WebPage | WebSite | ['AutoRepair', 'AutomotiveBusiness']",PASS,PRESENT,YES,4,4,True,1,True,25,,,,RETAINED,NO,FAQ presence checked against initial HTML excluding script/style; accordion answers may be collapsed.
/ar/brands/byd-service-dubai/tire-repair,brand-service,"Answer | Brand | BreadcrumbList | City | ContactPoint | FAQPage | ImageObject | ListItem | Offer | OfferCatalog | Organization | PostalAddress | Question | Service | WebPage | WebSite | ['AutoRepair', 'AutomotiveBusiness']",PASS,PRESENT,YES,4,4,True,1,True,25,,,,RETAINED,NO,FAQ presence checked against initial HTML excluding script/style; accordion answers may be collapsed.
/ar/brands/byd-service-dubai/transmission-repair,brand-service,"Answer | Brand | BreadcrumbList | City | ContactPoint | FAQPage | ImageObject | ListItem | Offer | OfferCatalog | Organization | PostalAddress | Question | Service | WebPage | WebSite | ['AutoRepair', 'AutomotiveBusiness']",PASS,PRESENT,YES,4,4,True,1,True,25,,,,RETAINED,NO,FAQ presence checked against initial HTML excluding script/style; accordion answers may be collapsed.
/ar/brands/cadillac-service-dubai,brand,"Answer | Brand | BreadcrumbList | City | ContactPoint | FAQPage | ImageObject | ListItem | Offer | OfferCatalog | Organization | PostalAddress | Question | Service | WebPage | WebSite | ['AutoRepair', 'AutomotiveBusiness']",PASS,PRESENT,YES,4,4,True,1,True,36,,,,RETAINED,NO,FAQ presence checked against initial HTML excluding script/style; accordion answers may be collapsed.
/ar/brands/cadillac-service-dubai/ac-repair,brand-service,"Answer | Brand | BreadcrumbList | City | ContactPoint | FAQPage | ImageObject | ListItem | Offer | OfferCatalog | Organization | PostalAddress | Question | Service | WebPage | WebSite | ['AutoRepair', 'AutomotiveBusiness']",PASS,PRESENT,YES,4,4,True,1,True,25,,,,RETAINED,NO,FAQ presence checked against initial HTML excluding script/style; accordion answers may be collapsed.
/ar/brands/cadillac-service-dubai/battery-replacement,brand-service,"Answer | Brand | BreadcrumbList | City | ContactPoint | FAQPage | ImageObject | ListItem | Offer | OfferCatalog | Organization | PostalAddress | Question | Service | WebPage | WebSite | ['AutoRepair', 'AutomotiveBusiness']",PASS,PRESENT,YES,4,4,True,1,True,25,,,,RETAINED,NO,FAQ presence checked against initial HTML excluding script/style; accordion answers may be collapsed.
/ar/brands/cadillac-service-dubai/body-repair,brand-service,"Answer | Brand | BreadcrumbList | City | ContactPoint | FAQPage | ImageObject | ListItem | Offer | OfferCatalog | Organization | PostalAddress | Question | Service | WebPage | WebSite | ['AutoRepair', 'AutomotiveBusiness']",PASS,PRESENT,YES,4,4,True,1,True,25,,,,RETAINED,NO,FAQ presence checked against initial HTML excluding script/style; accordion answers may be collapsed.
/ar/brands/cadillac-service-dubai/brake-repair,brand-service,"Answer | Brand | BreadcrumbList | City | ContactPoint | FAQPage | ImageObject | ListItem | Offer | OfferCatalog | Organization | PostalAddress | Question | Service | WebPage | WebSite | ['AutoRepair', 'AutomotiveBusiness']",PASS,PRESENT,YES,4,4,True,1,True,25,,,,RETAINED,NO,FAQ presence checked against initial HTML excluding script/style; accordion answers may be collapsed.
/ar/brands/cadillac-service-dubai/electrical-repair,brand-service,"Answer | Brand | BreadcrumbList | City | ContactPoint | FAQPage | ImageObject | ListItem | Offer | OfferCatalog | Organization | PostalAddress | Question | Service | WebPage | WebSite | ['AutoRepair', 'AutomotiveBusiness']",PASS,PRESENT,YES,4,4,True,1,True,25,,,,RETAINED,NO,FAQ presence checked against initial HTML excluding script/style; accordion answers may be collapsed.
/ar/brands/cadillac-service-dubai/engine-diagnostics,brand-service,"Answer | Brand | BreadcrumbList | City | ContactPoint | FAQPage | ImageObject | ListItem | Offer | OfferCatalog | Organization | PostalAddress | Question | Service | WebPage | WebSite | ['AutoRepair', 'AutomotiveBusiness']",PASS,PRESENT,YES,4,4,True,1,True,25,,,,RETAINED,NO,FAQ presence checked against initial HTML excluding script/style; accordion answers may be collapsed.
/ar/brands/cadillac-service-dubai/exhaust-repair,brand-service,"Answer | Brand | BreadcrumbList | City | ContactPoint | FAQPage | ImageObject | ListItem | Offer | OfferCatalog | Organization | PostalAddress | Question | Service | WebPage | WebSite | ['AutoRepair', 'AutomotiveBusiness']",PASS,PRESENT,YES,4,4,True,1,True,25,,,,RETAINED,NO,FAQ presence checked against initial HTML excluding script/style; accordion answers may be collapsed.
/ar/brands/cadillac-service-dubai/fuel-system-repair,brand-service,"Answer | Brand | BreadcrumbList | City | ContactPoint | FAQPage | ImageObject | ListItem | Offer | OfferCatalog | Organization | PostalAddress | Question | Service | WebPage | WebSite | ['AutoRepair', 'AutomotiveBusiness']",PASS,PRESENT,YES,4,4,True,1,True,25,,,,RETAINED,NO,FAQ presence checked against initial HTML excluding script/style; accordion answers may be collapsed.
/ar/brands/cadillac-service-dubai/mechanical-repair,brand-service,"Answer | Brand | BreadcrumbList | City | ContactPoint | FAQPage | ImageObject | ListItem | Offer | OfferCatalog | Organization | PostalAddress | Question | Service | WebPage | WebSite | ['AutoRepair', 'AutomotiveBusiness']",PASS,PRESENT,YES,4,4,True,1,True,25,,,,RETAINED,NO,FAQ presence checked against initial HTML excluding script/style; accordion answers may be collapsed.
/ar/brands/cadillac-service-dubai/oil-change,brand-service,"Answer | Brand | BreadcrumbList | City | ContactPoint | FAQPage | ImageObject | ListItem | Offer | OfferCatalog | Organization | PostalAddress | Question | Service | WebPage | WebSite | ['AutoRepair', 'AutomotiveBusiness']",PASS,PRESENT,YES,4,4,True,1,True,25,,,,RETAINED,NO,FAQ presence checked against initial HTML excluding script/style; accordion answers may be collapsed.
/ar/brands/cadillac-service-dubai/steering-repair,brand-service,"Answer | Brand | BreadcrumbList | City | ContactPoint | FAQPage | ImageObject | ListItem | Offer | OfferCatalog | Organization | PostalAddress | Question | Service | WebPage | WebSite | ['AutoRepair', 'AutomotiveBusiness']",PASS,PRESENT,YES,4,4,True,1,True,25,,,,RETAINED,NO,FAQ presence checked against initial HTML excluding script/style; accordion answers may be collapsed.
/ar/brands/cadillac-service-dubai/suspension-repair,brand-service,"Answer | Brand | BreadcrumbList | City | ContactPoint | FAQPage | ImageObject | ListItem | Offer | OfferCatalog | Organization | PostalAddress | Question | Service | WebPage | WebSite | ['AutoRepair', 'AutomotiveBusiness']",PASS,PRESENT,YES,4,4,True,1,True,25,,,,RETAINED,NO,FAQ presence checked against initial HTML excluding script/style; accordion answers may be collapsed.
/ar/brands/cadillac-service-dubai/tire-repair,brand-service,"Answer | Brand | BreadcrumbList | City | ContactPoint | FAQPage | ImageObject | ListItem | Offer | OfferCatalog | Organization | PostalAddress | Question | Service | WebPage | WebSite | ['AutoRepair', 'AutomotiveBusiness']",PASS,PRESENT,YES,4,4,True,1,True,25,,,,RETAINED,NO,FAQ presence checked against initial HTML excluding script/style; accordion answers may be collapsed.
/ar/brands/cadillac-service-dubai/transmission-repair,brand-service,"Answer | Brand | BreadcrumbList | City | ContactPoint | FAQPage | ImageObject | ListItem | Offer | OfferCatalog | Organization | PostalAddress | Question | Service | WebPage | WebSite | ['AutoRepair', 'AutomotiveBusiness']",PASS,PRESENT,YES,4,4,True,1,True,25,,,,RETAINED,NO,FAQ presence checked against initial HTML excluding script/style; accordion answers may be collapsed.
/ar/brands/chevrolet-service-dubai,brand,"Answer | Brand | BreadcrumbList | City | ContactPoint | FAQPage | ImageObject | ListItem | Offer | OfferCatalog | Organization | PostalAddress | Question | Service | WebPage | WebSite | ['AutoRepair', 'AutomotiveBusiness']",PASS,PRESENT,YES,0,4,True,1,True,28,,كم مرة تحتاج سيارة Chevrolet إلى الصيانة في دبي؟ | هل تستخدمون قطعاً أصلية لسيارات Chevrolet؟ | كم تستغرق صيانة Chevrolet؟ | كيف أحجز خدمة لسيارة Chevrolet؟,,REVIEW,REVIEW,FAQ presence checked against initial HTML excluding script/style; accordion answers may be collapsed.
/ar/brands/chevrolet-service-dubai/ac-repair,brand-service,"Answer | Brand | BreadcrumbList | City | ContactPoint | FAQPage | ImageObject | ListItem | Offer | OfferCatalog | Organization | PostalAddress | Question | Service | WebPage | WebSite | ['AutoRepair', 'AutomotiveBusiness']",PASS,PRESENT,YES,4,4,True,1,True,17,,,,RETAINED,NO,FAQ presence checked against initial HTML excluding script/style; accordion answers may be collapsed.
/ar/brands/chevrolet-service-dubai/brake-repair,brand-service,"Answer | Brand | BreadcrumbList | City | ContactPoint | FAQPage | ImageObject | ListItem | Offer | OfferCatalog | Organization | PostalAddress | Question | Service | WebPage | WebSite | ['AutoRepair', 'AutomotiveBusiness']",PASS,PRESENT,YES,4,4,True,1,True,17,,,,RETAINED,NO,FAQ presence checked against initial HTML excluding script/style; accordion answers may be collapsed.
/ar/brands/chevrolet-service-dubai/engine-diagnostics,brand-service,"Answer | Brand | BreadcrumbList | City | ContactPoint | FAQPage | ImageObject | ListItem | Offer | OfferCatalog | Organization | PostalAddress | Question | Service | WebPage | WebSite | ['AutoRepair', 'AutomotiveBusiness']",PASS,PRESENT,YES,4,4,True,1,True,17,,,,RETAINED,NO,FAQ presence checked against initial HTML excluding script/style; accordion answers may be collapsed.
/ar/brands/chevrolet-service-dubai/oil-change,brand-service,"Answer | Brand | BreadcrumbList | City | ContactPoint | FAQPage | ImageObject | ListItem | Offer | OfferCatalog | Organization | PostalAddress | Question | Service | WebPage | WebSite | ['AutoRepair', 'AutomotiveBusiness']",PASS,PRESENT,YES,4,4,True,1,True,17,,,,RETAINED,NO,FAQ presence checked against initial HTML excluding script/style; accordion answers may be collapsed.
/ar/brands/chevrolet-service-dubai/suspension-repair,brand-service,"Answer | Brand | BreadcrumbList | City | ContactPoint | FAQPage | ImageObject | ListItem | Offer | OfferCatalog | Organization | PostalAddress | Question | Service | WebPage | WebSite | ['AutoRepair', 'AutomotiveBusiness']",PASS,PRESENT,YES,4,4,True,1,True,17,,,,RETAINED,NO,FAQ presence checked against initial HTML excluding script/style; accordion answers may be collapsed.
/ar/brands/chevrolet-service-dubai/transmission-repair,brand-service,"Answer | Brand | BreadcrumbList | City | ContactPoint | FAQPage | ImageObject | ListItem | Offer | OfferCatalog | Organization | PostalAddress | Question | Service | WebPage | WebSite | ['AutoRepair', 'AutomotiveBusiness']",PASS,PRESENT,YES,4,4,True,1,True,17,,,,RETAINED,NO,FAQ presence checked against initial HTML excluding script/style; accordion answers may be collapsed.
/ar/brands/chrysler-service-dubai,brand,"Answer | Brand | BreadcrumbList | City | ContactPoint | FAQPage | ImageObject | ListItem | Offer | OfferCatalog | Organization | PostalAddress | Question | Service | WebPage | WebSite | ['AutoRepair', 'AutomotiveBusiness']",PASS,PRESENT,YES,0,4,True,1,True,28,,كم مرة تحتاج سيارة Chrysler إلى الصيانة في دبي؟ | هل تستخدمون قطعاً أصلية لسيارات Chrysler؟ | كم تستغرق صيانة Chrysler؟ | كيف أحجز خدمة لسيارة Chrysler؟,,REVIEW,REVIEW,FAQ presence checked against initial HTML excluding script/style; accordion answers may be collapsed.
/ar/brands/chrysler-service-dubai/ac-repair,brand-service,"Answer | Brand | BreadcrumbList | City | ContactPoint | FAQPage | ImageObject | ListItem | Offer | OfferCatalog | Organization | PostalAddress | Question | Service | WebPage | WebSite | ['AutoRepair', 'AutomotiveBusiness']",PASS,PRESENT,YES,4,4,True,1,True,17,,,,RETAINED,NO,FAQ presence checked against initial HTML excluding script/style; accordion answers may be collapsed.
/ar/brands/chrysler-service-dubai/brake-repair,brand-service,"Answer | Brand | BreadcrumbList | City | ContactPoint | FAQPage | ImageObject | ListItem | Offer | OfferCatalog | Organization | PostalAddress | Question | Service | WebPage | WebSite | ['AutoRepair', 'AutomotiveBusiness']",PASS,PRESENT,YES,4,4,True,1,True,17,,,,RETAINED,NO,FAQ presence checked against initial HTML excluding script/style; accordion answers may be collapsed.
/ar/brands/chrysler-service-dubai/engine-diagnostics,brand-service,"Answer | Brand | BreadcrumbList | City | ContactPoint | FAQPage | ImageObject | ListItem | Offer | OfferCatalog | Organization | PostalAddress | Question | Service | WebPage | WebSite | ['AutoRepair', 'AutomotiveBusiness']",PASS,PRESENT,YES,4,4,True,1,True,17,,,,RETAINED,NO,FAQ presence checked against initial HTML excluding script/style; accordion answers may be collapsed.
/ar/brands/chrysler-service-dubai/oil-change,brand-service,"Answer | Brand | BreadcrumbList | City | ContactPoint | FAQPage | ImageObject | ListItem | Offer | OfferCatalog | Organization | PostalAddress | Question | Service | WebPage | WebSite | ['AutoRepair', 'AutomotiveBusiness']",PASS,PRESENT,YES,4,4,True,1,True,17,,,,RETAINED,NO,FAQ presence checked against initial HTML excluding script/style; accordion answers may be collapsed.
/ar/brands/chrysler-service-dubai/suspension-repair,brand-service,"Answer | Brand | BreadcrumbList | City | ContactPoint | FAQPage | ImageObject | ListItem | Offer | OfferCatalog | Organization | PostalAddress | Question | Service | WebPage | WebSite | ['AutoRepair', 'AutomotiveBusiness']",PASS,PRESENT,YES,4,4,True,1,True,17,,,,RETAINED,NO,FAQ presence checked against initial HTML excluding script/style; accordion answers may be collapsed.
/ar/brands/chrysler-service-dubai/transmission-repair,brand-service,"Answer | Brand | BreadcrumbList | City | ContactPoint | FAQPage | ImageObject | ListItem | Offer | OfferCatalog | Organization | PostalAddress | Question | Service | WebPage | WebSite | ['AutoRepair', 'AutomotiveBusiness']",PASS,PRESENT,YES,4,4,True,1,True,17,,,,RETAINED,NO,FAQ presence checked against initial HTML excluding script/style; accordion answers may be collapsed.
/ar/brands/corvette-service-dubai,brand,"Answer | Brand | BreadcrumbList | City | ContactPoint | FAQPage | ImageObject | ListItem | Offer | OfferCatalog | Organization | PostalAddress | Question | Service | WebPage | WebSite | ['AutoRepair', 'AutomotiveBusiness']",PASS,PRESENT,YES,0,4,True,1,True,28,,كم مرة تحتاج سيارة Corvette إلى الصيانة في دبي؟ | هل تستخدمون قطعاً أصلية لسيارات Corvette؟ | كم تستغرق صيانة Corvette؟ | كيف أحجز خدمة لسيارة Corvette؟,,REVIEW,REVIEW,FAQ presence checked against initial HTML excluding script/style; accordion answers may be collapsed.
/ar/brands/corvette-service-dubai/ac-repair,brand-service,"Answer | Brand | BreadcrumbList | City | ContactPoint | FAQPage | ImageObject | ListItem | Offer | OfferCatalog | Organization | PostalAddress | Question | Service | WebPage | WebSite | ['AutoRepair', 'AutomotiveBusiness']",PASS,PRESENT,YES,4,4,True,1,True,17,,,,RETAINED,NO,FAQ presence checked against initial HTML excluding script/style; accordion answers may be collapsed.
/ar/brands/corvette-service-dubai/brake-repair,brand-service,"Answer | Brand | BreadcrumbList | City | ContactPoint | FAQPage | ImageObject | ListItem | Offer | OfferCatalog | Organization | PostalAddress | Question | Service | WebPage | WebSite | ['AutoRepair', 'AutomotiveBusiness']",PASS,PRESENT,YES,4,4,True,1,True,17,,,,RETAINED,NO,FAQ presence checked against initial HTML excluding script/style; accordion answers may be collapsed.
/ar/brands/corvette-service-dubai/engine-diagnostics,brand-service,"Answer | Brand | BreadcrumbList | City | ContactPoint | FAQPage | ImageObject | ListItem | Offer | OfferCatalog | Organization | PostalAddress | Question | Service | WebPage | WebSite | ['AutoRepair', 'AutomotiveBusiness']",PASS,PRESENT,YES,4,4,True,1,True,17,,,,RETAINED,NO,FAQ presence checked against initial HTML excluding script/style; accordion answers may be collapsed.
/ar/brands/corvette-service-dubai/oil-change,brand-service,"Answer | Brand | BreadcrumbList | City | ContactPoint | FAQPage | ImageObject | ListItem | Offer | OfferCatalog | Organization | PostalAddress | Question | Service | WebPage | WebSite | ['AutoRepair', 'AutomotiveBusiness']",PASS,PRESENT,YES,4,4,True,1,True,17,,,,RETAINED,NO,FAQ presence checked against initial HTML excluding script/style; accordion answers may be collapsed.
/ar/brands/corvette-service-dubai/suspension-repair,brand-service,"Answer | Brand | BreadcrumbList | City | ContactPoint | FAQPage | ImageObject | ListItem | Offer | OfferCatalog | Organization | PostalAddress | Question | Service | WebPage | WebSite | ['AutoRepair', 'AutomotiveBusiness']",PASS,PRESENT,YES,4,4,True,1,True,17,,,,RETAINED,NO,FAQ presence checked against initial HTML excluding script/style; accordion answers may be collapsed.
/ar/brands/corvette-service-dubai/transmission-repair,brand-service,"Answer | Brand | BreadcrumbList | City | ContactPoint | FAQPage | ImageObject | ListItem | Offer | OfferCatalog | Organization | PostalAddress | Question | Service | WebPage | WebSite | ['AutoRepair', 'AutomotiveBusiness']",PASS,PRESENT,YES,4,4,True,1,True,17,,,,RETAINED,NO,FAQ presence checked against initial HTML excluding script/style; accordion answers may be collapsed.
/ar/brands/defender-service-dubai,brand,"Answer | Brand | BreadcrumbList | City | ContactPoint | FAQPage | ImageObject | ListItem | Offer | OfferCatalog | Organization | PostalAddress | Question | Service | WebPage | WebSite | ['AutoRepair', 'AutomotiveBusiness']",PASS,PRESENT,YES,4,4,True,1,True,37,,,,RETAINED,NO,FAQ presence checked against initial HTML excluding script/style; accordion answers may be collapsed.
/ar/brands/defender-service-dubai/ac-repair,brand-service,"Answer | Brand | BreadcrumbList | City | ContactPoint | FAQPage | ImageObject | ListItem | Offer | OfferCatalog | Organization | PostalAddress | Question | Service | WebPage | WebSite | ['AutoRepair', 'AutomotiveBusiness']",PASS,PRESENT,YES,4,4,True,1,True,25,,,,RETAINED,NO,FAQ presence checked against initial HTML excluding script/style; accordion answers may be collapsed.
/ar/brands/defender-service-dubai/battery-replacement,brand-service,"Answer | Brand | BreadcrumbList | City | ContactPoint | FAQPage | ImageObject | ListItem | Offer | OfferCatalog | Organization | PostalAddress | Question | Service | WebPage | WebSite | ['AutoRepair', 'AutomotiveBusiness']",PASS,PRESENT,YES,4,4,True,1,True,25,,,,RETAINED,NO,FAQ presence checked against initial HTML excluding script/style; accordion answers may be collapsed.
/ar/brands/defender-service-dubai/body-repair,brand-service,"Answer | Brand | BreadcrumbList | City | ContactPoint | FAQPage | ImageObject | ListItem | Offer | OfferCatalog | Organization | PostalAddress | Question | Service | WebPage | WebSite | ['AutoRepair', 'AutomotiveBusiness']",PASS,PRESENT,YES,4,4,True,1,True,25,,,,RETAINED,NO,FAQ presence checked against initial HTML excluding script/style; accordion answers may be collapsed.
/ar/brands/defender-service-dubai/brake-repair,brand-service,"Answer | Brand | BreadcrumbList | City | ContactPoint | FAQPage | ImageObject | ListItem | Offer | OfferCatalog | Organization | PostalAddress | Question | Service | WebPage | WebSite | ['AutoRepair', 'AutomotiveBusiness']",PASS,PRESENT,YES,4,4,True,1,True,25,,,,RETAINED,NO,FAQ presence checked against initial HTML excluding script/style; accordion answers may be collapsed.
/ar/brands/defender-service-dubai/electrical-repair,brand-service,"Answer | Brand | BreadcrumbList | City | ContactPoint | FAQPage | ImageObject | ListItem | Offer | OfferCatalog | Organization | PostalAddress | Question | Service | WebPage | WebSite | ['AutoRepair', 'AutomotiveBusiness']",PASS,PRESENT,YES,4,4,True,1,True,25,,,,RETAINED,NO,FAQ presence checked against initial HTML excluding script/style; accordion answers may be collapsed.
/ar/brands/defender-service-dubai/engine-diagnostics,brand-service,"Answer | Brand | BreadcrumbList | City | ContactPoint | FAQPage | ImageObject | ListItem | Offer | OfferCatalog | Organization | PostalAddress | Question | Service | WebPage | WebSite | ['AutoRepair', 'AutomotiveBusiness']",PASS,PRESENT,YES,4,4,True,1,True,25,,,,RETAINED,NO,FAQ presence checked against initial HTML excluding script/style; accordion answers may be collapsed.
/ar/brands/defender-service-dubai/exhaust-repair,brand-service,"Answer | Brand | BreadcrumbList | City | ContactPoint | FAQPage | ImageObject | ListItem | Offer | OfferCatalog | Organization | PostalAddress | Question | Service | WebPage | WebSite | ['AutoRepair', 'AutomotiveBusiness']",PASS,PRESENT,YES,4,4,True,1,True,25,,,,RETAINED,NO,FAQ presence checked against initial HTML excluding script/style; accordion answers may be collapsed.
/ar/brands/defender-service-dubai/fuel-system-repair,brand-service,"Answer | Brand | BreadcrumbList | City | ContactPoint | FAQPage | ImageObject | ListItem | Offer | OfferCatalog | Organization | PostalAddress | Question | Service | WebPage | WebSite | ['AutoRepair', 'AutomotiveBusiness']",PASS,PRESENT,YES,4,4,True,1,True,25,,,,RETAINED,NO,FAQ presence checked against initial HTML excluding script/style; accordion answers may be collapsed.
/ar/brands/defender-service-dubai/mechanical-repair,brand-service,"Answer | Brand | BreadcrumbList | City | ContactPoint | FAQPage | ImageObject | ListItem | Offer | OfferCatalog | Organization | PostalAddress | Question | Service | WebPage | WebSite | ['AutoRepair', 'AutomotiveBusiness']",PASS,PRESENT,YES,4,4,True,1,True,25,,,,RETAINED,NO,FAQ presence checked against initial HTML excluding script/style; accordion answers may be collapsed.
/ar/brands/defender-service-dubai/oil-change,brand-service,"Answer | Brand | BreadcrumbList | City | ContactPoint | FAQPage | ImageObject | ListItem | Offer | OfferCatalog | Organization | PostalAddress | Question | Service | WebPage | WebSite | ['AutoRepair', 'AutomotiveBusiness']",PASS,PRESENT,YES,4,4,True,1,True,25,,,,RETAINED,NO,FAQ presence checked against initial HTML excluding script/style; accordion answers may be collapsed.
/ar/brands/defender-service-dubai/steering-repair,brand-service,"Answer | Brand | BreadcrumbList | City | ContactPoint | FAQPage | ImageObject | ListItem | Offer | OfferCatalog | Organization | PostalAddress | Question | Service | WebPage | WebSite | ['AutoRepair', 'AutomotiveBusiness']",PASS,PRESENT,YES,4,4,True,1,True,25,,,,RETAINED,NO,FAQ presence checked against initial HTML excluding script/style; accordion answers may be collapsed.
/ar/brands/defender-service-dubai/suspension-repair,brand-service,"Answer | Brand | BreadcrumbList | City | ContactPoint | FAQPage | ImageObject | ListItem | Offer | OfferCatalog | Organization | PostalAddress | Question | Service | WebPage | WebSite | ['AutoRepair', 'AutomotiveBusiness']",PASS,PRESENT,YES,4,4,True,1,True,25,,,,RETAINED,NO,FAQ presence checked against initial HTML excluding script/style; accordion answers may be collapsed.
/ar/brands/defender-service-dubai/tire-repair,brand-service,"Answer | Brand | BreadcrumbList | City | ContactPoint | FAQPage | ImageObject | ListItem | Offer | OfferCatalog | Organization | PostalAddress | Question | Service | WebPage | WebSite | ['AutoRepair', 'AutomotiveBusiness']",PASS,PRESENT,YES,4,4,True,1,True,25,,,,RETAINED,NO,FAQ presence checked against initial HTML excluding script/style; accordion answers may be collapsed.
/ar/brands/defender-service-dubai/transmission-repair,brand-service,"Answer | Brand | BreadcrumbList | City | ContactPoint | FAQPage | ImageObject | ListItem | Offer | OfferCatalog | Organization | PostalAddress | Question | Service | WebPage | WebSite | ['AutoRepair', 'AutomotiveBusiness']",PASS,PRESENT,YES,4,4,True,1,True,25,,,,RETAINED,NO,FAQ presence checked against initial HTML excluding script/style; accordion answers may be collapsed.
/ar/brands/dodge-service-dubai,brand,"Answer | Brand | BreadcrumbList | City | ContactPoint | FAQPage | ImageObject | ListItem | Offer | OfferCatalog | Organization | PostalAddress | Question | Service | WebPage | WebSite | ['AutoRepair', 'AutomotiveBusiness']",PASS,PRESENT,YES,0,4,True,1,True,28,,كم مرة تحتاج سيارة Dodge إلى الصيانة في دبي؟ | هل تستخدمون قطعاً أصلية لسيارات Dodge؟ | كم تستغرق صيانة Dodge؟ | كيف أحجز خدمة لسيارة Dodge؟,,REVIEW,REVIEW,FAQ presence checked against initial HTML excluding script/style; accordion answers may be collapsed.
/ar/brands/dodge-service-dubai/ac-repair,brand-service,"Answer | Brand | BreadcrumbList | City | ContactPoint | FAQPage | ImageObject | ListItem | Offer | OfferCatalog | Organization | PostalAddress | Question | Service | WebPage | WebSite | ['AutoRepair', 'AutomotiveBusiness']",PASS,PRESENT,YES,4,4,True,1,True,17,,,,RETAINED,NO,FAQ presence checked against initial HTML excluding script/style; accordion answers may be collapsed.
/ar/brands/dodge-service-dubai/brake-repair,brand-service,"Answer | Brand | BreadcrumbList | City | ContactPoint | FAQPage | ImageObject | ListItem | Offer | OfferCatalog | Organization | PostalAddress | Question | Service | WebPage | WebSite | ['AutoRepair', 'AutomotiveBusiness']",PASS,PRESENT,YES,4,4,True,1,True,17,,,,RETAINED,NO,FAQ presence checked against initial HTML excluding script/style; accordion answers may be collapsed.
/ar/brands/dodge-service-dubai/engine-diagnostics,brand-service,"Answer | Brand | BreadcrumbList | City | ContactPoint | FAQPage | ImageObject | ListItem | Offer | OfferCatalog | Organization | PostalAddress | Question | Service | WebPage | WebSite | ['AutoRepair', 'AutomotiveBusiness']",PASS,PRESENT,YES,4,4,True,1,True,17,,,,RETAINED,NO,FAQ presence checked against initial HTML excluding script/style; accordion answers may be collapsed.
/ar/brands/dodge-service-dubai/oil-change,brand-service,"Answer | Brand | BreadcrumbList | City | ContactPoint | FAQPage | ImageObject | ListItem | Offer | OfferCatalog | Organization | PostalAddress | Question | Service | WebPage | WebSite | ['AutoRepair', 'AutomotiveBusiness']",PASS,PRESENT,YES,4,4,True,1,True,17,,,,RETAINED,NO,FAQ presence checked against initial HTML excluding script/style; accordion answers may be collapsed.
/ar/brands/dodge-service-dubai/suspension-repair,brand-service,"Answer | Brand | BreadcrumbList | City | ContactPoint | FAQPage | ImageObject | ListItem | Offer | OfferCatalog | Organization | PostalAddress | Question | Service | WebPage | WebSite | ['AutoRepair', 'AutomotiveBusiness']",PASS,PRESENT,YES,4,4,True,1,True,17,,,,RETAINED,NO,FAQ presence checked against initial HTML excluding script/style; accordion answers may be collapsed.
/ar/brands/dodge-service-dubai/transmission-repair,brand-service,"Answer | Brand | BreadcrumbList | City | ContactPoint | FAQPage | ImageObject | ListItem | Offer | OfferCatalog | Organization | PostalAddress | Question | Service | WebPage | WebSite | ['AutoRepair', 'AutomotiveBusiness']",PASS,PRESENT,YES,4,4,True,1,True,17,,,,RETAINED,NO,FAQ presence checked against initial HTML excluding script/style; accordion answers may be collapsed.
/ar/brands/ferrari-service-dubai,brand,"Answer | Brand | BreadcrumbList | City | ContactPoint | FAQPage | ImageObject | ListItem | Offer | OfferCatalog | Organization | PostalAddress | Question | Service | WebPage | WebSite | ['AutoRepair', 'AutomotiveBusiness']",PASS,PRESENT,YES,4,4,True,1,True,36,,,,RETAINED,NO,FAQ presence checked against initial HTML excluding script/style; accordion answers may be collapsed.
/ar/brands/ferrari-service-dubai/ac-repair,brand-service,"Answer | Brand | BreadcrumbList | City | ContactPoint | FAQPage | ImageObject | ListItem | Offer | OfferCatalog | Organization | PostalAddress | Question | Service | WebPage | WebSite | ['AutoRepair', 'AutomotiveBusiness']",PASS,PRESENT,YES,4,4,True,1,True,25,,,,RETAINED,NO,FAQ presence checked against initial HTML excluding script/style; accordion answers may be collapsed.
/ar/brands/ferrari-service-dubai/battery-replacement,brand-service,"Answer | Brand | BreadcrumbList | City | ContactPoint | FAQPage | ImageObject | ListItem | Offer | OfferCatalog | Organization | PostalAddress | Question | Service | WebPage | WebSite | ['AutoRepair', 'AutomotiveBusiness']",PASS,PRESENT,YES,4,4,True,1,True,25,,,,RETAINED,NO,FAQ presence checked against initial HTML excluding script/style; accordion answers may be collapsed.
/ar/brands/ferrari-service-dubai/body-repair,brand-service,"Answer | Brand | BreadcrumbList | City | ContactPoint | FAQPage | ImageObject | ListItem | Offer | OfferCatalog | Organization | PostalAddress | Question | Service | WebPage | WebSite | ['AutoRepair', 'AutomotiveBusiness']",PASS,PRESENT,YES,4,4,True,1,True,25,,,,RETAINED,NO,FAQ presence checked against initial HTML excluding script/style; accordion answers may be collapsed.
/ar/brands/ferrari-service-dubai/brake-repair,brand-service,"Answer | Brand | BreadcrumbList | City | ContactPoint | FAQPage | ImageObject | ListItem | Offer | OfferCatalog | Organization | PostalAddress | Question | Service | WebPage | WebSite | ['AutoRepair', 'AutomotiveBusiness']",PASS,PRESENT,YES,4,4,True,1,True,25,,,,RETAINED,NO,FAQ presence checked against initial HTML excluding script/style; accordion answers may be collapsed.
/ar/brands/ferrari-service-dubai/electrical-repair,brand-service,"Answer | Brand | BreadcrumbList | City | ContactPoint | FAQPage | ImageObject | ListItem | Offer | OfferCatalog | Organization | PostalAddress | Question | Service | WebPage | WebSite | ['AutoRepair', 'AutomotiveBusiness']",PASS,PRESENT,YES,4,4,True,1,True,25,,,,RETAINED,NO,FAQ presence checked against initial HTML excluding script/style; accordion answers may be collapsed.
/ar/brands/ferrari-service-dubai/engine-diagnostics,brand-service,"Answer | Brand | BreadcrumbList | City | ContactPoint | FAQPage | ImageObject | ListItem | Offer | OfferCatalog | Organization | PostalAddress | Question | Service | WebPage | WebSite | ['AutoRepair', 'AutomotiveBusiness']",PASS,PRESENT,YES,4,4,True,1,True,25,,,,RETAINED,NO,FAQ presence checked against initial HTML excluding script/style; accordion answers may be collapsed.
/ar/brands/ferrari-service-dubai/exhaust-repair,brand-service,"Answer | Brand | BreadcrumbList | City | ContactPoint | FAQPage | ImageObject | ListItem | Offer | OfferCatalog | Organization | PostalAddress | Question | Service | WebPage | WebSite | ['AutoRepair', 'AutomotiveBusiness']",PASS,PRESENT,YES,4,4,True,1,True,25,,,,RETAINED,NO,FAQ presence checked against initial HTML excluding script/style; accordion answers may be collapsed.
/ar/brands/ferrari-service-dubai/fuel-system-repair,brand-service,"Answer | Brand | BreadcrumbList | City | ContactPoint | FAQPage | ImageObject | ListItem | Offer | OfferCatalog | Organization | PostalAddress | Question | Service | WebPage | WebSite | ['AutoRepair', 'AutomotiveBusiness']",PASS,PRESENT,YES,4,4,True,1,True,25,,,,RETAINED,NO,FAQ presence checked against initial HTML excluding script/style; accordion answers may be collapsed.
/ar/brands/ferrari-service-dubai/mechanical-repair,brand-service,"Answer | Brand | BreadcrumbList | City | ContactPoint | FAQPage | ImageObject | ListItem | Offer | OfferCatalog | Organization | PostalAddress | Question | Service | WebPage | WebSite | ['AutoRepair', 'AutomotiveBusiness']",PASS,PRESENT,YES,4,4,True,1,True,25,,,,RETAINED,NO,FAQ presence checked against initial HTML excluding script/style; accordion answers may be collapsed.
/ar/brands/ferrari-service-dubai/oil-change,brand-service,"Answer | Brand | BreadcrumbList | City | ContactPoint | FAQPage | ImageObject | ListItem | Offer | OfferCatalog | Organization | PostalAddress | Question | Service | WebPage | WebSite | ['AutoRepair', 'AutomotiveBusiness']",PASS,PRESENT,YES,4,4,True,1,True,25,,,,RETAINED,NO,FAQ presence checked against initial HTML excluding script/style; accordion answers may be collapsed.
/ar/brands/ferrari-service-dubai/steering-repair,brand-service,"Answer | Brand | BreadcrumbList | City | ContactPoint | FAQPage | ImageObject | ListItem | Offer | OfferCatalog | Organization | PostalAddress | Question | Service | WebPage | WebSite | ['AutoRepair', 'AutomotiveBusiness']",PASS,PRESENT,YES,4,4,True,1,True,25,,,,RETAINED,NO,FAQ presence checked against initial HTML excluding script/style; accordion answers may be collapsed.
/ar/brands/ferrari-service-dubai/suspension-repair,brand-service,"Answer | Brand | BreadcrumbList | City | ContactPoint | FAQPage | ImageObject | ListItem | Offer | OfferCatalog | Organization | PostalAddress | Question | Service | WebPage | WebSite | ['AutoRepair', 'AutomotiveBusiness']",PASS,PRESENT,YES,4,4,True,1,True,25,,,,RETAINED,NO,FAQ presence checked against initial HTML excluding script/style; accordion answers may be collapsed.
/ar/brands/ferrari-service-dubai/tire-repair,brand-service,"Answer | Brand | BreadcrumbList | City | ContactPoint | FAQPage | ImageObject | ListItem | Offer | OfferCatalog | Organization | PostalAddress | Question | Service | WebPage | WebSite | ['AutoRepair', 'AutomotiveBusiness']",PASS,PRESENT,YES,4,4,True,1,True,25,,,,RETAINED,NO,FAQ presence checked against initial HTML excluding script/style; accordion answers may be collapsed.
/ar/brands/ferrari-service-dubai/transmission-repair,brand-service,"Answer | Brand | BreadcrumbList | City | ContactPoint | FAQPage | ImageObject | ListItem | Offer | OfferCatalog | Organization | PostalAddress | Question | Service | WebPage | WebSite | ['AutoRepair', 'AutomotiveBusiness']",PASS,PRESENT,YES,4,4,True,1,True,25,,,,RETAINED,NO,FAQ presence checked against initial HTML excluding script/style; accordion answers may be collapsed.
/ar/brands/ford-service-dubai,brand,"Answer | Brand | BreadcrumbList | City | ContactPoint | FAQPage | ImageObject | ListItem | Offer | OfferCatalog | Organization | PostalAddress | Question | Service | WebPage | WebSite | ['AutoRepair', 'AutomotiveBusiness']",PASS,PRESENT,YES,0,4,True,1,True,28,,كم مرة تحتاج سيارة Ford إلى الصيانة في دبي؟ | هل تستخدمون قطعاً أصلية لسيارات Ford؟ | كم تستغرق صيانة Ford؟ | كيف أحجز خدمة لسيارة Ford؟,,REVIEW,REVIEW,FAQ presence checked against initial HTML excluding script/style; accordion answers may be collapsed.
/ar/brands/ford-service-dubai/ac-repair,brand-service,"Answer | Brand | BreadcrumbList | City | ContactPoint | FAQPage | ImageObject | ListItem | Offer | OfferCatalog | Organization | PostalAddress | Question | Service | WebPage | WebSite | ['AutoRepair', 'AutomotiveBusiness']",PASS,PRESENT,YES,4,4,True,1,True,17,,,,RETAINED,NO,FAQ presence checked against initial HTML excluding script/style; accordion answers may be collapsed.
/ar/brands/ford-service-dubai/brake-repair,brand-service,"Answer | Brand | BreadcrumbList | City | ContactPoint | FAQPage | ImageObject | ListItem | Offer | OfferCatalog | Organization | PostalAddress | Question | Service | WebPage | WebSite | ['AutoRepair', 'AutomotiveBusiness']",PASS,PRESENT,YES,4,4,True,1,True,17,,,,RETAINED,NO,FAQ presence checked against initial HTML excluding script/style; accordion answers may be collapsed.
/ar/brands/ford-service-dubai/engine-diagnostics,brand-service,"Answer | Brand | BreadcrumbList | City | ContactPoint | FAQPage | ImageObject | ListItem | Offer | OfferCatalog | Organization | PostalAddress | Question | Service | WebPage | WebSite | ['AutoRepair', 'AutomotiveBusiness']",PASS,PRESENT,YES,4,4,True,1,True,17,,,,RETAINED,NO,FAQ presence checked against initial HTML excluding script/style; accordion answers may be collapsed.
/ar/brands/ford-service-dubai/oil-change,brand-service,"Answer | Brand | BreadcrumbList | City | ContactPoint | FAQPage | ImageObject | ListItem | Offer | OfferCatalog | Organization | PostalAddress | Question | Service | WebPage | WebSite | ['AutoRepair', 'AutomotiveBusiness']",PASS,PRESENT,YES,4,4,True,1,True,17,,,,RETAINED,NO,FAQ presence checked against initial HTML excluding script/style; accordion answers may be collapsed.
/ar/brands/ford-service-dubai/suspension-repair,brand-service,"Answer | Brand | BreadcrumbList | City | ContactPoint | FAQPage | ImageObject | ListItem | Offer | OfferCatalog | Organization | PostalAddress | Question | Service | WebPage | WebSite | ['AutoRepair', 'AutomotiveBusiness']",PASS,PRESENT,YES,4,4,True,1,True,17,,,,RETAINED,NO,FAQ presence checked against initial HTML excluding script/style; accordion answers may be collapsed.
/ar/brands/ford-service-dubai/transmission-repair,brand-service,"Answer | Brand | BreadcrumbList | City | ContactPoint | FAQPage | ImageObject | ListItem | Offer | OfferCatalog | Organization | PostalAddress | Question | Service | WebPage | WebSite | ['AutoRepair', 'AutomotiveBusiness']",PASS,PRESENT,YES,4,4,True,1,True,17,,,,RETAINED,NO,FAQ presence checked against initial HTML excluding script/style; accordion answers may be collapsed.
/ar/brands/genesis-service-dubai,brand,"Answer | Brand | BreadcrumbList | City | ContactPoint | FAQPage | ImageObject | ListItem | Offer | OfferCatalog | Organization | PostalAddress | Question | Service | WebPage | WebSite | ['AutoRepair', 'AutomotiveBusiness']",PASS,PRESENT,YES,0,4,True,1,True,28,,كم مرة تحتاج سيارة Genesis إلى الصيانة في دبي؟ | هل تستخدمون قطعاً أصلية لسيارات Genesis؟ | كم تستغرق صيانة Genesis؟ | كيف أحجز خدمة لسيارة Genesis؟,,REVIEW,REVIEW,FAQ presence checked against initial HTML excluding script/style; accordion answers may be collapsed.
/ar/brands/genesis-service-dubai/ac-repair,brand-service,"Answer | Brand | BreadcrumbList | City | ContactPoint | FAQPage | ImageObject | ListItem | Offer | OfferCatalog | Organization | PostalAddress | Question | Service | WebPage | WebSite | ['AutoRepair', 'AutomotiveBusiness']",PASS,PRESENT,YES,4,4,True,1,True,17,,,,RETAINED,NO,FAQ presence checked against initial HTML excluding script/style; accordion answers may be collapsed.
/ar/brands/genesis-service-dubai/brake-repair,brand-service,"Answer | Brand | BreadcrumbList | City | ContactPoint | FAQPage | ImageObject | ListItem | Offer | OfferCatalog | Organization | PostalAddress | Question | Service | WebPage | WebSite | ['AutoRepair', 'AutomotiveBusiness']",PASS,PRESENT,YES,4,4,True,1,True,17,,,,RETAINED,NO,FAQ presence checked against initial HTML excluding script/style; accordion answers may be collapsed.
/ar/brands/genesis-service-dubai/engine-diagnostics,brand-service,"Answer | Brand | BreadcrumbList | City | ContactPoint | FAQPage | ImageObject | ListItem | Offer | OfferCatalog | Organization | PostalAddress | Question | Service | WebPage | WebSite | ['AutoRepair', 'AutomotiveBusiness']",PASS,PRESENT,YES,4,4,True,1,True,17,,,,RETAINED,NO,FAQ presence checked against initial HTML excluding script/style; accordion answers may be collapsed.
/ar/brands/genesis-service-dubai/oil-change,brand-service,"Answer | Brand | BreadcrumbList | City | ContactPoint | FAQPage | ImageObject | ListItem | Offer | OfferCatalog | Organization | PostalAddress | Question | Service | WebPage | WebSite | ['AutoRepair', 'AutomotiveBusiness']",PASS,PRESENT,YES,4,4,True,1,True,17,,,,RETAINED,NO,FAQ presence checked against initial HTML excluding script/style; accordion answers may be collapsed.
/ar/brands/genesis-service-dubai/suspension-repair,brand-service,"Answer | Brand | BreadcrumbList | City | ContactPoint | FAQPage | ImageObject | ListItem | Offer | OfferCatalog | Organization | PostalAddress | Question | Service | WebPage | WebSite | ['AutoRepair', 'AutomotiveBusiness']",PASS,PRESENT,YES,4,4,True,1,True,17,,,,RETAINED,NO,FAQ presence checked against initial HTML excluding script/style; accordion answers may be collapsed.
/ar/brands/genesis-service-dubai/transmission-repair,brand-service,"Answer | Brand | BreadcrumbList | City | ContactPoint | FAQPage | ImageObject | ListItem | Offer | OfferCatalog | Organization | PostalAddress | Question | Service | WebPage | WebSite | ['AutoRepair', 'AutomotiveBusiness']",PASS,PRESENT,YES,4,4,True,1,True,17,,,,RETAINED,NO,FAQ presence checked against initial HTML excluding script/style; accordion answers may be collapsed.
/ar/brands/gmc-service-dubai,brand,"Answer | Brand | BreadcrumbList | City | ContactPoint | FAQPage | ImageObject | ListItem | Offer | OfferCatalog | Organization | PostalAddress | Question | Service | WebPage | WebSite | ['AutoRepair', 'AutomotiveBusiness']",PASS,PRESENT,YES,0,4,True,1,True,28,,كم مرة تحتاج سيارة GMC إلى الصيانة في دبي؟ | هل تستخدمون قطعاً أصلية لسيارات GMC؟ | كم تستغرق صيانة GMC؟ | كيف أحجز خدمة لسيارة GMC؟,,REVIEW,REVIEW,FAQ presence checked against initial HTML excluding script/style; accordion answers may be collapsed.
/ar/brands/gmc-service-dubai/ac-repair,brand-service,"Answer | Brand | BreadcrumbList | City | ContactPoint | FAQPage | ImageObject | ListItem | Offer | OfferCatalog | Organization | PostalAddress | Question | Service | WebPage | WebSite | ['AutoRepair', 'AutomotiveBusiness']",PASS,PRESENT,YES,4,4,True,1,True,17,,,,RETAINED,NO,FAQ presence checked against initial HTML excluding script/style; accordion answers may be collapsed.
/ar/brands/gmc-service-dubai/brake-repair,brand-service,"Answer | Brand | BreadcrumbList | City | ContactPoint | FAQPage | ImageObject | ListItem | Offer | OfferCatalog | Organization | PostalAddress | Question | Service | WebPage | WebSite | ['AutoRepair', 'AutomotiveBusiness']",PASS,PRESENT,YES,4,4,True,1,True,17,,,,RETAINED,NO,FAQ presence checked against initial HTML excluding script/style; accordion answers may be collapsed.
/ar/brands/gmc-service-dubai/engine-diagnostics,brand-service,"Answer | Brand | BreadcrumbList | City | ContactPoint | FAQPage | ImageObject | ListItem | Offer | OfferCatalog | Organization | PostalAddress | Question | Service | WebPage | WebSite | ['AutoRepair', 'AutomotiveBusiness']",PASS,PRESENT,YES,4,4,True,1,True,17,,,,RETAINED,NO,FAQ presence checked against initial HTML excluding script/style; accordion answers may be collapsed.
/ar/brands/gmc-service-dubai/oil-change,brand-service,"Answer | Brand | BreadcrumbList | City | ContactPoint | FAQPage | ImageObject | ListItem | Offer | OfferCatalog | Organization | PostalAddress | Question | Service | WebPage | WebSite | ['AutoRepair', 'AutomotiveBusiness']",PASS,PRESENT,YES,4,4,True,1,True,17,,,,RETAINED,NO,FAQ presence checked against initial HTML excluding script/style; accordion answers may be collapsed.
/ar/brands/gmc-service-dubai/suspension-repair,brand-service,"Answer | Brand | BreadcrumbList | City | ContactPoint | FAQPage | ImageObject | ListItem | Offer | OfferCatalog | Organization | PostalAddress | Question | Service | WebPage | WebSite | ['AutoRepair', 'AutomotiveBusiness']",PASS,PRESENT,YES,4,4,True,1,True,17,,,,RETAINED,NO,FAQ presence checked against initial HTML excluding script/style; accordion answers may be collapsed.
/ar/brands/gmc-service-dubai/transmission-repair,brand-service,"Answer | Brand | BreadcrumbList | City | ContactPoint | FAQPage | ImageObject | ListItem | Offer | OfferCatalog | Organization | PostalAddress | Question | Service | WebPage | WebSite | ['AutoRepair', 'AutomotiveBusiness']",PASS,PRESENT,YES,4,4,True,1,True,17,,,,RETAINED,NO,FAQ presence checked against initial HTML excluding script/style; accordion answers may be collapsed.
/ar/brands/hummer-service-dubai,brand,"Answer | Brand | BreadcrumbList | City | ContactPoint | FAQPage | ImageObject | ListItem | Offer | OfferCatalog | Organization | PostalAddress | Question | Service | WebPage | WebSite | ['AutoRepair', 'AutomotiveBusiness']",PASS,PRESENT,YES,0,4,True,1,True,28,,كم مرة تحتاج سيارة Hummer إلى الصيانة في دبي؟ | هل تستخدمون قطعاً أصلية لسيارات Hummer؟ | كم تستغرق صيانة Hummer؟ | كيف أحجز خدمة لسيارة Hummer؟,,REVIEW,REVIEW,FAQ presence checked against initial HTML excluding script/style; accordion answers may be collapsed.
/ar/brands/hummer-service-dubai/ac-repair,brand-service,"Answer | Brand | BreadcrumbList | City | ContactPoint | FAQPage | ImageObject | ListItem | Offer | OfferCatalog | Organization | PostalAddress | Question | Service | WebPage | WebSite | ['AutoRepair', 'AutomotiveBusiness']",PASS,PRESENT,YES,4,4,True,1,True,17,,,,RETAINED,NO,FAQ presence checked against initial HTML excluding script/style; accordion answers may be collapsed.
/ar/brands/hummer-service-dubai/brake-repair,brand-service,"Answer | Brand | BreadcrumbList | City | ContactPoint | FAQPage | ImageObject | ListItem | Offer | OfferCatalog | Organization | PostalAddress | Question | Service | WebPage | WebSite | ['AutoRepair', 'AutomotiveBusiness']",PASS,PRESENT,YES,4,4,True,1,True,17,,,,RETAINED,NO,FAQ presence checked against initial HTML excluding script/style; accordion answers may be collapsed.
/ar/brands/hummer-service-dubai/engine-diagnostics,brand-service,"Answer | Brand | BreadcrumbList | City | ContactPoint | FAQPage | ImageObject | ListItem | Offer | OfferCatalog | Organization | PostalAddress | Question | Service | WebPage | WebSite | ['AutoRepair', 'AutomotiveBusiness']",PASS,PRESENT,YES,4,4,True,1,True,17,,,,RETAINED,NO,FAQ presence checked against initial HTML excluding script/style; accordion answers may be collapsed.
/ar/brands/hummer-service-dubai/oil-change,brand-service,"Answer | Brand | BreadcrumbList | City | ContactPoint | FAQPage | ImageObject | ListItem | Offer | OfferCatalog | Organization | PostalAddress | Question | Service | WebPage | WebSite | ['AutoRepair', 'AutomotiveBusiness']",PASS,PRESENT,YES,4,4,True,1,True,17,,,,RETAINED,NO,FAQ presence checked against initial HTML excluding script/style; accordion answers may be collapsed.
/ar/brands/hummer-service-dubai/suspension-repair,brand-service,"Answer | Brand | BreadcrumbList | City | ContactPoint | FAQPage | ImageObject | ListItem | Offer | OfferCatalog | Organization | PostalAddress | Question | Service | WebPage | WebSite | ['AutoRepair', 'AutomotiveBusiness']",PASS,PRESENT,YES,4,4,True,1,True,17,,,,RETAINED,NO,FAQ presence checked against initial HTML excluding script/style; accordion answers may be collapsed.
/ar/brands/hummer-service-dubai/transmission-repair,brand-service,"Answer | Brand | BreadcrumbList | City | ContactPoint | FAQPage | ImageObject | ListItem | Offer | OfferCatalog | Organization | PostalAddress | Question | Service | WebPage | WebSite | ['AutoRepair', 'AutomotiveBusiness']",PASS,PRESENT,YES,4,4,True,1,True,17,,,,RETAINED,NO,FAQ presence checked against initial HTML excluding script/style; accordion answers may be collapsed.
/ar/brands/jaguar-service-dubai,brand,"Answer | Brand | BreadcrumbList | City | ContactPoint | FAQPage | ImageObject | ListItem | Offer | OfferCatalog | Organization | PostalAddress | Question | Service | WebPage | WebSite | ['AutoRepair', 'AutomotiveBusiness']",PASS,PRESENT,YES,4,4,True,1,True,28,,,,RETAINED,NO,FAQ presence checked against initial HTML excluding script/style; accordion answers may be collapsed.
/ar/brands/jaguar-service-dubai/ac-repair,brand-service,"Answer | Brand | BreadcrumbList | City | ContactPoint | FAQPage | ImageObject | ListItem | Offer | OfferCatalog | Organization | PostalAddress | Question | Service | WebPage | WebSite | ['AutoRepair', 'AutomotiveBusiness']",PASS,PRESENT,YES,4,4,True,1,True,17,,,,RETAINED,NO,FAQ presence checked against initial HTML excluding script/style; accordion answers may be collapsed.
/ar/brands/jaguar-service-dubai/brake-repair,brand-service,"Answer | Brand | BreadcrumbList | City | ContactPoint | FAQPage | ImageObject | ListItem | Offer | OfferCatalog | Organization | PostalAddress | Question | Service | WebPage | WebSite | ['AutoRepair', 'AutomotiveBusiness']",PASS,PRESENT,YES,4,4,True,1,True,17,,,,RETAINED,NO,FAQ presence checked against initial HTML excluding script/style; accordion answers may be collapsed.
/ar/brands/jaguar-service-dubai/engine-diagnostics,brand-service,"Answer | Brand | BreadcrumbList | City | ContactPoint | FAQPage | ImageObject | ListItem | Offer | OfferCatalog | Organization | PostalAddress | Question | Service | WebPage | WebSite | ['AutoRepair', 'AutomotiveBusiness']",PASS,PRESENT,YES,4,4,True,1,True,17,,,,RETAINED,NO,FAQ presence checked against initial HTML excluding script/style; accordion answers may be collapsed.
/ar/brands/jaguar-service-dubai/oil-change,brand-service,"Answer | Brand | BreadcrumbList | City | ContactPoint | FAQPage | ImageObject | ListItem | Offer | OfferCatalog | Organization | PostalAddress | Question | Service | WebPage | WebSite | ['AutoRepair', 'AutomotiveBusiness']",PASS,PRESENT,YES,4,4,True,1,True,17,,,,RETAINED,NO,FAQ presence checked against initial HTML excluding script/style; accordion answers may be collapsed.
/ar/brands/jaguar-service-dubai/suspension-repair,brand-service,"Answer | Brand | BreadcrumbList | City | ContactPoint | FAQPage | ImageObject | ListItem | Offer | OfferCatalog | Organization | PostalAddress | Question | Service | WebPage | WebSite | ['AutoRepair', 'AutomotiveBusiness']",PASS,PRESENT,YES,4,4,True,1,True,17,,,,RETAINED,NO,FAQ presence checked against initial HTML excluding script/style; accordion answers may be collapsed.
/ar/brands/jaguar-service-dubai/transmission-repair,brand-service,"Answer | Brand | BreadcrumbList | City | ContactPoint | FAQPage | ImageObject | ListItem | Offer | OfferCatalog | Organization | PostalAddress | Question | Service | WebPage | WebSite | ['AutoRepair', 'AutomotiveBusiness']",PASS,PRESENT,YES,4,4,True,1,True,17,,,,RETAINED,NO,FAQ presence checked against initial HTML excluding script/style; accordion answers may be collapsed.
/ar/brands/jeep-service-dubai,brand,"Answer | Brand | BreadcrumbList | City | ContactPoint | FAQPage | ImageObject | ListItem | Offer | OfferCatalog | Organization | PostalAddress | Question | Service | WebPage | WebSite | ['AutoRepair', 'AutomotiveBusiness']",PASS,PRESENT,YES,0,4,True,1,True,36,,كم مرة تحتاج سيارة Jeep إلى الصيانة في دبي؟ | هل تستخدمون قطعاً أصلية لسيارات Jeep؟ | كم تستغرق صيانة Jeep؟ | كيف أحجز خدمة لسيارة Jeep؟,,REVIEW,REVIEW,FAQ presence checked against initial HTML excluding script/style; accordion answers may be collapsed.
/ar/brands/jeep-service-dubai/ac-repair,brand-service,"Answer | Brand | BreadcrumbList | City | ContactPoint | FAQPage | ImageObject | ListItem | Offer | OfferCatalog | Organization | PostalAddress | Question | Service | WebPage | WebSite | ['AutoRepair', 'AutomotiveBusiness']",PASS,PRESENT,YES,4,4,True,1,True,25,,,,RETAINED,NO,FAQ presence checked against initial HTML excluding script/style; accordion answers may be collapsed.
/ar/brands/jeep-service-dubai/battery-replacement,brand-service,"Answer | Brand | BreadcrumbList | City | ContactPoint | FAQPage | ImageObject | ListItem | Offer | OfferCatalog | Organization | PostalAddress | Question | Service | WebPage | WebSite | ['AutoRepair', 'AutomotiveBusiness']",PASS,PRESENT,YES,4,4,True,1,True,25,,,,RETAINED,NO,FAQ presence checked against initial HTML excluding script/style; accordion answers may be collapsed.
/ar/brands/jeep-service-dubai/body-repair,brand-service,"Answer | Brand | BreadcrumbList | City | ContactPoint | FAQPage | ImageObject | ListItem | Offer | OfferCatalog | Organization | PostalAddress | Question | Service | WebPage | WebSite | ['AutoRepair', 'AutomotiveBusiness']",PASS,PRESENT,YES,4,4,True,1,True,25,,,,RETAINED,NO,FAQ presence checked against initial HTML excluding script/style; accordion answers may be collapsed.
/ar/brands/jeep-service-dubai/brake-repair,brand-service,"Answer | Brand | BreadcrumbList | City | ContactPoint | FAQPage | ImageObject | ListItem | Offer | OfferCatalog | Organization | PostalAddress | Question | Service | WebPage | WebSite | ['AutoRepair', 'AutomotiveBusiness']",PASS,PRESENT,YES,4,4,True,1,True,25,,,,RETAINED,NO,FAQ presence checked against initial HTML excluding script/style; accordion answers may be collapsed.
/ar/brands/jeep-service-dubai/electrical-repair,brand-service,"Answer | Brand | BreadcrumbList | City | ContactPoint | FAQPage | ImageObject | ListItem | Offer | OfferCatalog | Organization | PostalAddress | Question | Service | WebPage | WebSite | ['AutoRepair', 'AutomotiveBusiness']",PASS,PRESENT,YES,4,4,True,1,True,25,,,,RETAINED,NO,FAQ presence checked against initial HTML excluding script/style; accordion answers may be collapsed.
/ar/brands/jeep-service-dubai/engine-diagnostics,brand-service,"Answer | Brand | BreadcrumbList | City | ContactPoint | FAQPage | ImageObject | ListItem | Offer | OfferCatalog | Organization | PostalAddress | Question | Service | WebPage | WebSite | ['AutoRepair', 'AutomotiveBusiness']",PASS,PRESENT,YES,4,4,True,1,True,25,,,,RETAINED,NO,FAQ presence checked against initial HTML excluding script/style; accordion answers may be collapsed.
/ar/brands/jeep-service-dubai/exhaust-repair,brand-service,"Answer | Brand | BreadcrumbList | City | ContactPoint | FAQPage | ImageObject | ListItem | Offer | OfferCatalog | Organization | PostalAddress | Question | Service | WebPage | WebSite | ['AutoRepair', 'AutomotiveBusiness']",PASS,PRESENT,YES,4,4,True,1,True,25,,,,RETAINED,NO,FAQ presence checked against initial HTML excluding script/style; accordion answers may be collapsed.
/ar/brands/jeep-service-dubai/fuel-system-repair,brand-service,"Answer | Brand | BreadcrumbList | City | ContactPoint | FAQPage | ImageObject | ListItem | Offer | OfferCatalog | Organization | PostalAddress | Question | Service | WebPage | WebSite | ['AutoRepair', 'AutomotiveBusiness']",PASS,PRESENT,YES,4,4,True,1,True,25,,,,RETAINED,NO,FAQ presence checked against initial HTML excluding script/style; accordion answers may be collapsed.
/ar/brands/jeep-service-dubai/mechanical-repair,brand-service,"Answer | Brand | BreadcrumbList | City | ContactPoint | FAQPage | ImageObject | ListItem | Offer | OfferCatalog | Organization | PostalAddress | Question | Service | WebPage | WebSite | ['AutoRepair', 'AutomotiveBusiness']",PASS,PRESENT,YES,4,4,True,1,True,25,,,,RETAINED,NO,FAQ presence checked against initial HTML excluding script/style; accordion answers may be collapsed.
/ar/brands/jeep-service-dubai/oil-change,brand-service,"Answer | Brand | BreadcrumbList | City | ContactPoint | FAQPage | ImageObject | ListItem | Offer | OfferCatalog | Organization | PostalAddress | Question | Service | WebPage | WebSite | ['AutoRepair', 'AutomotiveBusiness']",PASS,PRESENT,YES,4,4,True,1,True,25,,,,RETAINED,NO,FAQ presence checked against initial HTML excluding script/style; accordion answers may be collapsed.
/ar/brands/jeep-service-dubai/steering-repair,brand-service,"Answer | Brand | BreadcrumbList | City | ContactPoint | FAQPage | ImageObject | ListItem | Offer | OfferCatalog | Organization | PostalAddress | Question | Service | WebPage | WebSite | ['AutoRepair', 'AutomotiveBusiness']",PASS,PRESENT,YES,4,4,True,1,True,25,,,,RETAINED,NO,FAQ presence checked against initial HTML excluding script/style; accordion answers may be collapsed.
/ar/brands/jeep-service-dubai/suspension-repair,brand-service,"Answer | Brand | BreadcrumbList | City | ContactPoint | FAQPage | ImageObject | ListItem | Offer | OfferCatalog | Organization | PostalAddress | Question | Service | WebPage | WebSite | ['AutoRepair', 'AutomotiveBusiness']",PASS,PRESENT,YES,4,4,True,1,True,25,,,,RETAINED,NO,FAQ presence checked against initial HTML excluding script/style; accordion answers may be collapsed.
/ar/brands/jeep-service-dubai/tire-repair,brand-service,"Answer | Brand | BreadcrumbList | City | ContactPoint | FAQPage | ImageObject | ListItem | Offer | OfferCatalog | Organization | PostalAddress | Question | Service | WebPage | WebSite | ['AutoRepair', 'AutomotiveBusiness']",PASS,PRESENT,YES,4,4,True,1,True,25,,,,RETAINED,NO,FAQ presence checked against initial HTML excluding script/style; accordion answers may be collapsed.
/ar/brands/jeep-service-dubai/transmission-repair,brand-service,"Answer | Brand | BreadcrumbList | City | ContactPoint | FAQPage | ImageObject | ListItem | Offer | OfferCatalog | Organization | PostalAddress | Question | Service | WebPage | WebSite | ['AutoRepair', 'AutomotiveBusiness']",PASS,PRESENT,YES,4,4,True,1,True,25,,,,RETAINED,NO,FAQ presence checked against initial HTML excluding script/style; accordion answers may be collapsed.
/ar/brands/jetour-service-dubai,brand,"Answer | Brand | BreadcrumbList | City | ContactPoint | FAQPage | ImageObject | ListItem | Offer | OfferCatalog | Organization | PostalAddress | Question | Service | WebPage | WebSite | ['AutoRepair', 'AutomotiveBusiness']",PASS,PRESENT,YES,4,4,True,1,True,36,,,,RETAINED,NO,FAQ presence checked against initial HTML excluding script/style; accordion answers may be collapsed.
/ar/brands/jetour-service-dubai/ac-repair,brand-service,"Answer | Brand | BreadcrumbList | City | ContactPoint | FAQPage | ImageObject | ListItem | Offer | OfferCatalog | Organization | PostalAddress | Question | Service | WebPage | WebSite | ['AutoRepair', 'AutomotiveBusiness']",PASS,PRESENT,YES,4,4,True,1,True,25,,,,RETAINED,NO,FAQ presence checked against initial HTML excluding script/style; accordion answers may be collapsed.
/ar/brands/jetour-service-dubai/battery-replacement,brand-service,"Answer | Brand | BreadcrumbList | City | ContactPoint | FAQPage | ImageObject | ListItem | Offer | OfferCatalog | Organization | PostalAddress | Question | Service | WebPage | WebSite | ['AutoRepair', 'AutomotiveBusiness']",PASS,PRESENT,YES,4,4,True,1,True,25,,,,RETAINED,NO,FAQ presence checked against initial HTML excluding script/style; accordion answers may be collapsed.
/ar/brands/jetour-service-dubai/body-repair,brand-service,"Answer | Brand | BreadcrumbList | City | ContactPoint | FAQPage | ImageObject | ListItem | Offer | OfferCatalog | Organization | PostalAddress | Question | Service | WebPage | WebSite | ['AutoRepair', 'AutomotiveBusiness']",PASS,PRESENT,YES,4,4,True,1,True,25,,,,RETAINED,NO,FAQ presence checked against initial HTML excluding script/style; accordion answers may be collapsed.
/ar/brands/jetour-service-dubai/brake-repair,brand-service,"Answer | Brand | BreadcrumbList | City | ContactPoint | FAQPage | ImageObject | ListItem | Offer | OfferCatalog | Organization | PostalAddress | Question | Service | WebPage | WebSite | ['AutoRepair', 'AutomotiveBusiness']",PASS,PRESENT,YES,4,4,True,1,True,25,,,,RETAINED,NO,FAQ presence checked against initial HTML excluding script/style; accordion answers may be collapsed.
/ar/brands/jetour-service-dubai/electrical-repair,brand-service,"Answer | Brand | BreadcrumbList | City | ContactPoint | FAQPage | ImageObject | ListItem | Offer | OfferCatalog | Organization | PostalAddress | Question | Service | WebPage | WebSite | ['AutoRepair', 'AutomotiveBusiness']",PASS,PRESENT,YES,4,4,True,1,True,25,,,,RETAINED,NO,FAQ presence checked against initial HTML excluding script/style; accordion answers may be collapsed.
/ar/brands/jetour-service-dubai/engine-diagnostics,brand-service,"Answer | Brand | BreadcrumbList | City | ContactPoint | FAQPage | ImageObject | ListItem | Offer | OfferCatalog | Organization | PostalAddress | Question | Service | WebPage | WebSite | ['AutoRepair', 'AutomotiveBusiness']",PASS,PRESENT,YES,4,4,True,1,True,25,,,,RETAINED,NO,FAQ presence checked against initial HTML excluding script/style; accordion answers may be collapsed.
/ar/brands/jetour-service-dubai/exhaust-repair,brand-service,"Answer | Brand | BreadcrumbList | City | ContactPoint | FAQPage | ImageObject | ListItem | Offer | OfferCatalog | Organization | PostalAddress | Question | Service | WebPage | WebSite | ['AutoRepair', 'AutomotiveBusiness']",PASS,PRESENT,YES,4,4,True,1,True,25,,,,RETAINED,NO,FAQ presence checked against initial HTML excluding script/style; accordion answers may be collapsed.
/ar/brands/jetour-service-dubai/fuel-system-repair,brand-service,"Answer | Brand | BreadcrumbList | City | ContactPoint | FAQPage | ImageObject | ListItem | Offer | OfferCatalog | Organization | PostalAddress | Question | Service | WebPage | WebSite | ['AutoRepair', 'AutomotiveBusiness']",PASS,PRESENT,YES,4,4,True,1,True,25,,,,RETAINED,NO,FAQ presence checked against initial HTML excluding script/style; accordion answers may be collapsed.
/ar/brands/jetour-service-dubai/mechanical-repair,brand-service,"Answer | Brand | BreadcrumbList | City | ContactPoint | FAQPage | ImageObject | ListItem | Offer | OfferCatalog | Organization | PostalAddress | Question | Service | WebPage | WebSite | ['AutoRepair', 'AutomotiveBusiness']",PASS,PRESENT,YES,4,4,True,1,True,25,,,,RETAINED,NO,FAQ presence checked against initial HTML excluding script/style; accordion answers may be collapsed.
/ar/brands/jetour-service-dubai/oil-change,brand-service,"Answer | Brand | BreadcrumbList | City | ContactPoint | FAQPage | ImageObject | ListItem | Offer | OfferCatalog | Organization | PostalAddress | Question | Service | WebPage | WebSite | ['AutoRepair', 'AutomotiveBusiness']",PASS,PRESENT,YES,4,4,True,1,True,25,,,,RETAINED,NO,FAQ presence checked against initial HTML excluding script/style; accordion answers may be collapsed.
/ar/brands/jetour-service-dubai/steering-repair,brand-service,"Answer | Brand | BreadcrumbList | City | ContactPoint | FAQPage | ImageObject | ListItem | Offer | OfferCatalog | Organization | PostalAddress | Question | Service | WebPage | WebSite | ['AutoRepair', 'AutomotiveBusiness']",PASS,PRESENT,YES,4,4,True,1,True,25,,,,RETAINED,NO,FAQ presence checked against initial HTML excluding script/style; accordion answers may be collapsed.
/ar/brands/jetour-service-dubai/suspension-repair,brand-service,"Answer | Brand | BreadcrumbList | City | ContactPoint | FAQPage | ImageObject | ListItem | Offer | OfferCatalog | Organization | PostalAddress | Question | Service | WebPage | WebSite | ['AutoRepair', 'AutomotiveBusiness']",PASS,PRESENT,YES,4,4,True,1,True,25,,,,RETAINED,NO,FAQ presence checked against initial HTML excluding script/style; accordion answers may be collapsed.
/ar/brands/jetour-service-dubai/tire-repair,brand-service,"Answer | Brand | BreadcrumbList | City | ContactPoint | FAQPage | ImageObject | ListItem | Offer | OfferCatalog | Organization | PostalAddress | Question | Service | WebPage | WebSite | ['AutoRepair', 'AutomotiveBusiness']",PASS,PRESENT,YES,4,4,True,1,True,25,,,,RETAINED,NO,FAQ presence checked against initial HTML excluding script/style; accordion answers may be collapsed.
/ar/brands/jetour-service-dubai/transmission-repair,brand-service,"Answer | Brand | BreadcrumbList | City | ContactPoint | FAQPage | ImageObject | ListItem | Offer | OfferCatalog | Organization | PostalAddress | Question | Service | WebPage | WebSite | ['AutoRepair', 'AutomotiveBusiness']",PASS,PRESENT,YES,4,4,True,1,True,25,,,,RETAINED,NO,FAQ presence checked against initial HTML excluding script/style; accordion answers may be collapsed.
/ar/brands/koenigsegg-service-dubai,brand,"Answer | Brand | BreadcrumbList | City | ContactPoint | FAQPage | ImageObject | ListItem | Offer | OfferCatalog | Organization | PostalAddress | Question | Service | WebPage | WebSite | ['AutoRepair', 'AutomotiveBusiness']",PASS,PRESENT,YES,0,4,True,1,True,28,,كم مرة تحتاج سيارة Koenigsegg إلى الصيانة في دبي؟ | هل تستخدمون قطعاً أصلية لسيارات Koenigsegg؟ | كم تستغرق صيانة Koenigsegg؟ | كيف أحجز خدمة لسيارة Koenigsegg؟,,REVIEW,REVIEW,FAQ presence checked against initial HTML excluding script/style; accordion answers may be collapsed.
/ar/brands/koenigsegg-service-dubai/ac-repair,brand-service,"Answer | Brand | BreadcrumbList | City | ContactPoint | FAQPage | ImageObject | ListItem | Offer | OfferCatalog | Organization | PostalAddress | Question | Service | WebPage | WebSite | ['AutoRepair', 'AutomotiveBusiness']",PASS,PRESENT,YES,4,4,True,1,True,17,,,,RETAINED,NO,FAQ presence checked against initial HTML excluding script/style; accordion answers may be collapsed.
/ar/brands/koenigsegg-service-dubai/brake-repair,brand-service,"Answer | Brand | BreadcrumbList | City | ContactPoint | FAQPage | ImageObject | ListItem | Offer | OfferCatalog | Organization | PostalAddress | Question | Service | WebPage | WebSite | ['AutoRepair', 'AutomotiveBusiness']",PASS,PRESENT,YES,4,4,True,1,True,17,,,,RETAINED,NO,FAQ presence checked against initial HTML excluding script/style; accordion answers may be collapsed.
/ar/brands/koenigsegg-service-dubai/engine-diagnostics,brand-service,"Answer | Brand | BreadcrumbList | City | ContactPoint | FAQPage | ImageObject | ListItem | Offer | OfferCatalog | Organization | PostalAddress | Question | Service | WebPage | WebSite | ['AutoRepair', 'AutomotiveBusiness']",PASS,PRESENT,YES,4,4,True,1,True,17,,,,RETAINED,NO,FAQ presence checked against initial HTML excluding script/style; accordion answers may be collapsed.
/ar/brands/koenigsegg-service-dubai/oil-change,brand-service,"Answer | Brand | BreadcrumbList | City | ContactPoint | FAQPage | ImageObject | ListItem | Offer | OfferCatalog | Organization | PostalAddress | Question | Service | WebPage | WebSite | ['AutoRepair', 'AutomotiveBusiness']",PASS,PRESENT,YES,4,4,True,1,True,17,,,,RETAINED,NO,FAQ presence checked against initial HTML excluding script/style; accordion answers may be collapsed.
/ar/brands/koenigsegg-service-dubai/suspension-repair,brand-service,"Answer | Brand | BreadcrumbList | City | ContactPoint | FAQPage | ImageObject | ListItem | Offer | OfferCatalog | Organization | PostalAddress | Question | Service | WebPage | WebSite | ['AutoRepair', 'AutomotiveBusiness']",PASS,PRESENT,YES,4,4,True,1,True,17,,,,RETAINED,NO,FAQ presence checked against initial HTML excluding script/style; accordion answers may be collapsed.
/ar/brands/koenigsegg-service-dubai/transmission-repair,brand-service,"Answer | Brand | BreadcrumbList | City | ContactPoint | FAQPage | ImageObject | ListItem | Offer | OfferCatalog | Organization | PostalAddress | Question | Service | WebPage | WebSite | ['AutoRepair', 'AutomotiveBusiness']",PASS,PRESENT,YES,4,4,True,1,True,17,,,,RETAINED,NO,FAQ presence checked against initial HTML excluding script/style; accordion answers may be collapsed.
/ar/brands/lamborghini-service-dubai,brand,"Answer | Brand | BreadcrumbList | City | ContactPoint | FAQPage | ImageObject | ListItem | Offer | OfferCatalog | Organization | PostalAddress | Question | Service | WebPage | WebSite | ['AutoRepair', 'AutomotiveBusiness']",PASS,PRESENT,YES,4,4,True,1,True,36,,,,RETAINED,NO,FAQ presence checked against initial HTML excluding script/style; accordion answers may be collapsed.
/ar/brands/lamborghini-service-dubai/ac-repair,brand-service,"Answer | Brand | BreadcrumbList | City | ContactPoint | FAQPage | ImageObject | ListItem | Offer | OfferCatalog | Organization | PostalAddress | Question | Service | WebPage | WebSite | ['AutoRepair', 'AutomotiveBusiness']",PASS,PRESENT,YES,4,4,True,1,True,25,,,,RETAINED,NO,FAQ presence checked against initial HTML excluding script/style; accordion answers may be collapsed.
/ar/brands/lamborghini-service-dubai/battery-replacement,brand-service,"Answer | Brand | BreadcrumbList | City | ContactPoint | FAQPage | ImageObject | ListItem | Offer | OfferCatalog | Organization | PostalAddress | Question | Service | WebPage | WebSite | ['AutoRepair', 'AutomotiveBusiness']",PASS,PRESENT,YES,4,4,True,1,True,25,,,,RETAINED,NO,FAQ presence checked against initial HTML excluding script/style; accordion answers may be collapsed.
/ar/brands/lamborghini-service-dubai/body-repair,brand-service,"Answer | Brand | BreadcrumbList | City | ContactPoint | FAQPage | ImageObject | ListItem | Offer | OfferCatalog | Organization | PostalAddress | Question | Service | WebPage | WebSite | ['AutoRepair', 'AutomotiveBusiness']",PASS,PRESENT,YES,4,4,True,1,True,25,,,,RETAINED,NO,FAQ presence checked against initial HTML excluding script/style; accordion answers may be collapsed.
/ar/brands/lamborghini-service-dubai/brake-repair,brand-service,"Answer | Brand | BreadcrumbList | City | ContactPoint | FAQPage | ImageObject | ListItem | Offer | OfferCatalog | Organization | PostalAddress | Question | Service | WebPage | WebSite | ['AutoRepair', 'AutomotiveBusiness']",PASS,PRESENT,YES,4,4,True,1,True,25,,,,RETAINED,NO,FAQ presence checked against initial HTML excluding script/style; accordion answers may be collapsed.
/ar/brands/lamborghini-service-dubai/electrical-repair,brand-service,"Answer | Brand | BreadcrumbList | City | ContactPoint | FAQPage | ImageObject | ListItem | Offer | OfferCatalog | Organization | PostalAddress | Question | Service | WebPage | WebSite | ['AutoRepair', 'AutomotiveBusiness']",PASS,PRESENT,YES,4,4,True,1,True,25,,,,RETAINED,NO,FAQ presence checked against initial HTML excluding script/style; accordion answers may be collapsed.
/ar/brands/lamborghini-service-dubai/engine-diagnostics,brand-service,"Answer | Brand | BreadcrumbList | City | ContactPoint | FAQPage | ImageObject | ListItem | Offer | OfferCatalog | Organization | PostalAddress | Question | Service | WebPage | WebSite | ['AutoRepair', 'AutomotiveBusiness']",PASS,PRESENT,YES,4,4,True,1,True,25,,,,RETAINED,NO,FAQ presence checked against initial HTML excluding script/style; accordion answers may be collapsed.
/ar/brands/lamborghini-service-dubai/exhaust-repair,brand-service,"Answer | Brand | BreadcrumbList | City | ContactPoint | FAQPage | ImageObject | ListItem | Offer | OfferCatalog | Organization | PostalAddress | Question | Service | WebPage | WebSite | ['AutoRepair', 'AutomotiveBusiness']",PASS,PRESENT,YES,4,4,True,1,True,25,,,,RETAINED,NO,FAQ presence checked against initial HTML excluding script/style; accordion answers may be collapsed.
/ar/brands/lamborghini-service-dubai/fuel-system-repair,brand-service,"Answer | Brand | BreadcrumbList | City | ContactPoint | FAQPage | ImageObject | ListItem | Offer | OfferCatalog | Organization | PostalAddress | Question | Service | WebPage | WebSite | ['AutoRepair', 'AutomotiveBusiness']",PASS,PRESENT,YES,4,4,True,1,True,25,,,,RETAINED,NO,FAQ presence checked against initial HTML excluding script/style; accordion answers may be collapsed.
/ar/brands/lamborghini-service-dubai/mechanical-repair,brand-service,"Answer | Brand | BreadcrumbList | City | ContactPoint | FAQPage | ImageObject | ListItem | Offer | OfferCatalog | Organization | PostalAddress | Question | Service | WebPage | WebSite | ['AutoRepair', 'AutomotiveBusiness']",PASS,PRESENT,YES,4,4,True,1,True,25,,,,RETAINED,NO,FAQ presence checked against initial HTML excluding script/style; accordion answers may be collapsed.
/ar/brands/lamborghini-service-dubai/oil-change,brand-service,"Answer | Brand | BreadcrumbList | City | ContactPoint | FAQPage | ImageObject | ListItem | Offer | OfferCatalog | Organization | PostalAddress | Question | Service | WebPage | WebSite | ['AutoRepair', 'AutomotiveBusiness']",PASS,PRESENT,YES,4,4,True,1,True,25,,,,RETAINED,NO,FAQ presence checked against initial HTML excluding script/style; accordion answers may be collapsed.
/ar/brands/lamborghini-service-dubai/steering-repair,brand-service,"Answer | Brand | BreadcrumbList | City | ContactPoint | FAQPage | ImageObject | ListItem | Offer | OfferCatalog | Organization | PostalAddress | Question | Service | WebPage | WebSite | ['AutoRepair', 'AutomotiveBusiness']",PASS,PRESENT,YES,4,4,True,1,True,25,,,,RETAINED,NO,FAQ presence checked against initial HTML excluding script/style; accordion answers may be collapsed.
/ar/brands/lamborghini-service-dubai/suspension-repair,brand-service,"Answer | Brand | BreadcrumbList | City | ContactPoint | FAQPage | ImageObject | ListItem | Offer | OfferCatalog | Organization | PostalAddress | Question | Service | WebPage | WebSite | ['AutoRepair', 'AutomotiveBusiness']",PASS,PRESENT,YES,4,4,True,1,True,25,,,,RETAINED,NO,FAQ presence checked against initial HTML excluding script/style; accordion answers may be collapsed.
/ar/brands/lamborghini-service-dubai/tire-repair,brand-service,"Answer | Brand | BreadcrumbList | City | ContactPoint | FAQPage | ImageObject | ListItem | Offer | OfferCatalog | Organization | PostalAddress | Question | Service | WebPage | WebSite | ['AutoRepair', 'AutomotiveBusiness']",PASS,PRESENT,YES,4,4,True,1,True,25,,,,RETAINED,NO,FAQ presence checked against initial HTML excluding script/style; accordion answers may be collapsed.
/ar/brands/lamborghini-service-dubai/transmission-repair,brand-service,"Answer | Brand | BreadcrumbList | City | ContactPoint | FAQPage | ImageObject | ListItem | Offer | OfferCatalog | Organization | PostalAddress | Question | Service | WebPage | WebSite | ['AutoRepair', 'AutomotiveBusiness']",PASS,PRESENT,YES,4,4,True,1,True,25,,,,RETAINED,NO,FAQ presence checked against initial HTML excluding script/style; accordion answers may be collapsed.
/ar/brands/land-rover-service-dubai,brand,"Answer | Brand | BreadcrumbList | City | ContactPoint | FAQPage | ImageObject | ListItem | Offer | OfferCatalog | Organization | PostalAddress | Question | Service | WebPage | WebSite | ['AutoRepair', 'AutomotiveBusiness']",PASS,PRESENT,YES,0,4,True,1,True,36,,كم مرة تحتاج سيارة Land Rover إلى الصيانة في دبي؟ | هل تستخدمون قطعاً أصلية لسيارات Land Rover؟ | كم تستغرق صيانة Land Rover؟ | كيف أحجز خدمة لسيارة Land Rover؟,,REVIEW,REVIEW,FAQ presence checked against initial HTML excluding script/style; accordion answers may be collapsed.
/ar/brands/land-rover-service-dubai/ac-repair,brand-service,"Answer | Brand | BreadcrumbList | City | ContactPoint | FAQPage | ImageObject | ListItem | Offer | OfferCatalog | Organization | PostalAddress | Question | Service | WebPage | WebSite | ['AutoRepair', 'AutomotiveBusiness']",PASS,PRESENT,YES,4,4,True,1,True,25,,,,RETAINED,NO,FAQ presence checked against initial HTML excluding script/style; accordion answers may be collapsed.
/ar/brands/land-rover-service-dubai/battery-replacement,brand-service,"Answer | Brand | BreadcrumbList | City | ContactPoint | FAQPage | ImageObject | ListItem | Offer | OfferCatalog | Organization | PostalAddress | Question | Service | WebPage | WebSite | ['AutoRepair', 'AutomotiveBusiness']",PASS,PRESENT,YES,4,4,True,1,True,25,,,,RETAINED,NO,FAQ presence checked against initial HTML excluding script/style; accordion answers may be collapsed.
/ar/brands/land-rover-service-dubai/body-repair,brand-service,"Answer | Brand | BreadcrumbList | City | ContactPoint | FAQPage | ImageObject | ListItem | Offer | OfferCatalog | Organization | PostalAddress | Question | Service | WebPage | WebSite | ['AutoRepair', 'AutomotiveBusiness']",PASS,PRESENT,YES,4,4,True,1,True,25,,,,RETAINED,NO,FAQ presence checked against initial HTML excluding script/style; accordion answers may be collapsed.
/ar/brands/land-rover-service-dubai/brake-repair,brand-service,"Answer | Brand | BreadcrumbList | City | ContactPoint | FAQPage | ImageObject | ListItem | Offer | OfferCatalog | Organization | PostalAddress | Question | Service | WebPage | WebSite | ['AutoRepair', 'AutomotiveBusiness']",PASS,PRESENT,YES,4,4,True,1,True,25,,,,RETAINED,NO,FAQ presence checked against initial HTML excluding script/style; accordion answers may be collapsed.
/ar/brands/land-rover-service-dubai/electrical-repair,brand-service,"Answer | Brand | BreadcrumbList | City | ContactPoint | FAQPage | ImageObject | ListItem | Offer | OfferCatalog | Organization | PostalAddress | Question | Service | WebPage | WebSite | ['AutoRepair', 'AutomotiveBusiness']",PASS,PRESENT,YES,4,4,True,1,True,25,,,,RETAINED,NO,FAQ presence checked against initial HTML excluding script/style; accordion answers may be collapsed.
/ar/brands/land-rover-service-dubai/engine-diagnostics,brand-service,"Answer | Brand | BreadcrumbList | City | ContactPoint | FAQPage | ImageObject | ListItem | Offer | OfferCatalog | Organization | PostalAddress | Question | Service | WebPage | WebSite | ['AutoRepair', 'AutomotiveBusiness']",PASS,PRESENT,YES,4,4,True,1,True,25,,,,RETAINED,NO,FAQ presence checked against initial HTML excluding script/style; accordion answers may be collapsed.
/ar/brands/land-rover-service-dubai/exhaust-repair,brand-service,"Answer | Brand | BreadcrumbList | City | ContactPoint | FAQPage | ImageObject | ListItem | Offer | OfferCatalog | Organization | PostalAddress | Question | Service | WebPage | WebSite | ['AutoRepair', 'AutomotiveBusiness']",PASS,PRESENT,YES,4,4,True,1,True,25,,,,RETAINED,NO,FAQ presence checked against initial HTML excluding script/style; accordion answers may be collapsed.
/ar/brands/land-rover-service-dubai/fuel-system-repair,brand-service,"Answer | Brand | BreadcrumbList | City | ContactPoint | FAQPage | ImageObject | ListItem | Offer | OfferCatalog | Organization | PostalAddress | Question | Service | WebPage | WebSite | ['AutoRepair', 'AutomotiveBusiness']",PASS,PRESENT,YES,4,4,True,1,True,25,,,,RETAINED,NO,FAQ presence checked against initial HTML excluding script/style; accordion answers may be collapsed.
/ar/brands/land-rover-service-dubai/mechanical-repair,brand-service,"Answer | Brand | BreadcrumbList | City | ContactPoint | FAQPage | ImageObject | ListItem | Offer | OfferCatalog | Organization | PostalAddress | Question | Service | WebPage | WebSite | ['AutoRepair', 'AutomotiveBusiness']",PASS,PRESENT,YES,4,4,True,1,True,25,,,,RETAINED,NO,FAQ presence checked against initial HTML excluding script/style; accordion answers may be collapsed.
/ar/brands/land-rover-service-dubai/oil-change,brand-service,"Answer | Brand | BreadcrumbList | City | ContactPoint | FAQPage | ImageObject | ListItem | Offer | OfferCatalog | Organization | PostalAddress | Question | Service | WebPage | WebSite | ['AutoRepair', 'AutomotiveBusiness']",PASS,PRESENT,YES,4,4,True,1,True,25,,,,RETAINED,NO,FAQ presence checked against initial HTML excluding script/style; accordion answers may be collapsed.
/ar/brands/land-rover-service-dubai/steering-repair,brand-service,"Answer | Brand | BreadcrumbList | City | ContactPoint | FAQPage | ImageObject | ListItem | Offer | OfferCatalog | Organization | PostalAddress | Question | Service | WebPage | WebSite | ['AutoRepair', 'AutomotiveBusiness']",PASS,PRESENT,YES,4,4,True,1,True,25,,,,RETAINED,NO,FAQ presence checked against initial HTML excluding script/style; accordion answers may be collapsed.
/ar/brands/land-rover-service-dubai/suspension-repair,brand-service,"Answer | Brand | BreadcrumbList | City | ContactPoint | FAQPage | ImageObject | ListItem | Offer | OfferCatalog | Organization | PostalAddress | Question | Service | WebPage | WebSite | ['AutoRepair', 'AutomotiveBusiness']",PASS,PRESENT,YES,4,4,True,1,True,25,,,,RETAINED,NO,FAQ presence checked against initial HTML excluding script/style; accordion answers may be collapsed.
/ar/brands/land-rover-service-dubai/tire-repair,brand-service,"Answer | Brand | BreadcrumbList | City | ContactPoint | FAQPage | ImageObject | ListItem | Offer | OfferCatalog | Organization | PostalAddress | Question | Service | WebPage | WebSite | ['AutoRepair', 'AutomotiveBusiness']",PASS,PRESENT,YES,4,4,True,1,True,25,,,,RETAINED,NO,FAQ presence checked against initial HTML excluding script/style; accordion answers may be collapsed.
/ar/brands/land-rover-service-dubai/transmission-repair,brand-service,"Answer | Brand | BreadcrumbList | City | ContactPoint | FAQPage | ImageObject | ListItem | Offer | OfferCatalog | Organization | PostalAddress | Question | Service | WebPage | WebSite | ['AutoRepair', 'AutomotiveBusiness']",PASS,PRESENT,YES,4,4,True,1,True,25,,,,RETAINED,NO,FAQ presence checked against initial HTML excluding script/style; accordion answers may be collapsed.
/ar/brands/lincoln-service-dubai,brand,"Answer | Brand | BreadcrumbList | City | ContactPoint | FAQPage | ImageObject | ListItem | Offer | OfferCatalog | Organization | PostalAddress | Question | Service | WebPage | WebSite | ['AutoRepair', 'AutomotiveBusiness']",PASS,PRESENT,YES,0,4,True,1,True,28,,كم مرة تحتاج سيارة Lincoln إلى الصيانة في دبي؟ | هل تستخدمون قطعاً أصلية لسيارات Lincoln؟ | كم تستغرق صيانة Lincoln؟ | كيف أحجز خدمة لسيارة Lincoln؟,,REVIEW,REVIEW,FAQ presence checked against initial HTML excluding script/style; accordion answers may be collapsed.
/ar/brands/lincoln-service-dubai/ac-repair,brand-service,"Answer | Brand | BreadcrumbList | City | ContactPoint | FAQPage | ImageObject | ListItem | Offer | OfferCatalog | Organization | PostalAddress | Question | Service | WebPage | WebSite | ['AutoRepair', 'AutomotiveBusiness']",PASS,PRESENT,YES,4,4,True,1,True,17,,,,RETAINED,NO,FAQ presence checked against initial HTML excluding script/style; accordion answers may be collapsed.
/ar/brands/lincoln-service-dubai/brake-repair,brand-service,"Answer | Brand | BreadcrumbList | City | ContactPoint | FAQPage | ImageObject | ListItem | Offer | OfferCatalog | Organization | PostalAddress | Question | Service | WebPage | WebSite | ['AutoRepair', 'AutomotiveBusiness']",PASS,PRESENT,YES,4,4,True,1,True,17,,,,RETAINED,NO,FAQ presence checked against initial HTML excluding script/style; accordion answers may be collapsed.
/ar/brands/lincoln-service-dubai/engine-diagnostics,brand-service,"Answer | Brand | BreadcrumbList | City | ContactPoint | FAQPage | ImageObject | ListItem | Offer | OfferCatalog | Organization | PostalAddress | Question | Service | WebPage | WebSite | ['AutoRepair', 'AutomotiveBusiness']",PASS,PRESENT,YES,4,4,True,1,True,17,,,,RETAINED,NO,FAQ presence checked against initial HTML excluding script/style; accordion answers may be collapsed.
/ar/brands/lincoln-service-dubai/oil-change,brand-service,"Answer | Brand | BreadcrumbList | City | ContactPoint | FAQPage | ImageObject | ListItem | Offer | OfferCatalog | Organization | PostalAddress | Question | Service | WebPage | WebSite | ['AutoRepair', 'AutomotiveBusiness']",PASS,PRESENT,YES,4,4,True,1,True,17,,,,RETAINED,NO,FAQ presence checked against initial HTML excluding script/style; accordion answers may be collapsed.
/ar/brands/lincoln-service-dubai/suspension-repair,brand-service,"Answer | Brand | BreadcrumbList | City | ContactPoint | FAQPage | ImageObject | ListItem | Offer | OfferCatalog | Organization | PostalAddress | Question | Service | WebPage | WebSite | ['AutoRepair', 'AutomotiveBusiness']",PASS,PRESENT,YES,4,4,True,1,True,17,,,,RETAINED,NO,FAQ presence checked against initial HTML excluding script/style; accordion answers may be collapsed.
/ar/brands/lincoln-service-dubai/transmission-repair,brand-service,"Answer | Brand | BreadcrumbList | City | ContactPoint | FAQPage | ImageObject | ListItem | Offer | OfferCatalog | Organization | PostalAddress | Question | Service | WebPage | WebSite | ['AutoRepair', 'AutomotiveBusiness']",PASS,PRESENT,YES,4,4,True,1,True,17,,,,RETAINED,NO,FAQ presence checked against initial HTML excluding script/style; accordion answers may be collapsed.
/ar/brands/maserati-service-dubai,brand,"Answer | Brand | BreadcrumbList | City | ContactPoint | FAQPage | ImageObject | ListItem | Offer | OfferCatalog | Organization | PostalAddress | Question | Service | WebPage | WebSite | ['AutoRepair', 'AutomotiveBusiness']",PASS,PRESENT,YES,0,4,True,1,True,36,,كم مرة تحتاج سيارة Maserati إلى الصيانة في دبي؟ | هل تستخدمون قطعاً أصلية لسيارات Maserati؟ | كم تستغرق صيانة Maserati؟ | كيف أحجز خدمة لسيارة Maserati؟,,REVIEW,REVIEW,FAQ presence checked against initial HTML excluding script/style; accordion answers may be collapsed.
/ar/brands/maserati-service-dubai/ac-repair,brand-service,"Answer | Brand | BreadcrumbList | City | ContactPoint | FAQPage | ImageObject | ListItem | Offer | OfferCatalog | Organization | PostalAddress | Question | Service | WebPage | WebSite | ['AutoRepair', 'AutomotiveBusiness']",PASS,PRESENT,YES,4,4,True,1,True,25,,,,RETAINED,NO,FAQ presence checked against initial HTML excluding script/style; accordion answers may be collapsed.
/ar/brands/maserati-service-dubai/battery-replacement,brand-service,"Answer | Brand | BreadcrumbList | City | ContactPoint | FAQPage | ImageObject | ListItem | Offer | OfferCatalog | Organization | PostalAddress | Question | Service | WebPage | WebSite | ['AutoRepair', 'AutomotiveBusiness']",PASS,PRESENT,YES,4,4,True,1,True,25,,,,RETAINED,NO,FAQ presence checked against initial HTML excluding script/style; accordion answers may be collapsed.
/ar/brands/maserati-service-dubai/body-repair,brand-service,"Answer | Brand | BreadcrumbList | City | ContactPoint | FAQPage | ImageObject | ListItem | Offer | OfferCatalog | Organization | PostalAddress | Question | Service | WebPage | WebSite | ['AutoRepair', 'AutomotiveBusiness']",PASS,PRESENT,YES,4,4,True,1,True,25,,,,RETAINED,NO,FAQ presence checked against initial HTML excluding script/style; accordion answers may be collapsed.
/ar/brands/maserati-service-dubai/brake-repair,brand-service,"Answer | Brand | BreadcrumbList | City | ContactPoint | FAQPage | ImageObject | ListItem | Offer | OfferCatalog | Organization | PostalAddress | Question | Service | WebPage | WebSite | ['AutoRepair', 'AutomotiveBusiness']",PASS,PRESENT,YES,4,4,True,1,True,25,,,,RETAINED,NO,FAQ presence checked against initial HTML excluding script/style; accordion answers may be collapsed.
/ar/brands/maserati-service-dubai/electrical-repair,brand-service,"Answer | Brand | BreadcrumbList | City | ContactPoint | FAQPage | ImageObject | ListItem | Offer | OfferCatalog | Organization | PostalAddress | Question | Service | WebPage | WebSite | ['AutoRepair', 'AutomotiveBusiness']",PASS,PRESENT,YES,4,4,True,1,True,25,,,,RETAINED,NO,FAQ presence checked against initial HTML excluding script/style; accordion answers may be collapsed.
/ar/brands/maserati-service-dubai/engine-diagnostics,brand-service,"Answer | Brand | BreadcrumbList | City | ContactPoint | FAQPage | ImageObject | ListItem | Offer | OfferCatalog | Organization | PostalAddress | Question | Service | WebPage | WebSite | ['AutoRepair', 'AutomotiveBusiness']",PASS,PRESENT,YES,4,4,True,1,True,25,,,,RETAINED,NO,FAQ presence checked against initial HTML excluding script/style; accordion answers may be collapsed.
/ar/brands/maserati-service-dubai/exhaust-repair,brand-service,"Answer | Brand | BreadcrumbList | City | ContactPoint | FAQPage | ImageObject | ListItem | Offer | OfferCatalog | Organization | PostalAddress | Question | Service | WebPage | WebSite | ['AutoRepair', 'AutomotiveBusiness']",PASS,PRESENT,YES,4,4,True,1,True,25,,,,RETAINED,NO,FAQ presence checked against initial HTML excluding script/style; accordion answers may be collapsed.
/ar/brands/maserati-service-dubai/fuel-system-repair,brand-service,"Answer | Brand | BreadcrumbList | City | ContactPoint | FAQPage | ImageObject | ListItem | Offer | OfferCatalog | Organization | PostalAddress | Question | Service | WebPage | WebSite | ['AutoRepair', 'AutomotiveBusiness']",PASS,PRESENT,YES,4,4,True,1,True,25,,,,RETAINED,NO,FAQ presence checked against initial HTML excluding script/style; accordion answers may be collapsed.
/ar/brands/maserati-service-dubai/mechanical-repair,brand-service,"Answer | Brand | BreadcrumbList | City | ContactPoint | FAQPage | ImageObject | ListItem | Offer | OfferCatalog | Organization | PostalAddress | Question | Service | WebPage | WebSite | ['AutoRepair', 'AutomotiveBusiness']",PASS,PRESENT,YES,4,4,True,1,True,25,,,,RETAINED,NO,FAQ presence checked against initial HTML excluding script/style; accordion answers may be collapsed.
/ar/brands/maserati-service-dubai/oil-change,brand-service,"Answer | Brand | BreadcrumbList | City | ContactPoint | FAQPage | ImageObject | ListItem | Offer | OfferCatalog | Organization | PostalAddress | Question | Service | WebPage | WebSite | ['AutoRepair', 'AutomotiveBusiness']",PASS,PRESENT,YES,4,4,True,1,True,25,,,,RETAINED,NO,FAQ presence checked against initial HTML excluding script/style; accordion answers may be collapsed.
/ar/brands/maserati-service-dubai/steering-repair,brand-service,"Answer | Brand | BreadcrumbList | City | ContactPoint | FAQPage | ImageObject | ListItem | Offer | OfferCatalog | Organization | PostalAddress | Question | Service | WebPage | WebSite | ['AutoRepair', 'AutomotiveBusiness']",PASS,PRESENT,YES,4,4,True,1,True,25,,,,RETAINED,NO,FAQ presence checked against initial HTML excluding script/style; accordion answers may be collapsed.
/ar/brands/maserati-service-dubai/suspension-repair,brand-service,"Answer | Brand | BreadcrumbList | City | ContactPoint | FAQPage | ImageObject | ListItem | Offer | OfferCatalog | Organization | PostalAddress | Question | Service | WebPage | WebSite | ['AutoRepair', 'AutomotiveBusiness']",PASS,PRESENT,YES,4,4,True,1,True,25,,,,RETAINED,NO,FAQ presence checked against initial HTML excluding script/style; accordion answers may be collapsed.
/ar/brands/maserati-service-dubai/tire-repair,brand-service,"Answer | Brand | BreadcrumbList | City | ContactPoint | FAQPage | ImageObject | ListItem | Offer | OfferCatalog | Organization | PostalAddress | Question | Service | WebPage | WebSite | ['AutoRepair', 'AutomotiveBusiness']",PASS,PRESENT,YES,4,4,True,1,True,25,,,,RETAINED,NO,FAQ presence checked against initial HTML excluding script/style; accordion answers may be collapsed.
/ar/brands/maserati-service-dubai/transmission-repair,brand-service,"Answer | Brand | BreadcrumbList | City | ContactPoint | FAQPage | ImageObject | ListItem | Offer | OfferCatalog | Organization | PostalAddress | Question | Service | WebPage | WebSite | ['AutoRepair', 'AutomotiveBusiness']",PASS,PRESENT,YES,4,4,True,1,True,25,,,,RETAINED,NO,FAQ presence checked against initial HTML excluding script/style; accordion answers may be collapsed.
/ar/brands/maybach-service-dubai,brand,"Answer | Brand | BreadcrumbList | City | ContactPoint | FAQPage | ImageObject | ListItem | Offer | OfferCatalog | Organization | PostalAddress | Question | Service | WebPage | WebSite | ['AutoRepair', 'AutomotiveBusiness']",PASS,PRESENT,YES,4,4,True,1,True,36,,,,RETAINED,NO,FAQ presence checked against initial HTML excluding script/style; accordion answers may be collapsed.
/ar/brands/maybach-service-dubai/ac-repair,brand-service,"Answer | Brand | BreadcrumbList | City | ContactPoint | FAQPage | ImageObject | ListItem | Offer | OfferCatalog | Organization | PostalAddress | Question | Service | WebPage | WebSite | ['AutoRepair', 'AutomotiveBusiness']",PASS,PRESENT,YES,4,4,True,1,True,25,,,,RETAINED,NO,FAQ presence checked against initial HTML excluding script/style; accordion answers may be collapsed.
/ar/brands/maybach-service-dubai/battery-replacement,brand-service,"Answer | Brand | BreadcrumbList | City | ContactPoint | FAQPage | ImageObject | ListItem | Offer | OfferCatalog | Organization | PostalAddress | Question | Service | WebPage | WebSite | ['AutoRepair', 'AutomotiveBusiness']",PASS,PRESENT,YES,4,4,True,1,True,25,,,,RETAINED,NO,FAQ presence checked against initial HTML excluding script/style; accordion answers may be collapsed.
/ar/brands/maybach-service-dubai/body-repair,brand-service,"Answer | Brand | BreadcrumbList | City | ContactPoint | FAQPage | ImageObject | ListItem | Offer | OfferCatalog | Organization | PostalAddress | Question | Service | WebPage | WebSite | ['AutoRepair', 'AutomotiveBusiness']",PASS,PRESENT,YES,4,4,True,1,True,25,,,,RETAINED,NO,FAQ presence checked against initial HTML excluding script/style; accordion answers may be collapsed.
/ar/brands/maybach-service-dubai/brake-repair,brand-service,"Answer | Brand | BreadcrumbList | City | ContactPoint | FAQPage | ImageObject | ListItem | Offer | OfferCatalog | Organization | PostalAddress | Question | Service | WebPage | WebSite | ['AutoRepair', 'AutomotiveBusiness']",PASS,PRESENT,YES,4,4,True,1,True,25,,,,RETAINED,NO,FAQ presence checked against initial HTML excluding script/style; accordion answers may be collapsed.
/ar/brands/maybach-service-dubai/electrical-repair,brand-service,"Answer | Brand | BreadcrumbList | City | ContactPoint | FAQPage | ImageObject | ListItem | Offer | OfferCatalog | Organization | PostalAddress | Question | Service | WebPage | WebSite | ['AutoRepair', 'AutomotiveBusiness']",PASS,PRESENT,YES,4,4,True,1,True,25,,,,RETAINED,NO,FAQ presence checked against initial HTML excluding script/style; accordion answers may be collapsed.
/ar/brands/maybach-service-dubai/engine-diagnostics,brand-service,"Answer | Brand | BreadcrumbList | City | ContactPoint | FAQPage | ImageObject | ListItem | Offer | OfferCatalog | Organization | PostalAddress | Question | Service | WebPage | WebSite | ['AutoRepair', 'AutomotiveBusiness']",PASS,PRESENT,YES,4,4,True,1,True,25,,,,RETAINED,NO,FAQ presence checked against initial HTML excluding script/style; accordion answers may be collapsed.
/ar/brands/maybach-service-dubai/exhaust-repair,brand-service,"Answer | Brand | BreadcrumbList | City | ContactPoint | FAQPage | ImageObject | ListItem | Offer | OfferCatalog | Organization | PostalAddress | Question | Service | WebPage | WebSite | ['AutoRepair', 'AutomotiveBusiness']",PASS,PRESENT,YES,4,4,True,1,True,25,,,,RETAINED,NO,FAQ presence checked against initial HTML excluding script/style; accordion answers may be collapsed.
/ar/brands/maybach-service-dubai/fuel-system-repair,brand-service,"Answer | Brand | BreadcrumbList | City | ContactPoint | FAQPage | ImageObject | ListItem | Offer | OfferCatalog | Organization | PostalAddress | Question | Service | WebPage | WebSite | ['AutoRepair', 'AutomotiveBusiness']",PASS,PRESENT,YES,4,4,True,1,True,25,,,,RETAINED,NO,FAQ presence checked against initial HTML excluding script/style; accordion answers may be collapsed.
/ar/brands/maybach-service-dubai/mechanical-repair,brand-service,"Answer | Brand | BreadcrumbList | City | ContactPoint | FAQPage | ImageObject | ListItem | Offer | OfferCatalog | Organization | PostalAddress | Question | Service | WebPage | WebSite | ['AutoRepair', 'AutomotiveBusiness']",PASS,PRESENT,YES,4,4,True,1,True,25,,,,RETAINED,NO,FAQ presence checked against initial HTML excluding script/style; accordion answers may be collapsed.
/ar/brands/maybach-service-dubai/oil-change,brand-service,"Answer | Brand | BreadcrumbList | City | ContactPoint | FAQPage | ImageObject | ListItem | Offer | OfferCatalog | Organization | PostalAddress | Question | Service | WebPage | WebSite | ['AutoRepair', 'AutomotiveBusiness']",PASS,PRESENT,YES,4,4,True,1,True,25,,,,RETAINED,NO,FAQ presence checked against initial HTML excluding script/style; accordion answers may be collapsed.
/ar/brands/maybach-service-dubai/steering-repair,brand-service,"Answer | Brand | BreadcrumbList | City | ContactPoint | FAQPage | ImageObject | ListItem | Offer | OfferCatalog | Organization | PostalAddress | Question | Service | WebPage | WebSite | ['AutoRepair', 'AutomotiveBusiness']",PASS,PRESENT,YES,4,4,True,1,True,25,,,,RETAINED,NO,FAQ presence checked against initial HTML excluding script/style; accordion answers may be collapsed.
/ar/brands/maybach-service-dubai/suspension-repair,brand-service,"Answer | Brand | BreadcrumbList | City | ContactPoint | FAQPage | ImageObject | ListItem | Offer | OfferCatalog | Organization | PostalAddress | Question | Service | WebPage | WebSite | ['AutoRepair', 'AutomotiveBusiness']",PASS,PRESENT,YES,4,4,True,1,True,25,,,,RETAINED,NO,FAQ presence checked against initial HTML excluding script/style; accordion answers may be collapsed.
/ar/brands/maybach-service-dubai/tire-repair,brand-service,"Answer | Brand | BreadcrumbList | City | ContactPoint | FAQPage | ImageObject | ListItem | Offer | OfferCatalog | Organization | PostalAddress | Question | Service | WebPage | WebSite | ['AutoRepair', 'AutomotiveBusiness']",PASS,PRESENT,YES,4,4,True,1,True,25,,,,RETAINED,NO,FAQ presence checked against initial HTML excluding script/style; accordion answers may be collapsed.
/ar/brands/maybach-service-dubai/transmission-repair,brand-service,"Answer | Brand | BreadcrumbList | City | ContactPoint | FAQPage | ImageObject | ListItem | Offer | OfferCatalog | Organization | PostalAddress | Question | Service | WebPage | WebSite | ['AutoRepair', 'AutomotiveBusiness']",PASS,PRESENT,YES,4,4,True,1,True,25,,,,RETAINED,NO,FAQ presence checked against initial HTML excluding script/style; accordion answers may be collapsed.
/ar/brands/mclaren-service-dubai,brand,"Answer | Brand | BreadcrumbList | City | ContactPoint | FAQPage | ImageObject | ListItem | Offer | OfferCatalog | Organization | PostalAddress | Question | Service | WebPage | WebSite | ['AutoRepair', 'AutomotiveBusiness']",PASS,PRESENT,YES,0,4,True,1,True,36,,كم مرة تحتاج سيارة McLaren إلى الصيانة في دبي؟ | هل تستخدمون قطعاً أصلية لسيارات McLaren؟ | كم تستغرق صيانة McLaren؟ | كيف أحجز خدمة لسيارة McLaren؟,,REVIEW,REVIEW,FAQ presence checked against initial HTML excluding script/style; accordion answers may be collapsed.
/ar/brands/mclaren-service-dubai/ac-repair,brand-service,"Answer | Brand | BreadcrumbList | City | ContactPoint | FAQPage | ImageObject | ListItem | Offer | OfferCatalog | Organization | PostalAddress | Question | Service | WebPage | WebSite | ['AutoRepair', 'AutomotiveBusiness']",PASS,PRESENT,YES,4,4,True,1,True,25,,,,RETAINED,NO,FAQ presence checked against initial HTML excluding script/style; accordion answers may be collapsed.
/ar/brands/mclaren-service-dubai/battery-replacement,brand-service,"Answer | Brand | BreadcrumbList | City | ContactPoint | FAQPage | ImageObject | ListItem | Offer | OfferCatalog | Organization | PostalAddress | Question | Service | WebPage | WebSite | ['AutoRepair', 'AutomotiveBusiness']",PASS,PRESENT,YES,4,4,True,1,True,25,,,,RETAINED,NO,FAQ presence checked against initial HTML excluding script/style; accordion answers may be collapsed.
/ar/brands/mclaren-service-dubai/body-repair,brand-service,"Answer | Brand | BreadcrumbList | City | ContactPoint | FAQPage | ImageObject | ListItem | Offer | OfferCatalog | Organization | PostalAddress | Question | Service | WebPage | WebSite | ['AutoRepair', 'AutomotiveBusiness']",PASS,PRESENT,YES,4,4,True,1,True,25,,,,RETAINED,NO,FAQ presence checked against initial HTML excluding script/style; accordion answers may be collapsed.
/ar/brands/mclaren-service-dubai/brake-repair,brand-service,"Answer | Brand | BreadcrumbList | City | ContactPoint | FAQPage | ImageObject | ListItem | Offer | OfferCatalog | Organization | PostalAddress | Question | Service | WebPage | WebSite | ['AutoRepair', 'AutomotiveBusiness']",PASS,PRESENT,YES,4,4,True,1,True,25,,,,RETAINED,NO,FAQ presence checked against initial HTML excluding script/style; accordion answers may be collapsed.
/ar/brands/mclaren-service-dubai/electrical-repair,brand-service,"Answer | Brand | BreadcrumbList | City | ContactPoint | FAQPage | ImageObject | ListItem | Offer | OfferCatalog | Organization | PostalAddress | Question | Service | WebPage | WebSite | ['AutoRepair', 'AutomotiveBusiness']",PASS,PRESENT,YES,4,4,True,1,True,25,,,,RETAINED,NO,FAQ presence checked against initial HTML excluding script/style; accordion answers may be collapsed.
/ar/brands/mclaren-service-dubai/engine-diagnostics,brand-service,"Answer | Brand | BreadcrumbList | City | ContactPoint | FAQPage | ImageObject | ListItem | Offer | OfferCatalog | Organization | PostalAddress | Question | Service | WebPage | WebSite | ['AutoRepair', 'AutomotiveBusiness']",PASS,PRESENT,YES,4,4,True,1,True,25,,,,RETAINED,NO,FAQ presence checked against initial HTML excluding script/style; accordion answers may be collapsed.
/ar/brands/mclaren-service-dubai/exhaust-repair,brand-service,"Answer | Brand | BreadcrumbList | City | ContactPoint | FAQPage | ImageObject | ListItem | Offer | OfferCatalog | Organization | PostalAddress | Question | Service | WebPage | WebSite | ['AutoRepair', 'AutomotiveBusiness']",PASS,PRESENT,YES,4,4,True,1,True,25,,,,RETAINED,NO,FAQ presence checked against initial HTML excluding script/style; accordion answers may be collapsed.
/ar/brands/mclaren-service-dubai/fuel-system-repair,brand-service,"Answer | Brand | BreadcrumbList | City | ContactPoint | FAQPage | ImageObject | ListItem | Offer | OfferCatalog | Organization | PostalAddress | Question | Service | WebPage | WebSite | ['AutoRepair', 'AutomotiveBusiness']",PASS,PRESENT,YES,4,4,True,1,True,25,,,,RETAINED,NO,FAQ presence checked against initial HTML excluding script/style; accordion answers may be collapsed.
/ar/brands/mclaren-service-dubai/mechanical-repair,brand-service,"Answer | Brand | BreadcrumbList | City | ContactPoint | FAQPage | ImageObject | ListItem | Offer | OfferCatalog | Organization | PostalAddress | Question | Service | WebPage | WebSite | ['AutoRepair', 'AutomotiveBusiness']",PASS,PRESENT,YES,4,4,True,1,True,25,,,,RETAINED,NO,FAQ presence checked against initial HTML excluding script/style; accordion answers may be collapsed.
/ar/brands/mclaren-service-dubai/oil-change,brand-service,"Answer | Brand | BreadcrumbList | City | ContactPoint | FAQPage | ImageObject | ListItem | Offer | OfferCatalog | Organization | PostalAddress | Question | Service | WebPage | WebSite | ['AutoRepair', 'AutomotiveBusiness']",PASS,PRESENT,YES,4,4,True,1,True,25,,,,RETAINED,NO,FAQ presence checked against initial HTML excluding script/style; accordion answers may be collapsed.
/ar/brands/mclaren-service-dubai/steering-repair,brand-service,"Answer | Brand | BreadcrumbList | City | ContactPoint | FAQPage | ImageObject | ListItem | Offer | OfferCatalog | Organization | PostalAddress | Question | Service | WebPage | WebSite | ['AutoRepair', 'AutomotiveBusiness']",PASS,PRESENT,YES,4,4,True,1,True,25,,,,RETAINED,NO,FAQ presence checked against initial HTML excluding script/style; accordion answers may be collapsed.
/ar/brands/mclaren-service-dubai/suspension-repair,brand-service,"Answer | Brand | BreadcrumbList | City | ContactPoint | FAQPage | ImageObject | ListItem | Offer | OfferCatalog | Organization | PostalAddress | Question | Service | WebPage | WebSite | ['AutoRepair', 'AutomotiveBusiness']",PASS,PRESENT,YES,4,4,True,1,True,25,,,,RETAINED,NO,FAQ presence checked against initial HTML excluding script/style; accordion answers may be collapsed.
/ar/brands/mclaren-service-dubai/tire-repair,brand-service,"Answer | Brand | BreadcrumbList | City | ContactPoint | FAQPage | ImageObject | ListItem | Offer | OfferCatalog | Organization | PostalAddress | Question | Service | WebPage | WebSite | ['AutoRepair', 'AutomotiveBusiness']",PASS,PRESENT,YES,4,4,True,1,True,25,,,,RETAINED,NO,FAQ presence checked against initial HTML excluding script/style; accordion answers may be collapsed.
/ar/brands/mclaren-service-dubai/transmission-repair,brand-service,"Answer | Brand | BreadcrumbList | City | ContactPoint | FAQPage | ImageObject | ListItem | Offer | OfferCatalog | Organization | PostalAddress | Question | Service | WebPage | WebSite | ['AutoRepair', 'AutomotiveBusiness']",PASS,PRESENT,YES,4,4,True,1,True,25,,,,RETAINED,NO,FAQ presence checked against initial HTML excluding script/style; accordion answers may be collapsed.
/ar/brands/mercedes-benz-service-dubai,brand,"Answer | Brand | BreadcrumbList | City | ContactPoint | FAQPage | ImageObject | ListItem | Offer | OfferCatalog | Organization | PostalAddress | Question | Service | WebPage | WebSite | ['AutoRepair', 'AutomotiveBusiness']",PASS,PRESENT,YES,5,5,True,1,True,31,,,,RETAINED,NO,FAQ presence checked against initial HTML excluding script/style; accordion answers may be collapsed.
/ar/brands/mini-service-dubai,brand,"Answer | Brand | BreadcrumbList | City | ContactPoint | FAQPage | ImageObject | ListItem | Offer | OfferCatalog | Organization | PostalAddress | Question | Service | WebPage | WebSite | ['AutoRepair', 'AutomotiveBusiness']",PASS,PRESENT,YES,0,4,True,1,True,28,,كم مرة تحتاج سيارة MINI إلى الصيانة في دبي؟ | هل تستخدمون قطعاً أصلية لسيارات MINI؟ | كم تستغرق صيانة MINI؟ | كيف أحجز خدمة لسيارة MINI؟,,REVIEW,REVIEW,FAQ presence checked against initial HTML excluding script/style; accordion answers may be collapsed.
/ar/brands/mini-service-dubai/ac-repair,brand-service,"Answer | Brand | BreadcrumbList | City | ContactPoint | FAQPage | ImageObject | ListItem | Offer | OfferCatalog | Organization | PostalAddress | Question | Service | WebPage | WebSite | ['AutoRepair', 'AutomotiveBusiness']",PASS,PRESENT,YES,4,4,True,1,True,17,,,,RETAINED,NO,FAQ presence checked against initial HTML excluding script/style; accordion answers may be collapsed.
/ar/brands/mini-service-dubai/brake-repair,brand-service,"Answer | Brand | BreadcrumbList | City | ContactPoint | FAQPage | ImageObject | ListItem | Offer | OfferCatalog | Organization | PostalAddress | Question | Service | WebPage | WebSite | ['AutoRepair', 'AutomotiveBusiness']",PASS,PRESENT,YES,4,4,True,1,True,17,,,,RETAINED,NO,FAQ presence checked against initial HTML excluding script/style; accordion answers may be collapsed.
/ar/brands/mini-service-dubai/engine-diagnostics,brand-service,"Answer | Brand | BreadcrumbList | City | ContactPoint | FAQPage | ImageObject | ListItem | Offer | OfferCatalog | Organization | PostalAddress | Question | Service | WebPage | WebSite | ['AutoRepair', 'AutomotiveBusiness']",PASS,PRESENT,YES,4,4,True,1,True,17,,,,RETAINED,NO,FAQ presence checked against initial HTML excluding script/style; accordion answers may be collapsed.
/ar/brands/mini-service-dubai/oil-change,brand-service,"Answer | Brand | BreadcrumbList | City | ContactPoint | FAQPage | ImageObject | ListItem | Offer | OfferCatalog | Organization | PostalAddress | Question | Service | WebPage | WebSite | ['AutoRepair', 'AutomotiveBusiness']",PASS,PRESENT,YES,4,4,True,1,True,17,,,,RETAINED,NO,FAQ presence checked against initial HTML excluding script/style; accordion answers may be collapsed.
/ar/brands/mini-service-dubai/suspension-repair,brand-service,"Answer | Brand | BreadcrumbList | City | ContactPoint | FAQPage | ImageObject | ListItem | Offer | OfferCatalog | Organization | PostalAddress | Question | Service | WebPage | WebSite | ['AutoRepair', 'AutomotiveBusiness']",PASS,PRESENT,YES,4,4,True,1,True,17,,,,RETAINED,NO,FAQ presence checked against initial HTML excluding script/style; accordion answers may be collapsed.
/ar/brands/mini-service-dubai/transmission-repair,brand-service,"Answer | Brand | BreadcrumbList | City | ContactPoint | FAQPage | ImageObject | ListItem | Offer | OfferCatalog | Organization | PostalAddress | Question | Service | WebPage | WebSite | ['AutoRepair', 'AutomotiveBusiness']",PASS,PRESENT,YES,4,4,True,1,True,17,,,,RETAINED,NO,FAQ presence checked against initial HTML excluding script/style; accordion answers may be collapsed.
/ar/brands/pagani-service-dubai,brand,"Answer | Brand | BreadcrumbList | City | ContactPoint | FAQPage | ImageObject | ListItem | Offer | OfferCatalog | Organization | PostalAddress | Question | Service | WebPage | WebSite | ['AutoRepair', 'AutomotiveBusiness']",PASS,PRESENT,YES,0,4,True,1,True,36,,كم مرة تحتاج سيارة Pagani إلى الصيانة في دبي؟ | هل تستخدمون قطعاً أصلية لسيارات Pagani؟ | كم تستغرق صيانة Pagani؟ | كيف أحجز خدمة لسيارة Pagani؟,,REVIEW,REVIEW,FAQ presence checked against initial HTML excluding script/style; accordion answers may be collapsed.
/ar/brands/pagani-service-dubai/ac-repair,brand-service,"Answer | Brand | BreadcrumbList | City | ContactPoint | FAQPage | ImageObject | ListItem | Offer | OfferCatalog | Organization | PostalAddress | Question | Service | WebPage | WebSite | ['AutoRepair', 'AutomotiveBusiness']",PASS,PRESENT,YES,4,4,True,1,True,25,,,,RETAINED,NO,FAQ presence checked against initial HTML excluding script/style; accordion answers may be collapsed.
/ar/brands/pagani-service-dubai/battery-replacement,brand-service,"Answer | Brand | BreadcrumbList | City | ContactPoint | FAQPage | ImageObject | ListItem | Offer | OfferCatalog | Organization | PostalAddress | Question | Service | WebPage | WebSite | ['AutoRepair', 'AutomotiveBusiness']",PASS,PRESENT,YES,4,4,True,1,True,25,,,,RETAINED,NO,FAQ presence checked against initial HTML excluding script/style; accordion answers may be collapsed.
/ar/brands/pagani-service-dubai/body-repair,brand-service,"Answer | Brand | BreadcrumbList | City | ContactPoint | FAQPage | ImageObject | ListItem | Offer | OfferCatalog | Organization | PostalAddress | Question | Service | WebPage | WebSite | ['AutoRepair', 'AutomotiveBusiness']",PASS,PRESENT,YES,4,4,True,1,True,25,,,,RETAINED,NO,FAQ presence checked against initial HTML excluding script/style; accordion answers may be collapsed.
/ar/brands/pagani-service-dubai/brake-repair,brand-service,"Answer | Brand | BreadcrumbList | City | ContactPoint | FAQPage | ImageObject | ListItem | Offer | OfferCatalog | Organization | PostalAddress | Question | Service | WebPage | WebSite | ['AutoRepair', 'AutomotiveBusiness']",PASS,PRESENT,YES,4,4,True,1,True,25,,,,RETAINED,NO,FAQ presence checked against initial HTML excluding script/style; accordion answers may be collapsed.
/ar/brands/pagani-service-dubai/electrical-repair,brand-service,"Answer | Brand | BreadcrumbList | City | ContactPoint | FAQPage | ImageObject | ListItem | Offer | OfferCatalog | Organization | PostalAddress | Question | Service | WebPage | WebSite | ['AutoRepair', 'AutomotiveBusiness']",PASS,PRESENT,YES,4,4,True,1,True,25,,,,RETAINED,NO,FAQ presence checked against initial HTML excluding script/style; accordion answers may be collapsed.
/ar/brands/pagani-service-dubai/engine-diagnostics,brand-service,"Answer | Brand | BreadcrumbList | City | ContactPoint | FAQPage | ImageObject | ListItem | Offer | OfferCatalog | Organization | PostalAddress | Question | Service | WebPage | WebSite | ['AutoRepair', 'AutomotiveBusiness']",PASS,PRESENT,YES,4,4,True,1,True,25,,,,RETAINED,NO,FAQ presence checked against initial HTML excluding script/style; accordion answers may be collapsed.
/ar/brands/pagani-service-dubai/exhaust-repair,brand-service,"Answer | Brand | BreadcrumbList | City | ContactPoint | FAQPage | ImageObject | ListItem | Offer | OfferCatalog | Organization | PostalAddress | Question | Service | WebPage | WebSite | ['AutoRepair', 'AutomotiveBusiness']",PASS,PRESENT,YES,4,4,True,1,True,25,,,,RETAINED,NO,FAQ presence checked against initial HTML excluding script/style; accordion answers may be collapsed.
/ar/brands/pagani-service-dubai/fuel-system-repair,brand-service,"Answer | Brand | BreadcrumbList | City | ContactPoint | FAQPage | ImageObject | ListItem | Offer | OfferCatalog | Organization | PostalAddress | Question | Service | WebPage | WebSite | ['AutoRepair', 'AutomotiveBusiness']",PASS,PRESENT,YES,4,4,True,1,True,25,,,,RETAINED,NO,FAQ presence checked against initial HTML excluding script/style; accordion answers may be collapsed.
/ar/brands/pagani-service-dubai/mechanical-repair,brand-service,"Answer | Brand | BreadcrumbList | City | ContactPoint | FAQPage | ImageObject | ListItem | Offer | OfferCatalog | Organization | PostalAddress | Question | Service | WebPage | WebSite | ['AutoRepair', 'AutomotiveBusiness']",PASS,PRESENT,YES,4,4,True,1,True,25,,,,RETAINED,NO,FAQ presence checked against initial HTML excluding script/style; accordion answers may be collapsed.
/ar/brands/pagani-service-dubai/oil-change,brand-service,"Answer | Brand | BreadcrumbList | City | ContactPoint | FAQPage | ImageObject | ListItem | Offer | OfferCatalog | Organization | PostalAddress | Question | Service | WebPage | WebSite | ['AutoRepair', 'AutomotiveBusiness']",PASS,PRESENT,YES,4,4,True,1,True,25,,,,RETAINED,NO,FAQ presence checked against initial HTML excluding script/style; accordion answers may be collapsed.
/ar/brands/pagani-service-dubai/steering-repair,brand-service,"Answer | Brand | BreadcrumbList | City | ContactPoint | FAQPage | ImageObject | ListItem | Offer | OfferCatalog | Organization | PostalAddress | Question | Service | WebPage | WebSite | ['AutoRepair', 'AutomotiveBusiness']",PASS,PRESENT,YES,4,4,True,1,True,25,,,,RETAINED,NO,FAQ presence checked against initial HTML excluding script/style; accordion answers may be collapsed.
/ar/brands/pagani-service-dubai/suspension-repair,brand-service,"Answer | Brand | BreadcrumbList | City | ContactPoint | FAQPage | ImageObject | ListItem | Offer | OfferCatalog | Organization | PostalAddress | Question | Service | WebPage | WebSite | ['AutoRepair', 'AutomotiveBusiness']",PASS,PRESENT,YES,4,4,True,1,True,25,,,,RETAINED,NO,FAQ presence checked against initial HTML excluding script/style; accordion answers may be collapsed.
/ar/brands/pagani-service-dubai/tire-repair,brand-service,"Answer | Brand | BreadcrumbList | City | ContactPoint | FAQPage | ImageObject | ListItem | Offer | OfferCatalog | Organization | PostalAddress | Question | Service | WebPage | WebSite | ['AutoRepair', 'AutomotiveBusiness']",PASS,PRESENT,YES,4,4,True,1,True,25,,,,RETAINED,NO,FAQ presence checked against initial HTML excluding script/style; accordion answers may be collapsed.
/ar/brands/pagani-service-dubai/transmission-repair,brand-service,"Answer | Brand | BreadcrumbList | City | ContactPoint | FAQPage | ImageObject | ListItem | Offer | OfferCatalog | Organization | PostalAddress | Question | Service | WebPage | WebSite | ['AutoRepair', 'AutomotiveBusiness']",PASS,PRESENT,YES,4,4,True,1,True,25,,,,RETAINED,NO,FAQ presence checked against initial HTML excluding script/style; accordion answers may be collapsed.
/ar/brands/porsche-service-dubai,brand,"Answer | Brand | BreadcrumbList | City | ContactPoint | FAQPage | ImageObject | ListItem | Offer | OfferCatalog | Organization | PostalAddress | Question | Service | WebPage | WebSite | ['AutoRepair', 'AutomotiveBusiness']",PASS,PRESENT,YES,4,4,True,1,True,42,,,,RETAINED,NO,FAQ presence checked against initial HTML excluding script/style; accordion answers may be collapsed.
/ar/brands/porsche-service-dubai/ac-repair,brand-service,"Answer | Brand | BreadcrumbList | City | ContactPoint | FAQPage | ImageObject | ListItem | Offer | OfferCatalog | Organization | PostalAddress | Question | Service | WebPage | WebSite | ['AutoRepair', 'AutomotiveBusiness']",PASS,PRESENT,YES,2,2,True,1,True,25,,,,RETAINED,NO,FAQ presence checked against initial HTML excluding script/style; accordion answers may be collapsed.
/ar/brands/porsche-service-dubai/battery-replacement,brand-service,"Answer | Brand | BreadcrumbList | City | ContactPoint | FAQPage | ImageObject | ListItem | Offer | OfferCatalog | Organization | PostalAddress | Question | Service | WebPage | WebSite | ['AutoRepair', 'AutomotiveBusiness']",PASS,PRESENT,YES,2,2,True,1,True,25,,,,RETAINED,NO,FAQ presence checked against initial HTML excluding script/style; accordion answers may be collapsed.
/ar/brands/porsche-service-dubai/body-repair,brand-service,"Answer | Brand | BreadcrumbList | City | ContactPoint | FAQPage | ImageObject | ListItem | Offer | OfferCatalog | Organization | PostalAddress | Question | Service | WebPage | WebSite | ['AutoRepair', 'AutomotiveBusiness']",PASS,PRESENT,YES,2,2,True,1,True,25,,,,RETAINED,NO,FAQ presence checked against initial HTML excluding script/style; accordion answers may be collapsed.
/ar/brands/porsche-service-dubai/brake-repair,brand-service,"Answer | Brand | BreadcrumbList | City | ContactPoint | FAQPage | ImageObject | ListItem | Offer | OfferCatalog | Organization | PostalAddress | Question | Service | WebPage | WebSite | ['AutoRepair', 'AutomotiveBusiness']",PASS,PRESENT,YES,2,2,True,1,True,25,,,,RETAINED,NO,FAQ presence checked against initial HTML excluding script/style; accordion answers may be collapsed.
/ar/brands/porsche-service-dubai/electrical-repair,brand-service,"Answer | Brand | BreadcrumbList | City | ContactPoint | FAQPage | ImageObject | ListItem | Offer | OfferCatalog | Organization | PostalAddress | Question | Service | WebPage | WebSite | ['AutoRepair', 'AutomotiveBusiness']",PASS,PRESENT,YES,2,2,True,1,True,25,,,,RETAINED,NO,FAQ presence checked against initial HTML excluding script/style; accordion answers may be collapsed.
/ar/brands/porsche-service-dubai/engine-diagnostics,brand-service,"Answer | Brand | BreadcrumbList | City | ContactPoint | FAQPage | ImageObject | ListItem | Offer | OfferCatalog | Organization | PostalAddress | Question | Service | WebPage | WebSite | ['AutoRepair', 'AutomotiveBusiness']",PASS,PRESENT,YES,2,2,True,1,True,25,,,,RETAINED,NO,FAQ presence checked against initial HTML excluding script/style; accordion answers may be collapsed.
/ar/brands/porsche-service-dubai/exhaust-repair,brand-service,"Answer | Brand | BreadcrumbList | City | ContactPoint | FAQPage | ImageObject | ListItem | Offer | OfferCatalog | Organization | PostalAddress | Question | Service | WebPage | WebSite | ['AutoRepair', 'AutomotiveBusiness']",PASS,PRESENT,YES,2,2,True,1,True,25,,,,RETAINED,NO,FAQ presence checked against initial HTML excluding script/style; accordion answers may be collapsed.
/ar/brands/porsche-service-dubai/fuel-system-repair,brand-service,"Answer | Brand | BreadcrumbList | City | ContactPoint | FAQPage | ImageObject | ListItem | Offer | OfferCatalog | Organization | PostalAddress | Question | Service | WebPage | WebSite | ['AutoRepair', 'AutomotiveBusiness']",PASS,PRESENT,YES,2,2,True,1,True,25,,,,RETAINED,NO,FAQ presence checked against initial HTML excluding script/style; accordion answers may be collapsed.
/ar/brands/porsche-service-dubai/mechanical-repair,brand-service,"Answer | Brand | BreadcrumbList | City | ContactPoint | FAQPage | ImageObject | ListItem | Offer | OfferCatalog | Organization | PostalAddress | Question | Service | WebPage | WebSite | ['AutoRepair', 'AutomotiveBusiness']",PASS,PRESENT,YES,2,2,True,1,True,25,,,,RETAINED,NO,FAQ presence checked against initial HTML excluding script/style; accordion answers may be collapsed.
/ar/brands/porsche-service-dubai/oil-change,brand-service,"Answer | Brand | BreadcrumbList | City | ContactPoint | FAQPage | ImageObject | ListItem | Offer | OfferCatalog | Organization | PostalAddress | Question | Service | WebPage | WebSite | ['AutoRepair', 'AutomotiveBusiness']",PASS,PRESENT,YES,2,2,True,1,True,25,,,,RETAINED,NO,FAQ presence checked against initial HTML excluding script/style; accordion answers may be collapsed.
/ar/brands/porsche-service-dubai/steering-repair,brand-service,"Answer | Brand | BreadcrumbList | City | ContactPoint | FAQPage | ImageObject | ListItem | Offer | OfferCatalog | Organization | PostalAddress | Question | Service | WebPage | WebSite | ['AutoRepair', 'AutomotiveBusiness']",PASS,PRESENT,YES,2,2,True,1,True,25,,,,RETAINED,NO,FAQ presence checked against initial HTML excluding script/style; accordion answers may be collapsed.
/ar/brands/porsche-service-dubai/suspension-repair,brand-service,"Answer | Brand | BreadcrumbList | City | ContactPoint | FAQPage | ImageObject | ListItem | Offer | OfferCatalog | Organization | PostalAddress | Question | Service | WebPage | WebSite | ['AutoRepair', 'AutomotiveBusiness']",PASS,PRESENT,YES,2,2,True,1,True,25,,,,RETAINED,NO,FAQ presence checked against initial HTML excluding script/style; accordion answers may be collapsed.
/ar/brands/porsche-service-dubai/tire-repair,brand-service,"Answer | Brand | BreadcrumbList | City | ContactPoint | FAQPage | ImageObject | ListItem | Offer | OfferCatalog | Organization | PostalAddress | Question | Service | WebPage | WebSite | ['AutoRepair', 'AutomotiveBusiness']",PASS,PRESENT,YES,2,2,True,1,True,25,,,,RETAINED,NO,FAQ presence checked against initial HTML excluding script/style; accordion answers may be collapsed.
/ar/brands/porsche-service-dubai/transmission-repair,brand-service,"Answer | Brand | BreadcrumbList | City | ContactPoint | FAQPage | ImageObject | ListItem | Offer | OfferCatalog | Organization | PostalAddress | Question | Service | WebPage | WebSite | ['AutoRepair', 'AutomotiveBusiness']",PASS,PRESENT,YES,2,2,True,1,True,25,,,,RETAINED,NO,FAQ presence checked against initial HTML excluding script/style; accordion answers may be collapsed.
/ar/brands/range-rover-service-dubai,brand,"Answer | Brand | BreadcrumbList | City | ContactPoint | FAQPage | ImageObject | ListItem | Offer | OfferCatalog | Organization | PostalAddress | Question | Service | WebPage | WebSite | ['AutoRepair', 'AutomotiveBusiness']",PASS,PRESENT,YES,4,4,True,1,True,37,,,,RETAINED,NO,FAQ presence checked against initial HTML excluding script/style; accordion answers may be collapsed.
/ar/brands/range-rover-service-dubai/ac-repair,brand-service,"Answer | Brand | BreadcrumbList | City | ContactPoint | FAQPage | ImageObject | ListItem | Offer | OfferCatalog | Organization | PostalAddress | Question | Service | WebPage | WebSite | ['AutoRepair', 'AutomotiveBusiness']",PASS,PRESENT,YES,4,4,True,1,True,25,,,,RETAINED,NO,FAQ presence checked against initial HTML excluding script/style; accordion answers may be collapsed.
/ar/brands/range-rover-service-dubai/battery-replacement,brand-service,"Answer | Brand | BreadcrumbList | City | ContactPoint | FAQPage | ImageObject | ListItem | Offer | OfferCatalog | Organization | PostalAddress | Question | Service | WebPage | WebSite | ['AutoRepair', 'AutomotiveBusiness']",PASS,PRESENT,YES,4,4,True,1,True,25,,,,RETAINED,NO,FAQ presence checked against initial HTML excluding script/style; accordion answers may be collapsed.
/ar/brands/range-rover-service-dubai/body-repair,brand-service,"Answer | Brand | BreadcrumbList | City | ContactPoint | FAQPage | ImageObject | ListItem | Offer | OfferCatalog | Organization | PostalAddress | Question | Service | WebPage | WebSite | ['AutoRepair', 'AutomotiveBusiness']",PASS,PRESENT,YES,4,4,True,1,True,25,,,,RETAINED,NO,FAQ presence checked against initial HTML excluding script/style; accordion answers may be collapsed.
/ar/brands/range-rover-service-dubai/brake-repair,brand-service,"Answer | Brand | BreadcrumbList | City | ContactPoint | FAQPage | ImageObject | ListItem | Offer | OfferCatalog | Organization | PostalAddress | Question | Service | WebPage | WebSite | ['AutoRepair', 'AutomotiveBusiness']",PASS,PRESENT,YES,4,4,True,1,True,25,,,,RETAINED,NO,FAQ presence checked against initial HTML excluding script/style; accordion answers may be collapsed.
/ar/brands/range-rover-service-dubai/electrical-repair,brand-service,"Answer | Brand | BreadcrumbList | City | ContactPoint | FAQPage | ImageObject | ListItem | Offer | OfferCatalog | Organization | PostalAddress | Question | Service | WebPage | WebSite | ['AutoRepair', 'AutomotiveBusiness']",PASS,PRESENT,YES,4,4,True,1,True,25,,,,RETAINED,NO,FAQ presence checked against initial HTML excluding script/style; accordion answers may be collapsed.
/ar/brands/range-rover-service-dubai/engine-diagnostics,brand-service,"Answer | Brand | BreadcrumbList | City | ContactPoint | FAQPage | ImageObject | ListItem | Offer | OfferCatalog | Organization | PostalAddress | Question | Service | WebPage | WebSite | ['AutoRepair', 'AutomotiveBusiness']",PASS,PRESENT,YES,4,4,True,1,True,25,,,,RETAINED,NO,FAQ presence checked against initial HTML excluding script/style; accordion answers may be collapsed.
/ar/brands/range-rover-service-dubai/exhaust-repair,brand-service,"Answer | Brand | BreadcrumbList | City | ContactPoint | FAQPage | ImageObject | ListItem | Offer | OfferCatalog | Organization | PostalAddress | Question | Service | WebPage | WebSite | ['AutoRepair', 'AutomotiveBusiness']",PASS,PRESENT,YES,4,4,True,1,True,25,,,,RETAINED,NO,FAQ presence checked against initial HTML excluding script/style; accordion answers may be collapsed.
/ar/brands/range-rover-service-dubai/fuel-system-repair,brand-service,"Answer | Brand | BreadcrumbList | City | ContactPoint | FAQPage | ImageObject | ListItem | Offer | OfferCatalog | Organization | PostalAddress | Question | Service | WebPage | WebSite | ['AutoRepair', 'AutomotiveBusiness']",PASS,PRESENT,YES,4,4,True,1,True,25,,,,RETAINED,NO,FAQ presence checked against initial HTML excluding script/style; accordion answers may be collapsed.
/ar/brands/range-rover-service-dubai/mechanical-repair,brand-service,"Answer | Brand | BreadcrumbList | City | ContactPoint | FAQPage | ImageObject | ListItem | Offer | OfferCatalog | Organization | PostalAddress | Question | Service | WebPage | WebSite | ['AutoRepair', 'AutomotiveBusiness']",PASS,PRESENT,YES,4,4,True,1,True,25,,,,RETAINED,NO,FAQ presence checked against initial HTML excluding script/style; accordion answers may be collapsed.
/ar/brands/range-rover-service-dubai/oil-change,brand-service,"Answer | Brand | BreadcrumbList | City | ContactPoint | FAQPage | ImageObject | ListItem | Offer | OfferCatalog | Organization | PostalAddress | Question | Service | WebPage | WebSite | ['AutoRepair', 'AutomotiveBusiness']",PASS,PRESENT,YES,4,4,True,1,True,25,,,,RETAINED,NO,FAQ presence checked against initial HTML excluding script/style; accordion answers may be collapsed.
/ar/brands/range-rover-service-dubai/steering-repair,brand-service,"Answer | Brand | BreadcrumbList | City | ContactPoint | FAQPage | ImageObject | ListItem | Offer | OfferCatalog | Organization | PostalAddress | Question | Service | WebPage | WebSite | ['AutoRepair', 'AutomotiveBusiness']",PASS,PRESENT,YES,4,4,True,1,True,25,,,,RETAINED,NO,FAQ presence checked against initial HTML excluding script/style; accordion answers may be collapsed.
/ar/brands/range-rover-service-dubai/suspension-repair,brand-service,"Answer | Brand | BreadcrumbList | City | ContactPoint | FAQPage | ImageObject | ListItem | Offer | OfferCatalog | Organization | PostalAddress | Question | Service | WebPage | WebSite | ['AutoRepair', 'AutomotiveBusiness']",PASS,PRESENT,YES,4,4,True,1,True,25,,,,RETAINED,NO,FAQ presence checked against initial HTML excluding script/style; accordion answers may be collapsed.
/ar/brands/range-rover-service-dubai/tire-repair,brand-service,"Answer | Brand | BreadcrumbList | City | ContactPoint | FAQPage | ImageObject | ListItem | Offer | OfferCatalog | Organization | PostalAddress | Question | Service | WebPage | WebSite | ['AutoRepair', 'AutomotiveBusiness']",PASS,PRESENT,YES,4,4,True,1,True,25,,,,RETAINED,NO,FAQ presence checked against initial HTML excluding script/style; accordion answers may be collapsed.
/ar/brands/range-rover-service-dubai/transmission-repair,brand-service,"Answer | Brand | BreadcrumbList | City | ContactPoint | FAQPage | ImageObject | ListItem | Offer | OfferCatalog | Organization | PostalAddress | Question | Service | WebPage | WebSite | ['AutoRepair', 'AutomotiveBusiness']",PASS,PRESENT,YES,4,4,True,1,True,25,,,,RETAINED,NO,FAQ presence checked against initial HTML excluding script/style; accordion answers may be collapsed.
/ar/brands/rolls-royce-service-dubai,brand,"Answer | Brand | BreadcrumbList | City | ContactPoint | FAQPage | ImageObject | ListItem | Offer | OfferCatalog | Organization | PostalAddress | Question | Service | WebPage | WebSite | ['AutoRepair', 'AutomotiveBusiness']",PASS,PRESENT,YES,4,4,True,1,True,36,,,,RETAINED,NO,FAQ presence checked against initial HTML excluding script/style; accordion answers may be collapsed.
/ar/brands/rolls-royce-service-dubai/ac-repair,brand-service,"Answer | Brand | BreadcrumbList | City | ContactPoint | FAQPage | ImageObject | ListItem | Offer | OfferCatalog | Organization | PostalAddress | Question | Service | WebPage | WebSite | ['AutoRepair', 'AutomotiveBusiness']",PASS,PRESENT,YES,4,4,True,1,True,25,,,,RETAINED,NO,FAQ presence checked against initial HTML excluding script/style; accordion answers may be collapsed.
/ar/brands/rolls-royce-service-dubai/battery-replacement,brand-service,"Answer | Brand | BreadcrumbList | City | ContactPoint | FAQPage | ImageObject | ListItem | Offer | OfferCatalog | Organization | PostalAddress | Question | Service | WebPage | WebSite | ['AutoRepair', 'AutomotiveBusiness']",PASS,PRESENT,YES,4,4,True,1,True,25,,,,RETAINED,NO,FAQ presence checked against initial HTML excluding script/style; accordion answers may be collapsed.
/ar/brands/rolls-royce-service-dubai/body-repair,brand-service,"Answer | Brand | BreadcrumbList | City | ContactPoint | FAQPage | ImageObject | ListItem | Offer | OfferCatalog | Organization | PostalAddress | Question | Service | WebPage | WebSite | ['AutoRepair', 'AutomotiveBusiness']",PASS,PRESENT,YES,4,4,True,1,True,25,,,,RETAINED,NO,FAQ presence checked against initial HTML excluding script/style; accordion answers may be collapsed.
/ar/brands/rolls-royce-service-dubai/brake-repair,brand-service,"Answer | Brand | BreadcrumbList | City | ContactPoint | FAQPage | ImageObject | ListItem | Offer | OfferCatalog | Organization | PostalAddress | Question | Service | WebPage | WebSite | ['AutoRepair', 'AutomotiveBusiness']",PASS,PRESENT,YES,4,4,True,1,True,25,,,,RETAINED,NO,FAQ presence checked against initial HTML excluding script/style; accordion answers may be collapsed.
/ar/brands/rolls-royce-service-dubai/electrical-repair,brand-service,"Answer | Brand | BreadcrumbList | City | ContactPoint | FAQPage | ImageObject | ListItem | Offer | OfferCatalog | Organization | PostalAddress | Question | Service | WebPage | WebSite | ['AutoRepair', 'AutomotiveBusiness']",PASS,PRESENT,YES,4,4,True,1,True,25,,,,RETAINED,NO,FAQ presence checked against initial HTML excluding script/style; accordion answers may be collapsed.
/ar/brands/rolls-royce-service-dubai/engine-diagnostics,brand-service,"Answer | Brand | BreadcrumbList | City | ContactPoint | FAQPage | ImageObject | ListItem | Offer | OfferCatalog | Organization | PostalAddress | Question | Service | WebPage | WebSite | ['AutoRepair', 'AutomotiveBusiness']",PASS,PRESENT,YES,4,4,True,1,True,25,,,,RETAINED,NO,FAQ presence checked against initial HTML excluding script/style; accordion answers may be collapsed.
/ar/brands/rolls-royce-service-dubai/exhaust-repair,brand-service,"Answer | Brand | BreadcrumbList | City | ContactPoint | FAQPage | ImageObject | ListItem | Offer | OfferCatalog | Organization | PostalAddress | Question | Service | WebPage | WebSite | ['AutoRepair', 'AutomotiveBusiness']",PASS,PRESENT,YES,4,4,True,1,True,25,,,,RETAINED,NO,FAQ presence checked against initial HTML excluding script/style; accordion answers may be collapsed.
/ar/brands/rolls-royce-service-dubai/fuel-system-repair,brand-service,"Answer | Brand | BreadcrumbList | City | ContactPoint | FAQPage | ImageObject | ListItem | Offer | OfferCatalog | Organization | PostalAddress | Question | Service | WebPage | WebSite | ['AutoRepair', 'AutomotiveBusiness']",PASS,PRESENT,YES,4,4,True,1,True,25,,,,RETAINED,NO,FAQ presence checked against initial HTML excluding script/style; accordion answers may be collapsed.
/ar/brands/rolls-royce-service-dubai/mechanical-repair,brand-service,"Answer | Brand | BreadcrumbList | City | ContactPoint | FAQPage | ImageObject | ListItem | Offer | OfferCatalog | Organization | PostalAddress | Question | Service | WebPage | WebSite | ['AutoRepair', 'AutomotiveBusiness']",PASS,PRESENT,YES,4,4,True,1,True,25,,,,RETAINED,NO,FAQ presence checked against initial HTML excluding script/style; accordion answers may be collapsed.
/ar/brands/rolls-royce-service-dubai/oil-change,brand-service,"Answer | Brand | BreadcrumbList | City | ContactPoint | FAQPage | ImageObject | ListItem | Offer | OfferCatalog | Organization | PostalAddress | Question | Service | WebPage | WebSite | ['AutoRepair', 'AutomotiveBusiness']",PASS,PRESENT,YES,4,4,True,1,True,25,,,,RETAINED,NO,FAQ presence checked against initial HTML excluding script/style; accordion answers may be collapsed.
/ar/brands/rolls-royce-service-dubai/steering-repair,brand-service,"Answer | Brand | BreadcrumbList | City | ContactPoint | FAQPage | ImageObject | ListItem | Offer | OfferCatalog | Organization | PostalAddress | Question | Service | WebPage | WebSite | ['AutoRepair', 'AutomotiveBusiness']",PASS,PRESENT,YES,4,4,True,1,True,25,,,,RETAINED,NO,FAQ presence checked against initial HTML excluding script/style; accordion answers may be collapsed.
/ar/brands/rolls-royce-service-dubai/suspension-repair,brand-service,"Answer | Brand | BreadcrumbList | City | ContactPoint | FAQPage | ImageObject | ListItem | Offer | OfferCatalog | Organization | PostalAddress | Question | Service | WebPage | WebSite | ['AutoRepair', 'AutomotiveBusiness']",PASS,PRESENT,YES,4,4,True,1,True,25,,,,RETAINED,NO,FAQ presence checked against initial HTML excluding script/style; accordion answers may be collapsed.
/ar/brands/rolls-royce-service-dubai/tire-repair,brand-service,"Answer | Brand | BreadcrumbList | City | ContactPoint | FAQPage | ImageObject | ListItem | Offer | OfferCatalog | Organization | PostalAddress | Question | Service | WebPage | WebSite | ['AutoRepair', 'AutomotiveBusiness']",PASS,PRESENT,YES,4,4,True,1,True,25,,,,RETAINED,NO,FAQ presence checked against initial HTML excluding script/style; accordion answers may be collapsed.
/ar/brands/rolls-royce-service-dubai/transmission-repair,brand-service,"Answer | Brand | BreadcrumbList | City | ContactPoint | FAQPage | ImageObject | ListItem | Offer | OfferCatalog | Organization | PostalAddress | Question | Service | WebPage | WebSite | ['AutoRepair', 'AutomotiveBusiness']",PASS,PRESENT,YES,4,4,True,1,True,25,,,,RETAINED,NO,FAQ presence checked against initial HTML excluding script/style; accordion answers may be collapsed.
/ar/brands/rox-service-dubai,brand,"Answer | Brand | BreadcrumbList | City | ContactPoint | FAQPage | ImageObject | ListItem | Offer | OfferCatalog | Organization | PostalAddress | Question | Service | WebPage | WebSite | ['AutoRepair', 'AutomotiveBusiness']",PASS,PRESENT,YES,4,4,True,1,True,37,,,,RETAINED,NO,FAQ presence checked against initial HTML excluding script/style; accordion answers may be collapsed.
/ar/brands/rox-service-dubai/ac-repair,brand-service,"Answer | Brand | BreadcrumbList | City | ContactPoint | FAQPage | ImageObject | ListItem | Offer | OfferCatalog | Organization | PostalAddress | Question | Service | WebPage | WebSite | ['AutoRepair', 'AutomotiveBusiness']",PASS,PRESENT,YES,4,4,True,1,True,26,,,,RETAINED,NO,FAQ presence checked against initial HTML excluding script/style; accordion answers may be collapsed.
/ar/brands/rox-service-dubai/battery-replacement,brand-service,"Answer | Brand | BreadcrumbList | City | ContactPoint | FAQPage | ImageObject | ListItem | Offer | OfferCatalog | Organization | PostalAddress | Question | Service | WebPage | WebSite | ['AutoRepair', 'AutomotiveBusiness']",PASS,PRESENT,YES,4,4,True,1,True,26,,,,RETAINED,NO,FAQ presence checked against initial HTML excluding script/style; accordion answers may be collapsed.
/ar/brands/rox-service-dubai/body-repair,brand-service,"Answer | Brand | BreadcrumbList | City | ContactPoint | FAQPage | ImageObject | ListItem | Offer | OfferCatalog | Organization | PostalAddress | Question | Service | WebPage | WebSite | ['AutoRepair', 'AutomotiveBusiness']",PASS,PRESENT,YES,4,4,True,1,True,26,,,,RETAINED,NO,FAQ presence checked against initial HTML excluding script/style; accordion answers may be collapsed.
/ar/brands/rox-service-dubai/brake-repair,brand-service,"Answer | Brand | BreadcrumbList | City | ContactPoint | FAQPage | ImageObject | ListItem | Offer | OfferCatalog | Organization | PostalAddress | Question | Service | WebPage | WebSite | ['AutoRepair', 'AutomotiveBusiness']",PASS,PRESENT,YES,4,4,True,1,True,26,,,,RETAINED,NO,FAQ presence checked against initial HTML excluding script/style; accordion answers may be collapsed.
/ar/brands/rox-service-dubai/electrical-repair,brand-service,"Answer | Brand | BreadcrumbList | City | ContactPoint | FAQPage | ImageObject | ListItem | Offer | OfferCatalog | Organization | PostalAddress | Question | Service | WebPage | WebSite | ['AutoRepair', 'AutomotiveBusiness']",PASS,PRESENT,YES,4,4,True,1,True,26,,,,RETAINED,NO,FAQ presence checked against initial HTML excluding script/style; accordion answers may be collapsed.
/ar/brands/rox-service-dubai/engine-diagnostics,brand-service,"Answer | Brand | BreadcrumbList | City | ContactPoint | FAQPage | ImageObject | ListItem | Offer | OfferCatalog | Organization | PostalAddress | Question | Service | WebPage | WebSite | ['AutoRepair', 'AutomotiveBusiness']",PASS,PRESENT,YES,4,4,True,1,True,26,,,,RETAINED,NO,FAQ presence checked against initial HTML excluding script/style; accordion answers may be collapsed.
/ar/brands/rox-service-dubai/exhaust-repair,brand-service,"Answer | Brand | BreadcrumbList | City | ContactPoint | FAQPage | ImageObject | ListItem | Offer | OfferCatalog | Organization | PostalAddress | Question | Service | WebPage | WebSite | ['AutoRepair', 'AutomotiveBusiness']",PASS,PRESENT,YES,4,4,True,1,True,26,,,,RETAINED,NO,FAQ presence checked against initial HTML excluding script/style; accordion answers may be collapsed.
/ar/brands/rox-service-dubai/fuel-system-repair,brand-service,"Answer | Brand | BreadcrumbList | City | ContactPoint | FAQPage | ImageObject | ListItem | Offer | OfferCatalog | Organization | PostalAddress | Question | Service | WebPage | WebSite | ['AutoRepair', 'AutomotiveBusiness']",PASS,PRESENT,YES,4,4,True,1,True,26,,,,RETAINED,NO,FAQ presence checked against initial HTML excluding script/style; accordion answers may be collapsed.
/ar/brands/rox-service-dubai/mechanical-repair,brand-service,"Answer | Brand | BreadcrumbList | City | ContactPoint | FAQPage | ImageObject | ListItem | Offer | OfferCatalog | Organization | PostalAddress | Question | Service | WebPage | WebSite | ['AutoRepair', 'AutomotiveBusiness']",PASS,PRESENT,YES,4,4,True,1,True,26,,,,RETAINED,NO,FAQ presence checked against initial HTML excluding script/style; accordion answers may be collapsed.
/ar/brands/rox-service-dubai/oil-change,brand-service,"Answer | Brand | BreadcrumbList | City | ContactPoint | FAQPage | ImageObject | ListItem | Offer | OfferCatalog | Organization | PostalAddress | Question | Service | WebPage | WebSite | ['AutoRepair', 'AutomotiveBusiness']",PASS,PRESENT,YES,4,4,True,1,True,26,,,,RETAINED,NO,FAQ presence checked against initial HTML excluding script/style; accordion answers may be collapsed.
/ar/brands/rox-service-dubai/soft-close-door-installation,brand-service,"Answer | Brand | BreadcrumbList | City | ContactPoint | FAQPage | ImageObject | ListItem | Offer | OfferCatalog | Organization | PostalAddress | Question | Service | WebPage | WebSite | ['AutoRepair', 'AutomotiveBusiness']",PASS,PRESENT,YES,4,4,True,1,True,26,,,,RETAINED,NO,FAQ presence checked against initial HTML excluding script/style; accordion answers may be collapsed.
/ar/brands/rox-service-dubai/steering-repair,brand-service,"Answer | Brand | BreadcrumbList | City | ContactPoint | FAQPage | ImageObject | ListItem | Offer | OfferCatalog | Organization | PostalAddress | Question | Service | WebPage | WebSite | ['AutoRepair', 'AutomotiveBusiness']",PASS,PRESENT,YES,4,4,True,1,True,26,,,,RETAINED,NO,FAQ presence checked against initial HTML excluding script/style; accordion answers may be collapsed.
/ar/brands/rox-service-dubai/suspension-repair,brand-service,"Answer | Brand | BreadcrumbList | City | ContactPoint | FAQPage | ImageObject | ListItem | Offer | OfferCatalog | Organization | PostalAddress | Question | Service | WebPage | WebSite | ['AutoRepair', 'AutomotiveBusiness']",PASS,PRESENT,YES,4,4,True,1,True,26,,,,RETAINED,NO,FAQ presence checked against initial HTML excluding script/style; accordion answers may be collapsed.
/ar/brands/rox-service-dubai/tire-repair,brand-service,"Answer | Brand | BreadcrumbList | City | ContactPoint | FAQPage | ImageObject | ListItem | Offer | OfferCatalog | Organization | PostalAddress | Question | Service | WebPage | WebSite | ['AutoRepair', 'AutomotiveBusiness']",PASS,PRESENT,YES,4,4,True,1,True,26,,,,RETAINED,NO,FAQ presence checked against initial HTML excluding script/style; accordion answers may be collapsed.
/ar/brands/rox-service-dubai/transmission-repair,brand-service,"Answer | Brand | BreadcrumbList | City | ContactPoint | FAQPage | ImageObject | ListItem | Offer | OfferCatalog | Organization | PostalAddress | Question | Service | WebPage | WebSite | ['AutoRepair', 'AutomotiveBusiness']",PASS,PRESENT,YES,4,4,True,1,True,26,,,,RETAINED,NO,FAQ presence checked against initial HTML excluding script/style; accordion answers may be collapsed.
/ar/brands/subaru-service-dubai,brand,"Answer | Brand | BreadcrumbList | City | ContactPoint | FAQPage | ImageObject | ListItem | Offer | OfferCatalog | Organization | PostalAddress | Question | Service | WebPage | WebSite | ['AutoRepair', 'AutomotiveBusiness']",PASS,PRESENT,YES,0,4,True,1,True,28,,كم مرة تحتاج سيارة Subaru إلى الصيانة في دبي؟ | هل تستخدمون قطعاً أصلية لسيارات Subaru؟ | كم تستغرق صيانة Subaru؟ | كيف أحجز خدمة لسيارة Subaru؟,,REVIEW,REVIEW,FAQ presence checked against initial HTML excluding script/style; accordion answers may be collapsed.
/ar/brands/subaru-service-dubai/ac-repair,brand-service,"Answer | Brand | BreadcrumbList | City | ContactPoint | FAQPage | ImageObject | ListItem | Offer | OfferCatalog | Organization | PostalAddress | Question | Service | WebPage | WebSite | ['AutoRepair', 'AutomotiveBusiness']",PASS,PRESENT,YES,4,4,True,1,True,17,,,,RETAINED,NO,FAQ presence checked against initial HTML excluding script/style; accordion answers may be collapsed.
/ar/brands/subaru-service-dubai/brake-repair,brand-service,"Answer | Brand | BreadcrumbList | City | ContactPoint | FAQPage | ImageObject | ListItem | Offer | OfferCatalog | Organization | PostalAddress | Question | Service | WebPage | WebSite | ['AutoRepair', 'AutomotiveBusiness']",PASS,PRESENT,YES,4,4,True,1,True,17,,,,RETAINED,NO,FAQ presence checked against initial HTML excluding script/style; accordion answers may be collapsed.
/ar/brands/subaru-service-dubai/engine-diagnostics,brand-service,"Answer | Brand | BreadcrumbList | City | ContactPoint | FAQPage | ImageObject | ListItem | Offer | OfferCatalog | Organization | PostalAddress | Question | Service | WebPage | WebSite | ['AutoRepair', 'AutomotiveBusiness']",PASS,PRESENT,YES,4,4,True,1,True,17,,,,RETAINED,NO,FAQ presence checked against initial HTML excluding script/style; accordion answers may be collapsed.
/ar/brands/subaru-service-dubai/oil-change,brand-service,"Answer | Brand | BreadcrumbList | City | ContactPoint | FAQPage | ImageObject | ListItem | Offer | OfferCatalog | Organization | PostalAddress | Question | Service | WebPage | WebSite | ['AutoRepair', 'AutomotiveBusiness']",PASS,PRESENT,YES,4,4,True,1,True,17,,,,RETAINED,NO,FAQ presence checked against initial HTML excluding script/style; accordion answers may be collapsed.
/ar/brands/subaru-service-dubai/suspension-repair,brand-service,"Answer | Brand | BreadcrumbList | City | ContactPoint | FAQPage | ImageObject | ListItem | Offer | OfferCatalog | Organization | PostalAddress | Question | Service | WebPage | WebSite | ['AutoRepair', 'AutomotiveBusiness']",PASS,PRESENT,YES,4,4,True,1,True,17,,,,RETAINED,NO,FAQ presence checked against initial HTML excluding script/style; accordion answers may be collapsed.
/ar/brands/subaru-service-dubai/transmission-repair,brand-service,"Answer | Brand | BreadcrumbList | City | ContactPoint | FAQPage | ImageObject | ListItem | Offer | OfferCatalog | Organization | PostalAddress | Question | Service | WebPage | WebSite | ['AutoRepair', 'AutomotiveBusiness']",PASS,PRESENT,YES,4,4,True,1,True,17,,,,RETAINED,NO,FAQ presence checked against initial HTML excluding script/style; accordion answers may be collapsed.
/ar/brands/tesla-service-dubai,brand,"Answer | Brand | BreadcrumbList | City | ContactPoint | FAQPage | ImageObject | ListItem | Offer | OfferCatalog | Organization | PostalAddress | Question | Service | WebPage | WebSite | ['AutoRepair', 'AutomotiveBusiness']",PASS,PRESENT,YES,0,4,True,1,True,31,,كم مرة تحتاج سيارة Tesla إلى الصيانة في دبي؟ | هل تستخدمون قطعاً أصلية لسيارات Tesla؟ | كم تستغرق صيانة Tesla؟ | كيف أحجز خدمة لسيارة Tesla؟,,REVIEW,REVIEW,FAQ presence checked against initial HTML excluding script/style; accordion answers may be collapsed.
/ar/brands/tesla-service-dubai/ac-repair,brand-service,"Answer | Brand | BreadcrumbList | City | ContactPoint | FAQPage | ImageObject | ListItem | Offer | OfferCatalog | Organization | PostalAddress | Question | Service | WebPage | WebSite | ['AutoRepair', 'AutomotiveBusiness']",PASS,PRESENT,YES,4,4,True,1,True,20,,,,RETAINED,NO,FAQ presence checked against initial HTML excluding script/style; accordion answers may be collapsed.
/ar/brands/tesla-service-dubai/battery-replacement,brand-service,"Answer | Brand | BreadcrumbList | City | ContactPoint | FAQPage | ImageObject | ListItem | Offer | OfferCatalog | Organization | PostalAddress | Question | Service | WebPage | WebSite | ['AutoRepair', 'AutomotiveBusiness']",PASS,PRESENT,YES,4,4,True,1,True,20,,,,RETAINED,NO,FAQ presence checked against initial HTML excluding script/style; accordion answers may be collapsed.
/ar/brands/tesla-service-dubai/body-repair,brand-service,"Answer | Brand | BreadcrumbList | City | ContactPoint | FAQPage | ImageObject | ListItem | Offer | OfferCatalog | Organization | PostalAddress | Question | Service | WebPage | WebSite | ['AutoRepair', 'AutomotiveBusiness']",PASS,PRESENT,YES,4,4,True,1,True,20,,,,RETAINED,NO,FAQ presence checked against initial HTML excluding script/style; accordion answers may be collapsed.
/ar/brands/tesla-service-dubai/brake-repair,brand-service,"Answer | Brand | BreadcrumbList | City | ContactPoint | FAQPage | ImageObject | ListItem | Offer | OfferCatalog | Organization | PostalAddress | Question | Service | WebPage | WebSite | ['AutoRepair', 'AutomotiveBusiness']",PASS,PRESENT,YES,4,4,True,1,True,20,,,,RETAINED,NO,FAQ presence checked against initial HTML excluding script/style; accordion answers may be collapsed.
/ar/brands/tesla-service-dubai/electrical-repair,brand-service,"Answer | Brand | BreadcrumbList | City | ContactPoint | FAQPage | ImageObject | ListItem | Offer | OfferCatalog | Organization | PostalAddress | Question | Service | WebPage | WebSite | ['AutoRepair', 'AutomotiveBusiness']",PASS,PRESENT,YES,4,4,True,1,True,20,,,,RETAINED,NO,FAQ presence checked against initial HTML excluding script/style; accordion answers may be collapsed.
/ar/brands/tesla-service-dubai/mechanical-repair,brand-service,"Answer | Brand | BreadcrumbList | City | ContactPoint | FAQPage | ImageObject | ListItem | Offer | OfferCatalog | Organization | PostalAddress | Question | Service | WebPage | WebSite | ['AutoRepair', 'AutomotiveBusiness']",PASS,PRESENT,YES,4,4,True,1,True,20,,,,RETAINED,NO,FAQ presence checked against initial HTML excluding script/style; accordion answers may be collapsed.
/ar/brands/tesla-service-dubai/steering-repair,brand-service,"Answer | Brand | BreadcrumbList | City | ContactPoint | FAQPage | ImageObject | ListItem | Offer | OfferCatalog | Organization | PostalAddress | Question | Service | WebPage | WebSite | ['AutoRepair', 'AutomotiveBusiness']",PASS,PRESENT,YES,4,4,True,1,True,20,,,,RETAINED,NO,FAQ presence checked against initial HTML excluding script/style; accordion answers may be collapsed.
/ar/brands/tesla-service-dubai/suspension-repair,brand-service,"Answer | Brand | BreadcrumbList | City | ContactPoint | FAQPage | ImageObject | ListItem | Offer | OfferCatalog | Organization | PostalAddress | Question | Service | WebPage | WebSite | ['AutoRepair', 'AutomotiveBusiness']",PASS,PRESENT,YES,4,4,True,1,True,20,,,,RETAINED,NO,FAQ presence checked against initial HTML excluding script/style; accordion answers may be collapsed.
/ar/brands/tesla-service-dubai/tire-repair,brand-service,"Answer | Brand | BreadcrumbList | City | ContactPoint | FAQPage | ImageObject | ListItem | Offer | OfferCatalog | Organization | PostalAddress | Question | Service | WebPage | WebSite | ['AutoRepair', 'AutomotiveBusiness']",PASS,PRESENT,YES,4,4,True,1,True,20,,,,RETAINED,NO,FAQ presence checked against initial HTML excluding script/style; accordion answers may be collapsed.
/ar/brands/volkswagen-service-dubai,brand,"Answer | Brand | BreadcrumbList | City | ContactPoint | FAQPage | ImageObject | ListItem | Offer | OfferCatalog | Organization | PostalAddress | Question | Service | WebPage | WebSite | ['AutoRepair', 'AutomotiveBusiness']",PASS,PRESENT,YES,4,4,True,1,True,36,,,,RETAINED,NO,FAQ presence checked against initial HTML excluding script/style; accordion answers may be collapsed.
/ar/brands/volkswagen-service-dubai/ac-repair,brand-service,"Answer | Brand | BreadcrumbList | City | ContactPoint | FAQPage | ImageObject | ListItem | Offer | OfferCatalog | Organization | PostalAddress | Question | Service | WebPage | WebSite | ['AutoRepair', 'AutomotiveBusiness']",PASS,PRESENT,YES,4,4,True,1,True,25,,,,RETAINED,NO,FAQ presence checked against initial HTML excluding script/style; accordion answers may be collapsed.
/ar/brands/volkswagen-service-dubai/battery-replacement,brand-service,"Answer | Brand | BreadcrumbList | City | ContactPoint | FAQPage | ImageObject | ListItem | Offer | OfferCatalog | Organization | PostalAddress | Question | Service | WebPage | WebSite | ['AutoRepair', 'AutomotiveBusiness']",PASS,PRESENT,YES,4,4,True,1,True,25,,,,RETAINED,NO,FAQ presence checked against initial HTML excluding script/style; accordion answers may be collapsed.
/ar/brands/volkswagen-service-dubai/body-repair,brand-service,"Answer | Brand | BreadcrumbList | City | ContactPoint | FAQPage | ImageObject | ListItem | Offer | OfferCatalog | Organization | PostalAddress | Question | Service | WebPage | WebSite | ['AutoRepair', 'AutomotiveBusiness']",PASS,PRESENT,YES,4,4,True,1,True,25,,,,RETAINED,NO,FAQ presence checked against initial HTML excluding script/style; accordion answers may be collapsed.
/ar/brands/volkswagen-service-dubai/brake-repair,brand-service,"Answer | Brand | BreadcrumbList | City | ContactPoint | FAQPage | ImageObject | ListItem | Offer | OfferCatalog | Organization | PostalAddress | Question | Service | WebPage | WebSite | ['AutoRepair', 'AutomotiveBusiness']",PASS,PRESENT,YES,4,4,True,1,True,25,,,,RETAINED,NO,FAQ presence checked against initial HTML excluding script/style; accordion answers may be collapsed.
/ar/brands/volkswagen-service-dubai/electrical-repair,brand-service,"Answer | Brand | BreadcrumbList | City | ContactPoint | FAQPage | ImageObject | ListItem | Offer | OfferCatalog | Organization | PostalAddress | Question | Service | WebPage | WebSite | ['AutoRepair', 'AutomotiveBusiness']",PASS,PRESENT,YES,4,4,True,1,True,25,,,,RETAINED,NO,FAQ presence checked against initial HTML excluding script/style; accordion answers may be collapsed.
/ar/brands/volkswagen-service-dubai/engine-diagnostics,brand-service,"Answer | Brand | BreadcrumbList | City | ContactPoint | FAQPage | ImageObject | ListItem | Offer | OfferCatalog | Organization | PostalAddress | Question | Service | WebPage | WebSite | ['AutoRepair', 'AutomotiveBusiness']",PASS,PRESENT,YES,4,4,True,1,True,25,,,,RETAINED,NO,FAQ presence checked against initial HTML excluding script/style; accordion answers may be collapsed.
/ar/brands/volkswagen-service-dubai/exhaust-repair,brand-service,"Answer | Brand | BreadcrumbList | City | ContactPoint | FAQPage | ImageObject | ListItem | Offer | OfferCatalog | Organization | PostalAddress | Question | Service | WebPage | WebSite | ['AutoRepair', 'AutomotiveBusiness']",PASS,PRESENT,YES,4,4,True,1,True,25,,,,RETAINED,NO,FAQ presence checked against initial HTML excluding script/style; accordion answers may be collapsed.
/ar/brands/volkswagen-service-dubai/fuel-system-repair,brand-service,"Answer | Brand | BreadcrumbList | City | ContactPoint | FAQPage | ImageObject | ListItem | Offer | OfferCatalog | Organization | PostalAddress | Question | Service | WebPage | WebSite | ['AutoRepair', 'AutomotiveBusiness']",PASS,PRESENT,YES,4,4,True,1,True,25,,,,RETAINED,NO,FAQ presence checked against initial HTML excluding script/style; accordion answers may be collapsed.
/ar/brands/volkswagen-service-dubai/mechanical-repair,brand-service,"Answer | Brand | BreadcrumbList | City | ContactPoint | FAQPage | ImageObject | ListItem | Offer | OfferCatalog | Organization | PostalAddress | Question | Service | WebPage | WebSite | ['AutoRepair', 'AutomotiveBusiness']",PASS,PRESENT,YES,4,4,True,1,True,25,,,,RETAINED,NO,FAQ presence checked against initial HTML excluding script/style; accordion answers may be collapsed.
/ar/brands/volkswagen-service-dubai/oil-change,brand-service,"Answer | Brand | BreadcrumbList | City | ContactPoint | FAQPage | ImageObject | ListItem | Offer | OfferCatalog | Organization | PostalAddress | Question | Service | WebPage | WebSite | ['AutoRepair', 'AutomotiveBusiness']",PASS,PRESENT,YES,4,4,True,1,True,25,,,,RETAINED,NO,FAQ presence checked against initial HTML excluding script/style; accordion answers may be collapsed.
/ar/brands/volkswagen-service-dubai/steering-repair,brand-service,"Answer | Brand | BreadcrumbList | City | ContactPoint | FAQPage | ImageObject | ListItem | Offer | OfferCatalog | Organization | PostalAddress | Question | Service | WebPage | WebSite | ['AutoRepair', 'AutomotiveBusiness']",PASS,PRESENT,YES,4,4,True,1,True,25,,,,RETAINED,NO,FAQ presence checked against initial HTML excluding script/style; accordion answers may be collapsed.
/ar/brands/volkswagen-service-dubai/suspension-repair,brand-service,"Answer | Brand | BreadcrumbList | City | ContactPoint | FAQPage | ImageObject | ListItem | Offer | OfferCatalog | Organization | PostalAddress | Question | Service | WebPage | WebSite | ['AutoRepair', 'AutomotiveBusiness']",PASS,PRESENT,YES,4,4,True,1,True,25,,,,RETAINED,NO,FAQ presence checked against initial HTML excluding script/style; accordion answers may be collapsed.
/ar/brands/volkswagen-service-dubai/tire-repair,brand-service,"Answer | Brand | BreadcrumbList | City | ContactPoint | FAQPage | ImageObject | ListItem | Offer | OfferCatalog | Organization | PostalAddress | Question | Service | WebPage | WebSite | ['AutoRepair', 'AutomotiveBusiness']",PASS,PRESENT,YES,4,4,True,1,True,25,,,,RETAINED,NO,FAQ presence checked against initial HTML excluding script/style; accordion answers may be collapsed.
/ar/brands/volkswagen-service-dubai/transmission-repair,brand-service,"Answer | Brand | BreadcrumbList | City | ContactPoint | FAQPage | ImageObject | ListItem | Offer | OfferCatalog | Organization | PostalAddress | Question | Service | WebPage | WebSite | ['AutoRepair', 'AutomotiveBusiness']",PASS,PRESENT,YES,4,4,True,1,True,25,,,,RETAINED,NO,FAQ presence checked against initial HTML excluding script/style; accordion answers may be collapsed.
/ar/brands/volvo-service-dubai,brand,"Answer | Brand | BreadcrumbList | City | ContactPoint | FAQPage | ImageObject | ListItem | Offer | OfferCatalog | Organization | PostalAddress | Question | Service | WebPage | WebSite | ['AutoRepair', 'AutomotiveBusiness']",PASS,PRESENT,YES,0,4,True,1,True,36,,كم مرة تحتاج سيارة Volvo إلى الصيانة في دبي؟ | هل تستخدمون قطعاً أصلية لسيارات Volvo؟ | كم تستغرق صيانة Volvo؟ | كيف أحجز خدمة لسيارة Volvo؟,,REVIEW,REVIEW,FAQ presence checked against initial HTML excluding script/style; accordion answers may be collapsed.
/ar/brands/volvo-service-dubai/ac-repair,brand-service,"Answer | Brand | BreadcrumbList | City | ContactPoint | FAQPage | ImageObject | ListItem | Offer | OfferCatalog | Organization | PostalAddress | Question | Service | WebPage | WebSite | ['AutoRepair', 'AutomotiveBusiness']",PASS,PRESENT,YES,4,4,True,1,True,25,,,,RETAINED,NO,FAQ presence checked against initial HTML excluding script/style; accordion answers may be collapsed.
/ar/brands/volvo-service-dubai/battery-replacement,brand-service,"Answer | Brand | BreadcrumbList | City | ContactPoint | FAQPage | ImageObject | ListItem | Offer | OfferCatalog | Organization | PostalAddress | Question | Service | WebPage | WebSite | ['AutoRepair', 'AutomotiveBusiness']",PASS,PRESENT,YES,4,4,True,1,True,25,,,,RETAINED,NO,FAQ presence checked against initial HTML excluding script/style; accordion answers may be collapsed.
/ar/brands/volvo-service-dubai/body-repair,brand-service,"Answer | Brand | BreadcrumbList | City | ContactPoint | FAQPage | ImageObject | ListItem | Offer | OfferCatalog | Organization | PostalAddress | Question | Service | WebPage | WebSite | ['AutoRepair', 'AutomotiveBusiness']",PASS,PRESENT,YES,4,4,True,1,True,25,,,,RETAINED,NO,FAQ presence checked against initial HTML excluding script/style; accordion answers may be collapsed.
/ar/brands/volvo-service-dubai/brake-repair,brand-service,"Answer | Brand | BreadcrumbList | City | ContactPoint | FAQPage | ImageObject | ListItem | Offer | OfferCatalog | Organization | PostalAddress | Question | Service | WebPage | WebSite | ['AutoRepair', 'AutomotiveBusiness']",PASS,PRESENT,YES,4,4,True,1,True,25,,,,RETAINED,NO,FAQ presence checked against initial HTML excluding script/style; accordion answers may be collapsed.
/ar/brands/volvo-service-dubai/electrical-repair,brand-service,"Answer | Brand | BreadcrumbList | City | ContactPoint | FAQPage | ImageObject | ListItem | Offer | OfferCatalog | Organization | PostalAddress | Question | Service | WebPage | WebSite | ['AutoRepair', 'AutomotiveBusiness']",PASS,PRESENT,YES,4,4,True,1,True,25,,,,RETAINED,NO,FAQ presence checked against initial HTML excluding script/style; accordion answers may be collapsed.
/ar/brands/volvo-service-dubai/engine-diagnostics,brand-service,"Answer | Brand | BreadcrumbList | City | ContactPoint | FAQPage | ImageObject | ListItem | Offer | OfferCatalog | Organization | PostalAddress | Question | Service | WebPage | WebSite | ['AutoRepair', 'AutomotiveBusiness']",PASS,PRESENT,YES,4,4,True,1,True,25,,,,RETAINED,NO,FAQ presence checked against initial HTML excluding script/style; accordion answers may be collapsed.
/ar/brands/volvo-service-dubai/exhaust-repair,brand-service,"Answer | Brand | BreadcrumbList | City | ContactPoint | FAQPage | ImageObject | ListItem | Offer | OfferCatalog | Organization | PostalAddress | Question | Service | WebPage | WebSite | ['AutoRepair', 'AutomotiveBusiness']",PASS,PRESENT,YES,4,4,True,1,True,25,,,,RETAINED,NO,FAQ presence checked against initial HTML excluding script/style; accordion answers may be collapsed.
/ar/brands/volvo-service-dubai/fuel-system-repair,brand-service,"Answer | Brand | BreadcrumbList | City | ContactPoint | FAQPage | ImageObject | ListItem | Offer | OfferCatalog | Organization | PostalAddress | Question | Service | WebPage | WebSite | ['AutoRepair', 'AutomotiveBusiness']",PASS,PRESENT,YES,4,4,True,1,True,25,,,,RETAINED,NO,FAQ presence checked against initial HTML excluding script/style; accordion answers may be collapsed.
/ar/brands/volvo-service-dubai/mechanical-repair,brand-service,"Answer | Brand | BreadcrumbList | City | ContactPoint | FAQPage | ImageObject | ListItem | Offer | OfferCatalog | Organization | PostalAddress | Question | Service | WebPage | WebSite | ['AutoRepair', 'AutomotiveBusiness']",PASS,PRESENT,YES,4,4,True,1,True,25,,,,RETAINED,NO,FAQ presence checked against initial HTML excluding script/style; accordion answers may be collapsed.
/ar/brands/volvo-service-dubai/oil-change,brand-service,"Answer | Brand | BreadcrumbList | City | ContactPoint | FAQPage | ImageObject | ListItem | Offer | OfferCatalog | Organization | PostalAddress | Question | Service | WebPage | WebSite | ['AutoRepair', 'AutomotiveBusiness']",PASS,PRESENT,YES,4,4,True,1,True,25,,,,RETAINED,NO,FAQ presence checked against initial HTML excluding script/style; accordion answers may be collapsed.
/ar/brands/volvo-service-dubai/steering-repair,brand-service,"Answer | Brand | BreadcrumbList | City | ContactPoint | FAQPage | ImageObject | ListItem | Offer | OfferCatalog | Organization | PostalAddress | Question | Service | WebPage | WebSite | ['AutoRepair', 'AutomotiveBusiness']",PASS,PRESENT,YES,4,4,True,1,True,25,,,,RETAINED,NO,FAQ presence checked against initial HTML excluding script/style; accordion answers may be collapsed.
/ar/brands/volvo-service-dubai/suspension-repair,brand-service,"Answer | Brand | BreadcrumbList | City | ContactPoint | FAQPage | ImageObject | ListItem | Offer | OfferCatalog | Organization | PostalAddress | Question | Service | WebPage | WebSite | ['AutoRepair', 'AutomotiveBusiness']",PASS,PRESENT,YES,4,4,True,1,True,25,,,,RETAINED,NO,FAQ presence checked against initial HTML excluding script/style; accordion answers may be collapsed.
/ar/brands/volvo-service-dubai/tire-repair,brand-service,"Answer | Brand | BreadcrumbList | City | ContactPoint | FAQPage | ImageObject | ListItem | Offer | OfferCatalog | Organization | PostalAddress | Question | Service | WebPage | WebSite | ['AutoRepair', 'AutomotiveBusiness']",PASS,PRESENT,YES,4,4,True,1,True,25,,,,RETAINED,NO,FAQ presence checked against initial HTML excluding script/style; accordion answers may be collapsed.
/ar/brands/volvo-service-dubai/transmission-repair,brand-service,"Answer | Brand | BreadcrumbList | City | ContactPoint | FAQPage | ImageObject | ListItem | Offer | OfferCatalog | Organization | PostalAddress | Question | Service | WebPage | WebSite | ['AutoRepair', 'AutomotiveBusiness']",PASS,PRESENT,YES,4,4,True,1,True,25,,,,RETAINED,NO,FAQ presence checked against initial HTML excluding script/style; accordion answers may be collapsed.
/ar/faq,faq,"Answer | BreadcrumbList | City | ContactPoint | FAQPage | ImageObject | ListItem | Offer | OfferCatalog | Organization | PostalAddress | Question | Service | WebPage | WebSite | ['AutoRepair', 'AutomotiveBusiness']",PASS,PRESENT,YES,16,16,True,1,False,0,,,Substantive main content needs review,REVIEW,REVIEW,FAQ presence checked against initial HTML excluding script/style; accordion answers may be collapsed.
/ar/services,services-hub,"BreadcrumbList | City | CollectionPage | ContactPoint | ImageObject | ItemList | ListItem | Offer | OfferCatalog | Organization | PostalAddress | Service | WebSite | ['AutoRepair', 'AutomotiveBusiness']",PASS,PRESENT,NO,0,0,True,1,False,0,,,Substantive main content needs review,REVIEW,REVIEW,FAQ presence checked against initial HTML excluding script/style; accordion answers may be collapsed.
/ar/services/auto-electrical-repair-dubai,service,"Answer | BreadcrumbList | City | ContactPoint | FAQPage | ImageObject | ListItem | Offer | OfferCatalog | Organization | PostalAddress | Question | Service | WebPage | WebSite | ['AutoRepair', 'AutomotiveBusiness']",PASS,PRESENT,YES,4,4,True,1,True,48,,,,RETAINED,NO,FAQ presence checked against initial HTML excluding script/style; accordion answers may be collapsed.
/ar/services/battery-replacement-dubai,service,"BreadcrumbList | City | ContactPoint | ImageObject | ListItem | Offer | OfferCatalog | Organization | PostalAddress | Service | WebPage | WebSite | ['AutoRepair', 'AutomotiveBusiness']",PASS,PRESENT,NO,0,0,True,1,True,50,,,,RETAINED,NO,FAQ presence checked against initial HTML excluding script/style; accordion answers may be collapsed.
/ar/services/brake-repair-dubai,service,"BreadcrumbList | City | ContactPoint | ImageObject | ListItem | Offer | OfferCatalog | Organization | PostalAddress | Service | WebPage | WebSite | ['AutoRepair', 'AutomotiveBusiness']",PASS,PRESENT,NO,0,0,True,1,True,50,,,,RETAINED,NO,FAQ presence checked against initial HTML excluding script/style; accordion answers may be collapsed.
/ar/services/car-ac-repair-dubai,service,"BreadcrumbList | City | ContactPoint | ImageObject | ListItem | Offer | OfferCatalog | Organization | PostalAddress | Service | WebPage | WebSite | ['AutoRepair', 'AutomotiveBusiness']",PASS,PRESENT,NO,0,0,True,1,True,46,,,,RETAINED,NO,FAQ presence checked against initial HTML excluding script/style; accordion answers may be collapsed.
/ar/services/car-body-repair-dubai,service,"BreadcrumbList | City | ContactPoint | ImageObject | ListItem | Offer | OfferCatalog | Organization | PostalAddress | Service | WebPage | WebSite | ['AutoRepair', 'AutomotiveBusiness']",PASS,PRESENT,NO,0,0,True,1,True,47,,,,RETAINED,NO,FAQ presence checked against initial HTML excluding script/style; accordion answers may be collapsed.
/ar/services/car-diagnostics-dubai,service,"Answer | BreadcrumbList | City | ContactPoint | FAQPage | ImageObject | ListItem | Offer | OfferCatalog | Organization | PostalAddress | Question | Service | WebPage | WebSite | ['AutoRepair', 'AutomotiveBusiness']",PASS,PRESENT,YES,3,3,True,1,True,48,,,,RETAINED,NO,FAQ presence checked against initial HTML excluding script/style; accordion answers may be collapsed.
/ar/services/car-garage-dubai,service,"Answer | BreadcrumbList | City | ContactPoint | FAQPage | ImageObject | ListItem | Offer | OfferCatalog | Organization | PostalAddress | Question | Service | WebPage | WebSite | ['AutoRepair', 'AutomotiveBusiness']",PASS,PRESENT,YES,3,3,True,1,True,5,,,,RETAINED,NO,FAQ presence checked against initial HTML excluding script/style; accordion answers may be collapsed.
/ar/services/car-service-dubai,service,"Answer | BreadcrumbList | City | ContactPoint | FAQPage | ImageObject | ListItem | Offer | OfferCatalog | Organization | PostalAddress | Question | Service | WebPage | WebSite | ['AutoRepair', 'AutomotiveBusiness']",PASS,PRESENT,YES,4,4,True,1,True,47,,,,RETAINED,NO,FAQ presence checked against initial HTML excluding script/style; accordion answers may be collapsed.
/ar/services/ceramic-coating,service,"Answer | BreadcrumbList | City | ContactPoint | FAQPage | ImageObject | ListItem | Offer | OfferCatalog | Organization | PostalAddress | Question | Service | WebPage | WebSite | ['AutoRepair', 'AutomotiveBusiness']",PASS,PRESENT,YES,3,3,True,1,True,52,,,,RETAINED,NO,FAQ presence checked against initial HTML excluding script/style; accordion answers may be collapsed.
/ar/services/exhaust-repair-dubai,service,"Answer | BreadcrumbList | City | ContactPoint | FAQPage | ImageObject | ListItem | Offer | OfferCatalog | Organization | PostalAddress | Question | Service | WebPage | WebSite | ['AutoRepair', 'AutomotiveBusiness']",PASS,PRESENT,YES,4,4,True,1,True,49,,,,RETAINED,NO,FAQ presence checked against initial HTML excluding script/style; accordion answers may be collapsed.
/ar/services/fuel-system-repair-dubai,service,"BreadcrumbList | City | ContactPoint | ImageObject | ListItem | Offer | OfferCatalog | Organization | PostalAddress | Service | WebPage | WebSite | ['AutoRepair', 'AutomotiveBusiness']",PASS,PRESENT,NO,0,0,True,1,True,48,,,,RETAINED,NO,FAQ presence checked against initial HTML excluding script/style; accordion answers may be collapsed.
/ar/services/garage-near-me-dubai,service,"Answer | BreadcrumbList | City | ContactPoint | FAQPage | ImageObject | ListItem | Offer | OfferCatalog | Organization | PostalAddress | Question | Service | WebPage | WebSite | ['AutoRepair', 'AutomotiveBusiness']",PASS,PRESENT,YES,3,3,True,1,True,5,,,,RETAINED,NO,FAQ presence checked against initial HTML excluding script/style; accordion answers may be collapsed.
/ar/services/mechanical-repair-dubai,service,"BreadcrumbList | City | ContactPoint | ImageObject | ListItem | Offer | OfferCatalog | Organization | PostalAddress | Service | WebPage | WebSite | ['AutoRepair', 'AutomotiveBusiness']",PASS,PRESENT,NO,0,0,True,1,True,49,,,,RETAINED,NO,FAQ presence checked against initial HTML excluding script/style; accordion answers may be collapsed.
/ar/services/mercedes-ac-repair-dubai,service,"Answer | Brand | BreadcrumbList | City | ContactPoint | FAQPage | ImageObject | ListItem | Offer | OfferCatalog | Organization | PostalAddress | Question | Service | WebPage | WebSite | ['AutoRepair', 'AutomotiveBusiness']",PASS,PRESENT,YES,3,3,True,1,True,29,,,,RETAINED,NO,FAQ presence checked against initial HTML excluding script/style; accordion answers may be collapsed.
/ar/services/mercedes-battery-replacement-dubai,service,"Answer | Brand | BreadcrumbList | City | ContactPoint | FAQPage | ImageObject | ListItem | Offer | OfferCatalog | Organization | PostalAddress | Question | Service | WebPage | WebSite | ['AutoRepair', 'AutomotiveBusiness']",PASS,PRESENT,YES,4,4,True,1,True,28,,,,RETAINED,NO,FAQ presence checked against initial HTML excluding script/style; accordion answers may be collapsed.
/ar/services/mercedes-body-repair-dubai,service,"Answer | Brand | BreadcrumbList | City | ContactPoint | FAQPage | ImageObject | ListItem | Offer | OfferCatalog | Organization | PostalAddress | Question | Service | WebPage | WebSite | ['AutoRepair', 'AutomotiveBusiness']",PASS,PRESENT,YES,3,3,True,1,True,28,,,,RETAINED,NO,FAQ presence checked against initial HTML excluding script/style; accordion answers may be collapsed.
/ar/services/mercedes-brake-repair-dubai,service,"Answer | Brand | BreadcrumbList | City | ContactPoint | FAQPage | ImageObject | ListItem | Offer | OfferCatalog | Organization | PostalAddress | Question | Service | WebPage | WebSite | ['AutoRepair', 'AutomotiveBusiness']",PASS,PRESENT,YES,3,3,True,1,True,29,,,,RETAINED,NO,FAQ presence checked against initial HTML excluding script/style; accordion answers may be collapsed.
/ar/services/mercedes-diagnostics-dubai,service,"Answer | Brand | BreadcrumbList | City | ContactPoint | FAQPage | ImageObject | ListItem | Offer | OfferCatalog | Organization | PostalAddress | Question | Service | WebPage | WebSite | ['AutoRepair', 'AutomotiveBusiness']",PASS,PRESENT,YES,3,3,True,1,True,29,,,,RETAINED,NO,FAQ presence checked against initial HTML excluding script/style; accordion answers may be collapsed.
/ar/services/mercedes-electrical-repair-dubai,service,"Answer | Brand | BreadcrumbList | City | ContactPoint | FAQPage | ImageObject | ListItem | Offer | OfferCatalog | Organization | PostalAddress | Question | Service | WebPage | WebSite | ['AutoRepair', 'AutomotiveBusiness']",PASS,PRESENT,YES,2,2,True,1,True,28,,,,RETAINED,NO,FAQ presence checked against initial HTML excluding script/style; accordion answers may be collapsed.
/ar/services/mercedes-exhaust-repair-dubai,service,"Answer | Brand | BreadcrumbList | City | ContactPoint | FAQPage | ImageObject | ListItem | Offer | OfferCatalog | Organization | PostalAddress | Question | Service | WebPage | WebSite | ['AutoRepair', 'AutomotiveBusiness']",PASS,PRESENT,YES,3,3,True,1,True,28,,,,RETAINED,NO,FAQ presence checked against initial HTML excluding script/style; accordion answers may be collapsed.
/ar/services/mercedes-fuel-system-repair-dubai,service,"Answer | Brand | BreadcrumbList | City | ContactPoint | FAQPage | ImageObject | ListItem | Offer | OfferCatalog | Organization | PostalAddress | Question | Service | WebPage | WebSite | ['AutoRepair', 'AutomotiveBusiness']",PASS,PRESENT,YES,3,3,True,1,True,28,,,,RETAINED,NO,FAQ presence checked against initial HTML excluding script/style; accordion answers may be collapsed.
/ar/services/mercedes-mechanical-repair-dubai,service,"Answer | Brand | BreadcrumbList | City | ContactPoint | FAQPage | ImageObject | ListItem | Offer | OfferCatalog | Organization | PostalAddress | Question | Service | WebPage | WebSite | ['AutoRepair', 'AutomotiveBusiness']",PASS,PRESENT,YES,3,3,True,1,True,30,,,,RETAINED,NO,FAQ presence checked against initial HTML excluding script/style; accordion answers may be collapsed.
/ar/services/mercedes-oil-change-dubai,service,"Answer | Brand | BreadcrumbList | City | ContactPoint | FAQPage | ImageObject | ListItem | Offer | OfferCatalog | Organization | PostalAddress | Question | Service | WebPage | WebSite | ['AutoRepair', 'AutomotiveBusiness']",PASS,PRESENT,YES,4,4,True,1,True,30,,,,RETAINED,NO,FAQ presence checked against initial HTML excluding script/style; accordion answers may be collapsed.
/ar/services/mercedes-steering-repair-dubai,service,"Answer | Brand | BreadcrumbList | City | ContactPoint | FAQPage | ImageObject | ListItem | Offer | OfferCatalog | Organization | PostalAddress | Question | Service | WebPage | WebSite | ['AutoRepair', 'AutomotiveBusiness']",PASS,PRESENT,YES,3,3,True,1,True,29,,,,RETAINED,NO,FAQ presence checked against initial HTML excluding script/style; accordion answers may be collapsed.
/ar/services/mercedes-suspension-repair-dubai,service,"Answer | Brand | BreadcrumbList | City | ContactPoint | FAQPage | ImageObject | ListItem | Offer | OfferCatalog | Organization | PostalAddress | Question | Service | WebPage | WebSite | ['AutoRepair', 'AutomotiveBusiness']",PASS,PRESENT,YES,3,3,True,1,True,29,,,,RETAINED,NO,FAQ presence checked against initial HTML excluding script/style; accordion answers may be collapsed.
/ar/services/mercedes-tire-repair-dubai,service,"Answer | Brand | BreadcrumbList | City | ContactPoint | FAQPage | ImageObject | ListItem | Offer | OfferCatalog | Organization | PostalAddress | Question | Service | WebPage | WebSite | ['AutoRepair', 'AutomotiveBusiness']",PASS,PRESENT,YES,3,3,True,1,True,28,,,,RETAINED,NO,FAQ presence checked against initial HTML excluding script/style; accordion answers may be collapsed.
/ar/services/mercedes-transmission-repair-dubai,service,"Answer | Brand | BreadcrumbList | City | ContactPoint | FAQPage | ImageObject | ListItem | Offer | OfferCatalog | Organization | PostalAddress | Question | Service | WebPage | WebSite | ['AutoRepair', 'AutomotiveBusiness']",PASS,PRESENT,YES,3,3,True,1,True,29,,,,RETAINED,NO,FAQ presence checked against initial HTML excluding script/style; accordion answers may be collapsed.
/ar/services/oil-change-dubai,service,"Answer | BreadcrumbList | City | ContactPoint | FAQPage | ImageObject | ListItem | Offer | OfferCatalog | Organization | PostalAddress | Question | Service | WebPage | WebSite | ['AutoRepair', 'AutomotiveBusiness']",PASS,PRESENT,YES,4,4,True,1,True,49,,,,RETAINED,NO,FAQ presence checked against initial HTML excluding script/style; accordion answers may be collapsed.
/ar/services/paint-protection-dubai,service,"Answer | BreadcrumbList | City | ContactPoint | FAQPage | ImageObject | ListItem | Offer | OfferCatalog | Organization | PostalAddress | Question | Service | WebPage | WebSite | ['AutoRepair', 'AutomotiveBusiness']",PASS,PRESENT,YES,2,2,True,1,True,54,,,,RETAINED,NO,FAQ presence checked against initial HTML excluding script/style; accordion answers may be collapsed.
/ar/services/paint-protection-film,service,"Answer | BreadcrumbList | City | ContactPoint | FAQPage | ImageObject | ListItem | Offer | OfferCatalog | Organization | PostalAddress | Question | Service | WebPage | WebSite | ['AutoRepair', 'AutomotiveBusiness']",PASS,PRESENT,YES,4,4,True,1,True,52,,,,RETAINED,NO,FAQ presence checked against initial HTML excluding script/style; accordion answers may be collapsed.
/ar/services/roadside-assistance-dubai,service,"Answer | BreadcrumbList | City | ContactPoint | FAQPage | ImageObject | ListItem | Offer | OfferCatalog | Organization | PostalAddress | Question | Service | WebPage | WebSite | ['AutoRepair', 'AutomotiveBusiness']",PASS,PRESENT,YES,3,3,True,1,True,5,,,,RETAINED,NO,FAQ presence checked against initial HTML excluding script/style; accordion answers may be collapsed.
/ar/services/soft-close-door-repair-dubai,service,"Answer | BreadcrumbList | City | ContactPoint | FAQPage | ImageObject | ListItem | Offer | OfferCatalog | Organization | PostalAddress | Question | Service | WebPage | WebSite | ['AutoRepair', 'AutomotiveBusiness']",PASS,PRESENT,YES,4,4,True,1,True,46,,,,RETAINED,NO,FAQ presence checked against initial HTML excluding script/style; accordion answers may be collapsed.
/ar/services/steering-repair-dubai,service,"Answer | BreadcrumbList | City | ContactPoint | FAQPage | ImageObject | ListItem | Offer | OfferCatalog | Organization | PostalAddress | Question | Service | WebPage | WebSite | ['AutoRepair', 'AutomotiveBusiness']",PASS,PRESENT,YES,4,4,True,1,True,49,,,,RETAINED,NO,FAQ presence checked against initial HTML excluding script/style; accordion answers may be collapsed.
/ar/services/suspension-repair-dubai,service,"Answer | BreadcrumbList | City | ContactPoint | FAQPage | ImageObject | ListItem | Offer | OfferCatalog | Organization | PostalAddress | Question | Service | WebPage | WebSite | ['AutoRepair', 'AutomotiveBusiness']",PASS,PRESENT,YES,4,4,True,1,True,49,,,,RETAINED,NO,FAQ presence checked against initial HTML excluding script/style; accordion answers may be collapsed.
/ar/services/tire-repair-dubai,service,"Answer | BreadcrumbList | City | ContactPoint | FAQPage | ImageObject | ListItem | Offer | OfferCatalog | Organization | PostalAddress | Question | Service | WebPage | WebSite | ['AutoRepair', 'AutomotiveBusiness']",PASS,PRESENT,YES,4,4,True,1,True,49,,,,RETAINED,NO,FAQ presence checked against initial HTML excluding script/style; accordion answers may be collapsed.
/ar/services/transmission-repair-dubai,service,"BreadcrumbList | City | ContactPoint | ImageObject | ListItem | Offer | OfferCatalog | Organization | PostalAddress | Service | WebPage | WebSite | ['AutoRepair', 'AutomotiveBusiness']",PASS,PRESENT,NO,0,0,True,1,True,47,,,,RETAINED,NO,FAQ presence checked against initial HTML excluding script/style; accordion answers may be collapsed.
/ar/sitemap,html-sitemap,"BreadcrumbList | City | CollectionPage | ContactPoint | ImageObject | ItemList | ListItem | Offer | OfferCatalog | Organization | PostalAddress | Service | WebSite | ['AutoRepair', 'AutomotiveBusiness']",PASS,PRESENT,NO,0,0,True,1,True,159,,,,RETAINED,NO,FAQ presence checked against initial HTML excluding script/style; accordion answers may be collapsed.
/ar/tuning,tuning,"Answer | BreadcrumbList | City | ContactPoint | FAQPage | ImageObject | ListItem | Offer | OfferCatalog | Organization | PostalAddress | Question | Service | WebPage | WebSite | ['AutoRepair', 'AutomotiveBusiness']",PASS,PRESENT,YES,3,3,True,1,False,0,,,Substantive main content needs review,REVIEW,REVIEW,FAQ presence checked against initial HTML excluding script/style; accordion answers may be collapsed.
/ar/vrx,vrx,"BreadcrumbList | City | ContactPoint | ImageObject | ItemPage | ListItem | Offer | OfferCatalog | Organization | PostalAddress | Service | WebSite | ['AutoRepair', 'AutomotiveBusiness']",PASS,PRESENT,NO,0,0,True,1,True,1,,,,RETAINED,NO,FAQ presence checked against initial HTML excluding script/style; accordion answers may be collapsed.
/best-audi-workshop-dubai,workshop-guide,"Answer | BreadcrumbList | City | ContactPoint | FAQPage | ImageObject | ListItem | Offer | OfferCatalog | Organization | PostalAddress | Question | Service | WebPage | WebSite | ['AutoRepair', 'AutomotiveBusiness']",PASS,PRESENT,YES,0,5,True,1,False,0,,How should I choose an Audi workshop in Dubai? | Can I ask about an Audi RS performance project? | How does independent Audi service cost compare with a dealer? | What parts does Digi-Tec propose for Audi repairs? | Where is Digi-Tec located in Dubai?,Substantive main content needs review,REVIEW,REVIEW,FAQ presence checked against initial HTML excluding script/style; accordion answers may be collapsed.
/best-bmw-workshop-dubai,workshop-guide,"Answer | BreadcrumbList | City | ContactPoint | FAQPage | ImageObject | ListItem | Offer | OfferCatalog | Organization | PostalAddress | Question | Service | WebPage | WebSite | ['AutoRepair', 'AutomotiveBusiness']",PASS,PRESENT,YES,5,5,True,1,False,0,,,Substantive main content needs review,REVIEW,REVIEW,FAQ presence checked against initial HTML excluding script/style; accordion answers may be collapsed.
/best-car-workshop-dubai,workshop-guide,"Answer | BreadcrumbList | City | ContactPoint | FAQPage | ImageObject | ListItem | Offer | OfferCatalog | Organization | PostalAddress | Question | Service | WebPage | WebSite | ['AutoRepair', 'AutomotiveBusiness']",PASS,PRESENT,YES,4,4,True,1,False,0,,,Substantive main content needs review,REVIEW,REVIEW,FAQ presence checked against initial HTML excluding script/style; accordion answers may be collapsed.
/best-ferrari-workshop-dubai,workshop-guide,"Answer | BreadcrumbList | City | ContactPoint | FAQPage | ImageObject | ListItem | Offer | OfferCatalog | Organization | PostalAddress | Question | Service | WebPage | WebSite | ['AutoRepair', 'AutomotiveBusiness']",PASS,PRESENT,YES,5,5,True,1,False,0,,,Substantive main content needs review,REVIEW,REVIEW,FAQ presence checked against initial HTML excluding script/style; accordion answers may be collapsed.
/best-lamborghini-workshop-dubai,workshop-guide,"Answer | BreadcrumbList | City | ContactPoint | FAQPage | ImageObject | ListItem | Offer | OfferCatalog | Organization | PostalAddress | Question | Service | WebPage | WebSite | ['AutoRepair', 'AutomotiveBusiness']",PASS,PRESENT,YES,5,5,True,1,False,0,,,Substantive main content needs review,REVIEW,REVIEW,FAQ presence checked against initial HTML excluding script/style; accordion answers may be collapsed.
/best-porsche-workshop-dubai,workshop-guide,"Answer | BreadcrumbList | City | ContactPoint | FAQPage | ImageObject | ListItem | Offer | OfferCatalog | Organization | PostalAddress | Question | Service | WebPage | WebSite | ['AutoRepair', 'AutomotiveBusiness']",PASS,PRESENT,YES,5,5,True,1,False,0,,,Substantive main content needs review,REVIEW,REVIEW,FAQ presence checked against initial HTML excluding script/style; accordion answers may be collapsed.
/best-range-rover-workshop-dubai,workshop-guide,"Answer | BreadcrumbList | City | ContactPoint | FAQPage | ImageObject | ListItem | Offer | OfferCatalog | Organization | PostalAddress | Question | Service | WebPage | WebSite | ['AutoRepair', 'AutomotiveBusiness']",PASS,PRESENT,YES,6,6,True,1,False,0,,,Substantive main content needs review,REVIEW,REVIEW,FAQ presence checked against initial HTML excluding script/style; accordion answers may be collapsed.
/blog,blog-hub,"Blog | BlogPosting | BreadcrumbList | City | CollectionPage | ContactPoint | ImageObject | ListItem | Offer | OfferCatalog | Organization | PostalAddress | Service | WebSite | ['AutoRepair', 'AutomotiveBusiness']",REVIEW,PRESENT,NO,0,0,True,1,False,0,Schema URL mismatch: https://digitecme.com/blog/maybach-best-workshop-dubai | Schema URL mismatch: https://digitecme.com/blog/bentley-best-workshop-dubai | Schema URL mismatch: https://digitecme.com/blog/rolls-royce-best-workshop-dubai | Schema URL mismatch: https://digitecme.com/blog/range-rover-maintenance-guide-dubai | Schema URL mismatch: https://digitecme.com/blog/jaguar-best-workshop-dubai | Schema URL mismatch: https://digitecme.com/blog/mercedes-benz-maintenance-guide-dubai | Schema URL mismatch: https://digitecme.com/blog/ferrari-maintenance-guide-dubai | Schema URL mismatch: https://digitecme.com/blog/lamborghini-maintenance-guide-dubai | Schema URL mismatch: https://digitecme.com/blog/aston-martin-best-workshop-dubai | Schema URL mismatch: https://digitecme.com/blog/bmw-m-service-dubai-guide | Schema URL mismatch: https://digitecme.com/blog/bentley-continental-gt-service-dubai-guide | Schema URL mismatch: https://digitecme.com/blog/mclaren-best-workshop-dubai | Schema URL mismatch: https://digitecme.com/blog/how-much-is-my-mercedes-worth-dubai | Schema URL mismatch: https://digitecme.com/blog/best-oil-change-dubai-mercedes | Schema URL mismatch: https://digitecme.com/blog/dealer-vs-independent-workshop-dubai | Schema URL mismatch: https://digitecme.com/blog/car-service-cost-dubai-luxury-brands | Schema URL mismatch: https://digitecme.com/blog/mercedes-service-cost-dubai-guide | Schema URL mismatch: https://digitecme.com/blog/mercedes-amg-gt-tuning-dubai | Schema URL mismatch: https://digitecme.com/blog/mercedes-g63-service-dubai-guide | Schema URL mismatch: https://digitecme.com/blog/range-rover-sport-service-dubai-guide | Schema URL mismatch: https://digitecme.com/blog/porsche-911-service-dubai-guide | Schema URL mismatch: https://digitecme.com/blog/audi-rs-service-dubai-guide | Schema URL mismatch: https://digitecme.com/blog/porsche-cayenne-service-dubai-guide | Schema URL mismatch: https://digitecme.com/blog/mercedes-s-class-service-dubai-guide | Schema URL mismatch: https://digitecme.com/blog/mercedes-c-class-service-dubai-guide | Schema URL mismatch: https://digitecme.com/blog/mercedes-e-class-service-dubai-guide | Schema URL mismatch: https://digitecme.com/blog/bmw-x5-service-dubai-guide | Schema URL mismatch: https://digitecme.com/blog/range-rover-vogue-service-dubai-guide | Schema URL mismatch: https://digitecme.com/blog/defender-service-dubai-guide | Schema URL mismatch: https://digitecme.com/blog/ferrari-488-service-dubai-guide | Schema URL mismatch: https://digitecme.com/blog/lamborghini-urus-service-dubai-guide | Schema URL mismatch: https://digitecme.com/blog/rolls-royce-ghost-service-dubai-guide | Schema URL mismatch: https://digitecme.com/blog/mclaren-720s-service-dubai-guide | Schema URL mismatch: https://digitecme.com/blog/aston-martin-db11-service-dubai-guide | Schema URL mismatch: https://digitecme.com/blog/maybach-s580-service-dubai-guide | Schema URL mismatch: https://digitecme.com/blog/porsche-panamera-service-dubai-guide | Schema URL mismatch: https://digitecme.com/blog/audi-q7-service-dubai-guide | Schema URL mismatch: https://digitecme.com/blog/car-ac-not-cold-dubai-causes | Schema URL mismatch: https://digitecme.com/blog/engine-overheating-dubai-what-to-do | Schema URL mismatch: https://digitecme.com/blog/check-engine-light-dubai-guide | Schema URL mismatch: https://digitecme.com/blog/car-battery-life-dubai-heat | Schema URL mismatch: https://digitecme.com/blog/transmission-service-7g-9g-dubai | Schema URL mismatch: https://digitecme.com/blog/air-suspension-repair-dubai-guide | Schema URL mismatch: https://digitecme.com/blog/ecu-remap-safe-dubai-guide | Schema URL mismatch: https://digitecme.com/blog/pre-purchase-inspection-dubai-guide | Schema URL mismatch: https://digitecme.com/blog/car-service-interval-dubai-heat | Schema URL mismatch: https://digitecme.com/blog/ceramic-coating-vs-ppf-dubai | Schema URL mismatch: https://digitecme.com/blog/oil-specification-guide-dubai-luxury | Schema URL mismatch: https://digitecme.com/blog/summer-car-preparation-dubai-checklist | Schema URL mismatch: https://digitecme.com/blog/mercedes-amg-gt-black-series-1300hp-build-dubai | Schema URL mismatch: https://digitecme.com/blog/g63-to-brabus-g800-conversion-dubai | Schema URL mismatch: https://digitecme.com/blog/best-defender-workshop-dubai | Schema URL mismatch: https://digitecme.com/blog/range-rover-land-rover-air-suspension-problems-dubai | Schema URL mismatch: https://digitecme.com/blog/porsche-maintenance-guide-dubai | Schema URL mismatch: https://digitecme.com/blog/bmw-maintenance-guide-dubai | Schema URL mismatch: https://digitecme.com/blog/audi-maintenance-guide-dubai | Schema URL mismatch: https://digitecme.com/blog/maserati-best-workshop-dubai | Schema URL mismatch: https://digitecme.com/blog/land-rover-best-workshop-dubai | Schema URL mismatch: https://digitecme.com/blog/cadillac-best-workshop-dubai | Schema URL mismatch: https://digitecme.com/blog/chevrolet-best-workshop-dubai | Schema URL mismatch: https://digitecme.com/blog/ford-best-workshop-dubai | Schema URL mismatch: https://digitecme.com/blog/volkswagen-best-workshop-dubai | Schema URL mismatch: https://digitecme.com/blog/mini-best-workshop-dubai | Schema URL mismatch: https://digitecme.com/blog/car-ac-repair-dubai | Schema URL mismatch: https://digitecme.com/blog/mercedes-repair-dubai-complete-guide | Schema URL mismatch: https://digitecme.com/blog/brake-repair-dubai | Schema URL mismatch: https://digitecme.com/blog/car-battery-replacement-dubai | Schema URL mismatch: https://digitecme.com/blog/best-car-workshop-dubai | Schema URL mismatch: https://digitecme.com/blog/mercedes-service-intervals-dubai-heat | Schema URL mismatch: https://digitecme.com/blog/gad-tuning-explained | Schema URL mismatch: https://digitecme.com/blog/why-ceramic-coating-matters-uae,,Substantive main content needs review,REVIEW,REVIEW,FAQ presence checked against initial HTML excluding script/style; accordion answers may be collapsed.
/blog/air-suspension-repair-dubai-guide,article,"Answer | BlogPosting | BreadcrumbList | City | ContactPoint | FAQPage | ImageObject | ItemPage | ListItem | Offer | OfferCatalog | Organization | PostalAddress | Question | Service | WebSite | ['AutoRepair', 'AutomotiveBusiness']",PASS,PRESENT,YES,4,4,True,1,True,15,,,,RETAINED,NO,FAQ presence checked against initial HTML excluding script/style; accordion answers may be collapsed.
/blog/aston-martin-best-workshop-dubai,article,"Answer | BlogPosting | BreadcrumbList | City | ContactPoint | FAQPage | ImageObject | ItemPage | ListItem | Offer | OfferCatalog | Organization | PostalAddress | Question | Service | WebSite | ['AutoRepair', 'AutomotiveBusiness']",PASS,PRESENT,YES,0,3,True,1,True,13,,How should I compare Aston Martin workshops? | What should I send before booking? | Is DIGI-TEC independent?,,REVIEW,REVIEW,FAQ presence checked against initial HTML excluding script/style; accordion answers may be collapsed.
/blog/aston-martin-db11-service-dubai-guide,article,"Answer | BlogPosting | BreadcrumbList | City | ContactPoint | FAQPage | ImageObject | ItemPage | ListItem | Offer | OfferCatalog | Organization | PostalAddress | Question | Service | WebSite | ['AutoRepair', 'AutomotiveBusiness']",PASS,PRESENT,YES,4,4,True,1,True,10,,,,RETAINED,NO,FAQ presence checked against initial HTML excluding script/style; accordion answers may be collapsed.
/blog/audi-maintenance-guide-dubai,article,"Answer | BlogPosting | BreadcrumbList | City | ContactPoint | FAQPage | ImageObject | ItemPage | ListItem | Offer | OfferCatalog | Organization | PostalAddress | Question | Service | WebSite | ['AutoRepair', 'AutomotiveBusiness']",PASS,PRESENT,YES,0,8,True,1,True,19,,How do I choose a Audi workshop in Dubai? | Does Dubai heat change Audi maintenance? | What should a Audi diagnostic include? | Should I use OEM or aftermarket Audi parts? | How long does a Audi service take? | Is performance tuning suitable for every Audi? | Where is the Audi workshop located? | What should I bring to my Audi appointment?,,REVIEW,REVIEW,FAQ presence checked against initial HTML excluding script/style; accordion answers may be collapsed.
/blog/audi-q7-service-dubai-guide,article,"Answer | BlogPosting | BreadcrumbList | City | ContactPoint | FAQPage | ImageObject | ItemPage | ListItem | Offer | OfferCatalog | Organization | PostalAddress | Question | Service | WebSite | ['AutoRepair', 'AutomotiveBusiness']",PASS,PRESENT,YES,4,4,True,1,True,9,,,,RETAINED,NO,FAQ presence checked against initial HTML excluding script/style; accordion answers may be collapsed.
/blog/audi-rs-service-dubai-guide,article,"Answer | BlogPosting | BreadcrumbList | City | ContactPoint | FAQPage | ImageObject | ItemPage | ListItem | Offer | OfferCatalog | Organization | PostalAddress | Question | Service | WebSite | ['AutoRepair', 'AutomotiveBusiness']",PASS,PRESENT,YES,3,3,True,1,True,9,,,,RETAINED,NO,FAQ presence checked against initial HTML excluding script/style; accordion answers may be collapsed.
/blog/bentley-best-workshop-dubai,article,"Answer | BlogPosting | BreadcrumbList | City | ContactPoint | FAQPage | ImageObject | ItemPage | ListItem | Offer | OfferCatalog | Organization | PostalAddress | Question | Service | WebSite | ['AutoRepair', 'AutomotiveBusiness']",PASS,PRESENT,YES,8,8,True,1,True,19,,,,RETAINED,NO,FAQ presence checked against initial HTML excluding script/style; accordion answers may be collapsed.
/blog/bentley-continental-gt-service-dubai-guide,article,"Answer | BlogPosting | BreadcrumbList | City | ContactPoint | FAQPage | ImageObject | ItemPage | ListItem | Offer | OfferCatalog | Organization | PostalAddress | Question | Service | WebSite | ['AutoRepair', 'AutomotiveBusiness']",PASS,PRESENT,YES,4,4,True,1,True,9,,,,RETAINED,NO,FAQ presence checked against initial HTML excluding script/style; accordion answers may be collapsed.
/blog/best-car-workshop-dubai,article,"BlogPosting | BreadcrumbList | City | ContactPoint | ImageObject | ItemPage | ListItem | Offer | OfferCatalog | Organization | PostalAddress | Service | WebSite | ['AutoRepair', 'AutomotiveBusiness']",PASS,PRESENT,NO,0,0,True,1,True,6,,,,RETAINED,NO,FAQ presence checked against initial HTML excluding script/style; accordion answers may be collapsed.
/blog/best-defender-workshop-dubai,article,"Answer | BlogPosting | BreadcrumbList | City | ContactPoint | FAQPage | ImageObject | ItemPage | ListItem | Offer | OfferCatalog | Organization | PostalAddress | Question | Service | WebSite | ['AutoRepair', 'AutomotiveBusiness']",PASS,PRESENT,YES,4,4,True,1,True,15,,,,RETAINED,NO,FAQ presence checked against initial HTML excluding script/style; accordion answers may be collapsed.
/blog/best-oil-change-dubai-mercedes,article,"Answer | BlogPosting | BreadcrumbList | City | ContactPoint | FAQPage | ImageObject | ItemPage | ListItem | Offer | OfferCatalog | Organization | PostalAddress | Question | Service | WebSite | ['AutoRepair', 'AutomotiveBusiness']",PASS,PRESENT,YES,3,3,True,1,True,18,,,,RETAINED,NO,FAQ presence checked against initial HTML excluding script/style; accordion answers may be collapsed.
/blog/bmw-m-service-dubai-guide,article,"Answer | BlogPosting | BreadcrumbList | City | ContactPoint | FAQPage | ImageObject | ItemPage | ListItem | Offer | OfferCatalog | Organization | PostalAddress | Question | Service | WebSite | ['AutoRepair', 'AutomotiveBusiness']",PASS,PRESENT,YES,3,3,True,1,True,9,,,,RETAINED,NO,FAQ presence checked against initial HTML excluding script/style; accordion answers may be collapsed.
/blog/bmw-maintenance-guide-dubai,article,"Answer | BlogPosting | BreadcrumbList | City | ContactPoint | FAQPage | ImageObject | ItemPage | ListItem | Offer | OfferCatalog | Organization | PostalAddress | Question | Service | WebSite | ['AutoRepair', 'AutomotiveBusiness']",PASS,PRESENT,YES,8,8,True,1,True,19,,,,RETAINED,NO,FAQ presence checked against initial HTML excluding script/style; accordion answers may be collapsed.
/blog/bmw-x5-service-dubai-guide,article,"Answer | BlogPosting | BreadcrumbList | City | ContactPoint | FAQPage | ImageObject | ItemPage | ListItem | Offer | OfferCatalog | Organization | PostalAddress | Question | Service | WebSite | ['AutoRepair', 'AutomotiveBusiness']",PASS,PRESENT,YES,4,4,True,1,True,9,,,,RETAINED,NO,FAQ presence checked against initial HTML excluding script/style; accordion answers may be collapsed.
/blog/brake-repair-dubai,article,"Answer | BlogPosting | BreadcrumbList | City | ContactPoint | FAQPage | ImageObject | ItemPage | ListItem | Offer | OfferCatalog | Organization | PostalAddress | Question | Service | WebSite | ['AutoRepair', 'AutomotiveBusiness']",PASS,PRESENT,YES,7,7,True,1,True,10,,,,RETAINED,NO,FAQ presence checked against initial HTML excluding script/style; accordion answers may be collapsed.
/blog/cadillac-best-workshop-dubai,article,"Answer | BlogPosting | BreadcrumbList | City | ContactPoint | FAQPage | ImageObject | ItemPage | ListItem | Offer | OfferCatalog | Organization | PostalAddress | Question | Service | WebSite | ['AutoRepair', 'AutomotiveBusiness']",PASS,PRESENT,YES,8,8,True,1,True,18,,,,RETAINED,NO,FAQ presence checked against initial HTML excluding script/style; accordion answers may be collapsed.
/blog/car-ac-not-cold-dubai-causes,article,"Answer | BlogPosting | BreadcrumbList | City | ContactPoint | FAQPage | ImageObject | ItemPage | ListItem | Offer | OfferCatalog | Organization | PostalAddress | Question | Service | WebSite | ['AutoRepair', 'AutomotiveBusiness']",PASS,PRESENT,YES,3,3,True,1,True,12,,,,RETAINED,NO,FAQ presence checked against initial HTML excluding script/style; accordion answers may be collapsed.
/blog/car-ac-repair-dubai,article,"Answer | BlogPosting | BreadcrumbList | City | ContactPoint | FAQPage | ImageObject | ItemPage | ListItem | Offer | OfferCatalog | Organization | PostalAddress | Question | Service | WebSite | ['AutoRepair', 'AutomotiveBusiness']",PASS,PRESENT,YES,7,7,True,1,True,14,,,,RETAINED,NO,FAQ presence checked against initial HTML excluding script/style; accordion answers may be collapsed.
/blog/car-battery-life-dubai-heat,article,"Answer | BlogPosting | BreadcrumbList | City | ContactPoint | FAQPage | ImageObject | ItemPage | ListItem | Offer | OfferCatalog | Organization | PostalAddress | Question | Service | WebSite | ['AutoRepair', 'AutomotiveBusiness']",PASS,PRESENT,YES,4,4,True,1,True,13,,,,RETAINED,NO,FAQ presence checked against initial HTML excluding script/style; accordion answers may be collapsed.
/blog/car-battery-replacement-dubai,article,"Answer | BlogPosting | BreadcrumbList | City | ContactPoint | FAQPage | ImageObject | ItemPage | ListItem | Offer | OfferCatalog | Organization | PostalAddress | Question | Service | WebSite | ['AutoRepair', 'AutomotiveBusiness']",PASS,PRESENT,YES,6,6,True,1,True,9,,,,RETAINED,NO,FAQ presence checked against initial HTML excluding script/style; accordion answers may be collapsed.
/blog/car-service-cost-dubai-luxury-brands,article,"Answer | BlogPosting | BreadcrumbList | City | ContactPoint | FAQPage | ImageObject | ItemPage | ListItem | Offer | OfferCatalog | Organization | PostalAddress | Question | Service | WebSite | ['AutoRepair', 'AutomotiveBusiness']",PASS,PRESENT,YES,3,3,True,1,True,9,,,,RETAINED,NO,FAQ presence checked against initial HTML excluding script/style; accordion answers may be collapsed.
/blog/car-service-interval-dubai-heat,article,"Answer | BlogPosting | BreadcrumbList | City | ContactPoint | FAQPage | ImageObject | ItemPage | ListItem | Offer | OfferCatalog | Organization | PostalAddress | Question | Service | WebSite | ['AutoRepair', 'AutomotiveBusiness']",PASS,PRESENT,YES,4,4,True,1,True,9,,,,RETAINED,NO,FAQ presence checked against initial HTML excluding script/style; accordion answers may be collapsed.
/blog/ceramic-coating-vs-ppf-dubai,article,"Answer | BlogPosting | BreadcrumbList | City | ContactPoint | FAQPage | ImageObject | ItemPage | ListItem | Offer | OfferCatalog | Organization | PostalAddress | Question | Service | WebSite | ['AutoRepair', 'AutomotiveBusiness']",PASS,PRESENT,YES,4,4,True,1,True,12,,,,RETAINED,NO,FAQ presence checked against initial HTML excluding script/style; accordion answers may be collapsed.
/blog/check-engine-light-dubai-guide,article,"Answer | BlogPosting | BreadcrumbList | City | ContactPoint | FAQPage | ImageObject | ItemPage | ListItem | Offer | OfferCatalog | Organization | PostalAddress | Question | Service | WebSite | ['AutoRepair', 'AutomotiveBusiness']",PASS,PRESENT,YES,3,3,True,1,True,12,,,,RETAINED,NO,FAQ presence checked against initial HTML excluding script/style; accordion answers may be collapsed.
/blog/chevrolet-best-workshop-dubai,article,"Answer | BlogPosting | BreadcrumbList | City | ContactPoint | FAQPage | ImageObject | ItemPage | ListItem | Offer | OfferCatalog | Organization | PostalAddress | Question | Service | WebSite | ['AutoRepair', 'AutomotiveBusiness']",PASS,PRESENT,YES,0,8,True,1,True,18,,How do I choose a Chevrolet workshop in Dubai? | Does Dubai heat change Chevrolet maintenance? | What should a Chevrolet diagnostic include? | Should I use OEM or aftermarket Chevrolet parts? | How long does a Chevrolet service take? | Is performance tuning suitable for every Chevrolet? | Where is the Chevrolet workshop located? | What should I bring to my Chevrolet appointment?,,REVIEW,REVIEW,FAQ presence checked against initial HTML excluding script/style; accordion answers may be collapsed.
/blog/dealer-vs-independent-workshop-dubai,article,"Answer | BlogPosting | BreadcrumbList | City | ContactPoint | FAQPage | ImageObject | ItemPage | ListItem | Offer | OfferCatalog | Organization | PostalAddress | Question | Service | WebSite | ['AutoRepair', 'AutomotiveBusiness']",PASS,PRESENT,YES,4,4,True,1,True,11,,,,RETAINED,NO,FAQ presence checked against initial HTML excluding script/style; accordion answers may be collapsed.
/blog/defender-service-dubai-guide,article,"Answer | BlogPosting | BreadcrumbList | City | ContactPoint | FAQPage | ImageObject | ItemPage | ListItem | Offer | OfferCatalog | Organization | PostalAddress | Question | Service | WebSite | ['AutoRepair', 'AutomotiveBusiness']",PASS,PRESENT,YES,4,4,True,1,True,9,,,,RETAINED,NO,FAQ presence checked against initial HTML excluding script/style; accordion answers may be collapsed.
/blog/ecu-remap-safe-dubai-guide,article,"Answer | BlogPosting | BreadcrumbList | City | ContactPoint | FAQPage | ImageObject | ItemPage | ListItem | Offer | OfferCatalog | Organization | PostalAddress | Question | Service | WebSite | ['AutoRepair', 'AutomotiveBusiness']",PASS,PRESENT,YES,4,4,True,1,True,8,,,,RETAINED,NO,FAQ presence checked against initial HTML excluding script/style; accordion answers may be collapsed.
/blog/engine-overheating-dubai-what-to-do,article,"Answer | BlogPosting | BreadcrumbList | City | ContactPoint | FAQPage | ImageObject | ItemPage | ListItem | Offer | OfferCatalog | Organization | PostalAddress | Question | Service | WebSite | ['AutoRepair', 'AutomotiveBusiness']",PASS,PRESENT,YES,3,3,True,1,True,12,,,,RETAINED,NO,FAQ presence checked against initial HTML excluding script/style; accordion answers may be collapsed.
/blog/ferrari-488-service-dubai-guide,article,"Answer | BlogPosting | BreadcrumbList | City | ContactPoint | FAQPage | ImageObject | ItemPage | ListItem | Offer | OfferCatalog | Organization | PostalAddress | Question | Service | WebSite | ['AutoRepair', 'AutomotiveBusiness']",PASS,PRESENT,YES,4,4,True,1,True,10,,,,RETAINED,NO,FAQ presence checked against initial HTML excluding script/style; accordion answers may be collapsed.
/blog/ferrari-maintenance-guide-dubai,article,"Answer | BlogPosting | BreadcrumbList | City | ContactPoint | FAQPage | ImageObject | ItemPage | ListItem | Offer | OfferCatalog | Organization | PostalAddress | Question | Service | WebSite | ['AutoRepair', 'AutomotiveBusiness']",PASS,PRESENT,YES,7,7,True,1,True,32,,,,RETAINED,NO,FAQ presence checked against initial HTML excluding script/style; accordion answers may be collapsed.
/blog/ford-best-workshop-dubai,article,"Answer | BlogPosting | BreadcrumbList | City | ContactPoint | FAQPage | ImageObject | ItemPage | ListItem | Offer | OfferCatalog | Organization | PostalAddress | Question | Service | WebSite | ['AutoRepair', 'AutomotiveBusiness']",PASS,PRESENT,YES,0,8,True,1,True,18,,How do I choose a Ford workshop in Dubai? | Does Dubai heat change Ford maintenance? | What should a Ford diagnostic include? | Should I use OEM or aftermarket Ford parts? | How long does a Ford service take? | Is performance tuning suitable for every Ford? | Where is the Ford workshop located? | What should I bring to my Ford appointment?,,REVIEW,REVIEW,FAQ presence checked against initial HTML excluding script/style; accordion answers may be collapsed.
/blog/g63-to-brabus-g800-conversion-dubai,article,"Answer | BlogPosting | BreadcrumbList | City | ContactPoint | FAQPage | ImageObject | ItemPage | ListItem | Offer | OfferCatalog | Organization | PostalAddress | Question | Service | WebSite | ['AutoRepair', 'AutomotiveBusiness']",PASS,PRESENT,YES,5,5,True,1,True,13,,,,RETAINED,NO,FAQ presence checked against initial HTML excluding script/style; accordion answers may be collapsed.
/blog/gad-tuning-explained,article,"BlogPosting | BreadcrumbList | City | ContactPoint | ImageObject | ItemPage | ListItem | Offer | OfferCatalog | Organization | PostalAddress | Service | WebSite | ['AutoRepair', 'AutomotiveBusiness']",PASS,PRESENT,NO,0,0,True,1,True,8,,,,RETAINED,NO,FAQ presence checked against initial HTML excluding script/style; accordion answers may be collapsed.
/blog/how-much-is-my-mercedes-worth-dubai,article,"Answer | BlogPosting | BreadcrumbList | City | ContactPoint | FAQPage | ImageObject | ItemPage | ListItem | Offer | OfferCatalog | Organization | PostalAddress | Question | Service | WebSite | ['AutoRepair', 'AutomotiveBusiness']",PASS,PRESENT,YES,4,4,True,1,True,15,,,,RETAINED,NO,FAQ presence checked against initial HTML excluding script/style; accordion answers may be collapsed.
/blog/jaguar-best-workshop-dubai,article,"Answer | BlogPosting | BreadcrumbList | City | ContactPoint | FAQPage | ImageObject | ItemPage | ListItem | Offer | OfferCatalog | Organization | PostalAddress | Question | Service | WebSite | ['AutoRepair', 'AutomotiveBusiness']",PASS,PRESENT,YES,3,3,True,1,True,16,,,,RETAINED,NO,FAQ presence checked against initial HTML excluding script/style; accordion answers may be collapsed.
/blog/lamborghini-maintenance-guide-dubai,article,"Answer | BlogPosting | BreadcrumbList | City | ContactPoint | FAQPage | ImageObject | ItemPage | ListItem | Offer | OfferCatalog | Organization | PostalAddress | Question | Service | WebSite | ['AutoRepair', 'AutomotiveBusiness']",PASS,PRESENT,YES,8,8,True,1,True,18,,,,RETAINED,NO,FAQ presence checked against initial HTML excluding script/style; accordion answers may be collapsed.
/blog/lamborghini-urus-service-dubai-guide,article,"Answer | BlogPosting | BreadcrumbList | City | ContactPoint | FAQPage | ImageObject | ItemPage | ListItem | Offer | OfferCatalog | Organization | PostalAddress | Question | Service | WebSite | ['AutoRepair', 'AutomotiveBusiness']",PASS,PRESENT,YES,4,4,True,1,True,9,,,,RETAINED,NO,FAQ presence checked against initial HTML excluding script/style; accordion answers may be collapsed.
/blog/land-rover-best-workshop-dubai,article,"Answer | BlogPosting | BreadcrumbList | City | ContactPoint | FAQPage | ImageObject | ItemPage | ListItem | Offer | OfferCatalog | Organization | PostalAddress | Question | Service | WebSite | ['AutoRepair', 'AutomotiveBusiness']",PASS,PRESENT,YES,0,8,True,1,True,18,,How do I choose a Land Rover workshop in Dubai? | Does Dubai heat change Land Rover maintenance? | What should a Land Rover diagnostic include? | Should I use OEM or aftermarket Land Rover parts? | How long does a Land Rover service take? | Is performance tuning suitable for every Land Rover? | Where is the Land Rover workshop located? | What should I bring to my Land Rover appointment?,,REVIEW,REVIEW,FAQ presence checked against initial HTML excluding script/style; accordion answers may be collapsed.
/blog/maserati-best-workshop-dubai,article,"Answer | BlogPosting | BreadcrumbList | City | ContactPoint | FAQPage | ImageObject | ItemPage | ListItem | Offer | OfferCatalog | Organization | PostalAddress | Question | Service | WebSite | ['AutoRepair', 'AutomotiveBusiness']",PASS,PRESENT,YES,0,8,True,1,True,18,,How do I choose a Maserati workshop in Dubai? | Does Dubai heat change Maserati maintenance? | What should a Maserati diagnostic include? | Should I use OEM or aftermarket Maserati parts? | How long does a Maserati service take? | Is performance tuning suitable for every Maserati? | Where is the Maserati workshop located? | What should I bring to my Maserati appointment?,,REVIEW,REVIEW,FAQ presence checked against initial HTML excluding script/style; accordion answers may be collapsed.
/blog/maybach-best-workshop-dubai,article,"Answer | BlogPosting | BreadcrumbList | City | ContactPoint | FAQPage | ImageObject | ItemPage | ListItem | Offer | OfferCatalog | Organization | PostalAddress | Question | Service | WebSite | ['AutoRepair', 'AutomotiveBusiness']",PASS,PRESENT,YES,8,8,True,1,True,19,,,,RETAINED,NO,FAQ presence checked against initial HTML excluding script/style; accordion answers may be collapsed.
/blog/maybach-s580-service-dubai-guide,article,"Answer | BlogPosting | BreadcrumbList | City | ContactPoint | FAQPage | ImageObject | ItemPage | ListItem | Offer | OfferCatalog | Organization | PostalAddress | Question | Service | WebSite | ['AutoRepair', 'AutomotiveBusiness']",PASS,PRESENT,YES,3,3,True,1,True,9,,,,RETAINED,NO,FAQ presence checked against initial HTML excluding script/style; accordion answers may be collapsed.
/blog/mclaren-720s-service-dubai-guide,article,"Answer | BlogPosting | BreadcrumbList | City | ContactPoint | FAQPage | ImageObject | ItemPage | ListItem | Offer | OfferCatalog | Organization | PostalAddress | Question | Service | WebSite | ['AutoRepair', 'AutomotiveBusiness']",PASS,PRESENT,YES,4,4,True,1,True,9,,,,RETAINED,NO,FAQ presence checked against initial HTML excluding script/style; accordion answers may be collapsed.
/blog/mclaren-best-workshop-dubai,article,"Answer | BlogPosting | BreadcrumbList | City | ContactPoint | FAQPage | ImageObject | ItemPage | ListItem | Offer | OfferCatalog | Organization | PostalAddress | Question | Service | WebSite | ['AutoRepair', 'AutomotiveBusiness']",PASS,PRESENT,YES,0,5,True,1,True,15,,How should I compare McLaren workshops in Dubai? | What should I send before requesting an estimate? | Does Dubai heat affect McLaren maintenance? | Can every warning be diagnosed from a fault code? | Do you quote McLaren repairs online?,,REVIEW,REVIEW,FAQ presence checked against initial HTML excluding script/style; accordion answers may be collapsed.
/blog/mercedes-amg-gt-black-series-1300hp-build-dubai,article,"Answer | BlogPosting | BreadcrumbList | City | ContactPoint | FAQPage | ImageObject | ItemPage | ListItem | Offer | OfferCatalog | Organization | PostalAddress | Question | Service | WebSite | ['AutoRepair', 'AutomotiveBusiness']",PASS,PRESENT,YES,5,5,True,1,True,14,,,,RETAINED,NO,FAQ presence checked against initial HTML excluding script/style; accordion answers may be collapsed.
/blog/mercedes-amg-gt-tuning-dubai,article,"Answer | BlogPosting | BreadcrumbList | City | ContactPoint | FAQPage | ImageObject | ItemPage | ListItem | Offer | OfferCatalog | Organization | PostalAddress | Question | Service | WebSite | ['AutoRepair', 'AutomotiveBusiness']",PASS,PRESENT,YES,4,4,True,1,True,12,,,,RETAINED,NO,FAQ presence checked against initial HTML excluding script/style; accordion answers may be collapsed.
/blog/mercedes-benz-maintenance-guide-dubai,article,"Answer | BlogPosting | BreadcrumbList | City | ContactPoint | FAQPage | ImageObject | ItemPage | ListItem | Offer | OfferCatalog | Organization | PostalAddress | Question | Service | WebSite | ['AutoRepair', 'AutomotiveBusiness']",PASS,PRESENT,YES,4,4,True,1,True,17,,,,RETAINED,NO,FAQ presence checked against initial HTML excluding script/style; accordion answers may be collapsed.
/blog/mercedes-c-class-service-dubai-guide,service,"Answer | BreadcrumbList | City | ContactPoint | FAQPage | ImageObject | ListItem | Offer | OfferCatalog | Organization | PostalAddress | Question | Service | WebPage | WebSite | ['AutoRepair', 'AutomotiveBusiness']",PASS,PRESENT,YES,4,4,True,1,True,24,,,,RETAINED,NO,FAQ presence checked against initial HTML excluding script/style; accordion answers may be collapsed.
/blog/mercedes-e-class-service-dubai-guide,service,"Answer | BreadcrumbList | City | ContactPoint | FAQPage | ImageObject | ListItem | Offer | OfferCatalog | Organization | PostalAddress | Question | Service | WebPage | WebSite | ['AutoRepair', 'AutomotiveBusiness']",PASS,PRESENT,YES,4,4,True,1,True,25,,,,RETAINED,NO,FAQ presence checked against initial HTML excluding script/style; accordion answers may be collapsed.
/blog/mercedes-g63-service-dubai-guide,service,"Answer | BreadcrumbList | City | ContactPoint | FAQPage | ImageObject | ListItem | Offer | OfferCatalog | Organization | PostalAddress | Question | Service | WebPage | WebSite | ['AutoRepair', 'AutomotiveBusiness']",PASS,PRESENT,YES,4,4,True,1,True,24,,,,RETAINED,NO,FAQ presence checked against initial HTML excluding script/style; accordion answers may be collapsed.
/blog/mercedes-repair-dubai-complete-guide,article,"Answer | BlogPosting | BreadcrumbList | City | ContactPoint | FAQPage | ImageObject | ItemPage | ListItem | Offer | OfferCatalog | Organization | PostalAddress | Question | Service | WebSite | ['AutoRepair', 'AutomotiveBusiness']",PASS,PRESENT,YES,2,2,True,1,True,33,,,,RETAINED,NO,FAQ presence checked against initial HTML excluding script/style; accordion answers may be collapsed.
/blog/mercedes-s-class-service-dubai-guide,service,"Answer | BreadcrumbList | City | ContactPoint | FAQPage | ImageObject | ListItem | Offer | OfferCatalog | Organization | PostalAddress | Question | Service | WebPage | WebSite | ['AutoRepair', 'AutomotiveBusiness']",PASS,PRESENT,YES,4,4,True,1,True,24,,,,RETAINED,NO,FAQ presence checked against initial HTML excluding script/style; accordion answers may be collapsed.
/blog/mercedes-service-cost-dubai-guide,article,"Answer | BlogPosting | BreadcrumbList | City | ContactPoint | FAQPage | ImageObject | ItemPage | ListItem | Offer | OfferCatalog | Organization | PostalAddress | Question | Service | WebSite | ['AutoRepair', 'AutomotiveBusiness']",PASS,PRESENT,YES,3,3,True,1,True,16,,,,RETAINED,NO,FAQ presence checked against initial HTML excluding script/style; accordion answers may be collapsed.
/blog/mercedes-service-intervals-dubai-heat,article,"Answer | BlogPosting | BreadcrumbList | City | ContactPoint | FAQPage | ImageObject | ItemPage | ListItem | Offer | OfferCatalog | Organization | PostalAddress | Question | Service | WebSite | ['AutoRepair', 'AutomotiveBusiness']",PASS,PRESENT,YES,3,3,True,1,True,16,,,,RETAINED,NO,FAQ presence checked against initial HTML excluding script/style; accordion answers may be collapsed.
/blog/mini-best-workshop-dubai,article,"Answer | BlogPosting | BreadcrumbList | City | ContactPoint | FAQPage | ImageObject | ItemPage | ListItem | Offer | OfferCatalog | Organization | PostalAddress | Question | Service | WebSite | ['AutoRepair', 'AutomotiveBusiness']",PASS,PRESENT,YES,0,8,True,1,True,18,,How do I choose a MINI workshop in Dubai? | Does Dubai heat change MINI maintenance? | What should a MINI diagnostic include? | Should I use OEM or aftermarket MINI parts? | How long does a MINI service take? | Is performance tuning suitable for every MINI? | Where is the MINI workshop located? | What should I bring to my MINI appointment?,,REVIEW,REVIEW,FAQ presence checked against initial HTML excluding script/style; accordion answers may be collapsed.
/blog/oil-specification-guide-dubai-luxury,article,"Answer | BlogPosting | BreadcrumbList | City | ContactPoint | FAQPage | ImageObject | ItemPage | ListItem | Offer | OfferCatalog | Organization | PostalAddress | Question | Service | WebSite | ['AutoRepair', 'AutomotiveBusiness']",PASS,PRESENT,YES,4,4,True,1,True,9,,,,RETAINED,NO,FAQ presence checked against initial HTML excluding script/style; accordion answers may be collapsed.
/blog/porsche-911-service-dubai-guide,article,"BlogPosting | BreadcrumbList | City | ContactPoint | ImageObject | ItemPage | ListItem | Offer | OfferCatalog | Organization | PostalAddress | Service | WebSite | ['AutoRepair', 'AutomotiveBusiness']",PASS,PRESENT,NO,0,0,True,1,True,18,,,,RETAINED,NO,FAQ presence checked against initial HTML excluding script/style; accordion answers may be collapsed.
/blog/porsche-cayenne-service-dubai-guide,article,"BlogPosting | BreadcrumbList | City | ContactPoint | ImageObject | ItemPage | ListItem | Offer | OfferCatalog | Organization | PostalAddress | Service | WebSite | ['AutoRepair', 'AutomotiveBusiness']",PASS,PRESENT,NO,0,0,True,1,True,18,,,,RETAINED,NO,FAQ presence checked against initial HTML excluding script/style; accordion answers may be collapsed.
/blog/porsche-maintenance-guide-dubai,article,"Answer | BlogPosting | BreadcrumbList | City | ContactPoint | FAQPage | ImageObject | ItemList | ItemPage | ListItem | Offer | OfferCatalog | Organization | PostalAddress | Question | Service | WebSite | ['AutoRepair', 'AutomotiveBusiness']",PASS,PRESENT,YES,3,3,True,1,True,36,,,,RETAINED,NO,FAQ presence checked against initial HTML excluding script/style; accordion answers may be collapsed.
/blog/porsche-panamera-service-dubai-guide,article,"BlogPosting | BreadcrumbList | City | ContactPoint | ImageObject | ItemPage | ListItem | Offer | OfferCatalog | Organization | PostalAddress | Service | WebSite | ['AutoRepair', 'AutomotiveBusiness']",PASS,PRESENT,NO,0,0,True,1,True,18,,,,RETAINED,NO,FAQ presence checked against initial HTML excluding script/style; accordion answers may be collapsed.
/blog/pre-purchase-inspection-dubai-guide,article,"Answer | BlogPosting | BreadcrumbList | City | ContactPoint | FAQPage | ImageObject | ItemPage | ListItem | Offer | OfferCatalog | Organization | PostalAddress | Question | Service | WebSite | ['AutoRepair', 'AutomotiveBusiness']",PASS,PRESENT,YES,4,4,True,1,True,8,,,,RETAINED,NO,FAQ presence checked against initial HTML excluding script/style; accordion answers may be collapsed.
/blog/range-rover-land-rover-air-suspension-problems-dubai,article,"Answer | BlogPosting | BreadcrumbList | City | ContactPoint | FAQPage | ImageObject | ItemPage | ListItem | Offer | OfferCatalog | Organization | PostalAddress | Question | Service | WebSite | ['AutoRepair', 'AutomotiveBusiness']",PASS,PRESENT,YES,4,4,True,1,True,16,,,,RETAINED,NO,FAQ presence checked against initial HTML excluding script/style; accordion answers may be collapsed.
/blog/range-rover-maintenance-guide-dubai,article,"Answer | BlogPosting | BreadcrumbList | City | ContactPoint | FAQPage | ImageObject | ItemPage | ListItem | Offer | OfferCatalog | Organization | PostalAddress | Question | Service | WebSite | ['AutoRepair', 'AutomotiveBusiness']",PASS,PRESENT,YES,3,3,True,1,True,16,,,,RETAINED,NO,FAQ presence checked against initial HTML excluding script/style; accordion answers may be collapsed.
/blog/range-rover-sport-service-dubai-guide,article,"Answer | BlogPosting | BreadcrumbList | City | ContactPoint | FAQPage | ImageObject | ItemPage | ListItem | Offer | OfferCatalog | Organization | PostalAddress | Question | Service | WebSite | ['AutoRepair', 'AutomotiveBusiness']",PASS,PRESENT,YES,4,4,True,1,True,10,,,,RETAINED,NO,FAQ presence checked against initial HTML excluding script/style; accordion answers may be collapsed.
/blog/range-rover-vogue-service-dubai-guide,article,"Answer | BlogPosting | BreadcrumbList | City | ContactPoint | FAQPage | ImageObject | ItemPage | ListItem | Offer | OfferCatalog | Organization | PostalAddress | Question | Service | WebSite | ['AutoRepair', 'AutomotiveBusiness']",PASS,PRESENT,YES,4,4,True,1,True,9,,,,RETAINED,NO,FAQ presence checked against initial HTML excluding script/style; accordion answers may be collapsed.
/blog/rolls-royce-best-workshop-dubai,article,"Answer | BlogPosting | BreadcrumbList | City | ContactPoint | FAQPage | ImageObject | ItemPage | ListItem | Offer | OfferCatalog | Organization | PostalAddress | Question | Service | WebSite | ['AutoRepair', 'AutomotiveBusiness']",PASS,PRESENT,YES,5,5,True,1,True,16,,,,RETAINED,NO,FAQ presence checked against initial HTML excluding script/style; accordion answers may be collapsed.
/blog/rolls-royce-ghost-service-dubai-guide,article,"Answer | BlogPosting | BreadcrumbList | City | ContactPoint | FAQPage | ImageObject | ItemPage | ListItem | Offer | OfferCatalog | Organization | PostalAddress | Question | Service | WebSite | ['AutoRepair', 'AutomotiveBusiness']",PASS,PRESENT,YES,4,4,True,1,True,11,,,,RETAINED,NO,FAQ presence checked against initial HTML excluding script/style; accordion answers may be collapsed.
/blog/summer-car-preparation-dubai-checklist,article,"Answer | BlogPosting | BreadcrumbList | City | ContactPoint | FAQPage | ImageObject | ItemPage | ListItem | Offer | OfferCatalog | Organization | PostalAddress | Question | Service | WebSite | ['AutoRepair', 'AutomotiveBusiness']",PASS,PRESENT,YES,4,4,True,1,True,9,,,,RETAINED,NO,FAQ presence checked against initial HTML excluding script/style; accordion answers may be collapsed.
/blog/transmission-service-7g-9g-dubai,article,"Answer | BlogPosting | BreadcrumbList | City | ContactPoint | FAQPage | ImageObject | ItemPage | ListItem | Offer | OfferCatalog | Organization | PostalAddress | Question | Service | WebSite | ['AutoRepair', 'AutomotiveBusiness']",PASS,PRESENT,YES,4,4,True,1,True,15,,,,RETAINED,NO,FAQ presence checked against initial HTML excluding script/style; accordion answers may be collapsed.
/blog/volkswagen-best-workshop-dubai,article,"Answer | BlogPosting | BreadcrumbList | City | ContactPoint | FAQPage | ImageObject | ItemPage | ListItem | Offer | OfferCatalog | Organization | PostalAddress | Question | Service | WebSite | ['AutoRepair', 'AutomotiveBusiness']",PASS,PRESENT,YES,8,8,True,1,True,18,,,,RETAINED,NO,FAQ presence checked against initial HTML excluding script/style; accordion answers may be collapsed.
/blog/why-ceramic-coating-matters-uae,article,"BlogPosting | BreadcrumbList | City | ContactPoint | ImageObject | ItemPage | ListItem | Offer | OfferCatalog | Organization | PostalAddress | Service | WebSite | ['AutoRepair', 'AutomotiveBusiness']",PASS,PRESENT,NO,0,0,True,1,True,10,,,,RETAINED,NO,FAQ presence checked against initial HTML excluding script/style; accordion answers may be collapsed.
/brands,brands-hub,"BreadcrumbList | City | CollectionPage | ContactPoint | ImageObject | ItemList | ListItem | Offer | OfferCatalog | Organization | PostalAddress | Service | WebSite | ['AutoRepair', 'AutomotiveBusiness']",PASS,PRESENT,NO,0,0,True,1,False,0,,,Substantive main content needs review,REVIEW,REVIEW,FAQ presence checked against initial HTML excluding script/style; accordion answers may be collapsed.
/brands/aston-martin-service-dubai,brand,"Answer | Brand | BreadcrumbList | City | ContactPoint | FAQPage | ImageObject | ListItem | Offer | OfferCatalog | Organization | PostalAddress | Question | Service | WebPage | WebSite | ['AutoRepair', 'AutomotiveBusiness']",PASS,PRESENT,YES,10,10,True,1,True,51,,,,RETAINED,NO,FAQ presence checked against initial HTML excluding script/style; accordion answers may be collapsed.
/brands/aston-martin-service-dubai/ac-repair,brand-service,"Answer | Brand | BreadcrumbList | City | ContactPoint | FAQPage | ImageObject | ListItem | Offer | OfferCatalog | Organization | PostalAddress | Question | Service | WebPage | WebSite | ['AutoRepair', 'AutomotiveBusiness']",PASS,PRESENT,YES,3,3,True,1,True,26,,,,RETAINED,NO,FAQ presence checked against initial HTML excluding script/style; accordion answers may be collapsed.
/brands/aston-martin-service-dubai/battery-replacement,brand-service,"Answer | Brand | BreadcrumbList | City | ContactPoint | FAQPage | ImageObject | ListItem | Offer | OfferCatalog | Organization | PostalAddress | Question | Service | WebPage | WebSite | ['AutoRepair', 'AutomotiveBusiness']",PASS,PRESENT,YES,3,3,True,1,True,26,,,,RETAINED,NO,FAQ presence checked against initial HTML excluding script/style; accordion answers may be collapsed.
/brands/aston-martin-service-dubai/body-repair,brand-service,"Answer | Brand | BreadcrumbList | City | ContactPoint | FAQPage | ImageObject | ListItem | Offer | OfferCatalog | Organization | PostalAddress | Question | Service | WebPage | WebSite | ['AutoRepair', 'AutomotiveBusiness']",PASS,PRESENT,YES,3,3,True,1,True,29,,,,RETAINED,NO,FAQ presence checked against initial HTML excluding script/style; accordion answers may be collapsed.
/brands/aston-martin-service-dubai/brake-repair,brand-service,"Answer | Brand | BreadcrumbList | City | ContactPoint | FAQPage | ImageObject | ListItem | Offer | OfferCatalog | Organization | PostalAddress | Question | Service | WebPage | WebSite | ['AutoRepair', 'AutomotiveBusiness']",PASS,PRESENT,YES,3,3,True,1,True,26,,,,RETAINED,NO,FAQ presence checked against initial HTML excluding script/style; accordion answers may be collapsed.
/brands/aston-martin-service-dubai/electrical-repair,brand-service,"Answer | Brand | BreadcrumbList | City | ContactPoint | FAQPage | ImageObject | ListItem | Offer | OfferCatalog | Organization | PostalAddress | Question | Service | WebPage | WebSite | ['AutoRepair', 'AutomotiveBusiness']",PASS,PRESENT,YES,3,3,True,1,True,26,,,,RETAINED,NO,FAQ presence checked against initial HTML excluding script/style; accordion answers may be collapsed.
/brands/aston-martin-service-dubai/engine-diagnostics,brand-service,"Answer | Brand | BreadcrumbList | City | ContactPoint | FAQPage | ImageObject | ListItem | Offer | OfferCatalog | Organization | PostalAddress | Question | Service | WebPage | WebSite | ['AutoRepair', 'AutomotiveBusiness']",PASS,PRESENT,YES,3,3,True,1,True,26,,,,RETAINED,NO,FAQ presence checked against initial HTML excluding script/style; accordion answers may be collapsed.
/brands/aston-martin-service-dubai/exhaust-repair,brand-service,"Answer | Brand | BreadcrumbList | City | ContactPoint | FAQPage | ImageObject | ListItem | Offer | OfferCatalog | Organization | PostalAddress | Question | Service | WebPage | WebSite | ['AutoRepair', 'AutomotiveBusiness']",PASS,PRESENT,YES,3,3,True,1,True,26,,,,RETAINED,NO,FAQ presence checked against initial HTML excluding script/style; accordion answers may be collapsed.
/brands/aston-martin-service-dubai/fuel-system-repair,brand-service,"Answer | Brand | BreadcrumbList | City | ContactPoint | FAQPage | ImageObject | ListItem | Offer | OfferCatalog | Organization | PostalAddress | Question | Service | WebPage | WebSite | ['AutoRepair', 'AutomotiveBusiness']",PASS,PRESENT,YES,3,3,True,1,True,26,,,,RETAINED,NO,FAQ presence checked against initial HTML excluding script/style; accordion answers may be collapsed.
/brands/aston-martin-service-dubai/mechanical-repair,brand-service,"Answer | Brand | BreadcrumbList | City | ContactPoint | FAQPage | ImageObject | ListItem | Offer | OfferCatalog | Organization | PostalAddress | Question | Service | WebPage | WebSite | ['AutoRepair', 'AutomotiveBusiness']",PASS,PRESENT,YES,3,3,True,1,True,26,,,,RETAINED,NO,FAQ presence checked against initial HTML excluding script/style; accordion answers may be collapsed.
/brands/aston-martin-service-dubai/oil-change,brand-service,"Answer | Brand | BreadcrumbList | City | ContactPoint | FAQPage | ImageObject | ListItem | Offer | OfferCatalog | Organization | PostalAddress | Question | Service | WebPage | WebSite | ['AutoRepair', 'AutomotiveBusiness']",PASS,PRESENT,YES,3,3,True,1,True,26,,,,RETAINED,NO,FAQ presence checked against initial HTML excluding script/style; accordion answers may be collapsed.
/brands/aston-martin-service-dubai/steering-repair,brand-service,"Answer | Brand | BreadcrumbList | City | ContactPoint | FAQPage | ImageObject | ListItem | Offer | OfferCatalog | Organization | PostalAddress | Question | Service | WebPage | WebSite | ['AutoRepair', 'AutomotiveBusiness']",PASS,PRESENT,YES,3,3,True,1,True,26,,,,RETAINED,NO,FAQ presence checked against initial HTML excluding script/style; accordion answers may be collapsed.
/brands/aston-martin-service-dubai/suspension-repair,brand-service,"Answer | Brand | BreadcrumbList | City | ContactPoint | FAQPage | ImageObject | ListItem | Offer | OfferCatalog | Organization | PostalAddress | Question | Service | WebPage | WebSite | ['AutoRepair', 'AutomotiveBusiness']",PASS,PRESENT,YES,3,3,True,1,True,26,,,,RETAINED,NO,FAQ presence checked against initial HTML excluding script/style; accordion answers may be collapsed.
/brands/aston-martin-service-dubai/tire-repair,brand-service,"Answer | Brand | BreadcrumbList | City | ContactPoint | FAQPage | ImageObject | ListItem | Offer | OfferCatalog | Organization | PostalAddress | Question | Service | WebPage | WebSite | ['AutoRepair', 'AutomotiveBusiness']",PASS,PRESENT,YES,3,3,True,1,True,26,,,,RETAINED,NO,FAQ presence checked against initial HTML excluding script/style; accordion answers may be collapsed.
/brands/aston-martin-service-dubai/transmission-repair,brand-service,"Answer | Brand | BreadcrumbList | City | ContactPoint | FAQPage | ImageObject | ListItem | Offer | OfferCatalog | Organization | PostalAddress | Question | Service | WebPage | WebSite | ['AutoRepair', 'AutomotiveBusiness']",PASS,PRESENT,YES,3,3,True,1,True,26,,,,RETAINED,NO,FAQ presence checked against initial HTML excluding script/style; accordion answers may be collapsed.
/brands/audi-service-dubai,brand,"Answer | Brand | BreadcrumbList | City | ContactPoint | FAQPage | ImageObject | ListItem | Offer | OfferCatalog | Organization | PostalAddress | Question | Service | WebPage | WebSite | ['AutoRepair', 'AutomotiveBusiness']",PASS,PRESENT,YES,8,8,True,1,True,52,,,,RETAINED,NO,FAQ presence checked against initial HTML excluding script/style; accordion answers may be collapsed.
/brands/audi-service-dubai/a4,service,"Answer | BreadcrumbList | City | ContactPoint | FAQPage | ImageObject | ListItem | Offer | OfferCatalog | Organization | PostalAddress | Question | Service | WebPage | WebSite | ['AutoRepair', 'AutomotiveBusiness']",PASS,PRESENT,YES,0,3,True,1,True,12,,Does every Audi A4 use the EA888 engine? | Is an A4 gearbox shudder always S tronic? | How should an A4 be maintained in Dubai?,,REVIEW,REVIEW,FAQ presence checked against initial HTML excluding script/style; accordion answers may be collapsed.
/brands/audi-service-dubai/a6,service,"Answer | BreadcrumbList | City | ContactPoint | FAQPage | ImageObject | ListItem | Offer | OfferCatalog | Organization | PostalAddress | Question | Service | WebPage | WebSite | ['AutoRepair', 'AutomotiveBusiness']",PASS,PRESENT,YES,0,3,True,1,True,12,,What causes an Audi A6 EPC light? | Does every C8 A6 have the same 48-volt system? | Can an A6 transmission fault come from the drivetrain?,,REVIEW,REVIEW,FAQ presence checked against initial HTML excluding script/style; accordion answers may be collapsed.
/brands/audi-service-dubai/ac-repair,brand-service,"Answer | Brand | BreadcrumbList | City | ContactPoint | FAQPage | ImageObject | ListItem | Offer | OfferCatalog | Organization | PostalAddress | Question | Service | WebPage | WebSite | ['AutoRepair', 'AutomotiveBusiness']",PASS,PRESENT,YES,6,6,True,1,True,25,,,,RETAINED,NO,FAQ presence checked against initial HTML excluding script/style; accordion answers may be collapsed.
/brands/audi-service-dubai/battery-replacement,brand-service,"Answer | Brand | BreadcrumbList | City | ContactPoint | FAQPage | ImageObject | ListItem | Offer | OfferCatalog | Organization | PostalAddress | Question | Service | WebPage | WebSite | ['AutoRepair', 'AutomotiveBusiness']",PASS,PRESENT,YES,5,5,True,1,True,25,,,,RETAINED,NO,FAQ presence checked against initial HTML excluding script/style; accordion answers may be collapsed.
/brands/audi-service-dubai/body-repair,brand-service,"Answer | Brand | BreadcrumbList | City | ContactPoint | FAQPage | ImageObject | ListItem | Offer | OfferCatalog | Organization | PostalAddress | Question | Service | WebPage | WebSite | ['AutoRepair', 'AutomotiveBusiness']",PASS,PRESENT,YES,5,5,True,1,True,28,,,,RETAINED,NO,FAQ presence checked against initial HTML excluding script/style; accordion answers may be collapsed.
/brands/audi-service-dubai/brake-repair,brand-service,"Answer | Brand | BreadcrumbList | City | ContactPoint | FAQPage | ImageObject | ListItem | Offer | OfferCatalog | Organization | PostalAddress | Question | Service | WebPage | WebSite | ['AutoRepair', 'AutomotiveBusiness']",PASS,PRESENT,YES,6,6,True,1,True,25,,,,RETAINED,NO,FAQ presence checked against initial HTML excluding script/style; accordion answers may be collapsed.
/brands/audi-service-dubai/electrical-repair,brand-service,"Answer | Brand | BreadcrumbList | City | ContactPoint | FAQPage | ImageObject | ListItem | Offer | OfferCatalog | Organization | PostalAddress | Question | Service | WebPage | WebSite | ['AutoRepair', 'AutomotiveBusiness']",PASS,PRESENT,YES,5,5,True,1,True,25,,,,RETAINED,NO,FAQ presence checked against initial HTML excluding script/style; accordion answers may be collapsed.
/brands/audi-service-dubai/engine-diagnostics,brand-service,"Answer | Brand | BreadcrumbList | City | ContactPoint | FAQPage | ImageObject | ListItem | Offer | OfferCatalog | Organization | PostalAddress | Question | Service | WebPage | WebSite | ['AutoRepair', 'AutomotiveBusiness']",PASS,PRESENT,YES,6,6,True,1,True,25,,,,RETAINED,NO,FAQ presence checked against initial HTML excluding script/style; accordion answers may be collapsed.
/brands/audi-service-dubai/exhaust-repair,brand-service,"Answer | Brand | BreadcrumbList | City | ContactPoint | FAQPage | ImageObject | ListItem | Offer | OfferCatalog | Organization | PostalAddress | Question | Service | WebPage | WebSite | ['AutoRepair', 'AutomotiveBusiness']",PASS,PRESENT,YES,5,5,True,1,True,25,,,,RETAINED,NO,FAQ presence checked against initial HTML excluding script/style; accordion answers may be collapsed.
/brands/audi-service-dubai/fuel-system-repair,brand-service,"Answer | Brand | BreadcrumbList | City | ContactPoint | FAQPage | ImageObject | ListItem | Offer | OfferCatalog | Organization | PostalAddress | Question | Service | WebPage | WebSite | ['AutoRepair', 'AutomotiveBusiness']",PASS,PRESENT,YES,5,5,True,1,True,25,,,,RETAINED,NO,FAQ presence checked against initial HTML excluding script/style; accordion answers may be collapsed.
/brands/audi-service-dubai/mechanical-repair,brand-service,"Answer | Brand | BreadcrumbList | City | ContactPoint | FAQPage | ImageObject | ListItem | Offer | OfferCatalog | Organization | PostalAddress | Question | Service | WebPage | WebSite | ['AutoRepair', 'AutomotiveBusiness']",PASS,PRESENT,YES,5,5,True,1,True,25,,,,RETAINED,NO,FAQ presence checked against initial HTML excluding script/style; accordion answers may be collapsed.
/brands/audi-service-dubai/oil-change,brand-service,"Answer | Brand | BreadcrumbList | City | ContactPoint | FAQPage | ImageObject | ListItem | Offer | OfferCatalog | Organization | PostalAddress | Question | Service | WebPage | WebSite | ['AutoRepair', 'AutomotiveBusiness']",PASS,PRESENT,YES,5,5,True,1,True,25,,,,RETAINED,NO,FAQ presence checked against initial HTML excluding script/style; accordion answers may be collapsed.
/brands/audi-service-dubai/q5,service,"Answer | BreadcrumbList | City | ContactPoint | FAQPage | ImageObject | ListItem | Offer | OfferCatalog | Organization | PostalAddress | Question | Service | WebPage | WebSite | ['AutoRepair', 'AutomotiveBusiness']",PASS,PRESENT,YES,0,3,True,1,True,13,,What causes an Audi Q5 coolant leak? | Why is my Q5 S tronic jerking? | Can you service a Q5 plug-in hybrid?,,REVIEW,REVIEW,FAQ presence checked against initial HTML excluding script/style; accordion answers may be collapsed.
/brands/audi-service-dubai/q7,service,"Answer | BreadcrumbList | City | ContactPoint | FAQPage | ImageObject | ListItem | Offer | OfferCatalog | Organization | PostalAddress | Question | Service | WebPage | WebSite | ['AutoRepair', 'AutomotiveBusiness']",PASS,PRESENT,YES,0,3,True,1,True,13,,Why is my Audi Q7 suspension warning on? | How often should an Audi Q7 be serviced in Dubai? | Can you diagnose Q7 quattro shudder?,,REVIEW,REVIEW,FAQ presence checked against initial HTML excluding script/style; accordion answers may be collapsed.
/brands/audi-service-dubai/q8,service,"Answer | BreadcrumbList | City | ContactPoint | FAQPage | ImageObject | ListItem | Offer | OfferCatalog | Organization | PostalAddress | Question | Service | WebPage | WebSite | ['AutoRepair', 'AutomotiveBusiness']",PASS,PRESENT,YES,0,3,True,1,True,13,,Does every Audi Q8 have the same engine? | Can low voltage cause several Q8 warnings? | Do you service Audi Q8 air suspension?,,REVIEW,REVIEW,FAQ presence checked against initial HTML excluding script/style; accordion answers may be collapsed.
/brands/audi-service-dubai/r8,service,"Answer | BreadcrumbList | City | ContactPoint | FAQPage | ImageObject | ListItem | Offer | OfferCatalog | Organization | PostalAddress | Question | Service | WebPage | WebSite | ['AutoRepair', 'AutomotiveBusiness']",PASS,PRESENT,YES,0,3,True,1,True,13,,Where can I service an Audi R8 in Dubai? | Is an R8 R tronic the same as S tronic? | Do you repair R8 V10 engines?,,REVIEW,REVIEW,FAQ presence checked against initial HTML excluding script/style; accordion answers may be collapsed.
/brands/audi-service-dubai/rs3,service,"Answer | BreadcrumbList | City | ContactPoint | FAQPage | ImageObject | ListItem | Offer | OfferCatalog | Organization | PostalAddress | Question | Service | WebPage | WebSite | ['AutoRepair', 'AutomotiveBusiness']",PASS,PRESENT,YES,0,3,True,1,True,13,,What engine does the Audi RS3 use? | Why is my RS3 S tronic jerking? | Do modifications affect RS3 diagnosis?,,REVIEW,REVIEW,FAQ presence checked against initial HTML excluding script/style; accordion answers may be collapsed.
/brands/audi-service-dubai/rs6,service,"Answer | BreadcrumbList | City | ContactPoint | FAQPage | ImageObject | ListItem | Offer | OfferCatalog | Organization | PostalAddress | Question | Service | WebPage | WebSite | ['AutoRepair', 'AutomotiveBusiness']",PASS,PRESENT,YES,0,3,True,1,True,13,,Who works on Audi RS cars in Dubai? | Do all RS6 cars have air suspension? | Can you inspect an RS6 before tuning?,,REVIEW,REVIEW,FAQ presence checked against initial HTML excluding script/style; accordion answers may be collapsed.
/brands/audi-service-dubai/steering-repair,brand-service,"Answer | Brand | BreadcrumbList | City | ContactPoint | FAQPage | ImageObject | ListItem | Offer | OfferCatalog | Organization | PostalAddress | Question | Service | WebPage | WebSite | ['AutoRepair', 'AutomotiveBusiness']",PASS,PRESENT,YES,5,5,True,1,True,25,,,,RETAINED,NO,FAQ presence checked against initial HTML excluding script/style; accordion answers may be collapsed.
/brands/audi-service-dubai/suspension-repair,brand-service,"Answer | Brand | BreadcrumbList | City | ContactPoint | FAQPage | ImageObject | ListItem | Offer | OfferCatalog | Organization | PostalAddress | Question | Service | WebPage | WebSite | ['AutoRepair', 'AutomotiveBusiness']",PASS,PRESENT,YES,6,6,True,1,True,26,,,,RETAINED,NO,FAQ presence checked against initial HTML excluding script/style; accordion answers may be collapsed.
/brands/audi-service-dubai/tire-repair,brand-service,"Answer | Brand | BreadcrumbList | City | ContactPoint | FAQPage | ImageObject | ListItem | Offer | OfferCatalog | Organization | PostalAddress | Question | Service | WebPage | WebSite | ['AutoRepair', 'AutomotiveBusiness']",PASS,PRESENT,YES,5,5,True,1,True,25,,,,RETAINED,NO,FAQ presence checked against initial HTML excluding script/style; accordion answers may be collapsed.
/brands/audi-service-dubai/transmission-repair,brand-service,"Answer | Brand | BreadcrumbList | City | ContactPoint | FAQPage | ImageObject | ListItem | Offer | OfferCatalog | Organization | PostalAddress | Question | Service | WebPage | WebSite | ['AutoRepair', 'AutomotiveBusiness']",PASS,PRESENT,YES,6,6,True,1,True,25,,,,RETAINED,NO,FAQ presence checked against initial HTML excluding script/style; accordion answers may be collapsed.
/brands/bentley-service-dubai,brand,"Answer | Brand | BreadcrumbList | City | ContactPoint | FAQPage | ImageObject | ListItem | Offer | OfferCatalog | Organization | PostalAddress | Question | Service | WebPage | WebSite | ['AutoRepair', 'AutomotiveBusiness']",PASS,PRESENT,YES,9,9,True,1,True,49,,,,RETAINED,NO,FAQ presence checked against initial HTML excluding script/style; accordion answers may be collapsed.
/brands/bentley-service-dubai/ac-repair,brand-service,"Answer | Brand | BreadcrumbList | City | ContactPoint | FAQPage | ImageObject | ListItem | Offer | OfferCatalog | Organization | PostalAddress | Question | Service | WebPage | WebSite | ['AutoRepair', 'AutomotiveBusiness']",PASS,PRESENT,YES,4,4,True,1,True,25,,,,RETAINED,NO,FAQ presence checked against initial HTML excluding script/style; accordion answers may be collapsed.
/brands/bentley-service-dubai/battery-replacement,brand-service,"Answer | Brand | BreadcrumbList | City | ContactPoint | FAQPage | ImageObject | ListItem | Offer | OfferCatalog | Organization | PostalAddress | Question | Service | WebPage | WebSite | ['AutoRepair', 'AutomotiveBusiness']",PASS,PRESENT,YES,5,5,True,1,True,25,,,,RETAINED,NO,FAQ presence checked against initial HTML excluding script/style; accordion answers may be collapsed.
/brands/bentley-service-dubai/body-repair,brand-service,"Answer | Brand | BreadcrumbList | City | ContactPoint | FAQPage | ImageObject | ListItem | Offer | OfferCatalog | Organization | PostalAddress | Question | Service | WebPage | WebSite | ['AutoRepair', 'AutomotiveBusiness']",PASS,PRESENT,YES,5,5,True,1,True,28,,,,RETAINED,NO,FAQ presence checked against initial HTML excluding script/style; accordion answers may be collapsed.
/brands/bentley-service-dubai/brake-repair,brand-service,"Answer | Brand | BreadcrumbList | City | ContactPoint | FAQPage | ImageObject | ListItem | Offer | OfferCatalog | Organization | PostalAddress | Question | Service | WebPage | WebSite | ['AutoRepair', 'AutomotiveBusiness']",PASS,PRESENT,YES,6,6,True,1,True,25,,,,RETAINED,NO,FAQ presence checked against initial HTML excluding script/style; accordion answers may be collapsed.
/brands/bentley-service-dubai/electrical-repair,brand-service,"Answer | Brand | BreadcrumbList | City | ContactPoint | FAQPage | ImageObject | ListItem | Offer | OfferCatalog | Organization | PostalAddress | Question | Service | WebPage | WebSite | ['AutoRepair', 'AutomotiveBusiness']",PASS,PRESENT,YES,5,5,True,1,True,29,,,,RETAINED,NO,FAQ presence checked against initial HTML excluding script/style; accordion answers may be collapsed.
/brands/bentley-service-dubai/engine-diagnostics,brand-service,"Answer | Brand | BreadcrumbList | City | ContactPoint | FAQPage | ImageObject | ListItem | Offer | OfferCatalog | Organization | PostalAddress | Question | Service | WebPage | WebSite | ['AutoRepair', 'AutomotiveBusiness']",PASS,PRESENT,YES,6,6,True,1,True,25,,,,RETAINED,NO,FAQ presence checked against initial HTML excluding script/style; accordion answers may be collapsed.
/brands/bentley-service-dubai/exhaust-repair,brand-service,"Answer | Brand | BreadcrumbList | City | ContactPoint | FAQPage | ImageObject | ListItem | Offer | OfferCatalog | Organization | PostalAddress | Question | Service | WebPage | WebSite | ['AutoRepair', 'AutomotiveBusiness']",PASS,PRESENT,YES,5,5,True,1,True,25,,,,RETAINED,NO,FAQ presence checked against initial HTML excluding script/style; accordion answers may be collapsed.
/brands/bentley-service-dubai/fuel-system-repair,brand-service,"Answer | Brand | BreadcrumbList | City | ContactPoint | FAQPage | ImageObject | ListItem | Offer | OfferCatalog | Organization | PostalAddress | Question | Service | WebPage | WebSite | ['AutoRepair', 'AutomotiveBusiness']",PASS,PRESENT,YES,5,5,True,1,True,25,,,,RETAINED,NO,FAQ presence checked against initial HTML excluding script/style; accordion answers may be collapsed.
/brands/bentley-service-dubai/mechanical-repair,brand-service,"Answer | Brand | BreadcrumbList | City | ContactPoint | FAQPage | ImageObject | ListItem | Offer | OfferCatalog | Organization | PostalAddress | Question | Service | WebPage | WebSite | ['AutoRepair', 'AutomotiveBusiness']",PASS,PRESENT,YES,5,5,True,1,True,25,,,,RETAINED,NO,FAQ presence checked against initial HTML excluding script/style; accordion answers may be collapsed.
/brands/bentley-service-dubai/oil-change,brand-service,"Answer | Brand | BreadcrumbList | City | ContactPoint | FAQPage | ImageObject | ListItem | Offer | OfferCatalog | Organization | PostalAddress | Question | Service | WebPage | WebSite | ['AutoRepair', 'AutomotiveBusiness']",PASS,PRESENT,YES,5,5,True,1,True,26,,,,RETAINED,NO,FAQ presence checked against initial HTML excluding script/style; accordion answers may be collapsed.
/brands/bentley-service-dubai/steering-repair,brand-service,"Answer | Brand | BreadcrumbList | City | ContactPoint | FAQPage | ImageObject | ListItem | Offer | OfferCatalog | Organization | PostalAddress | Question | Service | WebPage | WebSite | ['AutoRepair', 'AutomotiveBusiness']",PASS,PRESENT,YES,5,5,True,1,True,25,,,,RETAINED,NO,FAQ presence checked against initial HTML excluding script/style; accordion answers may be collapsed.
/brands/bentley-service-dubai/suspension-repair,brand-service,"Answer | Brand | BreadcrumbList | City | ContactPoint | FAQPage | ImageObject | ListItem | Offer | OfferCatalog | Organization | PostalAddress | Question | Service | WebPage | WebSite | ['AutoRepair', 'AutomotiveBusiness']",PASS,PRESENT,YES,4,4,True,1,True,26,,,,RETAINED,NO,FAQ presence checked against initial HTML excluding script/style; accordion answers may be collapsed.
/brands/bentley-service-dubai/tire-repair,brand-service,"Answer | Brand | BreadcrumbList | City | ContactPoint | FAQPage | ImageObject | ListItem | Offer | OfferCatalog | Organization | PostalAddress | Question | Service | WebPage | WebSite | ['AutoRepair', 'AutomotiveBusiness']",PASS,PRESENT,YES,5,5,True,1,True,25,,,,RETAINED,NO,FAQ presence checked against initial HTML excluding script/style; accordion answers may be collapsed.
/brands/bentley-service-dubai/transmission-repair,brand-service,"Answer | Brand | BreadcrumbList | City | ContactPoint | FAQPage | ImageObject | ListItem | Offer | OfferCatalog | Organization | PostalAddress | Question | Service | WebPage | WebSite | ['AutoRepair', 'AutomotiveBusiness']",PASS,PRESENT,YES,4,4,True,1,True,25,,,,RETAINED,NO,FAQ presence checked against initial HTML excluding script/style; accordion answers may be collapsed.
/brands/bmw-service-dubai,brand,"Answer | Brand | BreadcrumbList | City | ContactPoint | FAQPage | ImageObject | ListItem | Offer | OfferCatalog | Organization | PostalAddress | Question | Service | WebPage | WebSite | ['AutoRepair', 'AutomotiveBusiness']",PASS,PRESENT,YES,11,11,True,1,True,63,,,,RETAINED,NO,FAQ presence checked against initial HTML excluding script/style; accordion answers may be collapsed.
/brands/bmw-service-dubai/3-series,service,"BreadcrumbList | City | ContactPoint | ImageObject | ListItem | Offer | OfferCatalog | Organization | PostalAddress | Service | WebPage | WebSite | ['AutoRepair', 'AutomotiveBusiness']",PASS,PRESENT,NO,0,0,True,1,True,17,,,,RETAINED,NO,FAQ presence checked against initial HTML excluding script/style; accordion answers may be collapsed.
/brands/bmw-service-dubai/5-series,service,"BreadcrumbList | City | ContactPoint | ImageObject | ListItem | Offer | OfferCatalog | Organization | PostalAddress | Service | WebPage | WebSite | ['AutoRepair', 'AutomotiveBusiness']",PASS,PRESENT,NO,0,0,True,1,True,17,,,,RETAINED,NO,FAQ presence checked against initial HTML excluding script/style; accordion answers may be collapsed.
/brands/bmw-service-dubai/ac-repair,brand-service,"Answer | Brand | BreadcrumbList | City | ContactPoint | FAQPage | ImageObject | ListItem | Offer | OfferCatalog | Organization | PostalAddress | Question | Service | WebPage | WebSite | ['AutoRepair', 'AutomotiveBusiness']",PASS,PRESENT,YES,6,6,True,1,True,30,,,,RETAINED,NO,FAQ presence checked against initial HTML excluding script/style; accordion answers may be collapsed.
/brands/bmw-service-dubai/battery-replacement,brand-service,"Answer | Brand | BreadcrumbList | City | ContactPoint | FAQPage | ImageObject | ListItem | Offer | OfferCatalog | Organization | PostalAddress | Question | Service | WebPage | WebSite | ['AutoRepair', 'AutomotiveBusiness']",PASS,PRESENT,YES,5,5,True,1,True,30,,,,RETAINED,NO,FAQ presence checked against initial HTML excluding script/style; accordion answers may be collapsed.
/brands/bmw-service-dubai/body-repair,brand-service,"Answer | Brand | BreadcrumbList | City | ContactPoint | FAQPage | ImageObject | ListItem | Offer | OfferCatalog | Organization | PostalAddress | Question | Service | WebPage | WebSite | ['AutoRepair', 'AutomotiveBusiness']",PASS,PRESENT,YES,5,5,True,1,True,33,,,,RETAINED,NO,FAQ presence checked against initial HTML excluding script/style; accordion answers may be collapsed.
/brands/bmw-service-dubai/brake-repair,brand-service,"Answer | Brand | BreadcrumbList | City | ContactPoint | FAQPage | ImageObject | ListItem | Offer | OfferCatalog | Organization | PostalAddress | Question | Service | WebPage | WebSite | ['AutoRepair', 'AutomotiveBusiness']",PASS,PRESENT,YES,3,3,True,1,True,30,,,,RETAINED,NO,FAQ presence checked against initial HTML excluding script/style; accordion answers may be collapsed.
/brands/bmw-service-dubai/electrical-repair,brand-service,"Answer | Brand | BreadcrumbList | City | ContactPoint | FAQPage | ImageObject | ListItem | Offer | OfferCatalog | Organization | PostalAddress | Question | Service | WebPage | WebSite | ['AutoRepair', 'AutomotiveBusiness']",PASS,PRESENT,YES,3,3,True,1,True,30,,,,RETAINED,NO,FAQ presence checked against initial HTML excluding script/style; accordion answers may be collapsed.
/brands/bmw-service-dubai/engine-diagnostics,brand-service,"Answer | Brand | BreadcrumbList | City | ContactPoint | FAQPage | ImageObject | ListItem | Offer | OfferCatalog | Organization | PostalAddress | Question | Service | WebPage | WebSite | ['AutoRepair', 'AutomotiveBusiness']",PASS,PRESENT,YES,6,6,True,1,True,30,,,,RETAINED,NO,FAQ presence checked against initial HTML excluding script/style; accordion answers may be collapsed.
/brands/bmw-service-dubai/exhaust-repair,brand-service,"Answer | Brand | BreadcrumbList | City | ContactPoint | FAQPage | ImageObject | ListItem | Offer | OfferCatalog | Organization | PostalAddress | Question | Service | WebPage | WebSite | ['AutoRepair', 'AutomotiveBusiness']",PASS,PRESENT,YES,5,5,True,1,True,30,,,,RETAINED,NO,FAQ presence checked against initial HTML excluding script/style; accordion answers may be collapsed.
/brands/bmw-service-dubai/fuel-system-repair,brand-service,"Answer | Brand | BreadcrumbList | City | ContactPoint | FAQPage | ImageObject | ListItem | Offer | OfferCatalog | Organization | PostalAddress | Question | Service | WebPage | WebSite | ['AutoRepair', 'AutomotiveBusiness']",PASS,PRESENT,YES,5,5,True,1,True,30,,,,RETAINED,NO,FAQ presence checked against initial HTML excluding script/style; accordion answers may be collapsed.
/brands/bmw-service-dubai/m3,service,"BreadcrumbList | City | ContactPoint | ImageObject | ListItem | Offer | OfferCatalog | Organization | PostalAddress | Service | WebPage | WebSite | ['AutoRepair', 'AutomotiveBusiness']",PASS,PRESENT,NO,0,0,True,1,True,17,,,,RETAINED,NO,FAQ presence checked against initial HTML excluding script/style; accordion answers may be collapsed.
/brands/bmw-service-dubai/m4,service,"BreadcrumbList | City | ContactPoint | ImageObject | ListItem | Offer | OfferCatalog | Organization | PostalAddress | Service | WebPage | WebSite | ['AutoRepair', 'AutomotiveBusiness']",PASS,PRESENT,NO,0,0,True,1,True,17,,,,RETAINED,NO,FAQ presence checked against initial HTML excluding script/style; accordion answers may be collapsed.
/brands/bmw-service-dubai/m5,service,"BreadcrumbList | City | ContactPoint | ImageObject | ListItem | Offer | OfferCatalog | Organization | PostalAddress | Service | WebPage | WebSite | ['AutoRepair', 'AutomotiveBusiness']",PASS,PRESENT,NO,0,0,True,1,True,17,,,,RETAINED,NO,FAQ presence checked against initial HTML excluding script/style; accordion answers may be collapsed.
/brands/bmw-service-dubai/mechanical-repair,brand-service,"Answer | Brand | BreadcrumbList | City | ContactPoint | FAQPage | ImageObject | ListItem | Offer | OfferCatalog | Organization | PostalAddress | Question | Service | WebPage | WebSite | ['AutoRepair', 'AutomotiveBusiness']",PASS,PRESENT,YES,5,5,True,1,True,30,,,,RETAINED,NO,FAQ presence checked against initial HTML excluding script/style; accordion answers may be collapsed.
/brands/bmw-service-dubai/oil-change,brand-service,"Answer | Brand | BreadcrumbList | City | ContactPoint | FAQPage | ImageObject | ListItem | Offer | OfferCatalog | Organization | PostalAddress | Question | Service | WebPage | WebSite | ['AutoRepair', 'AutomotiveBusiness']",PASS,PRESENT,YES,3,3,True,1,True,31,,,,RETAINED,NO,FAQ presence checked against initial HTML excluding script/style; accordion answers may be collapsed.
/brands/bmw-service-dubai/steering-repair,brand-service,"Answer | Brand | BreadcrumbList | City | ContactPoint | FAQPage | ImageObject | ListItem | Offer | OfferCatalog | Organization | PostalAddress | Question | Service | WebPage | WebSite | ['AutoRepair', 'AutomotiveBusiness']",PASS,PRESENT,YES,5,5,True,1,True,30,,,,RETAINED,NO,FAQ presence checked against initial HTML excluding script/style; accordion answers may be collapsed.
/brands/bmw-service-dubai/suspension-repair,brand-service,"Answer | Brand | BreadcrumbList | City | ContactPoint | FAQPage | ImageObject | ListItem | Offer | OfferCatalog | Organization | PostalAddress | Question | Service | WebPage | WebSite | ['AutoRepair', 'AutomotiveBusiness']",PASS,PRESENT,YES,2,2,True,1,True,31,,,,RETAINED,NO,FAQ presence checked against initial HTML excluding script/style; accordion answers may be collapsed.
/brands/bmw-service-dubai/tire-repair,brand-service,"Answer | Brand | BreadcrumbList | City | ContactPoint | FAQPage | ImageObject | ListItem | Offer | OfferCatalog | Organization | PostalAddress | Question | Service | WebPage | WebSite | ['AutoRepair', 'AutomotiveBusiness']",PASS,PRESENT,YES,5,5,True,1,True,30,,,,RETAINED,NO,FAQ presence checked against initial HTML excluding script/style; accordion answers may be collapsed.
/brands/bmw-service-dubai/transmission-repair,brand-service,"Answer | Brand | BreadcrumbList | City | ContactPoint | FAQPage | ImageObject | ListItem | Offer | OfferCatalog | Organization | PostalAddress | Question | Service | WebPage | WebSite | ['AutoRepair', 'AutomotiveBusiness']",PASS,PRESENT,YES,4,4,True,1,True,30,,,,RETAINED,NO,FAQ presence checked against initial HTML excluding script/style; accordion answers may be collapsed.
/brands/bmw-service-dubai/x5,service,"BreadcrumbList | City | ContactPoint | ImageObject | ListItem | Offer | OfferCatalog | Organization | PostalAddress | Service | WebPage | WebSite | ['AutoRepair', 'AutomotiveBusiness']",PASS,PRESENT,NO,0,0,True,1,True,17,,,,RETAINED,NO,FAQ presence checked against initial HTML excluding script/style; accordion answers may be collapsed.
/brands/bmw-service-dubai/x6,service,"BreadcrumbList | City | ContactPoint | ImageObject | ListItem | Offer | OfferCatalog | Organization | PostalAddress | Service | WebPage | WebSite | ['AutoRepair', 'AutomotiveBusiness']",PASS,PRESENT,NO,0,0,True,1,True,17,,,,RETAINED,NO,FAQ presence checked against initial HTML excluding script/style; accordion answers may be collapsed.
/brands/bugatti-service-dubai,brand,"Answer | Brand | BreadcrumbList | City | ContactPoint | FAQPage | ImageObject | ListItem | Offer | OfferCatalog | Organization | PostalAddress | Question | Service | WebPage | WebSite | ['AutoRepair', 'AutomotiveBusiness']",PASS,PRESENT,YES,0,4,True,1,True,36,,How often should a Bugatti be serviced in Dubai? | Do you use genuine Bugatti parts? | How long does a typical Bugatti service take? | Can Digi-Tec accept my Bugatti?,,REVIEW,REVIEW,FAQ presence checked against initial HTML excluding script/style; accordion answers may be collapsed.
/brands/bugatti-service-dubai/ac-repair,brand-service,"Answer | Brand | BreadcrumbList | City | ContactPoint | FAQPage | ImageObject | ListItem | Offer | OfferCatalog | Organization | PostalAddress | Question | Service | WebPage | WebSite | ['AutoRepair', 'AutomotiveBusiness']",PASS,PRESENT,YES,6,6,True,1,True,25,,,,RETAINED,NO,FAQ presence checked against initial HTML excluding script/style; accordion answers may be collapsed.
/brands/bugatti-service-dubai/battery-replacement,brand-service,"Answer | Brand | BreadcrumbList | City | ContactPoint | FAQPage | ImageObject | ListItem | Offer | OfferCatalog | Organization | PostalAddress | Question | Service | WebPage | WebSite | ['AutoRepair', 'AutomotiveBusiness']",PASS,PRESENT,YES,5,5,True,1,True,25,,,,RETAINED,NO,FAQ presence checked against initial HTML excluding script/style; accordion answers may be collapsed.
/brands/bugatti-service-dubai/body-repair,brand-service,"Answer | Brand | BreadcrumbList | City | ContactPoint | FAQPage | ImageObject | ListItem | Offer | OfferCatalog | Organization | PostalAddress | Question | Service | WebPage | WebSite | ['AutoRepair', 'AutomotiveBusiness']",PASS,PRESENT,YES,5,5,True,1,True,28,,,,RETAINED,NO,FAQ presence checked against initial HTML excluding script/style; accordion answers may be collapsed.
/brands/bugatti-service-dubai/brake-repair,brand-service,"Answer | Brand | BreadcrumbList | City | ContactPoint | FAQPage | ImageObject | ListItem | Offer | OfferCatalog | Organization | PostalAddress | Question | Service | WebPage | WebSite | ['AutoRepair', 'AutomotiveBusiness']",PASS,PRESENT,YES,6,6,True,1,True,25,,,,RETAINED,NO,FAQ presence checked against initial HTML excluding script/style; accordion answers may be collapsed.
/brands/bugatti-service-dubai/electrical-repair,brand-service,"Answer | Brand | BreadcrumbList | City | ContactPoint | FAQPage | ImageObject | ListItem | Offer | OfferCatalog | Organization | PostalAddress | Question | Service | WebPage | WebSite | ['AutoRepair', 'AutomotiveBusiness']",PASS,PRESENT,YES,5,5,True,1,True,25,,,,RETAINED,NO,FAQ presence checked against initial HTML excluding script/style; accordion answers may be collapsed.
/brands/bugatti-service-dubai/engine-diagnostics,brand-service,"Answer | Brand | BreadcrumbList | City | ContactPoint | FAQPage | ImageObject | ListItem | Offer | OfferCatalog | Organization | PostalAddress | Question | Service | WebPage | WebSite | ['AutoRepair', 'AutomotiveBusiness']",PASS,PRESENT,YES,6,6,True,1,True,25,,,,RETAINED,NO,FAQ presence checked against initial HTML excluding script/style; accordion answers may be collapsed.
/brands/bugatti-service-dubai/exhaust-repair,brand-service,"Answer | Brand | BreadcrumbList | City | ContactPoint | FAQPage | ImageObject | ListItem | Offer | OfferCatalog | Organization | PostalAddress | Question | Service | WebPage | WebSite | ['AutoRepair', 'AutomotiveBusiness']",PASS,PRESENT,YES,5,5,True,1,True,25,,,,RETAINED,NO,FAQ presence checked against initial HTML excluding script/style; accordion answers may be collapsed.
/brands/bugatti-service-dubai/fuel-system-repair,brand-service,"Answer | Brand | BreadcrumbList | City | ContactPoint | FAQPage | ImageObject | ListItem | Offer | OfferCatalog | Organization | PostalAddress | Question | Service | WebPage | WebSite | ['AutoRepair', 'AutomotiveBusiness']",PASS,PRESENT,YES,5,5,True,1,True,25,,,,RETAINED,NO,FAQ presence checked against initial HTML excluding script/style; accordion answers may be collapsed.
/brands/bugatti-service-dubai/mechanical-repair,brand-service,"Answer | Brand | BreadcrumbList | City | ContactPoint | FAQPage | ImageObject | ListItem | Offer | OfferCatalog | Organization | PostalAddress | Question | Service | WebPage | WebSite | ['AutoRepair', 'AutomotiveBusiness']",PASS,PRESENT,YES,5,5,True,1,True,25,,,,RETAINED,NO,FAQ presence checked against initial HTML excluding script/style; accordion answers may be collapsed.
/brands/bugatti-service-dubai/oil-change,brand-service,"Answer | Brand | BreadcrumbList | City | ContactPoint | FAQPage | ImageObject | ListItem | Offer | OfferCatalog | Organization | PostalAddress | Question | Service | WebPage | WebSite | ['AutoRepair', 'AutomotiveBusiness']",PASS,PRESENT,YES,5,5,True,1,True,25,,,,RETAINED,NO,FAQ presence checked against initial HTML excluding script/style; accordion answers may be collapsed.
/brands/bugatti-service-dubai/steering-repair,brand-service,"Answer | Brand | BreadcrumbList | City | ContactPoint | FAQPage | ImageObject | ListItem | Offer | OfferCatalog | Organization | PostalAddress | Question | Service | WebPage | WebSite | ['AutoRepair', 'AutomotiveBusiness']",PASS,PRESENT,YES,5,5,True,1,True,25,,,,RETAINED,NO,FAQ presence checked against initial HTML excluding script/style; accordion answers may be collapsed.
/brands/bugatti-service-dubai/suspension-repair,brand-service,"Answer | Brand | BreadcrumbList | City | ContactPoint | FAQPage | ImageObject | ListItem | Offer | OfferCatalog | Organization | PostalAddress | Question | Service | WebPage | WebSite | ['AutoRepair', 'AutomotiveBusiness']",PASS,PRESENT,YES,6,6,True,1,True,25,,,,RETAINED,NO,FAQ presence checked against initial HTML excluding script/style; accordion answers may be collapsed.
/brands/bugatti-service-dubai/tire-repair,brand-service,"Answer | Brand | BreadcrumbList | City | ContactPoint | FAQPage | ImageObject | ListItem | Offer | OfferCatalog | Organization | PostalAddress | Question | Service | WebPage | WebSite | ['AutoRepair', 'AutomotiveBusiness']",PASS,PRESENT,YES,5,5,True,1,True,25,,,,RETAINED,NO,FAQ presence checked against initial HTML excluding script/style; accordion answers may be collapsed.
/brands/bugatti-service-dubai/transmission-repair,brand-service,"Answer | Brand | BreadcrumbList | City | ContactPoint | FAQPage | ImageObject | ListItem | Offer | OfferCatalog | Organization | PostalAddress | Question | Service | WebPage | WebSite | ['AutoRepair', 'AutomotiveBusiness']",PASS,PRESENT,YES,6,6,True,1,True,25,,,,RETAINED,NO,FAQ presence checked against initial HTML excluding script/style; accordion answers may be collapsed.
/brands/byd-service-dubai,brand,"Answer | Brand | BreadcrumbList | City | ContactPoint | FAQPage | ImageObject | ListItem | Offer | OfferCatalog | Organization | PostalAddress | Question | Service | WebPage | WebSite | ['AutoRepair', 'AutomotiveBusiness']",PASS,PRESENT,YES,0,4,True,1,True,36,,Do you service BYD vehicles in Dubai? | Can you diagnose a warning light on my BYD? | Do you use quality parts for BYD repairs? | Where is Digi-Tec located?,,REVIEW,REVIEW,FAQ presence checked against initial HTML excluding script/style; accordion answers may be collapsed.
/brands/byd-service-dubai/ac-repair,brand-service,"Answer | Brand | BreadcrumbList | City | ContactPoint | FAQPage | ImageObject | ListItem | Offer | OfferCatalog | Organization | PostalAddress | Question | Service | WebPage | WebSite | ['AutoRepair', 'AutomotiveBusiness']",PASS,PRESENT,YES,6,6,True,1,True,25,,,,RETAINED,NO,FAQ presence checked against initial HTML excluding script/style; accordion answers may be collapsed.
/brands/byd-service-dubai/battery-replacement,brand-service,"Answer | Brand | BreadcrumbList | City | ContactPoint | FAQPage | ImageObject | ListItem | Offer | OfferCatalog | Organization | PostalAddress | Question | Service | WebPage | WebSite | ['AutoRepair', 'AutomotiveBusiness']",PASS,PRESENT,YES,5,5,True,1,True,25,,,,RETAINED,NO,FAQ presence checked against initial HTML excluding script/style; accordion answers may be collapsed.
/brands/byd-service-dubai/body-repair,brand-service,"Answer | Brand | BreadcrumbList | City | ContactPoint | FAQPage | ImageObject | ListItem | Offer | OfferCatalog | Organization | PostalAddress | Question | Service | WebPage | WebSite | ['AutoRepair', 'AutomotiveBusiness']",PASS,PRESENT,YES,5,5,True,1,True,28,,,,RETAINED,NO,FAQ presence checked against initial HTML excluding script/style; accordion answers may be collapsed.
/brands/byd-service-dubai/brake-repair,brand-service,"Answer | Brand | BreadcrumbList | City | ContactPoint | FAQPage | ImageObject | ListItem | Offer | OfferCatalog | Organization | PostalAddress | Question | Service | WebPage | WebSite | ['AutoRepair', 'AutomotiveBusiness']",PASS,PRESENT,YES,6,6,True,1,True,25,,,,RETAINED,NO,FAQ presence checked against initial HTML excluding script/style; accordion answers may be collapsed.
/brands/byd-service-dubai/electrical-repair,brand-service,"Answer | Brand | BreadcrumbList | City | ContactPoint | FAQPage | ImageObject | ListItem | Offer | OfferCatalog | Organization | PostalAddress | Question | Service | WebPage | WebSite | ['AutoRepair', 'AutomotiveBusiness']",PASS,PRESENT,YES,5,5,True,1,True,25,,,,RETAINED,NO,FAQ presence checked against initial HTML excluding script/style; accordion answers may be collapsed.
/brands/byd-service-dubai/engine-diagnostics,brand-service,"Answer | Brand | BreadcrumbList | City | ContactPoint | FAQPage | ImageObject | ListItem | Offer | OfferCatalog | Organization | PostalAddress | Question | Service | WebPage | WebSite | ['AutoRepair', 'AutomotiveBusiness']",PASS,PRESENT,YES,6,6,True,1,True,25,,,,RETAINED,NO,FAQ presence checked against initial HTML excluding script/style; accordion answers may be collapsed.
/brands/byd-service-dubai/exhaust-repair,brand-service,"Answer | Brand | BreadcrumbList | City | ContactPoint | FAQPage | ImageObject | ListItem | Offer | OfferCatalog | Organization | PostalAddress | Question | Service | WebPage | WebSite | ['AutoRepair', 'AutomotiveBusiness']",PASS,PRESENT,YES,5,5,True,1,True,25,,,,RETAINED,NO,FAQ presence checked against initial HTML excluding script/style; accordion answers may be collapsed.
/brands/byd-service-dubai/fuel-system-repair,brand-service,"Answer | Brand | BreadcrumbList | City | ContactPoint | FAQPage | ImageObject | ListItem | Offer | OfferCatalog | Organization | PostalAddress | Question | Service | WebPage | WebSite | ['AutoRepair', 'AutomotiveBusiness']",PASS,PRESENT,YES,5,5,True,1,True,25,,,,RETAINED,NO,FAQ presence checked against initial HTML excluding script/style; accordion answers may be collapsed.
/brands/byd-service-dubai/mechanical-repair,brand-service,"Answer | Brand | BreadcrumbList | City | ContactPoint | FAQPage | ImageObject | ListItem | Offer | OfferCatalog | Organization | PostalAddress | Question | Service | WebPage | WebSite | ['AutoRepair', 'AutomotiveBusiness']",PASS,PRESENT,YES,5,5,True,1,True,25,,,,RETAINED,NO,FAQ presence checked against initial HTML excluding script/style; accordion answers may be collapsed.
/brands/byd-service-dubai/oil-change,brand-service,"Answer | Brand | BreadcrumbList | City | ContactPoint | FAQPage | ImageObject | ListItem | Offer | OfferCatalog | Organization | PostalAddress | Question | Service | WebPage | WebSite | ['AutoRepair', 'AutomotiveBusiness']",PASS,PRESENT,YES,5,5,True,1,True,25,,,,RETAINED,NO,FAQ presence checked against initial HTML excluding script/style; accordion answers may be collapsed.
/brands/byd-service-dubai/steering-repair,brand-service,"Answer | Brand | BreadcrumbList | City | ContactPoint | FAQPage | ImageObject | ListItem | Offer | OfferCatalog | Organization | PostalAddress | Question | Service | WebPage | WebSite | ['AutoRepair', 'AutomotiveBusiness']",PASS,PRESENT,YES,5,5,True,1,True,25,,,,RETAINED,NO,FAQ presence checked against initial HTML excluding script/style; accordion answers may be collapsed.
/brands/byd-service-dubai/suspension-repair,brand-service,"Answer | Brand | BreadcrumbList | City | ContactPoint | FAQPage | ImageObject | ListItem | Offer | OfferCatalog | Organization | PostalAddress | Question | Service | WebPage | WebSite | ['AutoRepair', 'AutomotiveBusiness']",PASS,PRESENT,YES,6,6,True,1,True,25,,,,RETAINED,NO,FAQ presence checked against initial HTML excluding script/style; accordion answers may be collapsed.
/brands/byd-service-dubai/tire-repair,brand-service,"Answer | Brand | BreadcrumbList | City | ContactPoint | FAQPage | ImageObject | ListItem | Offer | OfferCatalog | Organization | PostalAddress | Question | Service | WebPage | WebSite | ['AutoRepair', 'AutomotiveBusiness']",PASS,PRESENT,YES,5,5,True,1,True,25,,,,RETAINED,NO,FAQ presence checked against initial HTML excluding script/style; accordion answers may be collapsed.
/brands/byd-service-dubai/transmission-repair,brand-service,"Answer | Brand | BreadcrumbList | City | ContactPoint | FAQPage | ImageObject | ListItem | Offer | OfferCatalog | Organization | PostalAddress | Question | Service | WebPage | WebSite | ['AutoRepair', 'AutomotiveBusiness']",PASS,PRESENT,YES,6,6,True,1,True,25,,,,RETAINED,NO,FAQ presence checked against initial HTML excluding script/style; accordion answers may be collapsed.
/brands/cadillac-service-dubai,brand,"Answer | Brand | BreadcrumbList | City | ContactPoint | FAQPage | ImageObject | ListItem | Offer | OfferCatalog | Organization | PostalAddress | Question | Service | WebPage | WebSite | ['AutoRepair', 'AutomotiveBusiness']",PASS,PRESENT,YES,4,4,True,1,True,37,,,,RETAINED,NO,FAQ presence checked against initial HTML excluding script/style; accordion answers may be collapsed.
/brands/cadillac-service-dubai/ac-repair,brand-service,"Answer | Brand | BreadcrumbList | City | ContactPoint | FAQPage | ImageObject | ListItem | Offer | OfferCatalog | Organization | PostalAddress | Question | Service | WebPage | WebSite | ['AutoRepair', 'AutomotiveBusiness']",PASS,PRESENT,YES,6,6,True,1,True,25,,,,RETAINED,NO,FAQ presence checked against initial HTML excluding script/style; accordion answers may be collapsed.
/brands/cadillac-service-dubai/battery-replacement,brand-service,"Answer | Brand | BreadcrumbList | City | ContactPoint | FAQPage | ImageObject | ListItem | Offer | OfferCatalog | Organization | PostalAddress | Question | Service | WebPage | WebSite | ['AutoRepair', 'AutomotiveBusiness']",PASS,PRESENT,YES,5,5,True,1,True,25,,,,RETAINED,NO,FAQ presence checked against initial HTML excluding script/style; accordion answers may be collapsed.
/brands/cadillac-service-dubai/body-repair,brand-service,"Answer | Brand | BreadcrumbList | City | ContactPoint | FAQPage | ImageObject | ListItem | Offer | OfferCatalog | Organization | PostalAddress | Question | Service | WebPage | WebSite | ['AutoRepair', 'AutomotiveBusiness']",PASS,PRESENT,YES,5,5,True,1,True,28,,,,RETAINED,NO,FAQ presence checked against initial HTML excluding script/style; accordion answers may be collapsed.
/brands/cadillac-service-dubai/brake-repair,brand-service,"Answer | Brand | BreadcrumbList | City | ContactPoint | FAQPage | ImageObject | ListItem | Offer | OfferCatalog | Organization | PostalAddress | Question | Service | WebPage | WebSite | ['AutoRepair', 'AutomotiveBusiness']",PASS,PRESENT,YES,6,6,True,1,True,25,,,,RETAINED,NO,FAQ presence checked against initial HTML excluding script/style; accordion answers may be collapsed.
/brands/cadillac-service-dubai/electrical-repair,brand-service,"Answer | Brand | BreadcrumbList | City | ContactPoint | FAQPage | ImageObject | ListItem | Offer | OfferCatalog | Organization | PostalAddress | Question | Service | WebPage | WebSite | ['AutoRepair', 'AutomotiveBusiness']",PASS,PRESENT,YES,5,5,True,1,True,25,,,,RETAINED,NO,FAQ presence checked against initial HTML excluding script/style; accordion answers may be collapsed.
/brands/cadillac-service-dubai/engine-diagnostics,brand-service,"Answer | Brand | BreadcrumbList | City | ContactPoint | FAQPage | ImageObject | ListItem | Offer | OfferCatalog | Organization | PostalAddress | Question | Service | WebPage | WebSite | ['AutoRepair', 'AutomotiveBusiness']",PASS,PRESENT,YES,6,6,True,1,True,25,,,,RETAINED,NO,FAQ presence checked against initial HTML excluding script/style; accordion answers may be collapsed.
/brands/cadillac-service-dubai/exhaust-repair,brand-service,"Answer | Brand | BreadcrumbList | City | ContactPoint | FAQPage | ImageObject | ListItem | Offer | OfferCatalog | Organization | PostalAddress | Question | Service | WebPage | WebSite | ['AutoRepair', 'AutomotiveBusiness']",PASS,PRESENT,YES,5,5,True,1,True,25,,,,RETAINED,NO,FAQ presence checked against initial HTML excluding script/style; accordion answers may be collapsed.
/brands/cadillac-service-dubai/fuel-system-repair,brand-service,"Answer | Brand | BreadcrumbList | City | ContactPoint | FAQPage | ImageObject | ListItem | Offer | OfferCatalog | Organization | PostalAddress | Question | Service | WebPage | WebSite | ['AutoRepair', 'AutomotiveBusiness']",PASS,PRESENT,YES,5,5,True,1,True,25,,,,RETAINED,NO,FAQ presence checked against initial HTML excluding script/style; accordion answers may be collapsed.
/brands/cadillac-service-dubai/mechanical-repair,brand-service,"Answer | Brand | BreadcrumbList | City | ContactPoint | FAQPage | ImageObject | ListItem | Offer | OfferCatalog | Organization | PostalAddress | Question | Service | WebPage | WebSite | ['AutoRepair', 'AutomotiveBusiness']",PASS,PRESENT,YES,5,5,True,1,True,25,,,,RETAINED,NO,FAQ presence checked against initial HTML excluding script/style; accordion answers may be collapsed.
/brands/cadillac-service-dubai/oil-change,brand-service,"Answer | Brand | BreadcrumbList | City | ContactPoint | FAQPage | ImageObject | ListItem | Offer | OfferCatalog | Organization | PostalAddress | Question | Service | WebPage | WebSite | ['AutoRepair', 'AutomotiveBusiness']",PASS,PRESENT,YES,5,5,True,1,True,25,,,,RETAINED,NO,FAQ presence checked against initial HTML excluding script/style; accordion answers may be collapsed.
/brands/cadillac-service-dubai/steering-repair,brand-service,"Answer | Brand | BreadcrumbList | City | ContactPoint | FAQPage | ImageObject | ListItem | Offer | OfferCatalog | Organization | PostalAddress | Question | Service | WebPage | WebSite | ['AutoRepair', 'AutomotiveBusiness']",PASS,PRESENT,YES,5,5,True,1,True,25,,,,RETAINED,NO,FAQ presence checked against initial HTML excluding script/style; accordion answers may be collapsed.
/brands/cadillac-service-dubai/suspension-repair,brand-service,"Answer | Brand | BreadcrumbList | City | ContactPoint | FAQPage | ImageObject | ListItem | Offer | OfferCatalog | Organization | PostalAddress | Question | Service | WebPage | WebSite | ['AutoRepair', 'AutomotiveBusiness']",PASS,PRESENT,YES,6,6,True,1,True,25,,,,RETAINED,NO,FAQ presence checked against initial HTML excluding script/style; accordion answers may be collapsed.
/brands/cadillac-service-dubai/tire-repair,brand-service,"Answer | Brand | BreadcrumbList | City | ContactPoint | FAQPage | ImageObject | ListItem | Offer | OfferCatalog | Organization | PostalAddress | Question | Service | WebPage | WebSite | ['AutoRepair', 'AutomotiveBusiness']",PASS,PRESENT,YES,5,5,True,1,True,25,,,,RETAINED,NO,FAQ presence checked against initial HTML excluding script/style; accordion answers may be collapsed.
/brands/cadillac-service-dubai/transmission-repair,brand-service,"Answer | Brand | BreadcrumbList | City | ContactPoint | FAQPage | ImageObject | ListItem | Offer | OfferCatalog | Organization | PostalAddress | Question | Service | WebPage | WebSite | ['AutoRepair', 'AutomotiveBusiness']",PASS,PRESENT,YES,6,6,True,1,True,25,,,,RETAINED,NO,FAQ presence checked against initial HTML excluding script/style; accordion answers may be collapsed.
/brands/chevrolet-service-dubai,brand,"Answer | Brand | BreadcrumbList | City | ContactPoint | FAQPage | ImageObject | ListItem | Offer | OfferCatalog | Organization | PostalAddress | Question | Service | WebPage | WebSite | ['AutoRepair', 'AutomotiveBusiness']",PASS,PRESENT,YES,0,4,True,1,True,28,,Do you service Chevrolet vehicles in Dubai? | Can you diagnose a warning light on my Chevrolet? | Do you use quality parts for Chevrolet repairs? | Where is Digi-Tec located?,,REVIEW,REVIEW,FAQ presence checked against initial HTML excluding script/style; accordion answers may be collapsed.
/brands/chevrolet-service-dubai/ac-repair,brand-service,"Answer | Brand | BreadcrumbList | City | ContactPoint | FAQPage | ImageObject | ListItem | Offer | OfferCatalog | Organization | PostalAddress | Question | Service | WebPage | WebSite | ['AutoRepair', 'AutomotiveBusiness']",PASS,PRESENT,YES,6,6,True,1,True,17,,,,RETAINED,NO,FAQ presence checked against initial HTML excluding script/style; accordion answers may be collapsed.
/brands/chevrolet-service-dubai/brake-repair,brand-service,"Answer | Brand | BreadcrumbList | City | ContactPoint | FAQPage | ImageObject | ListItem | Offer | OfferCatalog | Organization | PostalAddress | Question | Service | WebPage | WebSite | ['AutoRepair', 'AutomotiveBusiness']",PASS,PRESENT,YES,6,6,True,1,True,17,,,,RETAINED,NO,FAQ presence checked against initial HTML excluding script/style; accordion answers may be collapsed.
/brands/chevrolet-service-dubai/engine-diagnostics,brand-service,"Answer | Brand | BreadcrumbList | City | ContactPoint | FAQPage | ImageObject | ListItem | Offer | OfferCatalog | Organization | PostalAddress | Question | Service | WebPage | WebSite | ['AutoRepair', 'AutomotiveBusiness']",PASS,PRESENT,YES,6,6,True,1,True,17,,,,RETAINED,NO,FAQ presence checked against initial HTML excluding script/style; accordion answers may be collapsed.
/brands/chevrolet-service-dubai/oil-change,brand-service,"Answer | Brand | BreadcrumbList | City | ContactPoint | FAQPage | ImageObject | ListItem | Offer | OfferCatalog | Organization | PostalAddress | Question | Service | WebPage | WebSite | ['AutoRepair', 'AutomotiveBusiness']",PASS,PRESENT,YES,5,5,True,1,True,17,,,,RETAINED,NO,FAQ presence checked against initial HTML excluding script/style; accordion answers may be collapsed.
/brands/chevrolet-service-dubai/suspension-repair,brand-service,"Answer | Brand | BreadcrumbList | City | ContactPoint | FAQPage | ImageObject | ListItem | Offer | OfferCatalog | Organization | PostalAddress | Question | Service | WebPage | WebSite | ['AutoRepair', 'AutomotiveBusiness']",PASS,PRESENT,YES,6,6,True,1,True,17,,,,RETAINED,NO,FAQ presence checked against initial HTML excluding script/style; accordion answers may be collapsed.
/brands/chevrolet-service-dubai/transmission-repair,brand-service,"Answer | Brand | BreadcrumbList | City | ContactPoint | FAQPage | ImageObject | ListItem | Offer | OfferCatalog | Organization | PostalAddress | Question | Service | WebPage | WebSite | ['AutoRepair', 'AutomotiveBusiness']",PASS,PRESENT,YES,6,6,True,1,True,17,,,,RETAINED,NO,FAQ presence checked against initial HTML excluding script/style; accordion answers may be collapsed.
/brands/chrysler-service-dubai,brand,"Answer | Brand | BreadcrumbList | City | ContactPoint | FAQPage | ImageObject | ListItem | Offer | OfferCatalog | Organization | PostalAddress | Question | Service | WebPage | WebSite | ['AutoRepair', 'AutomotiveBusiness']",PASS,PRESENT,YES,0,4,True,1,True,28,,Do you service Chrysler vehicles in Dubai? | Can you diagnose a warning light on my Chrysler? | Do you use quality parts for Chrysler repairs? | Where is Digi-Tec located?,,REVIEW,REVIEW,FAQ presence checked against initial HTML excluding script/style; accordion answers may be collapsed.
/brands/chrysler-service-dubai/ac-repair,brand-service,"Answer | Brand | BreadcrumbList | City | ContactPoint | FAQPage | ImageObject | ListItem | Offer | OfferCatalog | Organization | PostalAddress | Question | Service | WebPage | WebSite | ['AutoRepair', 'AutomotiveBusiness']",PASS,PRESENT,YES,6,6,True,1,True,17,,,,RETAINED,NO,FAQ presence checked against initial HTML excluding script/style; accordion answers may be collapsed.
/brands/chrysler-service-dubai/brake-repair,brand-service,"Answer | Brand | BreadcrumbList | City | ContactPoint | FAQPage | ImageObject | ListItem | Offer | OfferCatalog | Organization | PostalAddress | Question | Service | WebPage | WebSite | ['AutoRepair', 'AutomotiveBusiness']",PASS,PRESENT,YES,6,6,True,1,True,17,,,,RETAINED,NO,FAQ presence checked against initial HTML excluding script/style; accordion answers may be collapsed.
/brands/chrysler-service-dubai/engine-diagnostics,brand-service,"Answer | Brand | BreadcrumbList | City | ContactPoint | FAQPage | ImageObject | ListItem | Offer | OfferCatalog | Organization | PostalAddress | Question | Service | WebPage | WebSite | ['AutoRepair', 'AutomotiveBusiness']",PASS,PRESENT,YES,6,6,True,1,True,17,,,,RETAINED,NO,FAQ presence checked against initial HTML excluding script/style; accordion answers may be collapsed.
/brands/chrysler-service-dubai/oil-change,brand-service,"Answer | Brand | BreadcrumbList | City | ContactPoint | FAQPage | ImageObject | ListItem | Offer | OfferCatalog | Organization | PostalAddress | Question | Service | WebPage | WebSite | ['AutoRepair', 'AutomotiveBusiness']",PASS,PRESENT,YES,5,5,True,1,True,17,,,,RETAINED,NO,FAQ presence checked against initial HTML excluding script/style; accordion answers may be collapsed.
/brands/chrysler-service-dubai/suspension-repair,brand-service,"Answer | Brand | BreadcrumbList | City | ContactPoint | FAQPage | ImageObject | ListItem | Offer | OfferCatalog | Organization | PostalAddress | Question | Service | WebPage | WebSite | ['AutoRepair', 'AutomotiveBusiness']",PASS,PRESENT,YES,6,6,True,1,True,17,,,,RETAINED,NO,FAQ presence checked against initial HTML excluding script/style; accordion answers may be collapsed.
/brands/chrysler-service-dubai/transmission-repair,brand-service,"Answer | Brand | BreadcrumbList | City | ContactPoint | FAQPage | ImageObject | ListItem | Offer | OfferCatalog | Organization | PostalAddress | Question | Service | WebPage | WebSite | ['AutoRepair', 'AutomotiveBusiness']",PASS,PRESENT,YES,6,6,True,1,True,17,,,,RETAINED,NO,FAQ presence checked against initial HTML excluding script/style; accordion answers may be collapsed.
/brands/corvette-service-dubai,brand,"Answer | Brand | BreadcrumbList | City | ContactPoint | FAQPage | ImageObject | ListItem | Offer | OfferCatalog | Organization | PostalAddress | Question | Service | WebPage | WebSite | ['AutoRepair', 'AutomotiveBusiness']",PASS,PRESENT,YES,0,4,True,1,True,28,,Do you service Corvette vehicles in Dubai? | Can you diagnose a warning light on my Corvette? | Do you use quality parts for Corvette repairs? | Where is Digi-Tec located?,,REVIEW,REVIEW,FAQ presence checked against initial HTML excluding script/style; accordion answers may be collapsed.
/brands/corvette-service-dubai/ac-repair,brand-service,"Answer | Brand | BreadcrumbList | City | ContactPoint | FAQPage | ImageObject | ListItem | Offer | OfferCatalog | Organization | PostalAddress | Question | Service | WebPage | WebSite | ['AutoRepair', 'AutomotiveBusiness']",PASS,PRESENT,YES,6,6,True,1,True,17,,,,RETAINED,NO,FAQ presence checked against initial HTML excluding script/style; accordion answers may be collapsed.
/brands/corvette-service-dubai/brake-repair,brand-service,"Answer | Brand | BreadcrumbList | City | ContactPoint | FAQPage | ImageObject | ListItem | Offer | OfferCatalog | Organization | PostalAddress | Question | Service | WebPage | WebSite | ['AutoRepair', 'AutomotiveBusiness']",PASS,PRESENT,YES,6,6,True,1,True,17,,,,RETAINED,NO,FAQ presence checked against initial HTML excluding script/style; accordion answers may be collapsed.
/brands/corvette-service-dubai/engine-diagnostics,brand-service,"Answer | Brand | BreadcrumbList | City | ContactPoint | FAQPage | ImageObject | ListItem | Offer | OfferCatalog | Organization | PostalAddress | Question | Service | WebPage | WebSite | ['AutoRepair', 'AutomotiveBusiness']",PASS,PRESENT,YES,6,6,True,1,True,17,,,,RETAINED,NO,FAQ presence checked against initial HTML excluding script/style; accordion answers may be collapsed.
/brands/corvette-service-dubai/oil-change,brand-service,"Answer | Brand | BreadcrumbList | City | ContactPoint | FAQPage | ImageObject | ListItem | Offer | OfferCatalog | Organization | PostalAddress | Question | Service | WebPage | WebSite | ['AutoRepair', 'AutomotiveBusiness']",PASS,PRESENT,YES,5,5,True,1,True,17,,,,RETAINED,NO,FAQ presence checked against initial HTML excluding script/style; accordion answers may be collapsed.
/brands/corvette-service-dubai/suspension-repair,brand-service,"Answer | Brand | BreadcrumbList | City | ContactPoint | FAQPage | ImageObject | ListItem | Offer | OfferCatalog | Organization | PostalAddress | Question | Service | WebPage | WebSite | ['AutoRepair', 'AutomotiveBusiness']",PASS,PRESENT,YES,6,6,True,1,True,17,,,,RETAINED,NO,FAQ presence checked against initial HTML excluding script/style; accordion answers may be collapsed.
/brands/corvette-service-dubai/transmission-repair,brand-service,"Answer | Brand | BreadcrumbList | City | ContactPoint | FAQPage | ImageObject | ListItem | Offer | OfferCatalog | Organization | PostalAddress | Question | Service | WebPage | WebSite | ['AutoRepair', 'AutomotiveBusiness']",PASS,PRESENT,YES,6,6,True,1,True,17,,,,RETAINED,NO,FAQ presence checked against initial HTML excluding script/style; accordion answers may be collapsed.
/brands/defender-service-dubai,brand,"Answer | Brand | BreadcrumbList | City | ContactPoint | FAQPage | ImageObject | ListItem | Offer | OfferCatalog | Organization | PostalAddress | Question | Service | WebPage | WebSite | ['AutoRepair', 'AutomotiveBusiness']",PASS,PRESENT,YES,4,4,True,1,True,56,,,,RETAINED,NO,FAQ presence checked against initial HTML excluding script/style; accordion answers may be collapsed.
/brands/defender-service-dubai/ac-repair,brand-service,"Answer | Brand | BreadcrumbList | City | ContactPoint | FAQPage | ImageObject | ListItem | Offer | OfferCatalog | Organization | PostalAddress | Question | Service | WebPage | WebSite | ['AutoRepair', 'AutomotiveBusiness']",PASS,PRESENT,YES,6,6,True,1,True,25,,,,RETAINED,NO,FAQ presence checked against initial HTML excluding script/style; accordion answers may be collapsed.
/brands/defender-service-dubai/battery-replacement,brand-service,"Answer | Brand | BreadcrumbList | City | ContactPoint | FAQPage | ImageObject | ListItem | Offer | OfferCatalog | Organization | PostalAddress | Question | Service | WebPage | WebSite | ['AutoRepair', 'AutomotiveBusiness']",PASS,PRESENT,YES,5,5,True,1,True,25,,,,RETAINED,NO,FAQ presence checked against initial HTML excluding script/style; accordion answers may be collapsed.
/brands/defender-service-dubai/body-repair,brand-service,"Answer | Brand | BreadcrumbList | City | ContactPoint | FAQPage | ImageObject | ListItem | Offer | OfferCatalog | Organization | PostalAddress | Question | Service | WebPage | WebSite | ['AutoRepair', 'AutomotiveBusiness']",PASS,PRESENT,YES,5,5,True,1,True,28,,,,RETAINED,NO,FAQ presence checked against initial HTML excluding script/style; accordion answers may be collapsed.
/brands/defender-service-dubai/brake-repair,brand-service,"Answer | Brand | BreadcrumbList | City | ContactPoint | FAQPage | ImageObject | ListItem | Offer | OfferCatalog | Organization | PostalAddress | Question | Service | WebPage | WebSite | ['AutoRepair', 'AutomotiveBusiness']",PASS,PRESENT,YES,6,6,True,1,True,25,,,,RETAINED,NO,FAQ presence checked against initial HTML excluding script/style; accordion answers may be collapsed.
/brands/defender-service-dubai/electrical-repair,brand-service,"Answer | Brand | BreadcrumbList | City | ContactPoint | FAQPage | ImageObject | ListItem | Offer | OfferCatalog | Organization | PostalAddress | Question | Service | WebPage | WebSite | ['AutoRepair', 'AutomotiveBusiness']",PASS,PRESENT,YES,5,5,True,1,True,25,,,,RETAINED,NO,FAQ presence checked against initial HTML excluding script/style; accordion answers may be collapsed.
/brands/defender-service-dubai/engine-diagnostics,brand-service,"Answer | Brand | BreadcrumbList | City | ContactPoint | FAQPage | ImageObject | ListItem | Offer | OfferCatalog | Organization | PostalAddress | Question | Service | WebPage | WebSite | ['AutoRepair', 'AutomotiveBusiness']",PASS,PRESENT,YES,6,6,True,1,True,25,,,,RETAINED,NO,FAQ presence checked against initial HTML excluding script/style; accordion answers may be collapsed.
/brands/defender-service-dubai/exhaust-repair,brand-service,"Answer | Brand | BreadcrumbList | City | ContactPoint | FAQPage | ImageObject | ListItem | Offer | OfferCatalog | Organization | PostalAddress | Question | Service | WebPage | WebSite | ['AutoRepair', 'AutomotiveBusiness']",PASS,PRESENT,YES,5,5,True,1,True,25,,,,RETAINED,NO,FAQ presence checked against initial HTML excluding script/style; accordion answers may be collapsed.
/brands/defender-service-dubai/fuel-system-repair,brand-service,"Answer | Brand | BreadcrumbList | City | ContactPoint | FAQPage | ImageObject | ListItem | Offer | OfferCatalog | Organization | PostalAddress | Question | Service | WebPage | WebSite | ['AutoRepair', 'AutomotiveBusiness']",PASS,PRESENT,YES,5,5,True,1,True,25,,,,RETAINED,NO,FAQ presence checked against initial HTML excluding script/style; accordion answers may be collapsed.
/brands/defender-service-dubai/mechanical-repair,brand-service,"Answer | Brand | BreadcrumbList | City | ContactPoint | FAQPage | ImageObject | ListItem | Offer | OfferCatalog | Organization | PostalAddress | Question | Service | WebPage | WebSite | ['AutoRepair', 'AutomotiveBusiness']",PASS,PRESENT,YES,5,5,True,1,True,25,,,,RETAINED,NO,FAQ presence checked against initial HTML excluding script/style; accordion answers may be collapsed.
/brands/defender-service-dubai/oil-change,brand-service,"Answer | Brand | BreadcrumbList | City | ContactPoint | FAQPage | ImageObject | ListItem | Offer | OfferCatalog | Organization | PostalAddress | Question | Service | WebPage | WebSite | ['AutoRepair', 'AutomotiveBusiness']",PASS,PRESENT,YES,5,5,True,1,True,25,,,,RETAINED,NO,FAQ presence checked against initial HTML excluding script/style; accordion answers may be collapsed.
/brands/defender-service-dubai/steering-repair,brand-service,"Answer | Brand | BreadcrumbList | City | ContactPoint | FAQPage | ImageObject | ListItem | Offer | OfferCatalog | Organization | PostalAddress | Question | Service | WebPage | WebSite | ['AutoRepair', 'AutomotiveBusiness']",PASS,PRESENT,YES,5,5,True,1,True,25,,,,RETAINED,NO,FAQ presence checked against initial HTML excluding script/style; accordion answers may be collapsed.
/brands/defender-service-dubai/suspension-repair,brand-service,"Answer | Brand | BreadcrumbList | City | ContactPoint | FAQPage | ImageObject | ListItem | Offer | OfferCatalog | Organization | PostalAddress | Question | Service | WebPage | WebSite | ['AutoRepair', 'AutomotiveBusiness']",PASS,PRESENT,YES,6,6,True,1,True,25,,,,RETAINED,NO,FAQ presence checked against initial HTML excluding script/style; accordion answers may be collapsed.
/brands/defender-service-dubai/tire-repair,brand-service,"Answer | Brand | BreadcrumbList | City | ContactPoint | FAQPage | ImageObject | ListItem | Offer | OfferCatalog | Organization | PostalAddress | Question | Service | WebPage | WebSite | ['AutoRepair', 'AutomotiveBusiness']",PASS,PRESENT,YES,5,5,True,1,True,25,,,,RETAINED,NO,FAQ presence checked against initial HTML excluding script/style; accordion answers may be collapsed.
/brands/defender-service-dubai/transmission-repair,brand-service,"Answer | Brand | BreadcrumbList | City | ContactPoint | FAQPage | ImageObject | ListItem | Offer | OfferCatalog | Organization | PostalAddress | Question | Service | WebPage | WebSite | ['AutoRepair', 'AutomotiveBusiness']",PASS,PRESENT,YES,6,6,True,1,True,25,,,,RETAINED,NO,FAQ presence checked against initial HTML excluding script/style; accordion answers may be collapsed.
/brands/dodge-service-dubai,brand,"Answer | Brand | BreadcrumbList | City | ContactPoint | FAQPage | ImageObject | ListItem | Offer | OfferCatalog | Organization | PostalAddress | Question | Service | WebPage | WebSite | ['AutoRepair', 'AutomotiveBusiness']",PASS,PRESENT,YES,0,4,True,1,True,28,,Do you service Dodge vehicles in Dubai? | Can you diagnose a warning light on my Dodge? | Do you use quality parts for Dodge repairs? | Where is Digi-Tec located?,,REVIEW,REVIEW,FAQ presence checked against initial HTML excluding script/style; accordion answers may be collapsed.
/brands/dodge-service-dubai/ac-repair,brand-service,"Answer | Brand | BreadcrumbList | City | ContactPoint | FAQPage | ImageObject | ListItem | Offer | OfferCatalog | Organization | PostalAddress | Question | Service | WebPage | WebSite | ['AutoRepair', 'AutomotiveBusiness']",PASS,PRESENT,YES,6,6,True,1,True,17,,,,RETAINED,NO,FAQ presence checked against initial HTML excluding script/style; accordion answers may be collapsed.
/brands/dodge-service-dubai/brake-repair,brand-service,"Answer | Brand | BreadcrumbList | City | ContactPoint | FAQPage | ImageObject | ListItem | Offer | OfferCatalog | Organization | PostalAddress | Question | Service | WebPage | WebSite | ['AutoRepair', 'AutomotiveBusiness']",PASS,PRESENT,YES,6,6,True,1,True,17,,,,RETAINED,NO,FAQ presence checked against initial HTML excluding script/style; accordion answers may be collapsed.
/brands/dodge-service-dubai/engine-diagnostics,brand-service,"Answer | Brand | BreadcrumbList | City | ContactPoint | FAQPage | ImageObject | ListItem | Offer | OfferCatalog | Organization | PostalAddress | Question | Service | WebPage | WebSite | ['AutoRepair', 'AutomotiveBusiness']",PASS,PRESENT,YES,6,6,True,1,True,17,,,,RETAINED,NO,FAQ presence checked against initial HTML excluding script/style; accordion answers may be collapsed.
/brands/dodge-service-dubai/oil-change,brand-service,"Answer | Brand | BreadcrumbList | City | ContactPoint | FAQPage | ImageObject | ListItem | Offer | OfferCatalog | Organization | PostalAddress | Question | Service | WebPage | WebSite | ['AutoRepair', 'AutomotiveBusiness']",PASS,PRESENT,YES,5,5,True,1,True,17,,,,RETAINED,NO,FAQ presence checked against initial HTML excluding script/style; accordion answers may be collapsed.
/brands/dodge-service-dubai/suspension-repair,brand-service,"Answer | Brand | BreadcrumbList | City | ContactPoint | FAQPage | ImageObject | ListItem | Offer | OfferCatalog | Organization | PostalAddress | Question | Service | WebPage | WebSite | ['AutoRepair', 'AutomotiveBusiness']",PASS,PRESENT,YES,6,6,True,1,True,17,,,,RETAINED,NO,FAQ presence checked against initial HTML excluding script/style; accordion answers may be collapsed.
/brands/dodge-service-dubai/transmission-repair,brand-service,"Answer | Brand | BreadcrumbList | City | ContactPoint | FAQPage | ImageObject | ListItem | Offer | OfferCatalog | Organization | PostalAddress | Question | Service | WebPage | WebSite | ['AutoRepair', 'AutomotiveBusiness']",PASS,PRESENT,YES,6,6,True,1,True,17,,,,RETAINED,NO,FAQ presence checked against initial HTML excluding script/style; accordion answers may be collapsed.
/brands/ferrari-service-dubai,brand,"Answer | Brand | BreadcrumbList | City | ContactPoint | FAQPage | ImageObject | ListItem | Offer | OfferCatalog | Organization | PostalAddress | Question | Service | WebPage | WebSite | ['AutoRepair', 'AutomotiveBusiness']",PASS,PRESENT,YES,12,12,True,1,True,58,,,,RETAINED,NO,FAQ presence checked against initial HTML excluding script/style; accordion answers may be collapsed.
/brands/ferrari-service-dubai/296,service,"BreadcrumbList | City | ContactPoint | ImageObject | ListItem | Offer | OfferCatalog | Organization | PostalAddress | Service | WebPage | WebSite | ['AutoRepair', 'AutomotiveBusiness']",PASS,PRESENT,NO,0,0,True,1,True,17,,,,RETAINED,NO,FAQ presence checked against initial HTML excluding script/style; accordion answers may be collapsed.
/brands/ferrari-service-dubai/488,service,"BreadcrumbList | City | ContactPoint | ImageObject | ListItem | Offer | OfferCatalog | Organization | PostalAddress | Service | WebPage | WebSite | ['AutoRepair', 'AutomotiveBusiness']",PASS,PRESENT,NO,0,0,True,1,True,17,,,,RETAINED,NO,FAQ presence checked against initial HTML excluding script/style; accordion answers may be collapsed.
/brands/ferrari-service-dubai/812,service,"BreadcrumbList | City | ContactPoint | ImageObject | ListItem | Offer | OfferCatalog | Organization | PostalAddress | Service | WebPage | WebSite | ['AutoRepair', 'AutomotiveBusiness']",PASS,PRESENT,NO,0,0,True,1,True,17,,,,RETAINED,NO,FAQ presence checked against initial HTML excluding script/style; accordion answers may be collapsed.
/brands/ferrari-service-dubai/ac-repair,brand-service,"Answer | Brand | BreadcrumbList | City | ContactPoint | FAQPage | ImageObject | ListItem | Offer | OfferCatalog | Organization | PostalAddress | Question | Service | WebPage | WebSite | ['AutoRepair', 'AutomotiveBusiness']",PASS,PRESENT,YES,6,6,True,1,True,29,,,,RETAINED,NO,FAQ presence checked against initial HTML excluding script/style; accordion answers may be collapsed.
/brands/ferrari-service-dubai/battery-replacement,brand-service,"Answer | Brand | BreadcrumbList | City | ContactPoint | FAQPage | ImageObject | ListItem | Offer | OfferCatalog | Organization | PostalAddress | Question | Service | WebPage | WebSite | ['AutoRepair', 'AutomotiveBusiness']",PASS,PRESENT,YES,5,5,True,1,True,29,,,,RETAINED,NO,FAQ presence checked against initial HTML excluding script/style; accordion answers may be collapsed.
/brands/ferrari-service-dubai/body-repair,brand-service,"Answer | Brand | BreadcrumbList | City | ContactPoint | FAQPage | ImageObject | ListItem | Offer | OfferCatalog | Organization | PostalAddress | Question | Service | WebPage | WebSite | ['AutoRepair', 'AutomotiveBusiness']",PASS,PRESENT,YES,5,5,True,1,True,32,,,,RETAINED,NO,FAQ presence checked against initial HTML excluding script/style; accordion answers may be collapsed.
/brands/ferrari-service-dubai/brake-repair,brand-service,"Answer | Brand | BreadcrumbList | City | ContactPoint | FAQPage | ImageObject | ListItem | Offer | OfferCatalog | Organization | PostalAddress | Question | Service | WebPage | WebSite | ['AutoRepair', 'AutomotiveBusiness']",PASS,PRESENT,YES,6,6,True,1,True,29,,,,RETAINED,NO,FAQ presence checked against initial HTML excluding script/style; accordion answers may be collapsed.
/brands/ferrari-service-dubai/electrical-repair,brand-service,"Answer | Brand | BreadcrumbList | City | ContactPoint | FAQPage | ImageObject | ListItem | Offer | OfferCatalog | Organization | PostalAddress | Question | Service | WebPage | WebSite | ['AutoRepair', 'AutomotiveBusiness']",PASS,PRESENT,YES,5,5,True,1,True,29,,,,RETAINED,NO,FAQ presence checked against initial HTML excluding script/style; accordion answers may be collapsed.
/brands/ferrari-service-dubai/engine-diagnostics,brand-service,"Answer | Brand | BreadcrumbList | City | ContactPoint | FAQPage | ImageObject | ListItem | Offer | OfferCatalog | Organization | PostalAddress | Question | Service | WebPage | WebSite | ['AutoRepair', 'AutomotiveBusiness']",PASS,PRESENT,YES,6,6,True,1,True,29,,,,RETAINED,NO,FAQ presence checked against initial HTML excluding script/style; accordion answers may be collapsed.
/brands/ferrari-service-dubai/exhaust-repair,brand-service,"Answer | Brand | BreadcrumbList | City | ContactPoint | FAQPage | ImageObject | ListItem | Offer | OfferCatalog | Organization | PostalAddress | Question | Service | WebPage | WebSite | ['AutoRepair', 'AutomotiveBusiness']",PASS,PRESENT,YES,5,5,True,1,True,29,,,,RETAINED,NO,FAQ presence checked against initial HTML excluding script/style; accordion answers may be collapsed.
/brands/ferrari-service-dubai/f8-tributo,service,"BreadcrumbList | City | ContactPoint | ImageObject | ListItem | Offer | OfferCatalog | Organization | PostalAddress | Service | WebPage | WebSite | ['AutoRepair', 'AutomotiveBusiness']",PASS,PRESENT,NO,0,0,True,1,True,17,,,,RETAINED,NO,FAQ presence checked against initial HTML excluding script/style; accordion answers may be collapsed.
/brands/ferrari-service-dubai/fuel-system-repair,brand-service,"Answer | Brand | BreadcrumbList | City | ContactPoint | FAQPage | ImageObject | ListItem | Offer | OfferCatalog | Organization | PostalAddress | Question | Service | WebPage | WebSite | ['AutoRepair', 'AutomotiveBusiness']",PASS,PRESENT,YES,5,5,True,1,True,29,,,,RETAINED,NO,FAQ presence checked against initial HTML excluding script/style; accordion answers may be collapsed.
/brands/ferrari-service-dubai/mechanical-repair,brand-service,"Answer | Brand | BreadcrumbList | City | ContactPoint | FAQPage | ImageObject | ListItem | Offer | OfferCatalog | Organization | PostalAddress | Question | Service | WebPage | WebSite | ['AutoRepair', 'AutomotiveBusiness']",PASS,PRESENT,YES,5,5,True,1,True,29,,,,RETAINED,NO,FAQ presence checked against initial HTML excluding script/style; accordion answers may be collapsed.
/brands/ferrari-service-dubai/oil-change,brand-service,"Answer | Brand | BreadcrumbList | City | ContactPoint | FAQPage | ImageObject | ListItem | Offer | OfferCatalog | Organization | PostalAddress | Question | Service | WebPage | WebSite | ['AutoRepair', 'AutomotiveBusiness']",PASS,PRESENT,YES,5,5,True,1,True,30,,,,RETAINED,NO,FAQ presence checked against initial HTML excluding script/style; accordion answers may be collapsed.
/brands/ferrari-service-dubai/portofino,service,"BreadcrumbList | City | ContactPoint | ImageObject | ListItem | Offer | OfferCatalog | Organization | PostalAddress | Service | WebPage | WebSite | ['AutoRepair', 'AutomotiveBusiness']",PASS,PRESENT,NO,0,0,True,1,True,17,,,,RETAINED,NO,FAQ presence checked against initial HTML excluding script/style; accordion answers may be collapsed.
/brands/ferrari-service-dubai/purosangue,service,"BreadcrumbList | City | ContactPoint | ImageObject | ListItem | Offer | OfferCatalog | Organization | PostalAddress | Service | WebPage | WebSite | ['AutoRepair', 'AutomotiveBusiness']",PASS,PRESENT,NO,0,0,True,1,True,18,,,,RETAINED,NO,FAQ presence checked against initial HTML excluding script/style; accordion answers may be collapsed.
/brands/ferrari-service-dubai/roma,service,"BreadcrumbList | City | ContactPoint | ImageObject | ListItem | Offer | OfferCatalog | Organization | PostalAddress | Service | WebPage | WebSite | ['AutoRepair', 'AutomotiveBusiness']",PASS,PRESENT,NO,0,0,True,1,True,17,,,,RETAINED,NO,FAQ presence checked against initial HTML excluding script/style; accordion answers may be collapsed.
/brands/ferrari-service-dubai/sf90,service,"BreadcrumbList | City | ContactPoint | ImageObject | ListItem | Offer | OfferCatalog | Organization | PostalAddress | Service | WebPage | WebSite | ['AutoRepair', 'AutomotiveBusiness']",PASS,PRESENT,NO,0,0,True,1,True,17,,,,RETAINED,NO,FAQ presence checked against initial HTML excluding script/style; accordion answers may be collapsed.
/brands/ferrari-service-dubai/steering-repair,brand-service,"Answer | Brand | BreadcrumbList | City | ContactPoint | FAQPage | ImageObject | ListItem | Offer | OfferCatalog | Organization | PostalAddress | Question | Service | WebPage | WebSite | ['AutoRepair', 'AutomotiveBusiness']",PASS,PRESENT,YES,5,5,True,1,True,29,,,,RETAINED,NO,FAQ presence checked against initial HTML excluding script/style; accordion answers may be collapsed.
/brands/ferrari-service-dubai/suspension-repair,brand-service,"Answer | Brand | BreadcrumbList | City | ContactPoint | FAQPage | ImageObject | ListItem | Offer | OfferCatalog | Organization | PostalAddress | Question | Service | WebPage | WebSite | ['AutoRepair', 'AutomotiveBusiness']",PASS,PRESENT,YES,6,6,True,1,True,29,,,,RETAINED,NO,FAQ presence checked against initial HTML excluding script/style; accordion answers may be collapsed.
/brands/ferrari-service-dubai/tire-repair,brand-service,"Answer | Brand | BreadcrumbList | City | ContactPoint | FAQPage | ImageObject | ListItem | Offer | OfferCatalog | Organization | PostalAddress | Question | Service | WebPage | WebSite | ['AutoRepair', 'AutomotiveBusiness']",PASS,PRESENT,YES,5,5,True,1,True,29,,,,RETAINED,NO,FAQ presence checked against initial HTML excluding script/style; accordion answers may be collapsed.
/brands/ferrari-service-dubai/transmission-repair,brand-service,"Answer | Brand | BreadcrumbList | City | ContactPoint | FAQPage | ImageObject | ListItem | Offer | OfferCatalog | Organization | PostalAddress | Question | Service | WebPage | WebSite | ['AutoRepair', 'AutomotiveBusiness']",PASS,PRESENT,YES,6,6,True,1,True,29,,,,RETAINED,NO,FAQ presence checked against initial HTML excluding script/style; accordion answers may be collapsed.
/brands/ford-service-dubai,brand,"Answer | Brand | BreadcrumbList | City | ContactPoint | FAQPage | ImageObject | ListItem | Offer | OfferCatalog | Organization | PostalAddress | Question | Service | WebPage | WebSite | ['AutoRepair', 'AutomotiveBusiness']",PASS,PRESENT,YES,0,4,True,1,True,28,,Do you service Ford vehicles in Dubai? | Can you diagnose a warning light on my Ford? | Do you use quality parts for Ford repairs? | Where is Digi-Tec located?,,REVIEW,REVIEW,FAQ presence checked against initial HTML excluding script/style; accordion answers may be collapsed.
/brands/ford-service-dubai/ac-repair,brand-service,"Answer | Brand | BreadcrumbList | City | ContactPoint | FAQPage | ImageObject | ListItem | Offer | OfferCatalog | Organization | PostalAddress | Question | Service | WebPage | WebSite | ['AutoRepair', 'AutomotiveBusiness']",PASS,PRESENT,YES,6,6,True,1,True,17,,,,RETAINED,NO,FAQ presence checked against initial HTML excluding script/style; accordion answers may be collapsed.
/brands/ford-service-dubai/brake-repair,brand-service,"Answer | Brand | BreadcrumbList | City | ContactPoint | FAQPage | ImageObject | ListItem | Offer | OfferCatalog | Organization | PostalAddress | Question | Service | WebPage | WebSite | ['AutoRepair', 'AutomotiveBusiness']",PASS,PRESENT,YES,6,6,True,1,True,17,,,,RETAINED,NO,FAQ presence checked against initial HTML excluding script/style; accordion answers may be collapsed.
/brands/ford-service-dubai/engine-diagnostics,brand-service,"Answer | Brand | BreadcrumbList | City | ContactPoint | FAQPage | ImageObject | ListItem | Offer | OfferCatalog | Organization | PostalAddress | Question | Service | WebPage | WebSite | ['AutoRepair', 'AutomotiveBusiness']",PASS,PRESENT,YES,6,6,True,1,True,17,,,,RETAINED,NO,FAQ presence checked against initial HTML excluding script/style; accordion answers may be collapsed.
/brands/ford-service-dubai/oil-change,brand-service,"Answer | Brand | BreadcrumbList | City | ContactPoint | FAQPage | ImageObject | ListItem | Offer | OfferCatalog | Organization | PostalAddress | Question | Service | WebPage | WebSite | ['AutoRepair', 'AutomotiveBusiness']",PASS,PRESENT,YES,5,5,True,1,True,17,,,,RETAINED,NO,FAQ presence checked against initial HTML excluding script/style; accordion answers may be collapsed.
/brands/ford-service-dubai/suspension-repair,brand-service,"Answer | Brand | BreadcrumbList | City | ContactPoint | FAQPage | ImageObject | ListItem | Offer | OfferCatalog | Organization | PostalAddress | Question | Service | WebPage | WebSite | ['AutoRepair', 'AutomotiveBusiness']",PASS,PRESENT,YES,6,6,True,1,True,17,,,,RETAINED,NO,FAQ presence checked against initial HTML excluding script/style; accordion answers may be collapsed.
/brands/ford-service-dubai/transmission-repair,brand-service,"Answer | Brand | BreadcrumbList | City | ContactPoint | FAQPage | ImageObject | ListItem | Offer | OfferCatalog | Organization | PostalAddress | Question | Service | WebPage | WebSite | ['AutoRepair', 'AutomotiveBusiness']",PASS,PRESENT,YES,6,6,True,1,True,17,,,,RETAINED,NO,FAQ presence checked against initial HTML excluding script/style; accordion answers may be collapsed.
/brands/genesis-service-dubai,brand,"Answer | Brand | BreadcrumbList | City | ContactPoint | FAQPage | ImageObject | ListItem | Offer | OfferCatalog | Organization | PostalAddress | Question | Service | WebPage | WebSite | ['AutoRepair', 'AutomotiveBusiness']",PASS,PRESENT,YES,0,4,True,1,True,28,,Do you service Genesis vehicles in Dubai? | Can you diagnose a warning light on my Genesis? | Do you use quality parts for Genesis repairs? | Where is Digi-Tec located?,,REVIEW,REVIEW,FAQ presence checked against initial HTML excluding script/style; accordion answers may be collapsed.
/brands/genesis-service-dubai/ac-repair,brand-service,"Answer | Brand | BreadcrumbList | City | ContactPoint | FAQPage | ImageObject | ListItem | Offer | OfferCatalog | Organization | PostalAddress | Question | Service | WebPage | WebSite | ['AutoRepair', 'AutomotiveBusiness']",PASS,PRESENT,YES,6,6,True,1,True,17,,,,RETAINED,NO,FAQ presence checked against initial HTML excluding script/style; accordion answers may be collapsed.
/brands/genesis-service-dubai/brake-repair,brand-service,"Answer | Brand | BreadcrumbList | City | ContactPoint | FAQPage | ImageObject | ListItem | Offer | OfferCatalog | Organization | PostalAddress | Question | Service | WebPage | WebSite | ['AutoRepair', 'AutomotiveBusiness']",PASS,PRESENT,YES,6,6,True,1,True,17,,,,RETAINED,NO,FAQ presence checked against initial HTML excluding script/style; accordion answers may be collapsed.
/brands/genesis-service-dubai/engine-diagnostics,brand-service,"Answer | Brand | BreadcrumbList | City | ContactPoint | FAQPage | ImageObject | ListItem | Offer | OfferCatalog | Organization | PostalAddress | Question | Service | WebPage | WebSite | ['AutoRepair', 'AutomotiveBusiness']",PASS,PRESENT,YES,6,6,True,1,True,17,,,,RETAINED,NO,FAQ presence checked against initial HTML excluding script/style; accordion answers may be collapsed.
/brands/genesis-service-dubai/oil-change,brand-service,"Answer | Brand | BreadcrumbList | City | ContactPoint | FAQPage | ImageObject | ListItem | Offer | OfferCatalog | Organization | PostalAddress | Question | Service | WebPage | WebSite | ['AutoRepair', 'AutomotiveBusiness']",PASS,PRESENT,YES,5,5,True,1,True,17,,,,RETAINED,NO,FAQ presence checked against initial HTML excluding script/style; accordion answers may be collapsed.
/brands/genesis-service-dubai/suspension-repair,brand-service,"Answer | Brand | BreadcrumbList | City | ContactPoint | FAQPage | ImageObject | ListItem | Offer | OfferCatalog | Organization | PostalAddress | Question | Service | WebPage | WebSite | ['AutoRepair', 'AutomotiveBusiness']",PASS,PRESENT,YES,6,6,True,1,True,17,,,,RETAINED,NO,FAQ presence checked against initial HTML excluding script/style; accordion answers may be collapsed.
/brands/genesis-service-dubai/transmission-repair,brand-service,"Answer | Brand | BreadcrumbList | City | ContactPoint | FAQPage | ImageObject | ListItem | Offer | OfferCatalog | Organization | PostalAddress | Question | Service | WebPage | WebSite | ['AutoRepair', 'AutomotiveBusiness']",PASS,PRESENT,YES,6,6,True,1,True,17,,,,RETAINED,NO,FAQ presence checked against initial HTML excluding script/style; accordion answers may be collapsed.
/brands/gmc-service-dubai,brand,"Answer | Brand | BreadcrumbList | City | ContactPoint | FAQPage | ImageObject | ListItem | Offer | OfferCatalog | Organization | PostalAddress | Question | Service | WebPage | WebSite | ['AutoRepair', 'AutomotiveBusiness']",PASS,PRESENT,YES,0,4,True,1,True,28,,Do you service GMC vehicles in Dubai? | Can you diagnose a warning light on my GMC? | Do you use quality parts for GMC repairs? | Where is Digi-Tec located?,,REVIEW,REVIEW,FAQ presence checked against initial HTML excluding script/style; accordion answers may be collapsed.
/brands/gmc-service-dubai/ac-repair,brand-service,"Answer | Brand | BreadcrumbList | City | ContactPoint | FAQPage | ImageObject | ListItem | Offer | OfferCatalog | Organization | PostalAddress | Question | Service | WebPage | WebSite | ['AutoRepair', 'AutomotiveBusiness']",PASS,PRESENT,YES,6,6,True,1,True,17,,,,RETAINED,NO,FAQ presence checked against initial HTML excluding script/style; accordion answers may be collapsed.
/brands/gmc-service-dubai/brake-repair,brand-service,"Answer | Brand | BreadcrumbList | City | ContactPoint | FAQPage | ImageObject | ListItem | Offer | OfferCatalog | Organization | PostalAddress | Question | Service | WebPage | WebSite | ['AutoRepair', 'AutomotiveBusiness']",PASS,PRESENT,YES,6,6,True,1,True,17,,,,RETAINED,NO,FAQ presence checked against initial HTML excluding script/style; accordion answers may be collapsed.
/brands/gmc-service-dubai/engine-diagnostics,brand-service,"Answer | Brand | BreadcrumbList | City | ContactPoint | FAQPage | ImageObject | ListItem | Offer | OfferCatalog | Organization | PostalAddress | Question | Service | WebPage | WebSite | ['AutoRepair', 'AutomotiveBusiness']",PASS,PRESENT,YES,6,6,True,1,True,17,,,,RETAINED,NO,FAQ presence checked against initial HTML excluding script/style; accordion answers may be collapsed.
/brands/gmc-service-dubai/oil-change,brand-service,"Answer | Brand | BreadcrumbList | City | ContactPoint | FAQPage | ImageObject | ListItem | Offer | OfferCatalog | Organization | PostalAddress | Question | Service | WebPage | WebSite | ['AutoRepair', 'AutomotiveBusiness']",PASS,PRESENT,YES,5,5,True,1,True,17,,,,RETAINED,NO,FAQ presence checked against initial HTML excluding script/style; accordion answers may be collapsed.
/brands/gmc-service-dubai/suspension-repair,brand-service,"Answer | Brand | BreadcrumbList | City | ContactPoint | FAQPage | ImageObject | ListItem | Offer | OfferCatalog | Organization | PostalAddress | Question | Service | WebPage | WebSite | ['AutoRepair', 'AutomotiveBusiness']",PASS,PRESENT,YES,6,6,True,1,True,17,,,,RETAINED,NO,FAQ presence checked against initial HTML excluding script/style; accordion answers may be collapsed.
/brands/gmc-service-dubai/transmission-repair,brand-service,"Answer | Brand | BreadcrumbList | City | ContactPoint | FAQPage | ImageObject | ListItem | Offer | OfferCatalog | Organization | PostalAddress | Question | Service | WebPage | WebSite | ['AutoRepair', 'AutomotiveBusiness']",PASS,PRESENT,YES,6,6,True,1,True,17,,,,RETAINED,NO,FAQ presence checked against initial HTML excluding script/style; accordion answers may be collapsed.
/brands/hummer-service-dubai,brand,"Answer | Brand | BreadcrumbList | City | ContactPoint | FAQPage | ImageObject | ListItem | Offer | OfferCatalog | Organization | PostalAddress | Question | Service | WebPage | WebSite | ['AutoRepair', 'AutomotiveBusiness']",PASS,PRESENT,YES,0,4,True,1,True,28,,Do you service Hummer vehicles in Dubai? | Can you diagnose a warning light on my Hummer? | Do you use quality parts for Hummer repairs? | Where is Digi-Tec located?,,REVIEW,REVIEW,FAQ presence checked against initial HTML excluding script/style; accordion answers may be collapsed.
/brands/hummer-service-dubai/ac-repair,brand-service,"Answer | Brand | BreadcrumbList | City | ContactPoint | FAQPage | ImageObject | ListItem | Offer | OfferCatalog | Organization | PostalAddress | Question | Service | WebPage | WebSite | ['AutoRepair', 'AutomotiveBusiness']",PASS,PRESENT,YES,6,6,True,1,True,17,,,,RETAINED,NO,FAQ presence checked against initial HTML excluding script/style; accordion answers may be collapsed.
/brands/hummer-service-dubai/brake-repair,brand-service,"Answer | Brand | BreadcrumbList | City | ContactPoint | FAQPage | ImageObject | ListItem | Offer | OfferCatalog | Organization | PostalAddress | Question | Service | WebPage | WebSite | ['AutoRepair', 'AutomotiveBusiness']",PASS,PRESENT,YES,6,6,True,1,True,17,,,,RETAINED,NO,FAQ presence checked against initial HTML excluding script/style; accordion answers may be collapsed.
/brands/hummer-service-dubai/engine-diagnostics,brand-service,"Answer | Brand | BreadcrumbList | City | ContactPoint | FAQPage | ImageObject | ListItem | Offer | OfferCatalog | Organization | PostalAddress | Question | Service | WebPage | WebSite | ['AutoRepair', 'AutomotiveBusiness']",PASS,PRESENT,YES,6,6,True,1,True,17,,,,RETAINED,NO,FAQ presence checked against initial HTML excluding script/style; accordion answers may be collapsed.
/brands/hummer-service-dubai/oil-change,brand-service,"Answer | Brand | BreadcrumbList | City | ContactPoint | FAQPage | ImageObject | ListItem | Offer | OfferCatalog | Organization | PostalAddress | Question | Service | WebPage | WebSite | ['AutoRepair', 'AutomotiveBusiness']",PASS,PRESENT,YES,5,5,True,1,True,17,,,,RETAINED,NO,FAQ presence checked against initial HTML excluding script/style; accordion answers may be collapsed.
/brands/hummer-service-dubai/suspension-repair,brand-service,"Answer | Brand | BreadcrumbList | City | ContactPoint | FAQPage | ImageObject | ListItem | Offer | OfferCatalog | Organization | PostalAddress | Question | Service | WebPage | WebSite | ['AutoRepair', 'AutomotiveBusiness']",PASS,PRESENT,YES,6,6,True,1,True,17,,,,RETAINED,NO,FAQ presence checked against initial HTML excluding script/style; accordion answers may be collapsed.
/brands/hummer-service-dubai/transmission-repair,brand-service,"Answer | Brand | BreadcrumbList | City | ContactPoint | FAQPage | ImageObject | ListItem | Offer | OfferCatalog | Organization | PostalAddress | Question | Service | WebPage | WebSite | ['AutoRepair', 'AutomotiveBusiness']",PASS,PRESENT,YES,6,6,True,1,True,17,,,,RETAINED,NO,FAQ presence checked against initial HTML excluding script/style; accordion answers may be collapsed.
/brands/jaguar-service-dubai,brand,"Answer | Brand | BreadcrumbList | City | ContactPoint | FAQPage | ImageObject | ListItem | Offer | OfferCatalog | Organization | PostalAddress | Question | Service | WebPage | WebSite | ['AutoRepair', 'AutomotiveBusiness']",PASS,PRESENT,YES,4,4,True,1,True,28,,,,RETAINED,NO,FAQ presence checked against initial HTML excluding script/style; accordion answers may be collapsed.
/brands/jaguar-service-dubai/ac-repair,brand-service,"Answer | Brand | BreadcrumbList | City | ContactPoint | FAQPage | ImageObject | ListItem | Offer | OfferCatalog | Organization | PostalAddress | Question | Service | WebPage | WebSite | ['AutoRepair', 'AutomotiveBusiness']",PASS,PRESENT,YES,6,6,True,1,True,17,,,,RETAINED,NO,FAQ presence checked against initial HTML excluding script/style; accordion answers may be collapsed.
/brands/jaguar-service-dubai/brake-repair,brand-service,"Answer | Brand | BreadcrumbList | City | ContactPoint | FAQPage | ImageObject | ListItem | Offer | OfferCatalog | Organization | PostalAddress | Question | Service | WebPage | WebSite | ['AutoRepair', 'AutomotiveBusiness']",PASS,PRESENT,YES,6,6,True,1,True,17,,,,RETAINED,NO,FAQ presence checked against initial HTML excluding script/style; accordion answers may be collapsed.
/brands/jaguar-service-dubai/engine-diagnostics,brand-service,"Answer | Brand | BreadcrumbList | City | ContactPoint | FAQPage | ImageObject | ListItem | Offer | OfferCatalog | Organization | PostalAddress | Question | Service | WebPage | WebSite | ['AutoRepair', 'AutomotiveBusiness']",PASS,PRESENT,YES,6,6,True,1,True,17,,,,RETAINED,NO,FAQ presence checked against initial HTML excluding script/style; accordion answers may be collapsed.
/brands/jaguar-service-dubai/oil-change,brand-service,"Answer | Brand | BreadcrumbList | City | ContactPoint | FAQPage | ImageObject | ListItem | Offer | OfferCatalog | Organization | PostalAddress | Question | Service | WebPage | WebSite | ['AutoRepair', 'AutomotiveBusiness']",PASS,PRESENT,YES,5,5,True,1,True,17,,,,RETAINED,NO,FAQ presence checked against initial HTML excluding script/style; accordion answers may be collapsed.
/brands/jaguar-service-dubai/suspension-repair,brand-service,"Answer | Brand | BreadcrumbList | City | ContactPoint | FAQPage | ImageObject | ListItem | Offer | OfferCatalog | Organization | PostalAddress | Question | Service | WebPage | WebSite | ['AutoRepair', 'AutomotiveBusiness']",PASS,PRESENT,YES,6,6,True,1,True,17,,,,RETAINED,NO,FAQ presence checked against initial HTML excluding script/style; accordion answers may be collapsed.
/brands/jaguar-service-dubai/transmission-repair,brand-service,"Answer | Brand | BreadcrumbList | City | ContactPoint | FAQPage | ImageObject | ListItem | Offer | OfferCatalog | Organization | PostalAddress | Question | Service | WebPage | WebSite | ['AutoRepair', 'AutomotiveBusiness']",PASS,PRESENT,YES,6,6,True,1,True,17,,,,RETAINED,NO,FAQ presence checked against initial HTML excluding script/style; accordion answers may be collapsed.
/brands/jeep-service-dubai,brand,"Answer | Brand | BreadcrumbList | City | ContactPoint | FAQPage | ImageObject | ListItem | Offer | OfferCatalog | Organization | PostalAddress | Question | Service | WebPage | WebSite | ['AutoRepair', 'AutomotiveBusiness']",PASS,PRESENT,YES,0,4,True,1,True,36,,Do you service Jeep vehicles in Dubai? | Can you diagnose a warning light on my Jeep? | Do you use quality parts for Jeep repairs? | Where is Digi-Tec located?,,REVIEW,REVIEW,FAQ presence checked against initial HTML excluding script/style; accordion answers may be collapsed.
/brands/jeep-service-dubai/ac-repair,brand-service,"Answer | Brand | BreadcrumbList | City | ContactPoint | FAQPage | ImageObject | ListItem | Offer | OfferCatalog | Organization | PostalAddress | Question | Service | WebPage | WebSite | ['AutoRepair', 'AutomotiveBusiness']",PASS,PRESENT,YES,6,6,True,1,True,25,,,,RETAINED,NO,FAQ presence checked against initial HTML excluding script/style; accordion answers may be collapsed.
/brands/jeep-service-dubai/battery-replacement,brand-service,"Answer | Brand | BreadcrumbList | City | ContactPoint | FAQPage | ImageObject | ListItem | Offer | OfferCatalog | Organization | PostalAddress | Question | Service | WebPage | WebSite | ['AutoRepair', 'AutomotiveBusiness']",PASS,PRESENT,YES,5,5,True,1,True,25,,,,RETAINED,NO,FAQ presence checked against initial HTML excluding script/style; accordion answers may be collapsed.
/brands/jeep-service-dubai/body-repair,brand-service,"Answer | Brand | BreadcrumbList | City | ContactPoint | FAQPage | ImageObject | ListItem | Offer | OfferCatalog | Organization | PostalAddress | Question | Service | WebPage | WebSite | ['AutoRepair', 'AutomotiveBusiness']",PASS,PRESENT,YES,5,5,True,1,True,28,,,,RETAINED,NO,FAQ presence checked against initial HTML excluding script/style; accordion answers may be collapsed.
/brands/jeep-service-dubai/brake-repair,brand-service,"Answer | Brand | BreadcrumbList | City | ContactPoint | FAQPage | ImageObject | ListItem | Offer | OfferCatalog | Organization | PostalAddress | Question | Service | WebPage | WebSite | ['AutoRepair', 'AutomotiveBusiness']",PASS,PRESENT,YES,6,6,True,1,True,25,,,,RETAINED,NO,FAQ presence checked against initial HTML excluding script/style; accordion answers may be collapsed.
/brands/jeep-service-dubai/electrical-repair,brand-service,"Answer | Brand | BreadcrumbList | City | ContactPoint | FAQPage | ImageObject | ListItem | Offer | OfferCatalog | Organization | PostalAddress | Question | Service | WebPage | WebSite | ['AutoRepair', 'AutomotiveBusiness']",PASS,PRESENT,YES,5,5,True,1,True,25,,,,RETAINED,NO,FAQ presence checked against initial HTML excluding script/style; accordion answers may be collapsed.
/brands/jeep-service-dubai/engine-diagnostics,brand-service,"Answer | Brand | BreadcrumbList | City | ContactPoint | FAQPage | ImageObject | ListItem | Offer | OfferCatalog | Organization | PostalAddress | Question | Service | WebPage | WebSite | ['AutoRepair', 'AutomotiveBusiness']",PASS,PRESENT,YES,6,6,True,1,True,25,,,,RETAINED,NO,FAQ presence checked against initial HTML excluding script/style; accordion answers may be collapsed.
/brands/jeep-service-dubai/exhaust-repair,brand-service,"Answer | Brand | BreadcrumbList | City | ContactPoint | FAQPage | ImageObject | ListItem | Offer | OfferCatalog | Organization | PostalAddress | Question | Service | WebPage | WebSite | ['AutoRepair', 'AutomotiveBusiness']",PASS,PRESENT,YES,5,5,True,1,True,25,,,,RETAINED,NO,FAQ presence checked against initial HTML excluding script/style; accordion answers may be collapsed.
/brands/jeep-service-dubai/fuel-system-repair,brand-service,"Answer | Brand | BreadcrumbList | City | ContactPoint | FAQPage | ImageObject | ListItem | Offer | OfferCatalog | Organization | PostalAddress | Question | Service | WebPage | WebSite | ['AutoRepair', 'AutomotiveBusiness']",PASS,PRESENT,YES,5,5,True,1,True,25,,,,RETAINED,NO,FAQ presence checked against initial HTML excluding script/style; accordion answers may be collapsed.
/brands/jeep-service-dubai/mechanical-repair,brand-service,"Answer | Brand | BreadcrumbList | City | ContactPoint | FAQPage | ImageObject | ListItem | Offer | OfferCatalog | Organization | PostalAddress | Question | Service | WebPage | WebSite | ['AutoRepair', 'AutomotiveBusiness']",PASS,PRESENT,YES,5,5,True,1,True,25,,,,RETAINED,NO,FAQ presence checked against initial HTML excluding script/style; accordion answers may be collapsed.
/brands/jeep-service-dubai/oil-change,brand-service,"Answer | Brand | BreadcrumbList | City | ContactPoint | FAQPage | ImageObject | ListItem | Offer | OfferCatalog | Organization | PostalAddress | Question | Service | WebPage | WebSite | ['AutoRepair', 'AutomotiveBusiness']",PASS,PRESENT,YES,5,5,True,1,True,25,,,,RETAINED,NO,FAQ presence checked against initial HTML excluding script/style; accordion answers may be collapsed.
/brands/jeep-service-dubai/steering-repair,brand-service,"Answer | Brand | BreadcrumbList | City | ContactPoint | FAQPage | ImageObject | ListItem | Offer | OfferCatalog | Organization | PostalAddress | Question | Service | WebPage | WebSite | ['AutoRepair', 'AutomotiveBusiness']",PASS,PRESENT,YES,5,5,True,1,True,25,,,,RETAINED,NO,FAQ presence checked against initial HTML excluding script/style; accordion answers may be collapsed.
/brands/jeep-service-dubai/suspension-repair,brand-service,"Answer | Brand | BreadcrumbList | City | ContactPoint | FAQPage | ImageObject | ListItem | Offer | OfferCatalog | Organization | PostalAddress | Question | Service | WebPage | WebSite | ['AutoRepair', 'AutomotiveBusiness']",PASS,PRESENT,YES,6,6,True,1,True,25,,,,RETAINED,NO,FAQ presence checked against initial HTML excluding script/style; accordion answers may be collapsed.
/brands/jeep-service-dubai/tire-repair,brand-service,"Answer | Brand | BreadcrumbList | City | ContactPoint | FAQPage | ImageObject | ListItem | Offer | OfferCatalog | Organization | PostalAddress | Question | Service | WebPage | WebSite | ['AutoRepair', 'AutomotiveBusiness']",PASS,PRESENT,YES,5,5,True,1,True,25,,,,RETAINED,NO,FAQ presence checked against initial HTML excluding script/style; accordion answers may be collapsed.
/brands/jeep-service-dubai/transmission-repair,brand-service,"Answer | Brand | BreadcrumbList | City | ContactPoint | FAQPage | ImageObject | ListItem | Offer | OfferCatalog | Organization | PostalAddress | Question | Service | WebPage | WebSite | ['AutoRepair', 'AutomotiveBusiness']",PASS,PRESENT,YES,6,6,True,1,True,25,,,,RETAINED,NO,FAQ presence checked against initial HTML excluding script/style; accordion answers may be collapsed.
/brands/jetour-service-dubai,brand,"Answer | Brand | BreadcrumbList | City | ContactPoint | FAQPage | ImageObject | ListItem | Offer | OfferCatalog | Organization | PostalAddress | Question | Service | WebPage | WebSite | ['AutoRepair', 'AutomotiveBusiness']",PASS,PRESENT,YES,4,4,True,1,True,40,,,,RETAINED,NO,FAQ presence checked against initial HTML excluding script/style; accordion answers may be collapsed.
/brands/jetour-service-dubai/ac-repair,brand-service,"Answer | Brand | BreadcrumbList | City | ContactPoint | FAQPage | ImageObject | ListItem | Offer | OfferCatalog | Organization | PostalAddress | Question | Service | WebPage | WebSite | ['AutoRepair', 'AutomotiveBusiness']",PASS,PRESENT,YES,2,2,True,1,True,25,,,,RETAINED,NO,FAQ presence checked against initial HTML excluding script/style; accordion answers may be collapsed.
/brands/jetour-service-dubai/battery-replacement,brand-service,"Answer | Brand | BreadcrumbList | City | ContactPoint | FAQPage | ImageObject | ListItem | Offer | OfferCatalog | Organization | PostalAddress | Question | Service | WebPage | WebSite | ['AutoRepair', 'AutomotiveBusiness']",PASS,PRESENT,YES,5,5,True,1,True,25,,,,RETAINED,NO,FAQ presence checked against initial HTML excluding script/style; accordion answers may be collapsed.
/brands/jetour-service-dubai/body-repair,brand-service,"Answer | Brand | BreadcrumbList | City | ContactPoint | FAQPage | ImageObject | ListItem | Offer | OfferCatalog | Organization | PostalAddress | Question | Service | WebPage | WebSite | ['AutoRepair', 'AutomotiveBusiness']",PASS,PRESENT,YES,5,5,True,1,True,28,,,,RETAINED,NO,FAQ presence checked against initial HTML excluding script/style; accordion answers may be collapsed.
/brands/jetour-service-dubai/brake-repair,brand-service,"Answer | Brand | BreadcrumbList | City | ContactPoint | FAQPage | ImageObject | ListItem | Offer | OfferCatalog | Organization | PostalAddress | Question | Service | WebPage | WebSite | ['AutoRepair', 'AutomotiveBusiness']",PASS,PRESENT,YES,2,2,True,1,True,25,,,,RETAINED,NO,FAQ presence checked against initial HTML excluding script/style; accordion answers may be collapsed.
/brands/jetour-service-dubai/electrical-repair,brand-service,"Answer | Brand | BreadcrumbList | City | ContactPoint | FAQPage | ImageObject | ListItem | Offer | OfferCatalog | Organization | PostalAddress | Question | Service | WebPage | WebSite | ['AutoRepair', 'AutomotiveBusiness']",PASS,PRESENT,YES,5,5,True,1,True,25,,,,RETAINED,NO,FAQ presence checked against initial HTML excluding script/style; accordion answers may be collapsed.
/brands/jetour-service-dubai/engine-diagnostics,brand-service,"Answer | Brand | BreadcrumbList | City | ContactPoint | FAQPage | ImageObject | ListItem | Offer | OfferCatalog | Organization | PostalAddress | Question | Service | WebPage | WebSite | ['AutoRepair', 'AutomotiveBusiness']",PASS,PRESENT,YES,3,3,True,1,True,25,,,,RETAINED,NO,FAQ presence checked against initial HTML excluding script/style; accordion answers may be collapsed.
/brands/jetour-service-dubai/exhaust-repair,brand-service,"Answer | Brand | BreadcrumbList | City | ContactPoint | FAQPage | ImageObject | ListItem | Offer | OfferCatalog | Organization | PostalAddress | Question | Service | WebPage | WebSite | ['AutoRepair', 'AutomotiveBusiness']",PASS,PRESENT,YES,5,5,True,1,True,25,,,,RETAINED,NO,FAQ presence checked against initial HTML excluding script/style; accordion answers may be collapsed.
/brands/jetour-service-dubai/fuel-system-repair,brand-service,"Answer | Brand | BreadcrumbList | City | ContactPoint | FAQPage | ImageObject | ListItem | Offer | OfferCatalog | Organization | PostalAddress | Question | Service | WebPage | WebSite | ['AutoRepair', 'AutomotiveBusiness']",PASS,PRESENT,YES,5,5,True,1,True,25,,,,RETAINED,NO,FAQ presence checked against initial HTML excluding script/style; accordion answers may be collapsed.
/brands/jetour-service-dubai/mechanical-repair,brand-service,"Answer | Brand | BreadcrumbList | City | ContactPoint | FAQPage | ImageObject | ListItem | Offer | OfferCatalog | Organization | PostalAddress | Question | Service | WebPage | WebSite | ['AutoRepair', 'AutomotiveBusiness']",PASS,PRESENT,YES,5,5,True,1,True,25,,,,RETAINED,NO,FAQ presence checked against initial HTML excluding script/style; accordion answers may be collapsed.
/brands/jetour-service-dubai/oil-change,brand-service,"Answer | Brand | BreadcrumbList | City | ContactPoint | FAQPage | ImageObject | ListItem | Offer | OfferCatalog | Organization | PostalAddress | Question | Service | WebPage | WebSite | ['AutoRepair', 'AutomotiveBusiness']",PASS,PRESENT,YES,5,5,True,1,True,25,,,,RETAINED,NO,FAQ presence checked against initial HTML excluding script/style; accordion answers may be collapsed.
/brands/jetour-service-dubai/steering-repair,brand-service,"Answer | Brand | BreadcrumbList | City | ContactPoint | FAQPage | ImageObject | ListItem | Offer | OfferCatalog | Organization | PostalAddress | Question | Service | WebPage | WebSite | ['AutoRepair', 'AutomotiveBusiness']",PASS,PRESENT,YES,5,5,True,1,True,25,,,,RETAINED,NO,FAQ presence checked against initial HTML excluding script/style; accordion answers may be collapsed.
/brands/jetour-service-dubai/suspension-repair,brand-service,"Answer | Brand | BreadcrumbList | City | ContactPoint | FAQPage | ImageObject | ListItem | Offer | OfferCatalog | Organization | PostalAddress | Question | Service | WebPage | WebSite | ['AutoRepair', 'AutomotiveBusiness']",PASS,PRESENT,YES,6,6,True,1,True,25,,,,RETAINED,NO,FAQ presence checked against initial HTML excluding script/style; accordion answers may be collapsed.
/brands/jetour-service-dubai/tire-repair,brand-service,"Answer | Brand | BreadcrumbList | City | ContactPoint | FAQPage | ImageObject | ListItem | Offer | OfferCatalog | Organization | PostalAddress | Question | Service | WebPage | WebSite | ['AutoRepair', 'AutomotiveBusiness']",PASS,PRESENT,YES,5,5,True,1,True,25,,,,RETAINED,NO,FAQ presence checked against initial HTML excluding script/style; accordion answers may be collapsed.
/brands/jetour-service-dubai/transmission-repair,brand-service,"Answer | Brand | BreadcrumbList | City | ContactPoint | FAQPage | ImageObject | ListItem | Offer | OfferCatalog | Organization | PostalAddress | Question | Service | WebPage | WebSite | ['AutoRepair', 'AutomotiveBusiness']",PASS,PRESENT,YES,6,6,True,1,True,25,,,,RETAINED,NO,FAQ presence checked against initial HTML excluding script/style; accordion answers may be collapsed.
/brands/koenigsegg-service-dubai,brand,"Answer | Brand | BreadcrumbList | City | ContactPoint | FAQPage | ImageObject | ListItem | Offer | OfferCatalog | Organization | PostalAddress | Question | Service | WebPage | WebSite | ['AutoRepair', 'AutomotiveBusiness']",PASS,PRESENT,YES,0,4,True,1,True,28,,Do you service Koenigsegg vehicles in Dubai? | Can you diagnose a warning light on my Koenigsegg? | Do you use quality parts for Koenigsegg repairs? | Where is Digi-Tec located?,,REVIEW,REVIEW,FAQ presence checked against initial HTML excluding script/style; accordion answers may be collapsed.
/brands/koenigsegg-service-dubai/ac-repair,brand-service,"Answer | Brand | BreadcrumbList | City | ContactPoint | FAQPage | ImageObject | ListItem | Offer | OfferCatalog | Organization | PostalAddress | Question | Service | WebPage | WebSite | ['AutoRepair', 'AutomotiveBusiness']",PASS,PRESENT,YES,6,6,True,1,True,17,,,,RETAINED,NO,FAQ presence checked against initial HTML excluding script/style; accordion answers may be collapsed.
/brands/koenigsegg-service-dubai/brake-repair,brand-service,"Answer | Brand | BreadcrumbList | City | ContactPoint | FAQPage | ImageObject | ListItem | Offer | OfferCatalog | Organization | PostalAddress | Question | Service | WebPage | WebSite | ['AutoRepair', 'AutomotiveBusiness']",PASS,PRESENT,YES,6,6,True,1,True,17,,,,RETAINED,NO,FAQ presence checked against initial HTML excluding script/style; accordion answers may be collapsed.
/brands/koenigsegg-service-dubai/engine-diagnostics,brand-service,"Answer | Brand | BreadcrumbList | City | ContactPoint | FAQPage | ImageObject | ListItem | Offer | OfferCatalog | Organization | PostalAddress | Question | Service | WebPage | WebSite | ['AutoRepair', 'AutomotiveBusiness']",PASS,PRESENT,YES,6,6,True,1,True,17,,,,RETAINED,NO,FAQ presence checked against initial HTML excluding script/style; accordion answers may be collapsed.
/brands/koenigsegg-service-dubai/oil-change,brand-service,"Answer | Brand | BreadcrumbList | City | ContactPoint | FAQPage | ImageObject | ListItem | Offer | OfferCatalog | Organization | PostalAddress | Question | Service | WebPage | WebSite | ['AutoRepair', 'AutomotiveBusiness']",PASS,PRESENT,YES,5,5,True,1,True,17,,,,RETAINED,NO,FAQ presence checked against initial HTML excluding script/style; accordion answers may be collapsed.
/brands/koenigsegg-service-dubai/suspension-repair,brand-service,"Answer | Brand | BreadcrumbList | City | ContactPoint | FAQPage | ImageObject | ListItem | Offer | OfferCatalog | Organization | PostalAddress | Question | Service | WebPage | WebSite | ['AutoRepair', 'AutomotiveBusiness']",PASS,PRESENT,YES,6,6,True,1,True,17,,,,RETAINED,NO,FAQ presence checked against initial HTML excluding script/style; accordion answers may be collapsed.
/brands/koenigsegg-service-dubai/transmission-repair,brand-service,"Answer | Brand | BreadcrumbList | City | ContactPoint | FAQPage | ImageObject | ListItem | Offer | OfferCatalog | Organization | PostalAddress | Question | Service | WebPage | WebSite | ['AutoRepair', 'AutomotiveBusiness']",PASS,PRESENT,YES,6,6,True,1,True,17,,,,RETAINED,NO,FAQ presence checked against initial HTML excluding script/style; accordion answers may be collapsed.
/brands/lamborghini-service-dubai,brand,"Answer | Brand | BreadcrumbList | City | ContactPoint | FAQPage | ImageObject | ListItem | Offer | OfferCatalog | Organization | PostalAddress | Question | Service | WebPage | WebSite | ['AutoRepair', 'AutomotiveBusiness']",PASS,PRESENT,YES,10,10,True,1,True,50,,,,RETAINED,NO,FAQ presence checked against initial HTML excluding script/style; accordion answers may be collapsed.
/brands/lamborghini-service-dubai/ac-repair,brand-service,"Answer | Brand | BreadcrumbList | City | ContactPoint | FAQPage | ImageObject | ListItem | Offer | OfferCatalog | Organization | PostalAddress | Question | Service | WebPage | WebSite | ['AutoRepair', 'AutomotiveBusiness']",PASS,PRESENT,YES,6,6,True,1,True,25,,,,RETAINED,NO,FAQ presence checked against initial HTML excluding script/style; accordion answers may be collapsed.
/brands/lamborghini-service-dubai/battery-replacement,brand-service,"Answer | Brand | BreadcrumbList | City | ContactPoint | FAQPage | ImageObject | ListItem | Offer | OfferCatalog | Organization | PostalAddress | Question | Service | WebPage | WebSite | ['AutoRepair', 'AutomotiveBusiness']",PASS,PRESENT,YES,4,4,True,1,True,25,,,,RETAINED,NO,FAQ presence checked against initial HTML excluding script/style; accordion answers may be collapsed.
/brands/lamborghini-service-dubai/body-repair,brand-service,"Answer | Brand | BreadcrumbList | City | ContactPoint | FAQPage | ImageObject | ListItem | Offer | OfferCatalog | Organization | PostalAddress | Question | Service | WebPage | WebSite | ['AutoRepair', 'AutomotiveBusiness']",PASS,PRESENT,YES,5,5,True,1,True,28,,,,RETAINED,NO,FAQ presence checked against initial HTML excluding script/style; accordion answers may be collapsed.
/brands/lamborghini-service-dubai/brake-repair,brand-service,"Answer | Brand | BreadcrumbList | City | ContactPoint | FAQPage | ImageObject | ListItem | Offer | OfferCatalog | Organization | PostalAddress | Question | Service | WebPage | WebSite | ['AutoRepair', 'AutomotiveBusiness']",PASS,PRESENT,YES,4,4,True,1,True,25,,,,RETAINED,NO,FAQ presence checked against initial HTML excluding script/style; accordion answers may be collapsed.
/brands/lamborghini-service-dubai/electrical-repair,brand-service,"Answer | Brand | BreadcrumbList | City | ContactPoint | FAQPage | ImageObject | ListItem | Offer | OfferCatalog | Organization | PostalAddress | Question | Service | WebPage | WebSite | ['AutoRepair', 'AutomotiveBusiness']",PASS,PRESENT,YES,4,4,True,1,True,25,,,,RETAINED,NO,FAQ presence checked against initial HTML excluding script/style; accordion answers may be collapsed.
/brands/lamborghini-service-dubai/engine-diagnostics,brand-service,"Answer | Brand | BreadcrumbList | City | ContactPoint | FAQPage | ImageObject | ListItem | Offer | OfferCatalog | Organization | PostalAddress | Question | Service | WebPage | WebSite | ['AutoRepair', 'AutomotiveBusiness']",PASS,PRESENT,YES,4,4,True,1,True,25,,,,RETAINED,NO,FAQ presence checked against initial HTML excluding script/style; accordion answers may be collapsed.
/brands/lamborghini-service-dubai/exhaust-repair,brand-service,"Answer | Brand | BreadcrumbList | City | ContactPoint | FAQPage | ImageObject | ListItem | Offer | OfferCatalog | Organization | PostalAddress | Question | Service | WebPage | WebSite | ['AutoRepair', 'AutomotiveBusiness']",PASS,PRESENT,YES,5,5,True,1,True,25,,,,RETAINED,NO,FAQ presence checked against initial HTML excluding script/style; accordion answers may be collapsed.
/brands/lamborghini-service-dubai/fuel-system-repair,brand-service,"Answer | Brand | BreadcrumbList | City | ContactPoint | FAQPage | ImageObject | ListItem | Offer | OfferCatalog | Organization | PostalAddress | Question | Service | WebPage | WebSite | ['AutoRepair', 'AutomotiveBusiness']",PASS,PRESENT,YES,5,5,True,1,True,25,,,,RETAINED,NO,FAQ presence checked against initial HTML excluding script/style; accordion answers may be collapsed.
/brands/lamborghini-service-dubai/mechanical-repair,brand-service,"Answer | Brand | BreadcrumbList | City | ContactPoint | FAQPage | ImageObject | ListItem | Offer | OfferCatalog | Organization | PostalAddress | Question | Service | WebPage | WebSite | ['AutoRepair', 'AutomotiveBusiness']",PASS,PRESENT,YES,4,4,True,1,True,25,,,,RETAINED,NO,FAQ presence checked against initial HTML excluding script/style; accordion answers may be collapsed.
/brands/lamborghini-service-dubai/oil-change,brand-service,"Answer | Brand | BreadcrumbList | City | ContactPoint | FAQPage | ImageObject | ListItem | Offer | OfferCatalog | Organization | PostalAddress | Question | Service | WebPage | WebSite | ['AutoRepair', 'AutomotiveBusiness']",PASS,PRESENT,YES,4,4,True,1,True,26,,,,RETAINED,NO,FAQ presence checked against initial HTML excluding script/style; accordion answers may be collapsed.
/brands/lamborghini-service-dubai/steering-repair,brand-service,"Answer | Brand | BreadcrumbList | City | ContactPoint | FAQPage | ImageObject | ListItem | Offer | OfferCatalog | Organization | PostalAddress | Question | Service | WebPage | WebSite | ['AutoRepair', 'AutomotiveBusiness']",PASS,PRESENT,YES,5,5,True,1,True,25,,,,RETAINED,NO,FAQ presence checked against initial HTML excluding script/style; accordion answers may be collapsed.
/brands/lamborghini-service-dubai/suspension-repair,brand-service,"Answer | Brand | BreadcrumbList | City | ContactPoint | FAQPage | ImageObject | ListItem | Offer | OfferCatalog | Organization | PostalAddress | Question | Service | WebPage | WebSite | ['AutoRepair', 'AutomotiveBusiness']",PASS,PRESENT,YES,4,4,True,1,True,25,,,,RETAINED,NO,FAQ presence checked against initial HTML excluding script/style; accordion answers may be collapsed.
/brands/lamborghini-service-dubai/tire-repair,brand-service,"Answer | Brand | BreadcrumbList | City | ContactPoint | FAQPage | ImageObject | ListItem | Offer | OfferCatalog | Organization | PostalAddress | Question | Service | WebPage | WebSite | ['AutoRepair', 'AutomotiveBusiness']",PASS,PRESENT,YES,5,5,True,1,True,25,,,,RETAINED,NO,FAQ presence checked against initial HTML excluding script/style; accordion answers may be collapsed.
/brands/lamborghini-service-dubai/transmission-repair,brand-service,"Answer | Brand | BreadcrumbList | City | ContactPoint | FAQPage | ImageObject | ListItem | Offer | OfferCatalog | Organization | PostalAddress | Question | Service | WebPage | WebSite | ['AutoRepair', 'AutomotiveBusiness']",PASS,PRESENT,YES,4,4,True,1,True,25,,,,RETAINED,NO,FAQ presence checked against initial HTML excluding script/style; accordion answers may be collapsed.
/brands/land-rover-service-dubai,brand,"Answer | Brand | BreadcrumbList | City | ContactPoint | FAQPage | ImageObject | ListItem | Offer | OfferCatalog | Organization | PostalAddress | Question | Service | WebPage | WebSite | ['AutoRepair', 'AutomotiveBusiness']",PASS,PRESENT,YES,0,4,True,1,True,36,,How often should a Range Rover be serviced in Dubai? | Do you use genuine Land Rover parts? | How long does a typical Range Rover service take? | Can you repair Range Rover air suspension?,,REVIEW,REVIEW,FAQ presence checked against initial HTML excluding script/style; accordion answers may be collapsed.
/brands/land-rover-service-dubai/ac-repair,brand-service,"Answer | Brand | BreadcrumbList | City | ContactPoint | FAQPage | ImageObject | ListItem | Offer | OfferCatalog | Organization | PostalAddress | Question | Service | WebPage | WebSite | ['AutoRepair', 'AutomotiveBusiness']",PASS,PRESENT,YES,6,6,True,1,True,25,,,,RETAINED,NO,FAQ presence checked against initial HTML excluding script/style; accordion answers may be collapsed.
/brands/land-rover-service-dubai/battery-replacement,brand-service,"Answer | Brand | BreadcrumbList | City | ContactPoint | FAQPage | ImageObject | ListItem | Offer | OfferCatalog | Organization | PostalAddress | Question | Service | WebPage | WebSite | ['AutoRepair', 'AutomotiveBusiness']",PASS,PRESENT,YES,5,5,True,1,True,25,,,,RETAINED,NO,FAQ presence checked against initial HTML excluding script/style; accordion answers may be collapsed.
/brands/land-rover-service-dubai/body-repair,brand-service,"Answer | Brand | BreadcrumbList | City | ContactPoint | FAQPage | ImageObject | ListItem | Offer | OfferCatalog | Organization | PostalAddress | Question | Service | WebPage | WebSite | ['AutoRepair', 'AutomotiveBusiness']",PASS,PRESENT,YES,5,5,True,1,True,28,,,,RETAINED,NO,FAQ presence checked against initial HTML excluding script/style; accordion answers may be collapsed.
/brands/land-rover-service-dubai/brake-repair,brand-service,"Answer | Brand | BreadcrumbList | City | ContactPoint | FAQPage | ImageObject | ListItem | Offer | OfferCatalog | Organization | PostalAddress | Question | Service | WebPage | WebSite | ['AutoRepair', 'AutomotiveBusiness']",PASS,PRESENT,YES,6,6,True,1,True,25,,,,RETAINED,NO,FAQ presence checked against initial HTML excluding script/style; accordion answers may be collapsed.
/brands/land-rover-service-dubai/electrical-repair,brand-service,"Answer | Brand | BreadcrumbList | City | ContactPoint | FAQPage | ImageObject | ListItem | Offer | OfferCatalog | Organization | PostalAddress | Question | Service | WebPage | WebSite | ['AutoRepair', 'AutomotiveBusiness']",PASS,PRESENT,YES,5,5,True,1,True,25,,,,RETAINED,NO,FAQ presence checked against initial HTML excluding script/style; accordion answers may be collapsed.
/brands/land-rover-service-dubai/engine-diagnostics,brand-service,"Answer | Brand | BreadcrumbList | City | ContactPoint | FAQPage | ImageObject | ListItem | Offer | OfferCatalog | Organization | PostalAddress | Question | Service | WebPage | WebSite | ['AutoRepair', 'AutomotiveBusiness']",PASS,PRESENT,YES,6,6,True,1,True,25,,,,RETAINED,NO,FAQ presence checked against initial HTML excluding script/style; accordion answers may be collapsed.
/brands/land-rover-service-dubai/exhaust-repair,brand-service,"Answer | Brand | BreadcrumbList | City | ContactPoint | FAQPage | ImageObject | ListItem | Offer | OfferCatalog | Organization | PostalAddress | Question | Service | WebPage | WebSite | ['AutoRepair', 'AutomotiveBusiness']",PASS,PRESENT,YES,5,5,True,1,True,25,,,,RETAINED,NO,FAQ presence checked against initial HTML excluding script/style; accordion answers may be collapsed.
/brands/land-rover-service-dubai/fuel-system-repair,brand-service,"Answer | Brand | BreadcrumbList | City | ContactPoint | FAQPage | ImageObject | ListItem | Offer | OfferCatalog | Organization | PostalAddress | Question | Service | WebPage | WebSite | ['AutoRepair', 'AutomotiveBusiness']",PASS,PRESENT,YES,5,5,True,1,True,25,,,,RETAINED,NO,FAQ presence checked against initial HTML excluding script/style; accordion answers may be collapsed.
/brands/land-rover-service-dubai/mechanical-repair,brand-service,"Answer | Brand | BreadcrumbList | City | ContactPoint | FAQPage | ImageObject | ListItem | Offer | OfferCatalog | Organization | PostalAddress | Question | Service | WebPage | WebSite | ['AutoRepair', 'AutomotiveBusiness']",PASS,PRESENT,YES,5,5,True,1,True,25,,,,RETAINED,NO,FAQ presence checked against initial HTML excluding script/style; accordion answers may be collapsed.
/brands/land-rover-service-dubai/oil-change,brand-service,"Answer | Brand | BreadcrumbList | City | ContactPoint | FAQPage | ImageObject | ListItem | Offer | OfferCatalog | Organization | PostalAddress | Question | Service | WebPage | WebSite | ['AutoRepair', 'AutomotiveBusiness']",PASS,PRESENT,YES,5,5,True,1,True,25,,,,RETAINED,NO,FAQ presence checked against initial HTML excluding script/style; accordion answers may be collapsed.
/brands/land-rover-service-dubai/steering-repair,brand-service,"Answer | Brand | BreadcrumbList | City | ContactPoint | FAQPage | ImageObject | ListItem | Offer | OfferCatalog | Organization | PostalAddress | Question | Service | WebPage | WebSite | ['AutoRepair', 'AutomotiveBusiness']",PASS,PRESENT,YES,5,5,True,1,True,25,,,,RETAINED,NO,FAQ presence checked against initial HTML excluding script/style; accordion answers may be collapsed.
/brands/land-rover-service-dubai/suspension-repair,brand-service,"Answer | Brand | BreadcrumbList | City | ContactPoint | FAQPage | ImageObject | ListItem | Offer | OfferCatalog | Organization | PostalAddress | Question | Service | WebPage | WebSite | ['AutoRepair', 'AutomotiveBusiness']",PASS,PRESENT,YES,6,6,True,1,True,25,,,,RETAINED,NO,FAQ presence checked against initial HTML excluding script/style; accordion answers may be collapsed.
/brands/land-rover-service-dubai/tire-repair,brand-service,"Answer | Brand | BreadcrumbList | City | ContactPoint | FAQPage | ImageObject | ListItem | Offer | OfferCatalog | Organization | PostalAddress | Question | Service | WebPage | WebSite | ['AutoRepair', 'AutomotiveBusiness']",PASS,PRESENT,YES,5,5,True,1,True,25,,,,RETAINED,NO,FAQ presence checked against initial HTML excluding script/style; accordion answers may be collapsed.
/brands/land-rover-service-dubai/transmission-repair,brand-service,"Answer | Brand | BreadcrumbList | City | ContactPoint | FAQPage | ImageObject | ListItem | Offer | OfferCatalog | Organization | PostalAddress | Question | Service | WebPage | WebSite | ['AutoRepair', 'AutomotiveBusiness']",PASS,PRESENT,YES,6,6,True,1,True,25,,,,RETAINED,NO,FAQ presence checked against initial HTML excluding script/style; accordion answers may be collapsed.
/brands/lincoln-service-dubai,brand,"Answer | Brand | BreadcrumbList | City | ContactPoint | FAQPage | ImageObject | ListItem | Offer | OfferCatalog | Organization | PostalAddress | Question | Service | WebPage | WebSite | ['AutoRepair', 'AutomotiveBusiness']",PASS,PRESENT,YES,0,4,True,1,True,28,,Do you service Lincoln vehicles in Dubai? | Can you diagnose a warning light on my Lincoln? | Do you use quality parts for Lincoln repairs? | Where is Digi-Tec located?,,REVIEW,REVIEW,FAQ presence checked against initial HTML excluding script/style; accordion answers may be collapsed.
/brands/lincoln-service-dubai/ac-repair,brand-service,"Answer | Brand | BreadcrumbList | City | ContactPoint | FAQPage | ImageObject | ListItem | Offer | OfferCatalog | Organization | PostalAddress | Question | Service | WebPage | WebSite | ['AutoRepair', 'AutomotiveBusiness']",PASS,PRESENT,YES,6,6,True,1,True,17,,,,RETAINED,NO,FAQ presence checked against initial HTML excluding script/style; accordion answers may be collapsed.
/brands/lincoln-service-dubai/brake-repair,brand-service,"Answer | Brand | BreadcrumbList | City | ContactPoint | FAQPage | ImageObject | ListItem | Offer | OfferCatalog | Organization | PostalAddress | Question | Service | WebPage | WebSite | ['AutoRepair', 'AutomotiveBusiness']",PASS,PRESENT,YES,6,6,True,1,True,17,,,,RETAINED,NO,FAQ presence checked against initial HTML excluding script/style; accordion answers may be collapsed.
/brands/lincoln-service-dubai/engine-diagnostics,brand-service,"Answer | Brand | BreadcrumbList | City | ContactPoint | FAQPage | ImageObject | ListItem | Offer | OfferCatalog | Organization | PostalAddress | Question | Service | WebPage | WebSite | ['AutoRepair', 'AutomotiveBusiness']",PASS,PRESENT,YES,6,6,True,1,True,17,,,,RETAINED,NO,FAQ presence checked against initial HTML excluding script/style; accordion answers may be collapsed.
/brands/lincoln-service-dubai/oil-change,brand-service,"Answer | Brand | BreadcrumbList | City | ContactPoint | FAQPage | ImageObject | ListItem | Offer | OfferCatalog | Organization | PostalAddress | Question | Service | WebPage | WebSite | ['AutoRepair', 'AutomotiveBusiness']",PASS,PRESENT,YES,5,5,True,1,True,17,,,,RETAINED,NO,FAQ presence checked against initial HTML excluding script/style; accordion answers may be collapsed.
/brands/lincoln-service-dubai/suspension-repair,brand-service,"Answer | Brand | BreadcrumbList | City | ContactPoint | FAQPage | ImageObject | ListItem | Offer | OfferCatalog | Organization | PostalAddress | Question | Service | WebPage | WebSite | ['AutoRepair', 'AutomotiveBusiness']",PASS,PRESENT,YES,6,6,True,1,True,17,,,,RETAINED,NO,FAQ presence checked against initial HTML excluding script/style; accordion answers may be collapsed.
/brands/lincoln-service-dubai/transmission-repair,brand-service,"Answer | Brand | BreadcrumbList | City | ContactPoint | FAQPage | ImageObject | ListItem | Offer | OfferCatalog | Organization | PostalAddress | Question | Service | WebPage | WebSite | ['AutoRepair', 'AutomotiveBusiness']",PASS,PRESENT,YES,6,6,True,1,True,17,,,,RETAINED,NO,FAQ presence checked against initial HTML excluding script/style; accordion answers may be collapsed.
/brands/maserati-service-dubai,brand,"Answer | Brand | BreadcrumbList | City | ContactPoint | FAQPage | ImageObject | ListItem | Offer | OfferCatalog | Organization | PostalAddress | Question | Service | WebPage | WebSite | ['AutoRepair', 'AutomotiveBusiness']",PASS,PRESENT,YES,0,4,True,1,True,36,,How often should a Maserati be serviced in Dubai? | Do you use genuine Maserati parts? | How long does a Maserati service take? | Can you diagnose a Maserati suspension or transmission warning?,,REVIEW,REVIEW,FAQ presence checked against initial HTML excluding script/style; accordion answers may be collapsed.
/brands/maserati-service-dubai/ac-repair,brand-service,"Answer | Brand | BreadcrumbList | City | ContactPoint | FAQPage | ImageObject | ListItem | Offer | OfferCatalog | Organization | PostalAddress | Question | Service | WebPage | WebSite | ['AutoRepair', 'AutomotiveBusiness']",PASS,PRESENT,YES,6,6,True,1,True,25,,,,RETAINED,NO,FAQ presence checked against initial HTML excluding script/style; accordion answers may be collapsed.
/brands/maserati-service-dubai/battery-replacement,brand-service,"Answer | Brand | BreadcrumbList | City | ContactPoint | FAQPage | ImageObject | ListItem | Offer | OfferCatalog | Organization | PostalAddress | Question | Service | WebPage | WebSite | ['AutoRepair', 'AutomotiveBusiness']",PASS,PRESENT,YES,5,5,True,1,True,25,,,,RETAINED,NO,FAQ presence checked against initial HTML excluding script/style; accordion answers may be collapsed.
/brands/maserati-service-dubai/body-repair,brand-service,"Answer | Brand | BreadcrumbList | City | ContactPoint | FAQPage | ImageObject | ListItem | Offer | OfferCatalog | Organization | PostalAddress | Question | Service | WebPage | WebSite | ['AutoRepair', 'AutomotiveBusiness']",PASS,PRESENT,YES,5,5,True,1,True,28,,,,RETAINED,NO,FAQ presence checked against initial HTML excluding script/style; accordion answers may be collapsed.
/brands/maserati-service-dubai/brake-repair,brand-service,"Answer | Brand | BreadcrumbList | City | ContactPoint | FAQPage | ImageObject | ListItem | Offer | OfferCatalog | Organization | PostalAddress | Question | Service | WebPage | WebSite | ['AutoRepair', 'AutomotiveBusiness']",PASS,PRESENT,YES,6,6,True,1,True,25,,,,RETAINED,NO,FAQ presence checked against initial HTML excluding script/style; accordion answers may be collapsed.
/brands/maserati-service-dubai/electrical-repair,brand-service,"Answer | Brand | BreadcrumbList | City | ContactPoint | FAQPage | ImageObject | ListItem | Offer | OfferCatalog | Organization | PostalAddress | Question | Service | WebPage | WebSite | ['AutoRepair', 'AutomotiveBusiness']",PASS,PRESENT,YES,5,5,True,1,True,25,,,,RETAINED,NO,FAQ presence checked against initial HTML excluding script/style; accordion answers may be collapsed.
/brands/maserati-service-dubai/engine-diagnostics,brand-service,"Answer | Brand | BreadcrumbList | City | ContactPoint | FAQPage | ImageObject | ListItem | Offer | OfferCatalog | Organization | PostalAddress | Question | Service | WebPage | WebSite | ['AutoRepair', 'AutomotiveBusiness']",PASS,PRESENT,YES,6,6,True,1,True,25,,,,RETAINED,NO,FAQ presence checked against initial HTML excluding script/style; accordion answers may be collapsed.
/brands/maserati-service-dubai/exhaust-repair,brand-service,"Answer | Brand | BreadcrumbList | City | ContactPoint | FAQPage | ImageObject | ListItem | Offer | OfferCatalog | Organization | PostalAddress | Question | Service | WebPage | WebSite | ['AutoRepair', 'AutomotiveBusiness']",PASS,PRESENT,YES,5,5,True,1,True,25,,,,RETAINED,NO,FAQ presence checked against initial HTML excluding script/style; accordion answers may be collapsed.
/brands/maserati-service-dubai/fuel-system-repair,brand-service,"Answer | Brand | BreadcrumbList | City | ContactPoint | FAQPage | ImageObject | ListItem | Offer | OfferCatalog | Organization | PostalAddress | Question | Service | WebPage | WebSite | ['AutoRepair', 'AutomotiveBusiness']",PASS,PRESENT,YES,5,5,True,1,True,25,,,,RETAINED,NO,FAQ presence checked against initial HTML excluding script/style; accordion answers may be collapsed.
/brands/maserati-service-dubai/mechanical-repair,brand-service,"Answer | Brand | BreadcrumbList | City | ContactPoint | FAQPage | ImageObject | ListItem | Offer | OfferCatalog | Organization | PostalAddress | Question | Service | WebPage | WebSite | ['AutoRepair', 'AutomotiveBusiness']",PASS,PRESENT,YES,5,5,True,1,True,25,,,,RETAINED,NO,FAQ presence checked against initial HTML excluding script/style; accordion answers may be collapsed.
/brands/maserati-service-dubai/oil-change,brand-service,"Answer | Brand | BreadcrumbList | City | ContactPoint | FAQPage | ImageObject | ListItem | Offer | OfferCatalog | Organization | PostalAddress | Question | Service | WebPage | WebSite | ['AutoRepair', 'AutomotiveBusiness']",PASS,PRESENT,YES,5,5,True,1,True,25,,,,RETAINED,NO,FAQ presence checked against initial HTML excluding script/style; accordion answers may be collapsed.
/brands/maserati-service-dubai/steering-repair,brand-service,"Answer | Brand | BreadcrumbList | City | ContactPoint | FAQPage | ImageObject | ListItem | Offer | OfferCatalog | Organization | PostalAddress | Question | Service | WebPage | WebSite | ['AutoRepair', 'AutomotiveBusiness']",PASS,PRESENT,YES,5,5,True,1,True,25,,,,RETAINED,NO,FAQ presence checked against initial HTML excluding script/style; accordion answers may be collapsed.
/brands/maserati-service-dubai/suspension-repair,brand-service,"Answer | Brand | BreadcrumbList | City | ContactPoint | FAQPage | ImageObject | ListItem | Offer | OfferCatalog | Organization | PostalAddress | Question | Service | WebPage | WebSite | ['AutoRepair', 'AutomotiveBusiness']",PASS,PRESENT,YES,6,6,True,1,True,25,,,,RETAINED,NO,FAQ presence checked against initial HTML excluding script/style; accordion answers may be collapsed.
/brands/maserati-service-dubai/tire-repair,brand-service,"Answer | Brand | BreadcrumbList | City | ContactPoint | FAQPage | ImageObject | ListItem | Offer | OfferCatalog | Organization | PostalAddress | Question | Service | WebPage | WebSite | ['AutoRepair', 'AutomotiveBusiness']",PASS,PRESENT,YES,5,5,True,1,True,25,,,,RETAINED,NO,FAQ presence checked against initial HTML excluding script/style; accordion answers may be collapsed.
/brands/maserati-service-dubai/transmission-repair,brand-service,"Answer | Brand | BreadcrumbList | City | ContactPoint | FAQPage | ImageObject | ListItem | Offer | OfferCatalog | Organization | PostalAddress | Question | Service | WebPage | WebSite | ['AutoRepair', 'AutomotiveBusiness']",PASS,PRESENT,YES,6,6,True,1,True,25,,,,RETAINED,NO,FAQ presence checked against initial HTML excluding script/style; accordion answers may be collapsed.
/brands/maybach-service-dubai,brand,"Answer | Brand | BreadcrumbList | City | ContactPoint | FAQPage | ImageObject | ListItem | Offer | OfferCatalog | Organization | PostalAddress | Question | Service | WebPage | WebSite | ['AutoRepair', 'AutomotiveBusiness']",PASS,PRESENT,YES,4,4,True,1,True,41,,,,RETAINED,NO,FAQ presence checked against initial HTML excluding script/style; accordion answers may be collapsed.
/brands/maybach-service-dubai/ac-repair,brand-service,"Answer | Brand | BreadcrumbList | City | ContactPoint | FAQPage | ImageObject | ListItem | Offer | OfferCatalog | Organization | PostalAddress | Question | Service | WebPage | WebSite | ['AutoRepair', 'AutomotiveBusiness']",PASS,PRESENT,YES,6,6,True,1,True,25,,,,RETAINED,NO,FAQ presence checked against initial HTML excluding script/style; accordion answers may be collapsed.
/brands/maybach-service-dubai/battery-replacement,brand-service,"Answer | Brand | BreadcrumbList | City | ContactPoint | FAQPage | ImageObject | ListItem | Offer | OfferCatalog | Organization | PostalAddress | Question | Service | WebPage | WebSite | ['AutoRepair', 'AutomotiveBusiness']",PASS,PRESENT,YES,5,5,True,1,True,25,,,,RETAINED,NO,FAQ presence checked against initial HTML excluding script/style; accordion answers may be collapsed.
/brands/maybach-service-dubai/body-repair,brand-service,"Answer | Brand | BreadcrumbList | City | ContactPoint | FAQPage | ImageObject | ListItem | Offer | OfferCatalog | Organization | PostalAddress | Question | Service | WebPage | WebSite | ['AutoRepair', 'AutomotiveBusiness']",PASS,PRESENT,YES,5,5,True,1,True,28,,,,RETAINED,NO,FAQ presence checked against initial HTML excluding script/style; accordion answers may be collapsed.
/brands/maybach-service-dubai/brake-repair,brand-service,"Answer | Brand | BreadcrumbList | City | ContactPoint | FAQPage | ImageObject | ListItem | Offer | OfferCatalog | Organization | PostalAddress | Question | Service | WebPage | WebSite | ['AutoRepair', 'AutomotiveBusiness']",PASS,PRESENT,YES,6,6,True,1,True,25,,,,RETAINED,NO,FAQ presence checked against initial HTML excluding script/style; accordion answers may be collapsed.
/brands/maybach-service-dubai/electrical-repair,brand-service,"Answer | Brand | BreadcrumbList | City | ContactPoint | FAQPage | ImageObject | ListItem | Offer | OfferCatalog | Organization | PostalAddress | Question | Service | WebPage | WebSite | ['AutoRepair', 'AutomotiveBusiness']",PASS,PRESENT,YES,5,5,True,1,True,25,,,,RETAINED,NO,FAQ presence checked against initial HTML excluding script/style; accordion answers may be collapsed.
/brands/maybach-service-dubai/engine-diagnostics,brand-service,"Answer | Brand | BreadcrumbList | City | ContactPoint | FAQPage | ImageObject | ListItem | Offer | OfferCatalog | Organization | PostalAddress | Question | Service | WebPage | WebSite | ['AutoRepair', 'AutomotiveBusiness']",PASS,PRESENT,YES,6,6,True,1,True,25,,,,RETAINED,NO,FAQ presence checked against initial HTML excluding script/style; accordion answers may be collapsed.
/brands/maybach-service-dubai/exhaust-repair,brand-service,"Answer | Brand | BreadcrumbList | City | ContactPoint | FAQPage | ImageObject | ListItem | Offer | OfferCatalog | Organization | PostalAddress | Question | Service | WebPage | WebSite | ['AutoRepair', 'AutomotiveBusiness']",PASS,PRESENT,YES,5,5,True,1,True,25,,,,RETAINED,NO,FAQ presence checked against initial HTML excluding script/style; accordion answers may be collapsed.
/brands/maybach-service-dubai/fuel-system-repair,brand-service,"Answer | Brand | BreadcrumbList | City | ContactPoint | FAQPage | ImageObject | ListItem | Offer | OfferCatalog | Organization | PostalAddress | Question | Service | WebPage | WebSite | ['AutoRepair', 'AutomotiveBusiness']",PASS,PRESENT,YES,5,5,True,1,True,25,,,,RETAINED,NO,FAQ presence checked against initial HTML excluding script/style; accordion answers may be collapsed.
/brands/maybach-service-dubai/mechanical-repair,brand-service,"Answer | Brand | BreadcrumbList | City | ContactPoint | FAQPage | ImageObject | ListItem | Offer | OfferCatalog | Organization | PostalAddress | Question | Service | WebPage | WebSite | ['AutoRepair', 'AutomotiveBusiness']",PASS,PRESENT,YES,5,5,True,1,True,25,,,,RETAINED,NO,FAQ presence checked against initial HTML excluding script/style; accordion answers may be collapsed.
/brands/maybach-service-dubai/oil-change,brand-service,"Answer | Brand | BreadcrumbList | City | ContactPoint | FAQPage | ImageObject | ListItem | Offer | OfferCatalog | Organization | PostalAddress | Question | Service | WebPage | WebSite | ['AutoRepair', 'AutomotiveBusiness']",PASS,PRESENT,YES,5,5,True,1,True,25,,,,RETAINED,NO,FAQ presence checked against initial HTML excluding script/style; accordion answers may be collapsed.
/brands/maybach-service-dubai/steering-repair,brand-service,"Answer | Brand | BreadcrumbList | City | ContactPoint | FAQPage | ImageObject | ListItem | Offer | OfferCatalog | Organization | PostalAddress | Question | Service | WebPage | WebSite | ['AutoRepair', 'AutomotiveBusiness']",PASS,PRESENT,YES,5,5,True,1,True,25,,,,RETAINED,NO,FAQ presence checked against initial HTML excluding script/style; accordion answers may be collapsed.
/brands/maybach-service-dubai/suspension-repair,brand-service,"Answer | Brand | BreadcrumbList | City | ContactPoint | FAQPage | ImageObject | ListItem | Offer | OfferCatalog | Organization | PostalAddress | Question | Service | WebPage | WebSite | ['AutoRepair', 'AutomotiveBusiness']",PASS,PRESENT,YES,6,6,True,1,True,25,,,,RETAINED,NO,FAQ presence checked against initial HTML excluding script/style; accordion answers may be collapsed.
/brands/maybach-service-dubai/tire-repair,brand-service,"Answer | Brand | BreadcrumbList | City | ContactPoint | FAQPage | ImageObject | ListItem | Offer | OfferCatalog | Organization | PostalAddress | Question | Service | WebPage | WebSite | ['AutoRepair', 'AutomotiveBusiness']",PASS,PRESENT,YES,5,5,True,1,True,25,,,,RETAINED,NO,FAQ presence checked against initial HTML excluding script/style; accordion answers may be collapsed.
/brands/maybach-service-dubai/transmission-repair,brand-service,"Answer | Brand | BreadcrumbList | City | ContactPoint | FAQPage | ImageObject | ListItem | Offer | OfferCatalog | Organization | PostalAddress | Question | Service | WebPage | WebSite | ['AutoRepair', 'AutomotiveBusiness']",PASS,PRESENT,YES,6,6,True,1,True,25,,,,RETAINED,NO,FAQ presence checked against initial HTML excluding script/style; accordion answers may be collapsed.
/brands/mclaren-service-dubai,brand,"Answer | Brand | BreadcrumbList | City | ContactPoint | FAQPage | ImageObject | ListItem | Offer | OfferCatalog | Organization | PostalAddress | Question | Service | WebPage | WebSite | ['AutoRepair', 'AutomotiveBusiness']",PASS,PRESENT,YES,9,9,True,1,True,44,,,,RETAINED,NO,FAQ presence checked against initial HTML excluding script/style; accordion answers may be collapsed.
/brands/mclaren-service-dubai/ac-repair,brand-service,"Answer | Brand | BreadcrumbList | City | ContactPoint | FAQPage | ImageObject | ListItem | Offer | OfferCatalog | Organization | PostalAddress | Question | Service | WebPage | WebSite | ['AutoRepair', 'AutomotiveBusiness']",PASS,PRESENT,YES,6,6,True,1,True,26,,,,RETAINED,NO,FAQ presence checked against initial HTML excluding script/style; accordion answers may be collapsed.
/brands/mclaren-service-dubai/battery-replacement,brand-service,"Answer | Brand | BreadcrumbList | City | ContactPoint | FAQPage | ImageObject | ListItem | Offer | OfferCatalog | Organization | PostalAddress | Question | Service | WebPage | WebSite | ['AutoRepair', 'AutomotiveBusiness']",PASS,PRESENT,YES,5,5,True,1,True,26,,,,RETAINED,NO,FAQ presence checked against initial HTML excluding script/style; accordion answers may be collapsed.
/brands/mclaren-service-dubai/body-repair,brand-service,"Answer | Brand | BreadcrumbList | City | ContactPoint | FAQPage | ImageObject | ListItem | Offer | OfferCatalog | Organization | PostalAddress | Question | Service | WebPage | WebSite | ['AutoRepair', 'AutomotiveBusiness']",PASS,PRESENT,YES,5,5,True,1,True,29,,,,RETAINED,NO,FAQ presence checked against initial HTML excluding script/style; accordion answers may be collapsed.
/brands/mclaren-service-dubai/brake-repair,brand-service,"Answer | Brand | BreadcrumbList | City | ContactPoint | FAQPage | ImageObject | ListItem | Offer | OfferCatalog | Organization | PostalAddress | Question | Service | WebPage | WebSite | ['AutoRepair', 'AutomotiveBusiness']",PASS,PRESENT,YES,6,6,True,1,True,26,,,,RETAINED,NO,FAQ presence checked against initial HTML excluding script/style; accordion answers may be collapsed.
/brands/mclaren-service-dubai/electrical-repair,brand-service,"Answer | Brand | BreadcrumbList | City | ContactPoint | FAQPage | ImageObject | ListItem | Offer | OfferCatalog | Organization | PostalAddress | Question | Service | WebPage | WebSite | ['AutoRepair', 'AutomotiveBusiness']",PASS,PRESENT,YES,5,5,True,1,True,26,,,,RETAINED,NO,FAQ presence checked against initial HTML excluding script/style; accordion answers may be collapsed.
/brands/mclaren-service-dubai/engine-diagnostics,brand-service,"Answer | Brand | BreadcrumbList | City | ContactPoint | FAQPage | ImageObject | ListItem | Offer | OfferCatalog | Organization | PostalAddress | Question | Service | WebPage | WebSite | ['AutoRepair', 'AutomotiveBusiness']",PASS,PRESENT,YES,4,4,True,1,True,26,,,,RETAINED,NO,FAQ presence checked against initial HTML excluding script/style; accordion answers may be collapsed.
/brands/mclaren-service-dubai/exhaust-repair,brand-service,"Answer | Brand | BreadcrumbList | City | ContactPoint | FAQPage | ImageObject | ListItem | Offer | OfferCatalog | Organization | PostalAddress | Question | Service | WebPage | WebSite | ['AutoRepair', 'AutomotiveBusiness']",PASS,PRESENT,YES,5,5,True,1,True,26,,,,RETAINED,NO,FAQ presence checked against initial HTML excluding script/style; accordion answers may be collapsed.
/brands/mclaren-service-dubai/fuel-system-repair,brand-service,"Answer | Brand | BreadcrumbList | City | ContactPoint | FAQPage | ImageObject | ListItem | Offer | OfferCatalog | Organization | PostalAddress | Question | Service | WebPage | WebSite | ['AutoRepair', 'AutomotiveBusiness']",PASS,PRESENT,YES,5,5,True,1,True,26,,,,RETAINED,NO,FAQ presence checked against initial HTML excluding script/style; accordion answers may be collapsed.
/brands/mclaren-service-dubai/mechanical-repair,brand-service,"Answer | Brand | BreadcrumbList | City | ContactPoint | FAQPage | ImageObject | ListItem | Offer | OfferCatalog | Organization | PostalAddress | Question | Service | WebPage | WebSite | ['AutoRepair', 'AutomotiveBusiness']",PASS,PRESENT,YES,4,4,True,1,True,26,,,,RETAINED,NO,FAQ presence checked against initial HTML excluding script/style; accordion answers may be collapsed.
/brands/mclaren-service-dubai/oil-change,brand-service,"Answer | Brand | BreadcrumbList | City | ContactPoint | FAQPage | ImageObject | ListItem | Offer | OfferCatalog | Organization | PostalAddress | Question | Service | WebPage | WebSite | ['AutoRepair', 'AutomotiveBusiness']",PASS,PRESENT,YES,4,4,True,1,True,27,,,,RETAINED,NO,FAQ presence checked against initial HTML excluding script/style; accordion answers may be collapsed.
/brands/mclaren-service-dubai/steering-repair,brand-service,"Answer | Brand | BreadcrumbList | City | ContactPoint | FAQPage | ImageObject | ListItem | Offer | OfferCatalog | Organization | PostalAddress | Question | Service | WebPage | WebSite | ['AutoRepair', 'AutomotiveBusiness']",PASS,PRESENT,YES,5,5,True,1,True,26,,,,RETAINED,NO,FAQ presence checked against initial HTML excluding script/style; accordion answers may be collapsed.
/brands/mclaren-service-dubai/suspension-repair,brand-service,"Answer | Brand | BreadcrumbList | City | ContactPoint | FAQPage | ImageObject | ListItem | Offer | OfferCatalog | Organization | PostalAddress | Question | Service | WebPage | WebSite | ['AutoRepair', 'AutomotiveBusiness']",PASS,PRESENT,YES,6,6,True,1,True,26,,,,RETAINED,NO,FAQ presence checked against initial HTML excluding script/style; accordion answers may be collapsed.
/brands/mclaren-service-dubai/tire-repair,brand-service,"Answer | Brand | BreadcrumbList | City | ContactPoint | FAQPage | ImageObject | ListItem | Offer | OfferCatalog | Organization | PostalAddress | Question | Service | WebPage | WebSite | ['AutoRepair', 'AutomotiveBusiness']",PASS,PRESENT,YES,5,5,True,1,True,26,,,,RETAINED,NO,FAQ presence checked against initial HTML excluding script/style; accordion answers may be collapsed.
/brands/mclaren-service-dubai/transmission-repair,brand-service,"Answer | Brand | BreadcrumbList | City | ContactPoint | FAQPage | ImageObject | ListItem | Offer | OfferCatalog | Organization | PostalAddress | Question | Service | WebPage | WebSite | ['AutoRepair', 'AutomotiveBusiness']",PASS,PRESENT,YES,4,4,True,1,True,26,,,,RETAINED,NO,FAQ presence checked against initial HTML excluding script/style; accordion answers may be collapsed.
/brands/mercedes-benz-service-dubai,brand,"Answer | Brand | BreadcrumbList | City | ContactPoint | FAQPage | ImageObject | ListItem | Offer | OfferCatalog | Organization | PostalAddress | Question | Service | WebPage | WebSite | ['AutoRepair', 'AutomotiveBusiness']",PASS,PRESENT,YES,9,9,True,1,True,87,,,,RETAINED,NO,FAQ presence checked against initial HTML excluding script/style; accordion answers may be collapsed.
/brands/mini-service-dubai,brand,"Answer | Brand | BreadcrumbList | City | ContactPoint | FAQPage | ImageObject | ListItem | Offer | OfferCatalog | Organization | PostalAddress | Question | Service | WebPage | WebSite | ['AutoRepair', 'AutomotiveBusiness']",PASS,PRESENT,YES,0,4,True,1,True,28,,Do you service MINI vehicles in Dubai? | Can you diagnose a warning light on my MINI? | Do you use quality parts for MINI repairs? | Where is Digi-Tec located?,,REVIEW,REVIEW,FAQ presence checked against initial HTML excluding script/style; accordion answers may be collapsed.
/brands/mini-service-dubai/ac-repair,brand-service,"Answer | Brand | BreadcrumbList | City | ContactPoint | FAQPage | ImageObject | ListItem | Offer | OfferCatalog | Organization | PostalAddress | Question | Service | WebPage | WebSite | ['AutoRepair', 'AutomotiveBusiness']",PASS,PRESENT,YES,6,6,True,1,True,17,,,,RETAINED,NO,FAQ presence checked against initial HTML excluding script/style; accordion answers may be collapsed.
/brands/mini-service-dubai/brake-repair,brand-service,"Answer | Brand | BreadcrumbList | City | ContactPoint | FAQPage | ImageObject | ListItem | Offer | OfferCatalog | Organization | PostalAddress | Question | Service | WebPage | WebSite | ['AutoRepair', 'AutomotiveBusiness']",PASS,PRESENT,YES,6,6,True,1,True,17,,,,RETAINED,NO,FAQ presence checked against initial HTML excluding script/style; accordion answers may be collapsed.
/brands/mini-service-dubai/engine-diagnostics,brand-service,"Answer | Brand | BreadcrumbList | City | ContactPoint | FAQPage | ImageObject | ListItem | Offer | OfferCatalog | Organization | PostalAddress | Question | Service | WebPage | WebSite | ['AutoRepair', 'AutomotiveBusiness']",PASS,PRESENT,YES,6,6,True,1,True,17,,,,RETAINED,NO,FAQ presence checked against initial HTML excluding script/style; accordion answers may be collapsed.
/brands/mini-service-dubai/oil-change,brand-service,"Answer | Brand | BreadcrumbList | City | ContactPoint | FAQPage | ImageObject | ListItem | Offer | OfferCatalog | Organization | PostalAddress | Question | Service | WebPage | WebSite | ['AutoRepair', 'AutomotiveBusiness']",PASS,PRESENT,YES,5,5,True,1,True,17,,,,RETAINED,NO,FAQ presence checked against initial HTML excluding script/style; accordion answers may be collapsed.
/brands/mini-service-dubai/suspension-repair,brand-service,"Answer | Brand | BreadcrumbList | City | ContactPoint | FAQPage | ImageObject | ListItem | Offer | OfferCatalog | Organization | PostalAddress | Question | Service | WebPage | WebSite | ['AutoRepair', 'AutomotiveBusiness']",PASS,PRESENT,YES,6,6,True,1,True,17,,,,RETAINED,NO,FAQ presence checked against initial HTML excluding script/style; accordion answers may be collapsed.
/brands/mini-service-dubai/transmission-repair,brand-service,"Answer | Brand | BreadcrumbList | City | ContactPoint | FAQPage | ImageObject | ListItem | Offer | OfferCatalog | Organization | PostalAddress | Question | Service | WebPage | WebSite | ['AutoRepair', 'AutomotiveBusiness']",PASS,PRESENT,YES,6,6,True,1,True,17,,,,RETAINED,NO,FAQ presence checked against initial HTML excluding script/style; accordion answers may be collapsed.
/brands/pagani-service-dubai,brand,"Answer | Brand | BreadcrumbList | City | ContactPoint | FAQPage | ImageObject | ListItem | Offer | OfferCatalog | Organization | PostalAddress | Question | Service | WebPage | WebSite | ['AutoRepair', 'AutomotiveBusiness']",PASS,PRESENT,YES,0,4,True,1,True,36,,Do you service Pagani vehicles in Dubai? | Can you diagnose a warning light on my Pagani? | Do you use quality parts for Pagani repairs? | Where is Digi-Tec located?,,REVIEW,REVIEW,FAQ presence checked against initial HTML excluding script/style; accordion answers may be collapsed.
/brands/pagani-service-dubai/ac-repair,brand-service,"Answer | Brand | BreadcrumbList | City | ContactPoint | FAQPage | ImageObject | ListItem | Offer | OfferCatalog | Organization | PostalAddress | Question | Service | WebPage | WebSite | ['AutoRepair', 'AutomotiveBusiness']",PASS,PRESENT,YES,6,6,True,1,True,25,,,,RETAINED,NO,FAQ presence checked against initial HTML excluding script/style; accordion answers may be collapsed.
/brands/pagani-service-dubai/battery-replacement,brand-service,"Answer | Brand | BreadcrumbList | City | ContactPoint | FAQPage | ImageObject | ListItem | Offer | OfferCatalog | Organization | PostalAddress | Question | Service | WebPage | WebSite | ['AutoRepair', 'AutomotiveBusiness']",PASS,PRESENT,YES,5,5,True,1,True,25,,,,RETAINED,NO,FAQ presence checked against initial HTML excluding script/style; accordion answers may be collapsed.
/brands/pagani-service-dubai/body-repair,brand-service,"Answer | Brand | BreadcrumbList | City | ContactPoint | FAQPage | ImageObject | ListItem | Offer | OfferCatalog | Organization | PostalAddress | Question | Service | WebPage | WebSite | ['AutoRepair', 'AutomotiveBusiness']",PASS,PRESENT,YES,5,5,True,1,True,28,,,,RETAINED,NO,FAQ presence checked against initial HTML excluding script/style; accordion answers may be collapsed.
/brands/pagani-service-dubai/brake-repair,brand-service,"Answer | Brand | BreadcrumbList | City | ContactPoint | FAQPage | ImageObject | ListItem | Offer | OfferCatalog | Organization | PostalAddress | Question | Service | WebPage | WebSite | ['AutoRepair', 'AutomotiveBusiness']",PASS,PRESENT,YES,6,6,True,1,True,25,,,,RETAINED,NO,FAQ presence checked against initial HTML excluding script/style; accordion answers may be collapsed.
/brands/pagani-service-dubai/electrical-repair,brand-service,"Answer | Brand | BreadcrumbList | City | ContactPoint | FAQPage | ImageObject | ListItem | Offer | OfferCatalog | Organization | PostalAddress | Question | Service | WebPage | WebSite | ['AutoRepair', 'AutomotiveBusiness']",PASS,PRESENT,YES,5,5,True,1,True,25,,,,RETAINED,NO,FAQ presence checked against initial HTML excluding script/style; accordion answers may be collapsed.
/brands/pagani-service-dubai/engine-diagnostics,brand-service,"Answer | Brand | BreadcrumbList | City | ContactPoint | FAQPage | ImageObject | ListItem | Offer | OfferCatalog | Organization | PostalAddress | Question | Service | WebPage | WebSite | ['AutoRepair', 'AutomotiveBusiness']",PASS,PRESENT,YES,6,6,True,1,True,25,,,,RETAINED,NO,FAQ presence checked against initial HTML excluding script/style; accordion answers may be collapsed.
/brands/pagani-service-dubai/exhaust-repair,brand-service,"Answer | Brand | BreadcrumbList | City | ContactPoint | FAQPage | ImageObject | ListItem | Offer | OfferCatalog | Organization | PostalAddress | Question | Service | WebPage | WebSite | ['AutoRepair', 'AutomotiveBusiness']",PASS,PRESENT,YES,5,5,True,1,True,25,,,,RETAINED,NO,FAQ presence checked against initial HTML excluding script/style; accordion answers may be collapsed.
/brands/pagani-service-dubai/fuel-system-repair,brand-service,"Answer | Brand | BreadcrumbList | City | ContactPoint | FAQPage | ImageObject | ListItem | Offer | OfferCatalog | Organization | PostalAddress | Question | Service | WebPage | WebSite | ['AutoRepair', 'AutomotiveBusiness']",PASS,PRESENT,YES,5,5,True,1,True,25,,,,RETAINED,NO,FAQ presence checked against initial HTML excluding script/style; accordion answers may be collapsed.
/brands/pagani-service-dubai/mechanical-repair,brand-service,"Answer | Brand | BreadcrumbList | City | ContactPoint | FAQPage | ImageObject | ListItem | Offer | OfferCatalog | Organization | PostalAddress | Question | Service | WebPage | WebSite | ['AutoRepair', 'AutomotiveBusiness']",PASS,PRESENT,YES,5,5,True,1,True,25,,,,RETAINED,NO,FAQ presence checked against initial HTML excluding script/style; accordion answers may be collapsed.
/brands/pagani-service-dubai/oil-change,brand-service,"Answer | Brand | BreadcrumbList | City | ContactPoint | FAQPage | ImageObject | ListItem | Offer | OfferCatalog | Organization | PostalAddress | Question | Service | WebPage | WebSite | ['AutoRepair', 'AutomotiveBusiness']",PASS,PRESENT,YES,5,5,True,1,True,25,,,,RETAINED,NO,FAQ presence checked against initial HTML excluding script/style; accordion answers may be collapsed.
/brands/pagani-service-dubai/steering-repair,brand-service,"Answer | Brand | BreadcrumbList | City | ContactPoint | FAQPage | ImageObject | ListItem | Offer | OfferCatalog | Organization | PostalAddress | Question | Service | WebPage | WebSite | ['AutoRepair', 'AutomotiveBusiness']",PASS,PRESENT,YES,5,5,True,1,True,25,,,,RETAINED,NO,FAQ presence checked against initial HTML excluding script/style; accordion answers may be collapsed.
/brands/pagani-service-dubai/suspension-repair,brand-service,"Answer | Brand | BreadcrumbList | City | ContactPoint | FAQPage | ImageObject | ListItem | Offer | OfferCatalog | Organization | PostalAddress | Question | Service | WebPage | WebSite | ['AutoRepair', 'AutomotiveBusiness']",PASS,PRESENT,YES,6,6,True,1,True,25,,,,RETAINED,NO,FAQ presence checked against initial HTML excluding script/style; accordion answers may be collapsed.
/brands/pagani-service-dubai/tire-repair,brand-service,"Answer | Brand | BreadcrumbList | City | ContactPoint | FAQPage | ImageObject | ListItem | Offer | OfferCatalog | Organization | PostalAddress | Question | Service | WebPage | WebSite | ['AutoRepair', 'AutomotiveBusiness']",PASS,PRESENT,YES,5,5,True,1,True,25,,,,RETAINED,NO,FAQ presence checked against initial HTML excluding script/style; accordion answers may be collapsed.
/brands/pagani-service-dubai/transmission-repair,brand-service,"Answer | Brand | BreadcrumbList | City | ContactPoint | FAQPage | ImageObject | ListItem | Offer | OfferCatalog | Organization | PostalAddress | Question | Service | WebPage | WebSite | ['AutoRepair', 'AutomotiveBusiness']",PASS,PRESENT,YES,6,6,True,1,True,25,,,,RETAINED,NO,FAQ presence checked against initial HTML excluding script/style; accordion answers may be collapsed.
/brands/porsche-service-dubai,brand,"Answer | Brand | BreadcrumbList | City | ContactPoint | FAQPage | ImageObject | ListItem | Offer | OfferCatalog | Organization | PostalAddress | Question | Service | WebPage | WebSite | ['AutoRepair', 'AutomotiveBusiness']",PASS,PRESENT,YES,4,4,True,1,True,91,,,,RETAINED,NO,FAQ presence checked against initial HTML excluding script/style; accordion answers may be collapsed.
/brands/porsche-service-dubai/ac-repair,brand-service,"Answer | Brand | BreadcrumbList | City | ContactPoint | FAQPage | ImageObject | ListItem | Offer | OfferCatalog | Organization | PostalAddress | Question | Service | WebPage | WebSite | ['AutoRepair', 'AutomotiveBusiness']",PASS,PRESENT,YES,4,4,True,1,True,30,,,,RETAINED,NO,FAQ presence checked against initial HTML excluding script/style; accordion answers may be collapsed.
/brands/porsche-service-dubai/battery-replacement,brand-service,"Answer | Brand | BreadcrumbList | City | ContactPoint | FAQPage | ImageObject | ListItem | Offer | OfferCatalog | Organization | PostalAddress | Question | Service | WebPage | WebSite | ['AutoRepair', 'AutomotiveBusiness']",PASS,PRESENT,YES,3,3,True,1,True,31,,,,RETAINED,NO,FAQ presence checked against initial HTML excluding script/style; accordion answers may be collapsed.
/brands/porsche-service-dubai/body-repair,brand-service,"Answer | Brand | BreadcrumbList | City | ContactPoint | FAQPage | ImageObject | ListItem | Offer | OfferCatalog | Organization | PostalAddress | Question | Service | WebPage | WebSite | ['AutoRepair', 'AutomotiveBusiness']",PASS,PRESENT,YES,5,5,True,1,True,33,,,,RETAINED,NO,FAQ presence checked against initial HTML excluding script/style; accordion answers may be collapsed.
/brands/porsche-service-dubai/brake-repair,brand-service,"Answer | Brand | BreadcrumbList | City | ContactPoint | FAQPage | ImageObject | ListItem | Offer | OfferCatalog | Organization | PostalAddress | Question | Service | WebPage | WebSite | ['AutoRepair', 'AutomotiveBusiness']",PASS,PRESENT,YES,4,4,True,1,True,32,,,,RETAINED,NO,FAQ presence checked against initial HTML excluding script/style; accordion answers may be collapsed.
/brands/porsche-service-dubai/electrical-repair,brand-service,"Answer | Brand | BreadcrumbList | City | ContactPoint | FAQPage | ImageObject | ListItem | Offer | OfferCatalog | Organization | PostalAddress | Question | Service | WebPage | WebSite | ['AutoRepair', 'AutomotiveBusiness']",PASS,PRESENT,YES,2,2,True,1,True,31,,,,RETAINED,NO,FAQ presence checked against initial HTML excluding script/style; accordion answers may be collapsed.
/brands/porsche-service-dubai/engine-diagnostics,brand-service,"Answer | Brand | BreadcrumbList | City | ContactPoint | FAQPage | ImageObject | ListItem | Offer | OfferCatalog | Organization | PostalAddress | Question | Service | WebPage | WebSite | ['AutoRepair', 'AutomotiveBusiness']",PASS,PRESENT,YES,6,6,True,1,True,31,,,,RETAINED,NO,FAQ presence checked against initial HTML excluding script/style; accordion answers may be collapsed.
/brands/porsche-service-dubai/exhaust-repair,brand-service,"Answer | Brand | BreadcrumbList | City | ContactPoint | FAQPage | ImageObject | ListItem | Offer | OfferCatalog | Organization | PostalAddress | Question | Service | WebPage | WebSite | ['AutoRepair', 'AutomotiveBusiness']",PASS,PRESENT,YES,5,5,True,1,True,30,,,,RETAINED,NO,FAQ presence checked against initial HTML excluding script/style; accordion answers may be collapsed.
/brands/porsche-service-dubai/fuel-system-repair,brand-service,"Answer | Brand | BreadcrumbList | City | ContactPoint | FAQPage | ImageObject | ListItem | Offer | OfferCatalog | Organization | PostalAddress | Question | Service | WebPage | WebSite | ['AutoRepair', 'AutomotiveBusiness']",PASS,PRESENT,YES,5,5,True,1,True,30,,,,RETAINED,NO,FAQ presence checked against initial HTML excluding script/style; accordion answers may be collapsed.
/brands/porsche-service-dubai/mechanical-repair,brand-service,"Answer | Brand | BreadcrumbList | City | ContactPoint | FAQPage | ImageObject | ListItem | Offer | OfferCatalog | Organization | PostalAddress | Question | Service | WebPage | WebSite | ['AutoRepair', 'AutomotiveBusiness']",PASS,PRESENT,YES,3,3,True,1,True,30,,,,RETAINED,NO,FAQ presence checked against initial HTML excluding script/style; accordion answers may be collapsed.
/brands/porsche-service-dubai/oil-change,brand-service,"Answer | Brand | BreadcrumbList | City | ContactPoint | FAQPage | ImageObject | ListItem | Offer | OfferCatalog | Organization | PostalAddress | Question | Service | WebPage | WebSite | ['AutoRepair', 'AutomotiveBusiness']",PASS,PRESENT,YES,3,3,True,1,True,32,,,,RETAINED,NO,FAQ presence checked against initial HTML excluding script/style; accordion answers may be collapsed.
/brands/porsche-service-dubai/steering-repair,brand-service,"Answer | Brand | BreadcrumbList | City | ContactPoint | FAQPage | ImageObject | ListItem | Offer | OfferCatalog | Organization | PostalAddress | Question | Service | WebPage | WebSite | ['AutoRepair', 'AutomotiveBusiness']",PASS,PRESENT,YES,4,4,True,1,True,30,,,,RETAINED,NO,FAQ presence checked against initial HTML excluding script/style; accordion answers may be collapsed.
/brands/porsche-service-dubai/suspension-repair,brand-service,"Answer | Brand | BreadcrumbList | City | ContactPoint | FAQPage | ImageObject | ListItem | Offer | OfferCatalog | Organization | PostalAddress | Question | Service | WebPage | WebSite | ['AutoRepair', 'AutomotiveBusiness']",PASS,PRESENT,YES,4,4,True,1,True,33,,,,RETAINED,NO,FAQ presence checked against initial HTML excluding script/style; accordion answers may be collapsed.
/brands/porsche-service-dubai/tire-repair,brand-service,"Answer | Brand | BreadcrumbList | City | ContactPoint | FAQPage | ImageObject | ListItem | Offer | OfferCatalog | Organization | PostalAddress | Question | Service | WebPage | WebSite | ['AutoRepair', 'AutomotiveBusiness']",PASS,PRESENT,YES,5,5,True,1,True,30,,,,RETAINED,NO,FAQ presence checked against initial HTML excluding script/style; accordion answers may be collapsed.
/brands/porsche-service-dubai/transmission-repair,brand-service,"Answer | Brand | BreadcrumbList | City | ContactPoint | FAQPage | ImageObject | ListItem | Offer | OfferCatalog | Organization | PostalAddress | Question | Service | WebPage | WebSite | ['AutoRepair', 'AutomotiveBusiness']",PASS,PRESENT,YES,3,3,True,1,True,32,,,,RETAINED,NO,FAQ presence checked against initial HTML excluding script/style; accordion answers may be collapsed.
/brands/range-rover-service-dubai,brand,"Answer | Brand | BreadcrumbList | City | ContactPoint | FAQPage | ImageObject | ListItem | Offer | OfferCatalog | Organization | PostalAddress | Question | Service | WebPage | WebSite | ['AutoRepair', 'AutomotiveBusiness']",PASS,PRESENT,YES,4,4,True,1,True,61,,,,RETAINED,NO,FAQ presence checked against initial HTML excluding script/style; accordion answers may be collapsed.
/brands/range-rover-service-dubai/ac-repair,brand-service,"Answer | Brand | BreadcrumbList | City | ContactPoint | FAQPage | ImageObject | ListItem | Offer | OfferCatalog | Organization | PostalAddress | Question | Service | WebPage | WebSite | ['AutoRepair', 'AutomotiveBusiness']",PASS,PRESENT,YES,6,6,True,1,True,25,,,,RETAINED,NO,FAQ presence checked against initial HTML excluding script/style; accordion answers may be collapsed.
/brands/range-rover-service-dubai/battery-replacement,brand-service,"Answer | Brand | BreadcrumbList | City | ContactPoint | FAQPage | ImageObject | ListItem | Offer | OfferCatalog | Organization | PostalAddress | Question | Service | WebPage | WebSite | ['AutoRepair', 'AutomotiveBusiness']",PASS,PRESENT,YES,5,5,True,1,True,25,,,,RETAINED,NO,FAQ presence checked against initial HTML excluding script/style; accordion answers may be collapsed.
/brands/range-rover-service-dubai/body-repair,brand-service,"Answer | Brand | BreadcrumbList | City | ContactPoint | FAQPage | ImageObject | ListItem | Offer | OfferCatalog | Organization | PostalAddress | Question | Service | WebPage | WebSite | ['AutoRepair', 'AutomotiveBusiness']",PASS,PRESENT,YES,5,5,True,1,True,28,,,,RETAINED,NO,FAQ presence checked against initial HTML excluding script/style; accordion answers may be collapsed.
/brands/range-rover-service-dubai/brake-repair,brand-service,"Answer | Brand | BreadcrumbList | City | ContactPoint | FAQPage | ImageObject | ListItem | Offer | OfferCatalog | Organization | PostalAddress | Question | Service | WebPage | WebSite | ['AutoRepair', 'AutomotiveBusiness']",PASS,PRESENT,YES,6,6,True,1,True,25,,,,RETAINED,NO,FAQ presence checked against initial HTML excluding script/style; accordion answers may be collapsed.
/brands/range-rover-service-dubai/electrical-repair,brand-service,"Answer | Brand | BreadcrumbList | City | ContactPoint | FAQPage | ImageObject | ListItem | Offer | OfferCatalog | Organization | PostalAddress | Question | Service | WebPage | WebSite | ['AutoRepair', 'AutomotiveBusiness']",PASS,PRESENT,YES,5,5,True,1,True,25,,,,RETAINED,NO,FAQ presence checked against initial HTML excluding script/style; accordion answers may be collapsed.
/brands/range-rover-service-dubai/engine-diagnostics,brand-service,"Answer | Brand | BreadcrumbList | City | ContactPoint | FAQPage | ImageObject | ListItem | Offer | OfferCatalog | Organization | PostalAddress | Question | Service | WebPage | WebSite | ['AutoRepair', 'AutomotiveBusiness']",PASS,PRESENT,YES,6,6,True,1,True,25,,,,RETAINED,NO,FAQ presence checked against initial HTML excluding script/style; accordion answers may be collapsed.
/brands/range-rover-service-dubai/exhaust-repair,brand-service,"Answer | Brand | BreadcrumbList | City | ContactPoint | FAQPage | ImageObject | ListItem | Offer | OfferCatalog | Organization | PostalAddress | Question | Service | WebPage | WebSite | ['AutoRepair', 'AutomotiveBusiness']",PASS,PRESENT,YES,5,5,True,1,True,25,,,,RETAINED,NO,FAQ presence checked against initial HTML excluding script/style; accordion answers may be collapsed.
/brands/range-rover-service-dubai/fuel-system-repair,brand-service,"Answer | Brand | BreadcrumbList | City | ContactPoint | FAQPage | ImageObject | ListItem | Offer | OfferCatalog | Organization | PostalAddress | Question | Service | WebPage | WebSite | ['AutoRepair', 'AutomotiveBusiness']",PASS,PRESENT,YES,5,5,True,1,True,25,,,,RETAINED,NO,FAQ presence checked against initial HTML excluding script/style; accordion answers may be collapsed.
/brands/range-rover-service-dubai/mechanical-repair,brand-service,"Answer | Brand | BreadcrumbList | City | ContactPoint | FAQPage | ImageObject | ListItem | Offer | OfferCatalog | Organization | PostalAddress | Question | Service | WebPage | WebSite | ['AutoRepair', 'AutomotiveBusiness']",PASS,PRESENT,YES,5,5,True,1,True,25,,,,RETAINED,NO,FAQ presence checked against initial HTML excluding script/style; accordion answers may be collapsed.
/brands/range-rover-service-dubai/oil-change,brand-service,"Answer | Brand | BreadcrumbList | City | ContactPoint | FAQPage | ImageObject | ListItem | Offer | OfferCatalog | Organization | PostalAddress | Question | Service | WebPage | WebSite | ['AutoRepair', 'AutomotiveBusiness']",PASS,PRESENT,YES,5,5,True,1,True,25,,,,RETAINED,NO,FAQ presence checked against initial HTML excluding script/style; accordion answers may be collapsed.
/brands/range-rover-service-dubai/steering-repair,brand-service,"Answer | Brand | BreadcrumbList | City | ContactPoint | FAQPage | ImageObject | ListItem | Offer | OfferCatalog | Organization | PostalAddress | Question | Service | WebPage | WebSite | ['AutoRepair', 'AutomotiveBusiness']",PASS,PRESENT,YES,5,5,True,1,True,25,,,,RETAINED,NO,FAQ presence checked against initial HTML excluding script/style; accordion answers may be collapsed.
/brands/range-rover-service-dubai/suspension-repair,brand-service,"Answer | Brand | BreadcrumbList | City | ContactPoint | FAQPage | ImageObject | ListItem | Offer | OfferCatalog | Organization | PostalAddress | Question | Service | WebPage | WebSite | ['AutoRepair', 'AutomotiveBusiness']",PASS,PRESENT,YES,6,6,True,1,True,26,,,,RETAINED,NO,FAQ presence checked against initial HTML excluding script/style; accordion answers may be collapsed.
/brands/range-rover-service-dubai/tire-repair,brand-service,"Answer | Brand | BreadcrumbList | City | ContactPoint | FAQPage | ImageObject | ListItem | Offer | OfferCatalog | Organization | PostalAddress | Question | Service | WebPage | WebSite | ['AutoRepair', 'AutomotiveBusiness']",PASS,PRESENT,YES,5,5,True,1,True,25,,,,RETAINED,NO,FAQ presence checked against initial HTML excluding script/style; accordion answers may be collapsed.
/brands/range-rover-service-dubai/transmission-repair,brand-service,"Answer | Brand | BreadcrumbList | City | ContactPoint | FAQPage | ImageObject | ListItem | Offer | OfferCatalog | Organization | PostalAddress | Question | Service | WebPage | WebSite | ['AutoRepair', 'AutomotiveBusiness']",PASS,PRESENT,YES,6,6,True,1,True,25,,,,RETAINED,NO,FAQ presence checked against initial HTML excluding script/style; accordion answers may be collapsed.
/brands/rolls-royce-service-dubai,brand,"Answer | Brand | BreadcrumbList | City | ContactPoint | FAQPage | ImageObject | ListItem | Offer | OfferCatalog | Organization | PostalAddress | Question | Service | WebPage | WebSite | ['AutoRepair', 'AutomotiveBusiness']",PASS,PRESENT,YES,9,9,True,1,True,49,,,,RETAINED,NO,FAQ presence checked against initial HTML excluding script/style; accordion answers may be collapsed.
/brands/rolls-royce-service-dubai/ac-repair,brand-service,"Answer | Brand | BreadcrumbList | City | ContactPoint | FAQPage | ImageObject | ListItem | Offer | OfferCatalog | Organization | PostalAddress | Question | Service | WebPage | WebSite | ['AutoRepair', 'AutomotiveBusiness']",PASS,PRESENT,YES,4,4,True,1,True,29,,,,RETAINED,NO,FAQ presence checked against initial HTML excluding script/style; accordion answers may be collapsed.
/brands/rolls-royce-service-dubai/battery-replacement,brand-service,"Answer | Brand | BreadcrumbList | City | ContactPoint | FAQPage | ImageObject | ListItem | Offer | OfferCatalog | Organization | PostalAddress | Question | Service | WebPage | WebSite | ['AutoRepair', 'AutomotiveBusiness']",PASS,PRESENT,YES,4,4,True,1,True,29,,,,RETAINED,NO,FAQ presence checked against initial HTML excluding script/style; accordion answers may be collapsed.
/brands/rolls-royce-service-dubai/body-repair,brand-service,"Answer | Brand | BreadcrumbList | City | ContactPoint | FAQPage | ImageObject | ListItem | Offer | OfferCatalog | Organization | PostalAddress | Question | Service | WebPage | WebSite | ['AutoRepair', 'AutomotiveBusiness']",PASS,PRESENT,YES,5,5,True,1,True,32,,,,RETAINED,NO,FAQ presence checked against initial HTML excluding script/style; accordion answers may be collapsed.
/brands/rolls-royce-service-dubai/brake-repair,brand-service,"Answer | Brand | BreadcrumbList | City | ContactPoint | FAQPage | ImageObject | ListItem | Offer | OfferCatalog | Organization | PostalAddress | Question | Service | WebPage | WebSite | ['AutoRepair', 'AutomotiveBusiness']",PASS,PRESENT,YES,6,6,True,1,True,29,,,,RETAINED,NO,FAQ presence checked against initial HTML excluding script/style; accordion answers may be collapsed.
/brands/rolls-royce-service-dubai/electrical-repair,brand-service,"Answer | Brand | BreadcrumbList | City | ContactPoint | FAQPage | ImageObject | ListItem | Offer | OfferCatalog | Organization | PostalAddress | Question | Service | WebPage | WebSite | ['AutoRepair', 'AutomotiveBusiness']",PASS,PRESENT,YES,4,4,True,1,True,29,,,,RETAINED,NO,FAQ presence checked against initial HTML excluding script/style; accordion answers may be collapsed.
/brands/rolls-royce-service-dubai/engine-diagnostics,brand-service,"Answer | Brand | BreadcrumbList | City | ContactPoint | FAQPage | ImageObject | ListItem | Offer | OfferCatalog | Organization | PostalAddress | Question | Service | WebPage | WebSite | ['AutoRepair', 'AutomotiveBusiness']",PASS,PRESENT,YES,4,4,True,1,True,29,,,,RETAINED,NO,FAQ presence checked against initial HTML excluding script/style; accordion answers may be collapsed.
/brands/rolls-royce-service-dubai/exhaust-repair,brand-service,"Answer | Brand | BreadcrumbList | City | ContactPoint | FAQPage | ImageObject | ListItem | Offer | OfferCatalog | Organization | PostalAddress | Question | Service | WebPage | WebSite | ['AutoRepair', 'AutomotiveBusiness']",PASS,PRESENT,YES,5,5,True,1,True,29,,,,RETAINED,NO,FAQ presence checked against initial HTML excluding script/style; accordion answers may be collapsed.
/brands/rolls-royce-service-dubai/fuel-system-repair,brand-service,"Answer | Brand | BreadcrumbList | City | ContactPoint | FAQPage | ImageObject | ListItem | Offer | OfferCatalog | Organization | PostalAddress | Question | Service | WebPage | WebSite | ['AutoRepair', 'AutomotiveBusiness']",PASS,PRESENT,YES,5,5,True,1,True,29,,,,RETAINED,NO,FAQ presence checked against initial HTML excluding script/style; accordion answers may be collapsed.
/brands/rolls-royce-service-dubai/mechanical-repair,brand-service,"Answer | Brand | BreadcrumbList | City | ContactPoint | FAQPage | ImageObject | ListItem | Offer | OfferCatalog | Organization | PostalAddress | Question | Service | WebPage | WebSite | ['AutoRepair', 'AutomotiveBusiness']",PASS,PRESENT,YES,4,4,True,1,True,29,,,,RETAINED,NO,FAQ presence checked against initial HTML excluding script/style; accordion answers may be collapsed.
/brands/rolls-royce-service-dubai/oil-change,brand-service,"Answer | Brand | BreadcrumbList | City | ContactPoint | FAQPage | ImageObject | ListItem | Offer | OfferCatalog | Organization | PostalAddress | Question | Service | WebPage | WebSite | ['AutoRepair', 'AutomotiveBusiness']",PASS,PRESENT,YES,4,4,True,1,True,30,,,,RETAINED,NO,FAQ presence checked against initial HTML excluding script/style; accordion answers may be collapsed.
/brands/rolls-royce-service-dubai/steering-repair,brand-service,"Answer | Brand | BreadcrumbList | City | ContactPoint | FAQPage | ImageObject | ListItem | Offer | OfferCatalog | Organization | PostalAddress | Question | Service | WebPage | WebSite | ['AutoRepair', 'AutomotiveBusiness']",PASS,PRESENT,YES,5,5,True,1,True,29,,,,RETAINED,NO,FAQ presence checked against initial HTML excluding script/style; accordion answers may be collapsed.
/brands/rolls-royce-service-dubai/suspension-repair,brand-service,"Answer | Brand | BreadcrumbList | City | ContactPoint | FAQPage | ImageObject | ListItem | Offer | OfferCatalog | Organization | PostalAddress | Question | Service | WebPage | WebSite | ['AutoRepair', 'AutomotiveBusiness']",PASS,PRESENT,YES,4,4,True,1,True,29,,,,RETAINED,NO,FAQ presence checked against initial HTML excluding script/style; accordion answers may be collapsed.
/brands/rolls-royce-service-dubai/tire-repair,brand-service,"Answer | Brand | BreadcrumbList | City | ContactPoint | FAQPage | ImageObject | ListItem | Offer | OfferCatalog | Organization | PostalAddress | Question | Service | WebPage | WebSite | ['AutoRepair', 'AutomotiveBusiness']",PASS,PRESENT,YES,5,5,True,1,True,29,,,,RETAINED,NO,FAQ presence checked against initial HTML excluding script/style; accordion answers may be collapsed.
/brands/rolls-royce-service-dubai/transmission-repair,brand-service,"Answer | Brand | BreadcrumbList | City | ContactPoint | FAQPage | ImageObject | ListItem | Offer | OfferCatalog | Organization | PostalAddress | Question | Service | WebPage | WebSite | ['AutoRepair', 'AutomotiveBusiness']",PASS,PRESENT,YES,4,4,True,1,True,29,,,,RETAINED,NO,FAQ presence checked against initial HTML excluding script/style; accordion answers may be collapsed.
/brands/rox-service-dubai,brand,"Answer | Brand | BreadcrumbList | City | ContactPoint | FAQPage | ImageObject | ListItem | Offer | OfferCatalog | Organization | PostalAddress | Question | Service | WebPage | WebSite | ['AutoRepair', 'AutomotiveBusiness']",PASS,PRESENT,YES,4,4,True,1,True,30,,,,RETAINED,NO,FAQ presence checked against initial HTML excluding script/style; accordion answers may be collapsed.
/brands/rox-service-dubai/ac-repair,brand-service,"Answer | Brand | BreadcrumbList | City | ContactPoint | FAQPage | ImageObject | ListItem | Offer | OfferCatalog | Organization | PostalAddress | Question | Service | WebPage | WebSite | ['AutoRepair', 'AutomotiveBusiness']",PASS,PRESENT,YES,2,2,True,1,True,26,,,,RETAINED,NO,FAQ presence checked against initial HTML excluding script/style; accordion answers may be collapsed.
/brands/rox-service-dubai/battery-replacement,brand-service,"Answer | Brand | BreadcrumbList | City | ContactPoint | FAQPage | ImageObject | ListItem | Offer | OfferCatalog | Organization | PostalAddress | Question | Service | WebPage | WebSite | ['AutoRepair', 'AutomotiveBusiness']",PASS,PRESENT,YES,5,5,True,1,True,26,,,,RETAINED,NO,FAQ presence checked against initial HTML excluding script/style; accordion answers may be collapsed.
/brands/rox-service-dubai/body-repair,brand-service,"Answer | Brand | BreadcrumbList | City | ContactPoint | FAQPage | ImageObject | ListItem | Offer | OfferCatalog | Organization | PostalAddress | Question | Service | WebPage | WebSite | ['AutoRepair', 'AutomotiveBusiness']",PASS,PRESENT,YES,5,5,True,1,True,29,,,,RETAINED,NO,FAQ presence checked against initial HTML excluding script/style; accordion answers may be collapsed.
/brands/rox-service-dubai/brake-repair,brand-service,"Answer | Brand | BreadcrumbList | City | ContactPoint | FAQPage | ImageObject | ListItem | Offer | OfferCatalog | Organization | PostalAddress | Question | Service | WebPage | WebSite | ['AutoRepair', 'AutomotiveBusiness']",PASS,PRESENT,YES,2,2,True,1,True,26,,,,RETAINED,NO,FAQ presence checked against initial HTML excluding script/style; accordion answers may be collapsed.
/brands/rox-service-dubai/electrical-repair,brand-service,"Answer | Brand | BreadcrumbList | City | ContactPoint | FAQPage | ImageObject | ListItem | Offer | OfferCatalog | Organization | PostalAddress | Question | Service | WebPage | WebSite | ['AutoRepair', 'AutomotiveBusiness']",PASS,PRESENT,YES,5,5,True,1,True,26,,,,RETAINED,NO,FAQ presence checked against initial HTML excluding script/style; accordion answers may be collapsed.
/brands/rox-service-dubai/engine-diagnostics,brand-service,"Answer | Brand | BreadcrumbList | City | ContactPoint | FAQPage | ImageObject | ListItem | Offer | OfferCatalog | Organization | PostalAddress | Question | Service | WebPage | WebSite | ['AutoRepair', 'AutomotiveBusiness']",PASS,PRESENT,YES,3,3,True,1,True,26,,,,RETAINED,NO,FAQ presence checked against initial HTML excluding script/style; accordion answers may be collapsed.
/brands/rox-service-dubai/exhaust-repair,brand-service,"Answer | Brand | BreadcrumbList | City | ContactPoint | FAQPage | ImageObject | ListItem | Offer | OfferCatalog | Organization | PostalAddress | Question | Service | WebPage | WebSite | ['AutoRepair', 'AutomotiveBusiness']",PASS,PRESENT,YES,5,5,True,1,True,26,,,,RETAINED,NO,FAQ presence checked against initial HTML excluding script/style; accordion answers may be collapsed.
/brands/rox-service-dubai/fuel-system-repair,brand-service,"Answer | Brand | BreadcrumbList | City | ContactPoint | FAQPage | ImageObject | ListItem | Offer | OfferCatalog | Organization | PostalAddress | Question | Service | WebPage | WebSite | ['AutoRepair', 'AutomotiveBusiness']",PASS,PRESENT,YES,5,5,True,1,True,26,,,,RETAINED,NO,FAQ presence checked against initial HTML excluding script/style; accordion answers may be collapsed.
/brands/rox-service-dubai/mechanical-repair,brand-service,"Answer | Brand | BreadcrumbList | City | ContactPoint | FAQPage | ImageObject | ListItem | Offer | OfferCatalog | Organization | PostalAddress | Question | Service | WebPage | WebSite | ['AutoRepair', 'AutomotiveBusiness']",PASS,PRESENT,YES,5,5,True,1,True,26,,,,RETAINED,NO,FAQ presence checked against initial HTML excluding script/style; accordion answers may be collapsed.
/brands/rox-service-dubai/oil-change,brand-service,"Answer | Brand | BreadcrumbList | City | ContactPoint | FAQPage | ImageObject | ListItem | Offer | OfferCatalog | Organization | PostalAddress | Question | Service | WebPage | WebSite | ['AutoRepair', 'AutomotiveBusiness']",PASS,PRESENT,YES,2,2,True,1,True,26,,,,RETAINED,NO,FAQ presence checked against initial HTML excluding script/style; accordion answers may be collapsed.
/brands/rox-service-dubai/soft-close-door-installation,brand-service,"Answer | Brand | BreadcrumbList | City | ContactPoint | FAQPage | ImageObject | ListItem | Offer | OfferCatalog | Organization | PostalAddress | Question | Service | WebPage | WebSite | ['AutoRepair', 'AutomotiveBusiness']",PASS,PRESENT,YES,5,5,True,1,True,27,,,,RETAINED,NO,FAQ presence checked against initial HTML excluding script/style; accordion answers may be collapsed.
/brands/rox-service-dubai/steering-repair,brand-service,"Answer | Brand | BreadcrumbList | City | ContactPoint | FAQPage | ImageObject | ListItem | Offer | OfferCatalog | Organization | PostalAddress | Question | Service | WebPage | WebSite | ['AutoRepair', 'AutomotiveBusiness']",PASS,PRESENT,YES,5,5,True,1,True,26,,,,RETAINED,NO,FAQ presence checked against initial HTML excluding script/style; accordion answers may be collapsed.
/brands/rox-service-dubai/suspension-repair,brand-service,"Answer | Brand | BreadcrumbList | City | ContactPoint | FAQPage | ImageObject | ListItem | Offer | OfferCatalog | Organization | PostalAddress | Question | Service | WebPage | WebSite | ['AutoRepair', 'AutomotiveBusiness']",PASS,PRESENT,YES,6,6,True,1,True,26,,,,RETAINED,NO,FAQ presence checked against initial HTML excluding script/style; accordion answers may be collapsed.
/brands/rox-service-dubai/tire-repair,brand-service,"Answer | Brand | BreadcrumbList | City | ContactPoint | FAQPage | ImageObject | ListItem | Offer | OfferCatalog | Organization | PostalAddress | Question | Service | WebPage | WebSite | ['AutoRepair', 'AutomotiveBusiness']",PASS,PRESENT,YES,5,5,True,1,True,26,,,,RETAINED,NO,FAQ presence checked against initial HTML excluding script/style; accordion answers may be collapsed.
/brands/rox-service-dubai/transmission-repair,brand-service,"Answer | Brand | BreadcrumbList | City | ContactPoint | FAQPage | ImageObject | ListItem | Offer | OfferCatalog | Organization | PostalAddress | Question | Service | WebPage | WebSite | ['AutoRepair', 'AutomotiveBusiness']",PASS,PRESENT,YES,2,2,True,1,True,26,,,,RETAINED,NO,FAQ presence checked against initial HTML excluding script/style; accordion answers may be collapsed.
/brands/subaru-service-dubai,brand,"Answer | Brand | BreadcrumbList | City | ContactPoint | FAQPage | ImageObject | ListItem | Offer | OfferCatalog | Organization | PostalAddress | Question | Service | WebPage | WebSite | ['AutoRepair', 'AutomotiveBusiness']",PASS,PRESENT,YES,0,4,True,1,True,28,,Do you service Subaru vehicles in Dubai? | Can you diagnose a warning light on my Subaru? | Do you use quality parts for Subaru repairs? | Where is Digi-Tec located?,,REVIEW,REVIEW,FAQ presence checked against initial HTML excluding script/style; accordion answers may be collapsed.
/brands/subaru-service-dubai/ac-repair,brand-service,"Answer | Brand | BreadcrumbList | City | ContactPoint | FAQPage | ImageObject | ListItem | Offer | OfferCatalog | Organization | PostalAddress | Question | Service | WebPage | WebSite | ['AutoRepair', 'AutomotiveBusiness']",PASS,PRESENT,YES,6,6,True,1,True,17,,,,RETAINED,NO,FAQ presence checked against initial HTML excluding script/style; accordion answers may be collapsed.
/brands/subaru-service-dubai/brake-repair,brand-service,"Answer | Brand | BreadcrumbList | City | ContactPoint | FAQPage | ImageObject | ListItem | Offer | OfferCatalog | Organization | PostalAddress | Question | Service | WebPage | WebSite | ['AutoRepair', 'AutomotiveBusiness']",PASS,PRESENT,YES,6,6,True,1,True,17,,,,RETAINED,NO,FAQ presence checked against initial HTML excluding script/style; accordion answers may be collapsed.
/brands/subaru-service-dubai/engine-diagnostics,brand-service,"Answer | Brand | BreadcrumbList | City | ContactPoint | FAQPage | ImageObject | ListItem | Offer | OfferCatalog | Organization | PostalAddress | Question | Service | WebPage | WebSite | ['AutoRepair', 'AutomotiveBusiness']",PASS,PRESENT,YES,6,6,True,1,True,17,,,,RETAINED,NO,FAQ presence checked against initial HTML excluding script/style; accordion answers may be collapsed.
/brands/subaru-service-dubai/oil-change,brand-service,"Answer | Brand | BreadcrumbList | City | ContactPoint | FAQPage | ImageObject | ListItem | Offer | OfferCatalog | Organization | PostalAddress | Question | Service | WebPage | WebSite | ['AutoRepair', 'AutomotiveBusiness']",PASS,PRESENT,YES,5,5,True,1,True,17,,,,RETAINED,NO,FAQ presence checked against initial HTML excluding script/style; accordion answers may be collapsed.
/brands/subaru-service-dubai/suspension-repair,brand-service,"Answer | Brand | BreadcrumbList | City | ContactPoint | FAQPage | ImageObject | ListItem | Offer | OfferCatalog | Organization | PostalAddress | Question | Service | WebPage | WebSite | ['AutoRepair', 'AutomotiveBusiness']",PASS,PRESENT,YES,6,6,True,1,True,17,,,,RETAINED,NO,FAQ presence checked against initial HTML excluding script/style; accordion answers may be collapsed.
/brands/subaru-service-dubai/transmission-repair,brand-service,"Answer | Brand | BreadcrumbList | City | ContactPoint | FAQPage | ImageObject | ListItem | Offer | OfferCatalog | Organization | PostalAddress | Question | Service | WebPage | WebSite | ['AutoRepair', 'AutomotiveBusiness']",PASS,PRESENT,YES,6,6,True,1,True,17,,,,RETAINED,NO,FAQ presence checked against initial HTML excluding script/style; accordion answers may be collapsed.
/brands/tesla-service-dubai,brand,"Answer | Brand | BreadcrumbList | City | ContactPoint | FAQPage | ImageObject | ListItem | Offer | OfferCatalog | Organization | PostalAddress | Question | Service | WebPage | WebSite | ['AutoRepair', 'AutomotiveBusiness']",PASS,PRESENT,YES,0,4,True,1,True,31,,Do you service Tesla vehicles in Dubai? | Can you diagnose a warning light on my Tesla? | Do you use quality parts for Tesla repairs? | Where is Digi-Tec located?,,REVIEW,REVIEW,FAQ presence checked against initial HTML excluding script/style; accordion answers may be collapsed.
/brands/tesla-service-dubai/ac-repair,brand-service,"Answer | Brand | BreadcrumbList | City | ContactPoint | FAQPage | ImageObject | ListItem | Offer | OfferCatalog | Organization | PostalAddress | Question | Service | WebPage | WebSite | ['AutoRepair', 'AutomotiveBusiness']",PASS,PRESENT,YES,6,6,True,1,True,20,,,,RETAINED,NO,FAQ presence checked against initial HTML excluding script/style; accordion answers may be collapsed.
/brands/tesla-service-dubai/battery-replacement,brand-service,"Answer | Brand | BreadcrumbList | City | ContactPoint | FAQPage | ImageObject | ListItem | Offer | OfferCatalog | Organization | PostalAddress | Question | Service | WebPage | WebSite | ['AutoRepair', 'AutomotiveBusiness']",PASS,PRESENT,YES,5,5,True,1,True,20,,,,RETAINED,NO,FAQ presence checked against initial HTML excluding script/style; accordion answers may be collapsed.
/brands/tesla-service-dubai/body-repair,brand-service,"Answer | Brand | BreadcrumbList | City | ContactPoint | FAQPage | ImageObject | ListItem | Offer | OfferCatalog | Organization | PostalAddress | Question | Service | WebPage | WebSite | ['AutoRepair', 'AutomotiveBusiness']",PASS,PRESENT,YES,5,5,True,1,True,23,,,,RETAINED,NO,FAQ presence checked against initial HTML excluding script/style; accordion answers may be collapsed.
/brands/tesla-service-dubai/brake-repair,brand-service,"Answer | Brand | BreadcrumbList | City | ContactPoint | FAQPage | ImageObject | ListItem | Offer | OfferCatalog | Organization | PostalAddress | Question | Service | WebPage | WebSite | ['AutoRepair', 'AutomotiveBusiness']",PASS,PRESENT,YES,6,6,True,1,True,20,,,,RETAINED,NO,FAQ presence checked against initial HTML excluding script/style; accordion answers may be collapsed.
/brands/tesla-service-dubai/electrical-repair,brand-service,"Answer | Brand | BreadcrumbList | City | ContactPoint | FAQPage | ImageObject | ListItem | Offer | OfferCatalog | Organization | PostalAddress | Question | Service | WebPage | WebSite | ['AutoRepair', 'AutomotiveBusiness']",PASS,PRESENT,YES,5,5,True,1,True,20,,,,RETAINED,NO,FAQ presence checked against initial HTML excluding script/style; accordion answers may be collapsed.
/brands/tesla-service-dubai/mechanical-repair,brand-service,"Answer | Brand | BreadcrumbList | City | ContactPoint | FAQPage | ImageObject | ListItem | Offer | OfferCatalog | Organization | PostalAddress | Question | Service | WebPage | WebSite | ['AutoRepair', 'AutomotiveBusiness']",PASS,PRESENT,YES,5,5,True,1,True,20,,,,RETAINED,NO,FAQ presence checked against initial HTML excluding script/style; accordion answers may be collapsed.
/brands/tesla-service-dubai/steering-repair,brand-service,"Answer | Brand | BreadcrumbList | City | ContactPoint | FAQPage | ImageObject | ListItem | Offer | OfferCatalog | Organization | PostalAddress | Question | Service | WebPage | WebSite | ['AutoRepair', 'AutomotiveBusiness']",PASS,PRESENT,YES,5,5,True,1,True,20,,,,RETAINED,NO,FAQ presence checked against initial HTML excluding script/style; accordion answers may be collapsed.
/brands/tesla-service-dubai/suspension-repair,brand-service,"Answer | Brand | BreadcrumbList | City | ContactPoint | FAQPage | ImageObject | ListItem | Offer | OfferCatalog | Organization | PostalAddress | Question | Service | WebPage | WebSite | ['AutoRepair', 'AutomotiveBusiness']",PASS,PRESENT,YES,6,6,True,1,True,20,,,,RETAINED,NO,FAQ presence checked against initial HTML excluding script/style; accordion answers may be collapsed.
/brands/tesla-service-dubai/tire-repair,brand-service,"Answer | Brand | BreadcrumbList | City | ContactPoint | FAQPage | ImageObject | ListItem | Offer | OfferCatalog | Organization | PostalAddress | Question | Service | WebPage | WebSite | ['AutoRepair', 'AutomotiveBusiness']",PASS,PRESENT,YES,5,5,True,1,True,20,,,,RETAINED,NO,FAQ presence checked against initial HTML excluding script/style; accordion answers may be collapsed.
/brands/volkswagen-service-dubai,brand,"Answer | Brand | BreadcrumbList | City | ContactPoint | FAQPage | ImageObject | ListItem | Offer | OfferCatalog | Organization | PostalAddress | Question | Service | WebPage | WebSite | ['AutoRepair', 'AutomotiveBusiness']",PASS,PRESENT,YES,3,3,True,1,True,38,,,,RETAINED,NO,FAQ presence checked against initial HTML excluding script/style; accordion answers may be collapsed.
/brands/volkswagen-service-dubai/ac-repair,brand-service,"Answer | Brand | BreadcrumbList | City | ContactPoint | FAQPage | ImageObject | ListItem | Offer | OfferCatalog | Organization | PostalAddress | Question | Service | WebPage | WebSite | ['AutoRepair', 'AutomotiveBusiness']",PASS,PRESENT,YES,6,6,True,1,True,25,,,,RETAINED,NO,FAQ presence checked against initial HTML excluding script/style; accordion answers may be collapsed.
/brands/volkswagen-service-dubai/battery-replacement,brand-service,"Answer | Brand | BreadcrumbList | City | ContactPoint | FAQPage | ImageObject | ListItem | Offer | OfferCatalog | Organization | PostalAddress | Question | Service | WebPage | WebSite | ['AutoRepair', 'AutomotiveBusiness']",PASS,PRESENT,YES,5,5,True,1,True,25,,,,RETAINED,NO,FAQ presence checked against initial HTML excluding script/style; accordion answers may be collapsed.
/brands/volkswagen-service-dubai/body-repair,brand-service,"Answer | Brand | BreadcrumbList | City | ContactPoint | FAQPage | ImageObject | ListItem | Offer | OfferCatalog | Organization | PostalAddress | Question | Service | WebPage | WebSite | ['AutoRepair', 'AutomotiveBusiness']",PASS,PRESENT,YES,5,5,True,1,True,28,,,,RETAINED,NO,FAQ presence checked against initial HTML excluding script/style; accordion answers may be collapsed.
/brands/volkswagen-service-dubai/brake-repair,brand-service,"Answer | Brand | BreadcrumbList | City | ContactPoint | FAQPage | ImageObject | ListItem | Offer | OfferCatalog | Organization | PostalAddress | Question | Service | WebPage | WebSite | ['AutoRepair', 'AutomotiveBusiness']",PASS,PRESENT,YES,6,6,True,1,True,25,,,,RETAINED,NO,FAQ presence checked against initial HTML excluding script/style; accordion answers may be collapsed.
/brands/volkswagen-service-dubai/electrical-repair,brand-service,"Answer | Brand | BreadcrumbList | City | ContactPoint | FAQPage | ImageObject | ListItem | Offer | OfferCatalog | Organization | PostalAddress | Question | Service | WebPage | WebSite | ['AutoRepair', 'AutomotiveBusiness']",PASS,PRESENT,YES,5,5,True,1,True,25,,,,RETAINED,NO,FAQ presence checked against initial HTML excluding script/style; accordion answers may be collapsed.
/brands/volkswagen-service-dubai/engine-diagnostics,brand-service,"Answer | Brand | BreadcrumbList | City | ContactPoint | FAQPage | ImageObject | ListItem | Offer | OfferCatalog | Organization | PostalAddress | Question | Service | WebPage | WebSite | ['AutoRepair', 'AutomotiveBusiness']",PASS,PRESENT,YES,3,3,True,1,True,26,,,,RETAINED,NO,FAQ presence checked against initial HTML excluding script/style; accordion answers may be collapsed.
/brands/volkswagen-service-dubai/exhaust-repair,brand-service,"Answer | Brand | BreadcrumbList | City | ContactPoint | FAQPage | ImageObject | ListItem | Offer | OfferCatalog | Organization | PostalAddress | Question | Service | WebPage | WebSite | ['AutoRepair', 'AutomotiveBusiness']",PASS,PRESENT,YES,5,5,True,1,True,25,,,,RETAINED,NO,FAQ presence checked against initial HTML excluding script/style; accordion answers may be collapsed.
/brands/volkswagen-service-dubai/fuel-system-repair,brand-service,"Answer | Brand | BreadcrumbList | City | ContactPoint | FAQPage | ImageObject | ListItem | Offer | OfferCatalog | Organization | PostalAddress | Question | Service | WebPage | WebSite | ['AutoRepair', 'AutomotiveBusiness']",PASS,PRESENT,YES,5,5,True,1,True,25,,,,RETAINED,NO,FAQ presence checked against initial HTML excluding script/style; accordion answers may be collapsed.
/brands/volkswagen-service-dubai/mechanical-repair,brand-service,"Answer | Brand | BreadcrumbList | City | ContactPoint | FAQPage | ImageObject | ListItem | Offer | OfferCatalog | Organization | PostalAddress | Question | Service | WebPage | WebSite | ['AutoRepair', 'AutomotiveBusiness']",PASS,PRESENT,YES,5,5,True,1,True,25,,,,RETAINED,NO,FAQ presence checked against initial HTML excluding script/style; accordion answers may be collapsed.
/brands/volkswagen-service-dubai/oil-change,brand-service,"Answer | Brand | BreadcrumbList | City | ContactPoint | FAQPage | ImageObject | ListItem | Offer | OfferCatalog | Organization | PostalAddress | Question | Service | WebPage | WebSite | ['AutoRepair', 'AutomotiveBusiness']",PASS,PRESENT,YES,5,5,True,1,True,25,,,,RETAINED,NO,FAQ presence checked against initial HTML excluding script/style; accordion answers may be collapsed.
/brands/volkswagen-service-dubai/steering-repair,brand-service,"Answer | Brand | BreadcrumbList | City | ContactPoint | FAQPage | ImageObject | ListItem | Offer | OfferCatalog | Organization | PostalAddress | Question | Service | WebPage | WebSite | ['AutoRepair', 'AutomotiveBusiness']",PASS,PRESENT,YES,5,5,True,1,True,25,,,,RETAINED,NO,FAQ presence checked against initial HTML excluding script/style; accordion answers may be collapsed.
/brands/volkswagen-service-dubai/suspension-repair,brand-service,"Answer | Brand | BreadcrumbList | City | ContactPoint | FAQPage | ImageObject | ListItem | Offer | OfferCatalog | Organization | PostalAddress | Question | Service | WebPage | WebSite | ['AutoRepair', 'AutomotiveBusiness']",PASS,PRESENT,YES,6,6,True,1,True,25,,,,RETAINED,NO,FAQ presence checked against initial HTML excluding script/style; accordion answers may be collapsed.
/brands/volkswagen-service-dubai/tire-repair,brand-service,"Answer | Brand | BreadcrumbList | City | ContactPoint | FAQPage | ImageObject | ListItem | Offer | OfferCatalog | Organization | PostalAddress | Question | Service | WebPage | WebSite | ['AutoRepair', 'AutomotiveBusiness']",PASS,PRESENT,YES,5,5,True,1,True,25,,,,RETAINED,NO,FAQ presence checked against initial HTML excluding script/style; accordion answers may be collapsed.
/brands/volkswagen-service-dubai/transmission-repair,brand-service,"Answer | Brand | BreadcrumbList | City | ContactPoint | FAQPage | ImageObject | ListItem | Offer | OfferCatalog | Organization | PostalAddress | Question | Service | WebPage | WebSite | ['AutoRepair', 'AutomotiveBusiness']",PASS,PRESENT,YES,4,4,True,1,True,25,,,,RETAINED,NO,FAQ presence checked against initial HTML excluding script/style; accordion answers may be collapsed.
/brands/volvo-service-dubai,brand,"Answer | Brand | BreadcrumbList | City | ContactPoint | FAQPage | ImageObject | ListItem | Offer | OfferCatalog | Organization | PostalAddress | Question | Service | WebPage | WebSite | ['AutoRepair', 'AutomotiveBusiness']",PASS,PRESENT,YES,0,4,True,1,True,36,,Do you service Volvo vehicles in Dubai? | Can you diagnose a warning light on my Volvo? | Do you use quality parts for Volvo repairs? | Where is Digi-Tec located?,,REVIEW,REVIEW,FAQ presence checked against initial HTML excluding script/style; accordion answers may be collapsed.
/brands/volvo-service-dubai/ac-repair,brand-service,"Answer | Brand | BreadcrumbList | City | ContactPoint | FAQPage | ImageObject | ListItem | Offer | OfferCatalog | Organization | PostalAddress | Question | Service | WebPage | WebSite | ['AutoRepair', 'AutomotiveBusiness']",PASS,PRESENT,YES,6,6,True,1,True,25,,,,RETAINED,NO,FAQ presence checked against initial HTML excluding script/style; accordion answers may be collapsed.
/brands/volvo-service-dubai/battery-replacement,brand-service,"Answer | Brand | BreadcrumbList | City | ContactPoint | FAQPage | ImageObject | ListItem | Offer | OfferCatalog | Organization | PostalAddress | Question | Service | WebPage | WebSite | ['AutoRepair', 'AutomotiveBusiness']",PASS,PRESENT,YES,5,5,True,1,True,25,,,,RETAINED,NO,FAQ presence checked against initial HTML excluding script/style; accordion answers may be collapsed.
/brands/volvo-service-dubai/body-repair,brand-service,"Answer | Brand | BreadcrumbList | City | ContactPoint | FAQPage | ImageObject | ListItem | Offer | OfferCatalog | Organization | PostalAddress | Question | Service | WebPage | WebSite | ['AutoRepair', 'AutomotiveBusiness']",PASS,PRESENT,YES,5,5,True,1,True,28,,,,RETAINED,NO,FAQ presence checked against initial HTML excluding script/style; accordion answers may be collapsed.
/brands/volvo-service-dubai/brake-repair,brand-service,"Answer | Brand | BreadcrumbList | City | ContactPoint | FAQPage | ImageObject | ListItem | Offer | OfferCatalog | Organization | PostalAddress | Question | Service | WebPage | WebSite | ['AutoRepair', 'AutomotiveBusiness']",PASS,PRESENT,YES,6,6,True,1,True,25,,,,RETAINED,NO,FAQ presence checked against initial HTML excluding script/style; accordion answers may be collapsed.
/brands/volvo-service-dubai/electrical-repair,brand-service,"Answer | Brand | BreadcrumbList | City | ContactPoint | FAQPage | ImageObject | ListItem | Offer | OfferCatalog | Organization | PostalAddress | Question | Service | WebPage | WebSite | ['AutoRepair', 'AutomotiveBusiness']",PASS,PRESENT,YES,5,5,True,1,True,25,,,,RETAINED,NO,FAQ presence checked against initial HTML excluding script/style; accordion answers may be collapsed.
/brands/volvo-service-dubai/engine-diagnostics,brand-service,"Answer | Brand | BreadcrumbList | City | ContactPoint | FAQPage | ImageObject | ListItem | Offer | OfferCatalog | Organization | PostalAddress | Question | Service | WebPage | WebSite | ['AutoRepair', 'AutomotiveBusiness']",PASS,PRESENT,YES,6,6,True,1,True,25,,,,RETAINED,NO,FAQ presence checked against initial HTML excluding script/style; accordion answers may be collapsed.
/brands/volvo-service-dubai/exhaust-repair,brand-service,"Answer | Brand | BreadcrumbList | City | ContactPoint | FAQPage | ImageObject | ListItem | Offer | OfferCatalog | Organization | PostalAddress | Question | Service | WebPage | WebSite | ['AutoRepair', 'AutomotiveBusiness']",PASS,PRESENT,YES,5,5,True,1,True,25,,,,RETAINED,NO,FAQ presence checked against initial HTML excluding script/style; accordion answers may be collapsed.
/brands/volvo-service-dubai/fuel-system-repair,brand-service,"Answer | Brand | BreadcrumbList | City | ContactPoint | FAQPage | ImageObject | ListItem | Offer | OfferCatalog | Organization | PostalAddress | Question | Service | WebPage | WebSite | ['AutoRepair', 'AutomotiveBusiness']",PASS,PRESENT,YES,5,5,True,1,True,25,,,,RETAINED,NO,FAQ presence checked against initial HTML excluding script/style; accordion answers may be collapsed.
/brands/volvo-service-dubai/mechanical-repair,brand-service,"Answer | Brand | BreadcrumbList | City | ContactPoint | FAQPage | ImageObject | ListItem | Offer | OfferCatalog | Organization | PostalAddress | Question | Service | WebPage | WebSite | ['AutoRepair', 'AutomotiveBusiness']",PASS,PRESENT,YES,5,5,True,1,True,25,,,,RETAINED,NO,FAQ presence checked against initial HTML excluding script/style; accordion answers may be collapsed.
/brands/volvo-service-dubai/oil-change,brand-service,"Answer | Brand | BreadcrumbList | City | ContactPoint | FAQPage | ImageObject | ListItem | Offer | OfferCatalog | Organization | PostalAddress | Question | Service | WebPage | WebSite | ['AutoRepair', 'AutomotiveBusiness']",PASS,PRESENT,YES,5,5,True,1,True,25,,,,RETAINED,NO,FAQ presence checked against initial HTML excluding script/style; accordion answers may be collapsed.
/brands/volvo-service-dubai/steering-repair,brand-service,"Answer | Brand | BreadcrumbList | City | ContactPoint | FAQPage | ImageObject | ListItem | Offer | OfferCatalog | Organization | PostalAddress | Question | Service | WebPage | WebSite | ['AutoRepair', 'AutomotiveBusiness']",PASS,PRESENT,YES,5,5,True,1,True,25,,,,RETAINED,NO,FAQ presence checked against initial HTML excluding script/style; accordion answers may be collapsed.
/brands/volvo-service-dubai/suspension-repair,brand-service,"Answer | Brand | BreadcrumbList | City | ContactPoint | FAQPage | ImageObject | ListItem | Offer | OfferCatalog | Organization | PostalAddress | Question | Service | WebPage | WebSite | ['AutoRepair', 'AutomotiveBusiness']",PASS,PRESENT,YES,6,6,True,1,True,25,,,,RETAINED,NO,FAQ presence checked against initial HTML excluding script/style; accordion answers may be collapsed.
/brands/volvo-service-dubai/tire-repair,brand-service,"Answer | Brand | BreadcrumbList | City | ContactPoint | FAQPage | ImageObject | ListItem | Offer | OfferCatalog | Organization | PostalAddress | Question | Service | WebPage | WebSite | ['AutoRepair', 'AutomotiveBusiness']",PASS,PRESENT,YES,5,5,True,1,True,25,,,,RETAINED,NO,FAQ presence checked against initial HTML excluding script/style; accordion answers may be collapsed.
/brands/volvo-service-dubai/transmission-repair,brand-service,"Answer | Brand | BreadcrumbList | City | ContactPoint | FAQPage | ImageObject | ListItem | Offer | OfferCatalog | Organization | PostalAddress | Question | Service | WebPage | WebSite | ['AutoRepair', 'AutomotiveBusiness']",PASS,PRESENT,YES,6,6,True,1,True,25,,,,RETAINED,NO,FAQ presence checked against initial HTML excluding script/style; accordion answers may be collapsed.
/faq,faq,"Answer | BreadcrumbList | City | ContactPoint | FAQPage | ImageObject | ListItem | Offer | OfferCatalog | Organization | PostalAddress | Question | Service | WebPage | WebSite | ['AutoRepair', 'AutomotiveBusiness']",PASS,PRESENT,YES,24,24,True,1,False,0,,,Substantive main content needs review,REVIEW,REVIEW,FAQ presence checked against initial HTML excluding script/style; accordion answers may be collapsed.
/mercedes/models/c63-service-repair-dubai,service,"Answer | BreadcrumbList | City | ContactPoint | FAQPage | ImageObject | ListItem | Offer | OfferCatalog | Organization | PostalAddress | Question | Service | WebPage | WebSite | ['AutoRepair', 'AutomotiveBusiness']",PASS,PRESENT,YES,4,4,True,1,True,23,,,,RETAINED,NO,FAQ presence checked against initial HTML excluding script/style; accordion answers may be collapsed.
/mercedes/models/e63-service-repair-dubai,service,"Answer | BreadcrumbList | City | ContactPoint | FAQPage | ImageObject | ListItem | Offer | OfferCatalog | Organization | PostalAddress | Question | Service | WebPage | WebSite | ['AutoRepair', 'AutomotiveBusiness']",PASS,PRESENT,YES,4,4,True,1,True,23,,,,RETAINED,NO,FAQ presence checked against initial HTML excluding script/style; accordion answers may be collapsed.
/mercedes/models/g-class-service-repair-dubai,service,"Answer | BreadcrumbList | City | ContactPoint | FAQPage | ImageObject | ListItem | Offer | OfferCatalog | Organization | PostalAddress | Question | Service | WebPage | WebSite | ['AutoRepair', 'AutomotiveBusiness']",PASS,PRESENT,YES,4,4,True,1,True,23,,,,RETAINED,NO,FAQ presence checked against initial HTML excluding script/style; accordion answers may be collapsed.
/mercedes/models/gle-service-repair-dubai,service,"Answer | BreadcrumbList | City | ContactPoint | FAQPage | ImageObject | ListItem | Offer | OfferCatalog | Organization | PostalAddress | Question | Service | WebPage | WebSite | ['AutoRepair', 'AutomotiveBusiness']",PASS,PRESENT,YES,4,4,True,1,True,24,,,,RETAINED,NO,FAQ presence checked against initial HTML excluding script/style; accordion answers may be collapsed.
/mercedes/models/gls-service-repair-dubai,service,"Answer | BreadcrumbList | City | ContactPoint | FAQPage | ImageObject | ListItem | Offer | OfferCatalog | Organization | PostalAddress | Question | Service | WebPage | WebSite | ['AutoRepair', 'AutomotiveBusiness']",PASS,PRESENT,YES,4,4,True,1,True,23,,,,RETAINED,NO,FAQ presence checked against initial HTML excluding script/style; accordion answers may be collapsed.
/mercedes/models/s63-service-repair-dubai,service,"Answer | BreadcrumbList | City | ContactPoint | FAQPage | ImageObject | ListItem | Offer | OfferCatalog | Organization | PostalAddress | Question | Service | WebPage | WebSite | ['AutoRepair', 'AutomotiveBusiness']",PASS,PRESENT,YES,4,4,True,1,True,23,,,,RETAINED,NO,FAQ presence checked against initial HTML excluding script/style; accordion answers may be collapsed.
/mercedes/problems,html-sitemap,"BreadcrumbList | City | CollectionPage | ContactPoint | ImageObject | ItemList | ListItem | Offer | OfferCatalog | Organization | PostalAddress | Service | WebSite | ['AutoRepair', 'AutomotiveBusiness']",PASS,PRESENT,NO,0,0,True,1,True,13,,,,RETAINED,NO,FAQ presence checked against initial HTML excluding script/style; accordion answers may be collapsed.
/mercedes/problems/ac-not-cooling,article,"Answer | BlogPosting | BreadcrumbList | City | ContactPoint | FAQPage | ImageObject | ItemPage | ListItem | Offer | OfferCatalog | Organization | PostalAddress | Question | Service | WebSite | ['AutoRepair', 'AutomotiveBusiness']",PASS,PRESENT,YES,3,3,True,1,True,12,,,,RETAINED,NO,FAQ presence checked against initial HTML excluding script/style; accordion answers may be collapsed.
/mercedes/problems/airmatic-malfunction,article,"Answer | BlogPosting | BreadcrumbList | City | ContactPoint | FAQPage | ImageObject | ItemPage | ListItem | Offer | OfferCatalog | Organization | PostalAddress | Question | Service | WebSite | ['AutoRepair', 'AutomotiveBusiness']",PASS,PRESENT,YES,3,3,True,1,True,13,,,,RETAINED,NO,FAQ presence checked against initial HTML excluding script/style; accordion answers may be collapsed.
/mercedes/problems/battery-warning,article,"Answer | BlogPosting | BreadcrumbList | City | ContactPoint | FAQPage | ImageObject | ItemPage | ListItem | Offer | OfferCatalog | Organization | PostalAddress | Question | Service | WebSite | ['AutoRepair', 'AutomotiveBusiness']",PASS,PRESENT,YES,3,3,True,1,True,15,,,,RETAINED,NO,FAQ presence checked against initial HTML excluding script/style; accordion answers may be collapsed.
/mercedes/problems/check-engine-light,article,"Answer | BlogPosting | BreadcrumbList | City | ContactPoint | FAQPage | ImageObject | ItemPage | ListItem | Offer | OfferCatalog | Organization | PostalAddress | Question | Service | WebSite | ['AutoRepair', 'AutomotiveBusiness']",PASS,PRESENT,YES,3,3,True,1,True,13,,,,RETAINED,NO,FAQ presence checked against initial HTML excluding script/style; accordion answers may be collapsed.
/mercedes/problems/engine-overheating,article,"Answer | BlogPosting | BreadcrumbList | City | ContactPoint | FAQPage | ImageObject | ItemPage | ListItem | Offer | OfferCatalog | Organization | PostalAddress | Question | Service | WebSite | ['AutoRepair', 'AutomotiveBusiness']",PASS,PRESENT,YES,3,3,True,1,True,14,,,,RETAINED,NO,FAQ presence checked against initial HTML excluding script/style; accordion answers may be collapsed.
/mercedes/problems/gearbox-jerking,article,"Answer | BlogPosting | BreadcrumbList | City | ContactPoint | FAQPage | ImageObject | ItemPage | ListItem | Offer | OfferCatalog | Organization | PostalAddress | Question | Service | WebSite | ['AutoRepair', 'AutomotiveBusiness']",PASS,PRESENT,YES,3,3,True,1,True,13,,,,RETAINED,NO,FAQ presence checked against initial HTML excluding script/style; accordion answers may be collapsed.
/mercedes/problems/oil-leak,article,"Answer | BlogPosting | BreadcrumbList | City | ContactPoint | FAQPage | ImageObject | ItemPage | ListItem | Offer | OfferCatalog | Organization | PostalAddress | Question | Service | WebSite | ['AutoRepair', 'AutomotiveBusiness']",PASS,PRESENT,YES,3,3,True,1,True,13,,,,RETAINED,NO,FAQ presence checked against initial HTML excluding script/style; accordion answers may be collapsed.
/mercedes/problems/suspension-dropping-overnight,article,"Answer | BlogPosting | BreadcrumbList | City | ContactPoint | FAQPage | ImageObject | ItemPage | ListItem | Offer | OfferCatalog | Organization | PostalAddress | Question | Service | WebSite | ['AutoRepair', 'AutomotiveBusiness']",PASS,PRESENT,YES,3,3,True,1,True,12,,,,RETAINED,NO,FAQ presence checked against initial HTML excluding script/style; accordion answers may be collapsed.
/mercedes/problems/transmission-slipping,article,"Answer | BlogPosting | BreadcrumbList | City | ContactPoint | FAQPage | ImageObject | ItemPage | ListItem | Offer | OfferCatalog | Organization | PostalAddress | Question | Service | WebSite | ['AutoRepair', 'AutomotiveBusiness']",PASS,PRESENT,YES,3,3,True,1,True,13,,,,RETAINED,NO,FAQ presence checked against initial HTML excluding script/style; accordion answers may be collapsed.
/mercedes/problems/wont-start,article,"Answer | BlogPosting | BreadcrumbList | City | ContactPoint | FAQPage | ImageObject | ItemPage | ListItem | Offer | OfferCatalog | Organization | PostalAddress | Question | Service | WebSite | ['AutoRepair', 'AutomotiveBusiness']",PASS,PRESENT,YES,5,5,True,1,True,19,,,,RETAINED,NO,FAQ presence checked against initial HTML excluding script/style; accordion answers may be collapsed.
/porsche/718,service,"BreadcrumbList | City | ContactPoint | ImageObject | ListItem | Offer | OfferCatalog | Organization | PostalAddress | Service | WebPage | WebSite | ['AutoRepair', 'AutomotiveBusiness']",PASS,PRESENT,NO,0,0,True,1,True,18,,,,RETAINED,NO,FAQ presence checked against initial HTML excluding script/style; accordion answers may be collapsed.
/porsche/911/991,service,"BreadcrumbList | City | ContactPoint | ImageObject | ListItem | Offer | OfferCatalog | Organization | PostalAddress | Service | WebPage | WebSite | ['AutoRepair', 'AutomotiveBusiness']",PASS,PRESENT,NO,0,0,True,1,True,19,,,,RETAINED,NO,FAQ presence checked against initial HTML excluding script/style; accordion answers may be collapsed.
/porsche/911/992,service,"BreadcrumbList | City | ContactPoint | ImageObject | ListItem | Offer | OfferCatalog | Organization | PostalAddress | Service | WebPage | WebSite | ['AutoRepair', 'AutomotiveBusiness']",PASS,PRESENT,NO,0,0,True,1,True,19,,,,RETAINED,NO,FAQ presence checked against initial HTML excluding script/style; accordion answers may be collapsed.
/porsche/911/997,service,"BreadcrumbList | City | ContactPoint | ImageObject | ListItem | Offer | OfferCatalog | Organization | PostalAddress | Service | WebPage | WebSite | ['AutoRepair', 'AutomotiveBusiness']",PASS,PRESENT,NO,0,0,True,1,True,19,,,,RETAINED,NO,FAQ presence checked against initial HTML excluding script/style; accordion answers may be collapsed.
/porsche/guides/718-maintenance,article,"BlogPosting | BreadcrumbList | City | ContactPoint | ImageObject | ItemPage | ListItem | Offer | OfferCatalog | Organization | PostalAddress | Service | WebSite | ['AutoRepair', 'AutomotiveBusiness']",PASS,PRESENT,NO,0,0,True,1,True,5,,,,RETAINED,NO,FAQ presence checked against initial HTML excluding script/style; accordion answers may be collapsed.
/porsche/guides/ac-maintenance-dubai,article,"BlogPosting | BreadcrumbList | City | ContactPoint | ImageObject | ItemPage | ListItem | Offer | OfferCatalog | Organization | PostalAddress | Service | WebSite | ['AutoRepair', 'AutomotiveBusiness']",PASS,PRESENT,NO,0,0,True,1,True,5,,,,RETAINED,NO,FAQ presence checked against initial HTML excluding script/style; accordion answers may be collapsed.
/porsche/guides/battery-life-dubai,article,"BlogPosting | BreadcrumbList | City | ContactPoint | ImageObject | ItemPage | ListItem | Offer | OfferCatalog | Organization | PostalAddress | Service | WebSite | ['AutoRepair', 'AutomotiveBusiness']",PASS,PRESENT,NO,0,0,True,1,True,5,,,,RETAINED,NO,FAQ presence checked against initial HTML excluding script/style; accordion answers may be collapsed.
/porsche/guides/brake-wear-dubai,article,"BlogPosting | BreadcrumbList | City | ContactPoint | ImageObject | ItemPage | ListItem | Offer | OfferCatalog | Organization | PostalAddress | Service | WebSite | ['AutoRepair', 'AutomotiveBusiness']",PASS,PRESENT,NO,0,0,True,1,True,5,,,,RETAINED,NO,FAQ presence checked against initial HTML excluding script/style; accordion answers may be collapsed.
/porsche/guides/buying-used-porsche-dubai,article,"BlogPosting | BreadcrumbList | City | ContactPoint | ImageObject | ItemPage | ListItem | Offer | OfferCatalog | Organization | PostalAddress | Service | WebSite | ['AutoRepair', 'AutomotiveBusiness']",PASS,PRESENT,NO,0,0,True,1,True,5,,,,RETAINED,NO,FAQ presence checked against initial HTML excluding script/style; accordion answers may be collapsed.
/porsche/guides/common-problems-dubai,article,"BlogPosting | BreadcrumbList | City | ContactPoint | ImageObject | ItemPage | ListItem | Offer | OfferCatalog | Organization | PostalAddress | Service | WebSite | ['AutoRepair', 'AutomotiveBusiness']",PASS,PRESENT,NO,0,0,True,1,True,5,,,,RETAINED,NO,FAQ presence checked against initial HTML excluding script/style; accordion answers may be collapsed.
/porsche/guides/cooling-maintenance,article,"BlogPosting | BreadcrumbList | City | ContactPoint | ImageObject | ItemPage | ListItem | Offer | OfferCatalog | Organization | PostalAddress | Service | WebSite | ['AutoRepair', 'AutomotiveBusiness']",PASS,PRESENT,NO,0,0,True,1,True,5,,,,RETAINED,NO,FAQ presence checked against initial HTML excluding script/style; accordion answers may be collapsed.
/porsche/guides/dealer-vs-independent-specialist,article,"BlogPosting | BreadcrumbList | City | ContactPoint | ImageObject | ItemPage | ListItem | Offer | OfferCatalog | Organization | PostalAddress | Service | WebSite | ['AutoRepair', 'AutomotiveBusiness']",PASS,PRESENT,NO,0,0,True,1,True,5,,,,RETAINED,NO,FAQ presence checked against initial HTML excluding script/style; accordion answers may be collapsed.
/porsche/guides/dubai-heat,article,"BlogPosting | BreadcrumbList | City | ContactPoint | ImageObject | ItemPage | ListItem | Offer | OfferCatalog | Organization | PostalAddress | Service | WebSite | ['AutoRepair', 'AutomotiveBusiness']",PASS,PRESENT,NO,0,0,True,1,True,5,,,,RETAINED,NO,FAQ presence checked against initial HTML excluding script/style; accordion answers may be collapsed.
/porsche/guides/how-often-service-dubai,article,"BlogPosting | BreadcrumbList | City | ContactPoint | ImageObject | ItemPage | ListItem | Offer | OfferCatalog | Organization | PostalAddress | Service | WebSite | ['AutoRepair', 'AutomotiveBusiness']",PASS,PRESENT,NO,0,0,True,1,True,5,,,,RETAINED,NO,FAQ presence checked against initial HTML excluding script/style; accordion answers may be collapsed.
/porsche/guides/macan-maintenance,article,"BlogPosting | BreadcrumbList | City | ContactPoint | ImageObject | ItemPage | ListItem | Offer | OfferCatalog | Organization | PostalAddress | Service | WebSite | ['AutoRepair', 'AutomotiveBusiness']",PASS,PRESENT,NO,0,0,True,1,True,5,,,,RETAINED,NO,FAQ presence checked against initial HTML excluding script/style; accordion answers may be collapsed.
/porsche/guides/maintenance-cost-dubai,article,"BlogPosting | BreadcrumbList | City | ContactPoint | ImageObject | ItemPage | ListItem | Offer | OfferCatalog | Organization | PostalAddress | Service | WebSite | ['AutoRepair', 'AutomotiveBusiness']",PASS,PRESENT,NO,0,0,True,1,True,5,,,,RETAINED,NO,FAQ presence checked against initial HTML excluding script/style; accordion answers may be collapsed.
/porsche/guides/major-vs-minor-service,article,"BlogPosting | BreadcrumbList | City | ContactPoint | ImageObject | ItemPage | ListItem | Offer | OfferCatalog | Organization | PostalAddress | Service | WebSite | ['AutoRepair', 'AutomotiveBusiness']",PASS,PRESENT,NO,0,0,True,1,True,5,,,,RETAINED,NO,FAQ presence checked against initial HTML excluding script/style; accordion answers may be collapsed.
/porsche/guides/oil-change-intervals,article,"BlogPosting | BreadcrumbList | City | ContactPoint | ImageObject | ItemPage | ListItem | Offer | OfferCatalog | Organization | PostalAddress | Service | WebSite | ['AutoRepair', 'AutomotiveBusiness']",PASS,PRESENT,NO,0,0,True,1,True,5,,,,RETAINED,NO,FAQ presence checked against initial HTML excluding script/style; accordion answers may be collapsed.
/porsche/guides/pdk-service-intervals,article,"BlogPosting | BreadcrumbList | City | ContactPoint | ImageObject | ItemPage | ListItem | Offer | OfferCatalog | Organization | PostalAddress | Service | WebSite | ['AutoRepair', 'AutomotiveBusiness']",PASS,PRESENT,NO,0,0,True,1,True,5,,,,RETAINED,NO,FAQ presence checked against initial HTML excluding script/style; accordion answers may be collapsed.
/porsche/guides/pre-purchase-inspection-checklist,article,"BlogPosting | BreadcrumbList | City | ContactPoint | ImageObject | ItemPage | ListItem | Offer | OfferCatalog | Organization | PostalAddress | Service | WebSite | ['AutoRepair', 'AutomotiveBusiness']",PASS,PRESENT,NO,0,0,True,1,True,5,,,,RETAINED,NO,FAQ presence checked against initial HTML excluding script/style; accordion answers may be collapsed.
/porsche/guides/service-intervals-uae,article,"BlogPosting | BreadcrumbList | City | ContactPoint | ImageObject | ItemPage | ListItem | Offer | OfferCatalog | Organization | PostalAddress | Service | WebSite | ['AutoRepair', 'AutomotiveBusiness']",PASS,PRESENT,NO,0,0,True,1,True,5,,,,RETAINED,NO,FAQ presence checked against initial HTML excluding script/style; accordion answers may be collapsed.
/porsche/guides/taycan-maintenance,article,"BlogPosting | BreadcrumbList | City | ContactPoint | ImageObject | ItemPage | ListItem | Offer | OfferCatalog | Organization | PostalAddress | Service | WebSite | ['AutoRepair', 'AutomotiveBusiness']",PASS,PRESENT,NO,0,0,True,1,True,5,,,,RETAINED,NO,FAQ presence checked against initial HTML excluding script/style; accordion answers may be collapsed.
/porsche/guides/tyre-wear-dubai,article,"BlogPosting | BreadcrumbList | City | ContactPoint | ImageObject | ItemPage | ListItem | Offer | OfferCatalog | Organization | PostalAddress | Service | WebSite | ['AutoRepair', 'AutomotiveBusiness']",PASS,PRESENT,NO,0,0,True,1,True,5,,,,RETAINED,NO,FAQ presence checked against initial HTML excluding script/style; accordion answers may be collapsed.
/porsche/guides/warning-lights,article,"BlogPosting | BreadcrumbList | City | ContactPoint | ImageObject | ItemPage | ListItem | Offer | OfferCatalog | Organization | PostalAddress | Service | WebSite | ['AutoRepair', 'AutomotiveBusiness']",PASS,PRESENT,NO,0,0,True,1,True,5,,,,RETAINED,NO,FAQ presence checked against initial HTML excluding script/style; accordion answers may be collapsed.
/porsche/macan,service,"BreadcrumbList | City | ContactPoint | ImageObject | ListItem | Offer | OfferCatalog | Organization | PostalAddress | Service | WebPage | WebSite | ['AutoRepair', 'AutomotiveBusiness']",PASS,PRESENT,NO,0,0,True,1,True,18,,,,RETAINED,NO,FAQ presence checked against initial HTML excluding script/style; accordion answers may be collapsed.
/porsche/problems,html-sitemap,"BreadcrumbList | City | CollectionPage | ContactPoint | ImageObject | ItemList | ListItem | Offer | OfferCatalog | Organization | PostalAddress | Service | WebSite | ['AutoRepair', 'AutomotiveBusiness']",PASS,PRESENT,NO,0,0,True,1,True,26,,,,RETAINED,NO,FAQ presence checked against initial HTML excluding script/style; accordion answers may be collapsed.
/porsche/problems/911-cooling,article,"BlogPosting | BreadcrumbList | City | ContactPoint | ImageObject | ItemPage | ListItem | Offer | OfferCatalog | Organization | PostalAddress | Service | WebSite | ['AutoRepair', 'AutomotiveBusiness']",PASS,PRESENT,NO,0,0,True,1,True,10,,,,RETAINED,NO,FAQ presence checked against initial HTML excluding script/style; accordion answers may be collapsed.
/porsche/problems/ac-not-cooling,article,"BlogPosting | BreadcrumbList | City | ContactPoint | ImageObject | ItemPage | ListItem | Offer | OfferCatalog | Organization | PostalAddress | Service | WebSite | ['AutoRepair', 'AutomotiveBusiness']",PASS,PRESENT,NO,0,0,True,1,True,10,,,,RETAINED,NO,FAQ presence checked against initial HTML excluding script/style; accordion answers may be collapsed.
/porsche/problems/air-suspension-warning,article,"BlogPosting | BreadcrumbList | City | ContactPoint | ImageObject | ItemPage | ListItem | Offer | OfferCatalog | Organization | PostalAddress | Service | WebSite | ['AutoRepair', 'AutomotiveBusiness']",PASS,PRESENT,NO,0,0,True,1,True,12,,,,RETAINED,NO,FAQ presence checked against initial HTML excluding script/style; accordion answers may be collapsed.
/porsche/problems/battery-warning,article,"BlogPosting | BreadcrumbList | City | ContactPoint | ImageObject | ItemPage | ListItem | Offer | OfferCatalog | Organization | PostalAddress | Service | WebSite | ['AutoRepair', 'AutomotiveBusiness']",PASS,PRESENT,NO,0,0,True,1,True,11,,,,RETAINED,NO,FAQ presence checked against initial HTML excluding script/style; accordion answers may be collapsed.
/porsche/problems/brake-warning-light,article,"BlogPosting | BreadcrumbList | City | ContactPoint | ImageObject | ItemPage | ListItem | Offer | OfferCatalog | Organization | PostalAddress | Service | WebSite | ['AutoRepair', 'AutomotiveBusiness']",PASS,PRESENT,NO,0,0,True,1,True,11,,,,RETAINED,NO,FAQ presence checked against initial HTML excluding script/style; accordion answers may be collapsed.
/porsche/problems/cayenne-air-suspension,article,"BlogPosting | BreadcrumbList | City | ContactPoint | ImageObject | ItemPage | ListItem | Offer | OfferCatalog | Organization | PostalAddress | Service | WebSite | ['AutoRepair', 'AutomotiveBusiness']",PASS,PRESENT,NO,0,0,True,1,True,9,,,,RETAINED,NO,FAQ presence checked against initial HTML excluding script/style; accordion answers may be collapsed.
/porsche/problems/check-engine-light,article,"BlogPosting | BreadcrumbList | City | ContactPoint | ImageObject | ItemPage | ListItem | Offer | OfferCatalog | Organization | PostalAddress | Service | WebSite | ['AutoRepair', 'AutomotiveBusiness']",PASS,PRESENT,NO,0,0,True,1,True,12,,,,RETAINED,NO,FAQ presence checked against initial HTML excluding script/style; accordion answers may be collapsed.
/porsche/problems/coolant-leak,article,"BlogPosting | BreadcrumbList | City | ContactPoint | ImageObject | ItemPage | ListItem | Offer | OfferCatalog | Organization | PostalAddress | Service | WebSite | ['AutoRepair', 'AutomotiveBusiness']",PASS,PRESENT,NO,0,0,True,1,True,13,,,,RETAINED,NO,FAQ presence checked against initial HTML excluding script/style; accordion answers may be collapsed.
/porsche/problems/delayed-gear-engagement,article,"BlogPosting | BreadcrumbList | City | ContactPoint | ImageObject | ItemPage | ListItem | Offer | OfferCatalog | Organization | PostalAddress | Service | WebSite | ['AutoRepair', 'AutomotiveBusiness']",PASS,PRESENT,NO,0,0,True,1,True,11,,,,RETAINED,NO,FAQ presence checked against initial HTML excluding script/style; accordion answers may be collapsed.
/porsche/problems/engine-misfire,article,"BlogPosting | BreadcrumbList | City | ContactPoint | ImageObject | ItemPage | ListItem | Offer | OfferCatalog | Organization | PostalAddress | Service | WebSite | ['AutoRepair', 'AutomotiveBusiness']",PASS,PRESENT,NO,0,0,True,1,True,12,,,,RETAINED,NO,FAQ presence checked against initial HTML excluding script/style; accordion answers may be collapsed.
/porsche/problems/engine-overheating,article,"BlogPosting | BreadcrumbList | City | ContactPoint | ImageObject | ItemPage | ListItem | Offer | OfferCatalog | Organization | PostalAddress | Service | WebSite | ['AutoRepair', 'AutomotiveBusiness']",PASS,PRESENT,NO,0,0,True,1,True,12,,,,RETAINED,NO,FAQ presence checked against initial HTML excluding script/style; accordion answers may be collapsed.
/porsche/problems/excessive-oil-consumption,article,"BlogPosting | BreadcrumbList | City | ContactPoint | ImageObject | ItemPage | ListItem | Offer | OfferCatalog | Organization | PostalAddress | Service | WebSite | ['AutoRepair', 'AutomotiveBusiness']",PASS,PRESENT,NO,0,0,True,1,True,12,,,,RETAINED,NO,FAQ presence checked against initial HTML excluding script/style; accordion answers may be collapsed.
/porsche/problems/macan-transfer-case,article,"BlogPosting | BreadcrumbList | City | ContactPoint | ImageObject | ItemPage | ListItem | Offer | OfferCatalog | Organization | PostalAddress | Service | WebSite | ['AutoRepair', 'AutomotiveBusiness']",PASS,PRESENT,NO,0,0,True,1,True,9,,,,RETAINED,NO,FAQ presence checked against initial HTML excluding script/style; accordion answers may be collapsed.
/porsche/problems/oil-leak,article,"BlogPosting | BreadcrumbList | City | ContactPoint | ImageObject | ItemPage | ListItem | Offer | OfferCatalog | Organization | PostalAddress | Service | WebSite | ['AutoRepair', 'AutomotiveBusiness']",PASS,PRESENT,NO,0,0,True,1,True,12,,,,RETAINED,NO,FAQ presence checked against initial HTML excluding script/style; accordion answers may be collapsed.
/porsche/problems/pasm-fault,article,"BlogPosting | BreadcrumbList | City | ContactPoint | ImageObject | ItemPage | ListItem | Offer | OfferCatalog | Organization | PostalAddress | Service | WebSite | ['AutoRepair', 'AutomotiveBusiness']",PASS,PRESENT,NO,0,0,True,1,True,14,,,,RETAINED,NO,FAQ presence checked against initial HTML excluding script/style; accordion answers may be collapsed.
/porsche/problems/pdcc-fault,article,"BlogPosting | BreadcrumbList | City | ContactPoint | ImageObject | ItemPage | ListItem | Offer | OfferCatalog | Organization | PostalAddress | Service | WebSite | ['AutoRepair', 'AutomotiveBusiness']",PASS,PRESENT,NO,0,0,True,1,True,11,,,,RETAINED,NO,FAQ presence checked against initial HTML excluding script/style; accordion answers may be collapsed.
/porsche/problems/pdk-jerking,article,"BlogPosting | BreadcrumbList | City | ContactPoint | ImageObject | ItemPage | ListItem | Offer | OfferCatalog | Organization | PostalAddress | Service | WebSite | ['AutoRepair', 'AutomotiveBusiness']",PASS,PRESENT,NO,0,0,True,1,True,11,,,,RETAINED,NO,FAQ presence checked against initial HTML excluding script/style; accordion answers may be collapsed.
/porsche/problems/pdk-slipping,article,"BlogPosting | BreadcrumbList | City | ContactPoint | ImageObject | ItemPage | ListItem | Offer | OfferCatalog | Organization | PostalAddress | Service | WebSite | ['AutoRepair', 'AutomotiveBusiness']",PASS,PRESENT,NO,0,0,True,1,True,11,,,,RETAINED,NO,FAQ presence checked against initial HTML excluding script/style; accordion answers may be collapsed.
/porsche/problems/pdk-warning-message,article,"BlogPosting | BreadcrumbList | City | ContactPoint | ImageObject | ItemPage | ListItem | Offer | OfferCatalog | Organization | PostalAddress | Service | WebSite | ['AutoRepair', 'AutomotiveBusiness']",PASS,PRESENT,NO,0,0,True,1,True,12,,,,RETAINED,NO,FAQ presence checked against initial HTML excluding script/style; accordion answers may be collapsed.
/porsche/problems/steering-vibration,article,"BlogPosting | BreadcrumbList | City | ContactPoint | ImageObject | ItemPage | ListItem | Offer | OfferCatalog | Organization | PostalAddress | Service | WebSite | ['AutoRepair', 'AutomotiveBusiness']",PASS,PRESENT,NO,0,0,True,1,True,10,,,,RETAINED,NO,FAQ presence checked against initial HTML excluding script/style; accordion answers may be collapsed.
/porsche/problems/suspension-dropping-overnight,article,"BlogPosting | BreadcrumbList | City | ContactPoint | ImageObject | ItemPage | ListItem | Offer | OfferCatalog | Organization | PostalAddress | Service | WebSite | ['AutoRepair', 'AutomotiveBusiness']",PASS,PRESENT,NO,0,0,True,1,True,12,,,,RETAINED,NO,FAQ presence checked against initial HTML excluding script/style; accordion answers may be collapsed.
/porsche/problems/taycan-12v-battery,article,"BlogPosting | BreadcrumbList | City | ContactPoint | ImageObject | ItemPage | ListItem | Offer | OfferCatalog | Organization | PostalAddress | Service | WebSite | ['AutoRepair', 'AutomotiveBusiness']",PASS,PRESENT,NO,0,0,True,1,True,6,,,,RETAINED,NO,FAQ presence checked against initial HTML excluding script/style; accordion answers may be collapsed.
/porsche/problems/taycan-charging,article,"BlogPosting | BreadcrumbList | City | ContactPoint | ImageObject | ItemPage | ListItem | Offer | OfferCatalog | Organization | PostalAddress | Service | WebSite | ['AutoRepair', 'AutomotiveBusiness']",PASS,PRESENT,NO,0,0,True,1,True,5,,,,RETAINED,NO,FAQ presence checked against initial HTML excluding script/style; accordion answers may be collapsed.
/porsche/problems/wont-start,article,"BlogPosting | BreadcrumbList | City | ContactPoint | ImageObject | ItemPage | ListItem | Offer | OfferCatalog | Organization | PostalAddress | Service | WebSite | ['AutoRepair', 'AutomotiveBusiness']",PASS,PRESENT,NO,0,0,True,1,True,13,,,,RETAINED,NO,FAQ presence checked against initial HTML excluding script/style; accordion answers may be collapsed.
/porsche/systems,html-sitemap,"BreadcrumbList | City | CollectionPage | ContactPoint | ImageObject | ItemList | ListItem | Offer | OfferCatalog | Organization | PostalAddress | Service | WebSite | ['AutoRepair', 'AutomotiveBusiness']",PASS,PRESENT,NO,0,0,True,1,True,11,,,,RETAINED,NO,FAQ presence checked against initial HTML excluding script/style; accordion answers may be collapsed.
/porsche/systems/air-suspension,article,"BlogPosting | BreadcrumbList | City | ContactPoint | ImageObject | ItemPage | ListItem | Offer | OfferCatalog | Organization | PostalAddress | Service | WebSite | ['AutoRepair', 'AutomotiveBusiness']",PASS,PRESENT,NO,0,0,True,1,True,11,,,,RETAINED,NO,FAQ presence checked against initial HTML excluding script/style; accordion answers may be collapsed.
/porsche/systems/pasm,article,"BlogPosting | BreadcrumbList | City | ContactPoint | ImageObject | ItemPage | ListItem | Offer | OfferCatalog | Organization | PostalAddress | Service | WebSite | ['AutoRepair', 'AutomotiveBusiness']",PASS,PRESENT,NO,0,0,True,1,True,11,,,,RETAINED,NO,FAQ presence checked against initial HTML excluding script/style; accordion answers may be collapsed.
/porsche/systems/pccb,article,"BlogPosting | BreadcrumbList | City | ContactPoint | ImageObject | ItemPage | ListItem | Offer | OfferCatalog | Organization | PostalAddress | Service | WebSite | ['AutoRepair', 'AutomotiveBusiness']",PASS,PRESENT,NO,0,0,True,1,True,12,,,,RETAINED,NO,FAQ presence checked against initial HTML excluding script/style; accordion answers may be collapsed.
/porsche/systems/pdcc,article,"BlogPosting | BreadcrumbList | City | ContactPoint | ImageObject | ItemPage | ListItem | Offer | OfferCatalog | Organization | PostalAddress | Service | WebSite | ['AutoRepair', 'AutomotiveBusiness']",PASS,PRESENT,NO,0,0,True,1,True,10,,,,RETAINED,NO,FAQ presence checked against initial HTML excluding script/style; accordion answers may be collapsed.
/porsche/systems/pdk,article,"BlogPosting | BreadcrumbList | City | ContactPoint | ImageObject | ItemPage | ListItem | Offer | OfferCatalog | Organization | PostalAddress | Service | WebSite | ['AutoRepair', 'AutomotiveBusiness']",PASS,PRESENT,NO,0,0,True,1,True,11,,,,RETAINED,NO,FAQ presence checked against initial HTML excluding script/style; accordion answers may be collapsed.
/porsche/systems/ptm-awd,article,"BlogPosting | BreadcrumbList | City | ContactPoint | ImageObject | ItemPage | ListItem | Offer | OfferCatalog | Organization | PostalAddress | Service | WebSite | ['AutoRepair', 'AutomotiveBusiness']",PASS,PRESENT,NO,0,0,True,1,True,11,,,,RETAINED,NO,FAQ presence checked against initial HTML excluding script/style; accordion answers may be collapsed.
/porsche/systems/rear-axle-steering,article,"BlogPosting | BreadcrumbList | City | ContactPoint | ImageObject | ItemPage | ListItem | Offer | OfferCatalog | Organization | PostalAddress | Service | WebSite | ['AutoRepair', 'AutomotiveBusiness']",PASS,PRESENT,NO,0,0,True,1,True,11,,,,RETAINED,NO,FAQ presence checked against initial HTML excluding script/style; accordion answers may be collapsed.
/porsche/systems/sport-chrono,article,"BlogPosting | BreadcrumbList | City | ContactPoint | ImageObject | ItemPage | ListItem | Offer | OfferCatalog | Organization | PostalAddress | Service | WebSite | ['AutoRepair', 'AutomotiveBusiness']",PASS,PRESENT,NO,0,0,True,1,True,11,,,,RETAINED,NO,FAQ presence checked against initial HTML excluding script/style; accordion answers may be collapsed.
/porsche/systems/tiptronic,article,"BlogPosting | BreadcrumbList | City | ContactPoint | ImageObject | ItemPage | ListItem | Offer | OfferCatalog | Organization | PostalAddress | Service | WebSite | ['AutoRepair', 'AutomotiveBusiness']",PASS,PRESENT,NO,0,0,True,1,True,9,,,,RETAINED,NO,FAQ presence checked against initial HTML excluding script/style; accordion answers may be collapsed.
/porsche/taycan,service,"BreadcrumbList | City | ContactPoint | ImageObject | ListItem | Offer | OfferCatalog | Organization | PostalAddress | Service | WebPage | WebSite | ['AutoRepair', 'AutomotiveBusiness']",PASS,PRESENT,NO,0,0,True,1,True,17,,,,RETAINED,NO,FAQ presence checked against initial HTML excluding script/style; accordion answers may be collapsed.
/services,services-hub,"BreadcrumbList | City | CollectionPage | ContactPoint | ImageObject | ItemList | ListItem | Offer | OfferCatalog | Organization | PostalAddress | Service | WebSite | ['AutoRepair', 'AutomotiveBusiness']",PASS,PRESENT,NO,0,0,True,1,False,0,,,Substantive main content needs review,REVIEW,REVIEW,FAQ presence checked against initial HTML excluding script/style; accordion answers may be collapsed.
/services/auto-electrical-repair-dubai,service,"Answer | BreadcrumbList | City | ContactPoint | FAQPage | ImageObject | ListItem | Offer | OfferCatalog | Organization | PostalAddress | Question | Service | WebPage | WebSite | ['AutoRepair', 'AutomotiveBusiness']",PASS,PRESENT,YES,4,4,True,1,True,55,,,,RETAINED,NO,FAQ presence checked against initial HTML excluding script/style; accordion answers may be collapsed.
/services/battery-replacement-dubai,service,"BreadcrumbList | City | ContactPoint | ImageObject | ListItem | Offer | OfferCatalog | Organization | PostalAddress | Service | WebPage | WebSite | ['AutoRepair', 'AutomotiveBusiness']",PASS,PRESENT,NO,0,0,True,1,True,53,,,,RETAINED,NO,FAQ presence checked against initial HTML excluding script/style; accordion answers may be collapsed.
/services/brake-repair-dubai,service,"BreadcrumbList | City | ContactPoint | ImageObject | ListItem | Offer | OfferCatalog | Organization | PostalAddress | Service | WebPage | WebSite | ['AutoRepair', 'AutomotiveBusiness']",PASS,PRESENT,NO,0,0,True,1,True,53,,,,RETAINED,NO,FAQ presence checked against initial HTML excluding script/style; accordion answers may be collapsed.
/services/cadillac-cue-screen-repair-dubai,service,"BreadcrumbList | City | ContactPoint | ImageObject | ListItem | Offer | OfferCatalog | Organization | PostalAddress | Service | WebPage | WebSite | ['AutoRepair', 'AutomotiveBusiness']",PASS,PRESENT,NO,0,0,True,1,True,53,,,,RETAINED,NO,FAQ presence checked against initial HTML excluding script/style; accordion answers may be collapsed.
/services/car-ac-repair-dubai,service,"BreadcrumbList | City | ContactPoint | ImageObject | ListItem | Offer | OfferCatalog | Organization | PostalAddress | Service | WebPage | WebSite | ['AutoRepair', 'AutomotiveBusiness']",PASS,PRESENT,NO,0,0,True,1,True,46,,,,RETAINED,NO,FAQ presence checked against initial HTML excluding script/style; accordion answers may be collapsed.
/services/car-body-repair-dubai,service,"BreadcrumbList | City | ContactPoint | ImageObject | ListItem | Offer | OfferCatalog | Organization | PostalAddress | Service | WebPage | WebSite | ['AutoRepair', 'AutomotiveBusiness']",PASS,PRESENT,NO,0,0,True,1,True,48,,,,RETAINED,NO,FAQ presence checked against initial HTML excluding script/style; accordion answers may be collapsed.
/services/car-diagnostics-dubai,service,"Answer | BreadcrumbList | City | ContactPoint | FAQPage | ImageObject | ListItem | Offer | OfferCatalog | Organization | PostalAddress | Question | Service | WebPage | WebSite | ['AutoRepair', 'AutomotiveBusiness']",PASS,PRESENT,YES,3,3,True,1,True,52,,,,RETAINED,NO,FAQ presence checked against initial HTML excluding script/style; accordion answers may be collapsed.
/services/car-garage-dubai,service,"Answer | BreadcrumbList | City | ContactPoint | FAQPage | ImageObject | ListItem | Offer | OfferCatalog | Organization | PostalAddress | Question | Service | WebPage | WebSite | ['AutoRepair', 'AutomotiveBusiness']",PASS,PRESENT,YES,3,3,True,1,True,5,,,,RETAINED,NO,FAQ presence checked against initial HTML excluding script/style; accordion answers may be collapsed.
/services/car-polishing-dubai,service,"BreadcrumbList | City | ContactPoint | ImageObject | ListItem | Offer | OfferCatalog | Organization | PostalAddress | Service | WebPage | WebSite | ['AutoRepair', 'AutomotiveBusiness']",PASS,PRESENT,NO,0,0,True,1,True,31,,,,RETAINED,NO,FAQ presence checked against initial HTML excluding script/style; accordion answers may be collapsed.
/services/car-service-dubai,service,"Answer | BreadcrumbList | City | ContactPoint | FAQPage | ImageObject | ListItem | Offer | OfferCatalog | Organization | PostalAddress | Question | Service | WebPage | WebSite | ['AutoRepair', 'AutomotiveBusiness']",PASS,PRESENT,YES,8,8,True,1,True,47,,,,RETAINED,NO,FAQ presence checked against initial HTML excluding script/style; accordion answers may be collapsed.
/services/ceramic-coating,service,"BreadcrumbList | City | ContactPoint | ImageObject | ListItem | Offer | OfferCatalog | Organization | PostalAddress | Service | WebPage | WebSite | ['AutoRepair', 'AutomotiveBusiness']",PASS,PRESENT,NO,0,0,True,1,True,35,,,,RETAINED,NO,FAQ presence checked against initial HTML excluding script/style; accordion answers may be collapsed.
/services/exhaust-repair-dubai,service,"Answer | BreadcrumbList | City | ContactPoint | FAQPage | ImageObject | ListItem | Offer | OfferCatalog | Organization | PostalAddress | Question | Service | WebPage | WebSite | ['AutoRepair', 'AutomotiveBusiness']",PASS,PRESENT,YES,4,4,True,1,True,52,,,,RETAINED,NO,FAQ presence checked against initial HTML excluding script/style; accordion answers may be collapsed.
/services/fuel-system-repair-dubai,service,"BreadcrumbList | City | ContactPoint | ImageObject | ListItem | Offer | OfferCatalog | Organization | PostalAddress | Service | WebPage | WebSite | ['AutoRepair', 'AutomotiveBusiness']",PASS,PRESENT,NO,0,0,True,1,True,50,,,,RETAINED,NO,FAQ presence checked against initial HTML excluding script/style; accordion answers may be collapsed.
/services/garage-near-me-dubai,service,"Answer | BreadcrumbList | City | ContactPoint | FAQPage | ImageObject | ListItem | Offer | OfferCatalog | Organization | PostalAddress | Question | Service | WebPage | WebSite | ['AutoRepair', 'AutomotiveBusiness']",PASS,PRESENT,YES,3,3,True,1,True,5,,,,RETAINED,NO,FAQ presence checked against initial HTML excluding script/style; accordion answers may be collapsed.
/services/head-unit-repair-dubai,service,"BreadcrumbList | City | ContactPoint | ImageObject | ListItem | Offer | OfferCatalog | Organization | PostalAddress | Service | WebPage | WebSite | ['AutoRepair', 'AutomotiveBusiness']",PASS,PRESENT,NO,0,0,True,1,True,55,,,,RETAINED,NO,FAQ presence checked against initial HTML excluding script/style; accordion answers may be collapsed.
/services/mechanical-repair-dubai,service,"BreadcrumbList | City | ContactPoint | ImageObject | ListItem | Offer | OfferCatalog | Organization | PostalAddress | Service | WebPage | WebSite | ['AutoRepair', 'AutomotiveBusiness']",PASS,PRESENT,NO,0,0,True,1,True,53,,,,RETAINED,NO,FAQ presence checked against initial HTML excluding script/style; accordion answers may be collapsed.
/services/mercedes-ac-repair-dubai,service,"Answer | Brand | BreadcrumbList | City | ContactPoint | FAQPage | ImageObject | ListItem | Offer | OfferCatalog | Organization | PostalAddress | Question | Service | WebPage | WebSite | ['AutoRepair', 'AutomotiveBusiness']",PASS,PRESENT,YES,3,3,True,1,True,38,,,,RETAINED,NO,FAQ presence checked against initial HTML excluding script/style; accordion answers may be collapsed.
/services/mercedes-audio-upgrade-dubai,service,"BreadcrumbList | City | ContactPoint | ImageObject | ListItem | Offer | OfferCatalog | Organization | PostalAddress | Service | WebPage | WebSite | ['AutoRepair', 'AutomotiveBusiness']",PASS,PRESENT,NO,0,0,True,1,True,51,,,,RETAINED,NO,FAQ presence checked against initial HTML excluding script/style; accordion answers may be collapsed.
/services/mercedes-battery-replacement-dubai,service,"Answer | Brand | BreadcrumbList | City | ContactPoint | FAQPage | ImageObject | ListItem | Offer | OfferCatalog | Organization | PostalAddress | Question | Service | WebPage | WebSite | ['AutoRepair', 'AutomotiveBusiness']",PASS,PRESENT,YES,3,3,True,1,True,39,,,,RETAINED,NO,FAQ presence checked against initial HTML excluding script/style; accordion answers may be collapsed.
/services/mercedes-body-repair-dubai,service,"Answer | Brand | BreadcrumbList | City | ContactPoint | FAQPage | ImageObject | ListItem | Offer | OfferCatalog | Organization | PostalAddress | Question | Service | WebPage | WebSite | ['AutoRepair', 'AutomotiveBusiness']",PASS,PRESENT,YES,3,3,True,1,True,41,,,,RETAINED,NO,FAQ presence checked against initial HTML excluding script/style; accordion answers may be collapsed.
/services/mercedes-brake-repair-dubai,service,"Answer | Brand | BreadcrumbList | City | ContactPoint | FAQPage | ImageObject | ListItem | Offer | OfferCatalog | Organization | PostalAddress | Question | Service | WebPage | WebSite | ['AutoRepair', 'AutomotiveBusiness']",PASS,PRESENT,YES,3,3,True,1,True,38,,,,RETAINED,NO,FAQ presence checked against initial HTML excluding script/style; accordion answers may be collapsed.
/services/mercedes-diagnostics-dubai,service,"Answer | Brand | BreadcrumbList | City | ContactPoint | FAQPage | ImageObject | ListItem | Offer | OfferCatalog | Organization | PostalAddress | Question | Service | WebPage | WebSite | ['AutoRepair', 'AutomotiveBusiness']",PASS,PRESENT,YES,5,5,True,1,True,44,,,,RETAINED,NO,FAQ presence checked against initial HTML excluding script/style; accordion answers may be collapsed.
/services/mercedes-electrical-repair-dubai,service,"Answer | Brand | BreadcrumbList | City | ContactPoint | FAQPage | ImageObject | ListItem | Offer | OfferCatalog | Organization | PostalAddress | Question | Service | WebPage | WebSite | ['AutoRepair', 'AutomotiveBusiness']",PASS,PRESENT,YES,5,5,True,1,True,45,,,,RETAINED,NO,FAQ presence checked against initial HTML excluding script/style; accordion answers may be collapsed.
/services/mercedes-exhaust-repair-dubai,service,"Answer | Brand | BreadcrumbList | City | ContactPoint | FAQPage | ImageObject | ListItem | Offer | OfferCatalog | Organization | PostalAddress | Question | Service | WebPage | WebSite | ['AutoRepair', 'AutomotiveBusiness']",PASS,PRESENT,YES,2,2,True,1,True,39,,,,RETAINED,NO,FAQ presence checked against initial HTML excluding script/style; accordion answers may be collapsed.
/services/mercedes-fuel-system-repair-dubai,service,"Answer | Brand | BreadcrumbList | City | ContactPoint | FAQPage | ImageObject | ListItem | Offer | OfferCatalog | Organization | PostalAddress | Question | Service | WebPage | WebSite | ['AutoRepair', 'AutomotiveBusiness']",PASS,PRESENT,YES,3,3,True,1,True,38,,,,RETAINED,NO,FAQ presence checked against initial HTML excluding script/style; accordion answers may be collapsed.
/services/mercedes-mechanical-repair-dubai,service,"Answer | Brand | BreadcrumbList | City | ContactPoint | FAQPage | ImageObject | ListItem | Offer | OfferCatalog | Organization | PostalAddress | Question | Service | WebPage | WebSite | ['AutoRepair', 'AutomotiveBusiness']",PASS,PRESENT,YES,5,5,True,1,True,42,,,,RETAINED,NO,FAQ presence checked against initial HTML excluding script/style; accordion answers may be collapsed.
/services/mercedes-oil-change-dubai,service,"Answer | Brand | BreadcrumbList | City | ContactPoint | FAQPage | ImageObject | ListItem | Offer | OfferCatalog | Organization | PostalAddress | Question | Service | WebPage | WebSite | ['AutoRepair', 'AutomotiveBusiness']",PASS,PRESENT,YES,6,6,True,1,True,39,,,,RETAINED,NO,FAQ presence checked against initial HTML excluding script/style; accordion answers may be collapsed.
/services/mercedes-steering-repair-dubai,service,"Answer | Brand | BreadcrumbList | City | ContactPoint | FAQPage | ImageObject | ListItem | Offer | OfferCatalog | Organization | PostalAddress | Question | Service | WebPage | WebSite | ['AutoRepair', 'AutomotiveBusiness']",PASS,PRESENT,YES,2,2,True,1,True,38,,,,RETAINED,NO,FAQ presence checked against initial HTML excluding script/style; accordion answers may be collapsed.
/services/mercedes-suspension-repair-dubai,service,"Answer | Brand | BreadcrumbList | City | ContactPoint | FAQPage | ImageObject | ListItem | Offer | OfferCatalog | Organization | PostalAddress | Question | Service | WebPage | WebSite | ['AutoRepair', 'AutomotiveBusiness']",PASS,PRESENT,YES,5,5,True,1,True,43,,,,RETAINED,NO,FAQ presence checked against initial HTML excluding script/style; accordion answers may be collapsed.
/services/mercedes-tire-repair-dubai,service,"Answer | Brand | BreadcrumbList | City | ContactPoint | FAQPage | ImageObject | ListItem | Offer | OfferCatalog | Organization | PostalAddress | Question | Service | WebPage | WebSite | ['AutoRepair', 'AutomotiveBusiness']",PASS,PRESENT,YES,3,3,True,1,True,37,,,,RETAINED,NO,FAQ presence checked against initial HTML excluding script/style; accordion answers may be collapsed.
/services/mercedes-transmission-repair-dubai,service,"Answer | Brand | BreadcrumbList | City | ContactPoint | FAQPage | ImageObject | ListItem | Offer | OfferCatalog | Organization | PostalAddress | Question | Service | WebPage | WebSite | ['AutoRepair', 'AutomotiveBusiness']",PASS,PRESENT,YES,3,3,True,1,True,40,,,,RETAINED,NO,FAQ presence checked against initial HTML excluding script/style; accordion answers may be collapsed.
/services/oil-change-dubai,service,"Answer | BreadcrumbList | City | ContactPoint | FAQPage | ImageObject | ListItem | Offer | OfferCatalog | Organization | PostalAddress | Question | Service | WebPage | WebSite | ['AutoRepair', 'AutomotiveBusiness']",PASS,PRESENT,YES,10,10,True,1,True,26,,,,RETAINED,NO,FAQ presence checked against initial HTML excluding script/style; accordion answers may be collapsed.
/services/paint-protection-dubai,service,"BreadcrumbList | City | ContactPoint | ImageObject | ListItem | Offer | OfferCatalog | Organization | PostalAddress | Service | WebPage | WebSite | ['AutoRepair', 'AutomotiveBusiness']",PASS,PRESENT,NO,0,0,True,1,True,53,,,,RETAINED,NO,FAQ presence checked against initial HTML excluding script/style; accordion answers may be collapsed.
/services/paint-protection-film,service,"BreadcrumbList | City | ContactPoint | ImageObject | ListItem | Offer | OfferCatalog | Organization | PostalAddress | Service | WebPage | WebSite | ['AutoRepair', 'AutomotiveBusiness']",PASS,PRESENT,NO,0,0,True,1,True,38,,,,RETAINED,NO,FAQ presence checked against initial HTML excluding script/style; accordion answers may be collapsed.
/services/roadside-assistance-dubai,service,"Answer | BreadcrumbList | City | ContactPoint | FAQPage | ImageObject | ListItem | Offer | OfferCatalog | Organization | PostalAddress | Question | Service | WebPage | WebSite | ['AutoRepair', 'AutomotiveBusiness']",PASS,PRESENT,YES,3,3,True,1,True,5,,,,RETAINED,NO,FAQ presence checked against initial HTML excluding script/style; accordion answers may be collapsed.
/services/soft-close-door-repair-dubai,service,"Answer | BreadcrumbList | City | ContactPoint | FAQPage | ImageObject | ListItem | Offer | OfferCatalog | Organization | PostalAddress | Question | Service | WebPage | WebSite | ['AutoRepair', 'AutomotiveBusiness']",PASS,PRESENT,YES,5,5,True,1,True,46,,,,RETAINED,NO,FAQ presence checked against initial HTML excluding script/style; accordion answers may be collapsed.
/services/steering-repair-dubai,service,"Answer | BreadcrumbList | City | ContactPoint | FAQPage | ImageObject | ListItem | Offer | OfferCatalog | Organization | PostalAddress | Question | Service | WebPage | WebSite | ['AutoRepair', 'AutomotiveBusiness']",PASS,PRESENT,YES,4,4,True,1,True,53,,,,RETAINED,NO,FAQ presence checked against initial HTML excluding script/style; accordion answers may be collapsed.
/services/suspension-repair-dubai,service,"Answer | BreadcrumbList | City | ContactPoint | FAQPage | ImageObject | ListItem | Offer | OfferCatalog | Organization | PostalAddress | Question | Service | WebPage | WebSite | ['AutoRepair', 'AutomotiveBusiness']",PASS,PRESENT,YES,12,12,True,1,True,21,,,,RETAINED,NO,FAQ presence checked against initial HTML excluding script/style; accordion answers may be collapsed.
/services/tire-repair-dubai,service,"Answer | BreadcrumbList | City | ContactPoint | FAQPage | ImageObject | ListItem | Offer | OfferCatalog | Organization | PostalAddress | Question | Service | WebPage | WebSite | ['AutoRepair', 'AutomotiveBusiness']",PASS,PRESENT,YES,4,4,True,1,True,52,,,,RETAINED,NO,FAQ presence checked against initial HTML excluding script/style; accordion answers may be collapsed.
/services/transmission-repair-dubai,service,"Answer | BreadcrumbList | City | ContactPoint | FAQPage | ImageObject | ListItem | Offer | OfferCatalog | Organization | PostalAddress | Question | Service | WebPage | WebSite | ['AutoRepair', 'AutomotiveBusiness']",PASS,PRESENT,YES,11,11,True,1,True,31,,,,RETAINED,NO,FAQ presence checked against initial HTML excluding script/style; accordion answers may be collapsed.
/sitemap,html-sitemap,"BreadcrumbList | City | CollectionPage | ContactPoint | ImageObject | ItemList | ListItem | Offer | OfferCatalog | Organization | PostalAddress | Service | WebSite | ['AutoRepair', 'AutomotiveBusiness']",PASS,PRESENT,NO,0,0,True,1,True,202,,,,RETAINED,NO,FAQ presence checked against initial HTML excluding script/style; accordion answers may be collapsed.
/tuning,tuning,"Answer | BreadcrumbList | City | ContactPoint | FAQPage | ImageObject | ListItem | Offer | OfferCatalog | Organization | PostalAddress | Question | Service | WebPage | WebSite | ['AutoRepair', 'AutomotiveBusiness']",PASS,PRESENT,YES,3,3,True,1,False,0,,,Substantive main content needs review,REVIEW,REVIEW,FAQ presence checked against initial HTML excluding script/style; accordion answers may be collapsed.
/vrx,vrx,"BreadcrumbList | City | ContactPoint | ImageObject | ItemPage | ListItem | Offer | OfferCatalog | Organization | PostalAddress | Service | WebSite | ['AutoRepair', 'AutomotiveBusiness']",PASS,PRESENT,NO,0,0,True,1,True,1,,,,RETAINED,NO,FAQ presence checked against initial HTML excluding script/style; accordion answers may be collapsed.
