keyword,normalized_keyword,brand,source,source_file,source_period,measured_or_generated,gsc_clicks,gsc_impressions,gsc_ctr,gsc_position,search_intent,cluster,primary_owner,coverage_class,coverage_location,reason,b3_action,notes
best bmw garage in dubai,best bmw garage in dubai,BMW,Queries!A797,digitecme.com-Performance-on-Search-2026-09-08.xlsx,2026-06-07 to 2026-09-06,MEASURED ORIGINAL GSC,0.0,15.0,0.0,20.8,Comparison,Workshop selection,/best-bmw-workshop-dubai,COVERED — INFORMATIONAL GUIDE,/best-bmw-workshop-dubai,Comparison task; broad booking remains at hub,RETAIN OWNER / IMPROVE SCOPE,1 source observations; one selected metrics row only; query data are not joined to landing URLs.
best bmw mechanic abu dhabi,best bmw mechanic abu dhabi,BMW,Queries!A980,digitecme.com-Performance-on-Search-2026-09-27.xlsx,2026-04-12 to 2026-09-25,MEASURED ORIGINAL GSC,0.0,20.0,0.0,40.8,Out-of-market,Outside Dubai service area,,NOT TARGETED — INTENTIONALLY,,Do not target another city with a Dubai workshop page,DO NOT TARGET WITHOUT SERVICE VERIFICATION,3 source observations; one selected metrics row only; query data are not joined to landing URLs.
best bmw shop abu dhabi,best bmw shop abu dhabi,BMW,Queries!A585,digitecme.com-Performance-on-Search-2026-09-27.xlsx,2026-04-12 to 2026-09-25,MEASURED ORIGINAL GSC,0.0,38.0,0.0,44.37,Out-of-market,Outside Dubai service area,,NOT TARGETED — INTENTIONALLY,,Do not target another city with a Dubai workshop page,DO NOT TARGET WITHOUT SERVICE VERIFICATION,3 source observations; one selected metrics row only; query data are not joined to landing URLs.
best bmw workshop abu dhabi,best bmw workshop abu dhabi,BMW,Queries!A498,digitecme.com-Performance-on-Search-2026-09-27.xlsx,2026-04-12 to 2026-09-25,MEASURED ORIGINAL GSC,0.0,46.0,0.0,42.72,Out-of-market,Outside Dubai service area,,NOT TARGETED — INTENTIONALLY,,Do not target another city with a Dubai workshop page,DO NOT TARGET WITHOUT SERVICE VERIFICATION,4 source observations; one selected metrics row only; query data are not joined to landing URLs.
best bmw workshop in uae,best bmw workshop in uae,BMW,Queries!A507,digitecme.com-Performance-on-Search-2026-09-05.xlsx,2026-08-06 to 2026-09-02,MEASURED ORIGINAL GSC,0.0,10.0,0.0,8.2,Comparison,Workshop selection,/best-bmw-workshop-dubai,COVERED — INFORMATIONAL GUIDE,/best-bmw-workshop-dubai,Comparison task; broad booking remains at hub,RETAIN OWNER / IMPROVE SCOPE,1 source observations; one selected metrics row only; query data are not joined to landing URLs.
bmw 2 series engine repair dubai,bmw 2 series engine repair dubai,BMW,Queries!A670,digitecme.com-Performance-on-Search-2026-09-05.xlsx,2026-08-06 to 2026-09-02,MEASURED ORIGINAL GSC,0.0,7.0,0.0,16.29,Commercial service,BMW mechanical repair,/brands/bmw-service-dubai/mechanical-repair,COVERED — SECTION,/brands/bmw-service-dubai/mechanical-repair,Existing specific service; exact scope follows inspection,RETAIN OWNER / IMPROVE SCOPE,1 source observations; one selected metrics row only; query data are not joined to landing URLs.
bmw 2002 service dubai,bmw 2002 service dubai,BMW,Queries!A871,digitecme.com-Performance-on-Search-2026-09-05.xlsx,2026-08-06 to 2026-09-02,MEASURED ORIGINAL GSC,0.0,5.0,0.0,20.0,Broad commercial,BMW service/repair discovery,/brands/bmw-service-dubai,COVERED — PRIMARY,/brands/bmw-service-dubai,Single broad booking and directory owner,RETAIN OWNER / IMPROVE SCOPE,1 source observations; one selected metrics row only; query data are not joined to landing URLs.
bmw 3 series transmission repair dubai,bmw 3 series gearbox repair dubai,BMW,Queries!A650,digitecme.com-Performance-on-Search-2026-09-05.xlsx,2026-08-06 to 2026-09-02,MEASURED ORIGINAL GSC,0.0,7.0,0.0,8.57,Commercial service,BMW gearbox repair,/brands/bmw-service-dubai/transmission-repair,COVERED — PRIMARY,/brands/bmw-service-dubai/transmission-repair,Existing specific service; exact scope follows inspection,RETAIN OWNER,1 source observations; one selected metrics row only; query data are not joined to landing URLs.
bmw 3 series service dubai,bmw 3 series service dubai,BMW,Queries!A658,digitecme.com-Performance-on-Search-2026-09-05.xlsx,2026-08-06 to 2026-09-02,MEASURED ORIGINAL GSC,0.0,7.0,0.0,10.86,Model commercial,3 SERIES model service,/brands/bmw-service-dubai/3-series,COVERED — MODEL PAGE,/brands/bmw-service-dubai/3-series,Existing model owner; repair tasks link to services,RETAIN OWNER / IMPROVE SCOPE,2 source observations; one selected metrics row only; query data are not joined to landing URLs.
bmw 318i service dubai,bmw 318i service dubai,BMW,Queries!A866,digitecme.com-Performance-on-Search-2026-09-05.xlsx,2026-08-06 to 2026-09-02,MEASURED ORIGINAL GSC,0.0,5.0,0.0,18.0,Broad commercial,BMW service/repair discovery,/brands/bmw-service-dubai,COVERED — PRIMARY,/brands/bmw-service-dubai,Single broad booking and directory owner,RETAIN OWNER / IMPROVE SCOPE,1 source observations; one selected metrics row only; query data are not joined to landing URLs.
bmw 5 series gt service dubai,bmw 5 series gt service dubai,BMW,Queries!A869,digitecme.com-Performance-on-Search-2026-09-05.xlsx,2026-08-06 to 2026-09-02,MEASURED ORIGINAL GSC,0.0,5.0,0.0,18.8,Model commercial,5 SERIES model service,/brands/bmw-service-dubai/5-series,COVERED — MODEL PAGE,/brands/bmw-service-dubai/5-series,Existing model owner; repair tasks link to services,RETAIN OWNER / IMPROVE SCOPE,1 source observations; one selected metrics row only; query data are not joined to landing URLs.
BMW 5 Series service Dubai,bmw 5 series service dubai,BMW,B3 brief example #73,B3 user brief,,OTHER SOURCE — USER BRIEF EXAMPLE,,,,,Model commercial,5 SERIES model service,/brands/bmw-service-dubai/5-series,COVERED — MODEL PAGE,/brands/bmw-service-dubai/5-series,Existing model owner; repair tasks link to services,RETAIN OWNER / IMPROVE SCOPE,1 source observations; one selected metrics row only; query data are not joined to landing URLs.
bmw 8 series alpina b8 engine repair dubai,bmw 8 series alpina b8 engine repair dubai,BMW,Queries!A885,digitecme.com-Performance-on-Search-2026-09-05.xlsx,2026-08-06 to 2026-09-02,MEASURED ORIGINAL GSC,0.0,5.0,0.0,22.8,Commercial service,BMW mechanical repair,/brands/bmw-service-dubai/mechanical-repair,COVERED — SECTION,/brands/bmw-service-dubai/mechanical-repair,Existing specific service; exact scope follows inspection,RETAIN OWNER / IMPROVE SCOPE,1 source observations; one selected metrics row only; query data are not joined to landing URLs.
bmw abs repair,bmw abs repair,BMW,Master Keywords!A2530,DIGI-TEC_SEO_Keyword_Universe_Dubai.xlsx,,GENERATED TAXONOMY,,,,,Commercial service,BMW brake repair,/brands/bmw-service-dubai/brake-repair,COVERED — SECTION,/brands/bmw-service-dubai/brake-repair,Existing specific service; exact scope follows inspection,RETAIN OWNER / IMPROVE SCOPE,1 source observations; one selected metrics row only; query data are not joined to landing URLs.
bmw abs repair dubai,bmw abs repair dubai,BMW,Master Keywords!A975,DIGI-TEC_SEO_Keyword_Universe_Dubai.xlsx,,GENERATED TAXONOMY,,,,,Commercial service,BMW brake repair,/brands/bmw-service-dubai/brake-repair,COVERED — SECTION,/brands/bmw-service-dubai/brake-repair,Existing specific service; exact scope follows inspection,RETAIN OWNER / IMPROVE SCOPE,1 source observations; one selected metrics row only; query data are not joined to landing URLs.
bmw abs warning light,bmw abs warning light,BMW,Master Keywords!A2531,DIGI-TEC_SEO_Keyword_Universe_Dubai.xlsx,,GENERATED TAXONOMY,,,,,Service section,Symptom assessment,/brands/bmw-service-dubai/engine-diagnostics,COVERED — SECTION,/brands/bmw-service-dubai/engine-diagnostics,Existing service explains diagnostic route; no measured case for a separate thin guide,RETAIN OWNER / IMPROVE SCOPE,1 source observations; one selected metrics row only; query data are not joined to landing URLs.
bmw abs warning light dubai,bmw abs warning light dubai,BMW,Master Keywords!A976,DIGI-TEC_SEO_Keyword_Universe_Dubai.xlsx,,GENERATED TAXONOMY,,,,,Service section,Symptom assessment,/brands/bmw-service-dubai/engine-diagnostics,COVERED — SECTION,/brands/bmw-service-dubai/engine-diagnostics,Existing service explains diagnostic route; no measured case for a separate thin guide,RETAIN OWNER / IMPROVE SCOPE,1 source observations; one selected metrics row only; query data are not joined to landing URLs.
bmw ac compressor replacement,bmw ac compressor replacement,BMW,Master Keywords!A2502,DIGI-TEC_SEO_Keyword_Universe_Dubai.xlsx,,GENERATED TAXONOMY,,,,,Commercial service,BMW AC repair,/brands/bmw-service-dubai/ac-repair,COVERED — PRIMARY,/brands/bmw-service-dubai/ac-repair,Existing specific service; exact scope follows inspection,RETAIN OWNER / IMPROVE SCOPE,1 source observations; one selected metrics row only; query data are not joined to landing URLs.
bmw ac compressor replacement dubai,bmw ac compressor replacement dubai,BMW,Master Keywords!A963,DIGI-TEC_SEO_Keyword_Universe_Dubai.xlsx,,GENERATED TAXONOMY,,,,,Commercial service,BMW AC repair,/brands/bmw-service-dubai/ac-repair,COVERED — PRIMARY,/brands/bmw-service-dubai/ac-repair,Existing specific service; exact scope follows inspection,RETAIN OWNER / IMPROVE SCOPE,1 source observations; one selected metrics row only; query data are not joined to landing URLs.
bmw ac condenser replacement,bmw ac condenser replacement,BMW,Master Keywords!A2503,DIGI-TEC_SEO_Keyword_Universe_Dubai.xlsx,,GENERATED TAXONOMY,,,,,Commercial service,BMW AC repair,/brands/bmw-service-dubai/ac-repair,COVERED — PRIMARY,/brands/bmw-service-dubai/ac-repair,Existing specific service; exact scope follows inspection,RETAIN OWNER / IMPROVE SCOPE,1 source observations; one selected metrics row only; query data are not joined to landing URLs.
bmw ac condenser replacement dubai,bmw ac condenser replacement dubai,BMW,Master Keywords!A964,DIGI-TEC_SEO_Keyword_Universe_Dubai.xlsx,,GENERATED TAXONOMY,,,,,Commercial service,BMW AC repair,/brands/bmw-service-dubai/ac-repair,COVERED — PRIMARY,/brands/bmw-service-dubai/ac-repair,Existing specific service; exact scope follows inspection,RETAIN OWNER / IMPROVE SCOPE,1 source observations; one selected metrics row only; query data are not joined to landing URLs.
bmw ac gas refill,bmw ac gas refill,BMW,Master Keywords!A2504,DIGI-TEC_SEO_Keyword_Universe_Dubai.xlsx,,GENERATED TAXONOMY,,,,,Commercial service,BMW AC repair,/brands/bmw-service-dubai/ac-repair,COVERED — PRIMARY,/brands/bmw-service-dubai/ac-repair,Existing specific service; exact scope follows inspection,RETAIN OWNER / IMPROVE SCOPE,1 source observations; one selected metrics row only; query data are not joined to landing URLs.
bmw ac gas refill dubai,bmw ac gas refill dubai,BMW,Master Keywords!A965,DIGI-TEC_SEO_Keyword_Universe_Dubai.xlsx,,GENERATED TAXONOMY,,,,,Commercial service,BMW AC repair,/brands/bmw-service-dubai/ac-repair,COVERED — PRIMARY,/brands/bmw-service-dubai/ac-repair,Existing specific service; exact scope follows inspection,RETAIN OWNER / IMPROVE SCOPE,1 source observations; one selected metrics row only; query data are not joined to landing URLs.
bmw ac leak repair,bmw ac leak repair,BMW,Master Keywords!A2505,DIGI-TEC_SEO_Keyword_Universe_Dubai.xlsx,,GENERATED TAXONOMY,,,,,Commercial service,BMW AC repair,/brands/bmw-service-dubai/ac-repair,COVERED — PRIMARY,/brands/bmw-service-dubai/ac-repair,Existing specific service; exact scope follows inspection,RETAIN OWNER / IMPROVE SCOPE,1 source observations; one selected metrics row only; query data are not joined to landing URLs.
bmw ac leak repair dubai,bmw ac leak repair dubai,BMW,Master Keywords!A966,DIGI-TEC_SEO_Keyword_Universe_Dubai.xlsx,,GENERATED TAXONOMY,,,,,Commercial service,BMW AC repair,/brands/bmw-service-dubai/ac-repair,COVERED — PRIMARY,/brands/bmw-service-dubai/ac-repair,Existing specific service; exact scope follows inspection,RETAIN OWNER / IMPROVE SCOPE,1 source observations; one selected metrics row only; query data are not joined to landing URLs.
bmw ac not cooling,bmw ac not cooling,BMW,Master Keywords!A2506,DIGI-TEC_SEO_Keyword_Universe_Dubai.xlsx,,GENERATED TAXONOMY,,,,,Service section,Symptom assessment,/brands/bmw-service-dubai/ac-repair,COVERED — SECTION,/brands/bmw-service-dubai/ac-repair,Existing service explains diagnostic route; no measured case for a separate thin guide,RETAIN OWNER / IMPROVE SCOPE,2 source observations; one selected metrics row only; query data are not joined to landing URLs.
bmw ac not cooling dubai,bmw ac not cooling dubai,BMW,Master Keywords!A967,DIGI-TEC_SEO_Keyword_Universe_Dubai.xlsx,,GENERATED TAXONOMY,,,,,Service section,Symptom assessment,/brands/bmw-service-dubai/ac-repair,COVERED — SECTION,/brands/bmw-service-dubai/ac-repair,Existing service explains diagnostic route; no measured case for a separate thin guide,RETAIN OWNER / IMPROVE SCOPE,1 source observations; one selected metrics row only; query data are not joined to landing URLs.
bmw ac repair,bmw ac repair,BMW,Queries!A503,digitecme.com-Performance-on-Search-2026-09-27.xlsx,2026-04-12 to 2026-09-25,MEASURED ORIGINAL GSC,0.0,45.0,0.0,10.82,Commercial service,BMW AC repair,/brands/bmw-service-dubai/ac-repair,COVERED — PRIMARY,/brands/bmw-service-dubai/ac-repair,Existing specific service; exact scope follows inspection,RETAIN OWNER / IMPROVE SCOPE,6 source observations; one selected metrics row only; query data are not joined to landing URLs.
bmw ac repair dubai,bmw ac repair dubai,BMW,Queries!A536,digitecme.com-Performance-on-Search-2026-09-27.xlsx,2026-04-12 to 2026-09-25,MEASURED ORIGINAL GSC,0.0,42.0,0.0,15.5,Commercial service,BMW AC repair,/brands/bmw-service-dubai/ac-repair,COVERED — PRIMARY,/brands/bmw-service-dubai/ac-repair,Existing specific service; exact scope follows inspection,RETAIN OWNER / IMPROVE SCOPE,8 source observations; one selected metrics row only; query data are not joined to landing URLs.
bmw ac repair in dubai,bmw ac repair in dubai,BMW,Queries!A838,digitecme.com-Performance-on-Search-2026-09-05.xlsx,2026-08-06 to 2026-09-02,MEASURED ORIGINAL GSC,0.0,5.0,0.0,9.2,Commercial service,BMW AC repair,/brands/bmw-service-dubai/ac-repair,COVERED — PRIMARY,/brands/bmw-service-dubai/ac-repair,Existing specific service; exact scope follows inspection,RETAIN OWNER / IMPROVE SCOPE,1 source observations; one selected metrics row only; query data are not joined to landing URLs.
bmw ac repair near me,bmw ac repair near me,BMW,Master Keywords!A2507,DIGI-TEC_SEO_Keyword_Universe_Dubai.xlsx,,GENERATED TAXONOMY,,,,,Commercial service,BMW AC repair,/brands/bmw-service-dubai/ac-repair,COVERED — PRIMARY,/brands/bmw-service-dubai/ac-repair,Existing specific service; exact scope follows inspection,RETAIN OWNER / IMPROVE SCOPE,1 source observations; one selected metrics row only; query data are not joined to landing URLs.
bmw accident repair,bmw accident repair,BMW,Master Keywords!A2515,DIGI-TEC_SEO_Keyword_Universe_Dubai.xlsx,,GENERATED TAXONOMY,,,,,Commercial service,BMW body repair,/brands/bmw-service-dubai/body-repair,COVERED — SECTION,/brands/bmw-service-dubai/body-repair,Existing specific service; exact scope follows inspection,RETAIN OWNER,1 source observations; one selected metrics row only; query data are not joined to landing URLs.
bmw accident repair dubai,bmw accident repair dubai,BMW,Master Keywords!A2516,DIGI-TEC_SEO_Keyword_Universe_Dubai.xlsx,,GENERATED TAXONOMY,,,,,Commercial service,BMW body repair,/brands/bmw-service-dubai/body-repair,COVERED — SECTION,/brands/bmw-service-dubai/body-repair,Existing specific service; exact scope follows inspection,RETAIN OWNER,1 source observations; one selected metrics row only; query data are not joined to landing URLs.
BMW adaptive suspension repair Dubai,bmw adaptive suspension repair dubai,BMW,B3 brief example #35,B3 user brief,,OTHER SOURCE — USER BRIEF EXAMPLE,,,,,Commercial service,BMW suspension repair,/brands/bmw-service-dubai/suspension-repair,COVERED — PRIMARY,/brands/bmw-service-dubai/suspension-repair,Existing specific service; exact scope follows inspection,RETAIN OWNER / IMPROVE SCOPE,1 source observations; one selected metrics row only; query data are not joined to landing URLs.
bmw air conditioning repair,bmw air conditioning repair,BMW,Queries!A695,digitecme.com-Performance-on-Search-2026-09-13.xlsx,2026-09-05 to 2026-09-11,MEASURED ORIGINAL GSC,0.0,2.0,0.0,12.0,Commercial service,BMW AC repair,/brands/bmw-service-dubai/ac-repair,COVERED — SECTION,/brands/bmw-service-dubai/ac-repair,Existing specific service; exact scope follows inspection,RETAIN OWNER / IMPROVE SCOPE,4 source observations; one selected metrics row only; query data are not joined to landing URLs.
bmw air conditioning repair dubai,bmw air conditioning repair dubai,BMW,Master Keywords!A968,DIGI-TEC_SEO_Keyword_Universe_Dubai.xlsx,,GENERATED TAXONOMY,,,,,Commercial service,BMW AC repair,/brands/bmw-service-dubai/ac-repair,COVERED — SECTION,/brands/bmw-service-dubai/ac-repair,Existing specific service; exact scope follows inspection,RETAIN OWNER / IMPROVE SCOPE,1 source observations; one selected metrics row only; query data are not joined to landing URLs.
bmw air filter replacement,bmw air filter replacement,BMW,Master Keywords!A2717,DIGI-TEC_SEO_Keyword_Universe_Dubai.xlsx,,GENERATED TAXONOMY,,,,,Broad commercial,BMW service/repair discovery,/brands/bmw-service-dubai,COVERED — PRIMARY,/brands/bmw-service-dubai,Single broad booking and directory owner,RETAIN OWNER / IMPROVE SCOPE,1 source observations; one selected metrics row only; query data are not joined to landing URLs.
bmw air filter replacement dubai,bmw air filter replacement dubai,BMW,Master Keywords!A2718,DIGI-TEC_SEO_Keyword_Universe_Dubai.xlsx,,GENERATED TAXONOMY,,,,,Broad commercial,BMW service/repair discovery,/brands/bmw-service-dubai,COVERED — PRIMARY,/brands/bmw-service-dubai,Single broad booking and directory owner,RETAIN OWNER / IMPROVE SCOPE,1 source observations; one selected metrics row only; query data are not joined to landing URLs.
bmw air suspension compressor replacement,bmw air suspension compressor replacement,BMW,Master Keywords!A2752,DIGI-TEC_SEO_Keyword_Universe_Dubai.xlsx,,GENERATED TAXONOMY,,,,,Commercial service,BMW suspension repair,/brands/bmw-service-dubai/suspension-repair,COVERED — PRIMARY,/brands/bmw-service-dubai/suspension-repair,Existing specific service; exact scope follows inspection,RETAIN OWNER / IMPROVE SCOPE,1 source observations; one selected metrics row only; query data are not joined to landing URLs.
bmw air suspension compressor replacement dubai,bmw air suspension compressor replacement dubai,BMW,Master Keywords!A1020,DIGI-TEC_SEO_Keyword_Universe_Dubai.xlsx,,GENERATED TAXONOMY,,,,,Commercial service,BMW suspension repair,/brands/bmw-service-dubai/suspension-repair,COVERED — PRIMARY,/brands/bmw-service-dubai/suspension-repair,Existing specific service; exact scope follows inspection,RETAIN OWNER / IMPROVE SCOPE,1 source observations; one selected metrics row only; query data are not joined to landing URLs.
bmw air suspension repair,bmw air suspension repair,BMW,Queries!A990,digitecme.com-Performance-on-Search-2026-09-05.xlsx,2026-08-06 to 2026-09-02,MEASURED ORIGINAL GSC,0.0,4.0,0.0,11.25,Commercial service,BMW suspension repair,/brands/bmw-service-dubai/suspension-repair,COVERED — PRIMARY,/brands/bmw-service-dubai/suspension-repair,Existing specific service; exact scope follows inspection,RETAIN OWNER / IMPROVE SCOPE,2 source observations; one selected metrics row only; query data are not joined to landing URLs.
bmw air suspension repair dubai,bmw air suspension repair dubai,BMW,Master Keywords!A1021,DIGI-TEC_SEO_Keyword_Universe_Dubai.xlsx,,GENERATED TAXONOMY,,,,,Commercial service,BMW suspension repair,/brands/bmw-service-dubai/suspension-repair,COVERED — PRIMARY,/brands/bmw-service-dubai/suspension-repair,Existing specific service; exact scope follows inspection,RETAIN OWNER / IMPROVE SCOPE,2 source observations; one selected metrics row only; query data are not joined to landing URLs.
bmw alternator repair,bmw alternator repair,BMW,Master Keywords!A2583,DIGI-TEC_SEO_Keyword_Universe_Dubai.xlsx,,GENERATED TAXONOMY,,,,,Commercial service,BMW electrical repair,/brands/bmw-service-dubai/electrical-repair,COVERED — SECTION,/brands/bmw-service-dubai/electrical-repair,Existing specific service; exact scope follows inspection,RETAIN OWNER / IMPROVE SCOPE,1 source observations; one selected metrics row only; query data are not joined to landing URLs.
bmw alternator repair dubai,bmw alternator repair dubai,BMW,Master Keywords!A991,DIGI-TEC_SEO_Keyword_Universe_Dubai.xlsx,,GENERATED TAXONOMY,,,,,Commercial service,BMW electrical repair,/brands/bmw-service-dubai/electrical-repair,COVERED — SECTION,/brands/bmw-service-dubai/electrical-repair,Existing specific service; exact scope follows inspection,RETAIN OWNER / IMPROVE SCOPE,1 source observations; one selected metrics row only; query data are not joined to landing URLs.
bmw alternator replacement,bmw alternator replacement,BMW,Master Keywords!A2584,DIGI-TEC_SEO_Keyword_Universe_Dubai.xlsx,,GENERATED TAXONOMY,,,,,Commercial service,BMW electrical repair,/brands/bmw-service-dubai/electrical-repair,COVERED — SECTION,/brands/bmw-service-dubai/electrical-repair,Existing specific service; exact scope follows inspection,RETAIN OWNER / IMPROVE SCOPE,1 source observations; one selected metrics row only; query data are not joined to landing URLs.
bmw alternator replacement dubai,bmw alternator replacement dubai,BMW,Master Keywords!A992,DIGI-TEC_SEO_Keyword_Universe_Dubai.xlsx,,GENERATED TAXONOMY,,,,,Commercial service,BMW electrical repair,/brands/bmw-service-dubai/electrical-repair,COVERED — SECTION,/brands/bmw-service-dubai/electrical-repair,Existing specific service; exact scope follows inspection,RETAIN OWNER / IMPROVE SCOPE,1 source observations; one selected metrics row only; query data are not joined to landing URLs.
bmw android auto upgrade,bmw android auto upgrade,BMW,Master Keywords!A2639,DIGI-TEC_SEO_Keyword_Universe_Dubai.xlsx,,GENERATED TAXONOMY,,,,,Broad commercial,BMW service/repair discovery,/brands/bmw-service-dubai,COVERED — PRIMARY,/brands/bmw-service-dubai,Single broad booking and directory owner,RETAIN OWNER / IMPROVE SCOPE,1 source observations; one selected metrics row only; query data are not joined to landing URLs.
bmw android auto upgrade dubai,bmw android auto upgrade dubai,BMW,Master Keywords!A2640,DIGI-TEC_SEO_Keyword_Universe_Dubai.xlsx,,GENERATED TAXONOMY,,,,,Broad commercial,BMW service/repair discovery,/brands/bmw-service-dubai,COVERED — PRIMARY,/brands/bmw-service-dubai,Single broad booking and directory owner,RETAIN OWNER / IMPROVE SCOPE,1 source observations; one selected metrics row only; query data are not joined to landing URLs.
bmw apple carplay upgrade,bmw apple carplay upgrade,BMW,Master Keywords!A2641,DIGI-TEC_SEO_Keyword_Universe_Dubai.xlsx,,GENERATED TAXONOMY,,,,,Unverified service,Unverified function,,NOT TARGETED — INTENTIONALLY,,BMW-specific function or offering not established by keyword evidence,DO NOT TARGET WITHOUT SERVICE VERIFICATION,1 source observations; one selected metrics row only; query data are not joined to landing URLs.
bmw apple carplay upgrade dubai,bmw apple carplay upgrade dubai,BMW,Master Keywords!A2642,DIGI-TEC_SEO_Keyword_Universe_Dubai.xlsx,,GENERATED TAXONOMY,,,,,Unverified service,Unverified function,,NOT TARGETED — INTENTIONALLY,,BMW-specific function or offering not established by keyword evidence,DO NOT TARGET WITHOUT SERVICE VERIFICATION,1 source observations; one selected metrics row only; query data are not joined to landing URLs.
bmw battery drain repair,bmw battery drain repair,BMW,Master Keywords!A2585,DIGI-TEC_SEO_Keyword_Universe_Dubai.xlsx,,GENERATED TAXONOMY,,,,,Commercial service,BMW battery assessment,/brands/bmw-service-dubai/battery-replacement,COVERED — PRIMARY,/brands/bmw-service-dubai/battery-replacement,Existing specific service; exact scope follows inspection,RETAIN OWNER / IMPROVE SCOPE,1 source observations; one selected metrics row only; query data are not joined to landing URLs.
bmw battery drain repair dubai,bmw battery drain repair dubai,BMW,Master Keywords!A993,DIGI-TEC_SEO_Keyword_Universe_Dubai.xlsx,,GENERATED TAXONOMY,,,,,Commercial service,BMW battery assessment,/brands/bmw-service-dubai/battery-replacement,COVERED — PRIMARY,/brands/bmw-service-dubai/battery-replacement,Existing specific service; exact scope follows inspection,RETAIN OWNER / IMPROVE SCOPE,1 source observations; one selected metrics row only; query data are not joined to landing URLs.
BMW battery keeps dying,bmw battery keeps dying,BMW,B3 brief example #62,B3 user brief,,OTHER SOURCE — USER BRIEF EXAMPLE,,,,,Service section,Symptom assessment,/brands/bmw-service-dubai/engine-diagnostics,COVERED — SECTION,/brands/bmw-service-dubai/engine-diagnostics,Existing service explains diagnostic route; no measured case for a separate thin guide,RETAIN OWNER / IMPROVE SCOPE,1 source observations; one selected metrics row only; query data are not joined to landing URLs.
BMW battery registration Dubai,bmw battery registration dubai,BMW,B3 brief example #42,B3 user brief,,OTHER SOURCE — USER BRIEF EXAMPLE,,,,,Commercial service,BMW battery assessment,/brands/bmw-service-dubai/battery-replacement,COVERED — PRIMARY,/brands/bmw-service-dubai/battery-replacement,Existing specific service; exact scope follows inspection,RETAIN OWNER / IMPROVE SCOPE,1 source observations; one selected metrics row only; query data are not joined to landing URLs.
bmw battery replacement,bmw battery replacement,BMW,Queries!A381,digitecme.com-Performance-on-Search-2026-09-27.xlsx,2026-04-12 to 2026-09-25,MEASURED ORIGINAL GSC,0.0,65.0,0.0,27.88,Commercial service,BMW battery assessment,/brands/bmw-service-dubai/battery-replacement,COVERED — PRIMARY,/brands/bmw-service-dubai/battery-replacement,Existing specific service; exact scope follows inspection,RETAIN OWNER / IMPROVE SCOPE,8 source observations; one selected metrics row only; query data are not joined to landing URLs.
bmw battery replacement dubai,bmw battery replacement dubai,BMW,Queries!A474,digitecme.com-Performance-on-Search-2026-09-27.xlsx,2026-04-12 to 2026-09-25,MEASURED ORIGINAL GSC,0.0,48.0,0.0,18.46,Commercial service,BMW battery assessment,/brands/bmw-service-dubai/battery-replacement,COVERED — PRIMARY,/brands/bmw-service-dubai/battery-replacement,Existing specific service; exact scope follows inspection,RETAIN OWNER / IMPROVE SCOPE,9 source observations; one selected metrics row only; query data are not joined to landing URLs.
bmw battery replacement near me,bmw battery replacement near me,BMW,Master Keywords!A2586,DIGI-TEC_SEO_Keyword_Universe_Dubai.xlsx,,GENERATED TAXONOMY,,,,,Commercial service,BMW battery assessment,/brands/bmw-service-dubai/battery-replacement,COVERED — PRIMARY,/brands/bmw-service-dubai/battery-replacement,Existing specific service; exact scope follows inspection,RETAIN OWNER / IMPROVE SCOPE,1 source observations; one selected metrics row only; query data are not joined to landing URLs.
BMW blue smoke,bmw blue smoke,BMW,B3 brief example #64,B3 user brief,,OTHER SOURCE — USER BRIEF EXAMPLE,,,,,Service section,Symptom assessment,/brands/bmw-service-dubai/mechanical-repair,COVERED — SECTION,/brands/bmw-service-dubai/mechanical-repair,Existing service explains diagnostic route; no measured case for a separate thin guide,RETAIN OWNER / IMPROVE SCOPE,1 source observations; one selected metrics row only; query data are not joined to landing URLs.
BMW bmw coding,bmw bmw coding,BMW,Brand Specific Systems!B62,DIGI-TEC_SEO_Keyword_Universe_Dubai.xlsx,,RESEARCH KEYWORD,,,,,Commercial service,BMW diagnostics,/brands/bmw-service-dubai/engine-diagnostics,COVERED — PRIMARY,/brands/bmw-service-dubai/engine-diagnostics,Existing specific service; exact scope follows inspection,RETAIN OWNER / IMPROVE SCOPE,1 source observations; one selected metrics row only; query data are not joined to landing URLs.
BMW bmw software update,bmw bmw software update,BMW,Brand Specific Systems!B63,DIGI-TEC_SEO_Keyword_Universe_Dubai.xlsx,,RESEARCH KEYWORD,,,,,Broad commercial,BMW service/repair discovery,/brands/bmw-service-dubai,COVERED — PRIMARY,/brands/bmw-service-dubai,Single broad booking and directory owner,RETAIN OWNER / IMPROVE SCOPE,1 source observations; one selected metrics row only; query data are not joined to landing URLs.
bmw body repair,bmw body repair,BMW,Queries!A857,digitecme.com-Performance-on-Search-2026-09-16.xlsx,2026-09-07 to 2026-09-13,MEASURED ORIGINAL GSC,0.0,1.0,0.0,2.0,Commercial service,BMW body repair,/brands/bmw-service-dubai/body-repair,COVERED — PRIMARY,/brands/bmw-service-dubai/body-repair,Existing specific service; exact scope follows inspection,RETAIN OWNER,3 source observations; one selected metrics row only; query data are not joined to landing URLs.
bmw body repair dubai,bmw body repair dubai,BMW,Queries!A928,digitecme.com-Performance-on-Search-2026-09-27.xlsx,2026-04-12 to 2026-09-25,MEASURED ORIGINAL GSC,0.0,21.0,0.0,16.81,Commercial service,BMW body repair,/brands/bmw-service-dubai/body-repair,COVERED — PRIMARY,/brands/bmw-service-dubai/body-repair,Existing specific service; exact scope follows inspection,RETAIN OWNER,6 source observations; one selected metrics row only; query data are not joined to landing URLs.
bmw body repair garage,bmw body repair garage,BMW,Queries!A522,digitecme.com-Performance-on-Search-2026-09-27.xlsx,2026-04-12 to 2026-09-25,MEASURED ORIGINAL GSC,0.0,44.0,0.0,58.68,Commercial service,BMW body repair,/brands/bmw-service-dubai/body-repair,COVERED — PRIMARY,/brands/bmw-service-dubai/body-repair,Existing specific service; exact scope follows inspection,RETAIN OWNER,8 source observations; one selected metrics row only; query data are not joined to landing URLs.
bmw body shop,bmw body shop,BMW,Queries!A882,digitecme.com-Performance-on-Search-2026-09-27.xlsx,2026-04-12 to 2026-09-25,MEASURED ORIGINAL GSC,0.0,23.0,0.0,37.87,Commercial service,BMW body repair,/brands/bmw-service-dubai/body-repair,COVERED — PRIMARY,/brands/bmw-service-dubai/body-repair,Existing specific service; exact scope follows inspection,RETAIN OWNER,7 source observations; one selected metrics row only; query data are not joined to landing URLs.
bmw body shop al quoz,bmw body shop al quoz,BMW,Queries!A975,digitecme.com-Performance-on-Search-2026-09-18.xlsx,2026-09-09 to 2026-09-15,MEASURED ORIGINAL GSC,0.0,1.0,0.0,7.0,Commercial service,BMW body repair,/brands/bmw-service-dubai/body-repair,COVERED — PRIMARY,/brands/bmw-service-dubai/body-repair,Existing specific service; exact scope follows inspection,RETAIN OWNER,1 source observations; one selected metrics row only; query data are not joined to landing URLs.
bmw body shop dubai,bmw body shop dubai,BMW,Queries!A687,digitecme.com-Performance-on-Search-2026-09-27.xlsx,2026-04-12 to 2026-09-25,MEASURED ORIGINAL GSC,0.0,31.0,0.0,44.68,Commercial service,BMW body repair,/brands/bmw-service-dubai/body-repair,COVERED — PRIMARY,/brands/bmw-service-dubai/body-repair,Existing specific service; exact scope follows inspection,RETAIN OWNER,6 source observations; one selected metrics row only; query data are not joined to landing URLs.
bmw boot repair,bmw boot repair,BMW,Master Keywords!A2557,DIGI-TEC_SEO_Keyword_Universe_Dubai.xlsx,,GENERATED TAXONOMY,,,,,Broad commercial,BMW service/repair discovery,/brands/bmw-service-dubai,COVERED — PRIMARY,/brands/bmw-service-dubai,Single broad booking and directory owner,RETAIN OWNER / IMPROVE SCOPE,1 source observations; one selected metrics row only; query data are not joined to landing URLs.
bmw boot repair dubai,bmw boot repair dubai,BMW,Master Keywords!A2558,DIGI-TEC_SEO_Keyword_Universe_Dubai.xlsx,,GENERATED TAXONOMY,,,,,Broad commercial,BMW service/repair discovery,/brands/bmw-service-dubai,COVERED — PRIMARY,/brands/bmw-service-dubai,Single broad booking and directory owner,RETAIN OWNER / IMPROVE SCOPE,1 source observations; one selected metrics row only; query data are not joined to landing URLs.
bmw brake disc replacement,bmw brake disc replacement,BMW,Master Keywords!A2532,DIGI-TEC_SEO_Keyword_Universe_Dubai.xlsx,,GENERATED TAXONOMY,,,,,Commercial service,BMW brake repair,/brands/bmw-service-dubai/brake-repair,COVERED — PRIMARY,/brands/bmw-service-dubai/brake-repair,Existing specific service; exact scope follows inspection,RETAIN OWNER / IMPROVE SCOPE,1 source observations; one selected metrics row only; query data are not joined to landing URLs.
bmw brake disc replacement dubai,bmw brake disc replacement dubai,BMW,Master Keywords!A977,DIGI-TEC_SEO_Keyword_Universe_Dubai.xlsx,,GENERATED TAXONOMY,,,,,Commercial service,BMW brake repair,/brands/bmw-service-dubai/brake-repair,COVERED — PRIMARY,/brands/bmw-service-dubai/brake-repair,Existing specific service; exact scope follows inspection,RETAIN OWNER / IMPROVE SCOPE,1 source observations; one selected metrics row only; query data are not joined to landing URLs.
bmw brake fluid change,bmw brake fluid change,BMW,Master Keywords!A2533,DIGI-TEC_SEO_Keyword_Universe_Dubai.xlsx,,GENERATED TAXONOMY,,,,,Commercial service,BMW brake repair,/brands/bmw-service-dubai/brake-repair,COVERED — PRIMARY,/brands/bmw-service-dubai/brake-repair,Existing specific service; exact scope follows inspection,RETAIN OWNER / IMPROVE SCOPE,1 source observations; one selected metrics row only; query data are not joined to landing URLs.
bmw brake fluid change dubai,bmw brake fluid change dubai,BMW,Master Keywords!A978,DIGI-TEC_SEO_Keyword_Universe_Dubai.xlsx,,GENERATED TAXONOMY,,,,,Commercial service,BMW brake repair,/brands/bmw-service-dubai/brake-repair,COVERED — PRIMARY,/brands/bmw-service-dubai/brake-repair,Existing specific service; exact scope follows inspection,RETAIN OWNER / IMPROVE SCOPE,1 source observations; one selected metrics row only; query data are not joined to landing URLs.
BMW brake grinding,bmw brake grinding,BMW,B3 brief example #45,B3 user brief,,OTHER SOURCE — USER BRIEF EXAMPLE,,,,,Commercial service,BMW brake repair,/brands/bmw-service-dubai/brake-repair,COVERED — PRIMARY,/brands/bmw-service-dubai/brake-repair,Existing specific service; exact scope follows inspection,RETAIN OWNER / IMPROVE SCOPE,1 source observations; one selected metrics row only; query data are not joined to landing URLs.
bmw brake pad replacement,bmw brake pad replacement,BMW,Master Keywords!A2534,DIGI-TEC_SEO_Keyword_Universe_Dubai.xlsx,,GENERATED TAXONOMY,,,,,Commercial service,BMW brake repair,/brands/bmw-service-dubai/brake-repair,COVERED — PRIMARY,/brands/bmw-service-dubai/brake-repair,Existing specific service; exact scope follows inspection,RETAIN OWNER / IMPROVE SCOPE,1 source observations; one selected metrics row only; query data are not joined to landing URLs.
bmw brake pad replacement dubai,bmw brake pad replacement dubai,BMW,Master Keywords!A979,DIGI-TEC_SEO_Keyword_Universe_Dubai.xlsx,,GENERATED TAXONOMY,,,,,Commercial service,BMW brake repair,/brands/bmw-service-dubai/brake-repair,COVERED — PRIMARY,/brands/bmw-service-dubai/brake-repair,Existing specific service; exact scope follows inspection,RETAIN OWNER / IMPROVE SCOPE,2 source observations; one selected metrics row only; query data are not joined to landing URLs.
bmw brake repair,bmw brake repair,BMW,Queries!A422,digitecme.com-Performance-on-Search-2026-09-05.xlsx,2026-08-06 to 2026-09-02,MEASURED ORIGINAL GSC,0.0,13.0,0.0,10.77,Commercial service,BMW brake repair,/brands/bmw-service-dubai/brake-repair,COVERED — PRIMARY,/brands/bmw-service-dubai/brake-repair,Existing specific service; exact scope follows inspection,RETAIN OWNER / IMPROVE SCOPE,6 source observations; one selected metrics row only; query data are not joined to landing URLs.
bmw brake repair dubai,bmw brake repair dubai,BMW,Queries!A510,digitecme.com-Performance-on-Search-2026-09-27.xlsx,2026-04-12 to 2026-09-25,MEASURED ORIGINAL GSC,0.0,44.0,0.0,13.23,Commercial service,BMW brake repair,/brands/bmw-service-dubai/brake-repair,COVERED — PRIMARY,/brands/bmw-service-dubai/brake-repair,Existing specific service; exact scope follows inspection,RETAIN OWNER / IMPROVE SCOPE,9 source observations; one selected metrics row only; query data are not joined to landing URLs.
bmw brake repair near me,bmw brake repair near me,BMW,Master Keywords!A2536,DIGI-TEC_SEO_Keyword_Universe_Dubai.xlsx,,GENERATED TAXONOMY,,,,,Commercial service,BMW brake repair,/brands/bmw-service-dubai/brake-repair,COVERED — PRIMARY,/brands/bmw-service-dubai/brake-repair,Existing specific service; exact scope follows inspection,RETAIN OWNER / IMPROVE SCOPE,1 source observations; one selected metrics row only; query data are not joined to landing URLs.
bmw brake rotor replacement,bmw brake rotor replacement,BMW,Master Keywords!A2537,DIGI-TEC_SEO_Keyword_Universe_Dubai.xlsx,,GENERATED TAXONOMY,,,,,Commercial service,BMW brake repair,/brands/bmw-service-dubai/brake-repair,COVERED — PRIMARY,/brands/bmw-service-dubai/brake-repair,Existing specific service; exact scope follows inspection,RETAIN OWNER / IMPROVE SCOPE,1 source observations; one selected metrics row only; query data are not joined to landing URLs.
bmw brake rotor replacement dubai,bmw brake rotor replacement dubai,BMW,Master Keywords!A980,DIGI-TEC_SEO_Keyword_Universe_Dubai.xlsx,,GENERATED TAXONOMY,,,,,Commercial service,BMW brake repair,/brands/bmw-service-dubai/brake-repair,COVERED — PRIMARY,/brands/bmw-service-dubai/brake-repair,Existing specific service; exact scope follows inspection,RETAIN OWNER / IMPROVE SCOPE,1 source observations; one selected metrics row only; query data are not joined to landing URLs.
bmw brake service,bmw brake service,BMW,Master Keywords!A2538,DIGI-TEC_SEO_Keyword_Universe_Dubai.xlsx,,GENERATED TAXONOMY,,,,,Commercial service,BMW brake repair,/brands/bmw-service-dubai/brake-repair,COVERED — PRIMARY,/brands/bmw-service-dubai/brake-repair,Existing specific service; exact scope follows inspection,RETAIN OWNER / IMPROVE SCOPE,1 source observations; one selected metrics row only; query data are not joined to landing URLs.
bmw brake service dubai,bmw brake service dubai,BMW,Queries!A690,digitecme.com-Performance-on-Search-2026-09-05.xlsx,2026-08-06 to 2026-09-02,MEASURED ORIGINAL GSC,0.0,7.0,0.0,26.0,Commercial service,BMW brake repair,/brands/bmw-service-dubai/brake-repair,COVERED — PRIMARY,/brands/bmw-service-dubai/brake-repair,Existing specific service; exact scope follows inspection,RETAIN OWNER / IMPROVE SCOPE,6 source observations; one selected metrics row only; query data are not joined to landing URLs.
bmw brake squeaking repair,bmw brake squeaking repair,BMW,Master Keywords!A2539,DIGI-TEC_SEO_Keyword_Universe_Dubai.xlsx,,GENERATED TAXONOMY,,,,,Commercial service,BMW brake repair,/brands/bmw-service-dubai/brake-repair,COVERED — PRIMARY,/brands/bmw-service-dubai/brake-repair,Existing specific service; exact scope follows inspection,RETAIN OWNER / IMPROVE SCOPE,1 source observations; one selected metrics row only; query data are not joined to landing URLs.
bmw brake squeaking repair dubai,bmw brake squeaking repair dubai,BMW,Master Keywords!A982,DIGI-TEC_SEO_Keyword_Universe_Dubai.xlsx,,GENERATED TAXONOMY,,,,,Commercial service,BMW brake repair,/brands/bmw-service-dubai/brake-repair,COVERED — PRIMARY,/brands/bmw-service-dubai/brake-repair,Existing specific service; exact scope follows inspection,RETAIN OWNER / IMPROVE SCOPE,1 source observations; one selected metrics row only; query data are not joined to landing URLs.
bmw brake vibration repair,bmw brake vibration repair,BMW,Master Keywords!A2540,DIGI-TEC_SEO_Keyword_Universe_Dubai.xlsx,,GENERATED TAXONOMY,,,,,Service section,Symptom assessment,/brands/bmw-service-dubai/engine-diagnostics,COVERED — SECTION,/brands/bmw-service-dubai/engine-diagnostics,Existing service explains diagnostic route; no measured case for a separate thin guide,RETAIN OWNER / IMPROVE SCOPE,1 source observations; one selected metrics row only; query data are not joined to landing URLs.
bmw brake vibration repair dubai,bmw brake vibration repair dubai,BMW,Master Keywords!A983,DIGI-TEC_SEO_Keyword_Universe_Dubai.xlsx,,GENERATED TAXONOMY,,,,,Service section,Symptom assessment,/brands/bmw-service-dubai/engine-diagnostics,COVERED — SECTION,/brands/bmw-service-dubai/engine-diagnostics,Existing service explains diagnostic route; no measured case for a separate thin guide,RETAIN OWNER / IMPROVE SCOPE,1 source observations; one selected metrics row only; query data are not joined to landing URLs.
bmw brakes repair,bmw brakes repair,BMW,Queries!A463,digitecme.com-Performance-on-Search-2026-09-13.xlsx,2026-09-05 to 2026-09-11,MEASURED ORIGINAL GSC,0.0,4.0,0.0,19.5,Broad commercial,BMW service/repair discovery,/brands/bmw-service-dubai,COVERED — PRIMARY,/brands/bmw-service-dubai,Single broad booking and directory owner,RETAIN OWNER / IMPROVE SCOPE,3 source observations; one selected metrics row only; query data are not joined to landing URLs.
bmw bumper repair,bmw bumper repair,BMW,Master Keywords!A2518,DIGI-TEC_SEO_Keyword_Universe_Dubai.xlsx,,GENERATED TAXONOMY,,,,,Commercial service,BMW body repair,/brands/bmw-service-dubai/body-repair,COVERED — SECTION,/brands/bmw-service-dubai/body-repair,Existing specific service; exact scope follows inspection,RETAIN OWNER,1 source observations; one selected metrics row only; query data are not joined to landing URLs.
bmw bumper repair dubai,bmw bumper repair dubai,BMW,Master Keywords!A2519,DIGI-TEC_SEO_Keyword_Universe_Dubai.xlsx,,GENERATED TAXONOMY,,,,,Commercial service,BMW body repair,/brands/bmw-service-dubai/body-repair,COVERED — SECTION,/brands/bmw-service-dubai/body-repair,Existing specific service; exact scope follows inspection,RETAIN OWNER,1 source observations; one selected metrics row only; query data are not joined to landing URLs.
bmw bushing replacement,bmw bushing replacement,BMW,Master Keywords!A2754,DIGI-TEC_SEO_Keyword_Universe_Dubai.xlsx,,GENERATED TAXONOMY,,,,,Commercial service,BMW suspension repair,/brands/bmw-service-dubai/suspension-repair,COVERED — SECTION,/brands/bmw-service-dubai/suspension-repair,Existing specific service; exact scope follows inspection,RETAIN OWNER / IMPROVE SCOPE,1 source observations; one selected metrics row only; query data are not joined to landing URLs.
bmw bushing replacement dubai,bmw bushing replacement dubai,BMW,Master Keywords!A1022,DIGI-TEC_SEO_Keyword_Universe_Dubai.xlsx,,GENERATED TAXONOMY,,,,,Commercial service,BMW suspension repair,/brands/bmw-service-dubai/suspension-repair,COVERED — SECTION,/brands/bmw-service-dubai/suspension-repair,Existing specific service; exact scope follows inspection,RETAIN OWNER / IMPROVE SCOPE,1 source observations; one selected metrics row only; query data are not joined to landing URLs.
bmw cabin filter replacement,bmw cabin filter replacement,BMW,Master Keywords!A2719,DIGI-TEC_SEO_Keyword_Universe_Dubai.xlsx,,GENERATED TAXONOMY,,,,,Broad commercial,BMW service/repair discovery,/brands/bmw-service-dubai,COVERED — PRIMARY,/brands/bmw-service-dubai,Single broad booking and directory owner,RETAIN OWNER / IMPROVE SCOPE,1 source observations; one selected metrics row only; query data are not joined to landing URLs.
bmw cabin filter replacement dubai,bmw cabin filter replacement dubai,BMW,Master Keywords!A2720,DIGI-TEC_SEO_Keyword_Universe_Dubai.xlsx,,GENERATED TAXONOMY,,,,,Broad commercial,BMW service/repair discovery,/brands/bmw-service-dubai,COVERED — PRIMARY,/brands/bmw-service-dubai,Single broad booking and directory owner,RETAIN OWNER / IMPROVE SCOPE,1 source observations; one selected metrics row only; query data are not joined to landing URLs.
bmw camera not working,bmw camera not working,BMW,Master Keywords!A2643,DIGI-TEC_SEO_Keyword_Universe_Dubai.xlsx,,GENERATED TAXONOMY,,,,,Commercial section,iDrive/electronics assessment,/brands/bmw-service-dubai/electrical-repair,COVERED — SECTION,/brands/bmw-service-dubai/electrical-repair,Fault diagnosis and upgrade enquiry remain distinct; no thin module URL,RETAIN OWNER / IMPROVE SCOPE,1 source observations; one selected metrics row only; query data are not joined to landing URLs.
bmw camera not working dubai,bmw camera not working dubai,BMW,Master Keywords!A2644,DIGI-TEC_SEO_Keyword_Universe_Dubai.xlsx,,GENERATED TAXONOMY,,,,,Commercial section,iDrive/electronics assessment,/brands/bmw-service-dubai/electrical-repair,COVERED — SECTION,/brands/bmw-service-dubai/electrical-repair,Fault diagnosis and upgrade enquiry remain distinct; no thin module URL,RETAIN OWNER / IMPROVE SCOPE,1 source observations; one selected metrics row only; query data are not joined to landing URLs.
bmw car battery dubai,bmw car battery dubai,BMW,Queries!A833,digitecme.com-Performance-on-Search-2026-09-27.xlsx,2026-04-12 to 2026-09-25,MEASURED ORIGINAL GSC,0.0,25.0,0.0,34.0,Commercial service,BMW battery assessment,/brands/bmw-service-dubai/battery-replacement,COVERED — PRIMARY,/brands/bmw-service-dubai/battery-replacement,Existing specific service; exact scope follows inspection,RETAIN OWNER / IMPROVE SCOPE,8 source observations; one selected metrics row only; query data are not joined to landing URLs.
bmw car battery replacement,bmw car battery replacement,BMW,Queries!A746,digitecme.com-Performance-on-Search-2026-09-27.xlsx,2026-04-12 to 2026-09-25,MEASURED ORIGINAL GSC,0.0,28.0,0.0,37.32,Commercial service,BMW battery assessment,/brands/bmw-service-dubai/battery-replacement,COVERED — PRIMARY,/brands/bmw-service-dubai/battery-replacement,Existing specific service; exact scope follows inspection,RETAIN OWNER / IMPROVE SCOPE,8 source observations; one selected metrics row only; query data are not joined to landing URLs.
bmw car battery uae,bmw car battery uae,BMW,Queries!A825,digitecme.com-Performance-on-Search-2026-09-13.xlsx,2026-09-05 to 2026-09-11,MEASURED ORIGINAL GSC,0.0,2.0,0.0,45.0,Commercial service,BMW battery assessment,/brands/bmw-service-dubai/battery-replacement,COVERED — PRIMARY,/brands/bmw-service-dubai/battery-replacement,Existing specific service; exact scope follows inspection,RETAIN OWNER / IMPROVE SCOPE,1 source observations; one selected metrics row only; query data are not joined to landing URLs.
bmw car detailing,bmw car detailing,BMW,Master Keywords!A2699,DIGI-TEC_SEO_Keyword_Universe_Dubai.xlsx,,GENERATED TAXONOMY,,,,,Broad commercial,BMW service/repair discovery,/brands/bmw-service-dubai,COVERED — PRIMARY,/brands/bmw-service-dubai,Single broad booking and directory owner,RETAIN OWNER / IMPROVE SCOPE,1 source observations; one selected metrics row only; query data are not joined to landing URLs.
bmw car detailing dubai,bmw car detailing dubai,BMW,Master Keywords!A2700,DIGI-TEC_SEO_Keyword_Universe_Dubai.xlsx,,GENERATED TAXONOMY,,,,,Broad commercial,BMW service/repair discovery,/brands/bmw-service-dubai,COVERED — PRIMARY,/brands/bmw-service-dubai,Single broad booking and directory owner,RETAIN OWNER / IMPROVE SCOPE,1 source observations; one selected metrics row only; query data are not joined to landing URLs.
bmw car inspection,bmw car inspection,BMW,Master Keywords!A2669,DIGI-TEC_SEO_Keyword_Universe_Dubai.xlsx,,GENERATED TAXONOMY,,,,,Broad commercial,BMW service/repair discovery,/brands/bmw-service-dubai,COVERED — PRIMARY,/brands/bmw-service-dubai,Single broad booking and directory owner,RETAIN OWNER / IMPROVE SCOPE,1 source observations; one selected metrics row only; query data are not joined to landing URLs.
bmw car inspection dubai,bmw car inspection dubai,BMW,Master Keywords!A2670,DIGI-TEC_SEO_Keyword_Universe_Dubai.xlsx,,GENERATED TAXONOMY,,,,,Broad commercial,BMW service/repair discovery,/brands/bmw-service-dubai,COVERED — PRIMARY,/brands/bmw-service-dubai,Single broad booking and directory owner,RETAIN OWNER / IMPROVE SCOPE,1 source observations; one selected metrics row only; query data are not joined to landing URLs.
BMW car leaning,bmw car leaning,BMW,B3 brief example #36,B3 user brief,,OTHER SOURCE — USER BRIEF EXAMPLE,,,,,Broad commercial,BMW service/repair discovery,/brands/bmw-service-dubai,COVERED — PRIMARY,/brands/bmw-service-dubai,Single broad booking and directory owner,RETAIN OWNER / IMPROVE SCOPE,1 source observations; one selected metrics row only; query data are not joined to landing URLs.
bmw car painting,bmw car painting,BMW,Master Keywords!A2520,DIGI-TEC_SEO_Keyword_Universe_Dubai.xlsx,,GENERATED TAXONOMY,,,,,Commercial service,BMW body repair,/brands/bmw-service-dubai/body-repair,COVERED — PRIMARY,/brands/bmw-service-dubai/body-repair,Existing specific service; exact scope follows inspection,RETAIN OWNER,1 source observations; one selected metrics row only; query data are not joined to landing URLs.
bmw car painting dubai,bmw car painting dubai,BMW,Master Keywords!A2521,DIGI-TEC_SEO_Keyword_Universe_Dubai.xlsx,,GENERATED TAXONOMY,,,,,Commercial service,BMW body repair,/brands/bmw-service-dubai/body-repair,COVERED — PRIMARY,/brands/bmw-service-dubai/body-repair,Existing specific service; exact scope follows inspection,RETAIN OWNER,1 source observations; one selected metrics row only; query data are not joined to landing URLs.
bmw car polishing,bmw car polishing,BMW,Master Keywords!A2701,DIGI-TEC_SEO_Keyword_Universe_Dubai.xlsx,,GENERATED TAXONOMY,,,,,Broad commercial,BMW service/repair discovery,/brands/bmw-service-dubai,COVERED — PRIMARY,/brands/bmw-service-dubai,Single broad booking and directory owner,RETAIN OWNER / IMPROVE SCOPE,1 source observations; one selected metrics row only; query data are not joined to landing URLs.
bmw car polishing dubai,bmw car polishing dubai,BMW,Master Keywords!A2702,DIGI-TEC_SEO_Keyword_Universe_Dubai.xlsx,,GENERATED TAXONOMY,,,,,Broad commercial,BMW service/repair discovery,/brands/bmw-service-dubai,COVERED — PRIMARY,/brands/bmw-service-dubai,Single broad booking and directory owner,RETAIN OWNER / IMPROVE SCOPE,1 source observations; one selected metrics row only; query data are not joined to landing URLs.
bmw car repair,bmw car repair,BMW,Queries!A509,digitecme.com-Performance-on-Search-2026-09-05.xlsx,2026-08-06 to 2026-09-02,MEASURED ORIGINAL GSC,0.0,10.0,0.0,10.0,Broad commercial,BMW service/repair discovery,/brands/bmw-service-dubai,COVERED — PRIMARY,/brands/bmw-service-dubai,Single broad booking and directory owner,RETAIN OWNER / IMPROVE SCOPE,2 source observations; one selected metrics row only; query data are not joined to landing URLs.
bmw car repair dubai,bmw car repair dubai,BMW,Master Keywords!A1018,DIGI-TEC_SEO_Keyword_Universe_Dubai.xlsx,,GENERATED TAXONOMY,,,,,Broad commercial,BMW service/repair discovery,/brands/bmw-service-dubai,COVERED — PRIMARY,/brands/bmw-service-dubai,Single broad booking and directory owner,RETAIN OWNER / IMPROVE SCOPE,1 source observations; one selected metrics row only; query data are not joined to landing URLs.
bmw car service,bmw car service,BMW,Queries!A584,digitecme.com-Performance-on-Search-2026-09-05.xlsx,2026-08-06 to 2026-09-02,MEASURED ORIGINAL GSC,0.0,9.0,0.0,43.33,Broad commercial,BMW service/repair discovery,/brands/bmw-service-dubai,COVERED — PRIMARY,/brands/bmw-service-dubai,Single broad booking and directory owner,RETAIN OWNER / IMPROVE SCOPE,1 source observations; one selected metrics row only; query data are not joined to landing URLs.
bmw car service dubai,bmw car service dubai,BMW,Queries!A362,digitecme.com-Performance-on-Search-2026-09-27.xlsx,2026-04-12 to 2026-09-25,MEASURED ORIGINAL GSC,0.0,69.0,0.0,24.54,Broad commercial,BMW service/repair discovery,/brands/bmw-service-dubai,COVERED — PRIMARY,/brands/bmw-service-dubai,Single broad booking and directory owner,RETAIN OWNER / IMPROVE SCOPE,8 source observations; one selected metrics row only; query data are not joined to landing URLs.
bmw catalytic converter repair,bmw catalytic converter repair,BMW,Master Keywords!A2612,DIGI-TEC_SEO_Keyword_Universe_Dubai.xlsx,,GENERATED TAXONOMY,,,,,Commercial service,BMW exhaust repair,/brands/bmw-service-dubai/exhaust-repair,COVERED — SECTION,/brands/bmw-service-dubai/exhaust-repair,Existing specific service; exact scope follows inspection,RETAIN OWNER,1 source observations; one selected metrics row only; query data are not joined to landing URLs.
bmw catalytic converter repair dubai,bmw catalytic converter repair dubai,BMW,Master Keywords!A2613,DIGI-TEC_SEO_Keyword_Universe_Dubai.xlsx,,GENERATED TAXONOMY,,,,,Commercial service,BMW exhaust repair,/brands/bmw-service-dubai/exhaust-repair,COVERED — SECTION,/brands/bmw-service-dubai/exhaust-repair,Existing specific service; exact scope follows inspection,RETAIN OWNER,1 source observations; one selected metrics row only; query data are not joined to landing URLs.
BMW CCC repair,bmw ccc repair,BMW,B3 brief example #54,B3 user brief,,OTHER SOURCE — USER BRIEF EXAMPLE,,,,,Commercial section,iDrive/electronics assessment,/brands/bmw-service-dubai/electrical-repair,COVERED — SECTION,/brands/bmw-service-dubai/electrical-repair,Fault diagnosis and upgrade enquiry remain distinct; no thin module URL,RETAIN OWNER / IMPROVE SCOPE,1 source observations; one selected metrics row only; query data are not joined to landing URLs.
bmw ceramic coating,bmw ceramic coating,BMW,Master Keywords!A2703,DIGI-TEC_SEO_Keyword_Universe_Dubai.xlsx,,GENERATED TAXONOMY,,,,,Broad commercial,BMW service/repair discovery,/brands/bmw-service-dubai,COVERED — PRIMARY,/brands/bmw-service-dubai,Single broad booking and directory owner,RETAIN OWNER / IMPROVE SCOPE,1 source observations; one selected metrics row only; query data are not joined to landing URLs.
bmw ceramic coating dubai,bmw ceramic coating dubai,BMW,Master Keywords!A2704,DIGI-TEC_SEO_Keyword_Universe_Dubai.xlsx,,GENERATED TAXONOMY,,,,,Broad commercial,BMW service/repair discovery,/brands/bmw-service-dubai,COVERED — PRIMARY,/brands/bmw-service-dubai,Single broad booking and directory owner,RETAIN OWNER / IMPROVE SCOPE,1 source observations; one selected metrics row only; query data are not joined to landing URLs.
bmw check engine light,bmw check engine light,BMW,Master Keywords!A2575,DIGI-TEC_SEO_Keyword_Universe_Dubai.xlsx,,GENERATED TAXONOMY,,,,,Service section,Symptom assessment,/brands/bmw-service-dubai/engine-diagnostics,COVERED — SECTION,/brands/bmw-service-dubai/engine-diagnostics,Existing service explains diagnostic route; no measured case for a separate thin guide,RETAIN OWNER / IMPROVE SCOPE,2 source observations; one selected metrics row only; query data are not joined to landing URLs.
bmw check engine light dubai,bmw check engine light dubai,BMW,Master Keywords!A984,DIGI-TEC_SEO_Keyword_Universe_Dubai.xlsx,,GENERATED TAXONOMY,,,,,Service section,Symptom assessment,/brands/bmw-service-dubai/engine-diagnostics,COVERED — SECTION,/brands/bmw-service-dubai/engine-diagnostics,Existing service explains diagnostic route; no measured case for a separate thin guide,RETAIN OWNER / IMPROVE SCOPE,1 source observations; one selected metrics row only; query data are not joined to landing URLs.
BMW CIC repair,bmw cic repair,BMW,B3 brief example #55,B3 user brief,,OTHER SOURCE — USER BRIEF EXAMPLE,,,,,Commercial section,iDrive/electronics assessment,/brands/bmw-service-dubai/electrical-repair,COVERED — SECTION,/brands/bmw-service-dubai/electrical-repair,Fault diagnosis and upgrade enquiry remain distinct; no thin module URL,RETAIN OWNER / IMPROVE SCOPE,1 source observations; one selected metrics row only; query data are not joined to landing URLs.
bmw coding,bmw coding,BMW,Master Keywords!A2541,DIGI-TEC_SEO_Keyword_Universe_Dubai.xlsx,,RESEARCH KEYWORD,,,,,Commercial service,BMW diagnostics,/brands/bmw-service-dubai/engine-diagnostics,COVERED — PRIMARY,/brands/bmw-service-dubai/engine-diagnostics,Existing specific service; exact scope follows inspection,RETAIN OWNER / IMPROVE SCOPE,1 source observations; one selected metrics row only; query data are not joined to landing URLs.
bmw coding dubai,bmw coding dubai,BMW,Master Keywords!A2542,DIGI-TEC_SEO_Keyword_Universe_Dubai.xlsx,,RESEARCH KEYWORD,,,,,Commercial service,BMW diagnostics,/brands/bmw-service-dubai/engine-diagnostics,COVERED — PRIMARY,/brands/bmw-service-dubai/engine-diagnostics,Existing specific service; exact scope follows inspection,RETAIN OWNER / IMPROVE SCOPE,2 source observations; one selected metrics row only; query data are not joined to landing URLs.
bmw coding service,bmw coding service,BMW,Queries!A297,digitecme.com-Performance-on-Search-2026-09-27.xlsx,2026-04-12 to 2026-09-25,MEASURED ORIGINAL GSC,0.0,83.0,0.0,37.33,Commercial service,BMW diagnostics,/brands/bmw-service-dubai/engine-diagnostics,COVERED — PRIMARY,/brands/bmw-service-dubai/engine-diagnostics,Existing specific service; exact scope follows inspection,RETAIN OWNER / IMPROVE SCOPE,8 source observations; one selected metrics row only; query data are not joined to landing URLs.
bmw coding service dubai,bmw coding service dubai,BMW,Master Keywords!A994,DIGI-TEC_SEO_Keyword_Universe_Dubai.xlsx,,GENERATED TAXONOMY,,,,,Commercial service,BMW diagnostics,/brands/bmw-service-dubai/engine-diagnostics,COVERED — PRIMARY,/brands/bmw-service-dubai/engine-diagnostics,Existing specific service; exact scope follows inspection,RETAIN OWNER / IMPROVE SCOPE,1 source observations; one selected metrics row only; query data are not joined to landing URLs.
bmw computer diagnostics,bmw computer diagnostics,BMW,Master Keywords!A2576,DIGI-TEC_SEO_Keyword_Universe_Dubai.xlsx,,GENERATED TAXONOMY,,,,,Commercial service,BMW diagnostics,/brands/bmw-service-dubai/engine-diagnostics,COVERED — PRIMARY,/brands/bmw-service-dubai/engine-diagnostics,Existing specific service; exact scope follows inspection,RETAIN OWNER / IMPROVE SCOPE,2 source observations; one selected metrics row only; query data are not joined to landing URLs.
bmw computer diagnostics dubai,bmw computer diagnostics dubai,BMW,Master Keywords!A985,DIGI-TEC_SEO_Keyword_Universe_Dubai.xlsx,,GENERATED TAXONOMY,,,,,Commercial service,BMW diagnostics,/brands/bmw-service-dubai/engine-diagnostics,COVERED — PRIMARY,/brands/bmw-service-dubai/engine-diagnostics,Existing specific service; exact scope follows inspection,RETAIN OWNER / IMPROVE SCOPE,1 source observations; one selected metrics row only; query data are not joined to landing URLs.
bmw control arm replacement,bmw control arm replacement,BMW,Master Keywords!A2755,DIGI-TEC_SEO_Keyword_Universe_Dubai.xlsx,,GENERATED TAXONOMY,,,,,Commercial service,BMW suspension repair,/brands/bmw-service-dubai/suspension-repair,COVERED — SECTION,/brands/bmw-service-dubai/suspension-repair,Existing specific service; exact scope follows inspection,RETAIN OWNER / IMPROVE SCOPE,1 source observations; one selected metrics row only; query data are not joined to landing URLs.
bmw control arm replacement dubai,bmw control arm replacement dubai,BMW,Master Keywords!A1023,DIGI-TEC_SEO_Keyword_Universe_Dubai.xlsx,,GENERATED TAXONOMY,,,,,Commercial service,BMW suspension repair,/brands/bmw-service-dubai/suspension-repair,COVERED — SECTION,/brands/bmw-service-dubai/suspension-repair,Existing specific service; exact scope follows inspection,RETAIN OWNER / IMPROVE SCOPE,1 source observations; one selected metrics row only; query data are not joined to landing URLs.
BMW coolant leak,bmw coolant leak,BMW,B3 brief example #17,B3 user brief,,OTHER SOURCE — USER BRIEF EXAMPLE,,,,,Service section,Symptom assessment,/brands/bmw-service-dubai/mechanical-repair,COVERED — SECTION,/brands/bmw-service-dubai/mechanical-repair,Existing service explains diagnostic route; no measured case for a separate thin guide,RETAIN OWNER / IMPROVE SCOPE,1 source observations; one selected metrics row only; query data are not joined to landing URLs.
bmw coolant leak repair,bmw coolant leak repair,BMW,Master Keywords!A2509,DIGI-TEC_SEO_Keyword_Universe_Dubai.xlsx,,GENERATED TAXONOMY,,,,,Service section,Symptom assessment,/brands/bmw-service-dubai/mechanical-repair,COVERED — SECTION,/brands/bmw-service-dubai/mechanical-repair,Existing service explains diagnostic route; no measured case for a separate thin guide,RETAIN OWNER / IMPROVE SCOPE,1 source observations; one selected metrics row only; query data are not joined to landing URLs.
bmw coolant leak repair dubai,bmw coolant leak repair dubai,BMW,Master Keywords!A969,DIGI-TEC_SEO_Keyword_Universe_Dubai.xlsx,,GENERATED TAXONOMY,,,,,Service section,Symptom assessment,/brands/bmw-service-dubai/mechanical-repair,COVERED — SECTION,/brands/bmw-service-dubai/mechanical-repair,Existing service explains diagnostic route; no measured case for a separate thin guide,RETAIN OWNER / IMPROVE SCOPE,1 source observations; one selected metrics row only; query data are not joined to landing URLs.
bmw cooling system repair,bmw cooling system repair,BMW,Master Keywords!A2510,DIGI-TEC_SEO_Keyword_Universe_Dubai.xlsx,,GENERATED TAXONOMY,,,,,Commercial service,BMW mechanical repair,/brands/bmw-service-dubai/mechanical-repair,COVERED — SECTION,/brands/bmw-service-dubai/mechanical-repair,Existing specific service; exact scope follows inspection,RETAIN OWNER / IMPROVE SCOPE,2 source observations; one selected metrics row only; query data are not joined to landing URLs.
bmw cooling system repair dubai,bmw cooling system repair dubai,BMW,Master Keywords!A970,DIGI-TEC_SEO_Keyword_Universe_Dubai.xlsx,,GENERATED TAXONOMY,,,,,Commercial service,BMW mechanical repair,/brands/bmw-service-dubai/mechanical-repair,COVERED — SECTION,/brands/bmw-service-dubai/mechanical-repair,Existing specific service; exact scope follows inspection,RETAIN OWNER / IMPROVE SCOPE,1 source observations; one selected metrics row only; query data are not joined to landing URLs.
bmw dashboard warning light,bmw dashboard warning light,BMW,Master Keywords!A2577,DIGI-TEC_SEO_Keyword_Universe_Dubai.xlsx,,GENERATED TAXONOMY,,,,,Service section,Symptom assessment,/brands/bmw-service-dubai/engine-diagnostics,COVERED — SECTION,/brands/bmw-service-dubai/engine-diagnostics,Existing service explains diagnostic route; no measured case for a separate thin guide,RETAIN OWNER / IMPROVE SCOPE,1 source observations; one selected metrics row only; query data are not joined to landing URLs.
bmw dashboard warning light dubai,bmw dashboard warning light dubai,BMW,Master Keywords!A986,DIGI-TEC_SEO_Keyword_Universe_Dubai.xlsx,,GENERATED TAXONOMY,,,,,Service section,Symptom assessment,/brands/bmw-service-dubai/engine-diagnostics,COVERED — SECTION,/brands/bmw-service-dubai/engine-diagnostics,Existing service explains diagnostic route; no measured case for a separate thin guide,RETAIN OWNER / IMPROVE SCOPE,1 source observations; one selected metrics row only; query data are not joined to landing URLs.
bmw dent repair,bmw dent repair,BMW,Master Keywords!A2522,DIGI-TEC_SEO_Keyword_Universe_Dubai.xlsx,,GENERATED TAXONOMY,,,,,Commercial service,BMW body repair,/brands/bmw-service-dubai/body-repair,COVERED — SECTION,/brands/bmw-service-dubai/body-repair,Existing specific service; exact scope follows inspection,RETAIN OWNER,1 source observations; one selected metrics row only; query data are not joined to landing URLs.
bmw dent repair dubai,bmw dent repair dubai,BMW,Master Keywords!A2523,DIGI-TEC_SEO_Keyword_Universe_Dubai.xlsx,,GENERATED TAXONOMY,,,,,Commercial service,BMW body repair,/brands/bmw-service-dubai/body-repair,COVERED — SECTION,/brands/bmw-service-dubai/body-repair,Existing specific service; exact scope follows inspection,RETAIN OWNER,1 source observations; one selected metrics row only; query data are not joined to landing URLs.
bmw diagnostic dubai,bmw diagnostic dubai,BMW,Queries!A981,digitecme.com-Performance-on-Search-2026-09-05.xlsx,2026-08-06 to 2026-09-02,MEASURED ORIGINAL GSC,0.0,4.0,0.0,9.75,Commercial service,BMW diagnostics,/brands/bmw-service-dubai/engine-diagnostics,COVERED — PRIMARY,/brands/bmw-service-dubai/engine-diagnostics,Existing specific service; exact scope follows inspection,RETAIN OWNER / IMPROVE SCOPE,1 source observations; one selected metrics row only; query data are not joined to landing URLs.
bmw diagnostic scan,bmw diagnostic scan,BMW,Master Keywords!A2578,DIGI-TEC_SEO_Keyword_Universe_Dubai.xlsx,,GENERATED TAXONOMY,,,,,Commercial service,BMW diagnostics,/brands/bmw-service-dubai/engine-diagnostics,COVERED — PRIMARY,/brands/bmw-service-dubai/engine-diagnostics,Existing specific service; exact scope follows inspection,RETAIN OWNER / IMPROVE SCOPE,1 source observations; one selected metrics row only; query data are not joined to landing URLs.
bmw diagnostic scan dubai,bmw diagnostic scan dubai,BMW,Master Keywords!A987,DIGI-TEC_SEO_Keyword_Universe_Dubai.xlsx,,GENERATED TAXONOMY,,,,,Commercial service,BMW diagnostics,/brands/bmw-service-dubai/engine-diagnostics,COVERED — PRIMARY,/brands/bmw-service-dubai/engine-diagnostics,Existing specific service; exact scope follows inspection,RETAIN OWNER / IMPROVE SCOPE,1 source observations; one selected metrics row only; query data are not joined to landing URLs.
bmw diagnostics,bmw diagnostics,BMW,Master Keywords!A2579,DIGI-TEC_SEO_Keyword_Universe_Dubai.xlsx,,GENERATED TAXONOMY,,,,,Commercial service,BMW diagnostics,/brands/bmw-service-dubai/engine-diagnostics,COVERED — PRIMARY,/brands/bmw-service-dubai/engine-diagnostics,Existing specific service; exact scope follows inspection,RETAIN OWNER / IMPROVE SCOPE,1 source observations; one selected metrics row only; query data are not joined to landing URLs.
bmw diagnostics dubai,bmw diagnostics dubai,BMW,Queries!A491,digitecme.com-Performance-on-Search-2026-09-27.xlsx,2026-04-12 to 2026-09-25,MEASURED ORIGINAL GSC,0.0,46.0,0.0,13.26,Commercial service,BMW diagnostics,/brands/bmw-service-dubai/engine-diagnostics,COVERED — PRIMARY,/brands/bmw-service-dubai/engine-diagnostics,Existing specific service; exact scope follows inspection,RETAIN OWNER / IMPROVE SCOPE,9 source observations; one selected metrics row only; query data are not joined to landing URLs.
bmw door lock repair,bmw door lock repair,BMW,Master Keywords!A2559,DIGI-TEC_SEO_Keyword_Universe_Dubai.xlsx,,GENERATED TAXONOMY,,,,,Broad commercial,BMW service/repair discovery,/brands/bmw-service-dubai,COVERED — PRIMARY,/brands/bmw-service-dubai,Single broad booking and directory owner,RETAIN OWNER / IMPROVE SCOPE,1 source observations; one selected metrics row only; query data are not joined to landing URLs.
bmw door lock repair dubai,bmw door lock repair dubai,BMW,Master Keywords!A2560,DIGI-TEC_SEO_Keyword_Universe_Dubai.xlsx,,GENERATED TAXONOMY,,,,,Broad commercial,BMW service/repair discovery,/brands/bmw-service-dubai,COVERED — PRIMARY,/brands/bmw-service-dubai,Single broad booking and directory owner,RETAIN OWNER / IMPROVE SCOPE,1 source observations; one selected metrics row only; query data are not joined to landing URLs.
BMW drivetrain malfunction,bmw drivetrain malfunction,BMW,B3 brief example #29,B3 user brief,,OTHER SOURCE — USER BRIEF EXAMPLE,,,,,Diagnostic section,Drivetrain warning/fault assessment,/brands/bmw-service-dubai/engine-diagnostics,COVERED — SECTION,/brands/bmw-service-dubai/engine-diagnostics,Warning is not proof of one failed component,RETAIN OWNER / IMPROVE SCOPE,1 source observations; one selected metrics row only; query data are not joined to landing URLs.
BMW drivetrain warning,bmw drivetrain warning,BMW,B3 brief example #30,B3 user brief,,OTHER SOURCE — USER BRIEF EXAMPLE,,,,,Diagnostic section,Drivetrain warning/fault assessment,/brands/bmw-service-dubai/engine-diagnostics,COVERED — SECTION,/brands/bmw-service-dubai/engine-diagnostics,Warning is not proof of one failed component,RETAIN OWNER / IMPROVE SCOPE,1 source observations; one selected metrics row only; query data are not joined to landing URLs.
bmw dubai service,bmw dubai service,BMW,Queries!A461,digitecme.com-Performance-on-Search-2026-09-13.xlsx,2026-09-05 to 2026-09-11,MEASURED ORIGINAL GSC,0.0,4.0,0.0,19.0,Broad commercial,BMW service/repair discovery,/brands/bmw-service-dubai,COVERED — PRIMARY,/brands/bmw-service-dubai,Single broad booking and directory owner,RETAIN OWNER / IMPROVE SCOPE,2 source observations; one selected metrics row only; query data are not joined to landing URLs.
bmw dyno tuning,bmw dyno tuning,BMW,Master Keywords!A2679,DIGI-TEC_SEO_Keyword_Universe_Dubai.xlsx,,GENERATED TAXONOMY,,,,,Cross-brand commercial,Performance project,/tuning,COVERED — SECONDARY,/tuning,Existing tuning owner; fitment requires confirmation,RETAIN OWNER,1 source observations; one selected metrics row only; query data are not joined to landing URLs.
bmw dyno tuning dubai,bmw dyno tuning dubai,BMW,Master Keywords!A2680,DIGI-TEC_SEO_Keyword_Universe_Dubai.xlsx,,GENERATED TAXONOMY,,,,,Cross-brand commercial,Performance project,/tuning,COVERED — SECONDARY,/tuning,Existing tuning owner; fitment requires confirmation,RETAIN OWNER,1 source observations; one selected metrics row only; query data are not joined to landing URLs.
bmw ecu programming,bmw ecu programming,BMW,Master Keywords!A2587,DIGI-TEC_SEO_Keyword_Universe_Dubai.xlsx,,GENERATED TAXONOMY,,,,,Commercial service,BMW diagnostics,/brands/bmw-service-dubai/engine-diagnostics,COVERED — PRIMARY,/brands/bmw-service-dubai/engine-diagnostics,Existing specific service; exact scope follows inspection,RETAIN OWNER / IMPROVE SCOPE,1 source observations; one selected metrics row only; query data are not joined to landing URLs.
bmw ecu programming dubai,bmw ecu programming dubai,BMW,Master Keywords!A995,DIGI-TEC_SEO_Keyword_Universe_Dubai.xlsx,,GENERATED TAXONOMY,,,,,Commercial service,BMW diagnostics,/brands/bmw-service-dubai/engine-diagnostics,COVERED — PRIMARY,/brands/bmw-service-dubai/engine-diagnostics,Existing specific service; exact scope follows inspection,RETAIN OWNER / IMPROVE SCOPE,1 source observations; one selected metrics row only; query data are not joined to landing URLs.
bmw ecu remap,bmw ecu remap,BMW,Master Keywords!A2681,DIGI-TEC_SEO_Keyword_Universe_Dubai.xlsx,,GENERATED TAXONOMY,,,,,Cross-brand commercial,Performance project,/tuning,COVERED — SECONDARY,/tuning,Existing tuning owner; fitment requires confirmation,RETAIN OWNER,1 source observations; one selected metrics row only; query data are not joined to landing URLs.
bmw ecu remap dubai,bmw ecu remap dubai,BMW,Master Keywords!A2682,DIGI-TEC_SEO_Keyword_Universe_Dubai.xlsx,,GENERATED TAXONOMY,,,,,Cross-brand commercial,Performance project,/tuning,COVERED — SECONDARY,/tuning,Existing tuning owner; fitment requires confirmation,RETAIN OWNER,1 source observations; one selected metrics row only; query data are not joined to landing URLs.
bmw ecu repair,bmw ecu repair,BMW,Queries!A781,digitecme.com-Performance-on-Search-2026-09-05.xlsx,2026-08-06 to 2026-09-02,MEASURED ORIGINAL GSC,0.0,6.0,0.0,33.33,Commercial service,BMW electrical repair,/brands/bmw-service-dubai/electrical-repair,COVERED — SECTION,/brands/bmw-service-dubai/electrical-repair,Existing specific service; exact scope follows inspection,RETAIN OWNER / IMPROVE SCOPE,2 source observations; one selected metrics row only; query data are not joined to landing URLs.
bmw ecu repair dubai,bmw ecu repair dubai,BMW,Master Keywords!A996,DIGI-TEC_SEO_Keyword_Universe_Dubai.xlsx,,GENERATED TAXONOMY,,,,,Commercial service,BMW electrical repair,/brands/bmw-service-dubai/electrical-repair,COVERED — SECTION,/brands/bmw-service-dubai/electrical-repair,Existing specific service; exact scope follows inspection,RETAIN OWNER / IMPROVE SCOPE,1 source observations; one selected metrics row only; query data are not joined to landing URLs.
bmw ecu tuning,bmw ecu tuning,BMW,Master Keywords!A2683,DIGI-TEC_SEO_Keyword_Universe_Dubai.xlsx,,GENERATED TAXONOMY,,,,,Cross-brand commercial,Performance project,/tuning,COVERED — SECONDARY,/tuning,Existing tuning owner; fitment requires confirmation,RETAIN OWNER,1 source observations; one selected metrics row only; query data are not joined to landing URLs.
bmw ecu tuning dubai,bmw ecu tuning dubai,BMW,Master Keywords!A2684,DIGI-TEC_SEO_Keyword_Universe_Dubai.xlsx,,GENERATED TAXONOMY,,,,,Cross-brand commercial,Performance project,/tuning,COVERED — SECONDARY,/tuning,Existing tuning owner; fitment requires confirmation,RETAIN OWNER,1 source observations; one selected metrics row only; query data are not joined to landing URLs.
bmw electrical diagnostics,bmw electrical diagnostics,BMW,Master Keywords!A2589,DIGI-TEC_SEO_Keyword_Universe_Dubai.xlsx,,GENERATED TAXONOMY,,,,,Commercial service,BMW diagnostics,/brands/bmw-service-dubai/engine-diagnostics,COVERED — PRIMARY,/brands/bmw-service-dubai/engine-diagnostics,Existing specific service; exact scope follows inspection,RETAIN OWNER / IMPROVE SCOPE,1 source observations; one selected metrics row only; query data are not joined to landing URLs.
bmw electrical diagnostics dubai,bmw electrical diagnostics dubai,BMW,Master Keywords!A997,DIGI-TEC_SEO_Keyword_Universe_Dubai.xlsx,,GENERATED TAXONOMY,,,,,Commercial service,BMW diagnostics,/brands/bmw-service-dubai/engine-diagnostics,COVERED — PRIMARY,/brands/bmw-service-dubai/engine-diagnostics,Existing specific service; exact scope follows inspection,RETAIN OWNER / IMPROVE SCOPE,1 source observations; one selected metrics row only; query data are not joined to landing URLs.
bmw electrical repair,bmw electrical repair,BMW,Queries!A992,digitecme.com-Performance-on-Search-2026-09-27.xlsx,2026-04-12 to 2026-09-25,MEASURED ORIGINAL GSC,0.0,19.0,0.0,8.95,Commercial service,BMW electrical repair,/brands/bmw-service-dubai/electrical-repair,COVERED — PRIMARY,/brands/bmw-service-dubai/electrical-repair,Existing specific service; exact scope follows inspection,RETAIN OWNER / IMPROVE SCOPE,7 source observations; one selected metrics row only; query data are not joined to landing URLs.
bmw electrical repair dubai,bmw electrical repair dubai,BMW,Master Keywords!A998,DIGI-TEC_SEO_Keyword_Universe_Dubai.xlsx,,GENERATED TAXONOMY,,,,,Commercial service,BMW electrical repair,/brands/bmw-service-dubai/electrical-repair,COVERED — PRIMARY,/brands/bmw-service-dubai/electrical-repair,Existing specific service; exact scope follows inspection,RETAIN OWNER / IMPROVE SCOPE,2 source observations; one selected metrics row only; query data are not joined to landing URLs.
bmw electrical repair near me,bmw electrical repair near me,BMW,Master Keywords!A2590,DIGI-TEC_SEO_Keyword_Universe_Dubai.xlsx,,GENERATED TAXONOMY,,,,,Commercial service,BMW electrical repair,/brands/bmw-service-dubai/electrical-repair,COVERED — PRIMARY,/brands/bmw-service-dubai/electrical-repair,Existing specific service; exact scope follows inspection,RETAIN OWNER / IMPROVE SCOPE,1 source observations; one selected metrics row only; query data are not joined to landing URLs.
bmw emissions repair,bmw emissions repair,BMW,Master Keywords!A2614,DIGI-TEC_SEO_Keyword_Universe_Dubai.xlsx,,GENERATED TAXONOMY,,,,,Commercial service,BMW exhaust repair,/brands/bmw-service-dubai/exhaust-repair,COVERED — SECTION,/brands/bmw-service-dubai/exhaust-repair,Existing specific service; exact scope follows inspection,RETAIN OWNER,1 source observations; one selected metrics row only; query data are not joined to landing URLs.
bmw emissions repair dubai,bmw emissions repair dubai,BMW,Master Keywords!A2615,DIGI-TEC_SEO_Keyword_Universe_Dubai.xlsx,,GENERATED TAXONOMY,,,,,Commercial service,BMW exhaust repair,/brands/bmw-service-dubai/exhaust-repair,COVERED — SECTION,/brands/bmw-service-dubai/exhaust-repair,Existing specific service; exact scope follows inspection,RETAIN OWNER,1 source observations; one selected metrics row only; query data are not joined to landing URLs.
bmw engine diagnostics,bmw engine diagnostics,BMW,Queries!A456,digitecme.com-Performance-on-Search-2026-09-05.xlsx,2026-08-06 to 2026-09-02,MEASURED ORIGINAL GSC,0.0,12.0,0.0,20.17,Commercial service,BMW diagnostics,/brands/bmw-service-dubai/engine-diagnostics,COVERED — PRIMARY,/brands/bmw-service-dubai/engine-diagnostics,Existing specific service; exact scope follows inspection,RETAIN OWNER / IMPROVE SCOPE,2 source observations; one selected metrics row only; query data are not joined to landing URLs.
bmw engine mount replacement,bmw engine mount replacement,BMW,Master Keywords!A2599,DIGI-TEC_SEO_Keyword_Universe_Dubai.xlsx,,GENERATED TAXONOMY,,,,,Commercial service,BMW mechanical repair,/brands/bmw-service-dubai/mechanical-repair,COVERED — SECTION,/brands/bmw-service-dubai/mechanical-repair,Existing specific service; exact scope follows inspection,RETAIN OWNER / IMPROVE SCOPE,1 source observations; one selected metrics row only; query data are not joined to landing URLs.
bmw engine mount replacement dubai,bmw engine mount replacement dubai,BMW,Master Keywords!A1007,DIGI-TEC_SEO_Keyword_Universe_Dubai.xlsx,,GENERATED TAXONOMY,,,,,Commercial service,BMW mechanical repair,/brands/bmw-service-dubai/mechanical-repair,COVERED — SECTION,/brands/bmw-service-dubai/mechanical-repair,Existing specific service; exact scope follows inspection,RETAIN OWNER / IMPROVE SCOPE,1 source observations; one selected metrics row only; query data are not joined to landing URLs.
bmw engine oil leak repair,bmw engine oil leak repair,BMW,Master Keywords!A2600,DIGI-TEC_SEO_Keyword_Universe_Dubai.xlsx,,GENERATED TAXONOMY,,,,,Service section,Symptom assessment,/brands/bmw-service-dubai/mechanical-repair,COVERED — SECTION,/brands/bmw-service-dubai/mechanical-repair,Existing service explains diagnostic route; no measured case for a separate thin guide,RETAIN OWNER / IMPROVE SCOPE,1 source observations; one selected metrics row only; query data are not joined to landing URLs.
bmw engine oil leak repair dubai,bmw engine oil leak repair dubai,BMW,Master Keywords!A1008,DIGI-TEC_SEO_Keyword_Universe_Dubai.xlsx,,GENERATED TAXONOMY,,,,,Service section,Symptom assessment,/brands/bmw-service-dubai/mechanical-repair,COVERED — SECTION,/brands/bmw-service-dubai/mechanical-repair,Existing service explains diagnostic route; no measured case for a separate thin guide,RETAIN OWNER / IMPROVE SCOPE,1 source observations; one selected metrics row only; query data are not joined to landing URLs.
bmw engine overhaul,bmw engine overhaul,BMW,Master Keywords!A2601,DIGI-TEC_SEO_Keyword_Universe_Dubai.xlsx,,GENERATED TAXONOMY,,,,,Commercial service,BMW mechanical repair,/brands/bmw-service-dubai/mechanical-repair,COVERED — PRIMARY,/brands/bmw-service-dubai/mechanical-repair,Existing specific service; exact scope follows inspection,RETAIN OWNER / IMPROVE SCOPE,1 source observations; one selected metrics row only; query data are not joined to landing URLs.
bmw engine overhaul dubai,bmw engine overhaul dubai,BMW,Master Keywords!A1009,DIGI-TEC_SEO_Keyword_Universe_Dubai.xlsx,,GENERATED TAXONOMY,,,,,Commercial service,BMW mechanical repair,/brands/bmw-service-dubai/mechanical-repair,COVERED — PRIMARY,/brands/bmw-service-dubai/mechanical-repair,Existing specific service; exact scope follows inspection,RETAIN OWNER / IMPROVE SCOPE,1 source observations; one selected metrics row only; query data are not joined to landing URLs.
bmw engine overheating repair,bmw engine overheating repair,BMW,Master Keywords!A2602,DIGI-TEC_SEO_Keyword_Universe_Dubai.xlsx,,GENERATED TAXONOMY,,,,,Service section,Symptom assessment,/brands/bmw-service-dubai/mechanical-repair,COVERED — SECTION,/brands/bmw-service-dubai/mechanical-repair,Existing service explains diagnostic route; no measured case for a separate thin guide,RETAIN OWNER / IMPROVE SCOPE,1 source observations; one selected metrics row only; query data are not joined to landing URLs.
bmw engine overheating repair dubai,bmw engine overheating repair dubai,BMW,Master Keywords!A1010,DIGI-TEC_SEO_Keyword_Universe_Dubai.xlsx,,GENERATED TAXONOMY,,,,,Service section,Symptom assessment,/brands/bmw-service-dubai/mechanical-repair,COVERED — SECTION,/brands/bmw-service-dubai/mechanical-repair,Existing service explains diagnostic route; no measured case for a separate thin guide,RETAIN OWNER / IMPROVE SCOPE,1 source observations; one selected metrics row only; query data are not joined to landing URLs.
bmw engine rebuild,bmw engine rebuild,BMW,Master Keywords!A2603,DIGI-TEC_SEO_Keyword_Universe_Dubai.xlsx,,GENERATED TAXONOMY,,,,,Commercial service,BMW mechanical repair,/brands/bmw-service-dubai/mechanical-repair,COVERED — PRIMARY,/brands/bmw-service-dubai/mechanical-repair,Existing specific service; exact scope follows inspection,RETAIN OWNER / IMPROVE SCOPE,1 source observations; one selected metrics row only; query data are not joined to landing URLs.
bmw engine rebuild dubai,bmw engine rebuild dubai,BMW,Master Keywords!A1011,DIGI-TEC_SEO_Keyword_Universe_Dubai.xlsx,,GENERATED TAXONOMY,,,,,Commercial service,BMW mechanical repair,/brands/bmw-service-dubai/mechanical-repair,COVERED — PRIMARY,/brands/bmw-service-dubai/mechanical-repair,Existing specific service; exact scope follows inspection,RETAIN OWNER / IMPROVE SCOPE,1 source observations; one selected metrics row only; query data are not joined to landing URLs.
bmw engine repair,bmw engine repair,BMW,Queries!A461,digitecme.com-Performance-on-Search-2026-09-05.xlsx,2026-08-06 to 2026-09-02,MEASURED ORIGINAL GSC,0.0,12.0,0.0,26.42,Commercial service,BMW mechanical repair,/brands/bmw-service-dubai/mechanical-repair,COVERED — SECTION,/brands/bmw-service-dubai/mechanical-repair,Existing specific service; exact scope follows inspection,RETAIN OWNER / IMPROVE SCOPE,5 source observations; one selected metrics row only; query data are not joined to landing URLs.
bmw engine repair dubai,bmw engine repair dubai,BMW,Queries!A345,digitecme.com-Performance-on-Search-2026-09-27.xlsx,2026-04-12 to 2026-09-25,MEASURED ORIGINAL GSC,0.0,73.0,0.0,16.51,Commercial service,BMW mechanical repair,/brands/bmw-service-dubai/mechanical-repair,COVERED — SECTION,/brands/bmw-service-dubai/mechanical-repair,Existing specific service; exact scope follows inspection,RETAIN OWNER / IMPROVE SCOPE,8 source observations; one selected metrics row only; query data are not joined to landing URLs.
bmw engine repair in dubai,bmw engine repair in dubai,BMW,Queries!A989,digitecme.com-Performance-on-Search-2026-09-27.xlsx,2026-04-12 to 2026-09-25,MEASURED ORIGINAL GSC,0.0,19.0,0.0,3.84,Commercial service,BMW mechanical repair,/brands/bmw-service-dubai/mechanical-repair,COVERED — SECTION,/brands/bmw-service-dubai/mechanical-repair,Existing specific service; exact scope follows inspection,RETAIN OWNER / IMPROVE SCOPE,6 source observations; one selected metrics row only; query data are not joined to landing URLs.
bmw engine repair near me,bmw engine repair near me,BMW,Master Keywords!A2605,DIGI-TEC_SEO_Keyword_Universe_Dubai.xlsx,,GENERATED TAXONOMY,,,,,Commercial service,BMW mechanical repair,/brands/bmw-service-dubai/mechanical-repair,COVERED — SECTION,/brands/bmw-service-dubai/mechanical-repair,Existing specific service; exact scope follows inspection,RETAIN OWNER / IMPROVE SCOPE,1 source observations; one selected metrics row only; query data are not joined to landing URLs.
bmw engine replacement,bmw engine replacement,BMW,Master Keywords!A2606,DIGI-TEC_SEO_Keyword_Universe_Dubai.xlsx,,GENERATED TAXONOMY,,,,,Commercial service,BMW mechanical repair,/brands/bmw-service-dubai/mechanical-repair,COVERED — SECTION,/brands/bmw-service-dubai/mechanical-repair,Existing specific service; exact scope follows inspection,RETAIN OWNER / IMPROVE SCOPE,1 source observations; one selected metrics row only; query data are not joined to landing URLs.
bmw engine replacement dubai,bmw engine replacement dubai,BMW,Master Keywords!A1012,DIGI-TEC_SEO_Keyword_Universe_Dubai.xlsx,,GENERATED TAXONOMY,,,,,Commercial service,BMW mechanical repair,/brands/bmw-service-dubai/mechanical-repair,COVERED — SECTION,/brands/bmw-service-dubai/mechanical-repair,Existing specific service; exact scope follows inspection,RETAIN OWNER / IMPROVE SCOPE,1 source observations; one selected metrics row only; query data are not joined to landing URLs.
bmw engine warning light,bmw engine warning light,BMW,Master Keywords!A2580,DIGI-TEC_SEO_Keyword_Universe_Dubai.xlsx,,GENERATED TAXONOMY,,,,,Service section,Symptom assessment,/brands/bmw-service-dubai/engine-diagnostics,COVERED — SECTION,/brands/bmw-service-dubai/engine-diagnostics,Existing service explains diagnostic route; no measured case for a separate thin guide,RETAIN OWNER / IMPROVE SCOPE,1 source observations; one selected metrics row only; query data are not joined to landing URLs.
bmw engine warning light dubai,bmw engine warning light dubai,BMW,Master Keywords!A988,DIGI-TEC_SEO_Keyword_Universe_Dubai.xlsx,,GENERATED TAXONOMY,,,,,Service section,Symptom assessment,/brands/bmw-service-dubai/engine-diagnostics,COVERED — SECTION,/brands/bmw-service-dubai/engine-diagnostics,Existing service explains diagnostic route; no measured case for a separate thin guide,RETAIN OWNER / IMPROVE SCOPE,1 source observations; one selected metrics row only; query data are not joined to landing URLs.
bmw exhaust leak repair,bmw exhaust leak repair,BMW,Master Keywords!A2616,DIGI-TEC_SEO_Keyword_Universe_Dubai.xlsx,,GENERATED TAXONOMY,,,,,Commercial service,BMW exhaust repair,/brands/bmw-service-dubai/exhaust-repair,COVERED — PRIMARY,/brands/bmw-service-dubai/exhaust-repair,Existing specific service; exact scope follows inspection,RETAIN OWNER,1 source observations; one selected metrics row only; query data are not joined to landing URLs.
bmw exhaust leak repair dubai,bmw exhaust leak repair dubai,BMW,Master Keywords!A2617,DIGI-TEC_SEO_Keyword_Universe_Dubai.xlsx,,GENERATED TAXONOMY,,,,,Commercial service,BMW exhaust repair,/brands/bmw-service-dubai/exhaust-repair,COVERED — PRIMARY,/brands/bmw-service-dubai/exhaust-repair,Existing specific service; exact scope follows inspection,RETAIN OWNER,1 source observations; one selected metrics row only; query data are not joined to landing URLs.
bmw exhaust repair,bmw exhaust repair,BMW,Master Keywords!A2618,DIGI-TEC_SEO_Keyword_Universe_Dubai.xlsx,,GENERATED TAXONOMY,,,,,Commercial service,BMW exhaust repair,/brands/bmw-service-dubai/exhaust-repair,COVERED — PRIMARY,/brands/bmw-service-dubai/exhaust-repair,Existing specific service; exact scope follows inspection,RETAIN OWNER,1 source observations; one selected metrics row only; query data are not joined to landing URLs.
bmw exhaust repair dubai,bmw exhaust repair dubai,BMW,Master Keywords!A2619,DIGI-TEC_SEO_Keyword_Universe_Dubai.xlsx,,GENERATED TAXONOMY,,,,,Commercial service,BMW exhaust repair,/brands/bmw-service-dubai/exhaust-repair,COVERED — PRIMARY,/brands/bmw-service-dubai/exhaust-repair,Existing specific service; exact scope follows inspection,RETAIN OWNER,1 source observations; one selected metrics row only; query data are not joined to landing URLs.
bmw exhaust replacement,bmw exhaust replacement,BMW,Master Keywords!A2620,DIGI-TEC_SEO_Keyword_Universe_Dubai.xlsx,,GENERATED TAXONOMY,,,,,Commercial service,BMW exhaust repair,/brands/bmw-service-dubai/exhaust-repair,COVERED — PRIMARY,/brands/bmw-service-dubai/exhaust-repair,Existing specific service; exact scope follows inspection,RETAIN OWNER,1 source observations; one selected metrics row only; query data are not joined to landing URLs.
bmw exhaust replacement dubai,bmw exhaust replacement dubai,BMW,Master Keywords!A2621,DIGI-TEC_SEO_Keyword_Universe_Dubai.xlsx,,GENERATED TAXONOMY,,,,,Commercial service,BMW exhaust repair,/brands/bmw-service-dubai/exhaust-repair,COVERED — PRIMARY,/brands/bmw-service-dubai/exhaust-repair,Existing specific service; exact scope follows inspection,RETAIN OWNER,1 source observations; one selected metrics row only; query data are not joined to landing URLs.
bmw exhaust upgrade,bmw exhaust upgrade,BMW,Master Keywords!A2622,DIGI-TEC_SEO_Keyword_Universe_Dubai.xlsx,,GENERATED TAXONOMY,,,,,Commercial service,BMW exhaust repair,/brands/bmw-service-dubai/exhaust-repair,COVERED — PRIMARY,/brands/bmw-service-dubai/exhaust-repair,Existing specific service; exact scope follows inspection,RETAIN OWNER,1 source observations; one selected metrics row only; query data are not joined to landing URLs.
bmw exhaust upgrade dubai,bmw exhaust upgrade dubai,BMW,Master Keywords!A2623,DIGI-TEC_SEO_Keyword_Universe_Dubai.xlsx,,GENERATED TAXONOMY,,,,,Commercial service,BMW exhaust repair,/brands/bmw-service-dubai/exhaust-repair,COVERED — PRIMARY,/brands/bmw-service-dubai/exhaust-repair,Existing specific service; exact scope follows inspection,RETAIN OWNER,1 source observations; one selected metrics row only; query data are not joined to landing URLs.
bmw fault code scanning,bmw fault code scanning,BMW,Master Keywords!A2581,DIGI-TEC_SEO_Keyword_Universe_Dubai.xlsx,,GENERATED TAXONOMY,,,,,Commercial service,BMW diagnostics,/brands/bmw-service-dubai/engine-diagnostics,COVERED — PRIMARY,/brands/bmw-service-dubai/engine-diagnostics,Existing specific service; exact scope follows inspection,RETAIN OWNER / IMPROVE SCOPE,1 source observations; one selected metrics row only; query data are not joined to landing URLs.
bmw fault code scanning dubai,bmw fault code scanning dubai,BMW,Master Keywords!A989,DIGI-TEC_SEO_Keyword_Universe_Dubai.xlsx,,GENERATED TAXONOMY,,,,,Commercial service,BMW diagnostics,/brands/bmw-service-dubai/engine-diagnostics,COVERED — PRIMARY,/brands/bmw-service-dubai/engine-diagnostics,Existing specific service; exact scope follows inspection,RETAIN OWNER / IMPROVE SCOPE,1 source observations; one selected metrics row only; query data are not joined to landing URLs.
bmw fault diagnosis,bmw fault diagnosis,BMW,Master Keywords!A2582,DIGI-TEC_SEO_Keyword_Universe_Dubai.xlsx,,GENERATED TAXONOMY,,,,,Commercial service,BMW diagnostics,/brands/bmw-service-dubai/engine-diagnostics,COVERED — PRIMARY,/brands/bmw-service-dubai/engine-diagnostics,Existing specific service; exact scope follows inspection,RETAIN OWNER / IMPROVE SCOPE,2 source observations; one selected metrics row only; query data are not joined to landing URLs.
bmw fault diagnosis dubai,bmw fault diagnosis dubai,BMW,Master Keywords!A990,DIGI-TEC_SEO_Keyword_Universe_Dubai.xlsx,,GENERATED TAXONOMY,,,,,Commercial service,BMW diagnostics,/brands/bmw-service-dubai/engine-diagnostics,COVERED — PRIMARY,/brands/bmw-service-dubai/engine-diagnostics,Existing specific service; exact scope follows inspection,RETAIN OWNER / IMPROVE SCOPE,1 source observations; one selected metrics row only; query data are not joined to landing URLs.
bmw garage,bmw garage,BMW,Master Keywords!A2629,DIGI-TEC_SEO_Keyword_Universe_Dubai.xlsx,,GENERATED TAXONOMY,,,,,Broad commercial,BMW service/repair discovery,/brands/bmw-service-dubai,COVERED — PRIMARY,/brands/bmw-service-dubai,Single broad booking and directory owner,RETAIN OWNER / IMPROVE SCOPE,1 source observations; one selected metrics row only; query data are not joined to landing URLs.
bmw garage dubai,bmw garage dubai,BMW,Master Keywords!A1019,DIGI-TEC_SEO_Keyword_Universe_Dubai.xlsx,,GENERATED TAXONOMY,,,,,Broad commercial,BMW service/repair discovery,/brands/bmw-service-dubai,COVERED — PRIMARY,/brands/bmw-service-dubai,Single broad booking and directory owner,RETAIN OWNER / IMPROVE SCOPE,2 source observations; one selected metrics row only; query data are not joined to landing URLs.
bmw garage near me,bmw garage near me,BMW,Master Keywords!A2630,DIGI-TEC_SEO_Keyword_Universe_Dubai.xlsx,,GENERATED TAXONOMY,,,,,Broad commercial,BMW service/repair discovery,/brands/bmw-service-dubai,COVERED — PRIMARY,/brands/bmw-service-dubai,Single broad booking and directory owner,RETAIN OWNER / IMPROVE SCOPE,1 source observations; one selected metrics row only; query data are not joined to landing URLs.
bmw gear shifting problem,bmw gear shifting problem,BMW,Master Keywords!A2762,DIGI-TEC_SEO_Keyword_Universe_Dubai.xlsx,,GENERATED TAXONOMY,,,,,Commercial service,BMW gearbox repair,/brands/bmw-service-dubai/transmission-repair,COVERED — PRIMARY,/brands/bmw-service-dubai/transmission-repair,Existing specific service; exact scope follows inspection,RETAIN OWNER,1 source observations; one selected metrics row only; query data are not joined to landing URLs.
bmw gear shifting problem dubai,bmw gear shifting problem dubai,BMW,Master Keywords!A1029,DIGI-TEC_SEO_Keyword_Universe_Dubai.xlsx,,GENERATED TAXONOMY,,,,,Commercial service,BMW gearbox repair,/brands/bmw-service-dubai/transmission-repair,COVERED — PRIMARY,/brands/bmw-service-dubai/transmission-repair,Existing specific service; exact scope follows inspection,RETAIN OWNER,1 source observations; one selected metrics row only; query data are not joined to landing URLs.
BMW gearbox jerking,bmw gearbox jerking,BMW,B3 brief example #27,B3 user brief,,OTHER SOURCE — USER BRIEF EXAMPLE,,,,,Service section,Symptom assessment,/brands/bmw-service-dubai/transmission-repair,COVERED — SECTION,/brands/bmw-service-dubai/transmission-repair,Existing service explains diagnostic route; no measured case for a separate thin guide,RETAIN OWNER,1 source observations; one selected metrics row only; query data are not joined to landing URLs.
bmw transmission leak repair,bmw gearbox leak repair,BMW,Master Keywords!A2768,DIGI-TEC_SEO_Keyword_Universe_Dubai.xlsx,,GENERATED TAXONOMY,,,,,Commercial service,BMW gearbox repair,/brands/bmw-service-dubai/transmission-repair,COVERED — PRIMARY,/brands/bmw-service-dubai/transmission-repair,Existing specific service; exact scope follows inspection,RETAIN OWNER,1 source observations; one selected metrics row only; query data are not joined to landing URLs.
bmw transmission leak repair dubai,bmw gearbox leak repair dubai,BMW,Master Keywords!A1035,DIGI-TEC_SEO_Keyword_Universe_Dubai.xlsx,,GENERATED TAXONOMY,,,,,Commercial service,BMW gearbox repair,/brands/bmw-service-dubai/transmission-repair,COVERED — PRIMARY,/brands/bmw-service-dubai/transmission-repair,Existing specific service; exact scope follows inspection,RETAIN OWNER,1 source observations; one selected metrics row only; query data are not joined to landing URLs.
bmw gearbox oil change,bmw gearbox oil change,BMW,Master Keywords!A2763,DIGI-TEC_SEO_Keyword_Universe_Dubai.xlsx,,GENERATED TAXONOMY,,,,,Commercial service,BMW gearbox repair,/brands/bmw-service-dubai/transmission-repair,COVERED — PRIMARY,/brands/bmw-service-dubai/transmission-repair,Existing specific service; exact scope follows inspection,RETAIN OWNER,2 source observations; one selected metrics row only; query data are not joined to landing URLs.
bmw gearbox oil change dubai,bmw gearbox oil change dubai,BMW,Master Keywords!A1030,DIGI-TEC_SEO_Keyword_Universe_Dubai.xlsx,,GENERATED TAXONOMY,,,,,Commercial service,BMW gearbox repair,/brands/bmw-service-dubai/transmission-repair,COVERED — PRIMARY,/brands/bmw-service-dubai/transmission-repair,Existing specific service; exact scope follows inspection,RETAIN OWNER,2 source observations; one selected metrics row only; query data are not joined to landing URLs.
bmw gearbox rebuild,bmw gearbox rebuild,BMW,Master Keywords!A2764,DIGI-TEC_SEO_Keyword_Universe_Dubai.xlsx,,GENERATED TAXONOMY,,,,,Commercial service,BMW gearbox repair,/brands/bmw-service-dubai/transmission-repair,COVERED — PRIMARY,/brands/bmw-service-dubai/transmission-repair,Existing specific service; exact scope follows inspection,RETAIN OWNER,2 source observations; one selected metrics row only; query data are not joined to landing URLs.
bmw gearbox rebuild dubai,bmw gearbox rebuild dubai,BMW,Master Keywords!A1031,DIGI-TEC_SEO_Keyword_Universe_Dubai.xlsx,,GENERATED TAXONOMY,,,,,Commercial service,BMW gearbox repair,/brands/bmw-service-dubai/transmission-repair,COVERED — PRIMARY,/brands/bmw-service-dubai/transmission-repair,Existing specific service; exact scope follows inspection,RETAIN OWNER,2 source observations; one selected metrics row only; query data are not joined to landing URLs.
bmw transmission repair,bmw gearbox repair,BMW,Queries!A572,digitecme.com-Performance-on-Search-2026-09-27.xlsx,2026-04-12 to 2026-09-25,MEASURED ORIGINAL GSC,0.0,39.0,0.0,20.13,Commercial service,BMW gearbox repair,/brands/bmw-service-dubai/transmission-repair,COVERED — PRIMARY,/brands/bmw-service-dubai/transmission-repair,Existing specific service; exact scope follows inspection,RETAIN OWNER,9 source observations; one selected metrics row only; query data are not joined to landing URLs.
bmw transmission repair dubai,bmw gearbox repair dubai,BMW,Queries!A258,digitecme.com-Performance-on-Search-2026-09-27.xlsx,2026-04-12 to 2026-09-25,MEASURED ORIGINAL GSC,0.0,96.0,0.0,11.9,Commercial service,BMW gearbox repair,/brands/bmw-service-dubai/transmission-repair,COVERED — PRIMARY,/brands/bmw-service-dubai/transmission-repair,Existing specific service; exact scope follows inspection,RETAIN OWNER,11 source observations; one selected metrics row only; query data are not joined to landing URLs.
bmw transmission repair in dubai,bmw gearbox repair in dubai,BMW,Queries!A648,digitecme.com-Performance-on-Search-2026-09-27.xlsx,2026-04-12 to 2026-09-25,MEASURED ORIGINAL GSC,0.0,33.0,0.0,8.27,Commercial service,BMW gearbox repair,/brands/bmw-service-dubai/transmission-repair,COVERED — PRIMARY,/brands/bmw-service-dubai/transmission-repair,Existing specific service; exact scope follows inspection,RETAIN OWNER,7 source observations; one selected metrics row only; query data are not joined to landing URLs.
bmw transmission repair near me,bmw gearbox repair near me,BMW,Master Keywords!A2771,DIGI-TEC_SEO_Keyword_Universe_Dubai.xlsx,,GENERATED TAXONOMY,,,,,Commercial service,BMW gearbox repair,/brands/bmw-service-dubai/transmission-repair,COVERED — PRIMARY,/brands/bmw-service-dubai/transmission-repair,Existing specific service; exact scope follows inspection,RETAIN OWNER,1 source observations; one selected metrics row only; query data are not joined to landing URLs.
bmw gearbox replacement,bmw gearbox replacement,BMW,Master Keywords!A2766,DIGI-TEC_SEO_Keyword_Universe_Dubai.xlsx,,GENERATED TAXONOMY,,,,,Commercial service,BMW gearbox repair,/brands/bmw-service-dubai/transmission-repair,COVERED — PRIMARY,/brands/bmw-service-dubai/transmission-repair,Existing specific service; exact scope follows inspection,RETAIN OWNER,2 source observations; one selected metrics row only; query data are not joined to landing URLs.
bmw gearbox replacement dubai,bmw gearbox replacement dubai,BMW,Master Keywords!A1033,DIGI-TEC_SEO_Keyword_Universe_Dubai.xlsx,,GENERATED TAXONOMY,,,,,Commercial service,BMW gearbox repair,/brands/bmw-service-dubai/transmission-repair,COVERED — PRIMARY,/brands/bmw-service-dubai/transmission-repair,Existing specific service; exact scope follows inspection,RETAIN OWNER,2 source observations; one selected metrics row only; query data are not joined to landing URLs.
bmw transmission service,bmw gearbox service,BMW,Queries!A427,digitecme.com-Performance-on-Search-2026-09-27.xlsx,2026-04-12 to 2026-09-25,MEASURED ORIGINAL GSC,0.0,56.0,0.0,19.95,Commercial service,BMW gearbox repair,/brands/bmw-service-dubai/transmission-repair,COVERED — PRIMARY,/brands/bmw-service-dubai/transmission-repair,Existing specific service; exact scope follows inspection,RETAIN OWNER,9 source observations; one selected metrics row only; query data are not joined to landing URLs.
bmw gearbox service dubai,bmw gearbox service dubai,BMW,Master Keywords!A1034,DIGI-TEC_SEO_Keyword_Universe_Dubai.xlsx,,GENERATED TAXONOMY,,,,,Commercial service,BMW gearbox repair,/brands/bmw-service-dubai/transmission-repair,COVERED — PRIMARY,/brands/bmw-service-dubai/transmission-repair,Existing specific service; exact scope follows inspection,RETAIN OWNER,2 source observations; one selected metrics row only; query data are not joined to landing URLs.
BMW transmission slipping,bmw gearbox slipping,BMW,B3 brief example #28,B3 user brief,,OTHER SOURCE — USER BRIEF EXAMPLE,,,,,Service section,Symptom assessment,/brands/bmw-service-dubai/transmission-repair,COVERED — SECTION,/brands/bmw-service-dubai/transmission-repair,Existing service explains diagnostic route; no measured case for a separate thin guide,RETAIN OWNER,1 source observations; one selected metrics row only; query data are not joined to landing URLs.
bmw head unit repair,bmw head unit repair,BMW,Master Keywords!A2645,DIGI-TEC_SEO_Keyword_Universe_Dubai.xlsx,,GENERATED TAXONOMY,,,,,Commercial section,iDrive/electronics assessment,/brands/bmw-service-dubai/electrical-repair,COVERED — SECTION,/brands/bmw-service-dubai/electrical-repair,Fault diagnosis and upgrade enquiry remain distinct; no thin module URL,RETAIN OWNER / IMPROVE SCOPE,2 source observations; one selected metrics row only; query data are not joined to landing URLs.
bmw head unit repair dubai,bmw head unit repair dubai,BMW,Master Keywords!A2646,DIGI-TEC_SEO_Keyword_Universe_Dubai.xlsx,,GENERATED TAXONOMY,,,,,Commercial section,iDrive/electronics assessment,/brands/bmw-service-dubai/electrical-repair,COVERED — SECTION,/brands/bmw-service-dubai/electrical-repair,Fault diagnosis and upgrade enquiry remain distinct; no thin module URL,RETAIN OWNER / IMPROVE SCOPE,1 source observations; one selected metrics row only; query data are not joined to landing URLs.
bmw i3 service dubai,bmw i3 service dubai,BMW,Queries!A883,digitecme.com-Performance-on-Search-2026-09-05.xlsx,2026-08-06 to 2026-09-02,MEASURED ORIGINAL GSC,0.0,5.0,0.0,22.6,Broad commercial,BMW service/repair discovery,/brands/bmw-service-dubai,COVERED — PRIMARY,/brands/bmw-service-dubai,Single broad booking and directory owner,RETAIN OWNER / IMPROVE SCOPE,1 source observations; one selected metrics row only; query data are not joined to landing URLs.
BMW i4 service Dubai,bmw i4 service dubai,BMW,B3 brief example #79,B3 user brief,,OTHER SOURCE — USER BRIEF EXAMPLE,,,,,Broad commercial,BMW service/repair discovery,/brands/bmw-service-dubai,COVERED — PRIMARY,/brands/bmw-service-dubai,Single broad booking and directory owner,RETAIN OWNER / IMPROVE SCOPE,1 source observations; one selected metrics row only; query data are not joined to landing URLs.
BMW i5 service Dubai,bmw i5 service dubai,BMW,B3 brief example #80,B3 user brief,,OTHER SOURCE — USER BRIEF EXAMPLE,,,,,Broad commercial,BMW service/repair discovery,/brands/bmw-service-dubai,COVERED — PRIMARY,/brands/bmw-service-dubai,Single broad booking and directory owner,RETAIN OWNER / IMPROVE SCOPE,1 source observations; one selected metrics row only; query data are not joined to landing URLs.
BMW i7 service Dubai,bmw i7 service dubai,BMW,B3 brief example #81,B3 user brief,,OTHER SOURCE — USER BRIEF EXAMPLE,,,,,Broad commercial,BMW service/repair discovery,/brands/bmw-service-dubai,COVERED — PRIMARY,/brands/bmw-service-dubai,Single broad booking and directory owner,RETAIN OWNER / IMPROVE SCOPE,1 source observations; one selected metrics row only; query data are not joined to landing URLs.
bmw i8 service dubai,bmw i8 service dubai,BMW,Queries!A891,digitecme.com-Performance-on-Search-2026-09-05.xlsx,2026-08-06 to 2026-09-02,MEASURED ORIGINAL GSC,0.0,5.0,0.0,24.6,Broad commercial,BMW service/repair discovery,/brands/bmw-service-dubai,COVERED — PRIMARY,/brands/bmw-service-dubai,Single broad booking and directory owner,RETAIN OWNER / IMPROVE SCOPE,4 source observations; one selected metrics row only; query data are not joined to landing URLs.
BMW iDrive not working,bmw idrive not working,BMW,B3 brief example #50,B3 user brief,,OTHER SOURCE — USER BRIEF EXAMPLE,,,,,Commercial section,iDrive/electronics assessment,/brands/bmw-service-dubai/electrical-repair,COVERED — SECTION,/brands/bmw-service-dubai/electrical-repair,Fault diagnosis and upgrade enquiry remain distinct; no thin module URL,RETAIN OWNER / IMPROVE SCOPE,1 source observations; one selected metrics row only; query data are not joined to landing URLs.
BMW iDrive rebooting,bmw idrive rebooting,BMW,B3 brief example #67,B3 user brief,,OTHER SOURCE — USER BRIEF EXAMPLE,,,,,Commercial section,iDrive/electronics assessment,/brands/bmw-service-dubai/electrical-repair,COVERED — SECTION,/brands/bmw-service-dubai/electrical-repair,Fault diagnosis and upgrade enquiry remain distinct; no thin module URL,RETAIN OWNER / IMPROVE SCOPE,1 source observations; one selected metrics row only; query data are not joined to landing URLs.
BMW idrive repair,bmw idrive repair,BMW,Brand Specific Systems!B57,DIGI-TEC_SEO_Keyword_Universe_Dubai.xlsx,,RESEARCH KEYWORD,,,,,Commercial section,iDrive/electronics assessment,/brands/bmw-service-dubai/electrical-repair,COVERED — SECTION,/brands/bmw-service-dubai/electrical-repair,Fault diagnosis and upgrade enquiry remain distinct; no thin module URL,RETAIN OWNER / IMPROVE SCOPE,1 source observations; one selected metrics row only; query data are not joined to landing URLs.
BMW iDrive repair Dubai,bmw idrive repair dubai,BMW,B3 brief example #49,B3 user brief,,OTHER SOURCE — USER BRIEF EXAMPLE,,,,,Commercial section,iDrive/electronics assessment,/brands/bmw-service-dubai/electrical-repair,COVERED — SECTION,/brands/bmw-service-dubai/electrical-repair,Fault diagnosis and upgrade enquiry remain distinct; no thin module URL,RETAIN OWNER / IMPROVE SCOPE,1 source observations; one selected metrics row only; query data are not joined to landing URLs.
BMW idrive screen replacement,bmw idrive screen replacement,BMW,Brand Specific Systems!B58,DIGI-TEC_SEO_Keyword_Universe_Dubai.xlsx,,RESEARCH KEYWORD,,,,,Commercial section,iDrive/electronics assessment,/brands/bmw-service-dubai/electrical-repair,COVERED — SECTION,/brands/bmw-service-dubai/electrical-repair,Fault diagnosis and upgrade enquiry remain distinct; no thin module URL,RETAIN OWNER / IMPROVE SCOPE,1 source observations; one selected metrics row only; query data are not joined to landing URLs.
bmw infotainment repair,bmw infotainment repair,BMW,Master Keywords!A2647,DIGI-TEC_SEO_Keyword_Universe_Dubai.xlsx,,GENERATED TAXONOMY,,,,,Commercial section,iDrive/electronics assessment,/brands/bmw-service-dubai/electrical-repair,COVERED — SECTION,/brands/bmw-service-dubai/electrical-repair,Fault diagnosis and upgrade enquiry remain distinct; no thin module URL,RETAIN OWNER / IMPROVE SCOPE,1 source observations; one selected metrics row only; query data are not joined to landing URLs.
bmw infotainment repair dubai,bmw infotainment repair dubai,BMW,Master Keywords!A2648,DIGI-TEC_SEO_Keyword_Universe_Dubai.xlsx,,GENERATED TAXONOMY,,,,,Commercial section,iDrive/electronics assessment,/brands/bmw-service-dubai/electrical-repair,COVERED — SECTION,/brands/bmw-service-dubai/electrical-repair,Fault diagnosis and upgrade enquiry remain distinct; no thin module URL,RETAIN OWNER / IMPROVE SCOPE,1 source observations; one selected metrics row only; query data are not joined to landing URLs.
bmw instrument cluster repair,bmw instrument cluster repair,BMW,Master Keywords!A2649,DIGI-TEC_SEO_Keyword_Universe_Dubai.xlsx,,GENERATED TAXONOMY,,,,,Broad commercial,BMW service/repair discovery,/brands/bmw-service-dubai,COVERED — PRIMARY,/brands/bmw-service-dubai,Single broad booking and directory owner,RETAIN OWNER / IMPROVE SCOPE,1 source observations; one selected metrics row only; query data are not joined to landing URLs.
bmw instrument cluster repair dubai,bmw instrument cluster repair dubai,BMW,Master Keywords!A2650,DIGI-TEC_SEO_Keyword_Universe_Dubai.xlsx,,GENERATED TAXONOMY,,,,,Broad commercial,BMW service/repair discovery,/brands/bmw-service-dubai,COVERED — PRIMARY,/brands/bmw-service-dubai,Single broad booking and directory owner,RETAIN OWNER / IMPROVE SCOPE,1 source observations; one selected metrics row only; query data are not joined to landing URLs.
BMW ista diagnostics,bmw ista diagnostics,BMW,Brand Specific Systems!B56,DIGI-TEC_SEO_Keyword_Universe_Dubai.xlsx,,RESEARCH KEYWORD,,,,,Commercial service,BMW diagnostics,/brands/bmw-service-dubai/engine-diagnostics,COVERED — PRIMARY,/brands/bmw-service-dubai/engine-diagnostics,Existing specific service; exact scope follows inspection,RETAIN OWNER / IMPROVE SCOPE,1 source observations; one selected metrics row only; query data are not joined to landing URLs.
BMW ISTA diagnostics Dubai,bmw ista diagnostics dubai,BMW,B3 brief example #9,B3 user brief,,OTHER SOURCE — USER BRIEF EXAMPLE,,,,,Commercial service,BMW diagnostics,/brands/bmw-service-dubai/engine-diagnostics,COVERED — PRIMARY,/brands/bmw-service-dubai/engine-diagnostics,Existing specific service; exact scope follows inspection,RETAIN OWNER / IMPROVE SCOPE,1 source observations; one selected metrics row only; query data are not joined to landing URLs.
BMW iX service Dubai,bmw ix service dubai,BMW,B3 brief example #82,B3 user brief,,OTHER SOURCE — USER BRIEF EXAMPLE,,,,,Broad commercial,BMW service/repair discovery,/brands/bmw-service-dubai,COVERED — PRIMARY,/brands/bmw-service-dubai,Single broad booking and directory owner,RETAIN OWNER / IMPROVE SCOPE,1 source observations; one selected metrics row only; query data are not joined to landing URLs.
bmw key programming,bmw key programming,BMW,Master Keywords!A2591,DIGI-TEC_SEO_Keyword_Universe_Dubai.xlsx,,GENERATED TAXONOMY,,,,,Unverified service,Unverified function,,NOT TARGETED — INTENTIONALLY,,BMW-specific function or offering not established by keyword evidence,DO NOT TARGET WITHOUT SERVICE VERIFICATION,1 source observations; one selected metrics row only; query data are not joined to landing URLs.
bmw key programming dubai,bmw key programming dubai,BMW,Master Keywords!A999,DIGI-TEC_SEO_Keyword_Universe_Dubai.xlsx,,GENERATED TAXONOMY,,,,,Unverified service,Unverified function,,NOT TARGETED — INTENTIONALLY,,BMW-specific function or offering not established by keyword evidence,DO NOT TARGET WITHOUT SERVICE VERIFICATION,1 source observations; one selected metrics row only; query data are not joined to landing URLs.
bmw keyless entry repair,bmw keyless entry repair,BMW,Master Keywords!A2592,DIGI-TEC_SEO_Keyword_Universe_Dubai.xlsx,,GENERATED TAXONOMY,,,,,Unverified service,Unverified function,,NOT TARGETED — INTENTIONALLY,,BMW-specific function or offering not established by keyword evidence,DO NOT TARGET WITHOUT SERVICE VERIFICATION,1 source observations; one selected metrics row only; query data are not joined to landing URLs.
bmw keyless entry repair dubai,bmw keyless entry repair dubai,BMW,Master Keywords!A1000,DIGI-TEC_SEO_Keyword_Universe_Dubai.xlsx,,GENERATED TAXONOMY,,,,,Unverified service,Unverified function,,NOT TARGETED — INTENTIONALLY,,BMW-specific function or offering not established by keyword evidence,DO NOT TARGET WITHOUT SERVICE VERIFICATION,1 source observations; one selected metrics row only; query data are not joined to landing URLs.
BMW loss of boost,bmw loss of boost,BMW,B3 brief example #23,B3 user brief,,OTHER SOURCE — USER BRIEF EXAMPLE,,,,,Broad commercial,BMW service/repair discovery,/brands/bmw-service-dubai,COVERED — PRIMARY,/brands/bmw-service-dubai,Single broad booking and directory owner,RETAIN OWNER / IMPROVE SCOPE,1 source observations; one selected metrics row only; query data are not joined to landing URLs.
BMW loss of power,bmw loss of power,BMW,B3 brief example #20,B3 user brief,,OTHER SOURCE — USER BRIEF EXAMPLE,,,,,Service section,Symptom assessment,/brands/bmw-service-dubai/engine-diagnostics,COVERED — SECTION,/brands/bmw-service-dubai/engine-diagnostics,Existing service explains diagnostic route; no measured case for a separate thin guide,RETAIN OWNER / IMPROVE SCOPE,1 source observations; one selected metrics row only; query data are not joined to landing URLs.
bmw loss of power repair,bmw loss of power repair,BMW,Master Keywords!A2607,DIGI-TEC_SEO_Keyword_Universe_Dubai.xlsx,,GENERATED TAXONOMY,,,,,Service section,Symptom assessment,/brands/bmw-service-dubai/engine-diagnostics,COVERED — SECTION,/brands/bmw-service-dubai/engine-diagnostics,Existing service explains diagnostic route; no measured case for a separate thin guide,RETAIN OWNER / IMPROVE SCOPE,1 source observations; one selected metrics row only; query data are not joined to landing URLs.
bmw loss of power repair dubai,bmw loss of power repair dubai,BMW,Master Keywords!A1013,DIGI-TEC_SEO_Keyword_Universe_Dubai.xlsx,,GENERATED TAXONOMY,,,,,Service section,Symptom assessment,/brands/bmw-service-dubai/engine-diagnostics,COVERED — SECTION,/brands/bmw-service-dubai/engine-diagnostics,Existing service explains diagnostic route; no measured case for a separate thin guide,RETAIN OWNER / IMPROVE SCOPE,1 source observations; one selected metrics row only; query data are not joined to landing URLs.
BMW M3 service Dubai,bmw m3 service dubai,BMW,B3 brief example #76,B3 user brief,,OTHER SOURCE — USER BRIEF EXAMPLE,,,,,Model commercial,M3 model service,/brands/bmw-service-dubai/m3,COVERED — MODEL PAGE,/brands/bmw-service-dubai/m3,Existing model owner; repair tasks link to services,RETAIN OWNER / IMPROVE SCOPE,1 source observations; one selected metrics row only; query data are not joined to landing URLs.
bmw m4 oil change dubai,bmw m4 oil change dubai,BMW,Queries!A685,digitecme.com-Performance-on-Search-2026-09-05.xlsx,2026-08-06 to 2026-09-02,MEASURED ORIGINAL GSC,0.0,7.0,0.0,20.0,Commercial service,BMW oil service,/brands/bmw-service-dubai/oil-change,COVERED — PRIMARY,/brands/bmw-service-dubai/oil-change,Existing specific service; exact scope follows inspection,RETAIN OWNER / IMPROVE SCOPE,1 source observations; one selected metrics row only; query data are not joined to landing URLs.
bmw m4 service dubai,bmw m4 service dubai,BMW,Queries!A681,digitecme.com-Performance-on-Search-2026-09-05.xlsx,2026-08-06 to 2026-09-02,MEASURED ORIGINAL GSC,0.0,7.0,0.0,19.14,Model commercial,M4 model service,/brands/bmw-service-dubai/m4,COVERED — MODEL PAGE,/brands/bmw-service-dubai/m4,Existing model owner; repair tasks link to services,RETAIN OWNER / IMPROVE SCOPE,2 source observations; one selected metrics row only; query data are not joined to landing URLs.
bmw m5 service dubai,bmw m5 service dubai,BMW,Queries!A736,digitecme.com-Performance-on-Search-2026-09-05.xlsx,2026-08-06 to 2026-09-02,MEASURED ORIGINAL GSC,0.0,6.0,0.0,11.83,Model commercial,M5 model service,/brands/bmw-service-dubai/m5,COVERED — MODEL PAGE,/brands/bmw-service-dubai/m5,Existing model owner; repair tasks link to services,RETAIN OWNER / IMPROVE SCOPE,2 source observations; one selected metrics row only; query data are not joined to landing URLs.
bmw m6 service dubai,bmw m6 service dubai,BMW,Queries!A754,digitecme.com-Performance-on-Search-2026-09-05.xlsx,2026-08-06 to 2026-09-02,MEASURED ORIGINAL GSC,0.0,6.0,0.0,20.5,Broad commercial,BMW service/repair discovery,/brands/bmw-service-dubai,COVERED — PRIMARY,/brands/bmw-service-dubai,Single broad booking and directory owner,RETAIN OWNER / IMPROVE SCOPE,1 source observations; one selected metrics row only; query data are not joined to landing URLs.
bmw maintenance,bmw maintenance,BMW,Master Keywords!A2631,DIGI-TEC_SEO_Keyword_Universe_Dubai.xlsx,,GENERATED TAXONOMY,,,,,Informational,Maintenance planning,/blog/bmw-maintenance-guide-dubai,COVERED — INFORMATIONAL GUIDE,/blog/bmw-maintenance-guide-dubai,Guide supports hub booking,RETAIN OWNER / IMPROVE SCOPE,1 source observations; one selected metrics row only; query data are not joined to landing URLs.
bmw maintenance dubai,bmw maintenance dubai,BMW,Queries!A437,digitecme.com-Performance-on-Search-2026-09-27.xlsx,2026-04-12 to 2026-09-25,MEASURED ORIGINAL GSC,0.0,54.0,0.0,15.24,Informational,Maintenance planning,/blog/bmw-maintenance-guide-dubai,COVERED — INFORMATIONAL GUIDE,/blog/bmw-maintenance-guide-dubai,Guide supports hub booking,RETAIN OWNER / IMPROVE SCOPE,8 source observations; one selected metrics row only; query data are not joined to landing URLs.
bmw major service,bmw major service,BMW,Master Keywords!A2721,DIGI-TEC_SEO_Keyword_Universe_Dubai.xlsx,,GENERATED TAXONOMY,,,,,Commercial service,BMW oil service,/brands/bmw-service-dubai/oil-change,COVERED — PRIMARY,/brands/bmw-service-dubai/oil-change,Existing specific service; exact scope follows inspection,RETAIN OWNER / IMPROVE SCOPE,1 source observations; one selected metrics row only; query data are not joined to landing URLs.
bmw major service dubai,bmw major service dubai,BMW,Queries!A454,digitecme.com-Performance-on-Search-2026-09-05.xlsx,2026-08-06 to 2026-09-02,MEASURED ORIGINAL GSC,0.0,12.0,0.0,18.67,Commercial service,BMW oil service,/brands/bmw-service-dubai/oil-change,COVERED — PRIMARY,/brands/bmw-service-dubai/oil-change,Existing specific service; exact scope follows inspection,RETAIN OWNER / IMPROVE SCOPE,3 source observations; one selected metrics row only; query data are not joined to landing URLs.
BMW mechanical repair Dubai,bmw mechanical repair dubai,BMW,B3 brief example #15,B3 user brief,,OTHER SOURCE — USER BRIEF EXAMPLE,,,,,Commercial service,BMW mechanical repair,/brands/bmw-service-dubai/mechanical-repair,COVERED — SECTION,/brands/bmw-service-dubai/mechanical-repair,Existing specific service; exact scope follows inspection,RETAIN OWNER / IMPROVE SCOPE,1 source observations; one selected metrics row only; query data are not joined to landing URLs.
bmw minor service,bmw minor service,BMW,Master Keywords!A2723,DIGI-TEC_SEO_Keyword_Universe_Dubai.xlsx,,GENERATED TAXONOMY,,,,,Broad commercial,BMW service/repair discovery,/brands/bmw-service-dubai,COVERED — PRIMARY,/brands/bmw-service-dubai,Single broad booking and directory owner,RETAIN OWNER / IMPROVE SCOPE,1 source observations; one selected metrics row only; query data are not joined to landing URLs.
bmw minor service dubai,bmw minor service dubai,BMW,Master Keywords!A2724,DIGI-TEC_SEO_Keyword_Universe_Dubai.xlsx,,GENERATED TAXONOMY,,,,,Broad commercial,BMW service/repair discovery,/brands/bmw-service-dubai,COVERED — PRIMARY,/brands/bmw-service-dubai,Single broad booking and directory owner,RETAIN OWNER / IMPROVE SCOPE,1 source observations; one selected metrics row only; query data are not joined to landing URLs.
bmw misfire repair,bmw misfire repair,BMW,Master Keywords!A2608,DIGI-TEC_SEO_Keyword_Universe_Dubai.xlsx,,GENERATED TAXONOMY,,,,,Service section,Symptom assessment,/brands/bmw-service-dubai/engine-diagnostics,COVERED — SECTION,/brands/bmw-service-dubai/engine-diagnostics,Existing service explains diagnostic route; no measured case for a separate thin guide,RETAIN OWNER / IMPROVE SCOPE,1 source observations; one selected metrics row only; query data are not joined to landing URLs.
bmw misfire repair dubai,bmw misfire repair dubai,BMW,Master Keywords!A1014,DIGI-TEC_SEO_Keyword_Universe_Dubai.xlsx,,GENERATED TAXONOMY,,,,,Service section,Symptom assessment,/brands/bmw-service-dubai/engine-diagnostics,COVERED — SECTION,/brands/bmw-service-dubai/engine-diagnostics,Existing service explains diagnostic route; no measured case for a separate thin guide,RETAIN OWNER / IMPROVE SCOPE,1 source observations; one selected metrics row only; query data are not joined to landing URLs.
bmw module programming,bmw module programming,BMW,Master Keywords!A2593,DIGI-TEC_SEO_Keyword_Universe_Dubai.xlsx,,GENERATED TAXONOMY,,,,,Commercial service,BMW diagnostics,/brands/bmw-service-dubai/engine-diagnostics,COVERED — PRIMARY,/brands/bmw-service-dubai/engine-diagnostics,Existing specific service; exact scope follows inspection,RETAIN OWNER / IMPROVE SCOPE,1 source observations; one selected metrics row only; query data are not joined to landing URLs.
bmw module programming dubai,bmw module programming dubai,BMW,Master Keywords!A1001,DIGI-TEC_SEO_Keyword_Universe_Dubai.xlsx,,GENERATED TAXONOMY,,,,,Commercial service,BMW diagnostics,/brands/bmw-service-dubai/engine-diagnostics,COVERED — PRIMARY,/brands/bmw-service-dubai/engine-diagnostics,Existing specific service; exact scope follows inspection,RETAIN OWNER / IMPROVE SCOPE,1 source observations; one selected metrics row only; query data are not joined to landing URLs.
bmw module repair,bmw module repair,BMW,Master Keywords!A2594,DIGI-TEC_SEO_Keyword_Universe_Dubai.xlsx,,GENERATED TAXONOMY,,,,,Commercial service,BMW electrical repair,/brands/bmw-service-dubai/electrical-repair,COVERED — SECTION,/brands/bmw-service-dubai/electrical-repair,Existing specific service; exact scope follows inspection,RETAIN OWNER / IMPROVE SCOPE,1 source observations; one selected metrics row only; query data are not joined to landing URLs.
bmw module repair dubai,bmw module repair dubai,BMW,Master Keywords!A1002,DIGI-TEC_SEO_Keyword_Universe_Dubai.xlsx,,GENERATED TAXONOMY,,,,,Commercial service,BMW electrical repair,/brands/bmw-service-dubai/electrical-repair,COVERED — SECTION,/brands/bmw-service-dubai/electrical-repair,Existing specific service; exact scope follows inspection,RETAIN OWNER / IMPROVE SCOPE,1 source observations; one selected metrics row only; query data are not joined to landing URLs.
bmw muffler repair,bmw muffler repair,BMW,Master Keywords!A2624,DIGI-TEC_SEO_Keyword_Universe_Dubai.xlsx,,GENERATED TAXONOMY,,,,,Commercial service,BMW exhaust repair,/brands/bmw-service-dubai/exhaust-repair,COVERED — SECTION,/brands/bmw-service-dubai/exhaust-repair,Existing specific service; exact scope follows inspection,RETAIN OWNER,1 source observations; one selected metrics row only; query data are not joined to landing URLs.
bmw muffler repair dubai,bmw muffler repair dubai,BMW,Master Keywords!A2625,DIGI-TEC_SEO_Keyword_Universe_Dubai.xlsx,,GENERATED TAXONOMY,,,,,Commercial service,BMW exhaust repair,/brands/bmw-service-dubai/exhaust-repair,COVERED — SECTION,/brands/bmw-service-dubai/exhaust-repair,Existing specific service; exact scope follows inspection,RETAIN OWNER,1 source observations; one selected metrics row only; query data are not joined to landing URLs.
bmw navigation repair,bmw navigation repair,BMW,Master Keywords!A2651,DIGI-TEC_SEO_Keyword_Universe_Dubai.xlsx,,GENERATED TAXONOMY,,,,,Broad commercial,BMW service/repair discovery,/brands/bmw-service-dubai,COVERED — PRIMARY,/brands/bmw-service-dubai,Single broad booking and directory owner,RETAIN OWNER / IMPROVE SCOPE,1 source observations; one selected metrics row only; query data are not joined to landing URLs.
bmw navigation repair dubai,bmw navigation repair dubai,BMW,Master Keywords!A2652,DIGI-TEC_SEO_Keyword_Universe_Dubai.xlsx,,GENERATED TAXONOMY,,,,,Broad commercial,BMW service/repair discovery,/brands/bmw-service-dubai,COVERED — PRIMARY,/brands/bmw-service-dubai,Single broad booking and directory owner,RETAIN OWNER / IMPROVE SCOPE,1 source observations; one selected metrics row only; query data are not joined to landing URLs.
BMW NBT repair,bmw nbt repair,BMW,B3 brief example #56,B3 user brief,,OTHER SOURCE — USER BRIEF EXAMPLE,,,,,Commercial section,iDrive/electronics assessment,/brands/bmw-service-dubai/electrical-repair,COVERED — SECTION,/brands/bmw-service-dubai/electrical-repair,Fault diagnosis and upgrade enquiry remain distinct; no thin module URL,RETAIN OWNER / IMPROVE SCOPE,1 source observations; one selected metrics row only; query data are not joined to landing URLs.
bmw oil change,bmw oil change,BMW,Master Keywords!A2725,DIGI-TEC_SEO_Keyword_Universe_Dubai.xlsx,,GENERATED TAXONOMY,,,,,Commercial service,BMW oil service,/brands/bmw-service-dubai/oil-change,COVERED — PRIMARY,/brands/bmw-service-dubai/oil-change,Existing specific service; exact scope follows inspection,RETAIN OWNER / IMPROVE SCOPE,1 source observations; one selected metrics row only; query data are not joined to landing URLs.
bmw oil change dubai,bmw oil change dubai,BMW,Queries!A591,digitecme.com-Performance-on-Search-2026-09-13.xlsx,2026-09-05 to 2026-09-11,MEASURED ORIGINAL GSC,0.0,3.0,0.0,37.33,Commercial service,BMW oil service,/brands/bmw-service-dubai/oil-change,COVERED — PRIMARY,/brands/bmw-service-dubai/oil-change,Existing specific service; exact scope follows inspection,RETAIN OWNER / IMPROVE SCOPE,5 source observations; one selected metrics row only; query data are not joined to landing URLs.
bmw oil change near me,bmw oil change near me,BMW,Master Keywords!A2727,DIGI-TEC_SEO_Keyword_Universe_Dubai.xlsx,,GENERATED TAXONOMY,,,,,Commercial service,BMW oil service,/brands/bmw-service-dubai/oil-change,COVERED — PRIMARY,/brands/bmw-service-dubai/oil-change,Existing specific service; exact scope follows inspection,RETAIN OWNER / IMPROVE SCOPE,1 source observations; one selected metrics row only; query data are not joined to landing URLs.
bmw oil change service,bmw oil change service,BMW,Queries!A613,digitecme.com-Performance-on-Search-2026-09-13.xlsx,2026-09-05 to 2026-09-11,MEASURED ORIGINAL GSC,0.0,3.0,0.0,54.67,Commercial service,BMW oil service,/brands/bmw-service-dubai/oil-change,COVERED — PRIMARY,/brands/bmw-service-dubai/oil-change,Existing specific service; exact scope follows inspection,RETAIN OWNER / IMPROVE SCOPE,3 source observations; one selected metrics row only; query data are not joined to landing URLs.
bmw oil filter replacement,bmw oil filter replacement,BMW,Master Keywords!A2728,DIGI-TEC_SEO_Keyword_Universe_Dubai.xlsx,,GENERATED TAXONOMY,,,,,Commercial service,BMW oil service,/brands/bmw-service-dubai/oil-change,COVERED — PRIMARY,/brands/bmw-service-dubai/oil-change,Existing specific service; exact scope follows inspection,RETAIN OWNER / IMPROVE SCOPE,1 source observations; one selected metrics row only; query data are not joined to landing URLs.
bmw oil filter replacement dubai,bmw oil filter replacement dubai,BMW,Master Keywords!A2729,DIGI-TEC_SEO_Keyword_Universe_Dubai.xlsx,,GENERATED TAXONOMY,,,,,Commercial service,BMW oil service,/brands/bmw-service-dubai/oil-change,COVERED — PRIMARY,/brands/bmw-service-dubai/oil-change,Existing specific service; exact scope follows inspection,RETAIN OWNER / IMPROVE SCOPE,1 source observations; one selected metrics row only; query data are not joined to landing URLs.
BMW oil leak,bmw oil leak,BMW,B3 brief example #16,B3 user brief,,OTHER SOURCE — USER BRIEF EXAMPLE,,,,,Service section,Symptom assessment,/brands/bmw-service-dubai/mechanical-repair,COVERED — SECTION,/brands/bmw-service-dubai/mechanical-repair,Existing service explains diagnostic route; no measured case for a separate thin guide,RETAIN OWNER / IMPROVE SCOPE,1 source observations; one selected metrics row only; query data are not joined to landing URLs.
BMW oil service Dubai,bmw oil service dubai,BMW,B3 brief example #47,B3 user brief,,OTHER SOURCE — USER BRIEF EXAMPLE,,,,,Commercial service,BMW oil service,/brands/bmw-service-dubai/oil-change,COVERED — PRIMARY,/brands/bmw-service-dubai/oil-change,Existing specific service; exact scope follows inspection,RETAIN OWNER / IMPROVE SCOPE,1 source observations; one selected metrics row only; query data are not joined to landing URLs.
bmw online service booking,bmw online service booking,BMW,Queries!A820,digitecme.com-Performance-on-Search-2026-09-13.xlsx,2026-09-05 to 2026-09-11,MEASURED ORIGINAL GSC,0.0,2.0,0.0,41.5,Broad commercial,BMW service/repair discovery,/brands/bmw-service-dubai,COVERED — PRIMARY,/brands/bmw-service-dubai,Single broad booking and directory owner,RETAIN OWNER / IMPROVE SCOPE,1 source observations; one selected metrics row only; query data are not joined to landing URLs.
BMW overheating,bmw overheating,BMW,B3 brief example #18,B3 user brief,,OTHER SOURCE — USER BRIEF EXAMPLE,,,,,Service section,Symptom assessment,/brands/bmw-service-dubai/mechanical-repair,COVERED — SECTION,/brands/bmw-service-dubai/mechanical-repair,Existing service explains diagnostic route; no measured case for a separate thin guide,RETAIN OWNER / IMPROVE SCOPE,1 source observations; one selected metrics row only; query data are not joined to landing URLs.
bmw overheating repair,bmw overheating repair,BMW,Master Keywords!A2511,DIGI-TEC_SEO_Keyword_Universe_Dubai.xlsx,,GENERATED TAXONOMY,,,,,Service section,Symptom assessment,/brands/bmw-service-dubai/mechanical-repair,COVERED — SECTION,/brands/bmw-service-dubai/mechanical-repair,Existing service explains diagnostic route; no measured case for a separate thin guide,RETAIN OWNER / IMPROVE SCOPE,1 source observations; one selected metrics row only; query data are not joined to landing URLs.
bmw overheating repair dubai,bmw overheating repair dubai,BMW,Master Keywords!A971,DIGI-TEC_SEO_Keyword_Universe_Dubai.xlsx,,GENERATED TAXONOMY,,,,,Service section,Symptom assessment,/brands/bmw-service-dubai/mechanical-repair,COVERED — SECTION,/brands/bmw-service-dubai/mechanical-repair,Existing service explains diagnostic route; no measured case for a separate thin guide,RETAIN OWNER / IMPROVE SCOPE,1 source observations; one selected metrics row only; query data are not joined to landing URLs.
bmw oxygen sensor replacement,bmw oxygen sensor replacement,BMW,Master Keywords!A2626,DIGI-TEC_SEO_Keyword_Universe_Dubai.xlsx,,GENERATED TAXONOMY,,,,,Commercial service,BMW electrical repair,/brands/bmw-service-dubai/electrical-repair,COVERED — SECTION,/brands/bmw-service-dubai/electrical-repair,Existing specific service; exact scope follows inspection,RETAIN OWNER / IMPROVE SCOPE,1 source observations; one selected metrics row only; query data are not joined to landing URLs.
bmw oxygen sensor replacement dubai,bmw oxygen sensor replacement dubai,BMW,Master Keywords!A2627,DIGI-TEC_SEO_Keyword_Universe_Dubai.xlsx,,GENERATED TAXONOMY,,,,,Commercial service,BMW electrical repair,/brands/bmw-service-dubai/electrical-repair,COVERED — SECTION,/brands/bmw-service-dubai/electrical-repair,Existing specific service; exact scope follows inspection,RETAIN OWNER / IMPROVE SCOPE,1 source observations; one selected metrics row only; query data are not joined to landing URLs.
bmw paint correction,bmw paint correction,BMW,Master Keywords!A2705,DIGI-TEC_SEO_Keyword_Universe_Dubai.xlsx,,GENERATED TAXONOMY,,,,,Broad commercial,BMW service/repair discovery,/brands/bmw-service-dubai,COVERED — PRIMARY,/brands/bmw-service-dubai,Single broad booking and directory owner,RETAIN OWNER / IMPROVE SCOPE,1 source observations; one selected metrics row only; query data are not joined to landing URLs.
bmw paint correction dubai,bmw paint correction dubai,BMW,Master Keywords!A2706,DIGI-TEC_SEO_Keyword_Universe_Dubai.xlsx,,GENERATED TAXONOMY,,,,,Broad commercial,BMW service/repair discovery,/brands/bmw-service-dubai,COVERED — PRIMARY,/brands/bmw-service-dubai,Single broad booking and directory owner,RETAIN OWNER / IMPROVE SCOPE,1 source observations; one selected metrics row only; query data are not joined to landing URLs.
bmw paint protection coating,bmw paint protection coating,BMW,Master Keywords!A2707,DIGI-TEC_SEO_Keyword_Universe_Dubai.xlsx,,GENERATED TAXONOMY,,,,,Broad commercial,BMW service/repair discovery,/brands/bmw-service-dubai,COVERED — PRIMARY,/brands/bmw-service-dubai,Single broad booking and directory owner,RETAIN OWNER / IMPROVE SCOPE,1 source observations; one selected metrics row only; query data are not joined to landing URLs.
bmw paint protection coating dubai,bmw paint protection coating dubai,BMW,Master Keywords!A2708,DIGI-TEC_SEO_Keyword_Universe_Dubai.xlsx,,GENERATED TAXONOMY,,,,,Broad commercial,BMW service/repair discovery,/brands/bmw-service-dubai,COVERED — PRIMARY,/brands/bmw-service-dubai,Single broad booking and directory owner,RETAIN OWNER / IMPROVE SCOPE,1 source observations; one selected metrics row only; query data are not joined to landing URLs.
bmw paint protection film,bmw paint protection film,BMW,Master Keywords!A2709,DIGI-TEC_SEO_Keyword_Universe_Dubai.xlsx,,GENERATED TAXONOMY,,,,,Broad commercial,BMW service/repair discovery,/brands/bmw-service-dubai,COVERED — PRIMARY,/brands/bmw-service-dubai,Single broad booking and directory owner,RETAIN OWNER / IMPROVE SCOPE,1 source observations; one selected metrics row only; query data are not joined to landing URLs.
bmw paint protection film dubai,bmw paint protection film dubai,BMW,Master Keywords!A2710,DIGI-TEC_SEO_Keyword_Universe_Dubai.xlsx,,GENERATED TAXONOMY,,,,,Broad commercial,BMW service/repair discovery,/brands/bmw-service-dubai,COVERED — PRIMARY,/brands/bmw-service-dubai,Single broad booking and directory owner,RETAIN OWNER / IMPROVE SCOPE,1 source observations; one selected metrics row only; query data are not joined to landing URLs.
bmw paint repair,bmw paint repair,BMW,Master Keywords!A2524,DIGI-TEC_SEO_Keyword_Universe_Dubai.xlsx,,GENERATED TAXONOMY,,,,,Commercial service,BMW body repair,/brands/bmw-service-dubai/body-repair,COVERED — SECTION,/brands/bmw-service-dubai/body-repair,Existing specific service; exact scope follows inspection,RETAIN OWNER,1 source observations; one selected metrics row only; query data are not joined to landing URLs.
bmw paint repair dubai,bmw paint repair dubai,BMW,Master Keywords!A2525,DIGI-TEC_SEO_Keyword_Universe_Dubai.xlsx,,GENERATED TAXONOMY,,,,,Commercial service,BMW body repair,/brands/bmw-service-dubai/body-repair,COVERED — SECTION,/brands/bmw-service-dubai/body-repair,Existing specific service; exact scope follows inspection,RETAIN OWNER,1 source observations; one selected metrics row only; query data are not joined to landing URLs.
bmw panel repair,bmw panel repair,BMW,Master Keywords!A2526,DIGI-TEC_SEO_Keyword_Universe_Dubai.xlsx,,GENERATED TAXONOMY,,,,,Commercial service,BMW body repair,/brands/bmw-service-dubai/body-repair,COVERED — SECTION,/brands/bmw-service-dubai/body-repair,Existing specific service; exact scope follows inspection,RETAIN OWNER,1 source observations; one selected metrics row only; query data are not joined to landing URLs.
bmw panel repair dubai,bmw panel repair dubai,BMW,Master Keywords!A2527,DIGI-TEC_SEO_Keyword_Universe_Dubai.xlsx,,GENERATED TAXONOMY,,,,,Commercial service,BMW body repair,/brands/bmw-service-dubai/body-repair,COVERED — SECTION,/brands/bmw-service-dubai/body-repair,Existing specific service; exact scope follows inspection,RETAIN OWNER,1 source observations; one selected metrics row only; query data are not joined to landing URLs.
bmw performance tuning,bmw performance tuning,BMW,Master Keywords!A2685,DIGI-TEC_SEO_Keyword_Universe_Dubai.xlsx,,GENERATED TAXONOMY,,,,,Cross-brand commercial,Performance project,/tuning,COVERED — SECONDARY,/tuning,Existing tuning owner; fitment requires confirmation,RETAIN OWNER,1 source observations; one selected metrics row only; query data are not joined to landing URLs.
bmw performance tuning dubai,bmw performance tuning dubai,BMW,Master Keywords!A2686,DIGI-TEC_SEO_Keyword_Universe_Dubai.xlsx,,GENERATED TAXONOMY,,,,,Cross-brand commercial,Performance project,/tuning,COVERED — SECONDARY,/tuning,Existing tuning owner; fitment requires confirmation,RETAIN OWNER,1 source observations; one selected metrics row only; query data are not joined to landing URLs.
bmw performance upgrade,bmw performance upgrade,BMW,Master Keywords!A2687,DIGI-TEC_SEO_Keyword_Universe_Dubai.xlsx,,GENERATED TAXONOMY,,,,,Broad commercial,BMW service/repair discovery,/brands/bmw-service-dubai,COVERED — PRIMARY,/brands/bmw-service-dubai,Single broad booking and directory owner,RETAIN OWNER / IMPROVE SCOPE,1 source observations; one selected metrics row only; query data are not joined to landing URLs.
bmw performance upgrade dubai,bmw performance upgrade dubai,BMW,Master Keywords!A2688,DIGI-TEC_SEO_Keyword_Universe_Dubai.xlsx,,GENERATED TAXONOMY,,,,,Broad commercial,BMW service/repair discovery,/brands/bmw-service-dubai,COVERED — PRIMARY,/brands/bmw-service-dubai,Single broad booking and directory owner,RETAIN OWNER / IMPROVE SCOPE,1 source observations; one selected metrics row only; query data are not joined to landing URLs.
bmw periodic service,bmw periodic service,BMW,Master Keywords!A2730,DIGI-TEC_SEO_Keyword_Universe_Dubai.xlsx,,GENERATED TAXONOMY,,,,,Broad commercial,BMW service/repair discovery,/brands/bmw-service-dubai,COVERED — PRIMARY,/brands/bmw-service-dubai,Single broad booking and directory owner,RETAIN OWNER / IMPROVE SCOPE,1 source observations; one selected metrics row only; query data are not joined to landing URLs.
bmw periodic service dubai,bmw periodic service dubai,BMW,Master Keywords!A2731,DIGI-TEC_SEO_Keyword_Universe_Dubai.xlsx,,GENERATED TAXONOMY,,,,,Broad commercial,BMW service/repair discovery,/brands/bmw-service-dubai,COVERED — PRIMARY,/brands/bmw-service-dubai,Single broad booking and directory owner,RETAIN OWNER / IMPROVE SCOPE,1 source observations; one selected metrics row only; query data are not joined to landing URLs.
bmw power steering pump replacement,bmw power steering pump replacement,BMW,Master Keywords!A2738,DIGI-TEC_SEO_Keyword_Universe_Dubai.xlsx,,GENERATED TAXONOMY,,,,,Commercial service,BMW steering repair,/brands/bmw-service-dubai/steering-repair,COVERED — PRIMARY,/brands/bmw-service-dubai/steering-repair,Existing specific service; exact scope follows inspection,RETAIN OWNER,1 source observations; one selected metrics row only; query data are not joined to landing URLs.
bmw power steering pump replacement dubai,bmw power steering pump replacement dubai,BMW,Master Keywords!A2739,DIGI-TEC_SEO_Keyword_Universe_Dubai.xlsx,,GENERATED TAXONOMY,,,,,Commercial service,BMW steering repair,/brands/bmw-service-dubai/steering-repair,COVERED — PRIMARY,/brands/bmw-service-dubai/steering-repair,Existing specific service; exact scope follows inspection,RETAIN OWNER,1 source observations; one selected metrics row only; query data are not joined to landing URLs.
bmw power steering repair,bmw power steering repair,BMW,Master Keywords!A2740,DIGI-TEC_SEO_Keyword_Universe_Dubai.xlsx,,GENERATED TAXONOMY,,,,,Commercial service,BMW steering repair,/brands/bmw-service-dubai/steering-repair,COVERED — PRIMARY,/brands/bmw-service-dubai/steering-repair,Existing specific service; exact scope follows inspection,RETAIN OWNER,1 source observations; one selected metrics row only; query data are not joined to landing URLs.
bmw power steering repair dubai,bmw power steering repair dubai,BMW,Master Keywords!A2741,DIGI-TEC_SEO_Keyword_Universe_Dubai.xlsx,,GENERATED TAXONOMY,,,,,Commercial service,BMW steering repair,/brands/bmw-service-dubai/steering-repair,COVERED — PRIMARY,/brands/bmw-service-dubai/steering-repair,Existing specific service; exact scope follows inspection,RETAIN OWNER,1 source observations; one selected metrics row only; query data are not joined to landing URLs.
bmw power window repair,bmw power window repair,BMW,Master Keywords!A2561,DIGI-TEC_SEO_Keyword_Universe_Dubai.xlsx,,GENERATED TAXONOMY,,,,,Broad commercial,BMW service/repair discovery,/brands/bmw-service-dubai,COVERED — PRIMARY,/brands/bmw-service-dubai,Single broad booking and directory owner,RETAIN OWNER / IMPROVE SCOPE,1 source observations; one selected metrics row only; query data are not joined to landing URLs.
bmw power window repair dubai,bmw power window repair dubai,BMW,Master Keywords!A2562,DIGI-TEC_SEO_Keyword_Universe_Dubai.xlsx,,GENERATED TAXONOMY,,,,,Broad commercial,BMW service/repair discovery,/brands/bmw-service-dubai,COVERED — PRIMARY,/brands/bmw-service-dubai,Single broad booking and directory owner,RETAIN OWNER / IMPROVE SCOPE,1 source observations; one selected metrics row only; query data are not joined to landing URLs.
bmw ppf,bmw ppf,BMW,Master Keywords!A2711,DIGI-TEC_SEO_Keyword_Universe_Dubai.xlsx,,GENERATED TAXONOMY,,,,,Broad commercial,BMW service/repair discovery,/brands/bmw-service-dubai,COVERED — PRIMARY,/brands/bmw-service-dubai,Single broad booking and directory owner,RETAIN OWNER / IMPROVE SCOPE,1 source observations; one selected metrics row only; query data are not joined to landing URLs.
bmw ppf dubai,bmw ppf dubai,BMW,Master Keywords!A2712,DIGI-TEC_SEO_Keyword_Universe_Dubai.xlsx,,GENERATED TAXONOMY,,,,,Broad commercial,BMW service/repair discovery,/brands/bmw-service-dubai,COVERED — PRIMARY,/brands/bmw-service-dubai,Single broad booking and directory owner,RETAIN OWNER / IMPROVE SCOPE,1 source observations; one selected metrics row only; query data are not joined to landing URLs.
bmw ppf installation,bmw ppf installation,BMW,Master Keywords!A2713,DIGI-TEC_SEO_Keyword_Universe_Dubai.xlsx,,GENERATED TAXONOMY,,,,,Broad commercial,BMW service/repair discovery,/brands/bmw-service-dubai,COVERED — PRIMARY,/brands/bmw-service-dubai,Single broad booking and directory owner,RETAIN OWNER / IMPROVE SCOPE,1 source observations; one selected metrics row only; query data are not joined to landing URLs.
bmw ppf installation dubai,bmw ppf installation dubai,BMW,Master Keywords!A2714,DIGI-TEC_SEO_Keyword_Universe_Dubai.xlsx,,GENERATED TAXONOMY,,,,,Broad commercial,BMW service/repair discovery,/brands/bmw-service-dubai,COVERED — PRIMARY,/brands/bmw-service-dubai,Single broad booking and directory owner,RETAIN OWNER / IMPROVE SCOPE,1 source observations; one selected metrics row only; query data are not joined to landing URLs.
bmw ppi,bmw ppi,BMW,Master Keywords!A2671,DIGI-TEC_SEO_Keyword_Universe_Dubai.xlsx,,GENERATED TAXONOMY,,,,,Broad commercial,BMW service/repair discovery,/brands/bmw-service-dubai,COVERED — PRIMARY,/brands/bmw-service-dubai,Single broad booking and directory owner,RETAIN OWNER / IMPROVE SCOPE,1 source observations; one selected metrics row only; query data are not joined to landing URLs.
bmw ppi dubai,bmw ppi dubai,BMW,Master Keywords!A2672,DIGI-TEC_SEO_Keyword_Universe_Dubai.xlsx,,GENERATED TAXONOMY,,,,,Broad commercial,BMW service/repair discovery,/brands/bmw-service-dubai,COVERED — PRIMARY,/brands/bmw-service-dubai,Single broad booking and directory owner,RETAIN OWNER / IMPROVE SCOPE,1 source observations; one selected metrics row only; query data are not joined to landing URLs.
bmw pre purchase inspection,bmw pre purchase inspection,BMW,Master Keywords!A2673,DIGI-TEC_SEO_Keyword_Universe_Dubai.xlsx,,GENERATED TAXONOMY,,,,,Broad commercial,BMW service/repair discovery,/brands/bmw-service-dubai,COVERED — PRIMARY,/brands/bmw-service-dubai,Single broad booking and directory owner,RETAIN OWNER / IMPROVE SCOPE,1 source observations; one selected metrics row only; query data are not joined to landing URLs.
bmw pre purchase inspection dubai,bmw pre purchase inspection dubai,BMW,Master Keywords!A2674,DIGI-TEC_SEO_Keyword_Universe_Dubai.xlsx,,GENERATED TAXONOMY,,,,,Broad commercial,BMW service/repair discovery,/brands/bmw-service-dubai,COVERED — PRIMARY,/brands/bmw-service-dubai,Single broad booking and directory owner,RETAIN OWNER / IMPROVE SCOPE,1 source observations; one selected metrics row only; query data are not joined to landing URLs.
bmw programing abu dhabi,bmw programing abu dhabi,BMW,Queries!A501,digitecme.com-Performance-on-Search-2026-09-27.xlsx,2026-04-12 to 2026-09-25,MEASURED ORIGINAL GSC,0.0,46.0,0.0,54.46,Out-of-market,Outside Dubai service area,,NOT TARGETED — INTENTIONALLY,,Do not target another city with a Dubai workshop page,DO NOT TARGET WITHOUT SERVICE VERIFICATION,3 source observations; one selected metrics row only; query data are not joined to landing URLs.
BMW programming Dubai,bmw programming dubai,BMW,B3 brief example #13,B3 user brief,,OTHER SOURCE — USER BRIEF EXAMPLE,,,,,Commercial service,BMW diagnostics,/brands/bmw-service-dubai/engine-diagnostics,COVERED — PRIMARY,/brands/bmw-service-dubai/engine-diagnostics,Existing specific service; exact scope follows inspection,RETAIN OWNER / IMPROVE SCOPE,1 source observations; one selected metrics row only; query data are not joined to landing URLs.
bmw programming near me,bmw programming near me,BMW,Queries!A533,digitecme.com-Performance-on-Search-2026-09-13.xlsx,2026-09-05 to 2026-09-11,MEASURED ORIGINAL GSC,0.0,3.0,0.0,11.0,Commercial service,BMW diagnostics,/brands/bmw-service-dubai/engine-diagnostics,COVERED — PRIMARY,/brands/bmw-service-dubai/engine-diagnostics,Existing specific service; exact scope follows inspection,RETAIN OWNER / IMPROVE SCOPE,1 source observations; one selected metrics row only; query data are not joined to landing URLs.
bmw puncture repair,bmw puncture repair,BMW,Master Keywords!A2773,DIGI-TEC_SEO_Keyword_Universe_Dubai.xlsx,,GENERATED TAXONOMY,,,,,Commercial service,BMW tyre/wheel service,/brands/bmw-service-dubai/tire-repair,COVERED — SECTION,/brands/bmw-service-dubai/tire-repair,Existing specific service; exact scope follows inspection,RETAIN OWNER,1 source observations; one selected metrics row only; query data are not joined to landing URLs.
bmw puncture repair dubai,bmw puncture repair dubai,BMW,Master Keywords!A2774,DIGI-TEC_SEO_Keyword_Universe_Dubai.xlsx,,GENERATED TAXONOMY,,,,,Commercial service,BMW tyre/wheel service,/brands/bmw-service-dubai/tire-repair,COVERED — SECTION,/brands/bmw-service-dubai/tire-repair,Existing specific service; exact scope follows inspection,RETAIN OWNER,1 source observations; one selected metrics row only; query data are not joined to landing URLs.
bmw radiator repair,bmw radiator repair,BMW,Master Keywords!A2512,DIGI-TEC_SEO_Keyword_Universe_Dubai.xlsx,,GENERATED TAXONOMY,,,,,Commercial service,BMW mechanical repair,/brands/bmw-service-dubai/mechanical-repair,COVERED — SECTION,/brands/bmw-service-dubai/mechanical-repair,Existing specific service; exact scope follows inspection,RETAIN OWNER / IMPROVE SCOPE,1 source observations; one selected metrics row only; query data are not joined to landing URLs.
bmw radiator repair dubai,bmw radiator repair dubai,BMW,Master Keywords!A972,DIGI-TEC_SEO_Keyword_Universe_Dubai.xlsx,,GENERATED TAXONOMY,,,,,Commercial service,BMW mechanical repair,/brands/bmw-service-dubai/mechanical-repair,COVERED — SECTION,/brands/bmw-service-dubai/mechanical-repair,Existing specific service; exact scope follows inspection,RETAIN OWNER / IMPROVE SCOPE,1 source observations; one selected metrics row only; query data are not joined to landing URLs.
bmw repair,bmw repair,BMW,Queries!A231,digitecme.com-Performance-on-Search-2026-09-27.xlsx,2026-04-12 to 2026-09-25,MEASURED ORIGINAL GSC,0.0,113.0,0.0,16.01,Broad commercial,BMW service/repair discovery,/brands/bmw-service-dubai,COVERED — PRIMARY,/brands/bmw-service-dubai,Single broad booking and directory owner,RETAIN OWNER / IMPROVE SCOPE,8 source observations; one selected metrics row only; query data are not joined to landing URLs.
bmw repair dubai,bmw repair dubai,BMW,Queries!A16,digitecme.com-Performance-on-Search-2026-09-27.xlsx,2026-04-12 to 2026-09-25,MEASURED ORIGINAL GSC,2.0,167.0,0.012,14.2,Broad commercial,BMW service/repair discovery,/brands/bmw-service-dubai,COVERED — PRIMARY,/brands/bmw-service-dubai,Single broad booking and directory owner,RETAIN OWNER / IMPROVE SCOPE,9 source observations; one selected metrics row only; query data are not joined to landing URLs.
bmw repair in dubai,bmw repair in dubai,BMW,Queries!A760,digitecme.com-Performance-on-Search-2026-09-27.xlsx,2026-04-12 to 2026-09-25,MEASURED ORIGINAL GSC,0.0,27.0,0.0,17.33,Broad commercial,BMW service/repair discovery,/brands/bmw-service-dubai,COVERED — PRIMARY,/brands/bmw-service-dubai,Single broad booking and directory owner,RETAIN OWNER / IMPROVE SCOPE,5 source observations; one selected metrics row only; query data are not joined to landing URLs.
bmw repair near me,bmw repair near me,BMW,Master Keywords!A2632,DIGI-TEC_SEO_Keyword_Universe_Dubai.xlsx,,GENERATED TAXONOMY,,,,,Broad commercial,BMW service/repair discovery,/brands/bmw-service-dubai,COVERED — PRIMARY,/brands/bmw-service-dubai,Single broad booking and directory owner,RETAIN OWNER / IMPROVE SCOPE,2 source observations; one selected metrics row only; query data are not joined to landing URLs.
bmw repair service,bmw repair service,BMW,Queries!A752,digitecme.com-Performance-on-Search-2026-09-13.xlsx,2026-09-05 to 2026-09-11,MEASURED ORIGINAL GSC,0.0,2.0,0.0,24.0,Broad commercial,BMW service/repair discovery,/brands/bmw-service-dubai,COVERED — PRIMARY,/brands/bmw-service-dubai,Single broad booking and directory owner,RETAIN OWNER / IMPROVE SCOPE,1 source observations; one selected metrics row only; query data are not joined to landing URLs.
bmw repair specialist in dubai,bmw repair specialist in dubai,BMW,Queries!A564,digitecme.com-Performance-on-Search-2026-09-05.xlsx,2026-08-06 to 2026-09-02,MEASURED ORIGINAL GSC,0.0,9.0,0.0,21.0,Broad commercial,BMW service/repair discovery,/brands/bmw-service-dubai,COVERED — PRIMARY,/brands/bmw-service-dubai,Single broad booking and directory owner,RETAIN OWNER / IMPROVE SCOPE,2 source observations; one selected metrics row only; query data are not joined to landing URLs.
bmw reverse camera installation,bmw reverse camera installation,BMW,Master Keywords!A2653,DIGI-TEC_SEO_Keyword_Universe_Dubai.xlsx,,GENERATED TAXONOMY,,,,,Commercial section,iDrive/electronics assessment,/brands/bmw-service-dubai/electrical-repair,COVERED — SECTION,/brands/bmw-service-dubai/electrical-repair,Fault diagnosis and upgrade enquiry remain distinct; no thin module URL,RETAIN OWNER / IMPROVE SCOPE,1 source observations; one selected metrics row only; query data are not joined to landing URLs.
bmw reverse camera installation dubai,bmw reverse camera installation dubai,BMW,Master Keywords!A2654,DIGI-TEC_SEO_Keyword_Universe_Dubai.xlsx,,GENERATED TAXONOMY,,,,,Commercial section,iDrive/electronics assessment,/brands/bmw-service-dubai/electrical-repair,COVERED — SECTION,/brands/bmw-service-dubai/electrical-repair,Fault diagnosis and upgrade enquiry remain distinct; no thin module URL,RETAIN OWNER / IMPROVE SCOPE,1 source observations; one selected metrics row only; query data are not joined to landing URLs.
BMW reverse camera not working,bmw reverse camera not working,BMW,B3 brief example #68,B3 user brief,,OTHER SOURCE — USER BRIEF EXAMPLE,,,,,Commercial section,iDrive/electronics assessment,/brands/bmw-service-dubai/electrical-repair,COVERED — SECTION,/brands/bmw-service-dubai/electrical-repair,Fault diagnosis and upgrade enquiry remain distinct; no thin module URL,RETAIN OWNER / IMPROVE SCOPE,1 source observations; one selected metrics row only; query data are not joined to landing URLs.
bmw reverse camera repair,bmw reverse camera repair,BMW,Master Keywords!A2655,DIGI-TEC_SEO_Keyword_Universe_Dubai.xlsx,,GENERATED TAXONOMY,,,,,Commercial section,iDrive/electronics assessment,/brands/bmw-service-dubai/electrical-repair,COVERED — SECTION,/brands/bmw-service-dubai/electrical-repair,Fault diagnosis and upgrade enquiry remain distinct; no thin module URL,RETAIN OWNER / IMPROVE SCOPE,1 source observations; one selected metrics row only; query data are not joined to landing URLs.
bmw reverse camera repair dubai,bmw reverse camera repair dubai,BMW,Master Keywords!A2656,DIGI-TEC_SEO_Keyword_Universe_Dubai.xlsx,,GENERATED TAXONOMY,,,,,Commercial section,iDrive/electronics assessment,/brands/bmw-service-dubai/electrical-repair,COVERED — SECTION,/brands/bmw-service-dubai/electrical-repair,Fault diagnosis and upgrade enquiry remain distinct; no thin module URL,RETAIN OWNER / IMPROVE SCOPE,1 source observations; one selected metrics row only; query data are not joined to landing URLs.
bmw ride height adjustment,bmw ride height adjustment,BMW,Master Keywords!A2756,DIGI-TEC_SEO_Keyword_Universe_Dubai.xlsx,,GENERATED TAXONOMY,,,,,Commercial service,BMW suspension repair,/brands/bmw-service-dubai/suspension-repair,COVERED — PRIMARY,/brands/bmw-service-dubai/suspension-repair,Existing specific service; exact scope follows inspection,RETAIN OWNER / IMPROVE SCOPE,1 source observations; one selected metrics row only; query data are not joined to landing URLs.
bmw ride height adjustment dubai,bmw ride height adjustment dubai,BMW,Master Keywords!A1024,DIGI-TEC_SEO_Keyword_Universe_Dubai.xlsx,,GENERATED TAXONOMY,,,,,Commercial service,BMW suspension repair,/brands/bmw-service-dubai/suspension-repair,COVERED — PRIMARY,/brands/bmw-service-dubai/suspension-repair,Existing specific service; exact scope follows inspection,RETAIN OWNER / IMPROVE SCOPE,1 source observations; one selected metrics row only; query data are not joined to landing URLs.
bmw rim repair,bmw rim repair,BMW,Master Keywords!A2775,DIGI-TEC_SEO_Keyword_Universe_Dubai.xlsx,,GENERATED TAXONOMY,,,,,Commercial service,BMW tyre/wheel service,/brands/bmw-service-dubai/tire-repair,COVERED — SECTION,/brands/bmw-service-dubai/tire-repair,Existing specific service; exact scope follows inspection,RETAIN OWNER,1 source observations; one selected metrics row only; query data are not joined to landing URLs.
bmw rim repair dubai,bmw rim repair dubai,BMW,Master Keywords!A2776,DIGI-TEC_SEO_Keyword_Universe_Dubai.xlsx,,GENERATED TAXONOMY,,,,,Commercial service,BMW tyre/wheel service,/brands/bmw-service-dubai/tire-repair,COVERED — SECTION,/brands/bmw-service-dubai/tire-repair,Existing specific service; exact scope follows inspection,RETAIN OWNER,1 source observations; one selected metrics row only; query data are not joined to landing URLs.
BMW rough idle,bmw rough idle,BMW,B3 brief example #19,B3 user brief,,OTHER SOURCE — USER BRIEF EXAMPLE,,,,,Service section,Symptom assessment,/brands/bmw-service-dubai/engine-diagnostics,COVERED — SECTION,/brands/bmw-service-dubai/engine-diagnostics,Existing service explains diagnostic route; no measured case for a separate thin guide,RETAIN OWNER / IMPROVE SCOPE,1 source observations; one selected metrics row only; query data are not joined to landing URLs.
bmw scheduled maintenance,bmw scheduled maintenance,BMW,Master Keywords!A2732,DIGI-TEC_SEO_Keyword_Universe_Dubai.xlsx,,GENERATED TAXONOMY,,,,,Informational,Maintenance planning,/blog/bmw-maintenance-guide-dubai,COVERED — INFORMATIONAL GUIDE,/blog/bmw-maintenance-guide-dubai,Guide supports hub booking,RETAIN OWNER / IMPROVE SCOPE,1 source observations; one selected metrics row only; query data are not joined to landing URLs.
bmw scheduled maintenance dubai,bmw scheduled maintenance dubai,BMW,Master Keywords!A2733,DIGI-TEC_SEO_Keyword_Universe_Dubai.xlsx,,GENERATED TAXONOMY,,,,,Informational,Maintenance planning,/blog/bmw-maintenance-guide-dubai,COVERED — INFORMATIONAL GUIDE,/blog/bmw-maintenance-guide-dubai,Guide supports hub booking,RETAIN OWNER / IMPROVE SCOPE,1 source observations; one selected metrics row only; query data are not joined to landing URLs.
bmw scratch repair,bmw scratch repair,BMW,Master Keywords!A2528,DIGI-TEC_SEO_Keyword_Universe_Dubai.xlsx,,GENERATED TAXONOMY,,,,,Broad commercial,BMW service/repair discovery,/brands/bmw-service-dubai,COVERED — PRIMARY,/brands/bmw-service-dubai,Single broad booking and directory owner,RETAIN OWNER / IMPROVE SCOPE,1 source observations; one selected metrics row only; query data are not joined to landing URLs.
bmw scratch repair dubai,bmw scratch repair dubai,BMW,Master Keywords!A2529,DIGI-TEC_SEO_Keyword_Universe_Dubai.xlsx,,GENERATED TAXONOMY,,,,,Broad commercial,BMW service/repair discovery,/brands/bmw-service-dubai,COVERED — PRIMARY,/brands/bmw-service-dubai,Single broad booking and directory owner,RETAIN OWNER / IMPROVE SCOPE,1 source observations; one selected metrics row only; query data are not joined to landing URLs.
BMW screen black,bmw screen black,BMW,B3 brief example #52,B3 user brief,,OTHER SOURCE — USER BRIEF EXAMPLE,,,,,Commercial section,iDrive/electronics assessment,/brands/bmw-service-dubai/electrical-repair,COVERED — SECTION,/brands/bmw-service-dubai/electrical-repair,Fault diagnosis and upgrade enquiry remain distinct; no thin module URL,RETAIN OWNER / IMPROVE SCOPE,1 source observations; one selected metrics row only; query data are not joined to landing URLs.
bmw screen repair,bmw screen repair,BMW,Master Keywords!A2657,DIGI-TEC_SEO_Keyword_Universe_Dubai.xlsx,,GENERATED TAXONOMY,,,,,Commercial section,iDrive/electronics assessment,/brands/bmw-service-dubai/electrical-repair,COVERED — SECTION,/brands/bmw-service-dubai/electrical-repair,Fault diagnosis and upgrade enquiry remain distinct; no thin module URL,RETAIN OWNER / IMPROVE SCOPE,1 source observations; one selected metrics row only; query data are not joined to landing URLs.
bmw screen repair dubai,bmw screen repair dubai,BMW,Master Keywords!A2658,DIGI-TEC_SEO_Keyword_Universe_Dubai.xlsx,,GENERATED TAXONOMY,,,,,Commercial section,iDrive/electronics assessment,/brands/bmw-service-dubai/electrical-repair,COVERED — SECTION,/brands/bmw-service-dubai/electrical-repair,Fault diagnosis and upgrade enquiry remain distinct; no thin module URL,RETAIN OWNER / IMPROVE SCOPE,2 source observations; one selected metrics row only; query data are not joined to landing URLs.
bmw screen replacement,bmw screen replacement,BMW,Master Keywords!A2659,DIGI-TEC_SEO_Keyword_Universe_Dubai.xlsx,,GENERATED TAXONOMY,,,,,Commercial section,iDrive/electronics assessment,/brands/bmw-service-dubai/electrical-repair,COVERED — SECTION,/brands/bmw-service-dubai/electrical-repair,Fault diagnosis and upgrade enquiry remain distinct; no thin module URL,RETAIN OWNER / IMPROVE SCOPE,1 source observations; one selected metrics row only; query data are not joined to landing URLs.
bmw screen replacement dubai,bmw screen replacement dubai,BMW,Master Keywords!A2660,DIGI-TEC_SEO_Keyword_Universe_Dubai.xlsx,,GENERATED TAXONOMY,,,,,Commercial section,iDrive/electronics assessment,/brands/bmw-service-dubai/electrical-repair,COVERED — SECTION,/brands/bmw-service-dubai/electrical-repair,Fault diagnosis and upgrade enquiry remain distinct; no thin module URL,RETAIN OWNER / IMPROVE SCOPE,1 source observations; one selected metrics row only; query data are not joined to landing URLs.
bmw seat motor repair,bmw seat motor repair,BMW,Master Keywords!A2563,DIGI-TEC_SEO_Keyword_Universe_Dubai.xlsx,,GENERATED TAXONOMY,,,,,Unverified service,Unverified function,,NOT TARGETED — INTENTIONALLY,,BMW-specific function or offering not established by keyword evidence,DO NOT TARGET WITHOUT SERVICE VERIFICATION,1 source observations; one selected metrics row only; query data are not joined to landing URLs.
bmw seat motor repair dubai,bmw seat motor repair dubai,BMW,Master Keywords!A2564,DIGI-TEC_SEO_Keyword_Universe_Dubai.xlsx,,GENERATED TAXONOMY,,,,,Unverified service,Unverified function,,NOT TARGETED — INTENTIONALLY,,BMW-specific function or offering not established by keyword evidence,DO NOT TARGET WITHOUT SERVICE VERIFICATION,1 source observations; one selected metrics row only; query data are not joined to landing URLs.
bmw seat repair,bmw seat repair,BMW,Master Keywords!A2565,DIGI-TEC_SEO_Keyword_Universe_Dubai.xlsx,,GENERATED TAXONOMY,,,,,Broad commercial,BMW service/repair discovery,/brands/bmw-service-dubai,COVERED — PRIMARY,/brands/bmw-service-dubai,Single broad booking and directory owner,RETAIN OWNER / IMPROVE SCOPE,1 source observations; one selected metrics row only; query data are not joined to landing URLs.
bmw seat repair dubai,bmw seat repair dubai,BMW,Master Keywords!A2566,DIGI-TEC_SEO_Keyword_Universe_Dubai.xlsx,,GENERATED TAXONOMY,,,,,Broad commercial,BMW service/repair discovery,/brands/bmw-service-dubai,COVERED — PRIMARY,/brands/bmw-service-dubai,Single broad booking and directory owner,RETAIN OWNER / IMPROVE SCOPE,1 source observations; one selected metrics row only; query data are not joined to landing URLs.
bmw sensor replacement,bmw sensor replacement,BMW,Master Keywords!A2595,DIGI-TEC_SEO_Keyword_Universe_Dubai.xlsx,,GENERATED TAXONOMY,,,,,Commercial service,BMW electrical repair,/brands/bmw-service-dubai/electrical-repair,COVERED — SECTION,/brands/bmw-service-dubai/electrical-repair,Existing specific service; exact scope follows inspection,RETAIN OWNER / IMPROVE SCOPE,1 source observations; one selected metrics row only; query data are not joined to landing URLs.
bmw sensor replacement dubai,bmw sensor replacement dubai,BMW,Master Keywords!A1003,DIGI-TEC_SEO_Keyword_Universe_Dubai.xlsx,,GENERATED TAXONOMY,,,,,Commercial service,BMW electrical repair,/brands/bmw-service-dubai/electrical-repair,COVERED — SECTION,/brands/bmw-service-dubai/electrical-repair,Existing specific service; exact scope follows inspection,RETAIN OWNER / IMPROVE SCOPE,1 source observations; one selected metrics row only; query data are not joined to landing URLs.
bmw service,bmw service,BMW,Queries!A196,digitecme.com-Performance-on-Search-2026-09-27.xlsx,2026-04-12 to 2026-09-25,MEASURED ORIGINAL GSC,0.0,146.0,0.0,25.45,Broad commercial,BMW service/repair discovery,/brands/bmw-service-dubai,COVERED — PRIMARY,/brands/bmw-service-dubai,Single broad booking and directory owner,RETAIN OWNER / IMPROVE SCOPE,15 source observations; one selected metrics row only; query data are not joined to landing URLs.
bmw service and repair,bmw service and repair,BMW,Queries!A787,digitecme.com-Performance-on-Search-2026-09-13.xlsx,2026-09-05 to 2026-09-11,MEASURED ORIGINAL GSC,0.0,2.0,0.0,31.0,Broad commercial,BMW service/repair discovery,/brands/bmw-service-dubai,COVERED — PRIMARY,/brands/bmw-service-dubai,Single broad booking and directory owner,RETAIN OWNER / IMPROVE SCOPE,1 source observations; one selected metrics row only; query data are not joined to landing URLs.
bmw service center,bmw service center,BMW,Queries!A888,digitecme.com-Performance-on-Search-2026-09-05.xlsx,2026-08-06 to 2026-09-02,MEASURED ORIGINAL GSC,0.0,5.0,0.0,23.4,Broad commercial,BMW service/repair discovery,/brands/bmw-service-dubai,COVERED — PRIMARY,/brands/bmw-service-dubai,Single broad booking and directory owner,RETAIN OWNER / IMPROVE SCOPE,3 source observations; one selected metrics row only; query data are not joined to landing URLs.
bmw service center al quoz,bmw service center al quoz,BMW,Queries!A904,digitecme.com-Performance-on-Search-2026-09-13.xlsx,2026-09-05 to 2026-09-11,MEASURED ORIGINAL GSC,0.0,1.0,0.0,4.0,Broad commercial,BMW service/repair discovery,/brands/bmw-service-dubai,COVERED — PRIMARY,/brands/bmw-service-dubai,Single broad booking and directory owner,RETAIN OWNER / IMPROVE SCOPE,1 source observations; one selected metrics row only; query data are not joined to landing URLs.
bmw service center dubai,bmw service center dubai,BMW,Queries!A175,digitecme.com-Performance-on-Search-2026-09-27.xlsx,2026-04-12 to 2026-09-25,MEASURED ORIGINAL GSC,0.0,171.0,0.0,30.29,Broad commercial,BMW service/repair discovery,/brands/bmw-service-dubai,COVERED — PRIMARY,/brands/bmw-service-dubai,Single broad booking and directory owner,RETAIN OWNER / IMPROVE SCOPE,17 source observations; one selected metrics row only; query data are not joined to landing URLs.
bmw service center in dubai,bmw service center in dubai,BMW,Queries!A65,digitecme.com-Performance-on-Search-2026-09-27.xlsx,2026-04-12 to 2026-09-25,MEASURED ORIGINAL GSC,1.0,11.0,0.0909,27.64,Broad commercial,BMW service/repair discovery,/brands/bmw-service-dubai,COVERED — PRIMARY,/brands/bmw-service-dubai,Single broad booking and directory owner,RETAIN OWNER / IMPROVE SCOPE,4 source observations; one selected metrics row only; query data are not joined to landing URLs.
BMW service cost Dubai,bmw service cost dubai,BMW,B3 brief example #71,B3 user brief,,OTHER SOURCE — USER BRIEF EXAMPLE,,,,,Informational,Maintenance cost factors,/blog/bmw-maintenance-guide-dubai,COVERED — INFORMATIONAL GUIDE,/blog/bmw-maintenance-guide-dubai,Use existing guide; no invented fixed price,RETAIN OWNER / IMPROVE SCOPE,1 source observations; one selected metrics row only; query data are not joined to landing URLs.
bmw service dubai,bmw service dubai,BMW,Queries!A27,digitecme.com-Performance-on-Search-2026-09-27.xlsx,2026-04-12 to 2026-09-25,MEASURED ORIGINAL GSC,1.0,337.0,0.003,22.2,Broad commercial,BMW service/repair discovery,/brands/bmw-service-dubai,COVERED — PRIMARY,/brands/bmw-service-dubai,Single broad booking and directory owner,RETAIN OWNER / IMPROVE SCOPE,9 source observations; one selected metrics row only; query data are not joined to landing URLs.
bmw service in dubai,bmw service in dubai,BMW,Queries!A238,digitecme.com-Performance-on-Search-2026-09-27.xlsx,2026-04-12 to 2026-09-25,MEASURED ORIGINAL GSC,0.0,109.0,0.0,19.62,Broad commercial,BMW service/repair discovery,/brands/bmw-service-dubai,COVERED — PRIMARY,/brands/bmw-service-dubai,Single broad booking and directory owner,RETAIN OWNER / IMPROVE SCOPE,8 source observations; one selected metrics row only; query data are not joined to landing URLs.
BMW service intervals UAE,bmw service intervals uae,BMW,B3 brief example #70,B3 user brief,,OTHER SOURCE — USER BRIEF EXAMPLE,,,,,Broad commercial,BMW service/repair discovery,/brands/bmw-service-dubai,COVERED — PRIMARY,/brands/bmw-service-dubai,Single broad booking and directory owner,RETAIN OWNER / IMPROVE SCOPE,1 source observations; one selected metrics row only; query data are not joined to landing URLs.
bmw service near me,bmw service near me,BMW,Master Keywords!A2635,DIGI-TEC_SEO_Keyword_Universe_Dubai.xlsx,,GENERATED TAXONOMY,,,,,Broad commercial,BMW service/repair discovery,/brands/bmw-service-dubai,COVERED — PRIMARY,/brands/bmw-service-dubai,Single broad booking and directory owner,RETAIN OWNER / IMPROVE SCOPE,1 source observations; one selected metrics row only; query data are not joined to landing URLs.
bmw service package,bmw service package,BMW,Master Keywords!A2734,DIGI-TEC_SEO_Keyword_Universe_Dubai.xlsx,,GENERATED TAXONOMY,,,,,Broad commercial,BMW service/repair discovery,/brands/bmw-service-dubai,COVERED — PRIMARY,/brands/bmw-service-dubai,Single broad booking and directory owner,RETAIN OWNER / IMPROVE SCOPE,1 source observations; one selected metrics row only; query data are not joined to landing URLs.
bmw service package dubai,bmw service package dubai,BMW,Master Keywords!A2735,DIGI-TEC_SEO_Keyword_Universe_Dubai.xlsx,,GENERATED TAXONOMY,,,,,Broad commercial,BMW service/repair discovery,/brands/bmw-service-dubai,COVERED — PRIMARY,/brands/bmw-service-dubai,Single broad booking and directory owner,RETAIN OWNER / IMPROVE SCOPE,1 source observations; one selected metrics row only; query data are not joined to landing URLs.
bmw service repair,bmw service repair,BMW,Queries!A876,digitecme.com-Performance-on-Search-2026-09-05.xlsx,2026-08-06 to 2026-09-02,MEASURED ORIGINAL GSC,0.0,5.0,0.0,21.2,Broad commercial,BMW service/repair discovery,/brands/bmw-service-dubai,COVERED — PRIMARY,/brands/bmw-service-dubai,Single broad booking and directory owner,RETAIN OWNER / IMPROVE SCOPE,1 source observations; one selected metrics row only; query data are not joined to landing URLs.
bmw service repair in dubai,bmw service repair in dubai,BMW,Queries!A872,digitecme.com-Performance-on-Search-2026-09-05.xlsx,2026-08-06 to 2026-09-02,MEASURED ORIGINAL GSC,0.0,5.0,0.0,20.0,Broad commercial,BMW service/repair discovery,/brands/bmw-service-dubai,COVERED — PRIMARY,/brands/bmw-service-dubai,Single broad booking and directory owner,RETAIN OWNER / IMPROVE SCOPE,1 source observations; one selected metrics row only; query data are not joined to landing URLs.
BMW shaking,bmw shaking,BMW,B3 brief example #65,B3 user brief,,OTHER SOURCE — USER BRIEF EXAMPLE,,,,,Service section,Symptom assessment,/brands/bmw-service-dubai/engine-diagnostics,COVERED — SECTION,/brands/bmw-service-dubai/engine-diagnostics,Existing service explains diagnostic route; no measured case for a separate thin guide,RETAIN OWNER / IMPROVE SCOPE,1 source observations; one selected metrics row only; query data are not joined to landing URLs.
bmw shock absorber replacement,bmw shock absorber replacement,BMW,Master Keywords!A2757,DIGI-TEC_SEO_Keyword_Universe_Dubai.xlsx,,GENERATED TAXONOMY,,,,,Commercial service,BMW suspension repair,/brands/bmw-service-dubai/suspension-repair,COVERED — SECTION,/brands/bmw-service-dubai/suspension-repair,Existing specific service; exact scope follows inspection,RETAIN OWNER / IMPROVE SCOPE,1 source observations; one selected metrics row only; query data are not joined to landing URLs.
bmw shock absorber replacement dubai,bmw shock absorber replacement dubai,BMW,Master Keywords!A1025,DIGI-TEC_SEO_Keyword_Universe_Dubai.xlsx,,GENERATED TAXONOMY,,,,,Commercial service,BMW suspension repair,/brands/bmw-service-dubai/suspension-repair,COVERED — SECTION,/brands/bmw-service-dubai/suspension-repair,Existing specific service; exact scope follows inspection,RETAIN OWNER / IMPROVE SCOPE,1 source observations; one selected metrics row only; query data are not joined to landing URLs.
bmw soft close door repair,bmw soft close door repair,BMW,Master Keywords!A2567,DIGI-TEC_SEO_Keyword_Universe_Dubai.xlsx,,GENERATED TAXONOMY,,,,,Unverified service,Unverified function,,NOT TARGETED — INTENTIONALLY,,BMW-specific function or offering not established by keyword evidence,DO NOT TARGET WITHOUT SERVICE VERIFICATION,1 source observations; one selected metrics row only; query data are not joined to landing URLs.
bmw soft close door repair dubai,bmw soft close door repair dubai,BMW,Master Keywords!A2568,DIGI-TEC_SEO_Keyword_Universe_Dubai.xlsx,,GENERATED TAXONOMY,,,,,Unverified service,Unverified function,,NOT TARGETED — INTENTIONALLY,,BMW-specific function or offering not established by keyword evidence,DO NOT TARGET WITHOUT SERVICE VERIFICATION,1 source observations; one selected metrics row only; query data are not joined to landing URLs.
bmw software update,bmw software update,BMW,Master Keywords!A2543,DIGI-TEC_SEO_Keyword_Universe_Dubai.xlsx,,RESEARCH KEYWORD,,,,,Broad commercial,BMW service/repair discovery,/brands/bmw-service-dubai,COVERED — PRIMARY,/brands/bmw-service-dubai,Single broad booking and directory owner,RETAIN OWNER / IMPROVE SCOPE,1 source observations; one selected metrics row only; query data are not joined to landing URLs.
bmw software update dubai,bmw software update dubai,BMW,Master Keywords!A2544,DIGI-TEC_SEO_Keyword_Universe_Dubai.xlsx,,RESEARCH KEYWORD,,,,,Broad commercial,BMW service/repair discovery,/brands/bmw-service-dubai,COVERED — PRIMARY,/brands/bmw-service-dubai,Single broad booking and directory owner,RETAIN OWNER / IMPROVE SCOPE,1 source observations; one selected metrics row only; query data are not joined to landing URLs.
bmw sound system upgrade,bmw sound system upgrade,BMW,Master Keywords!A2661,DIGI-TEC_SEO_Keyword_Universe_Dubai.xlsx,,GENERATED TAXONOMY,,,,,Broad commercial,BMW service/repair discovery,/brands/bmw-service-dubai,COVERED — PRIMARY,/brands/bmw-service-dubai,Single broad booking and directory owner,RETAIN OWNER / IMPROVE SCOPE,1 source observations; one selected metrics row only; query data are not joined to landing URLs.
bmw sound system upgrade dubai,bmw sound system upgrade dubai,BMW,Master Keywords!A2662,DIGI-TEC_SEO_Keyword_Universe_Dubai.xlsx,,GENERATED TAXONOMY,,,,,Broad commercial,BMW service/repair discovery,/brands/bmw-service-dubai,COVERED — PRIMARY,/brands/bmw-service-dubai,Single broad booking and directory owner,RETAIN OWNER / IMPROVE SCOPE,1 source observations; one selected metrics row only; query data are not joined to landing URLs.
bmw spark plug replacement,bmw spark plug replacement,BMW,Master Keywords!A2736,DIGI-TEC_SEO_Keyword_Universe_Dubai.xlsx,,GENERATED TAXONOMY,,,,,Broad commercial,BMW service/repair discovery,/brands/bmw-service-dubai,COVERED — PRIMARY,/brands/bmw-service-dubai,Single broad booking and directory owner,RETAIN OWNER / IMPROVE SCOPE,1 source observations; one selected metrics row only; query data are not joined to landing URLs.
bmw spark plug replacement dubai,bmw spark plug replacement dubai,BMW,Master Keywords!A2737,DIGI-TEC_SEO_Keyword_Universe_Dubai.xlsx,,GENERATED TAXONOMY,,,,,Broad commercial,BMW service/repair discovery,/brands/bmw-service-dubai,COVERED — PRIMARY,/brands/bmw-service-dubai,Single broad booking and directory owner,RETAIN OWNER / IMPROVE SCOPE,1 source observations; one selected metrics row only; query data are not joined to landing URLs.
bmw specialist,bmw specialist,BMW,Master Keywords!A2636,DIGI-TEC_SEO_Keyword_Universe_Dubai.xlsx,,GENERATED TAXONOMY,,,,,Broad commercial,BMW service/repair discovery,/brands/bmw-service-dubai,COVERED — PRIMARY,/brands/bmw-service-dubai,Single broad booking and directory owner,RETAIN OWNER / IMPROVE SCOPE,1 source observations; one selected metrics row only; query data are not joined to landing URLs.
bmw specialist dubai,bmw specialist dubai,BMW,Queries!A547,digitecme.com-Performance-on-Search-2026-09-27.xlsx,2026-04-12 to 2026-09-25,MEASURED ORIGINAL GSC,0.0,41.0,0.0,19.22,Broad commercial,BMW service/repair discovery,/brands/bmw-service-dubai,COVERED — PRIMARY,/brands/bmw-service-dubai,Single broad booking and directory owner,RETAIN OWNER / IMPROVE SCOPE,9 source observations; one selected metrics row only; query data are not joined to landing URLs.
bmw specialist near me,bmw specialist near me,BMW,Master Keywords!A2637,DIGI-TEC_SEO_Keyword_Universe_Dubai.xlsx,,GENERATED TAXONOMY,,,,,Broad commercial,BMW service/repair discovery,/brands/bmw-service-dubai,COVERED — PRIMARY,/brands/bmw-service-dubai,Single broad booking and directory owner,RETAIN OWNER / IMPROVE SCOPE,1 source observations; one selected metrics row only; query data are not joined to landing URLs.
bmw stage 1 tuning,bmw stage 1 tuning,BMW,Master Keywords!A2689,DIGI-TEC_SEO_Keyword_Universe_Dubai.xlsx,,GENERATED TAXONOMY,,,,,Cross-brand commercial,Performance project,/tuning,COVERED — SECONDARY,/tuning,Existing tuning owner; fitment requires confirmation,RETAIN OWNER,1 source observations; one selected metrics row only; query data are not joined to landing URLs.
bmw stage 1 tuning dubai,bmw stage 1 tuning dubai,BMW,Master Keywords!A2690,DIGI-TEC_SEO_Keyword_Universe_Dubai.xlsx,,GENERATED TAXONOMY,,,,,Cross-brand commercial,Performance project,/tuning,COVERED — SECONDARY,/tuning,Existing tuning owner; fitment requires confirmation,RETAIN OWNER,1 source observations; one selected metrics row only; query data are not joined to landing URLs.
bmw stage 2 tuning,bmw stage 2 tuning,BMW,Master Keywords!A2691,DIGI-TEC_SEO_Keyword_Universe_Dubai.xlsx,,GENERATED TAXONOMY,,,,,Cross-brand commercial,Performance project,/tuning,COVERED — SECONDARY,/tuning,Existing tuning owner; fitment requires confirmation,RETAIN OWNER,1 source observations; one selected metrics row only; query data are not joined to landing URLs.
bmw stage 2 tuning dubai,bmw stage 2 tuning dubai,BMW,Master Keywords!A2692,DIGI-TEC_SEO_Keyword_Universe_Dubai.xlsx,,GENERATED TAXONOMY,,,,,Cross-brand commercial,Performance project,/tuning,COVERED — SECONDARY,/tuning,Existing tuning owner; fitment requires confirmation,RETAIN OWNER,1 source observations; one selected metrics row only; query data are not joined to landing URLs.
bmw starter motor repair,bmw starter motor repair,BMW,Master Keywords!A2596,DIGI-TEC_SEO_Keyword_Universe_Dubai.xlsx,,GENERATED TAXONOMY,,,,,Commercial service,BMW electrical repair,/brands/bmw-service-dubai/electrical-repair,COVERED — SECTION,/brands/bmw-service-dubai/electrical-repair,Existing specific service; exact scope follows inspection,RETAIN OWNER / IMPROVE SCOPE,1 source observations; one selected metrics row only; query data are not joined to landing URLs.
bmw starter motor repair dubai,bmw starter motor repair dubai,BMW,Master Keywords!A1004,DIGI-TEC_SEO_Keyword_Universe_Dubai.xlsx,,GENERATED TAXONOMY,,,,,Commercial service,BMW electrical repair,/brands/bmw-service-dubai/electrical-repair,COVERED — SECTION,/brands/bmw-service-dubai/electrical-repair,Existing specific service; exact scope follows inspection,RETAIN OWNER / IMPROVE SCOPE,1 source observations; one selected metrics row only; query data are not joined to landing URLs.
bmw starter replacement,bmw starter replacement,BMW,Master Keywords!A2597,DIGI-TEC_SEO_Keyword_Universe_Dubai.xlsx,,GENERATED TAXONOMY,,,,,Commercial service,BMW electrical repair,/brands/bmw-service-dubai/electrical-repair,COVERED — SECTION,/brands/bmw-service-dubai/electrical-repair,Existing specific service; exact scope follows inspection,RETAIN OWNER / IMPROVE SCOPE,1 source observations; one selected metrics row only; query data are not joined to landing URLs.
bmw starter replacement dubai,bmw starter replacement dubai,BMW,Master Keywords!A1005,DIGI-TEC_SEO_Keyword_Universe_Dubai.xlsx,,GENERATED TAXONOMY,,,,,Commercial service,BMW electrical repair,/brands/bmw-service-dubai/electrical-repair,COVERED — SECTION,/brands/bmw-service-dubai/electrical-repair,Existing specific service; exact scope follows inspection,RETAIN OWNER / IMPROVE SCOPE,1 source observations; one selected metrics row only; query data are not joined to landing URLs.
bmw steering noise repair,bmw steering noise repair,BMW,Master Keywords!A2742,DIGI-TEC_SEO_Keyword_Universe_Dubai.xlsx,,GENERATED TAXONOMY,,,,,Commercial service,BMW steering repair,/brands/bmw-service-dubai/steering-repair,COVERED — PRIMARY,/brands/bmw-service-dubai/steering-repair,Existing specific service; exact scope follows inspection,RETAIN OWNER,1 source observations; one selected metrics row only; query data are not joined to landing URLs.
bmw steering noise repair dubai,bmw steering noise repair dubai,BMW,Master Keywords!A2743,DIGI-TEC_SEO_Keyword_Universe_Dubai.xlsx,,GENERATED TAXONOMY,,,,,Commercial service,BMW steering repair,/brands/bmw-service-dubai/steering-repair,COVERED — PRIMARY,/brands/bmw-service-dubai/steering-repair,Existing specific service; exact scope follows inspection,RETAIN OWNER,1 source observations; one selected metrics row only; query data are not joined to landing URLs.
bmw steering rack repair,bmw steering rack repair,BMW,Master Keywords!A2744,DIGI-TEC_SEO_Keyword_Universe_Dubai.xlsx,,GENERATED TAXONOMY,,,,,Commercial service,BMW steering repair,/brands/bmw-service-dubai/steering-repair,COVERED — PRIMARY,/brands/bmw-service-dubai/steering-repair,Existing specific service; exact scope follows inspection,RETAIN OWNER,1 source observations; one selected metrics row only; query data are not joined to landing URLs.
bmw steering rack repair dubai,bmw steering rack repair dubai,BMW,Master Keywords!A2745,DIGI-TEC_SEO_Keyword_Universe_Dubai.xlsx,,GENERATED TAXONOMY,,,,,Commercial service,BMW steering repair,/brands/bmw-service-dubai/steering-repair,COVERED — PRIMARY,/brands/bmw-service-dubai/steering-repair,Existing specific service; exact scope follows inspection,RETAIN OWNER,1 source observations; one selected metrics row only; query data are not joined to landing URLs.
bmw steering rack replacement,bmw steering rack replacement,BMW,Master Keywords!A2746,DIGI-TEC_SEO_Keyword_Universe_Dubai.xlsx,,GENERATED TAXONOMY,,,,,Commercial service,BMW steering repair,/brands/bmw-service-dubai/steering-repair,COVERED — PRIMARY,/brands/bmw-service-dubai/steering-repair,Existing specific service; exact scope follows inspection,RETAIN OWNER,1 source observations; one selected metrics row only; query data are not joined to landing URLs.
bmw steering rack replacement dubai,bmw steering rack replacement dubai,BMW,Master Keywords!A2747,DIGI-TEC_SEO_Keyword_Universe_Dubai.xlsx,,GENERATED TAXONOMY,,,,,Commercial service,BMW steering repair,/brands/bmw-service-dubai/steering-repair,COVERED — PRIMARY,/brands/bmw-service-dubai/steering-repair,Existing specific service; exact scope follows inspection,RETAIN OWNER,1 source observations; one selected metrics row only; query data are not joined to landing URLs.
bmw steering repair,bmw steering repair,BMW,Master Keywords!A2748,DIGI-TEC_SEO_Keyword_Universe_Dubai.xlsx,,GENERATED TAXONOMY,,,,,Commercial service,BMW steering repair,/brands/bmw-service-dubai/steering-repair,COVERED — PRIMARY,/brands/bmw-service-dubai/steering-repair,Existing specific service; exact scope follows inspection,RETAIN OWNER,1 source observations; one selected metrics row only; query data are not joined to landing URLs.
bmw steering repair dubai,bmw steering repair dubai,BMW,Master Keywords!A2749,DIGI-TEC_SEO_Keyword_Universe_Dubai.xlsx,,GENERATED TAXONOMY,,,,,Commercial service,BMW steering repair,/brands/bmw-service-dubai/steering-repair,COVERED — PRIMARY,/brands/bmw-service-dubai/steering-repair,Existing specific service; exact scope follows inspection,RETAIN OWNER,1 source observations; one selected metrics row only; query data are not joined to landing URLs.
BMW steering vibration,bmw steering vibration,BMW,B3 brief example #69,B3 user brief,,OTHER SOURCE — USER BRIEF EXAMPLE,,,,,Service section,Symptom assessment,/brands/bmw-service-dubai/engine-diagnostics,COVERED — SECTION,/brands/bmw-service-dubai/engine-diagnostics,Existing service explains diagnostic route; no measured case for a separate thin guide,RETAIN OWNER / IMPROVE SCOPE,1 source observations; one selected metrics row only; query data are not joined to landing URLs.
bmw stereo repair,bmw stereo repair,BMW,Master Keywords!A2663,DIGI-TEC_SEO_Keyword_Universe_Dubai.xlsx,,GENERATED TAXONOMY,,,,,Broad commercial,BMW service/repair discovery,/brands/bmw-service-dubai,COVERED — PRIMARY,/brands/bmw-service-dubai,Single broad booking and directory owner,RETAIN OWNER / IMPROVE SCOPE,1 source observations; one selected metrics row only; query data are not joined to landing URLs.
bmw stereo repair dubai,bmw stereo repair dubai,BMW,Master Keywords!A2664,DIGI-TEC_SEO_Keyword_Universe_Dubai.xlsx,,GENERATED TAXONOMY,,,,,Broad commercial,BMW service/repair discovery,/brands/bmw-service-dubai,COVERED — PRIMARY,/brands/bmw-service-dubai,Single broad booking and directory owner,RETAIN OWNER / IMPROVE SCOPE,1 source observations; one selected metrics row only; query data are not joined to landing URLs.
bmw stereo upgrade,bmw stereo upgrade,BMW,Master Keywords!A2665,DIGI-TEC_SEO_Keyword_Universe_Dubai.xlsx,,GENERATED TAXONOMY,,,,,Broad commercial,BMW service/repair discovery,/brands/bmw-service-dubai,COVERED — PRIMARY,/brands/bmw-service-dubai,Single broad booking and directory owner,RETAIN OWNER / IMPROVE SCOPE,1 source observations; one selected metrics row only; query data are not joined to landing URLs.
bmw stereo upgrade dubai,bmw stereo upgrade dubai,BMW,Master Keywords!A2666,DIGI-TEC_SEO_Keyword_Universe_Dubai.xlsx,,GENERATED TAXONOMY,,,,,Broad commercial,BMW service/repair discovery,/brands/bmw-service-dubai,COVERED — PRIMARY,/brands/bmw-service-dubai,Single broad booking and directory owner,RETAIN OWNER / IMPROVE SCOPE,1 source observations; one selected metrics row only; query data are not joined to landing URLs.
bmw strut replacement,bmw strut replacement,BMW,Master Keywords!A2758,DIGI-TEC_SEO_Keyword_Universe_Dubai.xlsx,,GENERATED TAXONOMY,,,,,Broad commercial,BMW service/repair discovery,/brands/bmw-service-dubai,COVERED — PRIMARY,/brands/bmw-service-dubai,Single broad booking and directory owner,RETAIN OWNER / IMPROVE SCOPE,1 source observations; one selected metrics row only; query data are not joined to landing URLs.
bmw strut replacement dubai,bmw strut replacement dubai,BMW,Master Keywords!A1026,DIGI-TEC_SEO_Keyword_Universe_Dubai.xlsx,,GENERATED TAXONOMY,,,,,Broad commercial,BMW service/repair discovery,/brands/bmw-service-dubai,COVERED — PRIMARY,/brands/bmw-service-dubai,Single broad booking and directory owner,RETAIN OWNER / IMPROVE SCOPE,1 source observations; one selected metrics row only; query data are not joined to landing URLs.
bmw sunroof repair,bmw sunroof repair,BMW,Master Keywords!A2569,DIGI-TEC_SEO_Keyword_Universe_Dubai.xlsx,,GENERATED TAXONOMY,,,,,Unverified service,Unverified function,,NOT TARGETED — INTENTIONALLY,,BMW-specific function or offering not established by keyword evidence,DO NOT TARGET WITHOUT SERVICE VERIFICATION,1 source observations; one selected metrics row only; query data are not joined to landing URLs.
bmw sunroof repair dubai,bmw sunroof repair dubai,BMW,Master Keywords!A2570,DIGI-TEC_SEO_Keyword_Universe_Dubai.xlsx,,GENERATED TAXONOMY,,,,,Unverified service,Unverified function,,NOT TARGETED — INTENTIONALLY,,BMW-specific function or offering not established by keyword evidence,DO NOT TARGET WITHOUT SERVICE VERIFICATION,1 source observations; one selected metrics row only; query data are not joined to landing URLs.
bmw suspension noise repair,bmw suspension noise repair,BMW,Master Keywords!A2759,DIGI-TEC_SEO_Keyword_Universe_Dubai.xlsx,,GENERATED TAXONOMY,,,,,Commercial service,BMW suspension repair,/brands/bmw-service-dubai/suspension-repair,COVERED — PRIMARY,/brands/bmw-service-dubai/suspension-repair,Existing specific service; exact scope follows inspection,RETAIN OWNER / IMPROVE SCOPE,1 source observations; one selected metrics row only; query data are not joined to landing URLs.
bmw suspension noise repair dubai,bmw suspension noise repair dubai,BMW,Master Keywords!A1027,DIGI-TEC_SEO_Keyword_Universe_Dubai.xlsx,,GENERATED TAXONOMY,,,,,Commercial service,BMW suspension repair,/brands/bmw-service-dubai/suspension-repair,COVERED — PRIMARY,/brands/bmw-service-dubai/suspension-repair,Existing specific service; exact scope follows inspection,RETAIN OWNER / IMPROVE SCOPE,1 source observations; one selected metrics row only; query data are not joined to landing URLs.
bmw suspension repair,bmw suspension repair,BMW,Queries!A662,digitecme.com-Performance-on-Search-2026-09-27.xlsx,2026-04-12 to 2026-09-25,MEASURED ORIGINAL GSC,0.0,32.0,0.0,21.56,Commercial service,BMW suspension repair,/brands/bmw-service-dubai/suspension-repair,COVERED — PRIMARY,/brands/bmw-service-dubai/suspension-repair,Existing specific service; exact scope follows inspection,RETAIN OWNER / IMPROVE SCOPE,8 source observations; one selected metrics row only; query data are not joined to landing URLs.
bmw suspension repair dubai,bmw suspension repair dubai,BMW,Queries!A702,digitecme.com-Performance-on-Search-2026-09-27.xlsx,2026-04-12 to 2026-09-25,MEASURED ORIGINAL GSC,0.0,30.0,0.0,37.17,Commercial service,BMW suspension repair,/brands/bmw-service-dubai/suspension-repair,COVERED — PRIMARY,/brands/bmw-service-dubai/suspension-repair,Existing specific service; exact scope follows inspection,RETAIN OWNER / IMPROVE SCOPE,9 source observations; one selected metrics row only; query data are not joined to landing URLs.
bmw suspension repair in dubai,bmw suspension repair in dubai,BMW,Queries!A960,digitecme.com-Performance-on-Search-2026-09-05.xlsx,2026-08-06 to 2026-09-02,MEASURED ORIGINAL GSC,0.0,4.0,0.0,7.5,Commercial service,BMW suspension repair,/brands/bmw-service-dubai/suspension-repair,COVERED — PRIMARY,/brands/bmw-service-dubai/suspension-repair,Existing specific service; exact scope follows inspection,RETAIN OWNER / IMPROVE SCOPE,1 source observations; one selected metrics row only; query data are not joined to landing URLs.
bmw suspension repair near me,bmw suspension repair near me,BMW,Master Keywords!A2760,DIGI-TEC_SEO_Keyword_Universe_Dubai.xlsx,,GENERATED TAXONOMY,,,,,Commercial service,BMW suspension repair,/brands/bmw-service-dubai/suspension-repair,COVERED — PRIMARY,/brands/bmw-service-dubai/suspension-repair,Existing specific service; exact scope follows inspection,RETAIN OWNER / IMPROVE SCOPE,1 source observations; one selected metrics row only; query data are not joined to landing URLs.
BMW suspension warning,bmw suspension warning,BMW,B3 brief example #37,B3 user brief,,OTHER SOURCE — USER BRIEF EXAMPLE,,,,,Commercial service,BMW suspension repair,/brands/bmw-service-dubai/suspension-repair,COVERED — PRIMARY,/brands/bmw-service-dubai/suspension-repair,Existing specific service; exact scope follows inspection,RETAIN OWNER / IMPROVE SCOPE,1 source observations; one selected metrics row only; query data are not joined to landing URLs.
bmw suspension warning light,bmw suspension warning light,BMW,Master Keywords!A2761,DIGI-TEC_SEO_Keyword_Universe_Dubai.xlsx,,GENERATED TAXONOMY,,,,,Service section,Symptom assessment,/brands/bmw-service-dubai/engine-diagnostics,COVERED — SECTION,/brands/bmw-service-dubai/engine-diagnostics,Existing service explains diagnostic route; no measured case for a separate thin guide,RETAIN OWNER / IMPROVE SCOPE,1 source observations; one selected metrics row only; query data are not joined to landing URLs.
bmw suspension warning light dubai,bmw suspension warning light dubai,BMW,Master Keywords!A1028,DIGI-TEC_SEO_Keyword_Universe_Dubai.xlsx,,GENERATED TAXONOMY,,,,,Service section,Symptom assessment,/brands/bmw-service-dubai/engine-diagnostics,COVERED — SECTION,/brands/bmw-service-dubai/engine-diagnostics,Existing service explains diagnostic route; no measured case for a separate thin guide,RETAIN OWNER / IMPROVE SCOPE,1 source observations; one selected metrics row only; query data are not joined to landing URLs.
bmw tailgate repair,bmw tailgate repair,BMW,Master Keywords!A2571,DIGI-TEC_SEO_Keyword_Universe_Dubai.xlsx,,GENERATED TAXONOMY,,,,,Unverified service,Unverified function,,NOT TARGETED — INTENTIONALLY,,BMW-specific function or offering not established by keyword evidence,DO NOT TARGET WITHOUT SERVICE VERIFICATION,1 source observations; one selected metrics row only; query data are not joined to landing URLs.
bmw tailgate repair dubai,bmw tailgate repair dubai,BMW,Master Keywords!A2572,DIGI-TEC_SEO_Keyword_Universe_Dubai.xlsx,,GENERATED TAXONOMY,,,,,Unverified service,Unverified function,,NOT TARGETED — INTENTIONALLY,,BMW-specific function or offering not established by keyword evidence,DO NOT TARGET WITHOUT SERVICE VERIFICATION,1 source observations; one selected metrics row only; query data are not joined to landing URLs.
bmw thermostat replacement,bmw thermostat replacement,BMW,Master Keywords!A2513,DIGI-TEC_SEO_Keyword_Universe_Dubai.xlsx,,GENERATED TAXONOMY,,,,,Commercial service,BMW mechanical repair,/brands/bmw-service-dubai/mechanical-repair,COVERED — SECTION,/brands/bmw-service-dubai/mechanical-repair,Existing specific service; exact scope follows inspection,RETAIN OWNER / IMPROVE SCOPE,1 source observations; one selected metrics row only; query data are not joined to landing URLs.
bmw thermostat replacement dubai,bmw thermostat replacement dubai,BMW,Master Keywords!A973,DIGI-TEC_SEO_Keyword_Universe_Dubai.xlsx,,GENERATED TAXONOMY,,,,,Commercial service,BMW mechanical repair,/brands/bmw-service-dubai/mechanical-repair,COVERED — SECTION,/brands/bmw-service-dubai/mechanical-repair,Existing specific service; exact scope follows inspection,RETAIN OWNER / IMPROVE SCOPE,1 source observations; one selected metrics row only; query data are not joined to landing URLs.
bmw timing belt replacement,bmw timing belt replacement,BMW,Master Keywords!A2609,DIGI-TEC_SEO_Keyword_Universe_Dubai.xlsx,,GENERATED TAXONOMY,,,,,Commercial service,BMW mechanical repair,/brands/bmw-service-dubai/mechanical-repair,COVERED — SECTION,/brands/bmw-service-dubai/mechanical-repair,Existing specific service; exact scope follows inspection,RETAIN OWNER / IMPROVE SCOPE,1 source observations; one selected metrics row only; query data are not joined to landing URLs.
bmw timing belt replacement dubai,bmw timing belt replacement dubai,BMW,Master Keywords!A1015,DIGI-TEC_SEO_Keyword_Universe_Dubai.xlsx,,GENERATED TAXONOMY,,,,,Commercial service,BMW mechanical repair,/brands/bmw-service-dubai/mechanical-repair,COVERED — SECTION,/brands/bmw-service-dubai/mechanical-repair,Existing specific service; exact scope follows inspection,RETAIN OWNER / IMPROVE SCOPE,1 source observations; one selected metrics row only; query data are not joined to landing URLs.
bmw timing chain repair,bmw timing chain repair,BMW,Master Keywords!A2610,DIGI-TEC_SEO_Keyword_Universe_Dubai.xlsx,,GENERATED TAXONOMY,,,,,Commercial service,BMW mechanical repair,/brands/bmw-service-dubai/mechanical-repair,COVERED — SECTION,/brands/bmw-service-dubai/mechanical-repair,Existing specific service; exact scope follows inspection,RETAIN OWNER / IMPROVE SCOPE,1 source observations; one selected metrics row only; query data are not joined to landing URLs.
bmw timing chain repair dubai,bmw timing chain repair dubai,BMW,Master Keywords!A1016,DIGI-TEC_SEO_Keyword_Universe_Dubai.xlsx,,GENERATED TAXONOMY,,,,,Commercial service,BMW mechanical repair,/brands/bmw-service-dubai/mechanical-repair,COVERED — SECTION,/brands/bmw-service-dubai/mechanical-repair,Existing specific service; exact scope follows inspection,RETAIN OWNER / IMPROVE SCOPE,1 source observations; one selected metrics row only; query data are not joined to landing URLs.
bmw tire repair,bmw tire repair,BMW,Master Keywords!A2777,DIGI-TEC_SEO_Keyword_Universe_Dubai.xlsx,,GENERATED TAXONOMY,,,,,Commercial service,BMW tyre/wheel service,/brands/bmw-service-dubai/tire-repair,COVERED — SECTION,/brands/bmw-service-dubai/tire-repair,Existing specific service; exact scope follows inspection,RETAIN OWNER,1 source observations; one selected metrics row only; query data are not joined to landing URLs.
bmw tire repair dubai,bmw tire repair dubai,BMW,Master Keywords!A2778,DIGI-TEC_SEO_Keyword_Universe_Dubai.xlsx,,GENERATED TAXONOMY,,,,,Commercial service,BMW tyre/wheel service,/brands/bmw-service-dubai/tire-repair,COVERED — SECTION,/brands/bmw-service-dubai/tire-repair,Existing specific service; exact scope follows inspection,RETAIN OWNER,1 source observations; one selected metrics row only; query data are not joined to landing URLs.
bmw tire replacement,bmw tire replacement,BMW,Master Keywords!A2779,DIGI-TEC_SEO_Keyword_Universe_Dubai.xlsx,,GENERATED TAXONOMY,,,,,Commercial service,BMW tyre/wheel service,/brands/bmw-service-dubai/tire-repair,COVERED — SECTION,/brands/bmw-service-dubai/tire-repair,Existing specific service; exact scope follows inspection,RETAIN OWNER,1 source observations; one selected metrics row only; query data are not joined to landing URLs.
bmw tire replacement dubai,bmw tire replacement dubai,BMW,Master Keywords!A2780,DIGI-TEC_SEO_Keyword_Universe_Dubai.xlsx,,GENERATED TAXONOMY,,,,,Commercial service,BMW tyre/wheel service,/brands/bmw-service-dubai/tire-repair,COVERED — SECTION,/brands/bmw-service-dubai/tire-repair,Existing specific service; exact scope follows inspection,RETAIN OWNER,1 source observations; one selected metrics row only; query data are not joined to landing URLs.
bmw touch screen repair,bmw touch screen repair,BMW,Master Keywords!A2667,DIGI-TEC_SEO_Keyword_Universe_Dubai.xlsx,,GENERATED TAXONOMY,,,,,Commercial section,iDrive/electronics assessment,/brands/bmw-service-dubai/electrical-repair,COVERED — SECTION,/brands/bmw-service-dubai/electrical-repair,Fault diagnosis and upgrade enquiry remain distinct; no thin module URL,RETAIN OWNER / IMPROVE SCOPE,1 source observations; one selected metrics row only; query data are not joined to landing URLs.
bmw touch screen repair dubai,bmw touch screen repair dubai,BMW,Master Keywords!A2668,DIGI-TEC_SEO_Keyword_Universe_Dubai.xlsx,,GENERATED TAXONOMY,,,,,Commercial section,iDrive/electronics assessment,/brands/bmw-service-dubai/electrical-repair,COVERED — SECTION,/brands/bmw-service-dubai/electrical-repair,Fault diagnosis and upgrade enquiry remain distinct; no thin module URL,RETAIN OWNER / IMPROVE SCOPE,1 source observations; one selected metrics row only; query data are not joined to landing URLs.
BMW transfer case repair,bmw transfer case repair,BMW,B3 brief example #32,B3 user brief,,OTHER SOURCE — USER BRIEF EXAMPLE,,,,,Diagnostic section,Drivetrain warning/fault assessment,/brands/bmw-service-dubai/engine-diagnostics,COVERED — SECTION,/brands/bmw-service-dubai/engine-diagnostics,Warning is not proof of one failed component,RETAIN OWNER / IMPROVE SCOPE,1 source observations; one selected metrics row only; query data are not joined to landing URLs.
bmw tuning dubai,bmw tuning dubai,BMW,Queries!A62,digitecme.com-Performance-on-Search-2026-09-27.xlsx,2026-04-12 to 2026-09-25,MEASURED ORIGINAL GSC,1.0,18.0,0.0556,18.17,Cross-brand commercial,Performance project,/tuning,COVERED — SECONDARY,/tuning,Existing tuning owner; fitment requires confirmation,RETAIN OWNER,3 source observations; one selected metrics row only; query data are not joined to landing URLs.
BMW turbo malfunction,bmw turbo malfunction,BMW,B3 brief example #22,B3 user brief,,OTHER SOURCE — USER BRIEF EXAMPLE,,,,,Commercial service,BMW mechanical repair,/brands/bmw-service-dubai/mechanical-repair,COVERED — PRIMARY,/brands/bmw-service-dubai/mechanical-repair,Existing specific service; exact scope follows inspection,RETAIN OWNER / IMPROVE SCOPE,1 source observations; one selected metrics row only; query data are not joined to landing URLs.
bmw turbo repair,bmw turbo repair,BMW,Master Keywords!A2693,DIGI-TEC_SEO_Keyword_Universe_Dubai.xlsx,,GENERATED TAXONOMY,,,,,Commercial service,BMW mechanical repair,/brands/bmw-service-dubai/mechanical-repair,COVERED — SECTION,/brands/bmw-service-dubai/mechanical-repair,Existing specific service; exact scope follows inspection,RETAIN OWNER / IMPROVE SCOPE,1 source observations; one selected metrics row only; query data are not joined to landing URLs.
bmw turbo repair dubai,bmw turbo repair dubai,BMW,Master Keywords!A2694,DIGI-TEC_SEO_Keyword_Universe_Dubai.xlsx,,GENERATED TAXONOMY,,,,,Commercial service,BMW mechanical repair,/brands/bmw-service-dubai/mechanical-repair,COVERED — SECTION,/brands/bmw-service-dubai/mechanical-repair,Existing specific service; exact scope follows inspection,RETAIN OWNER / IMPROVE SCOPE,2 source observations; one selected metrics row only; query data are not joined to landing URLs.
bmw turbo replacement,bmw turbo replacement,BMW,Master Keywords!A2695,DIGI-TEC_SEO_Keyword_Universe_Dubai.xlsx,,GENERATED TAXONOMY,,,,,Commercial service,BMW mechanical repair,/brands/bmw-service-dubai/mechanical-repair,COVERED — SECTION,/brands/bmw-service-dubai/mechanical-repair,Existing specific service; exact scope follows inspection,RETAIN OWNER / IMPROVE SCOPE,1 source observations; one selected metrics row only; query data are not joined to landing URLs.
bmw turbo replacement dubai,bmw turbo replacement dubai,BMW,Master Keywords!A2696,DIGI-TEC_SEO_Keyword_Universe_Dubai.xlsx,,GENERATED TAXONOMY,,,,,Commercial service,BMW mechanical repair,/brands/bmw-service-dubai/mechanical-repair,COVERED — SECTION,/brands/bmw-service-dubai/mechanical-repair,Existing specific service; exact scope follows inspection,RETAIN OWNER / IMPROVE SCOPE,1 source observations; one selected metrics row only; query data are not joined to landing URLs.
bmw turbo upgrade,bmw turbo upgrade,BMW,Master Keywords!A2697,DIGI-TEC_SEO_Keyword_Universe_Dubai.xlsx,,GENERATED TAXONOMY,,,,,Commercial service,BMW mechanical repair,/brands/bmw-service-dubai/mechanical-repair,COVERED — PRIMARY,/brands/bmw-service-dubai/mechanical-repair,Existing specific service; exact scope follows inspection,RETAIN OWNER / IMPROVE SCOPE,1 source observations; one selected metrics row only; query data are not joined to landing URLs.
bmw turbo upgrade dubai,bmw turbo upgrade dubai,BMW,Master Keywords!A2698,DIGI-TEC_SEO_Keyword_Universe_Dubai.xlsx,,GENERATED TAXONOMY,,,,,Commercial service,BMW mechanical repair,/brands/bmw-service-dubai/mechanical-repair,COVERED — PRIMARY,/brands/bmw-service-dubai/mechanical-repair,Existing specific service; exact scope follows inspection,RETAIN OWNER / IMPROVE SCOPE,1 source observations; one selected metrics row only; query data are not joined to landing URLs.
bmw tyre puncture,bmw tyre puncture,BMW,Queries!A982,digitecme.com-Performance-on-Search-2026-09-16.xlsx,2026-09-07 to 2026-09-13,MEASURED ORIGINAL GSC,0.0,1.0,0.0,9.0,Commercial service,BMW tyre/wheel service,/brands/bmw-service-dubai/tire-repair,COVERED — PRIMARY,/brands/bmw-service-dubai/tire-repair,Existing specific service; exact scope follows inspection,RETAIN OWNER,1 source observations; one selected metrics row only; query data are not joined to landing URLs.
bmw tyre repair,bmw tyre repair,BMW,Master Keywords!A2781,DIGI-TEC_SEO_Keyword_Universe_Dubai.xlsx,,GENERATED TAXONOMY,,,,,Commercial service,BMW tyre/wheel service,/brands/bmw-service-dubai/tire-repair,COVERED — SECTION,/brands/bmw-service-dubai/tire-repair,Existing specific service; exact scope follows inspection,RETAIN OWNER,1 source observations; one selected metrics row only; query data are not joined to landing URLs.
bmw tyre repair dubai,bmw tyre repair dubai,BMW,Master Keywords!A2782,DIGI-TEC_SEO_Keyword_Universe_Dubai.xlsx,,GENERATED TAXONOMY,,,,,Commercial service,BMW tyre/wheel service,/brands/bmw-service-dubai/tire-repair,COVERED — SECTION,/brands/bmw-service-dubai/tire-repair,Existing specific service; exact scope follows inspection,RETAIN OWNER,1 source observations; one selected metrics row only; query data are not joined to landing URLs.
bmw tyre replacement,bmw tyre replacement,BMW,Master Keywords!A2783,DIGI-TEC_SEO_Keyword_Universe_Dubai.xlsx,,GENERATED TAXONOMY,,,,,Commercial service,BMW tyre/wheel service,/brands/bmw-service-dubai/tire-repair,COVERED — SECTION,/brands/bmw-service-dubai/tire-repair,Existing specific service; exact scope follows inspection,RETAIN OWNER,1 source observations; one selected metrics row only; query data are not joined to landing URLs.
bmw tyre replacement dubai,bmw tyre replacement dubai,BMW,Master Keywords!A2784,DIGI-TEC_SEO_Keyword_Universe_Dubai.xlsx,,GENERATED TAXONOMY,,,,,Commercial service,BMW tyre/wheel service,/brands/bmw-service-dubai/tire-repair,COVERED — SECTION,/brands/bmw-service-dubai/tire-repair,Existing specific service; exact scope follows inspection,RETAIN OWNER,1 source observations; one selected metrics row only; query data are not joined to landing URLs.
bmw used car inspection,bmw used car inspection,BMW,Master Keywords!A2675,DIGI-TEC_SEO_Keyword_Universe_Dubai.xlsx,,GENERATED TAXONOMY,,,,,Broad commercial,BMW service/repair discovery,/brands/bmw-service-dubai,COVERED — PRIMARY,/brands/bmw-service-dubai,Single broad booking and directory owner,RETAIN OWNER / IMPROVE SCOPE,1 source observations; one selected metrics row only; query data are not joined to landing URLs.
bmw used car inspection dubai,bmw used car inspection dubai,BMW,Master Keywords!A2676,DIGI-TEC_SEO_Keyword_Universe_Dubai.xlsx,,GENERATED TAXONOMY,,,,,Broad commercial,BMW service/repair discovery,/brands/bmw-service-dubai,COVERED — PRIMARY,/brands/bmw-service-dubai,Single broad booking and directory owner,RETAIN OWNER / IMPROVE SCOPE,1 source observations; one selected metrics row only; query data are not joined to landing URLs.
bmw valve cover gasket replacement,bmw valve cover gasket replacement,BMW,Master Keywords!A2611,DIGI-TEC_SEO_Keyword_Universe_Dubai.xlsx,,GENERATED TAXONOMY,,,,,Commercial service,BMW mechanical repair,/brands/bmw-service-dubai/mechanical-repair,COVERED — SECTION,/brands/bmw-service-dubai/mechanical-repair,Existing specific service; exact scope follows inspection,RETAIN OWNER / IMPROVE SCOPE,1 source observations; one selected metrics row only; query data are not joined to landing URLs.
bmw valve cover gasket replacement dubai,bmw valve cover gasket replacement dubai,BMW,Master Keywords!A1017,DIGI-TEC_SEO_Keyword_Universe_Dubai.xlsx,,GENERATED TAXONOMY,,,,,Commercial service,BMW mechanical repair,/brands/bmw-service-dubai/mechanical-repair,COVERED — SECTION,/brands/bmw-service-dubai/mechanical-repair,Existing specific service; exact scope follows inspection,RETAIN OWNER / IMPROVE SCOPE,1 source observations; one selected metrics row only; query data are not joined to landing URLs.
BMW Valvetronic fault,bmw valvetronic fault,BMW,B3 brief example #59,B3 user brief,,OTHER SOURCE — USER BRIEF EXAMPLE,,,,,Commercial section,Engine timing/lift system assessment,/brands/bmw-service-dubai/mechanical-repair,COVERED — SECTION,/brands/bmw-service-dubai/mechanical-repair,Generation-specific system; no standalone acronym page,RETAIN OWNER / IMPROVE SCOPE,1 source observations; one selected metrics row only; query data are not joined to landing URLs.
BMW valvetronic repair,bmw valvetronic repair,BMW,Brand Specific Systems!B60,DIGI-TEC_SEO_Keyword_Universe_Dubai.xlsx,,RESEARCH KEYWORD,,,,,Commercial section,Engine timing/lift system assessment,/brands/bmw-service-dubai/mechanical-repair,COVERED — SECTION,/brands/bmw-service-dubai/mechanical-repair,Generation-specific system; no standalone acronym page,RETAIN OWNER / IMPROVE SCOPE,1 source observations; one selected metrics row only; query data are not joined to landing URLs.
BMW vanos repair,bmw vanos repair,BMW,Brand Specific Systems!B59,DIGI-TEC_SEO_Keyword_Universe_Dubai.xlsx,,RESEARCH KEYWORD,,,,,Commercial section,Engine timing/lift system assessment,/brands/bmw-service-dubai/mechanical-repair,COVERED — SECTION,/brands/bmw-service-dubai/mechanical-repair,Generation-specific system; no standalone acronym page,RETAIN OWNER / IMPROVE SCOPE,2 source observations; one selected metrics row only; query data are not joined to landing URLs.
BMW VANOS symptoms,bmw vanos symptoms,BMW,B3 brief example #58,B3 user brief,,OTHER SOURCE — USER BRIEF EXAMPLE,,,,,Commercial section,Engine timing/lift system assessment,/brands/bmw-service-dubai/mechanical-repair,COVERED — SECTION,/brands/bmw-service-dubai/mechanical-repair,Generation-specific system; no standalone acronym page,RETAIN OWNER / IMPROVE SCOPE,1 source observations; one selected metrics row only; query data are not joined to landing URLs.
bmw vehicle inspection,bmw vehicle inspection,BMW,Master Keywords!A2677,DIGI-TEC_SEO_Keyword_Universe_Dubai.xlsx,,GENERATED TAXONOMY,,,,,Broad commercial,BMW service/repair discovery,/brands/bmw-service-dubai,COVERED — PRIMARY,/brands/bmw-service-dubai,Single broad booking and directory owner,RETAIN OWNER / IMPROVE SCOPE,1 source observations; one selected metrics row only; query data are not joined to landing URLs.
bmw vehicle inspection dubai,bmw vehicle inspection dubai,BMW,Master Keywords!A2678,DIGI-TEC_SEO_Keyword_Universe_Dubai.xlsx,,GENERATED TAXONOMY,,,,,Broad commercial,BMW service/repair discovery,/brands/bmw-service-dubai,COVERED — PRIMARY,/brands/bmw-service-dubai,Single broad booking and directory owner,RETAIN OWNER / IMPROVE SCOPE,1 source observations; one selected metrics row only; query data are not joined to landing URLs.
BMW vibration,bmw vibration,BMW,B3 brief example #66,B3 user brief,,OTHER SOURCE — USER BRIEF EXAMPLE,,,,,Service section,Symptom assessment,/brands/bmw-service-dubai/engine-diagnostics,COVERED — SECTION,/brands/bmw-service-dubai/engine-diagnostics,Existing service explains diagnostic route; no measured case for a separate thin guide,RETAIN OWNER / IMPROVE SCOPE,1 source observations; one selected metrics row only; query data are not joined to landing URLs.
bmw water pump replacement,bmw water pump replacement,BMW,Master Keywords!A2514,DIGI-TEC_SEO_Keyword_Universe_Dubai.xlsx,,GENERATED TAXONOMY,,,,,Commercial service,BMW mechanical repair,/brands/bmw-service-dubai/mechanical-repair,COVERED — SECTION,/brands/bmw-service-dubai/mechanical-repair,Existing specific service; exact scope follows inspection,RETAIN OWNER / IMPROVE SCOPE,1 source observations; one selected metrics row only; query data are not joined to landing URLs.
bmw water pump replacement dubai,bmw water pump replacement dubai,BMW,Master Keywords!A974,DIGI-TEC_SEO_Keyword_Universe_Dubai.xlsx,,GENERATED TAXONOMY,,,,,Commercial service,BMW mechanical repair,/brands/bmw-service-dubai/mechanical-repair,COVERED — SECTION,/brands/bmw-service-dubai/mechanical-repair,Existing specific service; exact scope follows inspection,RETAIN OWNER / IMPROVE SCOPE,1 source observations; one selected metrics row only; query data are not joined to landing URLs.
bmw wheel alignment,bmw wheel alignment,BMW,Master Keywords!A2750,DIGI-TEC_SEO_Keyword_Universe_Dubai.xlsx,,GENERATED TAXONOMY,,,,,Commercial service,BMW tyre/wheel service,/brands/bmw-service-dubai/tire-repair,COVERED — PRIMARY,/brands/bmw-service-dubai/tire-repair,Existing specific service; exact scope follows inspection,RETAIN OWNER,1 source observations; one selected metrics row only; query data are not joined to landing URLs.
bmw wheel alignment dubai,bmw wheel alignment dubai,BMW,Master Keywords!A2751,DIGI-TEC_SEO_Keyword_Universe_Dubai.xlsx,,GENERATED TAXONOMY,,,,,Commercial service,BMW tyre/wheel service,/brands/bmw-service-dubai/tire-repair,COVERED — PRIMARY,/brands/bmw-service-dubai/tire-repair,Existing specific service; exact scope follows inspection,RETAIN OWNER,1 source observations; one selected metrics row only; query data are not joined to landing URLs.
bmw wheel balancing,bmw wheel balancing,BMW,Master Keywords!A2785,DIGI-TEC_SEO_Keyword_Universe_Dubai.xlsx,,GENERATED TAXONOMY,,,,,Commercial service,BMW tyre/wheel service,/brands/bmw-service-dubai/tire-repair,COVERED — PRIMARY,/brands/bmw-service-dubai/tire-repair,Existing specific service; exact scope follows inspection,RETAIN OWNER,1 source observations; one selected metrics row only; query data are not joined to landing URLs.
bmw wheel balancing dubai,bmw wheel balancing dubai,BMW,Master Keywords!A2786,DIGI-TEC_SEO_Keyword_Universe_Dubai.xlsx,,GENERATED TAXONOMY,,,,,Commercial service,BMW tyre/wheel service,/brands/bmw-service-dubai/tire-repair,COVERED — PRIMARY,/brands/bmw-service-dubai/tire-repair,Existing specific service; exact scope follows inspection,RETAIN OWNER,1 source observations; one selected metrics row only; query data are not joined to landing URLs.
bmw wheel repair,bmw wheel repair,BMW,Master Keywords!A2787,DIGI-TEC_SEO_Keyword_Universe_Dubai.xlsx,,GENERATED TAXONOMY,,,,,Commercial service,BMW tyre/wheel service,/brands/bmw-service-dubai/tire-repair,COVERED — SECTION,/brands/bmw-service-dubai/tire-repair,Existing specific service; exact scope follows inspection,RETAIN OWNER,1 source observations; one selected metrics row only; query data are not joined to landing URLs.
bmw wheel repair dubai,bmw wheel repair dubai,BMW,Master Keywords!A2788,DIGI-TEC_SEO_Keyword_Universe_Dubai.xlsx,,GENERATED TAXONOMY,,,,,Commercial service,BMW tyre/wheel service,/brands/bmw-service-dubai/tire-repair,COVERED — SECTION,/brands/bmw-service-dubai/tire-repair,Existing specific service; exact scope follows inspection,RETAIN OWNER,1 source observations; one selected metrics row only; query data are not joined to landing URLs.
BMW white smoke,bmw white smoke,BMW,B3 brief example #63,B3 user brief,,OTHER SOURCE — USER BRIEF EXAMPLE,,,,,Service section,Symptom assessment,/brands/bmw-service-dubai/mechanical-repair,COVERED — SECTION,/brands/bmw-service-dubai/mechanical-repair,Existing service explains diagnostic route; no measured case for a separate thin guide,RETAIN OWNER / IMPROVE SCOPE,1 source observations; one selected metrics row only; query data are not joined to landing URLs.
bmw window regulator replacement,bmw window regulator replacement,BMW,Master Keywords!A2573,DIGI-TEC_SEO_Keyword_Universe_Dubai.xlsx,,GENERATED TAXONOMY,,,,,Broad commercial,BMW service/repair discovery,/brands/bmw-service-dubai,COVERED — PRIMARY,/brands/bmw-service-dubai,Single broad booking and directory owner,RETAIN OWNER / IMPROVE SCOPE,1 source observations; one selected metrics row only; query data are not joined to landing URLs.
bmw window regulator replacement dubai,bmw window regulator replacement dubai,BMW,Master Keywords!A2574,DIGI-TEC_SEO_Keyword_Universe_Dubai.xlsx,,GENERATED TAXONOMY,,,,,Broad commercial,BMW service/repair discovery,/brands/bmw-service-dubai,COVERED — PRIMARY,/brands/bmw-service-dubai,Single broad booking and directory owner,RETAIN OWNER / IMPROVE SCOPE,1 source observations; one selected metrics row only; query data are not joined to landing URLs.
bmw window tinting,bmw window tinting,BMW,Master Keywords!A2715,DIGI-TEC_SEO_Keyword_Universe_Dubai.xlsx,,GENERATED TAXONOMY,,,,,Unverified service,Unverified function,,NOT TARGETED — INTENTIONALLY,,BMW-specific function or offering not established by keyword evidence,DO NOT TARGET WITHOUT SERVICE VERIFICATION,1 source observations; one selected metrics row only; query data are not joined to landing URLs.
bmw window tinting dubai,bmw window tinting dubai,BMW,Master Keywords!A2716,DIGI-TEC_SEO_Keyword_Universe_Dubai.xlsx,,GENERATED TAXONOMY,,,,,Unverified service,Unverified function,,NOT TARGETED — INTENTIONALLY,,BMW-specific function or offering not established by keyword evidence,DO NOT TARGET WITHOUT SERVICE VERIFICATION,1 source observations; one selected metrics row only; query data are not joined to landing URLs.
bmw wiring repair,bmw wiring repair,BMW,Master Keywords!A2598,DIGI-TEC_SEO_Keyword_Universe_Dubai.xlsx,,GENERATED TAXONOMY,,,,,Commercial service,BMW electrical repair,/brands/bmw-service-dubai/electrical-repair,COVERED — SECTION,/brands/bmw-service-dubai/electrical-repair,Existing specific service; exact scope follows inspection,RETAIN OWNER / IMPROVE SCOPE,1 source observations; one selected metrics row only; query data are not joined to landing URLs.
bmw wiring repair dubai,bmw wiring repair dubai,BMW,Master Keywords!A1006,DIGI-TEC_SEO_Keyword_Universe_Dubai.xlsx,,GENERATED TAXONOMY,,,,,Commercial service,BMW electrical repair,/brands/bmw-service-dubai/electrical-repair,COVERED — SECTION,/brands/bmw-service-dubai/electrical-repair,Existing specific service; exact scope follows inspection,RETAIN OWNER / IMPROVE SCOPE,1 source observations; one selected metrics row only; query data are not joined to landing URLs.
BMW won't start,bmw won't start,BMW,B3 brief example #61,B3 user brief,,OTHER SOURCE — USER BRIEF EXAMPLE,,,,,Service section,Symptom assessment,/brands/bmw-service-dubai/engine-diagnostics,COVERED — SECTION,/brands/bmw-service-dubai/engine-diagnostics,Existing service explains diagnostic route; no measured case for a separate thin guide,RETAIN OWNER / IMPROVE SCOPE,1 source observations; one selected metrics row only; query data are not joined to landing URLs.
bmw workshop,bmw workshop,BMW,Queries!A590,digitecme.com-Performance-on-Search-2026-09-27.xlsx,2026-04-12 to 2026-09-25,MEASURED ORIGINAL GSC,0.0,37.0,0.0,9.92,Broad commercial,BMW service/repair discovery,/brands/bmw-service-dubai,COVERED — PRIMARY,/brands/bmw-service-dubai,Single broad booking and directory owner,RETAIN OWNER / IMPROVE SCOPE,6 source observations; one selected metrics row only; query data are not joined to landing URLs.
bmw workshop al quoz,bmw workshop al quoz,BMW,Queries!A844,digitecme.com-Performance-on-Search-2026-09-27.xlsx,2026-04-12 to 2026-09-25,MEASURED ORIGINAL GSC,0.0,24.0,0.0,12.04,Broad commercial,BMW service/repair discovery,/brands/bmw-service-dubai,COVERED — PRIMARY,/brands/bmw-service-dubai,Single broad booking and directory owner,RETAIN OWNER / IMPROVE SCOPE,4 source observations; one selected metrics row only; query data are not joined to landing URLs.
bmw workshop dubai,bmw workshop dubai,BMW,Queries!A329,digitecme.com-Performance-on-Search-2026-09-27.xlsx,2026-04-12 to 2026-09-25,MEASURED ORIGINAL GSC,0.0,75.0,0.0,21.52,Broad commercial,BMW service/repair discovery,/brands/bmw-service-dubai,COVERED — PRIMARY,/brands/bmw-service-dubai,Single broad booking and directory owner,RETAIN OWNER / IMPROVE SCOPE,6 source observations; one selected metrics row only; query data are not joined to landing URLs.
bmw workshop dubai al quoz,bmw workshop dubai al quoz,BMW,Queries!A426,digitecme.com-Performance-on-Search-2026-09-27.xlsx,2026-04-12 to 2026-09-25,MEASURED ORIGINAL GSC,0.0,56.0,0.0,14.09,Broad commercial,BMW service/repair discovery,/brands/bmw-service-dubai,COVERED — PRIMARY,/brands/bmw-service-dubai,Single broad booking and directory owner,RETAIN OWNER / IMPROVE SCOPE,4 source observations; one selected metrics row only; query data are not joined to landing URLs.
bmw workshop near me,bmw workshop near me,BMW,Master Keywords!A2638,DIGI-TEC_SEO_Keyword_Universe_Dubai.xlsx,,GENERATED TAXONOMY,,,,,Broad commercial,BMW service/repair discovery,/brands/bmw-service-dubai,COVERED — PRIMARY,/brands/bmw-service-dubai,Single broad booking and directory owner,RETAIN OWNER / IMPROVE SCOPE,1 source observations; one selected metrics row only; query data are not joined to landing URLs.
bmw x5 service dubai,bmw x5 service dubai,BMW,Queries!A681,digitecme.com-Performance-on-Search-2026-09-13.xlsx,2026-09-05 to 2026-09-11,MEASURED ORIGINAL GSC,0.0,2.0,0.0,10.5,Model commercial,X5 model service,/brands/bmw-service-dubai/x5,COVERED — MODEL PAGE,/brands/bmw-service-dubai/x5,Existing model owner; repair tasks link to services,RETAIN OWNER / IMPROVE SCOPE,4 source observations; one selected metrics row only; query data are not joined to landing URLs.
BMW X6 service Dubai,bmw x6 service dubai,BMW,B3 brief example #75,B3 user brief,,OTHER SOURCE — USER BRIEF EXAMPLE,,,,,Model commercial,X6 model service,/brands/bmw-service-dubai/x6,COVERED — MODEL PAGE,/brands/bmw-service-dubai/x6,Existing model owner; repair tasks link to services,RETAIN OWNER / IMPROVE SCOPE,1 source observations; one selected metrics row only; query data are not joined to landing URLs.
BMW xDrive malfunction,bmw xdrive malfunction,BMW,B3 brief example #31,B3 user brief,,OTHER SOURCE — USER BRIEF EXAMPLE,,,,,Diagnostic section,Drivetrain warning/fault assessment,/brands/bmw-service-dubai/engine-diagnostics,COVERED — SECTION,/brands/bmw-service-dubai/engine-diagnostics,Warning is not proof of one failed component,RETAIN OWNER / IMPROVE SCOPE,1 source observations; one selected metrics row only; query data are not joined to landing URLs.
BMW xdrive repair,bmw xdrive repair,BMW,Brand Specific Systems!B61,DIGI-TEC_SEO_Keyword_Universe_Dubai.xlsx,,RESEARCH KEYWORD,,,,,Diagnostic section,Drivetrain warning/fault assessment,/brands/bmw-service-dubai/engine-diagnostics,COVERED — SECTION,/brands/bmw-service-dubai/engine-diagnostics,Warning is not proof of one failed component,RETAIN OWNER / IMPROVE SCOPE,1 source observations; one selected metrics row only; query data are not joined to landing URLs.
bmw z4 m service dubai,bmw z4 m service dubai,BMW,Queries!A758,digitecme.com-Performance-on-Search-2026-09-05.xlsx,2026-08-06 to 2026-09-02,MEASURED ORIGINAL GSC,0.0,6.0,0.0,22.17,Informational,M-model considerations,/blog/bmw-m-service-dubai-guide,COVERED — MODEL PAGE,/blog/bmw-m-service-dubai-guide,M guide supports existing M3/M4/M5 owners,RETAIN OWNER,1 source observations; one selected metrics row only; query data are not joined to landing URLs.
BMW ZF transmission service,bmw zf gearbox service,BMW,B3 brief example #26,B3 user brief,,OTHER SOURCE — USER BRIEF EXAMPLE,,,,,Commercial service,BMW gearbox repair,/brands/bmw-service-dubai/transmission-repair,COVERED — PRIMARY,/brands/bmw-service-dubai/transmission-repair,Existing specific service; exact scope follows inspection,RETAIN OWNER,1 source observations; one selected metrics row only; query data are not joined to landing URLs.
body shop bmw,body shop bmw,BMW,Queries!A714,digitecme.com-Performance-on-Search-2026-09-13.xlsx,2026-09-05 to 2026-09-11,MEASURED ORIGINAL GSC,0.0,2.0,0.0,15.5,Commercial service,BMW body repair,/brands/bmw-service-dubai/body-repair,COVERED — PRIMARY,/brands/bmw-service-dubai/body-repair,Existing specific service; exact scope follows inspection,RETAIN OWNER,1 source observations; one selected metrics row only; query data are not joined to landing URLs.
idrive repair,idrive repair,BMW,Master Keywords!A2545,DIGI-TEC_SEO_Keyword_Universe_Dubai.xlsx,,RESEARCH KEYWORD,,,,,Commercial section,iDrive/electronics assessment,/brands/bmw-service-dubai/electrical-repair,COVERED — SECTION,/brands/bmw-service-dubai/electrical-repair,Fault diagnosis and upgrade enquiry remain distinct; no thin module URL,RETAIN OWNER / IMPROVE SCOPE,1 source observations; one selected metrics row only; query data are not joined to landing URLs.
idrive repair dubai,idrive repair dubai,BMW,Master Keywords!A2546,DIGI-TEC_SEO_Keyword_Universe_Dubai.xlsx,,RESEARCH KEYWORD,,,,,Commercial section,iDrive/electronics assessment,/brands/bmw-service-dubai/electrical-repair,COVERED — SECTION,/brands/bmw-service-dubai/electrical-repair,Fault diagnosis and upgrade enquiry remain distinct; no thin module URL,RETAIN OWNER / IMPROVE SCOPE,1 source observations; one selected metrics row only; query data are not joined to landing URLs.
idrive screen replacement,idrive screen replacement,BMW,Master Keywords!A2547,DIGI-TEC_SEO_Keyword_Universe_Dubai.xlsx,,RESEARCH KEYWORD,,,,,Commercial section,iDrive/electronics assessment,/brands/bmw-service-dubai/electrical-repair,COVERED — SECTION,/brands/bmw-service-dubai/electrical-repair,Fault diagnosis and upgrade enquiry remain distinct; no thin module URL,RETAIN OWNER / IMPROVE SCOPE,1 source observations; one selected metrics row only; query data are not joined to landing URLs.
idrive screen replacement dubai,idrive screen replacement dubai,BMW,Master Keywords!A2548,DIGI-TEC_SEO_Keyword_Universe_Dubai.xlsx,,RESEARCH KEYWORD,,,,,Commercial section,iDrive/electronics assessment,/brands/bmw-service-dubai/electrical-repair,COVERED — SECTION,/brands/bmw-service-dubai/electrical-repair,Fault diagnosis and upgrade enquiry remain distinct; no thin module URL,RETAIN OWNER / IMPROVE SCOPE,1 source observations; one selected metrics row only; query data are not joined to landing URLs.
ista diagnostics,ista diagnostics,BMW,Master Keywords!A2549,DIGI-TEC_SEO_Keyword_Universe_Dubai.xlsx,,RESEARCH KEYWORD,,,,,Commercial service,BMW diagnostics,/brands/bmw-service-dubai/engine-diagnostics,COVERED — PRIMARY,/brands/bmw-service-dubai/engine-diagnostics,Existing specific service; exact scope follows inspection,RETAIN OWNER / IMPROVE SCOPE,1 source observations; one selected metrics row only; query data are not joined to landing URLs.
ista diagnostics dubai,ista diagnostics dubai,BMW,Master Keywords!A2550,DIGI-TEC_SEO_Keyword_Universe_Dubai.xlsx,,RESEARCH KEYWORD,,,,,Commercial service,BMW diagnostics,/brands/bmw-service-dubai/engine-diagnostics,COVERED — PRIMARY,/brands/bmw-service-dubai/engine-diagnostics,Existing specific service; exact scope follows inspection,RETAIN OWNER / IMPROVE SCOPE,1 source observations; one selected metrics row only; query data are not joined to landing URLs.
service for bmw,service for bmw,BMW,Queries!A667,digitecme.com-Performance-on-Search-2026-09-27.xlsx,2026-04-12 to 2026-09-25,MEASURED ORIGINAL GSC,0.0,32.0,0.0,30.97,Broad commercial,BMW service/repair discovery,/brands/bmw-service-dubai,COVERED — PRIMARY,/brands/bmw-service-dubai,Single broad booking and directory owner,RETAIN OWNER / IMPROVE SCOPE,5 source observations; one selected metrics row only; query data are not joined to landing URLs.
valvetronic repair,valvetronic repair,BMW,Master Keywords!A2551,DIGI-TEC_SEO_Keyword_Universe_Dubai.xlsx,,RESEARCH KEYWORD,,,,,Commercial section,Engine timing/lift system assessment,/brands/bmw-service-dubai/mechanical-repair,COVERED — SECTION,/brands/bmw-service-dubai/mechanical-repair,Generation-specific system; no standalone acronym page,RETAIN OWNER / IMPROVE SCOPE,1 source observations; one selected metrics row only; query data are not joined to landing URLs.
valvetronic repair dubai,valvetronic repair dubai,BMW,Master Keywords!A2552,DIGI-TEC_SEO_Keyword_Universe_Dubai.xlsx,,RESEARCH KEYWORD,,,,,Commercial section,Engine timing/lift system assessment,/brands/bmw-service-dubai/mechanical-repair,COVERED — SECTION,/brands/bmw-service-dubai/mechanical-repair,Generation-specific system; no standalone acronym page,RETAIN OWNER / IMPROVE SCOPE,1 source observations; one selected metrics row only; query data are not joined to landing URLs.
vanos repair,vanos repair,BMW,Master Keywords!A2553,DIGI-TEC_SEO_Keyword_Universe_Dubai.xlsx,,RESEARCH KEYWORD,,,,,Commercial section,Engine timing/lift system assessment,/brands/bmw-service-dubai/mechanical-repair,COVERED — SECTION,/brands/bmw-service-dubai/mechanical-repair,Generation-specific system; no standalone acronym page,RETAIN OWNER / IMPROVE SCOPE,1 source observations; one selected metrics row only; query data are not joined to landing URLs.
vanos repair dubai,vanos repair dubai,BMW,Master Keywords!A2554,DIGI-TEC_SEO_Keyword_Universe_Dubai.xlsx,,RESEARCH KEYWORD,,,,,Commercial section,Engine timing/lift system assessment,/brands/bmw-service-dubai/mechanical-repair,COVERED — SECTION,/brands/bmw-service-dubai/mechanical-repair,Generation-specific system; no standalone acronym page,RETAIN OWNER / IMPROVE SCOPE,1 source observations; one selected metrics row only; query data are not joined to landing URLs.
xdrive repair,xdrive repair,BMW,Master Keywords!A2555,DIGI-TEC_SEO_Keyword_Universe_Dubai.xlsx,,RESEARCH KEYWORD,,,,,Diagnostic section,Drivetrain warning/fault assessment,/brands/bmw-service-dubai/engine-diagnostics,COVERED — SECTION,/brands/bmw-service-dubai/engine-diagnostics,Warning is not proof of one failed component,RETAIN OWNER / IMPROVE SCOPE,1 source observations; one selected metrics row only; query data are not joined to landing URLs.
xdrive repair dubai,xdrive repair dubai,BMW,Master Keywords!A2556,DIGI-TEC_SEO_Keyword_Universe_Dubai.xlsx,,RESEARCH KEYWORD,,,,,Diagnostic section,Drivetrain warning/fault assessment,/brands/bmw-service-dubai/engine-diagnostics,COVERED — SECTION,/brands/bmw-service-dubai/engine-diagnostics,Warning is not proof of one failed component,RETAIN OWNER / IMPROVE SCOPE,1 source observations; one selected metrics row only; query data are not joined to landing URLs.
