keyword,normalized_keyword,brand,source,source_file,source_period,measured_or_generated,gsc_clicks,gsc_impressions,gsc_ctr,gsc_position,search_intent,cluster,primary_owner,coverage_class,coverage_location,reason,b8_action,notes
best volkswagen garage in dubai,best volkswagen garage in dubai,Volkswagen,Queries!A742,digitecme.com-Performance-on-Search-2026-09-13.xlsx,2026-09-05 to 2026-09-11,MEASURED ORIGINAL GSC,0.0,2.0,0.0,21.0,Workshop selection,Workshop selection,/blog/volkswagen-best-workshop-dubai,COVERED — GUIDE,/blog/volkswagen-best-workshop-dubai,"Existing guide serves evaluation, not broad booking",IMPROVE EXISTING OWNER,1 source observations; supporting owner: /brands/volkswagen-service-dubai; query-only GSC does not establish ranking URL
DSG jerking,dsg jerking,Volkswagen,B8 brief example #4,B8 user brief,,OTHER SOURCE — USER BRIEF EXAMPLE,,,,,DSG symptom,DSG symptom,/services/transmission-repair-dubai,COVERED — PROBLEM,/services/transmission-repair-dubai,Symptom triage on transmission owner; no assumed failed part,IMPROVE EXISTING OWNER,1 source observations; supporting owner: /brands/volkswagen-service-dubai/engine-diagnostics; query-only GSC does not establish ranking URL
DSG mechatronic repair Dubai,dsg mechatronic repair dubai,Volkswagen,B8 brief example #3,B8 user brief,,OTHER SOURCE — USER BRIEF EXAMPLE,,,,,DSG/transmission repair,DSG/transmission repair,/services/transmission-repair-dubai,COVERED — SECTION,/services/transmission-repair-dubai,Indexable generic transmission owner; Volkswagen transmission route remains noindex support,IMPROVE EXISTING OWNER,1 source observations; supporting owner: /brands/volkswagen-service-dubai/engine-diagnostics; query-only GSC does not establish ranking URL
dsg oil change,dsg oil change,Volkswagen,Master Keywords!A6542,DIGI-TEC_SEO_Keyword_Universe_Dubai.xlsx,,RESEARCH KEYWORD,,,,,DSG maintenance,DSG maintenance,/services/transmission-repair-dubai,COVERED — SECTION,/services/transmission-repair-dubai,Generic transmission owner has DSG service; gearbox code determines fluid and interval,IMPROVE EXISTING OWNER,1 source observations; supporting owner: /brands/volkswagen-service-dubai/engine-diagnostics; query-only GSC does not establish ranking URL
dsg oil change dubai,dsg oil change dubai,Volkswagen,Master Keywords!A6543,DIGI-TEC_SEO_Keyword_Universe_Dubai.xlsx,,RESEARCH KEYWORD,,,,,DSG maintenance,DSG maintenance,/services/transmission-repair-dubai,COVERED — SECTION,/services/transmission-repair-dubai,Generic transmission owner has DSG service; gearbox code determines fluid and interval,IMPROVE EXISTING OWNER,1 source observations; supporting owner: /brands/volkswagen-service-dubai/engine-diagnostics; query-only GSC does not establish ranking URL
dsg repair,dsg repair,Volkswagen,Master Keywords!A6544,DIGI-TEC_SEO_Keyword_Universe_Dubai.xlsx,,RESEARCH KEYWORD,,,,,DSG/transmission repair,DSG/transmission repair,/services/transmission-repair-dubai,COVERED — PRIMARY,/services/transmission-repair-dubai,Indexable generic transmission owner; Volkswagen transmission route remains noindex support,IMPROVE EXISTING OWNER,1 source observations; supporting owner: /brands/volkswagen-service-dubai/engine-diagnostics; query-only GSC does not establish ranking URL
dsg repair dubai,dsg repair dubai,Volkswagen,Master Keywords!A6545,DIGI-TEC_SEO_Keyword_Universe_Dubai.xlsx,,RESEARCH KEYWORD,,,,,DSG/transmission repair,DSG/transmission repair,/services/transmission-repair-dubai,COVERED — PRIMARY,/services/transmission-repair-dubai,Indexable generic transmission owner; Volkswagen transmission route remains noindex support,IMPROVE EXISTING OWNER,1 source observations; supporting owner: /brands/volkswagen-service-dubai/engine-diagnostics; query-only GSC does not establish ranking URL
dsg service,dsg service,Volkswagen,Master Keywords!A6546,DIGI-TEC_SEO_Keyword_Universe_Dubai.xlsx,,RESEARCH KEYWORD,,,,,DSG maintenance,DSG maintenance,/services/transmission-repair-dubai,COVERED — SECTION,/services/transmission-repair-dubai,Generic transmission owner has DSG service; gearbox code determines fluid and interval,IMPROVE EXISTING OWNER,1 source observations; supporting owner: /brands/volkswagen-service-dubai/engine-diagnostics; query-only GSC does not establish ranking URL
dsg service dubai,dsg service dubai,Volkswagen,Master Keywords!A6547,DIGI-TEC_SEO_Keyword_Universe_Dubai.xlsx,,RESEARCH KEYWORD,,,,,DSG maintenance,DSG maintenance,/services/transmission-repair-dubai,COVERED — SECTION,/services/transmission-repair-dubai,Generic transmission owner has DSG service; gearbox code determines fluid and interval,IMPROVE EXISTING OWNER,1 source observations; supporting owner: /brands/volkswagen-service-dubai/engine-diagnostics; query-only GSC does not establish ranking URL
mechatronic repair,mechatronic repair,Volkswagen,Master Keywords!A6548,DIGI-TEC_SEO_Keyword_Universe_Dubai.xlsx,,RESEARCH KEYWORD,,,,,DSG/transmission repair,DSG/transmission repair,/services/transmission-repair-dubai,COVERED — SECTION,/services/transmission-repair-dubai,Indexable generic transmission owner; Volkswagen transmission route remains noindex support,IMPROVE EXISTING OWNER,1 source observations; supporting owner: /brands/volkswagen-service-dubai/engine-diagnostics; query-only GSC does not establish ranking URL
mechatronic repair dubai,mechatronic repair dubai,Volkswagen,Master Keywords!A6549,DIGI-TEC_SEO_Keyword_Universe_Dubai.xlsx,,RESEARCH KEYWORD,,,,,DSG/transmission repair,DSG/transmission repair,/services/transmission-repair-dubai,COVERED — SECTION,/services/transmission-repair-dubai,Indexable generic transmission owner; Volkswagen transmission route remains noindex support,IMPROVE EXISTING OWNER,1 source observations; supporting owner: /brands/volkswagen-service-dubai/engine-diagnostics; query-only GSC does not establish ranking URL
vag diagnostics,vag diagnostic,Volkswagen,Master Keywords!A6550,DIGI-TEC_SEO_Keyword_Universe_Dubai.xlsx,,RESEARCH KEYWORD,,,,,Volkswagen diagnostics/EPC,Volkswagen diagnostics/EPC,/brands/volkswagen-service-dubai/engine-diagnostics,COVERED — PROBLEM,/brands/volkswagen-service-dubai/engine-diagnostics,Indexable VW diagnostic owner; code or warning does not identify a part,IMPROVE EXISTING OWNER,1 source observations; supporting owner: /services/mechanical-repair-dubai; query-only GSC does not establish ranking URL
vag diagnostics dubai,vag diagnostic dubai,Volkswagen,Master Keywords!A6551,DIGI-TEC_SEO_Keyword_Universe_Dubai.xlsx,,RESEARCH KEYWORD,,,,,Volkswagen diagnostics/EPC,Volkswagen diagnostics/EPC,/brands/volkswagen-service-dubai/engine-diagnostics,COVERED — PROBLEM,/brands/volkswagen-service-dubai/engine-diagnostics,Indexable VW diagnostic owner; code or warning does not identify a part,IMPROVE EXISTING OWNER,1 source observations; supporting owner: /services/mechanical-repair-dubai; query-only GSC does not establish ranking URL
volkswagen abs repair,volkswagen abs repair,Volkswagen,Master Keywords!A6532,DIGI-TEC_SEO_Keyword_Universe_Dubai.xlsx,,GENERATED TAXONOMY,,,,,Brakes,Brakes,/brands/volkswagen-service-dubai/brake-repair,COVERED — PRIMARY,/brands/volkswagen-service-dubai/brake-repair,Indexable Volkswagen service owner,IMPROVE EXISTING OWNER,1 source observations; supporting owner: /brands/volkswagen-service-dubai; query-only GSC does not establish ranking URL
volkswagen abs repair dubai,volkswagen abs repair dubai,Volkswagen,Master Keywords!A2151,DIGI-TEC_SEO_Keyword_Universe_Dubai.xlsx,,GENERATED TAXONOMY,,,,,Brakes,Brakes,/brands/volkswagen-service-dubai/brake-repair,COVERED — PRIMARY,/brands/volkswagen-service-dubai/brake-repair,Indexable Volkswagen service owner,IMPROVE EXISTING OWNER,1 source observations; supporting owner: /brands/volkswagen-service-dubai; query-only GSC does not establish ranking URL
volkswagen abs warning light,volkswagen abs warning light,Volkswagen,Master Keywords!A6533,DIGI-TEC_SEO_Keyword_Universe_Dubai.xlsx,,GENERATED TAXONOMY,,,,,Volkswagen diagnostics/EPC,Volkswagen diagnostics/EPC,/brands/volkswagen-service-dubai/engine-diagnostics,COVERED — PROBLEM,/brands/volkswagen-service-dubai/engine-diagnostics,Indexable VW diagnostic owner; code or warning does not identify a part,IMPROVE EXISTING OWNER,1 source observations; supporting owner: /services/mechanical-repair-dubai; query-only GSC does not establish ranking URL
volkswagen abs warning light dubai,volkswagen abs warning light dubai,Volkswagen,Master Keywords!A2152,DIGI-TEC_SEO_Keyword_Universe_Dubai.xlsx,,GENERATED TAXONOMY,,,,,Volkswagen diagnostics/EPC,Volkswagen diagnostics/EPC,/brands/volkswagen-service-dubai/engine-diagnostics,COVERED — PROBLEM,/brands/volkswagen-service-dubai/engine-diagnostics,Indexable VW diagnostic owner; code or warning does not identify a part,IMPROVE EXISTING OWNER,1 source observations; supporting owner: /services/mechanical-repair-dubai; query-only GSC does not establish ranking URL
volkswagen ac compressor replacement,volkswagen ac compressor replacement,Volkswagen,Master Keywords!A6501,DIGI-TEC_SEO_Keyword_Universe_Dubai.xlsx,,GENERATED TAXONOMY,,,,,AC,AC,/brands/volkswagen-service-dubai/ac-repair,COVERED — PRIMARY,/brands/volkswagen-service-dubai/ac-repair,Indexable Volkswagen service owner,IMPROVE EXISTING OWNER,1 source observations; supporting owner: /brands/volkswagen-service-dubai; query-only GSC does not establish ranking URL
volkswagen ac compressor replacement dubai,volkswagen ac compressor replacement dubai,Volkswagen,Master Keywords!A2138,DIGI-TEC_SEO_Keyword_Universe_Dubai.xlsx,,GENERATED TAXONOMY,,,,,AC,AC,/brands/volkswagen-service-dubai/ac-repair,COVERED — PRIMARY,/brands/volkswagen-service-dubai/ac-repair,Indexable Volkswagen service owner,IMPROVE EXISTING OWNER,1 source observations; supporting owner: /brands/volkswagen-service-dubai; query-only GSC does not establish ranking URL
volkswagen ac condenser replacement,volkswagen ac condenser replacement,Volkswagen,Master Keywords!A6502,DIGI-TEC_SEO_Keyword_Universe_Dubai.xlsx,,GENERATED TAXONOMY,,,,,AC,AC,/brands/volkswagen-service-dubai/ac-repair,COVERED — PRIMARY,/brands/volkswagen-service-dubai/ac-repair,Indexable Volkswagen service owner,IMPROVE EXISTING OWNER,1 source observations; supporting owner: /brands/volkswagen-service-dubai; query-only GSC does not establish ranking URL
volkswagen ac condenser replacement dubai,volkswagen ac condenser replacement dubai,Volkswagen,Master Keywords!A2139,DIGI-TEC_SEO_Keyword_Universe_Dubai.xlsx,,GENERATED TAXONOMY,,,,,AC,AC,/brands/volkswagen-service-dubai/ac-repair,COVERED — PRIMARY,/brands/volkswagen-service-dubai/ac-repair,Indexable Volkswagen service owner,IMPROVE EXISTING OWNER,1 source observations; supporting owner: /brands/volkswagen-service-dubai; query-only GSC does not establish ranking URL
volkswagen ac gas refill,volkswagen ac gas refill,Volkswagen,Master Keywords!A6503,DIGI-TEC_SEO_Keyword_Universe_Dubai.xlsx,,GENERATED TAXONOMY,,,,,AC,AC,/brands/volkswagen-service-dubai/ac-repair,COVERED — PRIMARY,/brands/volkswagen-service-dubai/ac-repair,Indexable Volkswagen service owner,IMPROVE EXISTING OWNER,1 source observations; supporting owner: /brands/volkswagen-service-dubai; query-only GSC does not establish ranking URL
volkswagen ac gas refill dubai,volkswagen ac gas refill dubai,Volkswagen,Master Keywords!A2140,DIGI-TEC_SEO_Keyword_Universe_Dubai.xlsx,,GENERATED TAXONOMY,,,,,AC,AC,/brands/volkswagen-service-dubai/ac-repair,COVERED — PRIMARY,/brands/volkswagen-service-dubai/ac-repair,Indexable Volkswagen service owner,IMPROVE EXISTING OWNER,1 source observations; supporting owner: /brands/volkswagen-service-dubai; query-only GSC does not establish ranking URL
volkswagen ac leak repair,volkswagen ac leak repair,Volkswagen,Master Keywords!A6504,DIGI-TEC_SEO_Keyword_Universe_Dubai.xlsx,,GENERATED TAXONOMY,,,,,AC,AC,/brands/volkswagen-service-dubai/ac-repair,COVERED — PRIMARY,/brands/volkswagen-service-dubai/ac-repair,Indexable Volkswagen service owner,IMPROVE EXISTING OWNER,1 source observations; supporting owner: /brands/volkswagen-service-dubai; query-only GSC does not establish ranking URL
volkswagen ac leak repair dubai,volkswagen ac leak repair dubai,Volkswagen,Master Keywords!A2141,DIGI-TEC_SEO_Keyword_Universe_Dubai.xlsx,,GENERATED TAXONOMY,,,,,AC,AC,/brands/volkswagen-service-dubai/ac-repair,COVERED — PRIMARY,/brands/volkswagen-service-dubai/ac-repair,Indexable Volkswagen service owner,IMPROVE EXISTING OWNER,1 source observations; supporting owner: /brands/volkswagen-service-dubai; query-only GSC does not establish ranking URL
volkswagen ac not cooling,volkswagen ac not cooling,Volkswagen,Master Keywords!A6505,DIGI-TEC_SEO_Keyword_Universe_Dubai.xlsx,,GENERATED TAXONOMY,,,,,AC,AC,/brands/volkswagen-service-dubai/ac-repair,COVERED — PRIMARY,/brands/volkswagen-service-dubai/ac-repair,Indexable Volkswagen service owner,IMPROVE EXISTING OWNER,1 source observations; supporting owner: /brands/volkswagen-service-dubai; query-only GSC does not establish ranking URL
volkswagen ac not cooling dubai,volkswagen ac not cooling dubai,Volkswagen,Master Keywords!A2142,DIGI-TEC_SEO_Keyword_Universe_Dubai.xlsx,,GENERATED TAXONOMY,,,,,AC,AC,/brands/volkswagen-service-dubai/ac-repair,COVERED — PRIMARY,/brands/volkswagen-service-dubai/ac-repair,Indexable Volkswagen service owner,IMPROVE EXISTING OWNER,1 source observations; supporting owner: /brands/volkswagen-service-dubai; query-only GSC does not establish ranking URL
volkswagen ac repair,volkswagen ac repair,Volkswagen,Queries!A472,digitecme.com-Performance-on-Search-2026-09-27.xlsx,2026-04-12 to 2026-09-25,MEASURED ORIGINAL GSC,0.0,48.0,0.0,16.38,AC,AC,/brands/volkswagen-service-dubai/ac-repair,COVERED — PRIMARY,/brands/volkswagen-service-dubai/ac-repair,Indexable Volkswagen service owner,IMPROVE EXISTING OWNER,9 source observations; supporting owner: /brands/volkswagen-service-dubai; query-only GSC does not establish ranking URL
volkswagen ac repair dubai,volkswagen ac repair dubai,Volkswagen,Queries!A559,digitecme.com-Performance-on-Search-2026-09-05.xlsx,2026-08-06 to 2026-09-02,MEASURED ORIGINAL GSC,0.0,9.0,0.0,12.22,AC,AC,/brands/volkswagen-service-dubai/ac-repair,COVERED — PRIMARY,/brands/volkswagen-service-dubai/ac-repair,Indexable Volkswagen service owner,IMPROVE EXISTING OWNER,7 source observations; supporting owner: /brands/volkswagen-service-dubai; query-only GSC does not establish ranking URL
volkswagen ac repair near me,volkswagen ac repair near me,Volkswagen,Master Keywords!A6506,DIGI-TEC_SEO_Keyword_Universe_Dubai.xlsx,,GENERATED TAXONOMY,,,,,AC,AC,/brands/volkswagen-service-dubai/ac-repair,COVERED — PRIMARY,/brands/volkswagen-service-dubai/ac-repair,Indexable Volkswagen service owner,IMPROVE EXISTING OWNER,1 source observations; supporting owner: /brands/volkswagen-service-dubai; query-only GSC does not establish ranking URL
volkswagen accident repair,volkswagen accident repair,Volkswagen,Master Keywords!A6514,DIGI-TEC_SEO_Keyword_Universe_Dubai.xlsx,,GENERATED TAXONOMY,,,,,Broad Volkswagen service,Broad Volkswagen service,/brands/volkswagen-service-dubai,COVERED — PRIMARY,/brands/volkswagen-service-dubai,Existing hub owns broad service and repair discovery,IMPROVE EXISTING OWNER,1 source observations; supporting owner: ; query-only GSC does not establish ranking URL
volkswagen accident repair dubai,volkswagen accident repair dubai,Volkswagen,Master Keywords!A6515,DIGI-TEC_SEO_Keyword_Universe_Dubai.xlsx,,GENERATED TAXONOMY,,,,,Broad Volkswagen service,Broad Volkswagen service,/brands/volkswagen-service-dubai,COVERED — PRIMARY,/brands/volkswagen-service-dubai,Existing hub owns broad service and repair discovery,IMPROVE EXISTING OWNER,1 source observations; supporting owner: ; query-only GSC does not establish ranking URL
volkswagen air conditioning repair,volkswagen air conditioning repair,Volkswagen,Master Keywords!A6507,DIGI-TEC_SEO_Keyword_Universe_Dubai.xlsx,,GENERATED TAXONOMY,,,,,AC,AC,/brands/volkswagen-service-dubai/ac-repair,COVERED — PRIMARY,/brands/volkswagen-service-dubai/ac-repair,Indexable Volkswagen service owner,IMPROVE EXISTING OWNER,1 source observations; supporting owner: /brands/volkswagen-service-dubai; query-only GSC does not establish ranking URL
volkswagen air conditioning repair dubai,volkswagen air conditioning repair dubai,Volkswagen,Master Keywords!A2144,DIGI-TEC_SEO_Keyword_Universe_Dubai.xlsx,,GENERATED TAXONOMY,,,,,AC,AC,/brands/volkswagen-service-dubai/ac-repair,COVERED — PRIMARY,/brands/volkswagen-service-dubai/ac-repair,Indexable Volkswagen service owner,IMPROVE EXISTING OWNER,1 source observations; supporting owner: /brands/volkswagen-service-dubai; query-only GSC does not establish ranking URL
volkswagen air filter replacement,volkswagen air filter replacement,Volkswagen,Master Keywords!A6718,DIGI-TEC_SEO_Keyword_Universe_Dubai.xlsx,,GENERATED TAXONOMY,,,,,Broad Volkswagen service,Broad Volkswagen service,/brands/volkswagen-service-dubai,COVERED — PRIMARY,/brands/volkswagen-service-dubai,Existing hub owns broad service and repair discovery,IMPROVE EXISTING OWNER,1 source observations; supporting owner: ; query-only GSC does not establish ranking URL
volkswagen air filter replacement dubai,volkswagen air filter replacement dubai,Volkswagen,Master Keywords!A6719,DIGI-TEC_SEO_Keyword_Universe_Dubai.xlsx,,GENERATED TAXONOMY,,,,,Broad Volkswagen service,Broad Volkswagen service,/brands/volkswagen-service-dubai,COVERED — PRIMARY,/brands/volkswagen-service-dubai,Existing hub owns broad service and repair discovery,IMPROVE EXISTING OWNER,1 source observations; supporting owner: ; query-only GSC does not establish ranking URL
volkswagen air suspension compressor replacement,volkswagen air suspension compressor replacement,Volkswagen,Master Keywords!A6751,DIGI-TEC_SEO_Keyword_Universe_Dubai.xlsx,,GENERATED TAXONOMY,,,,,Suspension/steering,Suspension/steering,/services/suspension-repair-dubai,COVERED — SECONDARY,/services/suspension-repair-dubai,Existing Volkswagen service route remains intentionally noindex; indexable generic or hub owner,RETAIN EXISTING OWNER,1 source observations; supporting owner: /brands/volkswagen-service-dubai/suspension-repair; query-only GSC does not establish ranking URL
volkswagen air suspension compressor replacement dubai,volkswagen air suspension compressor replacement dubai,Volkswagen,Master Keywords!A2203,DIGI-TEC_SEO_Keyword_Universe_Dubai.xlsx,,GENERATED TAXONOMY,,,,,Suspension/steering,Suspension/steering,/services/suspension-repair-dubai,COVERED — SECONDARY,/services/suspension-repair-dubai,Existing Volkswagen service route remains intentionally noindex; indexable generic or hub owner,RETAIN EXISTING OWNER,1 source observations; supporting owner: /brands/volkswagen-service-dubai/suspension-repair; query-only GSC does not establish ranking URL
volkswagen air suspension repair,volkswagen air suspension repair,Volkswagen,Master Keywords!A6752,DIGI-TEC_SEO_Keyword_Universe_Dubai.xlsx,,GENERATED TAXONOMY,,,,,Suspension/steering,Suspension/steering,/services/suspension-repair-dubai,COVERED — SECONDARY,/services/suspension-repair-dubai,Existing Volkswagen service route remains intentionally noindex; indexable generic or hub owner,RETAIN EXISTING OWNER,1 source observations; supporting owner: /brands/volkswagen-service-dubai/suspension-repair; query-only GSC does not establish ranking URL
volkswagen air suspension repair dubai,volkswagen air suspension repair dubai,Volkswagen,Master Keywords!A2204,DIGI-TEC_SEO_Keyword_Universe_Dubai.xlsx,,GENERATED TAXONOMY,,,,,Suspension/steering,Suspension/steering,/services/suspension-repair-dubai,COVERED — SECONDARY,/services/suspension-repair-dubai,Existing Volkswagen service route remains intentionally noindex; indexable generic or hub owner,RETAIN EXISTING OWNER,1 source observations; supporting owner: /brands/volkswagen-service-dubai/suspension-repair; query-only GSC does not establish ranking URL
volkswagen alternator repair,volkswagen alternator repair,Volkswagen,Master Keywords!A6580,DIGI-TEC_SEO_Keyword_Universe_Dubai.xlsx,,GENERATED TAXONOMY,,,,,Broad Volkswagen service,Broad Volkswagen service,/brands/volkswagen-service-dubai,COVERED — PRIMARY,/brands/volkswagen-service-dubai,Existing hub owns broad service and repair discovery,IMPROVE EXISTING OWNER,1 source observations; supporting owner: ; query-only GSC does not establish ranking URL
volkswagen alternator repair dubai,volkswagen alternator repair dubai,Volkswagen,Master Keywords!A2169,DIGI-TEC_SEO_Keyword_Universe_Dubai.xlsx,,GENERATED TAXONOMY,,,,,Broad Volkswagen service,Broad Volkswagen service,/brands/volkswagen-service-dubai,COVERED — PRIMARY,/brands/volkswagen-service-dubai,Existing hub owns broad service and repair discovery,IMPROVE EXISTING OWNER,1 source observations; supporting owner: ; query-only GSC does not establish ranking URL
volkswagen alternator replacement,volkswagen alternator replacement,Volkswagen,Master Keywords!A6581,DIGI-TEC_SEO_Keyword_Universe_Dubai.xlsx,,GENERATED TAXONOMY,,,,,Broad Volkswagen service,Broad Volkswagen service,/brands/volkswagen-service-dubai,COVERED — PRIMARY,/brands/volkswagen-service-dubai,Existing hub owns broad service and repair discovery,IMPROVE EXISTING OWNER,1 source observations; supporting owner: ; query-only GSC does not establish ranking URL
volkswagen alternator replacement dubai,volkswagen alternator replacement dubai,Volkswagen,Master Keywords!A2170,DIGI-TEC_SEO_Keyword_Universe_Dubai.xlsx,,GENERATED TAXONOMY,,,,,Broad Volkswagen service,Broad Volkswagen service,/brands/volkswagen-service-dubai,COVERED — PRIMARY,/brands/volkswagen-service-dubai,Existing hub owns broad service and repair discovery,IMPROVE EXISTING OWNER,1 source observations; supporting owner: ; query-only GSC does not establish ranking URL
volkswagen android auto upgrade,volkswagen android auto upgrade,Volkswagen,Master Keywords!A6640,DIGI-TEC_SEO_Keyword_Universe_Dubai.xlsx,,GENERATED TAXONOMY,,,,,Broad Volkswagen service,Broad Volkswagen service,/brands/volkswagen-service-dubai,COVERED — PRIMARY,/brands/volkswagen-service-dubai,Existing hub owns broad service and repair discovery,IMPROVE EXISTING OWNER,1 source observations; supporting owner: ; query-only GSC does not establish ranking URL
volkswagen android auto upgrade dubai,volkswagen android auto upgrade dubai,Volkswagen,Master Keywords!A6641,DIGI-TEC_SEO_Keyword_Universe_Dubai.xlsx,,GENERATED TAXONOMY,,,,,Broad Volkswagen service,Broad Volkswagen service,/brands/volkswagen-service-dubai,COVERED — PRIMARY,/brands/volkswagen-service-dubai,Existing hub owns broad service and repair discovery,IMPROVE EXISTING OWNER,1 source observations; supporting owner: ; query-only GSC does not establish ranking URL
volkswagen apple carplay upgrade,volkswagen apple carplay upgrade,Volkswagen,Master Keywords!A6642,DIGI-TEC_SEO_Keyword_Universe_Dubai.xlsx,,GENERATED TAXONOMY,,,,,Broad Volkswagen service,Broad Volkswagen service,/brands/volkswagen-service-dubai,COVERED — PRIMARY,/brands/volkswagen-service-dubai,Existing hub owns broad service and repair discovery,IMPROVE EXISTING OWNER,1 source observations; supporting owner: ; query-only GSC does not establish ranking URL
volkswagen apple carplay upgrade dubai,volkswagen apple carplay upgrade dubai,Volkswagen,Master Keywords!A6643,DIGI-TEC_SEO_Keyword_Universe_Dubai.xlsx,,GENERATED TAXONOMY,,,,,Broad Volkswagen service,Broad Volkswagen service,/brands/volkswagen-service-dubai,COVERED — PRIMARY,/brands/volkswagen-service-dubai,Existing hub owns broad service and repair discovery,IMPROVE EXISTING OWNER,1 source observations; supporting owner: ; query-only GSC does not establish ranking URL
volkswagen battery drain repair,volkswagen battery drain repair,Volkswagen,Master Keywords!A6582,DIGI-TEC_SEO_Keyword_Universe_Dubai.xlsx,,GENERATED TAXONOMY,,,,,Low-voltage battery/no-start,Low-voltage battery/no-start,/services/battery-replacement-dubai,COVERED — SECONDARY,/services/battery-replacement-dubai,Existing Volkswagen service route remains intentionally noindex; indexable generic or hub owner,RETAIN EXISTING OWNER,1 source observations; supporting owner: /brands/volkswagen-service-dubai/battery-replacement; query-only GSC does not establish ranking URL
volkswagen battery drain repair dubai,volkswagen battery drain repair dubai,Volkswagen,Master Keywords!A2171,DIGI-TEC_SEO_Keyword_Universe_Dubai.xlsx,,GENERATED TAXONOMY,,,,,Low-voltage battery/no-start,Low-voltage battery/no-start,/services/battery-replacement-dubai,COVERED — SECONDARY,/services/battery-replacement-dubai,Existing Volkswagen service route remains intentionally noindex; indexable generic or hub owner,RETAIN EXISTING OWNER,1 source observations; supporting owner: /brands/volkswagen-service-dubai/battery-replacement; query-only GSC does not establish ranking URL
volkswagen battery maintenance,volkswagen battery maintenance,Volkswagen,Queries!A725,digitecme.com-Performance-on-Search-2026-09-18.xlsx,2026-09-09 to 2026-09-15,MEASURED ORIGINAL GSC,0.0,2.0,0.0,14.5,Low-voltage battery/no-start,Low-voltage battery/no-start,/services/battery-replacement-dubai,COVERED — SECONDARY,/services/battery-replacement-dubai,Existing Volkswagen service route remains intentionally noindex; indexable generic or hub owner,RETAIN EXISTING OWNER,1 source observations; supporting owner: /brands/volkswagen-service-dubai/battery-replacement; query-only GSC does not establish ranking URL
volkswagen battery replacement,volkswagen battery replacement,Volkswagen,Master Keywords!A6583,DIGI-TEC_SEO_Keyword_Universe_Dubai.xlsx,,GENERATED TAXONOMY,,,,,Low-voltage battery/no-start,Low-voltage battery/no-start,/services/battery-replacement-dubai,COVERED — SECONDARY,/services/battery-replacement-dubai,Existing Volkswagen service route remains intentionally noindex; indexable generic or hub owner,RETAIN EXISTING OWNER,1 source observations; supporting owner: /brands/volkswagen-service-dubai/battery-replacement; query-only GSC does not establish ranking URL
volkswagen battery replacement dubai,volkswagen battery replacement dubai,Volkswagen,Master Keywords!A2172,DIGI-TEC_SEO_Keyword_Universe_Dubai.xlsx,,GENERATED TAXONOMY,,,,,Low-voltage battery/no-start,Low-voltage battery/no-start,/services/battery-replacement-dubai,COVERED — SECONDARY,/services/battery-replacement-dubai,Existing Volkswagen service route remains intentionally noindex; indexable generic or hub owner,RETAIN EXISTING OWNER,1 source observations; supporting owner: /brands/volkswagen-service-dubai/battery-replacement; query-only GSC does not establish ranking URL
volkswagen battery replacement near me,volkswagen battery replacement near me,Volkswagen,Master Keywords!A6584,DIGI-TEC_SEO_Keyword_Universe_Dubai.xlsx,,GENERATED TAXONOMY,,,,,Low-voltage battery/no-start,Low-voltage battery/no-start,/services/battery-replacement-dubai,COVERED — SECONDARY,/services/battery-replacement-dubai,Existing Volkswagen service route remains intentionally noindex; indexable generic or hub owner,RETAIN EXISTING OWNER,1 source observations; supporting owner: /brands/volkswagen-service-dubai/battery-replacement; query-only GSC does not establish ranking URL
volkswagen body repair,volkswagen body repair,Volkswagen,Master Keywords!A6516,DIGI-TEC_SEO_Keyword_Universe_Dubai.xlsx,,GENERATED TAXONOMY,,,,,Body repair,Body repair,/services/car-body-repair-dubai,COVERED — SECONDARY,/services/car-body-repair-dubai,Existing Volkswagen service route remains intentionally noindex; indexable generic or hub owner,RETAIN EXISTING OWNER,1 source observations; supporting owner: /brands/volkswagen-service-dubai/body-repair; query-only GSC does not establish ranking URL
volkswagen body repair dubai,volkswagen body repair dubai,Volkswagen,Master Keywords!A6517,DIGI-TEC_SEO_Keyword_Universe_Dubai.xlsx,,GENERATED TAXONOMY,,,,,Body repair,Body repair,/services/car-body-repair-dubai,COVERED — SECONDARY,/services/car-body-repair-dubai,Existing Volkswagen service route remains intentionally noindex; indexable generic or hub owner,RETAIN EXISTING OWNER,1 source observations; supporting owner: /brands/volkswagen-service-dubai/body-repair; query-only GSC does not establish ranking URL
volkswagen body shop,volkswagen body shop,Volkswagen,Master Keywords!A6518,DIGI-TEC_SEO_Keyword_Universe_Dubai.xlsx,,GENERATED TAXONOMY,,,,,Body repair,Body repair,/services/car-body-repair-dubai,COVERED — SECONDARY,/services/car-body-repair-dubai,Existing Volkswagen service route remains intentionally noindex; indexable generic or hub owner,RETAIN EXISTING OWNER,1 source observations; supporting owner: /brands/volkswagen-service-dubai/body-repair; query-only GSC does not establish ranking URL
volkswagen body shop dubai,volkswagen body shop dubai,Volkswagen,Master Keywords!A6519,DIGI-TEC_SEO_Keyword_Universe_Dubai.xlsx,,GENERATED TAXONOMY,,,,,Body repair,Body repair,/services/car-body-repair-dubai,COVERED — SECONDARY,/services/car-body-repair-dubai,Existing Volkswagen service route remains intentionally noindex; indexable generic or hub owner,RETAIN EXISTING OWNER,1 source observations; supporting owner: /brands/volkswagen-service-dubai/body-repair; query-only GSC does not establish ranking URL
volkswagen boot repair,volkswagen boot repair,Volkswagen,Master Keywords!A6554,DIGI-TEC_SEO_Keyword_Universe_Dubai.xlsx,,GENERATED TAXONOMY,,,,,Broad Volkswagen service,Broad Volkswagen service,/brands/volkswagen-service-dubai,COVERED — PRIMARY,/brands/volkswagen-service-dubai,Existing hub owns broad service and repair discovery,IMPROVE EXISTING OWNER,1 source observations; supporting owner: ; query-only GSC does not establish ranking URL
volkswagen boot repair dubai,volkswagen boot repair dubai,Volkswagen,Master Keywords!A6555,DIGI-TEC_SEO_Keyword_Universe_Dubai.xlsx,,GENERATED TAXONOMY,,,,,Broad Volkswagen service,Broad Volkswagen service,/brands/volkswagen-service-dubai,COVERED — PRIMARY,/brands/volkswagen-service-dubai,Existing hub owns broad service and repair discovery,IMPROVE EXISTING OWNER,1 source observations; supporting owner: ; query-only GSC does not establish ranking URL
volkswagen brake disc replacement,volkswagen brake disc replacement,Volkswagen,Master Keywords!A6534,DIGI-TEC_SEO_Keyword_Universe_Dubai.xlsx,,GENERATED TAXONOMY,,,,,Brakes,Brakes,/brands/volkswagen-service-dubai/brake-repair,COVERED — PRIMARY,/brands/volkswagen-service-dubai/brake-repair,Indexable Volkswagen service owner,IMPROVE EXISTING OWNER,1 source observations; supporting owner: /brands/volkswagen-service-dubai; query-only GSC does not establish ranking URL
volkswagen brake disc replacement dubai,volkswagen brake disc replacement dubai,Volkswagen,Master Keywords!A2153,DIGI-TEC_SEO_Keyword_Universe_Dubai.xlsx,,GENERATED TAXONOMY,,,,,Brakes,Brakes,/brands/volkswagen-service-dubai/brake-repair,COVERED — PRIMARY,/brands/volkswagen-service-dubai/brake-repair,Indexable Volkswagen service owner,IMPROVE EXISTING OWNER,1 source observations; supporting owner: /brands/volkswagen-service-dubai; query-only GSC does not establish ranking URL
volkswagen brake fluid change,volkswagen brake fluid change,Volkswagen,Master Keywords!A6535,DIGI-TEC_SEO_Keyword_Universe_Dubai.xlsx,,GENERATED TAXONOMY,,,,,Brakes,Brakes,/brands/volkswagen-service-dubai/brake-repair,COVERED — PRIMARY,/brands/volkswagen-service-dubai/brake-repair,Indexable Volkswagen service owner,IMPROVE EXISTING OWNER,1 source observations; supporting owner: /brands/volkswagen-service-dubai; query-only GSC does not establish ranking URL
volkswagen brake fluid change dubai,volkswagen brake fluid change dubai,Volkswagen,Master Keywords!A2154,DIGI-TEC_SEO_Keyword_Universe_Dubai.xlsx,,GENERATED TAXONOMY,,,,,Brakes,Brakes,/brands/volkswagen-service-dubai/brake-repair,COVERED — PRIMARY,/brands/volkswagen-service-dubai/brake-repair,Indexable Volkswagen service owner,IMPROVE EXISTING OWNER,1 source observations; supporting owner: /brands/volkswagen-service-dubai; query-only GSC does not establish ranking URL
volkswagen brake pad replacement,volkswagen brake pad replacement,Volkswagen,Master Keywords!A6536,DIGI-TEC_SEO_Keyword_Universe_Dubai.xlsx,,GENERATED TAXONOMY,,,,,Brakes,Brakes,/brands/volkswagen-service-dubai/brake-repair,COVERED — PRIMARY,/brands/volkswagen-service-dubai/brake-repair,Indexable Volkswagen service owner,IMPROVE EXISTING OWNER,1 source observations; supporting owner: /brands/volkswagen-service-dubai; query-only GSC does not establish ranking URL
volkswagen brake pad replacement dubai,volkswagen brake pad replacement dubai,Volkswagen,Master Keywords!A2155,DIGI-TEC_SEO_Keyword_Universe_Dubai.xlsx,,GENERATED TAXONOMY,,,,,Brakes,Brakes,/brands/volkswagen-service-dubai/brake-repair,COVERED — PRIMARY,/brands/volkswagen-service-dubai/brake-repair,Indexable Volkswagen service owner,IMPROVE EXISTING OWNER,1 source observations; supporting owner: /brands/volkswagen-service-dubai; query-only GSC does not establish ranking URL
volkswagen brake repair,volkswagen brake repair,Volkswagen,Queries!A424,digitecme.com-Performance-on-Search-2026-09-27.xlsx,2026-04-12 to 2026-09-25,MEASURED ORIGINAL GSC,0.0,57.0,0.0,44.75,Brakes,Brakes,/brands/volkswagen-service-dubai/brake-repair,COVERED — PRIMARY,/brands/volkswagen-service-dubai/brake-repair,Indexable Volkswagen service owner,IMPROVE EXISTING OWNER,9 source observations; supporting owner: /brands/volkswagen-service-dubai; query-only GSC does not establish ranking URL
volkswagen brake repair dubai,volkswagen brake repair dubai,Volkswagen,Master Keywords!A2156,DIGI-TEC_SEO_Keyword_Universe_Dubai.xlsx,,GENERATED TAXONOMY,,,,,Brakes,Brakes,/brands/volkswagen-service-dubai/brake-repair,COVERED — PRIMARY,/brands/volkswagen-service-dubai/brake-repair,Indexable Volkswagen service owner,IMPROVE EXISTING OWNER,1 source observations; supporting owner: /brands/volkswagen-service-dubai; query-only GSC does not establish ranking URL
volkswagen brake repair near me,volkswagen brake repair near me,Volkswagen,Master Keywords!A6537,DIGI-TEC_SEO_Keyword_Universe_Dubai.xlsx,,GENERATED TAXONOMY,,,,,Brakes,Brakes,/brands/volkswagen-service-dubai/brake-repair,COVERED — PRIMARY,/brands/volkswagen-service-dubai/brake-repair,Indexable Volkswagen service owner,IMPROVE EXISTING OWNER,1 source observations; supporting owner: /brands/volkswagen-service-dubai; query-only GSC does not establish ranking URL
volkswagen brake rotor replacement,volkswagen brake rotor replacement,Volkswagen,Master Keywords!A6538,DIGI-TEC_SEO_Keyword_Universe_Dubai.xlsx,,GENERATED TAXONOMY,,,,,Brakes,Brakes,/brands/volkswagen-service-dubai/brake-repair,COVERED — PRIMARY,/brands/volkswagen-service-dubai/brake-repair,Indexable Volkswagen service owner,IMPROVE EXISTING OWNER,1 source observations; supporting owner: /brands/volkswagen-service-dubai; query-only GSC does not establish ranking URL
volkswagen brake rotor replacement dubai,volkswagen brake rotor replacement dubai,Volkswagen,Master Keywords!A2157,DIGI-TEC_SEO_Keyword_Universe_Dubai.xlsx,,GENERATED TAXONOMY,,,,,Brakes,Brakes,/brands/volkswagen-service-dubai/brake-repair,COVERED — PRIMARY,/brands/volkswagen-service-dubai/brake-repair,Indexable Volkswagen service owner,IMPROVE EXISTING OWNER,1 source observations; supporting owner: /brands/volkswagen-service-dubai; query-only GSC does not establish ranking URL
volkswagen brake service,volkswagen brake service,Volkswagen,Master Keywords!A6539,DIGI-TEC_SEO_Keyword_Universe_Dubai.xlsx,,GENERATED TAXONOMY,,,,,Brakes,Brakes,/brands/volkswagen-service-dubai/brake-repair,COVERED — PRIMARY,/brands/volkswagen-service-dubai/brake-repair,Indexable Volkswagen service owner,IMPROVE EXISTING OWNER,1 source observations; supporting owner: /brands/volkswagen-service-dubai; query-only GSC does not establish ranking URL
volkswagen brake service dubai,volkswagen brake service dubai,Volkswagen,Master Keywords!A2158,DIGI-TEC_SEO_Keyword_Universe_Dubai.xlsx,,GENERATED TAXONOMY,,,,,Brakes,Brakes,/brands/volkswagen-service-dubai/brake-repair,COVERED — PRIMARY,/brands/volkswagen-service-dubai/brake-repair,Indexable Volkswagen service owner,IMPROVE EXISTING OWNER,1 source observations; supporting owner: /brands/volkswagen-service-dubai; query-only GSC does not establish ranking URL
volkswagen brake squeaking repair,volkswagen brake squeaking repair,Volkswagen,Master Keywords!A6540,DIGI-TEC_SEO_Keyword_Universe_Dubai.xlsx,,GENERATED TAXONOMY,,,,,Brakes,Brakes,/brands/volkswagen-service-dubai/brake-repair,COVERED — PRIMARY,/brands/volkswagen-service-dubai/brake-repair,Indexable Volkswagen service owner,IMPROVE EXISTING OWNER,1 source observations; supporting owner: /brands/volkswagen-service-dubai; query-only GSC does not establish ranking URL
volkswagen brake squeaking repair dubai,volkswagen brake squeaking repair dubai,Volkswagen,Master Keywords!A2159,DIGI-TEC_SEO_Keyword_Universe_Dubai.xlsx,,GENERATED TAXONOMY,,,,,Brakes,Brakes,/brands/volkswagen-service-dubai/brake-repair,COVERED — PRIMARY,/brands/volkswagen-service-dubai/brake-repair,Indexable Volkswagen service owner,IMPROVE EXISTING OWNER,1 source observations; supporting owner: /brands/volkswagen-service-dubai; query-only GSC does not establish ranking URL
volkswagen brake vibration repair,volkswagen brake vibration repair,Volkswagen,Master Keywords!A6541,DIGI-TEC_SEO_Keyword_Universe_Dubai.xlsx,,GENERATED TAXONOMY,,,,,Brakes,Brakes,/brands/volkswagen-service-dubai/brake-repair,COVERED — PRIMARY,/brands/volkswagen-service-dubai/brake-repair,Indexable Volkswagen service owner,IMPROVE EXISTING OWNER,1 source observations; supporting owner: /brands/volkswagen-service-dubai; query-only GSC does not establish ranking URL
volkswagen brake vibration repair dubai,volkswagen brake vibration repair dubai,Volkswagen,Master Keywords!A2160,DIGI-TEC_SEO_Keyword_Universe_Dubai.xlsx,,GENERATED TAXONOMY,,,,,Brakes,Brakes,/brands/volkswagen-service-dubai/brake-repair,COVERED — PRIMARY,/brands/volkswagen-service-dubai/brake-repair,Indexable Volkswagen service owner,IMPROVE EXISTING OWNER,1 source observations; supporting owner: /brands/volkswagen-service-dubai; query-only GSC does not establish ranking URL
volkswagen bumper repair,volkswagen bumper repair,Volkswagen,Master Keywords!A6520,DIGI-TEC_SEO_Keyword_Universe_Dubai.xlsx,,GENERATED TAXONOMY,,,,,Body repair,Body repair,/services/car-body-repair-dubai,COVERED — SECONDARY,/services/car-body-repair-dubai,Existing Volkswagen service route remains intentionally noindex; indexable generic or hub owner,RETAIN EXISTING OWNER,1 source observations; supporting owner: /brands/volkswagen-service-dubai/body-repair; query-only GSC does not establish ranking URL
volkswagen bumper repair dubai,volkswagen bumper repair dubai,Volkswagen,Master Keywords!A6521,DIGI-TEC_SEO_Keyword_Universe_Dubai.xlsx,,GENERATED TAXONOMY,,,,,Body repair,Body repair,/services/car-body-repair-dubai,COVERED — SECONDARY,/services/car-body-repair-dubai,Existing Volkswagen service route remains intentionally noindex; indexable generic or hub owner,RETAIN EXISTING OWNER,1 source observations; supporting owner: /brands/volkswagen-service-dubai/body-repair; query-only GSC does not establish ranking URL
volkswagen bushing replacement,volkswagen bushing replacement,Volkswagen,Master Keywords!A6753,DIGI-TEC_SEO_Keyword_Universe_Dubai.xlsx,,GENERATED TAXONOMY,,,,,Suspension/steering,Suspension/steering,/services/suspension-repair-dubai,COVERED — SECONDARY,/services/suspension-repair-dubai,Existing Volkswagen service route remains intentionally noindex; indexable generic or hub owner,RETAIN EXISTING OWNER,1 source observations; supporting owner: /brands/volkswagen-service-dubai/suspension-repair; query-only GSC does not establish ranking URL
volkswagen bushing replacement dubai,volkswagen bushing replacement dubai,Volkswagen,Master Keywords!A2205,DIGI-TEC_SEO_Keyword_Universe_Dubai.xlsx,,GENERATED TAXONOMY,,,,,Suspension/steering,Suspension/steering,/services/suspension-repair-dubai,COVERED — SECONDARY,/services/suspension-repair-dubai,Existing Volkswagen service route remains intentionally noindex; indexable generic or hub owner,RETAIN EXISTING OWNER,1 source observations; supporting owner: /brands/volkswagen-service-dubai/suspension-repair; query-only GSC does not establish ranking URL
volkswagen cabin filter replacement,volkswagen cabin filter replacement,Volkswagen,Master Keywords!A6720,DIGI-TEC_SEO_Keyword_Universe_Dubai.xlsx,,GENERATED TAXONOMY,,,,,Broad Volkswagen service,Broad Volkswagen service,/brands/volkswagen-service-dubai,COVERED — PRIMARY,/brands/volkswagen-service-dubai,Existing hub owns broad service and repair discovery,IMPROVE EXISTING OWNER,1 source observations; supporting owner: ; query-only GSC does not establish ranking URL
volkswagen cabin filter replacement dubai,volkswagen cabin filter replacement dubai,Volkswagen,Master Keywords!A6721,DIGI-TEC_SEO_Keyword_Universe_Dubai.xlsx,,GENERATED TAXONOMY,,,,,Broad Volkswagen service,Broad Volkswagen service,/brands/volkswagen-service-dubai,COVERED — PRIMARY,/brands/volkswagen-service-dubai,Existing hub owns broad service and repair discovery,IMPROVE EXISTING OWNER,1 source observations; supporting owner: ; query-only GSC does not establish ranking URL
volkswagen camera not working,volkswagen camera not working,Volkswagen,Master Keywords!A6644,DIGI-TEC_SEO_Keyword_Universe_Dubai.xlsx,,GENERATED TAXONOMY,,,,,Electrical/infotainment,Electrical/infotainment,/services/auto-electrical-repair-dubai,COVERED — SECONDARY,/services/auto-electrical-repair-dubai,Existing Volkswagen service route remains intentionally noindex; indexable generic or hub owner,RETAIN EXISTING OWNER,1 source observations; supporting owner: /brands/volkswagen-service-dubai/electrical-repair; query-only GSC does not establish ranking URL
volkswagen camera not working dubai,volkswagen camera not working dubai,Volkswagen,Master Keywords!A6645,DIGI-TEC_SEO_Keyword_Universe_Dubai.xlsx,,GENERATED TAXONOMY,,,,,Electrical/infotainment,Electrical/infotainment,/services/auto-electrical-repair-dubai,COVERED — SECONDARY,/services/auto-electrical-repair-dubai,Existing Volkswagen service route remains intentionally noindex; indexable generic or hub owner,RETAIN EXISTING OWNER,1 source observations; supporting owner: /brands/volkswagen-service-dubai/electrical-repair; query-only GSC does not establish ranking URL
volkswagen car battery,volkswagen car battery,Volkswagen,Queries!A873,digitecme.com-Performance-on-Search-2026-09-08 (2) (1).xlsx,2026-06-07 to 2026-09-06,MEASURED ORIGINAL GSC,0.0,14.0,0.0,66.21,Low-voltage battery/no-start,Low-voltage battery/no-start,/services/battery-replacement-dubai,COVERED — SECONDARY,/services/battery-replacement-dubai,Existing Volkswagen service route remains intentionally noindex; indexable generic or hub owner,RETAIN EXISTING OWNER,2 source observations; supporting owner: /brands/volkswagen-service-dubai/battery-replacement; query-only GSC does not establish ranking URL
volkswagen car battery dubai,volkswagen car battery dubai,Volkswagen,Queries!A798,digitecme.com-Performance-on-Search-2026-09-08 (2) (1).xlsx,2026-06-07 to 2026-09-06,MEASURED ORIGINAL GSC,0.0,15.0,0.0,22.6,Low-voltage battery/no-start,Low-voltage battery/no-start,/services/battery-replacement-dubai,COVERED — SECONDARY,/services/battery-replacement-dubai,Existing Volkswagen service route remains intentionally noindex; indexable generic or hub owner,RETAIN EXISTING OWNER,2 source observations; supporting owner: /brands/volkswagen-service-dubai/battery-replacement; query-only GSC does not establish ranking URL
volkswagen car battery uae,volkswagen car battery uae,Volkswagen,Queries!A805,digitecme.com-Performance-on-Search-2026-09-08 (2) (1).xlsx,2026-06-07 to 2026-09-06,MEASURED ORIGINAL GSC,0.0,15.0,0.0,31.67,Low-voltage battery/no-start,Low-voltage battery/no-start,/services/battery-replacement-dubai,COVERED — SECONDARY,/services/battery-replacement-dubai,Existing Volkswagen service route remains intentionally noindex; indexable generic or hub owner,RETAIN EXISTING OWNER,2 source observations; supporting owner: /brands/volkswagen-service-dubai/battery-replacement; query-only GSC does not establish ranking URL
volkswagen car detailing,volkswagen car detailing,Volkswagen,Master Keywords!A6700,DIGI-TEC_SEO_Keyword_Universe_Dubai.xlsx,,GENERATED TAXONOMY,,,,,Broad Volkswagen service,Broad Volkswagen service,/brands/volkswagen-service-dubai,COVERED — PRIMARY,/brands/volkswagen-service-dubai,Existing hub owns broad service and repair discovery,IMPROVE EXISTING OWNER,1 source observations; supporting owner: ; query-only GSC does not establish ranking URL
volkswagen car detailing dubai,volkswagen car detailing dubai,Volkswagen,Master Keywords!A6701,DIGI-TEC_SEO_Keyword_Universe_Dubai.xlsx,,GENERATED TAXONOMY,,,,,Broad Volkswagen service,Broad Volkswagen service,/brands/volkswagen-service-dubai,COVERED — PRIMARY,/brands/volkswagen-service-dubai,Existing hub owns broad service and repair discovery,IMPROVE EXISTING OWNER,1 source observations; supporting owner: ; query-only GSC does not establish ranking URL
volkswagen car inspection,volkswagen car inspection,Volkswagen,Master Keywords!A6670,DIGI-TEC_SEO_Keyword_Universe_Dubai.xlsx,,GENERATED TAXONOMY,,,,,Broad Volkswagen service,Broad Volkswagen service,/brands/volkswagen-service-dubai,COVERED — PRIMARY,/brands/volkswagen-service-dubai,Existing hub owns broad service and repair discovery,IMPROVE EXISTING OWNER,1 source observations; supporting owner: ; query-only GSC does not establish ranking URL
volkswagen car inspection dubai,volkswagen car inspection dubai,Volkswagen,Master Keywords!A6671,DIGI-TEC_SEO_Keyword_Universe_Dubai.xlsx,,GENERATED TAXONOMY,,,,,Broad Volkswagen service,Broad Volkswagen service,/brands/volkswagen-service-dubai,COVERED — PRIMARY,/brands/volkswagen-service-dubai,Existing hub owns broad service and repair discovery,IMPROVE EXISTING OWNER,1 source observations; supporting owner: ; query-only GSC does not establish ranking URL
volkswagen car painting,volkswagen car painting,Volkswagen,Master Keywords!A6522,DIGI-TEC_SEO_Keyword_Universe_Dubai.xlsx,,GENERATED TAXONOMY,,,,,Broad Volkswagen service,Broad Volkswagen service,/brands/volkswagen-service-dubai,COVERED — PRIMARY,/brands/volkswagen-service-dubai,Existing hub owns broad service and repair discovery,IMPROVE EXISTING OWNER,1 source observations; supporting owner: ; query-only GSC does not establish ranking URL
volkswagen car painting dubai,volkswagen car painting dubai,Volkswagen,Master Keywords!A6523,DIGI-TEC_SEO_Keyword_Universe_Dubai.xlsx,,GENERATED TAXONOMY,,,,,Broad Volkswagen service,Broad Volkswagen service,/brands/volkswagen-service-dubai,COVERED — PRIMARY,/brands/volkswagen-service-dubai,Existing hub owns broad service and repair discovery,IMPROVE EXISTING OWNER,1 source observations; supporting owner: ; query-only GSC does not establish ranking URL
volkswagen car polishing,volkswagen car polishing,Volkswagen,Master Keywords!A6702,DIGI-TEC_SEO_Keyword_Universe_Dubai.xlsx,,GENERATED TAXONOMY,,,,,Broad Volkswagen service,Broad Volkswagen service,/brands/volkswagen-service-dubai,COVERED — PRIMARY,/brands/volkswagen-service-dubai,Existing hub owns broad service and repair discovery,IMPROVE EXISTING OWNER,1 source observations; supporting owner: ; query-only GSC does not establish ranking URL
volkswagen car polishing dubai,volkswagen car polishing dubai,Volkswagen,Master Keywords!A6703,DIGI-TEC_SEO_Keyword_Universe_Dubai.xlsx,,GENERATED TAXONOMY,,,,,Broad Volkswagen service,Broad Volkswagen service,/brands/volkswagen-service-dubai,COVERED — PRIMARY,/brands/volkswagen-service-dubai,Existing hub owns broad service and repair discovery,IMPROVE EXISTING OWNER,1 source observations; supporting owner: ; query-only GSC does not establish ranking URL
volkswagen car repair,volkswagen car repair,Volkswagen,Master Keywords!A6628,DIGI-TEC_SEO_Keyword_Universe_Dubai.xlsx,,GENERATED TAXONOMY,,,,,Broad Volkswagen service,Broad Volkswagen service,/brands/volkswagen-service-dubai,COVERED — PRIMARY,/brands/volkswagen-service-dubai,Existing hub owns broad service and repair discovery,IMPROVE EXISTING OWNER,1 source observations; supporting owner: ; query-only GSC does not establish ranking URL
volkswagen car repair dubai,volkswagen car repair dubai,Volkswagen,Master Keywords!A2198,DIGI-TEC_SEO_Keyword_Universe_Dubai.xlsx,,GENERATED TAXONOMY,,,,,Broad Volkswagen service,Broad Volkswagen service,/brands/volkswagen-service-dubai,COVERED — PRIMARY,/brands/volkswagen-service-dubai,Existing hub owns broad service and repair discovery,IMPROVE EXISTING OWNER,1 source observations; supporting owner: ; query-only GSC does not establish ranking URL
volkswagen car repair in dubai,volkswagen car repair in dubai,Volkswagen,Queries!A824,digitecme.com-Performance-on-Search-2026-09-08 (2) (1).xlsx,2026-06-07 to 2026-09-06,MEASURED ORIGINAL GSC,0.0,15.0,0.0,59.07,Broad Volkswagen service,Broad Volkswagen service,/brands/volkswagen-service-dubai,COVERED — PRIMARY,/brands/volkswagen-service-dubai,Existing hub owns broad service and repair discovery,IMPROVE EXISTING OWNER,3 source observations; supporting owner: ; query-only GSC does not establish ranking URL
volkswagen car service in dubai,volkswagen car service in dubai,Volkswagen,Queries!A981,digitecme.com-Performance-on-Search-2026-09-27.xlsx,2026-04-12 to 2026-09-25,MEASURED ORIGINAL GSC,0.0,20.0,0.0,43.35,Broad Volkswagen service,Broad Volkswagen service,/brands/volkswagen-service-dubai,COVERED — PRIMARY,/brands/volkswagen-service-dubai,Existing hub owns broad service and repair discovery,IMPROVE EXISTING OWNER,6 source observations; supporting owner: ; query-only GSC does not establish ranking URL
volkswagen catalytic converter repair,volkswagen catalytic converter repair,Volkswagen,Master Keywords!A6612,DIGI-TEC_SEO_Keyword_Universe_Dubai.xlsx,,GENERATED TAXONOMY,,,,,Broad Volkswagen service,Broad Volkswagen service,/brands/volkswagen-service-dubai,COVERED — PRIMARY,/brands/volkswagen-service-dubai,Existing hub owns broad service and repair discovery,IMPROVE EXISTING OWNER,1 source observations; supporting owner: ; query-only GSC does not establish ranking URL
volkswagen catalytic converter repair dubai,volkswagen catalytic converter repair dubai,Volkswagen,Master Keywords!A6613,DIGI-TEC_SEO_Keyword_Universe_Dubai.xlsx,,GENERATED TAXONOMY,,,,,Broad Volkswagen service,Broad Volkswagen service,/brands/volkswagen-service-dubai,COVERED — PRIMARY,/brands/volkswagen-service-dubai,Existing hub owns broad service and repair discovery,IMPROVE EXISTING OWNER,1 source observations; supporting owner: ; query-only GSC does not establish ranking URL
volkswagen ceramic coating,volkswagen ceramic coating,Volkswagen,Master Keywords!A6704,DIGI-TEC_SEO_Keyword_Universe_Dubai.xlsx,,GENERATED TAXONOMY,,,,,Broad Volkswagen service,Broad Volkswagen service,/brands/volkswagen-service-dubai,COVERED — PRIMARY,/brands/volkswagen-service-dubai,Existing hub owns broad service and repair discovery,IMPROVE EXISTING OWNER,1 source observations; supporting owner: ; query-only GSC does not establish ranking URL
volkswagen ceramic coating dubai,volkswagen ceramic coating dubai,Volkswagen,Master Keywords!A6705,DIGI-TEC_SEO_Keyword_Universe_Dubai.xlsx,,GENERATED TAXONOMY,,,,,Broad Volkswagen service,Broad Volkswagen service,/brands/volkswagen-service-dubai,COVERED — PRIMARY,/brands/volkswagen-service-dubai,Existing hub owns broad service and repair discovery,IMPROVE EXISTING OWNER,1 source observations; supporting owner: ; query-only GSC does not establish ranking URL
volkswagen check engine light,volkswagen check engine light,Volkswagen,Master Keywords!A6572,DIGI-TEC_SEO_Keyword_Universe_Dubai.xlsx,,GENERATED TAXONOMY,,,,,Volkswagen diagnostics/EPC,Volkswagen diagnostics/EPC,/brands/volkswagen-service-dubai/engine-diagnostics,COVERED — PROBLEM,/brands/volkswagen-service-dubai/engine-diagnostics,Indexable VW diagnostic owner; code or warning does not identify a part,IMPROVE EXISTING OWNER,1 source observations; supporting owner: /services/mechanical-repair-dubai; query-only GSC does not establish ranking URL
volkswagen check engine light dubai,volkswagen check engine light dubai,Volkswagen,Master Keywords!A2161,DIGI-TEC_SEO_Keyword_Universe_Dubai.xlsx,,GENERATED TAXONOMY,,,,,Volkswagen diagnostics/EPC,Volkswagen diagnostics/EPC,/brands/volkswagen-service-dubai/engine-diagnostics,COVERED — PROBLEM,/brands/volkswagen-service-dubai/engine-diagnostics,Indexable VW diagnostic owner; code or warning does not identify a part,IMPROVE EXISTING OWNER,1 source observations; supporting owner: /services/mechanical-repair-dubai; query-only GSC does not establish ranking URL
volkswagen coding,volkswagen coding,Volkswagen,Master Keywords!A6552,DIGI-TEC_SEO_Keyword_Universe_Dubai.xlsx,,RESEARCH KEYWORD,,,,,Supported-function enquiry,Supported-function enquiry,/brands/volkswagen-service-dubai/engine-diagnostics,COVERED — PRIMARY,/brands/volkswagen-service-dubai/engine-diagnostics,Exact vehicle/module/software/security access must be verified before accepting work,IMPROVE EXISTING OWNER,1 source observations; supporting owner: ; query-only GSC does not establish ranking URL
volkswagen coding dubai,volkswagen coding dubai,Volkswagen,Master Keywords!A6553,DIGI-TEC_SEO_Keyword_Universe_Dubai.xlsx,,RESEARCH KEYWORD,,,,,Supported-function enquiry,Supported-function enquiry,/brands/volkswagen-service-dubai/engine-diagnostics,COVERED — PRIMARY,/brands/volkswagen-service-dubai/engine-diagnostics,Exact vehicle/module/software/security access must be verified before accepting work,IMPROVE EXISTING OWNER,2 source observations; supporting owner: ; query-only GSC does not establish ranking URL
volkswagen coding service,volkswagen coding service,Volkswagen,Master Keywords!A6585,DIGI-TEC_SEO_Keyword_Universe_Dubai.xlsx,,GENERATED TAXONOMY,,,,,Supported-function enquiry,Supported-function enquiry,/brands/volkswagen-service-dubai/engine-diagnostics,COVERED — PRIMARY,/brands/volkswagen-service-dubai/engine-diagnostics,Exact vehicle/module/software/security access must be verified before accepting work,IMPROVE EXISTING OWNER,1 source observations; supporting owner: ; query-only GSC does not establish ranking URL
volkswagen coding service dubai,volkswagen coding service dubai,Volkswagen,Master Keywords!A2173,DIGI-TEC_SEO_Keyword_Universe_Dubai.xlsx,,GENERATED TAXONOMY,,,,,Supported-function enquiry,Supported-function enquiry,/brands/volkswagen-service-dubai/engine-diagnostics,COVERED — PRIMARY,/brands/volkswagen-service-dubai/engine-diagnostics,Exact vehicle/module/software/security access must be verified before accepting work,IMPROVE EXISTING OWNER,1 source observations; supporting owner: ; query-only GSC does not establish ranking URL
volkswagen computer diagnostics,volkswagen computer diagnostic,Volkswagen,Master Keywords!A6573,DIGI-TEC_SEO_Keyword_Universe_Dubai.xlsx,,GENERATED TAXONOMY,,,,,Volkswagen diagnostics/EPC,Volkswagen diagnostics/EPC,/brands/volkswagen-service-dubai/engine-diagnostics,COVERED — PROBLEM,/brands/volkswagen-service-dubai/engine-diagnostics,Indexable VW diagnostic owner; code or warning does not identify a part,IMPROVE EXISTING OWNER,1 source observations; supporting owner: /services/mechanical-repair-dubai; query-only GSC does not establish ranking URL
volkswagen computer diagnostics dubai,volkswagen computer diagnostic dubai,Volkswagen,Master Keywords!A2162,DIGI-TEC_SEO_Keyword_Universe_Dubai.xlsx,,GENERATED TAXONOMY,,,,,Volkswagen diagnostics/EPC,Volkswagen diagnostics/EPC,/brands/volkswagen-service-dubai/engine-diagnostics,COVERED — PROBLEM,/brands/volkswagen-service-dubai/engine-diagnostics,Indexable VW diagnostic owner; code or warning does not identify a part,IMPROVE EXISTING OWNER,1 source observations; supporting owner: /services/mechanical-repair-dubai; query-only GSC does not establish ranking URL
volkswagen control arm replacement,volkswagen control arm replacement,Volkswagen,Master Keywords!A6754,DIGI-TEC_SEO_Keyword_Universe_Dubai.xlsx,,GENERATED TAXONOMY,,,,,Broad Volkswagen service,Broad Volkswagen service,/brands/volkswagen-service-dubai,COVERED — PRIMARY,/brands/volkswagen-service-dubai,Existing hub owns broad service and repair discovery,IMPROVE EXISTING OWNER,1 source observations; supporting owner: ; query-only GSC does not establish ranking URL
volkswagen control arm replacement dubai,volkswagen control arm replacement dubai,Volkswagen,Master Keywords!A2206,DIGI-TEC_SEO_Keyword_Universe_Dubai.xlsx,,GENERATED TAXONOMY,,,,,Broad Volkswagen service,Broad Volkswagen service,/brands/volkswagen-service-dubai,COVERED — PRIMARY,/brands/volkswagen-service-dubai,Existing hub owns broad service and repair discovery,IMPROVE EXISTING OWNER,1 source observations; supporting owner: ; query-only GSC does not establish ranking URL
volkswagen coolant leak repair,volkswagen coolant leak repair,Volkswagen,Master Keywords!A6508,DIGI-TEC_SEO_Keyword_Universe_Dubai.xlsx,,GENERATED TAXONOMY,,,,,Mechanical/cooling,Mechanical/cooling,/services/mechanical-repair-dubai,COVERED — SECONDARY,/services/mechanical-repair-dubai,Existing Volkswagen service route remains intentionally noindex; indexable generic or hub owner,RETAIN EXISTING OWNER,1 source observations; supporting owner: /brands/volkswagen-service-dubai/mechanical-repair; query-only GSC does not establish ranking URL
volkswagen coolant leak repair dubai,volkswagen coolant leak repair dubai,Volkswagen,Master Keywords!A2145,DIGI-TEC_SEO_Keyword_Universe_Dubai.xlsx,,GENERATED TAXONOMY,,,,,Mechanical/cooling,Mechanical/cooling,/services/mechanical-repair-dubai,COVERED — SECONDARY,/services/mechanical-repair-dubai,Existing Volkswagen service route remains intentionally noindex; indexable generic or hub owner,RETAIN EXISTING OWNER,1 source observations; supporting owner: /brands/volkswagen-service-dubai/mechanical-repair; query-only GSC does not establish ranking URL
volkswagen cooling system repair,volkswagen cooling system repair,Volkswagen,Master Keywords!A6509,DIGI-TEC_SEO_Keyword_Universe_Dubai.xlsx,,GENERATED TAXONOMY,,,,,Mechanical/cooling,Mechanical/cooling,/services/mechanical-repair-dubai,COVERED — SECONDARY,/services/mechanical-repair-dubai,Existing Volkswagen service route remains intentionally noindex; indexable generic or hub owner,RETAIN EXISTING OWNER,1 source observations; supporting owner: /brands/volkswagen-service-dubai/mechanical-repair; query-only GSC does not establish ranking URL
volkswagen cooling system repair dubai,volkswagen cooling system repair dubai,Volkswagen,Master Keywords!A2146,DIGI-TEC_SEO_Keyword_Universe_Dubai.xlsx,,GENERATED TAXONOMY,,,,,Mechanical/cooling,Mechanical/cooling,/services/mechanical-repair-dubai,COVERED — SECONDARY,/services/mechanical-repair-dubai,Existing Volkswagen service route remains intentionally noindex; indexable generic or hub owner,RETAIN EXISTING OWNER,1 source observations; supporting owner: /brands/volkswagen-service-dubai/mechanical-repair; query-only GSC does not establish ranking URL
volkswagen dashboard warning light,volkswagen dashboard warning light,Volkswagen,Master Keywords!A6574,DIGI-TEC_SEO_Keyword_Universe_Dubai.xlsx,,GENERATED TAXONOMY,,,,,Volkswagen diagnostics/EPC,Volkswagen diagnostics/EPC,/brands/volkswagen-service-dubai/engine-diagnostics,COVERED — PROBLEM,/brands/volkswagen-service-dubai/engine-diagnostics,Indexable VW diagnostic owner; code or warning does not identify a part,IMPROVE EXISTING OWNER,1 source observations; supporting owner: /services/mechanical-repair-dubai; query-only GSC does not establish ranking URL
volkswagen dashboard warning light dubai,volkswagen dashboard warning light dubai,Volkswagen,Master Keywords!A2163,DIGI-TEC_SEO_Keyword_Universe_Dubai.xlsx,,GENERATED TAXONOMY,,,,,Volkswagen diagnostics/EPC,Volkswagen diagnostics/EPC,/brands/volkswagen-service-dubai/engine-diagnostics,COVERED — PROBLEM,/brands/volkswagen-service-dubai/engine-diagnostics,Indexable VW diagnostic owner; code or warning does not identify a part,IMPROVE EXISTING OWNER,1 source observations; supporting owner: /services/mechanical-repair-dubai; query-only GSC does not establish ranking URL
volkswagen dent repair,volkswagen dent repair,Volkswagen,Master Keywords!A6524,DIGI-TEC_SEO_Keyword_Universe_Dubai.xlsx,,GENERATED TAXONOMY,,,,,Body repair,Body repair,/services/car-body-repair-dubai,COVERED — SECONDARY,/services/car-body-repair-dubai,Existing Volkswagen service route remains intentionally noindex; indexable generic or hub owner,RETAIN EXISTING OWNER,1 source observations; supporting owner: /brands/volkswagen-service-dubai/body-repair; query-only GSC does not establish ranking URL
volkswagen dent repair dubai,volkswagen dent repair dubai,Volkswagen,Master Keywords!A6525,DIGI-TEC_SEO_Keyword_Universe_Dubai.xlsx,,GENERATED TAXONOMY,,,,,Body repair,Body repair,/services/car-body-repair-dubai,COVERED — SECONDARY,/services/car-body-repair-dubai,Existing Volkswagen service route remains intentionally noindex; indexable generic or hub owner,RETAIN EXISTING OWNER,1 source observations; supporting owner: /brands/volkswagen-service-dubai/body-repair; query-only GSC does not establish ranking URL
volkswagen diagnostics,volkswagen diagnostic,Volkswagen,Master Keywords!A6576,DIGI-TEC_SEO_Keyword_Universe_Dubai.xlsx,,GENERATED TAXONOMY,,,,,Volkswagen diagnostics/EPC,Volkswagen diagnostics/EPC,/brands/volkswagen-service-dubai/engine-diagnostics,COVERED — PROBLEM,/brands/volkswagen-service-dubai/engine-diagnostics,Indexable VW diagnostic owner; code or warning does not identify a part,IMPROVE EXISTING OWNER,1 source observations; supporting owner: /services/mechanical-repair-dubai; query-only GSC does not establish ranking URL
volkswagen diagnostics dubai,volkswagen diagnostic dubai,Volkswagen,Master Keywords!A2165,DIGI-TEC_SEO_Keyword_Universe_Dubai.xlsx,,GENERATED TAXONOMY,,,,,Volkswagen diagnostics/EPC,Volkswagen diagnostics/EPC,/brands/volkswagen-service-dubai/engine-diagnostics,COVERED — PROBLEM,/brands/volkswagen-service-dubai/engine-diagnostics,Indexable VW diagnostic owner; code or warning does not identify a part,IMPROVE EXISTING OWNER,1 source observations; supporting owner: /services/mechanical-repair-dubai; query-only GSC does not establish ranking URL
volkswagen diagnostic scan,volkswagen diagnostic scan,Volkswagen,Master Keywords!A6575,DIGI-TEC_SEO_Keyword_Universe_Dubai.xlsx,,GENERATED TAXONOMY,,,,,Volkswagen diagnostics/EPC,Volkswagen diagnostics/EPC,/brands/volkswagen-service-dubai/engine-diagnostics,COVERED — PROBLEM,/brands/volkswagen-service-dubai/engine-diagnostics,Indexable VW diagnostic owner; code or warning does not identify a part,IMPROVE EXISTING OWNER,1 source observations; supporting owner: /services/mechanical-repair-dubai; query-only GSC does not establish ranking URL
volkswagen diagnostic scan dubai,volkswagen diagnostic scan dubai,Volkswagen,Master Keywords!A2164,DIGI-TEC_SEO_Keyword_Universe_Dubai.xlsx,,GENERATED TAXONOMY,,,,,Volkswagen diagnostics/EPC,Volkswagen diagnostics/EPC,/brands/volkswagen-service-dubai/engine-diagnostics,COVERED — PROBLEM,/brands/volkswagen-service-dubai/engine-diagnostics,Indexable VW diagnostic owner; code or warning does not identify a part,IMPROVE EXISTING OWNER,1 source observations; supporting owner: /services/mechanical-repair-dubai; query-only GSC does not establish ranking URL
volkswagen door lock repair,volkswagen door lock repair,Volkswagen,Master Keywords!A6556,DIGI-TEC_SEO_Keyword_Universe_Dubai.xlsx,,GENERATED TAXONOMY,,,,,Broad Volkswagen service,Broad Volkswagen service,/brands/volkswagen-service-dubai,COVERED — PRIMARY,/brands/volkswagen-service-dubai,Existing hub owns broad service and repair discovery,IMPROVE EXISTING OWNER,1 source observations; supporting owner: ; query-only GSC does not establish ranking URL
volkswagen door lock repair dubai,volkswagen door lock repair dubai,Volkswagen,Master Keywords!A6557,DIGI-TEC_SEO_Keyword_Universe_Dubai.xlsx,,GENERATED TAXONOMY,,,,,Broad Volkswagen service,Broad Volkswagen service,/brands/volkswagen-service-dubai,COVERED — PRIMARY,/brands/volkswagen-service-dubai,Existing hub owns broad service and repair discovery,IMPROVE EXISTING OWNER,1 source observations; supporting owner: ; query-only GSC does not establish ranking URL
volkswagen dsg oil change,volkswagen dsg oil change,Volkswagen,Queries!A973,digitecme.com-Performance-on-Search-2026-09-27.xlsx,2026-04-12 to 2026-09-25,MEASURED ORIGINAL GSC,0.0,20.0,0.0,30.1,DSG maintenance,DSG maintenance,/services/transmission-repair-dubai,COVERED — SECTION,/services/transmission-repair-dubai,Generic transmission owner has DSG service; gearbox code determines fluid and interval,IMPROVE EXISTING OWNER,6 source observations; supporting owner: /brands/volkswagen-service-dubai/engine-diagnostics; query-only GSC does not establish ranking URL
Volkswagen dsg repair,volkswagen dsg repair,Volkswagen,Brand Specific Systems!B90,DIGI-TEC_SEO_Keyword_Universe_Dubai.xlsx,,RESEARCH KEYWORD,,,,,DSG/transmission repair,DSG/transmission repair,/services/transmission-repair-dubai,COVERED — PRIMARY,/services/transmission-repair-dubai,Indexable generic transmission owner; Volkswagen transmission route remains noindex support,IMPROVE EXISTING OWNER,1 source observations; supporting owner: /brands/volkswagen-service-dubai/engine-diagnostics; query-only GSC does not establish ranking URL
Volkswagen DSG repair Dubai,volkswagen dsg repair dubai,Volkswagen,B8 brief example #1,B8 user brief,,OTHER SOURCE — USER BRIEF EXAMPLE,,,,,DSG/transmission repair,DSG/transmission repair,/services/transmission-repair-dubai,COVERED — PRIMARY,/services/transmission-repair-dubai,Indexable generic transmission owner; Volkswagen transmission route remains noindex support,IMPROVE EXISTING OWNER,2 source observations; supporting owner: /brands/volkswagen-service-dubai/engine-diagnostics; query-only GSC does not establish ranking URL
Volkswagen dsg service,volkswagen dsg service,Volkswagen,Brand Specific Systems!B91,DIGI-TEC_SEO_Keyword_Universe_Dubai.xlsx,,RESEARCH KEYWORD,,,,,DSG maintenance,DSG maintenance,/services/transmission-repair-dubai,COVERED — SECTION,/services/transmission-repair-dubai,Generic transmission owner has DSG service; gearbox code determines fluid and interval,IMPROVE EXISTING OWNER,1 source observations; supporting owner: /brands/volkswagen-service-dubai/engine-diagnostics; query-only GSC does not establish ranking URL
volkswagen dubai service,volkswagen dubai service,Volkswagen,Queries!A664,digitecme.com-Performance-on-Search-2026-09-27.xlsx,2026-04-12 to 2026-09-25,MEASURED ORIGINAL GSC,0.0,32.0,0.0,25.69,Broad Volkswagen service,Broad Volkswagen service,/brands/volkswagen-service-dubai,COVERED — PRIMARY,/brands/volkswagen-service-dubai,Existing hub owns broad service and repair discovery,IMPROVE EXISTING OWNER,6 source observations; supporting owner: ; query-only GSC does not establish ranking URL
volkswagen dyno tuning,volkswagen dyno tuning,Volkswagen,Master Keywords!A6680,DIGI-TEC_SEO_Keyword_Universe_Dubai.xlsx,,GENERATED TAXONOMY,,,,,Broad Volkswagen service,Broad Volkswagen service,/brands/volkswagen-service-dubai,COVERED — PRIMARY,/brands/volkswagen-service-dubai,Existing hub owns broad service and repair discovery,IMPROVE EXISTING OWNER,1 source observations; supporting owner: ; query-only GSC does not establish ranking URL
volkswagen dyno tuning dubai,volkswagen dyno tuning dubai,Volkswagen,Master Keywords!A6681,DIGI-TEC_SEO_Keyword_Universe_Dubai.xlsx,,GENERATED TAXONOMY,,,,,Broad Volkswagen service,Broad Volkswagen service,/brands/volkswagen-service-dubai,COVERED — PRIMARY,/brands/volkswagen-service-dubai,Existing hub owns broad service and repair discovery,IMPROVE EXISTING OWNER,1 source observations; supporting owner: ; query-only GSC does not establish ranking URL
volkswagen ecu programming,volkswagen ecu programming,Volkswagen,Master Keywords!A6586,DIGI-TEC_SEO_Keyword_Universe_Dubai.xlsx,,GENERATED TAXONOMY,,,,,Supported-function enquiry,Supported-function enquiry,/brands/volkswagen-service-dubai/engine-diagnostics,COVERED — PRIMARY,/brands/volkswagen-service-dubai/engine-diagnostics,Exact vehicle/module/software/security access must be verified before accepting work,IMPROVE EXISTING OWNER,1 source observations; supporting owner: ; query-only GSC does not establish ranking URL
volkswagen ecu programming dubai,volkswagen ecu programming dubai,Volkswagen,Master Keywords!A2174,DIGI-TEC_SEO_Keyword_Universe_Dubai.xlsx,,GENERATED TAXONOMY,,,,,Supported-function enquiry,Supported-function enquiry,/brands/volkswagen-service-dubai/engine-diagnostics,COVERED — PRIMARY,/brands/volkswagen-service-dubai/engine-diagnostics,Exact vehicle/module/software/security access must be verified before accepting work,IMPROVE EXISTING OWNER,1 source observations; supporting owner: ; query-only GSC does not establish ranking URL
volkswagen ecu remap,volkswagen ecu remap,Volkswagen,Master Keywords!A6682,DIGI-TEC_SEO_Keyword_Universe_Dubai.xlsx,,GENERATED TAXONOMY,,,,,Unverified capability,Unverified capability,,NOT TARGETED — INTENTIONALLY,,Exact Volkswagen service capability is unverified,RETAIN EXISTING OWNER,1 source observations; supporting owner: ; query-only GSC does not establish ranking URL
volkswagen ecu remap dubai,volkswagen ecu remap dubai,Volkswagen,Master Keywords!A6683,DIGI-TEC_SEO_Keyword_Universe_Dubai.xlsx,,GENERATED TAXONOMY,,,,,Unverified capability,Unverified capability,,NOT TARGETED — INTENTIONALLY,,Exact Volkswagen service capability is unverified,RETAIN EXISTING OWNER,1 source observations; supporting owner: ; query-only GSC does not establish ranking URL
volkswagen ecu repair,volkswagen ecu repair,Volkswagen,Master Keywords!A6587,DIGI-TEC_SEO_Keyword_Universe_Dubai.xlsx,,GENERATED TAXONOMY,,,,,Broad Volkswagen service,Broad Volkswagen service,/brands/volkswagen-service-dubai,COVERED — PRIMARY,/brands/volkswagen-service-dubai,Existing hub owns broad service and repair discovery,IMPROVE EXISTING OWNER,1 source observations; supporting owner: ; query-only GSC does not establish ranking URL
volkswagen ecu repair dubai,volkswagen ecu repair dubai,Volkswagen,Master Keywords!A2175,DIGI-TEC_SEO_Keyword_Universe_Dubai.xlsx,,GENERATED TAXONOMY,,,,,Broad Volkswagen service,Broad Volkswagen service,/brands/volkswagen-service-dubai,COVERED — PRIMARY,/brands/volkswagen-service-dubai,Existing hub owns broad service and repair discovery,IMPROVE EXISTING OWNER,1 source observations; supporting owner: ; query-only GSC does not establish ranking URL
volkswagen ecu tuning,volkswagen ecu tuning,Volkswagen,Master Keywords!A6684,DIGI-TEC_SEO_Keyword_Universe_Dubai.xlsx,,GENERATED TAXONOMY,,,,,Broad Volkswagen service,Broad Volkswagen service,/brands/volkswagen-service-dubai,COVERED — PRIMARY,/brands/volkswagen-service-dubai,Existing hub owns broad service and repair discovery,IMPROVE EXISTING OWNER,1 source observations; supporting owner: ; query-only GSC does not establish ranking URL
volkswagen ecu tuning dubai,volkswagen ecu tuning dubai,Volkswagen,Master Keywords!A6685,DIGI-TEC_SEO_Keyword_Universe_Dubai.xlsx,,GENERATED TAXONOMY,,,,,Broad Volkswagen service,Broad Volkswagen service,/brands/volkswagen-service-dubai,COVERED — PRIMARY,/brands/volkswagen-service-dubai,Existing hub owns broad service and repair discovery,IMPROVE EXISTING OWNER,1 source observations; supporting owner: ; query-only GSC does not establish ranking URL
volkswagen electrical diagnostics,volkswagen electrical diagnostic,Volkswagen,Master Keywords!A6588,DIGI-TEC_SEO_Keyword_Universe_Dubai.xlsx,,GENERATED TAXONOMY,,,,,Volkswagen diagnostics/EPC,Volkswagen diagnostics/EPC,/brands/volkswagen-service-dubai/engine-diagnostics,COVERED — PROBLEM,/brands/volkswagen-service-dubai/engine-diagnostics,Indexable VW diagnostic owner; code or warning does not identify a part,IMPROVE EXISTING OWNER,1 source observations; supporting owner: /services/mechanical-repair-dubai; query-only GSC does not establish ranking URL
volkswagen electrical diagnostics dubai,volkswagen electrical diagnostic dubai,Volkswagen,Master Keywords!A2176,DIGI-TEC_SEO_Keyword_Universe_Dubai.xlsx,,GENERATED TAXONOMY,,,,,Volkswagen diagnostics/EPC,Volkswagen diagnostics/EPC,/brands/volkswagen-service-dubai/engine-diagnostics,COVERED — PROBLEM,/brands/volkswagen-service-dubai/engine-diagnostics,Indexable VW diagnostic owner; code or warning does not identify a part,IMPROVE EXISTING OWNER,1 source observations; supporting owner: /services/mechanical-repair-dubai; query-only GSC does not establish ranking URL
volkswagen electrical repair,volkswagen electrical repair,Volkswagen,Master Keywords!A6589,DIGI-TEC_SEO_Keyword_Universe_Dubai.xlsx,,GENERATED TAXONOMY,,,,,Electrical/infotainment,Electrical/infotainment,/services/auto-electrical-repair-dubai,COVERED — SECONDARY,/services/auto-electrical-repair-dubai,Existing Volkswagen service route remains intentionally noindex; indexable generic or hub owner,RETAIN EXISTING OWNER,1 source observations; supporting owner: /brands/volkswagen-service-dubai/electrical-repair; query-only GSC does not establish ranking URL
volkswagen electrical repair dubai,volkswagen electrical repair dubai,Volkswagen,Master Keywords!A2177,DIGI-TEC_SEO_Keyword_Universe_Dubai.xlsx,,GENERATED TAXONOMY,,,,,Electrical/infotainment,Electrical/infotainment,/services/auto-electrical-repair-dubai,COVERED — SECONDARY,/services/auto-electrical-repair-dubai,Existing Volkswagen service route remains intentionally noindex; indexable generic or hub owner,RETAIN EXISTING OWNER,1 source observations; supporting owner: /brands/volkswagen-service-dubai/electrical-repair; query-only GSC does not establish ranking URL
volkswagen electrical repair near me,volkswagen electrical repair near me,Volkswagen,Master Keywords!A6590,DIGI-TEC_SEO_Keyword_Universe_Dubai.xlsx,,GENERATED TAXONOMY,,,,,Electrical/infotainment,Electrical/infotainment,/services/auto-electrical-repair-dubai,COVERED — SECONDARY,/services/auto-electrical-repair-dubai,Existing Volkswagen service route remains intentionally noindex; indexable generic or hub owner,RETAIN EXISTING OWNER,1 source observations; supporting owner: /brands/volkswagen-service-dubai/electrical-repair; query-only GSC does not establish ranking URL
volkswagen emissions repair,volkswagen emissions repair,Volkswagen,Master Keywords!A6614,DIGI-TEC_SEO_Keyword_Universe_Dubai.xlsx,,GENERATED TAXONOMY,,,,,Broad Volkswagen service,Broad Volkswagen service,/brands/volkswagen-service-dubai,COVERED — PRIMARY,/brands/volkswagen-service-dubai,Existing hub owns broad service and repair discovery,IMPROVE EXISTING OWNER,1 source observations; supporting owner: ; query-only GSC does not establish ranking URL
volkswagen emissions repair dubai,volkswagen emissions repair dubai,Volkswagen,Master Keywords!A6615,DIGI-TEC_SEO_Keyword_Universe_Dubai.xlsx,,GENERATED TAXONOMY,,,,,Broad Volkswagen service,Broad Volkswagen service,/brands/volkswagen-service-dubai,COVERED — PRIMARY,/brands/volkswagen-service-dubai,Existing hub owns broad service and repair discovery,IMPROVE EXISTING OWNER,1 source observations; supporting owner: ; query-only GSC does not establish ranking URL
volkswagen engine mount replacement,volkswagen engine mount replacement,Volkswagen,Master Keywords!A6599,DIGI-TEC_SEO_Keyword_Universe_Dubai.xlsx,,GENERATED TAXONOMY,,,,,Mechanical/cooling,Mechanical/cooling,/services/mechanical-repair-dubai,COVERED — SECONDARY,/services/mechanical-repair-dubai,Existing Volkswagen service route remains intentionally noindex; indexable generic or hub owner,RETAIN EXISTING OWNER,1 source observations; supporting owner: /brands/volkswagen-service-dubai/mechanical-repair; query-only GSC does not establish ranking URL
volkswagen engine mount replacement dubai,volkswagen engine mount replacement dubai,Volkswagen,Master Keywords!A2186,DIGI-TEC_SEO_Keyword_Universe_Dubai.xlsx,,GENERATED TAXONOMY,,,,,Mechanical/cooling,Mechanical/cooling,/services/mechanical-repair-dubai,COVERED — SECONDARY,/services/mechanical-repair-dubai,Existing Volkswagen service route remains intentionally noindex; indexable generic or hub owner,RETAIN EXISTING OWNER,1 source observations; supporting owner: /brands/volkswagen-service-dubai/mechanical-repair; query-only GSC does not establish ranking URL
volkswagen engine oil leak repair,volkswagen engine oil leak repair,Volkswagen,Master Keywords!A6600,DIGI-TEC_SEO_Keyword_Universe_Dubai.xlsx,,GENERATED TAXONOMY,,,,,Engine oil service,Engine oil service,/brands/volkswagen-service-dubai/oil-change,COVERED — PRIMARY,/brands/volkswagen-service-dubai/oil-change,Indexable Volkswagen service owner,IMPROVE EXISTING OWNER,1 source observations; supporting owner: /brands/volkswagen-service-dubai; query-only GSC does not establish ranking URL
volkswagen engine oil leak repair dubai,volkswagen engine oil leak repair dubai,Volkswagen,Master Keywords!A2187,DIGI-TEC_SEO_Keyword_Universe_Dubai.xlsx,,GENERATED TAXONOMY,,,,,Engine oil service,Engine oil service,/brands/volkswagen-service-dubai/oil-change,COVERED — PRIMARY,/brands/volkswagen-service-dubai/oil-change,Indexable Volkswagen service owner,IMPROVE EXISTING OWNER,1 source observations; supporting owner: /brands/volkswagen-service-dubai; query-only GSC does not establish ranking URL
volkswagen engine overhaul,volkswagen engine overhaul,Volkswagen,Master Keywords!A6601,DIGI-TEC_SEO_Keyword_Universe_Dubai.xlsx,,GENERATED TAXONOMY,,,,,Mechanical/cooling,Mechanical/cooling,/services/mechanical-repair-dubai,COVERED — SECONDARY,/services/mechanical-repair-dubai,Existing Volkswagen service route remains intentionally noindex; indexable generic or hub owner,RETAIN EXISTING OWNER,1 source observations; supporting owner: /brands/volkswagen-service-dubai/mechanical-repair; query-only GSC does not establish ranking URL
volkswagen engine overhaul dubai,volkswagen engine overhaul dubai,Volkswagen,Master Keywords!A2188,DIGI-TEC_SEO_Keyword_Universe_Dubai.xlsx,,GENERATED TAXONOMY,,,,,Mechanical/cooling,Mechanical/cooling,/services/mechanical-repair-dubai,COVERED — SECONDARY,/services/mechanical-repair-dubai,Existing Volkswagen service route remains intentionally noindex; indexable generic or hub owner,RETAIN EXISTING OWNER,1 source observations; supporting owner: /brands/volkswagen-service-dubai/mechanical-repair; query-only GSC does not establish ranking URL
volkswagen engine overheating repair,volkswagen engine overheating repair,Volkswagen,Master Keywords!A6602,DIGI-TEC_SEO_Keyword_Universe_Dubai.xlsx,,GENERATED TAXONOMY,,,,,Mechanical/cooling,Mechanical/cooling,/services/mechanical-repair-dubai,COVERED — SECONDARY,/services/mechanical-repair-dubai,Existing Volkswagen service route remains intentionally noindex; indexable generic or hub owner,RETAIN EXISTING OWNER,1 source observations; supporting owner: /brands/volkswagen-service-dubai/mechanical-repair; query-only GSC does not establish ranking URL
volkswagen engine overheating repair dubai,volkswagen engine overheating repair dubai,Volkswagen,Master Keywords!A2189,DIGI-TEC_SEO_Keyword_Universe_Dubai.xlsx,,GENERATED TAXONOMY,,,,,Mechanical/cooling,Mechanical/cooling,/services/mechanical-repair-dubai,COVERED — SECONDARY,/services/mechanical-repair-dubai,Existing Volkswagen service route remains intentionally noindex; indexable generic or hub owner,RETAIN EXISTING OWNER,1 source observations; supporting owner: /brands/volkswagen-service-dubai/mechanical-repair; query-only GSC does not establish ranking URL
volkswagen engine rebuild,volkswagen engine rebuild,Volkswagen,Master Keywords!A6603,DIGI-TEC_SEO_Keyword_Universe_Dubai.xlsx,,GENERATED TAXONOMY,,,,,Mechanical/cooling,Mechanical/cooling,/services/mechanical-repair-dubai,COVERED — SECONDARY,/services/mechanical-repair-dubai,Existing Volkswagen service route remains intentionally noindex; indexable generic or hub owner,RETAIN EXISTING OWNER,1 source observations; supporting owner: /brands/volkswagen-service-dubai/mechanical-repair; query-only GSC does not establish ranking URL
volkswagen engine rebuild dubai,volkswagen engine rebuild dubai,Volkswagen,Master Keywords!A2190,DIGI-TEC_SEO_Keyword_Universe_Dubai.xlsx,,GENERATED TAXONOMY,,,,,Mechanical/cooling,Mechanical/cooling,/services/mechanical-repair-dubai,COVERED — SECONDARY,/services/mechanical-repair-dubai,Existing Volkswagen service route remains intentionally noindex; indexable generic or hub owner,RETAIN EXISTING OWNER,1 source observations; supporting owner: /brands/volkswagen-service-dubai/mechanical-repair; query-only GSC does not establish ranking URL
volkswagen engine repair,volkswagen engine repair,Volkswagen,Master Keywords!A6604,DIGI-TEC_SEO_Keyword_Universe_Dubai.xlsx,,GENERATED TAXONOMY,,,,,Mechanical/cooling,Mechanical/cooling,/services/mechanical-repair-dubai,COVERED — SECONDARY,/services/mechanical-repair-dubai,Existing Volkswagen service route remains intentionally noindex; indexable generic or hub owner,RETAIN EXISTING OWNER,1 source observations; supporting owner: /brands/volkswagen-service-dubai/mechanical-repair; query-only GSC does not establish ranking URL
volkswagen engine repair dubai,volkswagen engine repair dubai,Volkswagen,Queries!A927,digitecme.com-Performance-on-Search-2026-09-05.xlsx,2026-08-06 to 2026-09-02,MEASURED ORIGINAL GSC,0.0,5.0,0.0,47.0,Mechanical/cooling,Mechanical/cooling,/services/mechanical-repair-dubai,COVERED — SECONDARY,/services/mechanical-repair-dubai,Existing Volkswagen service route remains intentionally noindex; indexable generic or hub owner,RETAIN EXISTING OWNER,3 source observations; supporting owner: /brands/volkswagen-service-dubai/mechanical-repair; query-only GSC does not establish ranking URL
volkswagen engine repair near me,volkswagen engine repair near me,Volkswagen,Master Keywords!A6605,DIGI-TEC_SEO_Keyword_Universe_Dubai.xlsx,,GENERATED TAXONOMY,,,,,Mechanical/cooling,Mechanical/cooling,/services/mechanical-repair-dubai,COVERED — SECONDARY,/services/mechanical-repair-dubai,Existing Volkswagen service route remains intentionally noindex; indexable generic or hub owner,RETAIN EXISTING OWNER,1 source observations; supporting owner: /brands/volkswagen-service-dubai/mechanical-repair; query-only GSC does not establish ranking URL
volkswagen engine replacement,volkswagen engine replacement,Volkswagen,Master Keywords!A6606,DIGI-TEC_SEO_Keyword_Universe_Dubai.xlsx,,GENERATED TAXONOMY,,,,,Mechanical/cooling,Mechanical/cooling,/services/mechanical-repair-dubai,COVERED — SECONDARY,/services/mechanical-repair-dubai,Existing Volkswagen service route remains intentionally noindex; indexable generic or hub owner,RETAIN EXISTING OWNER,1 source observations; supporting owner: /brands/volkswagen-service-dubai/mechanical-repair; query-only GSC does not establish ranking URL
volkswagen engine replacement dubai,volkswagen engine replacement dubai,Volkswagen,Master Keywords!A2192,DIGI-TEC_SEO_Keyword_Universe_Dubai.xlsx,,GENERATED TAXONOMY,,,,,Mechanical/cooling,Mechanical/cooling,/services/mechanical-repair-dubai,COVERED — SECONDARY,/services/mechanical-repair-dubai,Existing Volkswagen service route remains intentionally noindex; indexable generic or hub owner,RETAIN EXISTING OWNER,1 source observations; supporting owner: /brands/volkswagen-service-dubai/mechanical-repair; query-only GSC does not establish ranking URL
volkswagen engine warning light,volkswagen engine warning light,Volkswagen,Master Keywords!A6577,DIGI-TEC_SEO_Keyword_Universe_Dubai.xlsx,,GENERATED TAXONOMY,,,,,Volkswagen diagnostics/EPC,Volkswagen diagnostics/EPC,/brands/volkswagen-service-dubai/engine-diagnostics,COVERED — PROBLEM,/brands/volkswagen-service-dubai/engine-diagnostics,Indexable VW diagnostic owner; code or warning does not identify a part,IMPROVE EXISTING OWNER,1 source observations; supporting owner: /services/mechanical-repair-dubai; query-only GSC does not establish ranking URL
volkswagen engine warning light dubai,volkswagen engine warning light dubai,Volkswagen,Master Keywords!A2166,DIGI-TEC_SEO_Keyword_Universe_Dubai.xlsx,,GENERATED TAXONOMY,,,,,Volkswagen diagnostics/EPC,Volkswagen diagnostics/EPC,/brands/volkswagen-service-dubai/engine-diagnostics,COVERED — PROBLEM,/brands/volkswagen-service-dubai/engine-diagnostics,Indexable VW diagnostic owner; code or warning does not identify a part,IMPROVE EXISTING OWNER,1 source observations; supporting owner: /services/mechanical-repair-dubai; query-only GSC does not establish ranking URL
Volkswagen EPC light,volkswagen epc light,Volkswagen,B8 brief example #5,B8 user brief,,OTHER SOURCE — USER BRIEF EXAMPLE,,,,,Volkswagen diagnostics/EPC,Volkswagen diagnostics/EPC,/brands/volkswagen-service-dubai/engine-diagnostics,COVERED — FAQ,/brands/volkswagen-service-dubai/engine-diagnostics,Indexable VW diagnostic owner; code or warning does not identify a part,IMPROVE EXISTING OWNER,1 source observations; supporting owner: /services/mechanical-repair-dubai; query-only GSC does not establish ranking URL
volkswagen exhaust leak repair,volkswagen exhaust leak repair,Volkswagen,Master Keywords!A6616,DIGI-TEC_SEO_Keyword_Universe_Dubai.xlsx,,GENERATED TAXONOMY,,,,,Broad Volkswagen service,Broad Volkswagen service,/brands/volkswagen-service-dubai,COVERED — PRIMARY,/brands/volkswagen-service-dubai,Existing hub owns broad service and repair discovery,IMPROVE EXISTING OWNER,1 source observations; supporting owner: ; query-only GSC does not establish ranking URL
volkswagen exhaust leak repair dubai,volkswagen exhaust leak repair dubai,Volkswagen,Master Keywords!A6617,DIGI-TEC_SEO_Keyword_Universe_Dubai.xlsx,,GENERATED TAXONOMY,,,,,Broad Volkswagen service,Broad Volkswagen service,/brands/volkswagen-service-dubai,COVERED — PRIMARY,/brands/volkswagen-service-dubai,Existing hub owns broad service and repair discovery,IMPROVE EXISTING OWNER,1 source observations; supporting owner: ; query-only GSC does not establish ranking URL
volkswagen exhaust repair,volkswagen exhaust repair,Volkswagen,Master Keywords!A6618,DIGI-TEC_SEO_Keyword_Universe_Dubai.xlsx,,GENERATED TAXONOMY,,,,,Broad Volkswagen service,Broad Volkswagen service,/brands/volkswagen-service-dubai,COVERED — PRIMARY,/brands/volkswagen-service-dubai,Existing hub owns broad service and repair discovery,IMPROVE EXISTING OWNER,1 source observations; supporting owner: ; query-only GSC does not establish ranking URL
volkswagen exhaust repair dubai,volkswagen exhaust repair dubai,Volkswagen,Master Keywords!A6619,DIGI-TEC_SEO_Keyword_Universe_Dubai.xlsx,,GENERATED TAXONOMY,,,,,Broad Volkswagen service,Broad Volkswagen service,/brands/volkswagen-service-dubai,COVERED — PRIMARY,/brands/volkswagen-service-dubai,Existing hub owns broad service and repair discovery,IMPROVE EXISTING OWNER,1 source observations; supporting owner: ; query-only GSC does not establish ranking URL
volkswagen exhaust replacement,volkswagen exhaust replacement,Volkswagen,Master Keywords!A6620,DIGI-TEC_SEO_Keyword_Universe_Dubai.xlsx,,GENERATED TAXONOMY,,,,,Broad Volkswagen service,Broad Volkswagen service,/brands/volkswagen-service-dubai,COVERED — PRIMARY,/brands/volkswagen-service-dubai,Existing hub owns broad service and repair discovery,IMPROVE EXISTING OWNER,1 source observations; supporting owner: ; query-only GSC does not establish ranking URL
volkswagen exhaust replacement dubai,volkswagen exhaust replacement dubai,Volkswagen,Master Keywords!A6621,DIGI-TEC_SEO_Keyword_Universe_Dubai.xlsx,,GENERATED TAXONOMY,,,,,Broad Volkswagen service,Broad Volkswagen service,/brands/volkswagen-service-dubai,COVERED — PRIMARY,/brands/volkswagen-service-dubai,Existing hub owns broad service and repair discovery,IMPROVE EXISTING OWNER,1 source observations; supporting owner: ; query-only GSC does not establish ranking URL
volkswagen exhaust upgrade,volkswagen exhaust upgrade,Volkswagen,Master Keywords!A6622,DIGI-TEC_SEO_Keyword_Universe_Dubai.xlsx,,GENERATED TAXONOMY,,,,,Broad Volkswagen service,Broad Volkswagen service,/brands/volkswagen-service-dubai,COVERED — PRIMARY,/brands/volkswagen-service-dubai,Existing hub owns broad service and repair discovery,IMPROVE EXISTING OWNER,1 source observations; supporting owner: ; query-only GSC does not establish ranking URL
volkswagen exhaust upgrade dubai,volkswagen exhaust upgrade dubai,Volkswagen,Master Keywords!A6623,DIGI-TEC_SEO_Keyword_Universe_Dubai.xlsx,,GENERATED TAXONOMY,,,,,Broad Volkswagen service,Broad Volkswagen service,/brands/volkswagen-service-dubai,COVERED — PRIMARY,/brands/volkswagen-service-dubai,Existing hub owns broad service and repair discovery,IMPROVE EXISTING OWNER,1 source observations; supporting owner: ; query-only GSC does not establish ranking URL
volkswagen fault code scanning,volkswagen fault code scanning,Volkswagen,Master Keywords!A6578,DIGI-TEC_SEO_Keyword_Universe_Dubai.xlsx,,GENERATED TAXONOMY,,,,,Volkswagen diagnostics/EPC,Volkswagen diagnostics/EPC,/brands/volkswagen-service-dubai/engine-diagnostics,COVERED — PROBLEM,/brands/volkswagen-service-dubai/engine-diagnostics,Indexable VW diagnostic owner; code or warning does not identify a part,IMPROVE EXISTING OWNER,1 source observations; supporting owner: /services/mechanical-repair-dubai; query-only GSC does not establish ranking URL
volkswagen fault code scanning dubai,volkswagen fault code scanning dubai,Volkswagen,Master Keywords!A2167,DIGI-TEC_SEO_Keyword_Universe_Dubai.xlsx,,GENERATED TAXONOMY,,,,,Volkswagen diagnostics/EPC,Volkswagen diagnostics/EPC,/brands/volkswagen-service-dubai/engine-diagnostics,COVERED — PROBLEM,/brands/volkswagen-service-dubai/engine-diagnostics,Indexable VW diagnostic owner; code or warning does not identify a part,IMPROVE EXISTING OWNER,1 source observations; supporting owner: /services/mechanical-repair-dubai; query-only GSC does not establish ranking URL
volkswagen fault diagnosis,volkswagen fault diagnosis,Volkswagen,Master Keywords!A6579,DIGI-TEC_SEO_Keyword_Universe_Dubai.xlsx,,GENERATED TAXONOMY,,,,,Broad Volkswagen service,Broad Volkswagen service,/brands/volkswagen-service-dubai,COVERED — PRIMARY,/brands/volkswagen-service-dubai,Existing hub owns broad service and repair discovery,IMPROVE EXISTING OWNER,1 source observations; supporting owner: ; query-only GSC does not establish ranking URL
volkswagen fault diagnosis dubai,volkswagen fault diagnosis dubai,Volkswagen,Master Keywords!A2168,DIGI-TEC_SEO_Keyword_Universe_Dubai.xlsx,,GENERATED TAXONOMY,,,,,Broad Volkswagen service,Broad Volkswagen service,/brands/volkswagen-service-dubai,COVERED — PRIMARY,/brands/volkswagen-service-dubai,Existing hub owns broad service and repair discovery,IMPROVE EXISTING OWNER,1 source observations; supporting owner: ; query-only GSC does not establish ranking URL
volkswagen garage,volkswagen garage,Volkswagen,Master Keywords!A6629,DIGI-TEC_SEO_Keyword_Universe_Dubai.xlsx,,GENERATED TAXONOMY,,,,,Broad Volkswagen service,Broad Volkswagen service,/brands/volkswagen-service-dubai,COVERED — PRIMARY,/brands/volkswagen-service-dubai,Existing hub owns broad service and repair discovery,IMPROVE EXISTING OWNER,1 source observations; supporting owner: ; query-only GSC does not establish ranking URL
volkswagen garage dubai,volkswagen garage dubai,Volkswagen,Master Keywords!A2199,DIGI-TEC_SEO_Keyword_Universe_Dubai.xlsx,,GENERATED TAXONOMY,,,,,Broad Volkswagen service,Broad Volkswagen service,/brands/volkswagen-service-dubai,COVERED — PRIMARY,/brands/volkswagen-service-dubai,Existing hub owns broad service and repair discovery,IMPROVE EXISTING OWNER,1 source observations; supporting owner: ; query-only GSC does not establish ranking URL
volkswagen garage near me,volkswagen garage near me,Volkswagen,Master Keywords!A6630,DIGI-TEC_SEO_Keyword_Universe_Dubai.xlsx,,GENERATED TAXONOMY,,,,,Broad Volkswagen service,Broad Volkswagen service,/brands/volkswagen-service-dubai,COVERED — PRIMARY,/brands/volkswagen-service-dubai,Existing hub owns broad service and repair discovery,IMPROVE EXISTING OWNER,1 source observations; supporting owner: ; query-only GSC does not establish ranking URL
volkswagen gear shifting problem,volkswagen gear shifting problem,Volkswagen,Master Keywords!A6762,DIGI-TEC_SEO_Keyword_Universe_Dubai.xlsx,,GENERATED TAXONOMY,,,,,Broad Volkswagen service,Broad Volkswagen service,/brands/volkswagen-service-dubai,COVERED — PRIMARY,/brands/volkswagen-service-dubai,Existing hub owns broad service and repair discovery,IMPROVE EXISTING OWNER,1 source observations; supporting owner: ; query-only GSC does not establish ranking URL
volkswagen gear shifting problem dubai,volkswagen gear shifting problem dubai,Volkswagen,Master Keywords!A2213,DIGI-TEC_SEO_Keyword_Universe_Dubai.xlsx,,GENERATED TAXONOMY,,,,,Broad Volkswagen service,Broad Volkswagen service,/brands/volkswagen-service-dubai,COVERED — PRIMARY,/brands/volkswagen-service-dubai,Existing hub owns broad service and repair discovery,IMPROVE EXISTING OWNER,1 source observations; supporting owner: ; query-only GSC does not establish ranking URL
volkswagen gearbox oil change,volkswagen gearbox oil change,Volkswagen,Master Keywords!A6763,DIGI-TEC_SEO_Keyword_Universe_Dubai.xlsx,,GENERATED TAXONOMY,,,,,DSG maintenance,DSG maintenance,/services/transmission-repair-dubai,COVERED — SECTION,/services/transmission-repair-dubai,Generic transmission owner has DSG service; gearbox code determines fluid and interval,IMPROVE EXISTING OWNER,1 source observations; supporting owner: /brands/volkswagen-service-dubai/engine-diagnostics; query-only GSC does not establish ranking URL
volkswagen gearbox oil change dubai,volkswagen gearbox oil change dubai,Volkswagen,Master Keywords!A2214,DIGI-TEC_SEO_Keyword_Universe_Dubai.xlsx,,GENERATED TAXONOMY,,,,,DSG maintenance,DSG maintenance,/services/transmission-repair-dubai,COVERED — SECTION,/services/transmission-repair-dubai,Generic transmission owner has DSG service; gearbox code determines fluid and interval,IMPROVE EXISTING OWNER,1 source observations; supporting owner: /brands/volkswagen-service-dubai/engine-diagnostics; query-only GSC does not establish ranking URL
volkswagen gearbox rebuild,volkswagen gearbox rebuild,Volkswagen,Master Keywords!A6764,DIGI-TEC_SEO_Keyword_Universe_Dubai.xlsx,,GENERATED TAXONOMY,,,,,DSG/transmission repair,DSG/transmission repair,/services/transmission-repair-dubai,COVERED — PRIMARY,/services/transmission-repair-dubai,Indexable generic transmission owner; Volkswagen transmission route remains noindex support,IMPROVE EXISTING OWNER,1 source observations; supporting owner: /brands/volkswagen-service-dubai/engine-diagnostics; query-only GSC does not establish ranking URL
volkswagen gearbox rebuild dubai,volkswagen gearbox rebuild dubai,Volkswagen,Master Keywords!A2215,DIGI-TEC_SEO_Keyword_Universe_Dubai.xlsx,,GENERATED TAXONOMY,,,,,DSG/transmission repair,DSG/transmission repair,/services/transmission-repair-dubai,COVERED — PRIMARY,/services/transmission-repair-dubai,Indexable generic transmission owner; Volkswagen transmission route remains noindex support,IMPROVE EXISTING OWNER,1 source observations; supporting owner: /brands/volkswagen-service-dubai/engine-diagnostics; query-only GSC does not establish ranking URL
volkswagen gearbox repair,volkswagen gearbox repair,Volkswagen,Master Keywords!A6765,DIGI-TEC_SEO_Keyword_Universe_Dubai.xlsx,,GENERATED TAXONOMY,,,,,DSG/transmission repair,DSG/transmission repair,/services/transmission-repair-dubai,COVERED — PRIMARY,/services/transmission-repair-dubai,Indexable generic transmission owner; Volkswagen transmission route remains noindex support,IMPROVE EXISTING OWNER,1 source observations; supporting owner: /brands/volkswagen-service-dubai/engine-diagnostics; query-only GSC does not establish ranking URL
volkswagen gearbox repair dubai,volkswagen gearbox repair dubai,Volkswagen,Master Keywords!A2216,DIGI-TEC_SEO_Keyword_Universe_Dubai.xlsx,,GENERATED TAXONOMY,,,,,DSG/transmission repair,DSG/transmission repair,/services/transmission-repair-dubai,COVERED — PRIMARY,/services/transmission-repair-dubai,Indexable generic transmission owner; Volkswagen transmission route remains noindex support,IMPROVE EXISTING OWNER,1 source observations; supporting owner: /brands/volkswagen-service-dubai/engine-diagnostics; query-only GSC does not establish ranking URL
volkswagen gearbox replacement,volkswagen gearbox replacement,Volkswagen,Master Keywords!A6766,DIGI-TEC_SEO_Keyword_Universe_Dubai.xlsx,,GENERATED TAXONOMY,,,,,DSG/transmission repair,DSG/transmission repair,/services/transmission-repair-dubai,COVERED — PRIMARY,/services/transmission-repair-dubai,Indexable generic transmission owner; Volkswagen transmission route remains noindex support,IMPROVE EXISTING OWNER,1 source observations; supporting owner: /brands/volkswagen-service-dubai/engine-diagnostics; query-only GSC does not establish ranking URL
volkswagen gearbox replacement dubai,volkswagen gearbox replacement dubai,Volkswagen,Master Keywords!A2217,DIGI-TEC_SEO_Keyword_Universe_Dubai.xlsx,,GENERATED TAXONOMY,,,,,DSG/transmission repair,DSG/transmission repair,/services/transmission-repair-dubai,COVERED — PRIMARY,/services/transmission-repair-dubai,Indexable generic transmission owner; Volkswagen transmission route remains noindex support,IMPROVE EXISTING OWNER,1 source observations; supporting owner: /brands/volkswagen-service-dubai/engine-diagnostics; query-only GSC does not establish ranking URL
volkswagen gearbox service,volkswagen gearbox service,Volkswagen,Master Keywords!A6767,DIGI-TEC_SEO_Keyword_Universe_Dubai.xlsx,,GENERATED TAXONOMY,,,,,DSG maintenance,DSG maintenance,/services/transmission-repair-dubai,COVERED — PRIMARY,/services/transmission-repair-dubai,Generic transmission owner has DSG service; gearbox code determines fluid and interval,IMPROVE EXISTING OWNER,1 source observations; supporting owner: /brands/volkswagen-service-dubai/engine-diagnostics; query-only GSC does not establish ranking URL
volkswagen gearbox service dubai,volkswagen gearbox service dubai,Volkswagen,Master Keywords!A2218,DIGI-TEC_SEO_Keyword_Universe_Dubai.xlsx,,GENERATED TAXONOMY,,,,,DSG maintenance,DSG maintenance,/services/transmission-repair-dubai,COVERED — PRIMARY,/services/transmission-repair-dubai,Generic transmission owner has DSG service; gearbox code determines fluid and interval,IMPROVE EXISTING OWNER,1 source observations; supporting owner: /brands/volkswagen-service-dubai/engine-diagnostics; query-only GSC does not establish ranking URL
vw golf battery service,volkswagen golf battery service,Volkswagen,Queries!A803,digitecme.com-Performance-on-Search-2026-09-08 (2) (1).xlsx,2026-06-07 to 2026-09-06,MEASURED ORIGINAL GSC,0.0,15.0,0.0,29.87,Low-voltage battery/no-start,Low-voltage battery/no-start,/services/battery-replacement-dubai,COVERED — SECONDARY,/services/battery-replacement-dubai,Existing Volkswagen service route remains intentionally noindex; indexable generic or hub owner,RETAIN EXISTING OWNER,2 source observations; supporting owner: /brands/volkswagen-service-dubai/battery-replacement; query-only GSC does not establish ranking URL
Volkswagen Golf GTI service Dubai,volkswagen golf gti service dubai,Volkswagen,B8 brief example #8,B8 user brief,,OTHER SOURCE — USER BRIEF EXAMPLE,,,,,Volkswagen model enquiry,Volkswagen model enquiry,/brands/volkswagen-service-dubai,COVERED — MODEL,/brands/volkswagen-service-dubai,Hub model navigation; no thin model URL from generated keyword,IMPROVE EXISTING OWNER,1 source observations; supporting owner: ; query-only GSC does not establish ranking URL
volkswagen head unit repair,volkswagen head unit repair,Volkswagen,Master Keywords!A6646,DIGI-TEC_SEO_Keyword_Universe_Dubai.xlsx,,GENERATED TAXONOMY,,,,,Broad Volkswagen service,Broad Volkswagen service,/brands/volkswagen-service-dubai,COVERED — PRIMARY,/brands/volkswagen-service-dubai,Existing hub owns broad service and repair discovery,IMPROVE EXISTING OWNER,1 source observations; supporting owner: ; query-only GSC does not establish ranking URL
volkswagen head unit repair dubai,volkswagen head unit repair dubai,Volkswagen,Master Keywords!A6647,DIGI-TEC_SEO_Keyword_Universe_Dubai.xlsx,,GENERATED TAXONOMY,,,,,Broad Volkswagen service,Broad Volkswagen service,/brands/volkswagen-service-dubai,COVERED — PRIMARY,/brands/volkswagen-service-dubai,Existing hub owns broad service and repair discovery,IMPROVE EXISTING OWNER,1 source observations; supporting owner: ; query-only GSC does not establish ranking URL
Volkswagen ID.4 service Dubai,volkswagen id.4 service dubai,Volkswagen,B8 brief example #9,B8 user brief,,OTHER SOURCE — USER BRIEF EXAMPLE,,,,,Volkswagen model enquiry,Volkswagen model enquiry,/brands/volkswagen-service-dubai,COVERED — MODEL,/brands/volkswagen-service-dubai,Hub model navigation; no thin model URL from generated keyword,IMPROVE EXISTING OWNER,1 source observations; supporting owner: ; query-only GSC does not establish ranking URL
volkswagen infotainment repair,volkswagen infotainment repair,Volkswagen,Master Keywords!A6648,DIGI-TEC_SEO_Keyword_Universe_Dubai.xlsx,,GENERATED TAXONOMY,,,,,Electrical/infotainment,Electrical/infotainment,/services/auto-electrical-repair-dubai,COVERED — SECONDARY,/services/auto-electrical-repair-dubai,Existing Volkswagen service route remains intentionally noindex; indexable generic or hub owner,RETAIN EXISTING OWNER,1 source observations; supporting owner: /brands/volkswagen-service-dubai/electrical-repair; query-only GSC does not establish ranking URL
volkswagen infotainment repair dubai,volkswagen infotainment repair dubai,Volkswagen,Master Keywords!A6649,DIGI-TEC_SEO_Keyword_Universe_Dubai.xlsx,,GENERATED TAXONOMY,,,,,Electrical/infotainment,Electrical/infotainment,/services/auto-electrical-repair-dubai,COVERED — SECONDARY,/services/auto-electrical-repair-dubai,Existing Volkswagen service route remains intentionally noindex; indexable generic or hub owner,RETAIN EXISTING OWNER,1 source observations; supporting owner: /brands/volkswagen-service-dubai/electrical-repair; query-only GSC does not establish ranking URL
volkswagen inspection,volkswagen inspection,Volkswagen,Queries!A671,digitecme.com-Performance-on-Search-2026-09-13.xlsx,2026-09-05 to 2026-09-11,MEASURED ORIGINAL GSC,0.0,2.0,0.0,9.0,Broad Volkswagen service,Broad Volkswagen service,/brands/volkswagen-service-dubai,COVERED — PRIMARY,/brands/volkswagen-service-dubai,Existing hub owns broad service and repair discovery,IMPROVE EXISTING OWNER,2 source observations; supporting owner: ; query-only GSC does not establish ranking URL
volkswagen inspections,volkswagen inspections,Volkswagen,Queries!A972,digitecme.com-Performance-on-Search-2026-09-05.xlsx,2026-08-06 to 2026-09-02,MEASURED ORIGINAL GSC,0.0,4.0,0.0,8.5,Broad Volkswagen service,Broad Volkswagen service,/brands/volkswagen-service-dubai,COVERED — PRIMARY,/brands/volkswagen-service-dubai,Existing hub owns broad service and repair discovery,IMPROVE EXISTING OWNER,4 source observations; supporting owner: ; query-only GSC does not establish ranking URL
volkswagen instrument cluster repair,volkswagen instrument cluster repair,Volkswagen,Master Keywords!A6650,DIGI-TEC_SEO_Keyword_Universe_Dubai.xlsx,,GENERATED TAXONOMY,,,,,Broad Volkswagen service,Broad Volkswagen service,/brands/volkswagen-service-dubai,COVERED — PRIMARY,/brands/volkswagen-service-dubai,Existing hub owns broad service and repair discovery,IMPROVE EXISTING OWNER,1 source observations; supporting owner: ; query-only GSC does not establish ranking URL
volkswagen instrument cluster repair dubai,volkswagen instrument cluster repair dubai,Volkswagen,Master Keywords!A6651,DIGI-TEC_SEO_Keyword_Universe_Dubai.xlsx,,GENERATED TAXONOMY,,,,,Broad Volkswagen service,Broad Volkswagen service,/brands/volkswagen-service-dubai,COVERED — PRIMARY,/brands/volkswagen-service-dubai,Existing hub owns broad service and repair discovery,IMPROVE EXISTING OWNER,1 source observations; supporting owner: ; query-only GSC does not establish ranking URL
volkswagen key programming,volkswagen key programming,Volkswagen,Master Keywords!A6591,DIGI-TEC_SEO_Keyword_Universe_Dubai.xlsx,,GENERATED TAXONOMY,,,,,Supported-function enquiry,Supported-function enquiry,/brands/volkswagen-service-dubai/engine-diagnostics,COVERED — PRIMARY,/brands/volkswagen-service-dubai/engine-diagnostics,Exact vehicle/module/software/security access must be verified before accepting work,IMPROVE EXISTING OWNER,1 source observations; supporting owner: ; query-only GSC does not establish ranking URL
volkswagen key programming dubai,volkswagen key programming dubai,Volkswagen,Master Keywords!A2178,DIGI-TEC_SEO_Keyword_Universe_Dubai.xlsx,,GENERATED TAXONOMY,,,,,Supported-function enquiry,Supported-function enquiry,/brands/volkswagen-service-dubai/engine-diagnostics,COVERED — PRIMARY,/brands/volkswagen-service-dubai/engine-diagnostics,Exact vehicle/module/software/security access must be verified before accepting work,IMPROVE EXISTING OWNER,1 source observations; supporting owner: ; query-only GSC does not establish ranking URL
volkswagen keyless entry repair,volkswagen keyless entry repair,Volkswagen,Master Keywords!A6592,DIGI-TEC_SEO_Keyword_Universe_Dubai.xlsx,,GENERATED TAXONOMY,,,,,Broad Volkswagen service,Broad Volkswagen service,/brands/volkswagen-service-dubai,COVERED — PRIMARY,/brands/volkswagen-service-dubai,Existing hub owns broad service and repair discovery,IMPROVE EXISTING OWNER,1 source observations; supporting owner: ; query-only GSC does not establish ranking URL
volkswagen keyless entry repair dubai,volkswagen keyless entry repair dubai,Volkswagen,Master Keywords!A2179,DIGI-TEC_SEO_Keyword_Universe_Dubai.xlsx,,GENERATED TAXONOMY,,,,,Broad Volkswagen service,Broad Volkswagen service,/brands/volkswagen-service-dubai,COVERED — PRIMARY,/brands/volkswagen-service-dubai,Existing hub owns broad service and repair discovery,IMPROVE EXISTING OWNER,1 source observations; supporting owner: ; query-only GSC does not establish ranking URL
volkswagen loss of power repair,volkswagen loss of power repair,Volkswagen,Master Keywords!A6607,DIGI-TEC_SEO_Keyword_Universe_Dubai.xlsx,,GENERATED TAXONOMY,,,,,Volkswagen diagnostics/EPC,Volkswagen diagnostics/EPC,/brands/volkswagen-service-dubai/engine-diagnostics,COVERED — PROBLEM,/brands/volkswagen-service-dubai/engine-diagnostics,Indexable VW diagnostic owner; code or warning does not identify a part,IMPROVE EXISTING OWNER,1 source observations; supporting owner: /services/mechanical-repair-dubai; query-only GSC does not establish ranking URL
volkswagen loss of power repair dubai,volkswagen loss of power repair dubai,Volkswagen,Master Keywords!A2193,DIGI-TEC_SEO_Keyword_Universe_Dubai.xlsx,,GENERATED TAXONOMY,,,,,Volkswagen diagnostics/EPC,Volkswagen diagnostics/EPC,/brands/volkswagen-service-dubai/engine-diagnostics,COVERED — PROBLEM,/brands/volkswagen-service-dubai/engine-diagnostics,Indexable VW diagnostic owner; code or warning does not identify a part,IMPROVE EXISTING OWNER,1 source observations; supporting owner: /services/mechanical-repair-dubai; query-only GSC does not establish ranking URL
volkswagen maintenance,volkswagen maintenance,Volkswagen,Master Keywords!A6631,DIGI-TEC_SEO_Keyword_Universe_Dubai.xlsx,,GENERATED TAXONOMY,,,,,Broad Volkswagen service,Broad Volkswagen service,/brands/volkswagen-service-dubai,COVERED — PRIMARY,/brands/volkswagen-service-dubai,Existing hub owns broad service and repair discovery,IMPROVE EXISTING OWNER,1 source observations; supporting owner: ; query-only GSC does not establish ranking URL
volkswagen maintenance dubai,volkswagen maintenance dubai,Volkswagen,Queries!A704,digitecme.com-Performance-on-Search-2026-09-16.xlsx,2026-09-07 to 2026-09-13,MEASURED ORIGINAL GSC,0.0,2.0,0.0,16.5,Broad Volkswagen service,Broad Volkswagen service,/brands/volkswagen-service-dubai,COVERED — PRIMARY,/brands/volkswagen-service-dubai,Existing hub owns broad service and repair discovery,IMPROVE EXISTING OWNER,3 source observations; supporting owner: ; query-only GSC does not establish ranking URL
volkswagen major service,volkswagen major service,Volkswagen,Master Keywords!A6722,DIGI-TEC_SEO_Keyword_Universe_Dubai.xlsx,,GENERATED TAXONOMY,,,,,Broad Volkswagen service,Broad Volkswagen service,/brands/volkswagen-service-dubai,COVERED — PRIMARY,/brands/volkswagen-service-dubai,Existing hub owns broad service and repair discovery,IMPROVE EXISTING OWNER,1 source observations; supporting owner: ; query-only GSC does not establish ranking URL
volkswagen major service dubai,volkswagen major service dubai,Volkswagen,Master Keywords!A6723,DIGI-TEC_SEO_Keyword_Universe_Dubai.xlsx,,GENERATED TAXONOMY,,,,,Broad Volkswagen service,Broad Volkswagen service,/brands/volkswagen-service-dubai,COVERED — PRIMARY,/brands/volkswagen-service-dubai,Existing hub owns broad service and repair discovery,IMPROVE EXISTING OWNER,1 source observations; supporting owner: ; query-only GSC does not establish ranking URL
Volkswagen mechatronic repair,volkswagen mechatronic repair,Volkswagen,Brand Specific Systems!B93,DIGI-TEC_SEO_Keyword_Universe_Dubai.xlsx,,RESEARCH KEYWORD,,,,,DSG/transmission repair,DSG/transmission repair,/services/transmission-repair-dubai,COVERED — SECTION,/services/transmission-repair-dubai,Indexable generic transmission owner; Volkswagen transmission route remains noindex support,IMPROVE EXISTING OWNER,1 source observations; supporting owner: /brands/volkswagen-service-dubai/engine-diagnostics; query-only GSC does not establish ranking URL
volkswagen minor service,volkswagen minor service,Volkswagen,Master Keywords!A6724,DIGI-TEC_SEO_Keyword_Universe_Dubai.xlsx,,GENERATED TAXONOMY,,,,,Broad Volkswagen service,Broad Volkswagen service,/brands/volkswagen-service-dubai,COVERED — PRIMARY,/brands/volkswagen-service-dubai,Existing hub owns broad service and repair discovery,IMPROVE EXISTING OWNER,1 source observations; supporting owner: ; query-only GSC does not establish ranking URL
volkswagen minor service dubai,volkswagen minor service dubai,Volkswagen,Master Keywords!A6725,DIGI-TEC_SEO_Keyword_Universe_Dubai.xlsx,,GENERATED TAXONOMY,,,,,Broad Volkswagen service,Broad Volkswagen service,/brands/volkswagen-service-dubai,COVERED — PRIMARY,/brands/volkswagen-service-dubai,Existing hub owns broad service and repair discovery,IMPROVE EXISTING OWNER,1 source observations; supporting owner: ; query-only GSC does not establish ranking URL
volkswagen misfire repair,volkswagen misfire repair,Volkswagen,Master Keywords!A6608,DIGI-TEC_SEO_Keyword_Universe_Dubai.xlsx,,GENERATED TAXONOMY,,,,,Volkswagen diagnostics/EPC,Volkswagen diagnostics/EPC,/brands/volkswagen-service-dubai/engine-diagnostics,COVERED — PROBLEM,/brands/volkswagen-service-dubai/engine-diagnostics,Indexable VW diagnostic owner; code or warning does not identify a part,IMPROVE EXISTING OWNER,1 source observations; supporting owner: /services/mechanical-repair-dubai; query-only GSC does not establish ranking URL
volkswagen misfire repair dubai,volkswagen misfire repair dubai,Volkswagen,Master Keywords!A2194,DIGI-TEC_SEO_Keyword_Universe_Dubai.xlsx,,GENERATED TAXONOMY,,,,,Volkswagen diagnostics/EPC,Volkswagen diagnostics/EPC,/brands/volkswagen-service-dubai/engine-diagnostics,COVERED — PROBLEM,/brands/volkswagen-service-dubai/engine-diagnostics,Indexable VW diagnostic owner; code or warning does not identify a part,IMPROVE EXISTING OWNER,1 source observations; supporting owner: /services/mechanical-repair-dubai; query-only GSC does not establish ranking URL
volkswagen module programming,volkswagen module programming,Volkswagen,Master Keywords!A6593,DIGI-TEC_SEO_Keyword_Universe_Dubai.xlsx,,GENERATED TAXONOMY,,,,,Supported-function enquiry,Supported-function enquiry,/brands/volkswagen-service-dubai/engine-diagnostics,COVERED — PRIMARY,/brands/volkswagen-service-dubai/engine-diagnostics,Exact vehicle/module/software/security access must be verified before accepting work,IMPROVE EXISTING OWNER,1 source observations; supporting owner: ; query-only GSC does not establish ranking URL
volkswagen module programming dubai,volkswagen module programming dubai,Volkswagen,Master Keywords!A2180,DIGI-TEC_SEO_Keyword_Universe_Dubai.xlsx,,GENERATED TAXONOMY,,,,,Supported-function enquiry,Supported-function enquiry,/brands/volkswagen-service-dubai/engine-diagnostics,COVERED — PRIMARY,/brands/volkswagen-service-dubai/engine-diagnostics,Exact vehicle/module/software/security access must be verified before accepting work,IMPROVE EXISTING OWNER,1 source observations; supporting owner: ; query-only GSC does not establish ranking URL
volkswagen module repair,volkswagen module repair,Volkswagen,Master Keywords!A6594,DIGI-TEC_SEO_Keyword_Universe_Dubai.xlsx,,GENERATED TAXONOMY,,,,,Electrical/infotainment,Electrical/infotainment,/services/auto-electrical-repair-dubai,COVERED — SECONDARY,/services/auto-electrical-repair-dubai,Existing Volkswagen service route remains intentionally noindex; indexable generic or hub owner,RETAIN EXISTING OWNER,1 source observations; supporting owner: /brands/volkswagen-service-dubai/electrical-repair; query-only GSC does not establish ranking URL
volkswagen module repair dubai,volkswagen module repair dubai,Volkswagen,Master Keywords!A2181,DIGI-TEC_SEO_Keyword_Universe_Dubai.xlsx,,GENERATED TAXONOMY,,,,,Electrical/infotainment,Electrical/infotainment,/services/auto-electrical-repair-dubai,COVERED — SECONDARY,/services/auto-electrical-repair-dubai,Existing Volkswagen service route remains intentionally noindex; indexable generic or hub owner,RETAIN EXISTING OWNER,1 source observations; supporting owner: /brands/volkswagen-service-dubai/electrical-repair; query-only GSC does not establish ranking URL
volkswagen muffler repair,volkswagen muffler repair,Volkswagen,Master Keywords!A6624,DIGI-TEC_SEO_Keyword_Universe_Dubai.xlsx,,GENERATED TAXONOMY,,,,,Broad Volkswagen service,Broad Volkswagen service,/brands/volkswagen-service-dubai,COVERED — PRIMARY,/brands/volkswagen-service-dubai,Existing hub owns broad service and repair discovery,IMPROVE EXISTING OWNER,1 source observations; supporting owner: ; query-only GSC does not establish ranking URL
volkswagen muffler repair dubai,volkswagen muffler repair dubai,Volkswagen,Master Keywords!A6625,DIGI-TEC_SEO_Keyword_Universe_Dubai.xlsx,,GENERATED TAXONOMY,,,,,Broad Volkswagen service,Broad Volkswagen service,/brands/volkswagen-service-dubai,COVERED — PRIMARY,/brands/volkswagen-service-dubai,Existing hub owns broad service and repair discovery,IMPROVE EXISTING OWNER,1 source observations; supporting owner: ; query-only GSC does not establish ranking URL
volkswagen navigation repair,volkswagen navigation repair,Volkswagen,Master Keywords!A6652,DIGI-TEC_SEO_Keyword_Universe_Dubai.xlsx,,GENERATED TAXONOMY,,,,,Broad Volkswagen service,Broad Volkswagen service,/brands/volkswagen-service-dubai,COVERED — PRIMARY,/brands/volkswagen-service-dubai,Existing hub owns broad service and repair discovery,IMPROVE EXISTING OWNER,1 source observations; supporting owner: ; query-only GSC does not establish ranking URL
volkswagen navigation repair dubai,volkswagen navigation repair dubai,Volkswagen,Master Keywords!A6653,DIGI-TEC_SEO_Keyword_Universe_Dubai.xlsx,,GENERATED TAXONOMY,,,,,Broad Volkswagen service,Broad Volkswagen service,/brands/volkswagen-service-dubai,COVERED — PRIMARY,/brands/volkswagen-service-dubai,Existing hub owns broad service and repair discovery,IMPROVE EXISTING OWNER,1 source observations; supporting owner: ; query-only GSC does not establish ranking URL
VW ODIS diagnostics Dubai,volkswagen odis diagnostic dubai,Volkswagen,B8 brief example #6,B8 user brief,,OTHER SOURCE — USER BRIEF EXAMPLE,,,,,Volkswagen diagnostics/EPC,Volkswagen diagnostics/EPC,/brands/volkswagen-service-dubai/engine-diagnostics,COVERED — PROBLEM,/brands/volkswagen-service-dubai/engine-diagnostics,Indexable VW diagnostic owner; code or warning does not identify a part,IMPROVE EXISTING OWNER,1 source observations; supporting owner: /services/mechanical-repair-dubai; query-only GSC does not establish ranking URL
volkswagen oil change,volkswagen oil change,Volkswagen,Queries!A924,digitecme.com-Performance-on-Search-2026-09-27.xlsx,2026-04-12 to 2026-09-25,MEASURED ORIGINAL GSC,0.0,21.0,0.0,14.9,Engine oil service,Engine oil service,/brands/volkswagen-service-dubai/oil-change,COVERED — PRIMARY,/brands/volkswagen-service-dubai/oil-change,Indexable Volkswagen service owner,IMPROVE EXISTING OWNER,5 source observations; supporting owner: /brands/volkswagen-service-dubai; query-only GSC does not establish ranking URL
volkswagen oil change dubai,volkswagen oil change dubai,Volkswagen,Queries!A846,digitecme.com-Performance-on-Search-2026-09-27.xlsx,2026-04-12 to 2026-09-25,MEASURED ORIGINAL GSC,0.0,24.0,0.0,21.25,Engine oil service,Engine oil service,/brands/volkswagen-service-dubai/oil-change,COVERED — PRIMARY,/brands/volkswagen-service-dubai/oil-change,Indexable Volkswagen service owner,IMPROVE EXISTING OWNER,6 source observations; supporting owner: /brands/volkswagen-service-dubai; query-only GSC does not establish ranking URL
volkswagen oil change near me,volkswagen oil change near me,Volkswagen,Master Keywords!A6726,DIGI-TEC_SEO_Keyword_Universe_Dubai.xlsx,,GENERATED TAXONOMY,,,,,Engine oil service,Engine oil service,/brands/volkswagen-service-dubai/oil-change,COVERED — PRIMARY,/brands/volkswagen-service-dubai/oil-change,Indexable Volkswagen service owner,IMPROVE EXISTING OWNER,1 source observations; supporting owner: /brands/volkswagen-service-dubai; query-only GSC does not establish ranking URL
volkswagen oil filter replacement,volkswagen oil filter replacement,Volkswagen,Master Keywords!A6727,DIGI-TEC_SEO_Keyword_Universe_Dubai.xlsx,,GENERATED TAXONOMY,,,,,Broad Volkswagen service,Broad Volkswagen service,/brands/volkswagen-service-dubai,COVERED — PRIMARY,/brands/volkswagen-service-dubai,Existing hub owns broad service and repair discovery,IMPROVE EXISTING OWNER,1 source observations; supporting owner: ; query-only GSC does not establish ranking URL
volkswagen oil filter replacement dubai,volkswagen oil filter replacement dubai,Volkswagen,Master Keywords!A6728,DIGI-TEC_SEO_Keyword_Universe_Dubai.xlsx,,GENERATED TAXONOMY,,,,,Broad Volkswagen service,Broad Volkswagen service,/brands/volkswagen-service-dubai,COVERED — PRIMARY,/brands/volkswagen-service-dubai,Existing hub owns broad service and repair discovery,IMPROVE EXISTING OWNER,1 source observations; supporting owner: ; query-only GSC does not establish ranking URL
volkswagen overheating repair,volkswagen overheating repair,Volkswagen,Master Keywords!A6510,DIGI-TEC_SEO_Keyword_Universe_Dubai.xlsx,,GENERATED TAXONOMY,,,,,Broad Volkswagen service,Broad Volkswagen service,/brands/volkswagen-service-dubai,COVERED — PRIMARY,/brands/volkswagen-service-dubai,Existing hub owns broad service and repair discovery,IMPROVE EXISTING OWNER,1 source observations; supporting owner: ; query-only GSC does not establish ranking URL
volkswagen overheating repair dubai,volkswagen overheating repair dubai,Volkswagen,Master Keywords!A2147,DIGI-TEC_SEO_Keyword_Universe_Dubai.xlsx,,GENERATED TAXONOMY,,,,,Broad Volkswagen service,Broad Volkswagen service,/brands/volkswagen-service-dubai,COVERED — PRIMARY,/brands/volkswagen-service-dubai,Existing hub owns broad service and repair discovery,IMPROVE EXISTING OWNER,1 source observations; supporting owner: ; query-only GSC does not establish ranking URL
volkswagen oxygen sensor replacement,volkswagen oxygen sensor replacement,Volkswagen,Master Keywords!A6626,DIGI-TEC_SEO_Keyword_Universe_Dubai.xlsx,,GENERATED TAXONOMY,,,,,Broad Volkswagen service,Broad Volkswagen service,/brands/volkswagen-service-dubai,COVERED — PRIMARY,/brands/volkswagen-service-dubai,Existing hub owns broad service and repair discovery,IMPROVE EXISTING OWNER,1 source observations; supporting owner: ; query-only GSC does not establish ranking URL
volkswagen oxygen sensor replacement dubai,volkswagen oxygen sensor replacement dubai,Volkswagen,Master Keywords!A6627,DIGI-TEC_SEO_Keyword_Universe_Dubai.xlsx,,GENERATED TAXONOMY,,,,,Broad Volkswagen service,Broad Volkswagen service,/brands/volkswagen-service-dubai,COVERED — PRIMARY,/brands/volkswagen-service-dubai,Existing hub owns broad service and repair discovery,IMPROVE EXISTING OWNER,1 source observations; supporting owner: ; query-only GSC does not establish ranking URL
volkswagen paint correction,volkswagen paint correction,Volkswagen,Master Keywords!A6706,DIGI-TEC_SEO_Keyword_Universe_Dubai.xlsx,,GENERATED TAXONOMY,,,,,Broad Volkswagen service,Broad Volkswagen service,/brands/volkswagen-service-dubai,COVERED — PRIMARY,/brands/volkswagen-service-dubai,Existing hub owns broad service and repair discovery,IMPROVE EXISTING OWNER,1 source observations; supporting owner: ; query-only GSC does not establish ranking URL
volkswagen paint correction dubai,volkswagen paint correction dubai,Volkswagen,Master Keywords!A6707,DIGI-TEC_SEO_Keyword_Universe_Dubai.xlsx,,GENERATED TAXONOMY,,,,,Broad Volkswagen service,Broad Volkswagen service,/brands/volkswagen-service-dubai,COVERED — PRIMARY,/brands/volkswagen-service-dubai,Existing hub owns broad service and repair discovery,IMPROVE EXISTING OWNER,1 source observations; supporting owner: ; query-only GSC does not establish ranking URL
volkswagen paint protection coating,volkswagen paint protection coating,Volkswagen,Master Keywords!A6708,DIGI-TEC_SEO_Keyword_Universe_Dubai.xlsx,,GENERATED TAXONOMY,,,,,Broad Volkswagen service,Broad Volkswagen service,/brands/volkswagen-service-dubai,COVERED — PRIMARY,/brands/volkswagen-service-dubai,Existing hub owns broad service and repair discovery,IMPROVE EXISTING OWNER,1 source observations; supporting owner: ; query-only GSC does not establish ranking URL
volkswagen paint protection coating dubai,volkswagen paint protection coating dubai,Volkswagen,Master Keywords!A6709,DIGI-TEC_SEO_Keyword_Universe_Dubai.xlsx,,GENERATED TAXONOMY,,,,,Broad Volkswagen service,Broad Volkswagen service,/brands/volkswagen-service-dubai,COVERED — PRIMARY,/brands/volkswagen-service-dubai,Existing hub owns broad service and repair discovery,IMPROVE EXISTING OWNER,1 source observations; supporting owner: ; query-only GSC does not establish ranking URL
volkswagen paint protection film,volkswagen paint protection film,Volkswagen,Master Keywords!A6710,DIGI-TEC_SEO_Keyword_Universe_Dubai.xlsx,,GENERATED TAXONOMY,,,,,Broad Volkswagen service,Broad Volkswagen service,/brands/volkswagen-service-dubai,COVERED — PRIMARY,/brands/volkswagen-service-dubai,Existing hub owns broad service and repair discovery,IMPROVE EXISTING OWNER,1 source observations; supporting owner: ; query-only GSC does not establish ranking URL
volkswagen paint protection film dubai,volkswagen paint protection film dubai,Volkswagen,Master Keywords!A6711,DIGI-TEC_SEO_Keyword_Universe_Dubai.xlsx,,GENERATED TAXONOMY,,,,,Broad Volkswagen service,Broad Volkswagen service,/brands/volkswagen-service-dubai,COVERED — PRIMARY,/brands/volkswagen-service-dubai,Existing hub owns broad service and repair discovery,IMPROVE EXISTING OWNER,1 source observations; supporting owner: ; query-only GSC does not establish ranking URL
volkswagen paint repair,volkswagen paint repair,Volkswagen,Master Keywords!A6526,DIGI-TEC_SEO_Keyword_Universe_Dubai.xlsx,,GENERATED TAXONOMY,,,,,Body repair,Body repair,/services/car-body-repair-dubai,COVERED — SECONDARY,/services/car-body-repair-dubai,Existing Volkswagen service route remains intentionally noindex; indexable generic or hub owner,RETAIN EXISTING OWNER,1 source observations; supporting owner: /brands/volkswagen-service-dubai/body-repair; query-only GSC does not establish ranking URL
volkswagen paint repair dubai,volkswagen paint repair dubai,Volkswagen,Master Keywords!A6527,DIGI-TEC_SEO_Keyword_Universe_Dubai.xlsx,,GENERATED TAXONOMY,,,,,Body repair,Body repair,/services/car-body-repair-dubai,COVERED — SECONDARY,/services/car-body-repair-dubai,Existing Volkswagen service route remains intentionally noindex; indexable generic or hub owner,RETAIN EXISTING OWNER,1 source observations; supporting owner: /brands/volkswagen-service-dubai/body-repair; query-only GSC does not establish ranking URL
volkswagen panel repair,volkswagen panel repair,Volkswagen,Master Keywords!A6528,DIGI-TEC_SEO_Keyword_Universe_Dubai.xlsx,,GENERATED TAXONOMY,,,,,Broad Volkswagen service,Broad Volkswagen service,/brands/volkswagen-service-dubai,COVERED — PRIMARY,/brands/volkswagen-service-dubai,Existing hub owns broad service and repair discovery,IMPROVE EXISTING OWNER,1 source observations; supporting owner: ; query-only GSC does not establish ranking URL
volkswagen panel repair dubai,volkswagen panel repair dubai,Volkswagen,Master Keywords!A6529,DIGI-TEC_SEO_Keyword_Universe_Dubai.xlsx,,GENERATED TAXONOMY,,,,,Broad Volkswagen service,Broad Volkswagen service,/brands/volkswagen-service-dubai,COVERED — PRIMARY,/brands/volkswagen-service-dubai,Existing hub owns broad service and repair discovery,IMPROVE EXISTING OWNER,1 source observations; supporting owner: ; query-only GSC does not establish ranking URL
volkswagen performance tuning,volkswagen performance tuning,Volkswagen,Master Keywords!A6686,DIGI-TEC_SEO_Keyword_Universe_Dubai.xlsx,,GENERATED TAXONOMY,,,,,Broad Volkswagen service,Broad Volkswagen service,/brands/volkswagen-service-dubai,COVERED — PRIMARY,/brands/volkswagen-service-dubai,Existing hub owns broad service and repair discovery,IMPROVE EXISTING OWNER,1 source observations; supporting owner: ; query-only GSC does not establish ranking URL
volkswagen performance tuning dubai,volkswagen performance tuning dubai,Volkswagen,Master Keywords!A6687,DIGI-TEC_SEO_Keyword_Universe_Dubai.xlsx,,GENERATED TAXONOMY,,,,,Broad Volkswagen service,Broad Volkswagen service,/brands/volkswagen-service-dubai,COVERED — PRIMARY,/brands/volkswagen-service-dubai,Existing hub owns broad service and repair discovery,IMPROVE EXISTING OWNER,1 source observations; supporting owner: ; query-only GSC does not establish ranking URL
volkswagen performance upgrade,volkswagen performance upgrade,Volkswagen,Master Keywords!A6688,DIGI-TEC_SEO_Keyword_Universe_Dubai.xlsx,,GENERATED TAXONOMY,,,,,Broad Volkswagen service,Broad Volkswagen service,/brands/volkswagen-service-dubai,COVERED — PRIMARY,/brands/volkswagen-service-dubai,Existing hub owns broad service and repair discovery,IMPROVE EXISTING OWNER,1 source observations; supporting owner: ; query-only GSC does not establish ranking URL
volkswagen performance upgrade dubai,volkswagen performance upgrade dubai,Volkswagen,Master Keywords!A6689,DIGI-TEC_SEO_Keyword_Universe_Dubai.xlsx,,GENERATED TAXONOMY,,,,,Broad Volkswagen service,Broad Volkswagen service,/brands/volkswagen-service-dubai,COVERED — PRIMARY,/brands/volkswagen-service-dubai,Existing hub owns broad service and repair discovery,IMPROVE EXISTING OWNER,1 source observations; supporting owner: ; query-only GSC does not establish ranking URL
volkswagen periodic service,volkswagen periodic service,Volkswagen,Master Keywords!A6729,DIGI-TEC_SEO_Keyword_Universe_Dubai.xlsx,,GENERATED TAXONOMY,,,,,Broad Volkswagen service,Broad Volkswagen service,/brands/volkswagen-service-dubai,COVERED — PRIMARY,/brands/volkswagen-service-dubai,Existing hub owns broad service and repair discovery,IMPROVE EXISTING OWNER,1 source observations; supporting owner: ; query-only GSC does not establish ranking URL
volkswagen periodic service dubai,volkswagen periodic service dubai,Volkswagen,Master Keywords!A6730,DIGI-TEC_SEO_Keyword_Universe_Dubai.xlsx,,GENERATED TAXONOMY,,,,,Broad Volkswagen service,Broad Volkswagen service,/brands/volkswagen-service-dubai,COVERED — PRIMARY,/brands/volkswagen-service-dubai,Existing hub owns broad service and repair discovery,IMPROVE EXISTING OWNER,1 source observations; supporting owner: ; query-only GSC does not establish ranking URL
volkswagen power steering pump replacement,volkswagen power steering pump replacement,Volkswagen,Master Keywords!A6737,DIGI-TEC_SEO_Keyword_Universe_Dubai.xlsx,,GENERATED TAXONOMY,,,,,Suspension/steering,Suspension/steering,/services/suspension-repair-dubai,COVERED — SECONDARY,/services/suspension-repair-dubai,Existing Volkswagen service route remains intentionally noindex; indexable generic or hub owner,RETAIN EXISTING OWNER,1 source observations; supporting owner: /brands/volkswagen-service-dubai/suspension-repair; query-only GSC does not establish ranking URL
volkswagen power steering pump replacement dubai,volkswagen power steering pump replacement dubai,Volkswagen,Master Keywords!A6738,DIGI-TEC_SEO_Keyword_Universe_Dubai.xlsx,,GENERATED TAXONOMY,,,,,Suspension/steering,Suspension/steering,/services/suspension-repair-dubai,COVERED — SECONDARY,/services/suspension-repair-dubai,Existing Volkswagen service route remains intentionally noindex; indexable generic or hub owner,RETAIN EXISTING OWNER,1 source observations; supporting owner: /brands/volkswagen-service-dubai/suspension-repair; query-only GSC does not establish ranking URL
volkswagen power steering repair,volkswagen power steering repair,Volkswagen,Master Keywords!A6739,DIGI-TEC_SEO_Keyword_Universe_Dubai.xlsx,,GENERATED TAXONOMY,,,,,Suspension/steering,Suspension/steering,/services/suspension-repair-dubai,COVERED — SECONDARY,/services/suspension-repair-dubai,Existing Volkswagen service route remains intentionally noindex; indexable generic or hub owner,RETAIN EXISTING OWNER,1 source observations; supporting owner: /brands/volkswagen-service-dubai/suspension-repair; query-only GSC does not establish ranking URL
volkswagen power steering repair dubai,volkswagen power steering repair dubai,Volkswagen,Master Keywords!A6740,DIGI-TEC_SEO_Keyword_Universe_Dubai.xlsx,,GENERATED TAXONOMY,,,,,Suspension/steering,Suspension/steering,/services/suspension-repair-dubai,COVERED — SECONDARY,/services/suspension-repair-dubai,Existing Volkswagen service route remains intentionally noindex; indexable generic or hub owner,RETAIN EXISTING OWNER,1 source observations; supporting owner: /brands/volkswagen-service-dubai/suspension-repair; query-only GSC does not establish ranking URL
volkswagen power window repair,volkswagen power window repair,Volkswagen,Master Keywords!A6558,DIGI-TEC_SEO_Keyword_Universe_Dubai.xlsx,,GENERATED TAXONOMY,,,,,Broad Volkswagen service,Broad Volkswagen service,/brands/volkswagen-service-dubai,COVERED — PRIMARY,/brands/volkswagen-service-dubai,Existing hub owns broad service and repair discovery,IMPROVE EXISTING OWNER,1 source observations; supporting owner: ; query-only GSC does not establish ranking URL
volkswagen power window repair dubai,volkswagen power window repair dubai,Volkswagen,Master Keywords!A6559,DIGI-TEC_SEO_Keyword_Universe_Dubai.xlsx,,GENERATED TAXONOMY,,,,,Broad Volkswagen service,Broad Volkswagen service,/brands/volkswagen-service-dubai,COVERED — PRIMARY,/brands/volkswagen-service-dubai,Existing hub owns broad service and repair discovery,IMPROVE EXISTING OWNER,1 source observations; supporting owner: ; query-only GSC does not establish ranking URL
volkswagen ppf,volkswagen ppf,Volkswagen,Master Keywords!A6712,DIGI-TEC_SEO_Keyword_Universe_Dubai.xlsx,,GENERATED TAXONOMY,,,,,Broad Volkswagen service,Broad Volkswagen service,/brands/volkswagen-service-dubai,COVERED — PRIMARY,/brands/volkswagen-service-dubai,Existing hub owns broad service and repair discovery,IMPROVE EXISTING OWNER,1 source observations; supporting owner: ; query-only GSC does not establish ranking URL
volkswagen ppf dubai,volkswagen ppf dubai,Volkswagen,Master Keywords!A6713,DIGI-TEC_SEO_Keyword_Universe_Dubai.xlsx,,GENERATED TAXONOMY,,,,,Broad Volkswagen service,Broad Volkswagen service,/brands/volkswagen-service-dubai,COVERED — PRIMARY,/brands/volkswagen-service-dubai,Existing hub owns broad service and repair discovery,IMPROVE EXISTING OWNER,1 source observations; supporting owner: ; query-only GSC does not establish ranking URL
volkswagen ppf installation,volkswagen ppf installation,Volkswagen,Master Keywords!A6714,DIGI-TEC_SEO_Keyword_Universe_Dubai.xlsx,,GENERATED TAXONOMY,,,,,Broad Volkswagen service,Broad Volkswagen service,/brands/volkswagen-service-dubai,COVERED — PRIMARY,/brands/volkswagen-service-dubai,Existing hub owns broad service and repair discovery,IMPROVE EXISTING OWNER,1 source observations; supporting owner: ; query-only GSC does not establish ranking URL
volkswagen ppf installation dubai,volkswagen ppf installation dubai,Volkswagen,Master Keywords!A6715,DIGI-TEC_SEO_Keyword_Universe_Dubai.xlsx,,GENERATED TAXONOMY,,,,,Broad Volkswagen service,Broad Volkswagen service,/brands/volkswagen-service-dubai,COVERED — PRIMARY,/brands/volkswagen-service-dubai,Existing hub owns broad service and repair discovery,IMPROVE EXISTING OWNER,1 source observations; supporting owner: ; query-only GSC does not establish ranking URL
volkswagen ppi,volkswagen ppi,Volkswagen,Master Keywords!A6672,DIGI-TEC_SEO_Keyword_Universe_Dubai.xlsx,,GENERATED TAXONOMY,,,,,Broad Volkswagen service,Broad Volkswagen service,/brands/volkswagen-service-dubai,COVERED — PRIMARY,/brands/volkswagen-service-dubai,Existing hub owns broad service and repair discovery,IMPROVE EXISTING OWNER,1 source observations; supporting owner: ; query-only GSC does not establish ranking URL
volkswagen ppi dubai,volkswagen ppi dubai,Volkswagen,Master Keywords!A6673,DIGI-TEC_SEO_Keyword_Universe_Dubai.xlsx,,GENERATED TAXONOMY,,,,,Broad Volkswagen service,Broad Volkswagen service,/brands/volkswagen-service-dubai,COVERED — PRIMARY,/brands/volkswagen-service-dubai,Existing hub owns broad service and repair discovery,IMPROVE EXISTING OWNER,1 source observations; supporting owner: ; query-only GSC does not establish ranking URL
volkswagen pre purchase inspection,volkswagen pre purchase inspection,Volkswagen,Master Keywords!A6674,DIGI-TEC_SEO_Keyword_Universe_Dubai.xlsx,,GENERATED TAXONOMY,,,,,Broad Volkswagen service,Broad Volkswagen service,/brands/volkswagen-service-dubai,COVERED — PRIMARY,/brands/volkswagen-service-dubai,Existing hub owns broad service and repair discovery,IMPROVE EXISTING OWNER,1 source observations; supporting owner: ; query-only GSC does not establish ranking URL
volkswagen pre purchase inspection dubai,volkswagen pre purchase inspection dubai,Volkswagen,Master Keywords!A6675,DIGI-TEC_SEO_Keyword_Universe_Dubai.xlsx,,GENERATED TAXONOMY,,,,,Broad Volkswagen service,Broad Volkswagen service,/brands/volkswagen-service-dubai,COVERED — PRIMARY,/brands/volkswagen-service-dubai,Existing hub owns broad service and repair discovery,IMPROVE EXISTING OWNER,1 source observations; supporting owner: ; query-only GSC does not establish ranking URL
volkswagen puncture repair,volkswagen puncture repair,Volkswagen,Master Keywords!A6775,DIGI-TEC_SEO_Keyword_Universe_Dubai.xlsx,,GENERATED TAXONOMY,,,,,Broad Volkswagen service,Broad Volkswagen service,/brands/volkswagen-service-dubai,COVERED — PRIMARY,/brands/volkswagen-service-dubai,Existing hub owns broad service and repair discovery,IMPROVE EXISTING OWNER,1 source observations; supporting owner: ; query-only GSC does not establish ranking URL
volkswagen puncture repair dubai,volkswagen puncture repair dubai,Volkswagen,Master Keywords!A6776,DIGI-TEC_SEO_Keyword_Universe_Dubai.xlsx,,GENERATED TAXONOMY,,,,,Broad Volkswagen service,Broad Volkswagen service,/brands/volkswagen-service-dubai,COVERED — PRIMARY,/brands/volkswagen-service-dubai,Existing hub owns broad service and repair discovery,IMPROVE EXISTING OWNER,1 source observations; supporting owner: ; query-only GSC does not establish ranking URL
volkswagen radiator repair,volkswagen radiator repair,Volkswagen,Master Keywords!A6511,DIGI-TEC_SEO_Keyword_Universe_Dubai.xlsx,,GENERATED TAXONOMY,,,,,Mechanical/cooling,Mechanical/cooling,/services/mechanical-repair-dubai,COVERED — SECONDARY,/services/mechanical-repair-dubai,Existing Volkswagen service route remains intentionally noindex; indexable generic or hub owner,RETAIN EXISTING OWNER,1 source observations; supporting owner: /brands/volkswagen-service-dubai/mechanical-repair; query-only GSC does not establish ranking URL
volkswagen radiator repair dubai,volkswagen radiator repair dubai,Volkswagen,Master Keywords!A2148,DIGI-TEC_SEO_Keyword_Universe_Dubai.xlsx,,GENERATED TAXONOMY,,,,,Mechanical/cooling,Mechanical/cooling,/services/mechanical-repair-dubai,COVERED — SECONDARY,/services/mechanical-repair-dubai,Existing Volkswagen service route remains intentionally noindex; indexable generic or hub owner,RETAIN EXISTING OWNER,1 source observations; supporting owner: /brands/volkswagen-service-dubai/mechanical-repair; query-only GSC does not establish ranking URL
volkswagen repair,volkswagen repair,Volkswagen,Queries!A507,digitecme.com-Performance-on-Search-2026-09-27.xlsx,2026-04-12 to 2026-09-25,MEASURED ORIGINAL GSC,0.0,45.0,0.0,26.96,Broad Volkswagen service,Broad Volkswagen service,/brands/volkswagen-service-dubai,COVERED — PRIMARY,/brands/volkswagen-service-dubai,Existing hub owns broad service and repair discovery,IMPROVE EXISTING OWNER,14 source observations; supporting owner: ; query-only GSC does not establish ranking URL
volkswagen repair dubai,volkswagen repair dubai,Volkswagen,Queries!A385,digitecme.com-Performance-on-Search-2026-09-27.xlsx,2026-04-12 to 2026-09-25,MEASURED ORIGINAL GSC,0.0,64.0,0.0,29.34,Broad Volkswagen service,Broad Volkswagen service,/brands/volkswagen-service-dubai,COVERED — PRIMARY,/brands/volkswagen-service-dubai,Existing hub owns broad service and repair discovery,IMPROVE EXISTING OWNER,9 source observations; supporting owner: ; query-only GSC does not establish ranking URL
volkswagen repair in dubai,volkswagen repair in dubai,Volkswagen,Queries!A642,digitecme.com-Performance-on-Search-2026-09-27.xlsx,2026-04-12 to 2026-09-25,MEASURED ORIGINAL GSC,0.0,34.0,0.0,31.82,Broad Volkswagen service,Broad Volkswagen service,/brands/volkswagen-service-dubai,COVERED — PRIMARY,/brands/volkswagen-service-dubai,Existing hub owns broad service and repair discovery,IMPROVE EXISTING OWNER,6 source observations; supporting owner: ; query-only GSC does not establish ranking URL
volkswagen repair near me,volkswagen repair near me,Volkswagen,Master Keywords!A6632,DIGI-TEC_SEO_Keyword_Universe_Dubai.xlsx,,GENERATED TAXONOMY,,,,,Broad Volkswagen service,Broad Volkswagen service,/brands/volkswagen-service-dubai,COVERED — PRIMARY,/brands/volkswagen-service-dubai,Existing hub owns broad service and repair discovery,IMPROVE EXISTING OWNER,1 source observations; supporting owner: ; query-only GSC does not establish ranking URL
vw repair specialist,volkswagen repair specialist,Volkswagen,Queries!A552,digitecme.com-Performance-on-Search-2026-09-27.xlsx,2026-04-12 to 2026-09-25,MEASURED ORIGINAL GSC,0.0,41.0,0.0,48.83,Broad Volkswagen service,Broad Volkswagen service,/brands/volkswagen-service-dubai,COVERED — PRIMARY,/brands/volkswagen-service-dubai,Existing hub owns broad service and repair discovery,IMPROVE EXISTING OWNER,7 source observations; supporting owner: ; query-only GSC does not establish ranking URL
volkswagen reverse camera installation,volkswagen reverse camera installation,Volkswagen,Master Keywords!A6654,DIGI-TEC_SEO_Keyword_Universe_Dubai.xlsx,,GENERATED TAXONOMY,,,,,Electrical/infotainment,Electrical/infotainment,/services/auto-electrical-repair-dubai,COVERED — SECONDARY,/services/auto-electrical-repair-dubai,Existing Volkswagen service route remains intentionally noindex; indexable generic or hub owner,RETAIN EXISTING OWNER,1 source observations; supporting owner: /brands/volkswagen-service-dubai/electrical-repair; query-only GSC does not establish ranking URL
volkswagen reverse camera installation dubai,volkswagen reverse camera installation dubai,Volkswagen,Master Keywords!A6655,DIGI-TEC_SEO_Keyword_Universe_Dubai.xlsx,,GENERATED TAXONOMY,,,,,Electrical/infotainment,Electrical/infotainment,/services/auto-electrical-repair-dubai,COVERED — SECONDARY,/services/auto-electrical-repair-dubai,Existing Volkswagen service route remains intentionally noindex; indexable generic or hub owner,RETAIN EXISTING OWNER,1 source observations; supporting owner: /brands/volkswagen-service-dubai/electrical-repair; query-only GSC does not establish ranking URL
volkswagen reverse camera repair,volkswagen reverse camera repair,Volkswagen,Master Keywords!A6656,DIGI-TEC_SEO_Keyword_Universe_Dubai.xlsx,,GENERATED TAXONOMY,,,,,Electrical/infotainment,Electrical/infotainment,/services/auto-electrical-repair-dubai,COVERED — SECONDARY,/services/auto-electrical-repair-dubai,Existing Volkswagen service route remains intentionally noindex; indexable generic or hub owner,RETAIN EXISTING OWNER,1 source observations; supporting owner: /brands/volkswagen-service-dubai/electrical-repair; query-only GSC does not establish ranking URL
volkswagen reverse camera repair dubai,volkswagen reverse camera repair dubai,Volkswagen,Master Keywords!A6657,DIGI-TEC_SEO_Keyword_Universe_Dubai.xlsx,,GENERATED TAXONOMY,,,,,Electrical/infotainment,Electrical/infotainment,/services/auto-electrical-repair-dubai,COVERED — SECONDARY,/services/auto-electrical-repair-dubai,Existing Volkswagen service route remains intentionally noindex; indexable generic or hub owner,RETAIN EXISTING OWNER,1 source observations; supporting owner: /brands/volkswagen-service-dubai/electrical-repair; query-only GSC does not establish ranking URL
volkswagen ride height adjustment,volkswagen ride height adjustment,Volkswagen,Master Keywords!A6755,DIGI-TEC_SEO_Keyword_Universe_Dubai.xlsx,,GENERATED TAXONOMY,,,,,Broad Volkswagen service,Broad Volkswagen service,/brands/volkswagen-service-dubai,COVERED — PRIMARY,/brands/volkswagen-service-dubai,Existing hub owns broad service and repair discovery,IMPROVE EXISTING OWNER,1 source observations; supporting owner: ; query-only GSC does not establish ranking URL
volkswagen ride height adjustment dubai,volkswagen ride height adjustment dubai,Volkswagen,Master Keywords!A2207,DIGI-TEC_SEO_Keyword_Universe_Dubai.xlsx,,GENERATED TAXONOMY,,,,,Broad Volkswagen service,Broad Volkswagen service,/brands/volkswagen-service-dubai,COVERED — PRIMARY,/brands/volkswagen-service-dubai,Existing hub owns broad service and repair discovery,IMPROVE EXISTING OWNER,1 source observations; supporting owner: ; query-only GSC does not establish ranking URL
volkswagen rim repair,volkswagen rim repair,Volkswagen,Master Keywords!A6777,DIGI-TEC_SEO_Keyword_Universe_Dubai.xlsx,,GENERATED TAXONOMY,,,,,Broad Volkswagen service,Broad Volkswagen service,/brands/volkswagen-service-dubai,COVERED — PRIMARY,/brands/volkswagen-service-dubai,Existing hub owns broad service and repair discovery,IMPROVE EXISTING OWNER,1 source observations; supporting owner: ; query-only GSC does not establish ranking URL
volkswagen rim repair dubai,volkswagen rim repair dubai,Volkswagen,Master Keywords!A6778,DIGI-TEC_SEO_Keyword_Universe_Dubai.xlsx,,GENERATED TAXONOMY,,,,,Broad Volkswagen service,Broad Volkswagen service,/brands/volkswagen-service-dubai,COVERED — PRIMARY,/brands/volkswagen-service-dubai,Existing hub owns broad service and repair discovery,IMPROVE EXISTING OWNER,1 source observations; supporting owner: ; query-only GSC does not establish ranking URL
volkswagen scheduled maintenance,volkswagen scheduled maintenance,Volkswagen,Master Keywords!A6731,DIGI-TEC_SEO_Keyword_Universe_Dubai.xlsx,,GENERATED TAXONOMY,,,,,Broad Volkswagen service,Broad Volkswagen service,/brands/volkswagen-service-dubai,COVERED — PRIMARY,/brands/volkswagen-service-dubai,Existing hub owns broad service and repair discovery,IMPROVE EXISTING OWNER,1 source observations; supporting owner: ; query-only GSC does not establish ranking URL
volkswagen scheduled maintenance dubai,volkswagen scheduled maintenance dubai,Volkswagen,Master Keywords!A6732,DIGI-TEC_SEO_Keyword_Universe_Dubai.xlsx,,GENERATED TAXONOMY,,,,,Broad Volkswagen service,Broad Volkswagen service,/brands/volkswagen-service-dubai,COVERED — PRIMARY,/brands/volkswagen-service-dubai,Existing hub owns broad service and repair discovery,IMPROVE EXISTING OWNER,1 source observations; supporting owner: ; query-only GSC does not establish ranking URL
volkswagen scratch repair,volkswagen scratch repair,Volkswagen,Master Keywords!A6530,DIGI-TEC_SEO_Keyword_Universe_Dubai.xlsx,,GENERATED TAXONOMY,,,,,Broad Volkswagen service,Broad Volkswagen service,/brands/volkswagen-service-dubai,COVERED — PRIMARY,/brands/volkswagen-service-dubai,Existing hub owns broad service and repair discovery,IMPROVE EXISTING OWNER,1 source observations; supporting owner: ; query-only GSC does not establish ranking URL
volkswagen scratch repair dubai,volkswagen scratch repair dubai,Volkswagen,Master Keywords!A6531,DIGI-TEC_SEO_Keyword_Universe_Dubai.xlsx,,GENERATED TAXONOMY,,,,,Broad Volkswagen service,Broad Volkswagen service,/brands/volkswagen-service-dubai,COVERED — PRIMARY,/brands/volkswagen-service-dubai,Existing hub owns broad service and repair discovery,IMPROVE EXISTING OWNER,1 source observations; supporting owner: ; query-only GSC does not establish ranking URL
volkswagen screen repair,volkswagen screen repair,Volkswagen,Master Keywords!A6658,DIGI-TEC_SEO_Keyword_Universe_Dubai.xlsx,,GENERATED TAXONOMY,,,,,Electrical/infotainment,Electrical/infotainment,/services/auto-electrical-repair-dubai,COVERED — SECONDARY,/services/auto-electrical-repair-dubai,Existing Volkswagen service route remains intentionally noindex; indexable generic or hub owner,RETAIN EXISTING OWNER,1 source observations; supporting owner: /brands/volkswagen-service-dubai/electrical-repair; query-only GSC does not establish ranking URL
volkswagen screen repair dubai,volkswagen screen repair dubai,Volkswagen,Master Keywords!A6659,DIGI-TEC_SEO_Keyword_Universe_Dubai.xlsx,,GENERATED TAXONOMY,,,,,Electrical/infotainment,Electrical/infotainment,/services/auto-electrical-repair-dubai,COVERED — SECONDARY,/services/auto-electrical-repair-dubai,Existing Volkswagen service route remains intentionally noindex; indexable generic or hub owner,RETAIN EXISTING OWNER,1 source observations; supporting owner: /brands/volkswagen-service-dubai/electrical-repair; query-only GSC does not establish ranking URL
volkswagen screen replacement,volkswagen screen replacement,Volkswagen,Master Keywords!A6660,DIGI-TEC_SEO_Keyword_Universe_Dubai.xlsx,,GENERATED TAXONOMY,,,,,Electrical/infotainment,Electrical/infotainment,/services/auto-electrical-repair-dubai,COVERED — SECONDARY,/services/auto-electrical-repair-dubai,Existing Volkswagen service route remains intentionally noindex; indexable generic or hub owner,RETAIN EXISTING OWNER,1 source observations; supporting owner: /brands/volkswagen-service-dubai/electrical-repair; query-only GSC does not establish ranking URL
volkswagen screen replacement dubai,volkswagen screen replacement dubai,Volkswagen,Master Keywords!A6661,DIGI-TEC_SEO_Keyword_Universe_Dubai.xlsx,,GENERATED TAXONOMY,,,,,Electrical/infotainment,Electrical/infotainment,/services/auto-electrical-repair-dubai,COVERED — SECONDARY,/services/auto-electrical-repair-dubai,Existing Volkswagen service route remains intentionally noindex; indexable generic or hub owner,RETAIN EXISTING OWNER,1 source observations; supporting owner: /brands/volkswagen-service-dubai/electrical-repair; query-only GSC does not establish ranking URL
volkswagen seat motor repair,volkswagen seat motor repair,Volkswagen,Master Keywords!A6560,DIGI-TEC_SEO_Keyword_Universe_Dubai.xlsx,,GENERATED TAXONOMY,,,,,Broad Volkswagen service,Broad Volkswagen service,/brands/volkswagen-service-dubai,COVERED — PRIMARY,/brands/volkswagen-service-dubai,Existing hub owns broad service and repair discovery,IMPROVE EXISTING OWNER,1 source observations; supporting owner: ; query-only GSC does not establish ranking URL
volkswagen seat motor repair dubai,volkswagen seat motor repair dubai,Volkswagen,Master Keywords!A6561,DIGI-TEC_SEO_Keyword_Universe_Dubai.xlsx,,GENERATED TAXONOMY,,,,,Broad Volkswagen service,Broad Volkswagen service,/brands/volkswagen-service-dubai,COVERED — PRIMARY,/brands/volkswagen-service-dubai,Existing hub owns broad service and repair discovery,IMPROVE EXISTING OWNER,1 source observations; supporting owner: ; query-only GSC does not establish ranking URL
volkswagen seat repair,volkswagen seat repair,Volkswagen,Master Keywords!A6562,DIGI-TEC_SEO_Keyword_Universe_Dubai.xlsx,,GENERATED TAXONOMY,,,,,Broad Volkswagen service,Broad Volkswagen service,/brands/volkswagen-service-dubai,COVERED — PRIMARY,/brands/volkswagen-service-dubai,Existing hub owns broad service and repair discovery,IMPROVE EXISTING OWNER,1 source observations; supporting owner: ; query-only GSC does not establish ranking URL
volkswagen seat repair dubai,volkswagen seat repair dubai,Volkswagen,Master Keywords!A6563,DIGI-TEC_SEO_Keyword_Universe_Dubai.xlsx,,GENERATED TAXONOMY,,,,,Broad Volkswagen service,Broad Volkswagen service,/brands/volkswagen-service-dubai,COVERED — PRIMARY,/brands/volkswagen-service-dubai,Existing hub owns broad service and repair discovery,IMPROVE EXISTING OWNER,1 source observations; supporting owner: ; query-only GSC does not establish ranking URL
volkswagen sensor replacement,volkswagen sensor replacement,Volkswagen,Master Keywords!A6595,DIGI-TEC_SEO_Keyword_Universe_Dubai.xlsx,,GENERATED TAXONOMY,,,,,Broad Volkswagen service,Broad Volkswagen service,/brands/volkswagen-service-dubai,COVERED — PRIMARY,/brands/volkswagen-service-dubai,Existing hub owns broad service and repair discovery,IMPROVE EXISTING OWNER,1 source observations; supporting owner: ; query-only GSC does not establish ranking URL
volkswagen sensor replacement dubai,volkswagen sensor replacement dubai,Volkswagen,Master Keywords!A2182,DIGI-TEC_SEO_Keyword_Universe_Dubai.xlsx,,GENERATED TAXONOMY,,,,,Broad Volkswagen service,Broad Volkswagen service,/brands/volkswagen-service-dubai,COVERED — PRIMARY,/brands/volkswagen-service-dubai,Existing hub owns broad service and repair discovery,IMPROVE EXISTING OWNER,1 source observations; supporting owner: ; query-only GSC does not establish ranking URL
volkswagen service,volkswagen service,Volkswagen,Queries!A505,digitecme.com-Performance-on-Search-2026-09-27.xlsx,2026-04-12 to 2026-09-25,MEASURED ORIGINAL GSC,0.0,45.0,0.0,13.96,Broad Volkswagen service,Broad Volkswagen service,/brands/volkswagen-service-dubai,COVERED — PRIMARY,/brands/volkswagen-service-dubai,Existing hub owns broad service and repair discovery,IMPROVE EXISTING OWNER,9 source observations; supporting owner: ; query-only GSC does not establish ranking URL
vw service booking,volkswagen service booking,Volkswagen,Queries!A661,digitecme.com-Performance-on-Search-2026-09-18.xlsx,2026-09-09 to 2026-09-15,MEASURED ORIGINAL GSC,0.0,2.0,0.0,6.5,Broad Volkswagen service,Broad Volkswagen service,/brands/volkswagen-service-dubai,COVERED — PRIMARY,/brands/volkswagen-service-dubai,Existing hub owns broad service and repair discovery,IMPROVE EXISTING OWNER,1 source observations; supporting owner: ; query-only GSC does not establish ranking URL
volkswagen service center,volkswagen service center,Volkswagen,Master Keywords!A6633,DIGI-TEC_SEO_Keyword_Universe_Dubai.xlsx,,GENERATED TAXONOMY,,,,,Broad Volkswagen service,Broad Volkswagen service,/brands/volkswagen-service-dubai,COVERED — PRIMARY,/brands/volkswagen-service-dubai,Existing hub owns broad service and repair discovery,IMPROVE EXISTING OWNER,2 source observations; supporting owner: ; query-only GSC does not establish ranking URL
volkswagen service center dubai,volkswagen service center dubai,Volkswagen,Queries!A539,digitecme.com-Performance-on-Search-2026-09-27.xlsx,2026-04-12 to 2026-09-25,MEASURED ORIGINAL GSC,0.0,42.0,0.0,35.6,Broad Volkswagen service,Broad Volkswagen service,/brands/volkswagen-service-dubai,COVERED — PRIMARY,/brands/volkswagen-service-dubai,Existing hub owns broad service and repair discovery,IMPROVE EXISTING OWNER,15 source observations; supporting owner: ; query-only GSC does not establish ranking URL
volkswagen service dubai,volkswagen service dubai,Volkswagen,Queries!A330,digitecme.com-Performance-on-Search-2026-09-27.xlsx,2026-04-12 to 2026-09-25,MEASURED ORIGINAL GSC,0.0,75.0,0.0,26.17,Broad Volkswagen service,Broad Volkswagen service,/brands/volkswagen-service-dubai,COVERED — PRIMARY,/brands/volkswagen-service-dubai,Existing hub owns broad service and repair discovery,IMPROVE EXISTING OWNER,11 source observations; supporting owner: ; query-only GSC does not establish ranking URL
volkswagen service near me,volkswagen service near me,Volkswagen,Master Keywords!A6635,DIGI-TEC_SEO_Keyword_Universe_Dubai.xlsx,,GENERATED TAXONOMY,,,,,Broad Volkswagen service,Broad Volkswagen service,/brands/volkswagen-service-dubai,COVERED — PRIMARY,/brands/volkswagen-service-dubai,Existing hub owns broad service and repair discovery,IMPROVE EXISTING OWNER,1 source observations; supporting owner: ; query-only GSC does not establish ranking URL
volkswagen service package,volkswagen service package,Volkswagen,Master Keywords!A6733,DIGI-TEC_SEO_Keyword_Universe_Dubai.xlsx,,GENERATED TAXONOMY,,,,,Broad Volkswagen service,Broad Volkswagen service,/brands/volkswagen-service-dubai,COVERED — PRIMARY,/brands/volkswagen-service-dubai,Existing hub owns broad service and repair discovery,IMPROVE EXISTING OWNER,1 source observations; supporting owner: ; query-only GSC does not establish ranking URL
volkswagen service package dubai,volkswagen service package dubai,Volkswagen,Master Keywords!A6734,DIGI-TEC_SEO_Keyword_Universe_Dubai.xlsx,,GENERATED TAXONOMY,,,,,Broad Volkswagen service,Broad Volkswagen service,/brands/volkswagen-service-dubai,COVERED — PRIMARY,/brands/volkswagen-service-dubai,Existing hub owns broad service and repair discovery,IMPROVE EXISTING OWNER,1 source observations; supporting owner: ; query-only GSC does not establish ranking URL
volkswagen shock absorber replacement,volkswagen shock absorber replacement,Volkswagen,Master Keywords!A6756,DIGI-TEC_SEO_Keyword_Universe_Dubai.xlsx,,GENERATED TAXONOMY,,,,,Suspension/steering,Suspension/steering,/services/suspension-repair-dubai,COVERED — SECONDARY,/services/suspension-repair-dubai,Existing Volkswagen service route remains intentionally noindex; indexable generic or hub owner,RETAIN EXISTING OWNER,1 source observations; supporting owner: /brands/volkswagen-service-dubai/suspension-repair; query-only GSC does not establish ranking URL
volkswagen shock absorber replacement dubai,volkswagen shock absorber replacement dubai,Volkswagen,Master Keywords!A2208,DIGI-TEC_SEO_Keyword_Universe_Dubai.xlsx,,GENERATED TAXONOMY,,,,,Suspension/steering,Suspension/steering,/services/suspension-repair-dubai,COVERED — SECONDARY,/services/suspension-repair-dubai,Existing Volkswagen service route remains intentionally noindex; indexable generic or hub owner,RETAIN EXISTING OWNER,1 source observations; supporting owner: /brands/volkswagen-service-dubai/suspension-repair; query-only GSC does not establish ranking URL
volkswagen soft close door repair,volkswagen soft close door repair,Volkswagen,Master Keywords!A6564,DIGI-TEC_SEO_Keyword_Universe_Dubai.xlsx,,GENERATED TAXONOMY,,,,,Broad Volkswagen service,Broad Volkswagen service,/brands/volkswagen-service-dubai,COVERED — PRIMARY,/brands/volkswagen-service-dubai,Existing hub owns broad service and repair discovery,IMPROVE EXISTING OWNER,1 source observations; supporting owner: ; query-only GSC does not establish ranking URL
volkswagen soft close door repair dubai,volkswagen soft close door repair dubai,Volkswagen,Master Keywords!A6565,DIGI-TEC_SEO_Keyword_Universe_Dubai.xlsx,,GENERATED TAXONOMY,,,,,Broad Volkswagen service,Broad Volkswagen service,/brands/volkswagen-service-dubai,COVERED — PRIMARY,/brands/volkswagen-service-dubai,Existing hub owns broad service and repair discovery,IMPROVE EXISTING OWNER,1 source observations; supporting owner: ; query-only GSC does not establish ranking URL
volkswagen sound system upgrade,volkswagen sound system upgrade,Volkswagen,Master Keywords!A6662,DIGI-TEC_SEO_Keyword_Universe_Dubai.xlsx,,GENERATED TAXONOMY,,,,,Broad Volkswagen service,Broad Volkswagen service,/brands/volkswagen-service-dubai,COVERED — PRIMARY,/brands/volkswagen-service-dubai,Existing hub owns broad service and repair discovery,IMPROVE EXISTING OWNER,1 source observations; supporting owner: ; query-only GSC does not establish ranking URL
volkswagen sound system upgrade dubai,volkswagen sound system upgrade dubai,Volkswagen,Master Keywords!A6663,DIGI-TEC_SEO_Keyword_Universe_Dubai.xlsx,,GENERATED TAXONOMY,,,,,Broad Volkswagen service,Broad Volkswagen service,/brands/volkswagen-service-dubai,COVERED — PRIMARY,/brands/volkswagen-service-dubai,Existing hub owns broad service and repair discovery,IMPROVE EXISTING OWNER,1 source observations; supporting owner: ; query-only GSC does not establish ranking URL
volkswagen spark plug replacement,volkswagen spark plug replacement,Volkswagen,Master Keywords!A6735,DIGI-TEC_SEO_Keyword_Universe_Dubai.xlsx,,GENERATED TAXONOMY,,,,,Broad Volkswagen service,Broad Volkswagen service,/brands/volkswagen-service-dubai,COVERED — PRIMARY,/brands/volkswagen-service-dubai,Existing hub owns broad service and repair discovery,IMPROVE EXISTING OWNER,1 source observations; supporting owner: ; query-only GSC does not establish ranking URL
volkswagen spark plug replacement dubai,volkswagen spark plug replacement dubai,Volkswagen,Master Keywords!A6736,DIGI-TEC_SEO_Keyword_Universe_Dubai.xlsx,,GENERATED TAXONOMY,,,,,Broad Volkswagen service,Broad Volkswagen service,/brands/volkswagen-service-dubai,COVERED — PRIMARY,/brands/volkswagen-service-dubai,Existing hub owns broad service and repair discovery,IMPROVE EXISTING OWNER,1 source observations; supporting owner: ; query-only GSC does not establish ranking URL
volkswagen specialist,volkswagen specialist,Volkswagen,Master Keywords!A6636,DIGI-TEC_SEO_Keyword_Universe_Dubai.xlsx,,GENERATED TAXONOMY,,,,,Broad Volkswagen service,Broad Volkswagen service,/brands/volkswagen-service-dubai,COVERED — PRIMARY,/brands/volkswagen-service-dubai,Existing hub owns broad service and repair discovery,IMPROVE EXISTING OWNER,1 source observations; supporting owner: ; query-only GSC does not establish ranking URL
volkswagen specialist dubai,volkswagen specialist dubai,Volkswagen,Master Keywords!A2202,DIGI-TEC_SEO_Keyword_Universe_Dubai.xlsx,,GENERATED TAXONOMY,,,,,Broad Volkswagen service,Broad Volkswagen service,/brands/volkswagen-service-dubai,COVERED — PRIMARY,/brands/volkswagen-service-dubai,Existing hub owns broad service and repair discovery,IMPROVE EXISTING OWNER,1 source observations; supporting owner: ; query-only GSC does not establish ranking URL
volkswagen specialist near me,volkswagen specialist near me,Volkswagen,Master Keywords!A6637,DIGI-TEC_SEO_Keyword_Universe_Dubai.xlsx,,GENERATED TAXONOMY,,,,,Broad Volkswagen service,Broad Volkswagen service,/brands/volkswagen-service-dubai,COVERED — PRIMARY,/brands/volkswagen-service-dubai,Existing hub owns broad service and repair discovery,IMPROVE EXISTING OWNER,1 source observations; supporting owner: ; query-only GSC does not establish ranking URL
volkswagen stage 1 tuning,volkswagen stage 1 tuning,Volkswagen,Master Keywords!A6690,DIGI-TEC_SEO_Keyword_Universe_Dubai.xlsx,,GENERATED TAXONOMY,,,,,Broad Volkswagen service,Broad Volkswagen service,/brands/volkswagen-service-dubai,COVERED — PRIMARY,/brands/volkswagen-service-dubai,Existing hub owns broad service and repair discovery,IMPROVE EXISTING OWNER,1 source observations; supporting owner: ; query-only GSC does not establish ranking URL
volkswagen stage 1 tuning dubai,volkswagen stage 1 tuning dubai,Volkswagen,Master Keywords!A6691,DIGI-TEC_SEO_Keyword_Universe_Dubai.xlsx,,GENERATED TAXONOMY,,,,,Broad Volkswagen service,Broad Volkswagen service,/brands/volkswagen-service-dubai,COVERED — PRIMARY,/brands/volkswagen-service-dubai,Existing hub owns broad service and repair discovery,IMPROVE EXISTING OWNER,1 source observations; supporting owner: ; query-only GSC does not establish ranking URL
volkswagen stage 2 tuning,volkswagen stage 2 tuning,Volkswagen,Master Keywords!A6692,DIGI-TEC_SEO_Keyword_Universe_Dubai.xlsx,,GENERATED TAXONOMY,,,,,Unverified capability,Unverified capability,,NOT TARGETED — INTENTIONALLY,,Exact Volkswagen service capability is unverified,RETAIN EXISTING OWNER,1 source observations; supporting owner: ; query-only GSC does not establish ranking URL
volkswagen stage 2 tuning dubai,volkswagen stage 2 tuning dubai,Volkswagen,Master Keywords!A6693,DIGI-TEC_SEO_Keyword_Universe_Dubai.xlsx,,GENERATED TAXONOMY,,,,,Unverified capability,Unverified capability,,NOT TARGETED — INTENTIONALLY,,Exact Volkswagen service capability is unverified,RETAIN EXISTING OWNER,1 source observations; supporting owner: ; query-only GSC does not establish ranking URL
volkswagen starter motor repair,volkswagen starter motor repair,Volkswagen,Master Keywords!A6596,DIGI-TEC_SEO_Keyword_Universe_Dubai.xlsx,,GENERATED TAXONOMY,,,,,Broad Volkswagen service,Broad Volkswagen service,/brands/volkswagen-service-dubai,COVERED — PRIMARY,/brands/volkswagen-service-dubai,Existing hub owns broad service and repair discovery,IMPROVE EXISTING OWNER,1 source observations; supporting owner: ; query-only GSC does not establish ranking URL
volkswagen starter motor repair dubai,volkswagen starter motor repair dubai,Volkswagen,Master Keywords!A2183,DIGI-TEC_SEO_Keyword_Universe_Dubai.xlsx,,GENERATED TAXONOMY,,,,,Broad Volkswagen service,Broad Volkswagen service,/brands/volkswagen-service-dubai,COVERED — PRIMARY,/brands/volkswagen-service-dubai,Existing hub owns broad service and repair discovery,IMPROVE EXISTING OWNER,1 source observations; supporting owner: ; query-only GSC does not establish ranking URL
volkswagen starter replacement,volkswagen starter replacement,Volkswagen,Master Keywords!A6597,DIGI-TEC_SEO_Keyword_Universe_Dubai.xlsx,,GENERATED TAXONOMY,,,,,Broad Volkswagen service,Broad Volkswagen service,/brands/volkswagen-service-dubai,COVERED — PRIMARY,/brands/volkswagen-service-dubai,Existing hub owns broad service and repair discovery,IMPROVE EXISTING OWNER,1 source observations; supporting owner: ; query-only GSC does not establish ranking URL
volkswagen starter replacement dubai,volkswagen starter replacement dubai,Volkswagen,Master Keywords!A2184,DIGI-TEC_SEO_Keyword_Universe_Dubai.xlsx,,GENERATED TAXONOMY,,,,,Broad Volkswagen service,Broad Volkswagen service,/brands/volkswagen-service-dubai,COVERED — PRIMARY,/brands/volkswagen-service-dubai,Existing hub owns broad service and repair discovery,IMPROVE EXISTING OWNER,1 source observations; supporting owner: ; query-only GSC does not establish ranking URL
volkswagen steering noise repair,volkswagen steering noise repair,Volkswagen,Master Keywords!A6741,DIGI-TEC_SEO_Keyword_Universe_Dubai.xlsx,,GENERATED TAXONOMY,,,,,Suspension/steering,Suspension/steering,/services/suspension-repair-dubai,COVERED — SECONDARY,/services/suspension-repair-dubai,Existing Volkswagen service route remains intentionally noindex; indexable generic or hub owner,RETAIN EXISTING OWNER,1 source observations; supporting owner: /brands/volkswagen-service-dubai/suspension-repair; query-only GSC does not establish ranking URL
volkswagen steering noise repair dubai,volkswagen steering noise repair dubai,Volkswagen,Master Keywords!A6742,DIGI-TEC_SEO_Keyword_Universe_Dubai.xlsx,,GENERATED TAXONOMY,,,,,Suspension/steering,Suspension/steering,/services/suspension-repair-dubai,COVERED — SECONDARY,/services/suspension-repair-dubai,Existing Volkswagen service route remains intentionally noindex; indexable generic or hub owner,RETAIN EXISTING OWNER,1 source observations; supporting owner: /brands/volkswagen-service-dubai/suspension-repair; query-only GSC does not establish ranking URL
volkswagen steering rack repair,volkswagen steering rack repair,Volkswagen,Master Keywords!A6743,DIGI-TEC_SEO_Keyword_Universe_Dubai.xlsx,,GENERATED TAXONOMY,,,,,Suspension/steering,Suspension/steering,/services/suspension-repair-dubai,COVERED — SECONDARY,/services/suspension-repair-dubai,Existing Volkswagen service route remains intentionally noindex; indexable generic or hub owner,RETAIN EXISTING OWNER,1 source observations; supporting owner: /brands/volkswagen-service-dubai/suspension-repair; query-only GSC does not establish ranking URL
volkswagen steering rack repair dubai,volkswagen steering rack repair dubai,Volkswagen,Master Keywords!A6744,DIGI-TEC_SEO_Keyword_Universe_Dubai.xlsx,,GENERATED TAXONOMY,,,,,Suspension/steering,Suspension/steering,/services/suspension-repair-dubai,COVERED — SECONDARY,/services/suspension-repair-dubai,Existing Volkswagen service route remains intentionally noindex; indexable generic or hub owner,RETAIN EXISTING OWNER,1 source observations; supporting owner: /brands/volkswagen-service-dubai/suspension-repair; query-only GSC does not establish ranking URL
volkswagen steering rack replacement,volkswagen steering rack replacement,Volkswagen,Master Keywords!A6745,DIGI-TEC_SEO_Keyword_Universe_Dubai.xlsx,,GENERATED TAXONOMY,,,,,Suspension/steering,Suspension/steering,/services/suspension-repair-dubai,COVERED — SECONDARY,/services/suspension-repair-dubai,Existing Volkswagen service route remains intentionally noindex; indexable generic or hub owner,RETAIN EXISTING OWNER,1 source observations; supporting owner: /brands/volkswagen-service-dubai/suspension-repair; query-only GSC does not establish ranking URL
volkswagen steering rack replacement dubai,volkswagen steering rack replacement dubai,Volkswagen,Master Keywords!A6746,DIGI-TEC_SEO_Keyword_Universe_Dubai.xlsx,,GENERATED TAXONOMY,,,,,Suspension/steering,Suspension/steering,/services/suspension-repair-dubai,COVERED — SECONDARY,/services/suspension-repair-dubai,Existing Volkswagen service route remains intentionally noindex; indexable generic or hub owner,RETAIN EXISTING OWNER,1 source observations; supporting owner: /brands/volkswagen-service-dubai/suspension-repair; query-only GSC does not establish ranking URL
volkswagen steering repair,volkswagen steering repair,Volkswagen,Master Keywords!A6747,DIGI-TEC_SEO_Keyword_Universe_Dubai.xlsx,,GENERATED TAXONOMY,,,,,Suspension/steering,Suspension/steering,/services/suspension-repair-dubai,COVERED — SECONDARY,/services/suspension-repair-dubai,Existing Volkswagen service route remains intentionally noindex; indexable generic or hub owner,RETAIN EXISTING OWNER,1 source observations; supporting owner: /brands/volkswagen-service-dubai/suspension-repair; query-only GSC does not establish ranking URL
volkswagen steering repair dubai,volkswagen steering repair dubai,Volkswagen,Master Keywords!A6748,DIGI-TEC_SEO_Keyword_Universe_Dubai.xlsx,,GENERATED TAXONOMY,,,,,Suspension/steering,Suspension/steering,/services/suspension-repair-dubai,COVERED — SECONDARY,/services/suspension-repair-dubai,Existing Volkswagen service route remains intentionally noindex; indexable generic or hub owner,RETAIN EXISTING OWNER,1 source observations; supporting owner: /brands/volkswagen-service-dubai/suspension-repair; query-only GSC does not establish ranking URL
volkswagen stereo repair,volkswagen stereo repair,Volkswagen,Master Keywords!A6664,DIGI-TEC_SEO_Keyword_Universe_Dubai.xlsx,,GENERATED TAXONOMY,,,,,Broad Volkswagen service,Broad Volkswagen service,/brands/volkswagen-service-dubai,COVERED — PRIMARY,/brands/volkswagen-service-dubai,Existing hub owns broad service and repair discovery,IMPROVE EXISTING OWNER,1 source observations; supporting owner: ; query-only GSC does not establish ranking URL
volkswagen stereo repair dubai,volkswagen stereo repair dubai,Volkswagen,Master Keywords!A6665,DIGI-TEC_SEO_Keyword_Universe_Dubai.xlsx,,GENERATED TAXONOMY,,,,,Broad Volkswagen service,Broad Volkswagen service,/brands/volkswagen-service-dubai,COVERED — PRIMARY,/brands/volkswagen-service-dubai,Existing hub owns broad service and repair discovery,IMPROVE EXISTING OWNER,1 source observations; supporting owner: ; query-only GSC does not establish ranking URL
volkswagen stereo upgrade,volkswagen stereo upgrade,Volkswagen,Master Keywords!A6666,DIGI-TEC_SEO_Keyword_Universe_Dubai.xlsx,,GENERATED TAXONOMY,,,,,Broad Volkswagen service,Broad Volkswagen service,/brands/volkswagen-service-dubai,COVERED — PRIMARY,/brands/volkswagen-service-dubai,Existing hub owns broad service and repair discovery,IMPROVE EXISTING OWNER,1 source observations; supporting owner: ; query-only GSC does not establish ranking URL
volkswagen stereo upgrade dubai,volkswagen stereo upgrade dubai,Volkswagen,Master Keywords!A6667,DIGI-TEC_SEO_Keyword_Universe_Dubai.xlsx,,GENERATED TAXONOMY,,,,,Broad Volkswagen service,Broad Volkswagen service,/brands/volkswagen-service-dubai,COVERED — PRIMARY,/brands/volkswagen-service-dubai,Existing hub owns broad service and repair discovery,IMPROVE EXISTING OWNER,1 source observations; supporting owner: ; query-only GSC does not establish ranking URL
volkswagen strut replacement,volkswagen strut replacement,Volkswagen,Master Keywords!A6757,DIGI-TEC_SEO_Keyword_Universe_Dubai.xlsx,,GENERATED TAXONOMY,,,,,Broad Volkswagen service,Broad Volkswagen service,/brands/volkswagen-service-dubai,COVERED — PRIMARY,/brands/volkswagen-service-dubai,Existing hub owns broad service and repair discovery,IMPROVE EXISTING OWNER,1 source observations; supporting owner: ; query-only GSC does not establish ranking URL
volkswagen strut replacement dubai,volkswagen strut replacement dubai,Volkswagen,Master Keywords!A2209,DIGI-TEC_SEO_Keyword_Universe_Dubai.xlsx,,GENERATED TAXONOMY,,,,,Broad Volkswagen service,Broad Volkswagen service,/brands/volkswagen-service-dubai,COVERED — PRIMARY,/brands/volkswagen-service-dubai,Existing hub owns broad service and repair discovery,IMPROVE EXISTING OWNER,1 source observations; supporting owner: ; query-only GSC does not establish ranking URL
volkswagen sunroof repair,volkswagen sunroof repair,Volkswagen,Master Keywords!A6566,DIGI-TEC_SEO_Keyword_Universe_Dubai.xlsx,,GENERATED TAXONOMY,,,,,Broad Volkswagen service,Broad Volkswagen service,/brands/volkswagen-service-dubai,COVERED — PRIMARY,/brands/volkswagen-service-dubai,Existing hub owns broad service and repair discovery,IMPROVE EXISTING OWNER,1 source observations; supporting owner: ; query-only GSC does not establish ranking URL
volkswagen sunroof repair dubai,volkswagen sunroof repair dubai,Volkswagen,Master Keywords!A6567,DIGI-TEC_SEO_Keyword_Universe_Dubai.xlsx,,GENERATED TAXONOMY,,,,,Broad Volkswagen service,Broad Volkswagen service,/brands/volkswagen-service-dubai,COVERED — PRIMARY,/brands/volkswagen-service-dubai,Existing hub owns broad service and repair discovery,IMPROVE EXISTING OWNER,1 source observations; supporting owner: ; query-only GSC does not establish ranking URL
volkswagen suspension noise repair,volkswagen suspension noise repair,Volkswagen,Master Keywords!A6758,DIGI-TEC_SEO_Keyword_Universe_Dubai.xlsx,,GENERATED TAXONOMY,,,,,Suspension/steering,Suspension/steering,/services/suspension-repair-dubai,COVERED — SECONDARY,/services/suspension-repair-dubai,Existing Volkswagen service route remains intentionally noindex; indexable generic or hub owner,RETAIN EXISTING OWNER,1 source observations; supporting owner: /brands/volkswagen-service-dubai/suspension-repair; query-only GSC does not establish ranking URL
volkswagen suspension noise repair dubai,volkswagen suspension noise repair dubai,Volkswagen,Master Keywords!A2210,DIGI-TEC_SEO_Keyword_Universe_Dubai.xlsx,,GENERATED TAXONOMY,,,,,Suspension/steering,Suspension/steering,/services/suspension-repair-dubai,COVERED — SECONDARY,/services/suspension-repair-dubai,Existing Volkswagen service route remains intentionally noindex; indexable generic or hub owner,RETAIN EXISTING OWNER,1 source observations; supporting owner: /brands/volkswagen-service-dubai/suspension-repair; query-only GSC does not establish ranking URL
volkswagen suspension repair,volkswagen suspension repair,Volkswagen,Master Keywords!A6759,DIGI-TEC_SEO_Keyword_Universe_Dubai.xlsx,,GENERATED TAXONOMY,,,,,Suspension/steering,Suspension/steering,/services/suspension-repair-dubai,COVERED — SECONDARY,/services/suspension-repair-dubai,Existing Volkswagen service route remains intentionally noindex; indexable generic or hub owner,RETAIN EXISTING OWNER,1 source observations; supporting owner: /brands/volkswagen-service-dubai/suspension-repair; query-only GSC does not establish ranking URL
volkswagen suspension repair dubai,volkswagen suspension repair dubai,Volkswagen,Queries!A947,digitecme.com-Performance-on-Search-2026-09-05.xlsx,2026-08-06 to 2026-09-02,MEASURED ORIGINAL GSC,0.0,4.0,0.0,2.5,Suspension/steering,Suspension/steering,/services/suspension-repair-dubai,COVERED — SECONDARY,/services/suspension-repair-dubai,Existing Volkswagen service route remains intentionally noindex; indexable generic or hub owner,RETAIN EXISTING OWNER,2 source observations; supporting owner: /brands/volkswagen-service-dubai/suspension-repair; query-only GSC does not establish ranking URL
volkswagen suspension repair near me,volkswagen suspension repair near me,Volkswagen,Master Keywords!A6760,DIGI-TEC_SEO_Keyword_Universe_Dubai.xlsx,,GENERATED TAXONOMY,,,,,Suspension/steering,Suspension/steering,/services/suspension-repair-dubai,COVERED — SECONDARY,/services/suspension-repair-dubai,Existing Volkswagen service route remains intentionally noindex; indexable generic or hub owner,RETAIN EXISTING OWNER,1 source observations; supporting owner: /brands/volkswagen-service-dubai/suspension-repair; query-only GSC does not establish ranking URL
volkswagen suspension warning light,volkswagen suspension warning light,Volkswagen,Master Keywords!A6761,DIGI-TEC_SEO_Keyword_Universe_Dubai.xlsx,,GENERATED TAXONOMY,,,,,Volkswagen diagnostics/EPC,Volkswagen diagnostics/EPC,/brands/volkswagen-service-dubai/engine-diagnostics,COVERED — PROBLEM,/brands/volkswagen-service-dubai/engine-diagnostics,Indexable VW diagnostic owner; code or warning does not identify a part,IMPROVE EXISTING OWNER,1 source observations; supporting owner: /services/mechanical-repair-dubai; query-only GSC does not establish ranking URL
volkswagen suspension warning light dubai,volkswagen suspension warning light dubai,Volkswagen,Master Keywords!A2212,DIGI-TEC_SEO_Keyword_Universe_Dubai.xlsx,,GENERATED TAXONOMY,,,,,Volkswagen diagnostics/EPC,Volkswagen diagnostics/EPC,/brands/volkswagen-service-dubai/engine-diagnostics,COVERED — PROBLEM,/brands/volkswagen-service-dubai/engine-diagnostics,Indexable VW diagnostic owner; code or warning does not identify a part,IMPROVE EXISTING OWNER,1 source observations; supporting owner: /services/mechanical-repair-dubai; query-only GSC does not establish ranking URL
volkswagen tailgate repair,volkswagen tailgate repair,Volkswagen,Master Keywords!A6568,DIGI-TEC_SEO_Keyword_Universe_Dubai.xlsx,,GENERATED TAXONOMY,,,,,Broad Volkswagen service,Broad Volkswagen service,/brands/volkswagen-service-dubai,COVERED — PRIMARY,/brands/volkswagen-service-dubai,Existing hub owns broad service and repair discovery,IMPROVE EXISTING OWNER,1 source observations; supporting owner: ; query-only GSC does not establish ranking URL
volkswagen tailgate repair dubai,volkswagen tailgate repair dubai,Volkswagen,Master Keywords!A6569,DIGI-TEC_SEO_Keyword_Universe_Dubai.xlsx,,GENERATED TAXONOMY,,,,,Broad Volkswagen service,Broad Volkswagen service,/brands/volkswagen-service-dubai,COVERED — PRIMARY,/brands/volkswagen-service-dubai,Existing hub owns broad service and repair discovery,IMPROVE EXISTING OWNER,1 source observations; supporting owner: ; query-only GSC does not establish ranking URL
volkswagen thermostat replacement,volkswagen thermostat replacement,Volkswagen,Master Keywords!A6512,DIGI-TEC_SEO_Keyword_Universe_Dubai.xlsx,,GENERATED TAXONOMY,,,,,Broad Volkswagen service,Broad Volkswagen service,/brands/volkswagen-service-dubai,COVERED — PRIMARY,/brands/volkswagen-service-dubai,Existing hub owns broad service and repair discovery,IMPROVE EXISTING OWNER,1 source observations; supporting owner: ; query-only GSC does not establish ranking URL
volkswagen thermostat replacement dubai,volkswagen thermostat replacement dubai,Volkswagen,Master Keywords!A2149,DIGI-TEC_SEO_Keyword_Universe_Dubai.xlsx,,GENERATED TAXONOMY,,,,,Broad Volkswagen service,Broad Volkswagen service,/brands/volkswagen-service-dubai,COVERED — PRIMARY,/brands/volkswagen-service-dubai,Existing hub owns broad service and repair discovery,IMPROVE EXISTING OWNER,1 source observations; supporting owner: ; query-only GSC does not establish ranking URL
volkswagen timing belt replacement,volkswagen timing belt replacement,Volkswagen,Master Keywords!A6609,DIGI-TEC_SEO_Keyword_Universe_Dubai.xlsx,,GENERATED TAXONOMY,,,,,Broad Volkswagen service,Broad Volkswagen service,/brands/volkswagen-service-dubai,COVERED — PRIMARY,/brands/volkswagen-service-dubai,Existing hub owns broad service and repair discovery,IMPROVE EXISTING OWNER,1 source observations; supporting owner: ; query-only GSC does not establish ranking URL
volkswagen timing belt replacement dubai,volkswagen timing belt replacement dubai,Volkswagen,Master Keywords!A2195,DIGI-TEC_SEO_Keyword_Universe_Dubai.xlsx,,GENERATED TAXONOMY,,,,,Broad Volkswagen service,Broad Volkswagen service,/brands/volkswagen-service-dubai,COVERED — PRIMARY,/brands/volkswagen-service-dubai,Existing hub owns broad service and repair discovery,IMPROVE EXISTING OWNER,1 source observations; supporting owner: ; query-only GSC does not establish ranking URL
volkswagen timing chain repair,volkswagen timing chain repair,Volkswagen,Master Keywords!A6610,DIGI-TEC_SEO_Keyword_Universe_Dubai.xlsx,,GENERATED TAXONOMY,,,,,Broad Volkswagen service,Broad Volkswagen service,/brands/volkswagen-service-dubai,COVERED — PRIMARY,/brands/volkswagen-service-dubai,Existing hub owns broad service and repair discovery,IMPROVE EXISTING OWNER,1 source observations; supporting owner: ; query-only GSC does not establish ranking URL
volkswagen timing chain repair dubai,volkswagen timing chain repair dubai,Volkswagen,Master Keywords!A2196,DIGI-TEC_SEO_Keyword_Universe_Dubai.xlsx,,GENERATED TAXONOMY,,,,,Broad Volkswagen service,Broad Volkswagen service,/brands/volkswagen-service-dubai,COVERED — PRIMARY,/brands/volkswagen-service-dubai,Existing hub owns broad service and repair discovery,IMPROVE EXISTING OWNER,1 source observations; supporting owner: ; query-only GSC does not establish ranking URL
volkswagen tire repair,volkswagen tire repair,Volkswagen,Master Keywords!A6779,DIGI-TEC_SEO_Keyword_Universe_Dubai.xlsx,,GENERATED TAXONOMY,,,,,Broad Volkswagen service,Broad Volkswagen service,/brands/volkswagen-service-dubai,COVERED — PRIMARY,/brands/volkswagen-service-dubai,Existing hub owns broad service and repair discovery,IMPROVE EXISTING OWNER,1 source observations; supporting owner: ; query-only GSC does not establish ranking URL
volkswagen tire repair dubai,volkswagen tire repair dubai,Volkswagen,Master Keywords!A6780,DIGI-TEC_SEO_Keyword_Universe_Dubai.xlsx,,GENERATED TAXONOMY,,,,,Broad Volkswagen service,Broad Volkswagen service,/brands/volkswagen-service-dubai,COVERED — PRIMARY,/brands/volkswagen-service-dubai,Existing hub owns broad service and repair discovery,IMPROVE EXISTING OWNER,1 source observations; supporting owner: ; query-only GSC does not establish ranking URL
volkswagen tire replacement,volkswagen tire replacement,Volkswagen,Master Keywords!A6781,DIGI-TEC_SEO_Keyword_Universe_Dubai.xlsx,,GENERATED TAXONOMY,,,,,Broad Volkswagen service,Broad Volkswagen service,/brands/volkswagen-service-dubai,COVERED — PRIMARY,/brands/volkswagen-service-dubai,Existing hub owns broad service and repair discovery,IMPROVE EXISTING OWNER,1 source observations; supporting owner: ; query-only GSC does not establish ranking URL
volkswagen tire replacement dubai,volkswagen tire replacement dubai,Volkswagen,Master Keywords!A6782,DIGI-TEC_SEO_Keyword_Universe_Dubai.xlsx,,GENERATED TAXONOMY,,,,,Broad Volkswagen service,Broad Volkswagen service,/brands/volkswagen-service-dubai,COVERED — PRIMARY,/brands/volkswagen-service-dubai,Existing hub owns broad service and repair discovery,IMPROVE EXISTING OWNER,1 source observations; supporting owner: ; query-only GSC does not establish ranking URL
volkswagen touch screen repair,volkswagen touch screen repair,Volkswagen,Master Keywords!A6668,DIGI-TEC_SEO_Keyword_Universe_Dubai.xlsx,,GENERATED TAXONOMY,,,,,Electrical/infotainment,Electrical/infotainment,/services/auto-electrical-repair-dubai,COVERED — SECONDARY,/services/auto-electrical-repair-dubai,Existing Volkswagen service route remains intentionally noindex; indexable generic or hub owner,RETAIN EXISTING OWNER,1 source observations; supporting owner: /brands/volkswagen-service-dubai/electrical-repair; query-only GSC does not establish ranking URL
volkswagen touch screen repair dubai,volkswagen touch screen repair dubai,Volkswagen,Master Keywords!A6669,DIGI-TEC_SEO_Keyword_Universe_Dubai.xlsx,,GENERATED TAXONOMY,,,,,Electrical/infotainment,Electrical/infotainment,/services/auto-electrical-repair-dubai,COVERED — SECONDARY,/services/auto-electrical-repair-dubai,Existing Volkswagen service route remains intentionally noindex; indexable generic or hub owner,RETAIN EXISTING OWNER,1 source observations; supporting owner: /brands/volkswagen-service-dubai/electrical-repair; query-only GSC does not establish ranking URL
volkswagen transmission leak repair,volkswagen transmission leak repair,Volkswagen,Master Keywords!A6768,DIGI-TEC_SEO_Keyword_Universe_Dubai.xlsx,,GENERATED TAXONOMY,,,,,DSG/transmission repair,DSG/transmission repair,/services/transmission-repair-dubai,COVERED — PRIMARY,/services/transmission-repair-dubai,Indexable generic transmission owner; Volkswagen transmission route remains noindex support,IMPROVE EXISTING OWNER,1 source observations; supporting owner: /brands/volkswagen-service-dubai/engine-diagnostics; query-only GSC does not establish ranking URL
volkswagen transmission leak repair dubai,volkswagen transmission leak repair dubai,Volkswagen,Master Keywords!A2219,DIGI-TEC_SEO_Keyword_Universe_Dubai.xlsx,,GENERATED TAXONOMY,,,,,DSG/transmission repair,DSG/transmission repair,/services/transmission-repair-dubai,COVERED — PRIMARY,/services/transmission-repair-dubai,Indexable generic transmission owner; Volkswagen transmission route remains noindex support,IMPROVE EXISTING OWNER,1 source observations; supporting owner: /brands/volkswagen-service-dubai/engine-diagnostics; query-only GSC does not establish ranking URL
volkswagen transmission oil change,volkswagen transmission oil change,Volkswagen,Master Keywords!A6769,DIGI-TEC_SEO_Keyword_Universe_Dubai.xlsx,,GENERATED TAXONOMY,,,,,DSG maintenance,DSG maintenance,/services/transmission-repair-dubai,COVERED — PRIMARY,/services/transmission-repair-dubai,Generic transmission owner has DSG service; gearbox code determines fluid and interval,IMPROVE EXISTING OWNER,1 source observations; supporting owner: /brands/volkswagen-service-dubai/engine-diagnostics; query-only GSC does not establish ranking URL
volkswagen transmission oil change dubai,volkswagen transmission oil change dubai,Volkswagen,Master Keywords!A2220,DIGI-TEC_SEO_Keyword_Universe_Dubai.xlsx,,GENERATED TAXONOMY,,,,,DSG maintenance,DSG maintenance,/services/transmission-repair-dubai,COVERED — PRIMARY,/services/transmission-repair-dubai,Generic transmission owner has DSG service; gearbox code determines fluid and interval,IMPROVE EXISTING OWNER,1 source observations; supporting owner: /brands/volkswagen-service-dubai/engine-diagnostics; query-only GSC does not establish ranking URL
volkswagen transmission rebuild,volkswagen transmission rebuild,Volkswagen,Master Keywords!A6770,DIGI-TEC_SEO_Keyword_Universe_Dubai.xlsx,,GENERATED TAXONOMY,,,,,DSG/transmission repair,DSG/transmission repair,/services/transmission-repair-dubai,COVERED — PRIMARY,/services/transmission-repair-dubai,Indexable generic transmission owner; Volkswagen transmission route remains noindex support,IMPROVE EXISTING OWNER,1 source observations; supporting owner: /brands/volkswagen-service-dubai/engine-diagnostics; query-only GSC does not establish ranking URL
volkswagen transmission rebuild dubai,volkswagen transmission rebuild dubai,Volkswagen,Master Keywords!A2221,DIGI-TEC_SEO_Keyword_Universe_Dubai.xlsx,,GENERATED TAXONOMY,,,,,DSG/transmission repair,DSG/transmission repair,/services/transmission-repair-dubai,COVERED — PRIMARY,/services/transmission-repair-dubai,Indexable generic transmission owner; Volkswagen transmission route remains noindex support,IMPROVE EXISTING OWNER,1 source observations; supporting owner: /brands/volkswagen-service-dubai/engine-diagnostics; query-only GSC does not establish ranking URL
volkswagen transmission repair,volkswagen transmission repair,Volkswagen,Queries!A940,digitecme.com-Performance-on-Search-2026-09-13.xlsx,2026-09-05 to 2026-09-11,MEASURED ORIGINAL GSC,0.0,1.0,0.0,5.0,DSG/transmission repair,DSG/transmission repair,/services/transmission-repair-dubai,COVERED — PRIMARY,/services/transmission-repair-dubai,Indexable generic transmission owner; Volkswagen transmission route remains noindex support,IMPROVE EXISTING OWNER,2 source observations; supporting owner: /brands/volkswagen-service-dubai/engine-diagnostics; query-only GSC does not establish ranking URL
volkswagen transmission repair dubai,volkswagen transmission repair dubai,Volkswagen,Queries!A842,digitecme.com-Performance-on-Search-2026-09-08 (2) (1).xlsx,2026-06-07 to 2026-09-06,MEASURED ORIGINAL GSC,0.0,14.0,0.0,21.14,DSG/transmission repair,DSG/transmission repair,/services/transmission-repair-dubai,COVERED — PRIMARY,/services/transmission-repair-dubai,Indexable generic transmission owner; Volkswagen transmission route remains noindex support,IMPROVE EXISTING OWNER,3 source observations; supporting owner: /brands/volkswagen-service-dubai/engine-diagnostics; query-only GSC does not establish ranking URL
volkswagen transmission repair near me,volkswagen transmission repair near me,Volkswagen,Master Keywords!A6772,DIGI-TEC_SEO_Keyword_Universe_Dubai.xlsx,,GENERATED TAXONOMY,,,,,DSG/transmission repair,DSG/transmission repair,/services/transmission-repair-dubai,COVERED — PRIMARY,/services/transmission-repair-dubai,Indexable generic transmission owner; Volkswagen transmission route remains noindex support,IMPROVE EXISTING OWNER,1 source observations; supporting owner: /brands/volkswagen-service-dubai/engine-diagnostics; query-only GSC does not establish ranking URL
volkswagen transmission replacement,volkswagen transmission replacement,Volkswagen,Master Keywords!A6773,DIGI-TEC_SEO_Keyword_Universe_Dubai.xlsx,,GENERATED TAXONOMY,,,,,DSG/transmission repair,DSG/transmission repair,/services/transmission-repair-dubai,COVERED — PRIMARY,/services/transmission-repair-dubai,Indexable generic transmission owner; Volkswagen transmission route remains noindex support,IMPROVE EXISTING OWNER,1 source observations; supporting owner: /brands/volkswagen-service-dubai/engine-diagnostics; query-only GSC does not establish ranking URL
volkswagen transmission replacement dubai,volkswagen transmission replacement dubai,Volkswagen,Master Keywords!A2223,DIGI-TEC_SEO_Keyword_Universe_Dubai.xlsx,,GENERATED TAXONOMY,,,,,DSG/transmission repair,DSG/transmission repair,/services/transmission-repair-dubai,COVERED — PRIMARY,/services/transmission-repair-dubai,Indexable generic transmission owner; Volkswagen transmission route remains noindex support,IMPROVE EXISTING OWNER,1 source observations; supporting owner: /brands/volkswagen-service-dubai/engine-diagnostics; query-only GSC does not establish ranking URL
volkswagen transmission service,volkswagen transmission service,Volkswagen,Master Keywords!A6774,DIGI-TEC_SEO_Keyword_Universe_Dubai.xlsx,,GENERATED TAXONOMY,,,,,DSG maintenance,DSG maintenance,/services/transmission-repair-dubai,COVERED — PRIMARY,/services/transmission-repair-dubai,Generic transmission owner has DSG service; gearbox code determines fluid and interval,IMPROVE EXISTING OWNER,1 source observations; supporting owner: /brands/volkswagen-service-dubai/engine-diagnostics; query-only GSC does not establish ranking URL
volkswagen transmission service dubai,volkswagen transmission service dubai,Volkswagen,Master Keywords!A2224,DIGI-TEC_SEO_Keyword_Universe_Dubai.xlsx,,GENERATED TAXONOMY,,,,,DSG maintenance,DSG maintenance,/services/transmission-repair-dubai,COVERED — PRIMARY,/services/transmission-repair-dubai,Generic transmission owner has DSG service; gearbox code determines fluid and interval,IMPROVE EXISTING OWNER,1 source observations; supporting owner: /brands/volkswagen-service-dubai/engine-diagnostics; query-only GSC does not establish ranking URL
volkswagen turbo repair,volkswagen turbo repair,Volkswagen,Master Keywords!A6694,DIGI-TEC_SEO_Keyword_Universe_Dubai.xlsx,,GENERATED TAXONOMY,,,,,Mechanical/cooling,Mechanical/cooling,/services/mechanical-repair-dubai,COVERED — SECONDARY,/services/mechanical-repair-dubai,Existing Volkswagen service route remains intentionally noindex; indexable generic or hub owner,RETAIN EXISTING OWNER,1 source observations; supporting owner: /brands/volkswagen-service-dubai/mechanical-repair; query-only GSC does not establish ranking URL
volkswagen turbo repair dubai,volkswagen turbo repair dubai,Volkswagen,Master Keywords!A6695,DIGI-TEC_SEO_Keyword_Universe_Dubai.xlsx,,GENERATED TAXONOMY,,,,,Mechanical/cooling,Mechanical/cooling,/services/mechanical-repair-dubai,COVERED — SECONDARY,/services/mechanical-repair-dubai,Existing Volkswagen service route remains intentionally noindex; indexable generic or hub owner,RETAIN EXISTING OWNER,1 source observations; supporting owner: /brands/volkswagen-service-dubai/mechanical-repair; query-only GSC does not establish ranking URL
volkswagen turbo replacement,volkswagen turbo replacement,Volkswagen,Master Keywords!A6696,DIGI-TEC_SEO_Keyword_Universe_Dubai.xlsx,,GENERATED TAXONOMY,,,,,Mechanical/cooling,Mechanical/cooling,/services/mechanical-repair-dubai,COVERED — SECONDARY,/services/mechanical-repair-dubai,Existing Volkswagen service route remains intentionally noindex; indexable generic or hub owner,RETAIN EXISTING OWNER,1 source observations; supporting owner: /brands/volkswagen-service-dubai/mechanical-repair; query-only GSC does not establish ranking URL
volkswagen turbo replacement dubai,volkswagen turbo replacement dubai,Volkswagen,Master Keywords!A6697,DIGI-TEC_SEO_Keyword_Universe_Dubai.xlsx,,GENERATED TAXONOMY,,,,,Mechanical/cooling,Mechanical/cooling,/services/mechanical-repair-dubai,COVERED — SECONDARY,/services/mechanical-repair-dubai,Existing Volkswagen service route remains intentionally noindex; indexable generic or hub owner,RETAIN EXISTING OWNER,1 source observations; supporting owner: /brands/volkswagen-service-dubai/mechanical-repair; query-only GSC does not establish ranking URL
volkswagen turbo upgrade,volkswagen turbo upgrade,Volkswagen,Master Keywords!A6698,DIGI-TEC_SEO_Keyword_Universe_Dubai.xlsx,,GENERATED TAXONOMY,,,,,Mechanical/cooling,Mechanical/cooling,/services/mechanical-repair-dubai,COVERED — SECONDARY,/services/mechanical-repair-dubai,Existing Volkswagen service route remains intentionally noindex; indexable generic or hub owner,RETAIN EXISTING OWNER,1 source observations; supporting owner: /brands/volkswagen-service-dubai/mechanical-repair; query-only GSC does not establish ranking URL
volkswagen turbo upgrade dubai,volkswagen turbo upgrade dubai,Volkswagen,Master Keywords!A6699,DIGI-TEC_SEO_Keyword_Universe_Dubai.xlsx,,GENERATED TAXONOMY,,,,,Mechanical/cooling,Mechanical/cooling,/services/mechanical-repair-dubai,COVERED — SECONDARY,/services/mechanical-repair-dubai,Existing Volkswagen service route remains intentionally noindex; indexable generic or hub owner,RETAIN EXISTING OWNER,1 source observations; supporting owner: /brands/volkswagen-service-dubai/mechanical-repair; query-only GSC does not establish ranking URL
volkswagen tyre repair,volkswagen tyre repair,Volkswagen,Master Keywords!A6783,DIGI-TEC_SEO_Keyword_Universe_Dubai.xlsx,,GENERATED TAXONOMY,,,,,Broad Volkswagen service,Broad Volkswagen service,/brands/volkswagen-service-dubai,COVERED — PRIMARY,/brands/volkswagen-service-dubai,Existing hub owns broad service and repair discovery,IMPROVE EXISTING OWNER,1 source observations; supporting owner: ; query-only GSC does not establish ranking URL
volkswagen tyre repair dubai,volkswagen tyre repair dubai,Volkswagen,Master Keywords!A6784,DIGI-TEC_SEO_Keyword_Universe_Dubai.xlsx,,GENERATED TAXONOMY,,,,,Broad Volkswagen service,Broad Volkswagen service,/brands/volkswagen-service-dubai,COVERED — PRIMARY,/brands/volkswagen-service-dubai,Existing hub owns broad service and repair discovery,IMPROVE EXISTING OWNER,1 source observations; supporting owner: ; query-only GSC does not establish ranking URL
volkswagen tyre replacement,volkswagen tyre replacement,Volkswagen,Master Keywords!A6785,DIGI-TEC_SEO_Keyword_Universe_Dubai.xlsx,,GENERATED TAXONOMY,,,,,Broad Volkswagen service,Broad Volkswagen service,/brands/volkswagen-service-dubai,COVERED — PRIMARY,/brands/volkswagen-service-dubai,Existing hub owns broad service and repair discovery,IMPROVE EXISTING OWNER,1 source observations; supporting owner: ; query-only GSC does not establish ranking URL
volkswagen tyre replacement dubai,volkswagen tyre replacement dubai,Volkswagen,Queries!A825,digitecme.com-Performance-on-Search-2026-09-05.xlsx,2026-08-06 to 2026-09-02,MEASURED ORIGINAL GSC,0.0,5.0,0.0,7.6,Broad Volkswagen service,Broad Volkswagen service,/brands/volkswagen-service-dubai,COVERED — PRIMARY,/brands/volkswagen-service-dubai,Existing hub owns broad service and repair discovery,IMPROVE EXISTING OWNER,2 source observations; supporting owner: ; query-only GSC does not establish ranking URL
volkswagen used car inspection,volkswagen used car inspection,Volkswagen,Master Keywords!A6676,DIGI-TEC_SEO_Keyword_Universe_Dubai.xlsx,,GENERATED TAXONOMY,,,,,Broad Volkswagen service,Broad Volkswagen service,/brands/volkswagen-service-dubai,COVERED — PRIMARY,/brands/volkswagen-service-dubai,Existing hub owns broad service and repair discovery,IMPROVE EXISTING OWNER,1 source observations; supporting owner: ; query-only GSC does not establish ranking URL
volkswagen used car inspection dubai,volkswagen used car inspection dubai,Volkswagen,Master Keywords!A6677,DIGI-TEC_SEO_Keyword_Universe_Dubai.xlsx,,GENERATED TAXONOMY,,,,,Broad Volkswagen service,Broad Volkswagen service,/brands/volkswagen-service-dubai,COVERED — PRIMARY,/brands/volkswagen-service-dubai,Existing hub owns broad service and repair discovery,IMPROVE EXISTING OWNER,1 source observations; supporting owner: ; query-only GSC does not establish ranking URL
Volkswagen vag diagnostics,volkswagen vag diagnostic,Volkswagen,Brand Specific Systems!B94,DIGI-TEC_SEO_Keyword_Universe_Dubai.xlsx,,RESEARCH KEYWORD,,,,,Volkswagen diagnostics/EPC,Volkswagen diagnostics/EPC,/brands/volkswagen-service-dubai/engine-diagnostics,COVERED — PROBLEM,/brands/volkswagen-service-dubai/engine-diagnostics,Indexable VW diagnostic owner; code or warning does not identify a part,IMPROVE EXISTING OWNER,1 source observations; supporting owner: /services/mechanical-repair-dubai; query-only GSC does not establish ranking URL
volkswagen valve cover gasket replacement,volkswagen valve cover gasket replacement,Volkswagen,Master Keywords!A6611,DIGI-TEC_SEO_Keyword_Universe_Dubai.xlsx,,GENERATED TAXONOMY,,,,,Broad Volkswagen service,Broad Volkswagen service,/brands/volkswagen-service-dubai,COVERED — PRIMARY,/brands/volkswagen-service-dubai,Existing hub owns broad service and repair discovery,IMPROVE EXISTING OWNER,1 source observations; supporting owner: ; query-only GSC does not establish ranking URL
volkswagen valve cover gasket replacement dubai,volkswagen valve cover gasket replacement dubai,Volkswagen,Master Keywords!A2197,DIGI-TEC_SEO_Keyword_Universe_Dubai.xlsx,,GENERATED TAXONOMY,,,,,Broad Volkswagen service,Broad Volkswagen service,/brands/volkswagen-service-dubai,COVERED — PRIMARY,/brands/volkswagen-service-dubai,Existing hub owns broad service and repair discovery,IMPROVE EXISTING OWNER,1 source observations; supporting owner: ; query-only GSC does not establish ranking URL
volkswagen vehicle inspection,volkswagen vehicle inspection,Volkswagen,Master Keywords!A6678,DIGI-TEC_SEO_Keyword_Universe_Dubai.xlsx,,GENERATED TAXONOMY,,,,,Broad Volkswagen service,Broad Volkswagen service,/brands/volkswagen-service-dubai,COVERED — PRIMARY,/brands/volkswagen-service-dubai,Existing hub owns broad service and repair discovery,IMPROVE EXISTING OWNER,1 source observations; supporting owner: ; query-only GSC does not establish ranking URL
volkswagen vehicle inspection dubai,volkswagen vehicle inspection dubai,Volkswagen,Master Keywords!A6679,DIGI-TEC_SEO_Keyword_Universe_Dubai.xlsx,,GENERATED TAXONOMY,,,,,Broad Volkswagen service,Broad Volkswagen service,/brands/volkswagen-service-dubai,COVERED — PRIMARY,/brands/volkswagen-service-dubai,Existing hub owns broad service and repair discovery,IMPROVE EXISTING OWNER,1 source observations; supporting owner: ; query-only GSC does not establish ranking URL
Volkswagen volkswagen coding,volkswagen volkswagen coding,Volkswagen,Brand Specific Systems!B95,DIGI-TEC_SEO_Keyword_Universe_Dubai.xlsx,,RESEARCH KEYWORD,,,,,Supported-function enquiry,Supported-function enquiry,/brands/volkswagen-service-dubai/engine-diagnostics,COVERED — PRIMARY,/brands/volkswagen-service-dubai/engine-diagnostics,Exact vehicle/module/software/security access must be verified before accepting work,IMPROVE EXISTING OWNER,1 source observations; supporting owner: ; query-only GSC does not establish ranking URL
volkswagen water pump replacement,volkswagen water pump replacement,Volkswagen,Master Keywords!A6513,DIGI-TEC_SEO_Keyword_Universe_Dubai.xlsx,,GENERATED TAXONOMY,,,,,Broad Volkswagen service,Broad Volkswagen service,/brands/volkswagen-service-dubai,COVERED — PRIMARY,/brands/volkswagen-service-dubai,Existing hub owns broad service and repair discovery,IMPROVE EXISTING OWNER,1 source observations; supporting owner: ; query-only GSC does not establish ranking URL
volkswagen water pump replacement dubai,volkswagen water pump replacement dubai,Volkswagen,Master Keywords!A2150,DIGI-TEC_SEO_Keyword_Universe_Dubai.xlsx,,GENERATED TAXONOMY,,,,,Broad Volkswagen service,Broad Volkswagen service,/brands/volkswagen-service-dubai,COVERED — PRIMARY,/brands/volkswagen-service-dubai,Existing hub owns broad service and repair discovery,IMPROVE EXISTING OWNER,1 source observations; supporting owner: ; query-only GSC does not establish ranking URL
volkswagen wheel alignment,volkswagen wheel alignment,Volkswagen,Master Keywords!A6749,DIGI-TEC_SEO_Keyword_Universe_Dubai.xlsx,,GENERATED TAXONOMY,,,,,Broad Volkswagen service,Broad Volkswagen service,/brands/volkswagen-service-dubai,COVERED — PRIMARY,/brands/volkswagen-service-dubai,Existing hub owns broad service and repair discovery,IMPROVE EXISTING OWNER,1 source observations; supporting owner: ; query-only GSC does not establish ranking URL
volkswagen wheel alignment dubai,volkswagen wheel alignment dubai,Volkswagen,Master Keywords!A6750,DIGI-TEC_SEO_Keyword_Universe_Dubai.xlsx,,GENERATED TAXONOMY,,,,,Broad Volkswagen service,Broad Volkswagen service,/brands/volkswagen-service-dubai,COVERED — PRIMARY,/brands/volkswagen-service-dubai,Existing hub owns broad service and repair discovery,IMPROVE EXISTING OWNER,1 source observations; supporting owner: ; query-only GSC does not establish ranking URL
volkswagen wheel balancing,volkswagen wheel balancing,Volkswagen,Master Keywords!A6787,DIGI-TEC_SEO_Keyword_Universe_Dubai.xlsx,,GENERATED TAXONOMY,,,,,Broad Volkswagen service,Broad Volkswagen service,/brands/volkswagen-service-dubai,COVERED — PRIMARY,/brands/volkswagen-service-dubai,Existing hub owns broad service and repair discovery,IMPROVE EXISTING OWNER,1 source observations; supporting owner: ; query-only GSC does not establish ranking URL
volkswagen wheel balancing dubai,volkswagen wheel balancing dubai,Volkswagen,Master Keywords!A6788,DIGI-TEC_SEO_Keyword_Universe_Dubai.xlsx,,GENERATED TAXONOMY,,,,,Broad Volkswagen service,Broad Volkswagen service,/brands/volkswagen-service-dubai,COVERED — PRIMARY,/brands/volkswagen-service-dubai,Existing hub owns broad service and repair discovery,IMPROVE EXISTING OWNER,1 source observations; supporting owner: ; query-only GSC does not establish ranking URL
volkswagen wheel repair,volkswagen wheel repair,Volkswagen,Master Keywords!A6789,DIGI-TEC_SEO_Keyword_Universe_Dubai.xlsx,,GENERATED TAXONOMY,,,,,Broad Volkswagen service,Broad Volkswagen service,/brands/volkswagen-service-dubai,COVERED — PRIMARY,/brands/volkswagen-service-dubai,Existing hub owns broad service and repair discovery,IMPROVE EXISTING OWNER,1 source observations; supporting owner: ; query-only GSC does not establish ranking URL
volkswagen wheel repair dubai,volkswagen wheel repair dubai,Volkswagen,Master Keywords!A6790,DIGI-TEC_SEO_Keyword_Universe_Dubai.xlsx,,GENERATED TAXONOMY,,,,,Broad Volkswagen service,Broad Volkswagen service,/brands/volkswagen-service-dubai,COVERED — PRIMARY,/brands/volkswagen-service-dubai,Existing hub owns broad service and repair discovery,IMPROVE EXISTING OWNER,1 source observations; supporting owner: ; query-only GSC does not establish ranking URL
volkswagen window regulator replacement,volkswagen window regulator replacement,Volkswagen,Master Keywords!A6570,DIGI-TEC_SEO_Keyword_Universe_Dubai.xlsx,,GENERATED TAXONOMY,,,,,Broad Volkswagen service,Broad Volkswagen service,/brands/volkswagen-service-dubai,COVERED — PRIMARY,/brands/volkswagen-service-dubai,Existing hub owns broad service and repair discovery,IMPROVE EXISTING OWNER,1 source observations; supporting owner: ; query-only GSC does not establish ranking URL
volkswagen window regulator replacement dubai,volkswagen window regulator replacement dubai,Volkswagen,Master Keywords!A6571,DIGI-TEC_SEO_Keyword_Universe_Dubai.xlsx,,GENERATED TAXONOMY,,,,,Broad Volkswagen service,Broad Volkswagen service,/brands/volkswagen-service-dubai,COVERED — PRIMARY,/brands/volkswagen-service-dubai,Existing hub owns broad service and repair discovery,IMPROVE EXISTING OWNER,1 source observations; supporting owner: ; query-only GSC does not establish ranking URL
volkswagen window tinting,volkswagen window tinting,Volkswagen,Master Keywords!A6716,DIGI-TEC_SEO_Keyword_Universe_Dubai.xlsx,,GENERATED TAXONOMY,,,,,Broad Volkswagen service,Broad Volkswagen service,/brands/volkswagen-service-dubai,COVERED — PRIMARY,/brands/volkswagen-service-dubai,Existing hub owns broad service and repair discovery,IMPROVE EXISTING OWNER,1 source observations; supporting owner: ; query-only GSC does not establish ranking URL
volkswagen window tinting dubai,volkswagen window tinting dubai,Volkswagen,Master Keywords!A6717,DIGI-TEC_SEO_Keyword_Universe_Dubai.xlsx,,GENERATED TAXONOMY,,,,,Broad Volkswagen service,Broad Volkswagen service,/brands/volkswagen-service-dubai,COVERED — PRIMARY,/brands/volkswagen-service-dubai,Existing hub owns broad service and repair discovery,IMPROVE EXISTING OWNER,1 source observations; supporting owner: ; query-only GSC does not establish ranking URL
volkswagen wiring repair,volkswagen wiring repair,Volkswagen,Master Keywords!A6598,DIGI-TEC_SEO_Keyword_Universe_Dubai.xlsx,,GENERATED TAXONOMY,,,,,Electrical/infotainment,Electrical/infotainment,/services/auto-electrical-repair-dubai,COVERED — SECONDARY,/services/auto-electrical-repair-dubai,Existing Volkswagen service route remains intentionally noindex; indexable generic or hub owner,RETAIN EXISTING OWNER,1 source observations; supporting owner: /brands/volkswagen-service-dubai/electrical-repair; query-only GSC does not establish ranking URL
volkswagen wiring repair dubai,volkswagen wiring repair dubai,Volkswagen,Master Keywords!A2185,DIGI-TEC_SEO_Keyword_Universe_Dubai.xlsx,,GENERATED TAXONOMY,,,,,Electrical/infotainment,Electrical/infotainment,/services/auto-electrical-repair-dubai,COVERED — SECONDARY,/services/auto-electrical-repair-dubai,Existing Volkswagen service route remains intentionally noindex; indexable generic or hub owner,RETAIN EXISTING OWNER,1 source observations; supporting owner: /brands/volkswagen-service-dubai/electrical-repair; query-only GSC does not establish ranking URL
volkswagen workshop,volkswagen workshop,Volkswagen,Queries!A360,digitecme.com-Performance-on-Search-2026-09-13.xlsx,2026-09-05 to 2026-09-11,MEASURED ORIGINAL GSC,0.0,5.0,0.0,5.8,Broad Volkswagen service,Broad Volkswagen service,/brands/volkswagen-service-dubai,COVERED — PRIMARY,/brands/volkswagen-service-dubai,Existing hub owns broad service and repair discovery,IMPROVE EXISTING OWNER,4 source observations; supporting owner: ; query-only GSC does not establish ranking URL
volkswagen workshop dubai,volkswagen workshop dubai,Volkswagen,Queries!A515,digitecme.com-Performance-on-Search-2026-09-27.xlsx,2026-04-12 to 2026-09-25,MEASURED ORIGINAL GSC,0.0,44.0,0.0,23.52,Broad Volkswagen service,Broad Volkswagen service,/brands/volkswagen-service-dubai,COVERED — PRIMARY,/brands/volkswagen-service-dubai,Existing hub owns broad service and repair discovery,IMPROVE EXISTING OWNER,18 source observations; supporting owner: ; query-only GSC does not establish ranking URL
volkswagen workshop near me,volkswagen workshop near me,Volkswagen,Queries!A532,digitecme.com-Performance-on-Search-2026-09-13.xlsx,2026-09-05 to 2026-09-11,MEASURED ORIGINAL GSC,0.0,3.0,0.0,10.67,Broad Volkswagen service,Broad Volkswagen service,/brands/volkswagen-service-dubai,COVERED — PRIMARY,/brands/volkswagen-service-dubai,Existing hub owns broad service and repair discovery,IMPROVE EXISTING OWNER,4 source observations; supporting owner: ; query-only GSC does not establish ranking URL
