url,page_role,language,indexability,primary_intent,contextual_incoming_links,navigation_incoming_links,breadcrumb_incoming_links,crawl_depth,importance,orphan_status,recommended_action,implemented_in_g4,reason,notes
/,home,en,INDEX,Independent workshop overview; navigation to individual services,1,676,623,0,PRIMARY,WEAK CONTEXTUAL SUPPORT,RETAIN existing natural relationships,NO,Rendered distinct incoming source counts by link category,Cards count as contextual discovery; footer/nav excluded.
/about,about,en,INDEX,About D IGI-TEC,5,675,0,1,SUPPORT / UTILITY,UTILITY / NON-SEO,RETAIN existing natural relationships,NO,Rendered distinct incoming source counts by link category,Cards count as contextual discovery; footer/nav excluded.
/ar,home,ar,INDEX,Independent workshop overview; navigation to individual services,1,571,481,0,PRIMARY,WEAK CONTEXTUAL SUPPORT,RETAIN existing natural relationships,NO,Rendered distinct incoming source counts by link category,Cards count as contextual discovery; footer/nav excluded.
/ar/about,about,ar,INDEX,عن D IGI-TEC,1,570,0,1,SUPPORT / UTILITY,UTILITY / NON-SEO,RETAIN existing natural relationships,NO,Rendered distinct incoming source counts by link category,Cards count as contextual discovery; footer/nav excluded.
/ar/best-audi-workshop-dubai,workshop-guide,ar,INDEX,ورشة خدمة وإصلاح Audi في دبي,8,0,0,2,PRIMARY,NOT ORPHANED,RETAIN existing natural relationships,NO,Rendered distinct incoming source counts by link category,Cards count as contextual discovery; footer/nav excluded.
/ar/best-bmw-workshop-dubai,workshop-guide,ar,INDEX,كيف تختار ورشة BMW في دبي,8,0,0,2,PRIMARY,NOT ORPHANED,RETAIN existing natural relationships,NO,Rendered distinct incoming source counts by link category,Cards count as contextual discovery; footer/nav excluded.
/ar/best-car-workshop-dubai,workshop-guide,ar,INDEX,"Workshop selection criteria, not broad booking ownership",8,0,0,2,PRIMARY,NOT ORPHANED,RETAIN existing natural relationships,NO,Rendered distinct incoming source counts by link category,Cards count as contextual discovery; footer/nav excluded.
/ar/best-ferrari-workshop-dubai,workshop-guide,ar,INDEX,اختيار ورشة Ferrari في دبي,8,0,0,2,PRIMARY,NOT ORPHANED,RETAIN existing natural relationships,NO,Rendered distinct incoming source counts by link category,Cards count as contextual discovery; footer/nav excluded.
/ar/best-lamborghini-workshop-dubai,workshop-guide,ar,INDEX,اختيار ورشة Lamborghini في دبي,8,0,0,2,PRIMARY,NOT ORPHANED,RETAIN existing natural relationships,NO,Rendered distinct incoming source counts by link category,Cards count as contextual discovery; footer/nav excluded.
/ar/best-porsche-workshop-dubai,workshop-guide,ar,INDEX,ورشة خدمة وإصلاح Porsche في دبي,9,0,0,2,PRIMARY,NOT ORPHANED,RETAIN existing natural relationships,NO,Rendered distinct incoming source counts by link category,Cards count as contextual discovery; footer/nav excluded.
/ar/best-range-rover-workshop-dubai,workshop-guide,ar,INDEX,ورشة خدمة وإصلاح Range Rover في دبي,7,0,0,2,PRIMARY,NOT ORPHANED,RETAIN existing natural relationships,NO,Rendered distinct incoming source counts by link category,Cards count as contextual discovery; footer/nav excluded.
/ar/blog,blog-hub,ar,INDEX,مجلة ديجي-تك,52,570,0,1,PRIMARY,NOT ORPHANED,RETAIN existing natural relationships,NO,Rendered distinct incoming source counts by link category,Cards count as contextual discovery; footer/nav excluded.
/ar/blog/air-suspension-repair-dubai-guide,article,ar,INDEX,"Supporting suspension — supporting information, not a new symptom owner",3,0,0,2,PRIMARY,NOT ORPHANED,RETAIN existing natural relationships,NO,Rendered distinct incoming source counts by link category,Cards count as contextual discovery; footer/nav excluded.
/ar/blog/aston-martin-best-workshop-dubai,article,ar,INDEX,دليل ورشة Aston Martin المتخصصة في دبي,2,0,0,2,PRIMARY,NOT ORPHANED,RETAIN existing natural relationships,NO,Rendered distinct incoming source counts by link category,Cards count as contextual discovery; footer/nav excluded.
/ar/blog/aston-martin-db11-service-dubai-guide,article,ar,INDEX,صيانة أستون مارتن DB11 في دبي: V8 وV12 والعناية الزمنية,2,0,0,2,PRIMARY,NOT ORPHANED,RETAIN existing natural relationships,NO,Rendered distinct incoming source counts by link category,Cards count as contextual discovery; footer/nav excluded.
/ar/blog/audi-maintenance-guide-dubai,article,ar,INDEX,دليل ورشة Audi المتخصصة في دبي,2,0,0,2,PRIMARY,NOT ORPHANED,RETAIN existing natural relationships,NO,Rendered distinct incoming source counts by link category,Cards count as contextual discovery; footer/nav excluded.
/ar/blog/audi-q7-service-dubai-guide,article,ar,INDEX,صيانة أودي Q7 في دبي: سيارة العائلة والرحلات القصيرة,3,0,0,2,PRIMARY,NOT ORPHANED,RETAIN existing natural relationships,NO,Rendered distinct incoming source counts by link category,Cards count as contextual discovery; footer/nav excluded.
/ar/blog/audi-rs-service-dubai-guide,article,ar,INDEX,صيانة أودي RS في دبي: العناية بالمحرك ونظام quattro,7,0,0,2,PRIMARY,NOT ORPHANED,RETAIN existing natural relationships,NO,Rendered distinct incoming source counts by link category,Cards count as contextual discovery; footer/nav excluded.
/ar/blog/bentley-best-workshop-dubai,article,ar,INDEX,Choosing an independent Bentley workshop,2,0,0,2,PRIMARY,NOT ORPHANED,RETAIN existing natural relationships,NO,Rendered distinct incoming source counts by link category,Cards count as contextual discovery; footer/nav excluded.
/ar/blog/bentley-continental-gt-service-dubai-guide,article,ar,INDEX,Bentley model-specific service planning,2,0,0,2,PRIMARY,NOT ORPHANED,RETAIN existing natural relationships,NO,Rendered distinct incoming source counts by link category,Cards count as contextual discovery; footer/nav excluded.
/ar/blog/best-car-workshop-dubai,article,ar,INDEX,أفضل ورشة سيارات في دبي: دليل الاختيار لعام 2026,4,0,0,2,PRIMARY,NOT ORPHANED,RETAIN existing natural relationships,NO,Rendered distinct incoming source counts by link category,Cards count as contextual discovery; footer/nav excluded.
/ar/blog/best-defender-workshop-dubai,article,ar,INDEX,أفضل ورشة ديفندر في دبي: دراسة حالة إصلاح حادث حقيقي,7,0,0,2,PRIMARY,NOT ORPHANED,RETAIN existing natural relationships,NO,Rendered distinct incoming source counts by link category,Cards count as contextual discovery; footer/nav excluded.
/ar/blog/best-oil-change-dubai-mercedes,article,ar,INDEX,Answer كيف تختار خدمة تغيير زيت مرسيدس في دبي؟,14,0,0,2,PRIMARY,NOT ORPHANED,RETAIN existing natural relationships,NO,Rendered distinct incoming source counts by link category,Cards count as contextual discovery; footer/nav excluded.
/ar/blog/bmw-m-service-dubai-guide,article,ar,INDEX,صيانة BMW M في دبي: الزيت والتبريد ونظام الدفع,3,0,0,2,PRIMARY,NOT ORPHANED,RETAIN existing natural relationships,NO,Rendered distinct incoming source counts by link category,Cards count as contextual discovery; footer/nav excluded.
/ar/blog/bmw-maintenance-guide-dubai,article,ar,INDEX,دليل ورشة BMW المتخصصة في دبي,2,0,0,2,PRIMARY,NOT ORPHANED,RETAIN existing natural relationships,NO,Rendered distinct incoming source counts by link category,Cards count as contextual discovery; footer/nav excluded.
/ar/blog/bmw-x5-service-dubai-guide,article,ar,INDEX,صيانة BMW X5 في دبي: التبريد وxDrive والتعليق,4,0,0,2,PRIMARY,NOT ORPHANED,RETAIN existing natural relationships,NO,Rendered distinct incoming source counts by link category,Cards count as contextual discovery; footer/nav excluded.
/ar/blog/brake-repair-dubai,article,ar,INDEX,"Supporting brake — supporting information, not a new symptom owner",9,0,0,2,PRIMARY,NOT ORPHANED,RETAIN existing natural relationships,NO,Rendered distinct incoming source counts by link category,Cards count as contextual discovery; footer/nav excluded.
/ar/blog/cadillac-best-workshop-dubai,article,ar,INDEX,دليل ورشة Cadillac المتخصصة في دبي,2,0,0,2,PRIMARY,NOT ORPHANED,RETAIN existing natural relationships,NO,Rendered distinct incoming source counts by link category,Cards count as contextual discovery; footer/nav excluded.
/ar/blog/car-ac-not-cold-dubai-causes,article,ar,INDEX,AC cooling / airflow — symptom explanation and next step,3,0,0,2,PRIMARY,NOT ORPHANED,RETAIN existing natural relationships,NO,Rendered distinct incoming source counts by link category,Cards count as contextual discovery; footer/nav excluded.
/ar/blog/car-ac-repair-dubai,article,ar,INDEX,"Supporting AC — supporting information, not a new symptom owner",11,0,0,2,PRIMARY,NOT ORPHANED,RETAIN existing natural relationships,NO,Rendered distinct incoming source counts by link category,Cards count as contextual discovery; footer/nav excluded.
/ar/blog/car-battery-life-dubai-heat,article,ar,INDEX,"Battery drain — supporting information, not a new symptom owner",3,0,0,2,PRIMARY,NOT ORPHANED,RETAIN existing natural relationships,NO,Rendered distinct incoming source counts by link category,Cards count as contextual discovery; footer/nav excluded.
/ar/blog/car-battery-replacement-dubai,article,ar,INDEX,"Supporting battery — supporting information, not a new symptom owner",7,0,0,2,PRIMARY,NOT ORPHANED,RETAIN existing natural relationships,NO,Rendered distinct incoming source counts by link category,Cards count as contextual discovery; footer/nav excluded.
/ar/blog/car-service-cost-dubai-luxury-brands,article,ar,INDEX,تكلفة صيانة السيارات الفاخرة في دبي: قراءة عرض السعر,20,0,0,2,PRIMARY,NOT ORPHANED,RETAIN existing natural relationships,NO,Rendered distinct incoming source counts by link category,Cards count as contextual discovery; footer/nav excluded.
/ar/blog/car-service-interval-dubai-heat,article,ar,INDEX,مواعيد صيانة السيارة في دبي: الوقت والمسافة والاستخدام,20,0,0,2,PRIMARY,NOT ORPHANED,RETAIN existing natural relationships,NO,Rendered distinct incoming source counts by link category,Cards count as contextual discovery; footer/nav excluded.
/ar/blog/ceramic-coating-vs-ppf-dubai,article,ar,INDEX,Compare physical film and surface coating before selecting service,7,0,0,2,PRIMARY,NOT ORPHANED,RETAIN existing natural relationships,NO,Rendered distinct incoming source counts by link category,Cards count as contextual discovery; footer/nav excluded.
/ar/blog/check-engine-light-dubai-guide,article,ar,INDEX,Check-engine warning — symptom explanation and next step,5,0,0,2,PRIMARY,NOT ORPHANED,RETAIN existing natural relationships,NO,Rendered distinct incoming source counts by link category,Cards count as contextual discovery; footer/nav excluded.
/ar/blog/chevrolet-best-workshop-dubai,article,ar,INDEX,دليل ورشة Chevrolet المتخصصة في دبي,2,0,0,2,PRIMARY,NOT ORPHANED,RETAIN existing natural relationships,NO,Rendered distinct incoming source counts by link category,Cards count as contextual discovery; footer/nav excluded.
/ar/blog/dealer-vs-independent-workshop-dubai,article,ar,INDEX,الوكالة أم الورشة المستقلة في دبي: كيف تختار؟,25,0,0,2,PRIMARY,NOT ORPHANED,RETAIN existing natural relationships,NO,Rendered distinct incoming source counts by link category,Cards count as contextual discovery; footer/nav excluded.
/ar/blog/defender-service-dubai-guide,article,ar,INDEX,صيانة لاند روفر ديفندر في دبي: الطريق والرحلات الصحراوية,3,0,0,2,PRIMARY,NOT ORPHANED,RETAIN existing natural relationships,NO,Rendered distinct incoming source counts by link category,Cards count as contextual discovery; footer/nav excluded.
/ar/blog/ecu-remap-safe-dubai-guide,article,ar,INDEX,برمجة المحرك في دبي: الأسئلة قبل تعديل ECU,3,0,0,2,PRIMARY,NOT ORPHANED,RETAIN existing natural relationships,NO,Rendered distinct incoming source counts by link category,Cards count as contextual discovery; footer/nav excluded.
/ar/blog/engine-overheating-dubai-what-to-do,article,ar,INDEX,Overheating — symptom explanation and next step,4,0,0,2,PRIMARY,NOT ORPHANED,RETAIN existing natural relationships,NO,Rendered distinct incoming source counts by link category,Cards count as contextual discovery; footer/nav excluded.
/ar/blog/ferrari-488-service-dubai-guide,article,ar,INDEX,صيانة فيراري 488 دبي,3,0,0,2,PRIMARY,NOT ORPHANED,RETAIN existing natural relationships,NO,Rendered distinct incoming source counts by link category,Cards count as contextual discovery; footer/nav excluded.
/ar/blog/ferrari-maintenance-guide-dubai,article,ar,INDEX,صيانة فيراري في دبي,2,0,0,2,PRIMARY,NOT ORPHANED,RETAIN existing natural relationships,NO,Rendered distinct incoming source counts by link category,Cards count as contextual discovery; footer/nav excluded.
/ar/blog/ford-best-workshop-dubai,article,ar,INDEX,دليل ورشة Ford المتخصصة في دبي,2,0,0,2,PRIMARY,NOT ORPHANED,RETAIN existing natural relationships,NO,Rendered distinct incoming source counts by link category,Cards count as contextual discovery; footer/nav excluded.
/ar/blog/g63-to-brabus-g800-conversion-dubai,article,ar,INDEX,تحويل G63 بأسلوب BRABUS G 800 في دبي: مراحل مشروع فعلي,2,0,0,2,PRIMARY,NOT ORPHANED,RETAIN existing natural relationships,NO,Rendered distinct incoming source counts by link category,Cards count as contextual discovery; footer/nav excluded.
/ar/blog/gad-tuning-explained,article,ar,INDEX,شرح برمجة GAD: ما الذي يجعلها مختلفة؟,5,0,0,2,PRIMARY,NOT ORPHANED,RETAIN existing natural relationships,NO,Rendered distinct incoming source counts by link category,Cards count as contextual discovery; footer/nav excluded.
/ar/blog/how-much-is-my-mercedes-worth-dubai,article,ar,INDEX,كم تبلغ قيمة سيارتي مرسيدس في دبي؟,7,0,0,2,PRIMARY,NOT ORPHANED,RETAIN existing natural relationships,NO,Rendered distinct incoming source counts by link category,Cards count as contextual discovery; footer/nav excluded.
/ar/blog/jaguar-best-workshop-dubai,article,ar,INDEX,دليل ورشة Jaguar المتخصصة في دبي,2,0,0,2,PRIMARY,NOT ORPHANED,RETAIN existing natural relationships,NO,Rendered distinct incoming source counts by link category,Cards count as contextual discovery; footer/nav excluded.
/ar/blog/lamborghini-maintenance-guide-dubai,article,ar,INDEX,ورشة Lamborghini في دبي,2,0,0,2,PRIMARY,NOT ORPHANED,RETAIN existing natural relationships,NO,Rendered distinct incoming source counts by link category,Cards count as contextual discovery; footer/nav excluded.
/ar/blog/lamborghini-urus-service-dubai-guide,article,ar,INDEX,صيانة لامبورغيني أوروس دبي,2,0,0,2,PRIMARY,NOT ORPHANED,RETAIN existing natural relationships,NO,Rendered distinct incoming source counts by link category,Cards count as contextual discovery; footer/nav excluded.
/ar/blog/land-rover-best-workshop-dubai,article,ar,INDEX,دليل ورشة Land Rover المتخصصة في دبي,2,0,0,2,PRIMARY,NOT ORPHANED,RETAIN existing natural relationships,NO,Rendered distinct incoming source counts by link category,Cards count as contextual discovery; footer/nav excluded.
/ar/blog/maserati-best-workshop-dubai,article,ar,INDEX,دليل ورشة Maserati المتخصصة في دبي,2,0,0,2,PRIMARY,NOT ORPHANED,RETAIN existing natural relationships,NO,Rendered distinct incoming source counts by link category,Cards count as contextual discovery; footer/nav excluded.
/ar/blog/maybach-best-workshop-dubai,article,ar,INDEX,Choosing an independent Maybach workshop,2,0,0,2,PRIMARY,NOT ORPHANED,RETAIN existing natural relationships,NO,Rendered distinct incoming source counts by link category,Cards count as contextual discovery; footer/nav excluded.
/ar/blog/maybach-s580-service-dubai-guide,article,ar,INDEX,Maybach model-specific service planning,2,0,0,2,PRIMARY,NOT ORPHANED,RETAIN existing natural relationships,NO,Rendered distinct incoming source counts by link category,Cards count as contextual discovery; footer/nav excluded.
/ar/blog/mclaren-720s-service-dubai-guide,article,ar,INDEX,صيانة ماكلارين 720S في دبي: التعليق الهيدروليكي والتخزين,2,0,0,2,PRIMARY,NOT ORPHANED,RETAIN existing natural relationships,NO,Rendered distinct incoming source counts by link category,Cards count as contextual discovery; footer/nav excluded.
/ar/blog/mclaren-best-workshop-dubai,article,ar,INDEX,دليل ورشة McLaren المتخصصة في دبي,2,0,0,2,PRIMARY,NOT ORPHANED,RETAIN existing natural relationships,NO,Rendered distinct incoming source counts by link category,Cards count as contextual discovery; footer/nav excluded.
/ar/blog/mercedes-amg-gt-black-series-1300hp-build-dubai,article,ar,INDEX,مرسيدس AMG GT Black Series: مشروع مخصص من 730 إلى 1300 حصان,6,0,0,2,PRIMARY,NOT ORPHANED,RETAIN existing natural relationships,NO,Rendered distinct incoming source counts by link category,Cards count as contextual discovery; footer/nav excluded.
/ar/blog/mercedes-amg-gt-tuning-dubai,article,ar,INDEX,تطوير أداء مرسيدس AMG GT في دبي: خطة حسب السيارة,6,0,0,2,PRIMARY,NOT ORPHANED,RETAIN existing natural relationships,NO,Rendered distinct incoming source counts by link category,Cards count as contextual discovery; footer/nav excluded.
/ar/blog/mercedes-benz-maintenance-guide-dubai,article,ar,INDEX,Answer دليل تخطيط صيانة مرسيدس لمالكي السيارات في دبي,8,0,0,2,PRIMARY,NOT ORPHANED,RETAIN existing natural relationships,NO,Rendered distinct incoming source counts by link category,Cards count as contextual discovery; footer/nav excluded.
/ar/blog/mercedes-c-class-service-dubai-guide,article,ar,NOINDEX,Plan service/repair for صيانة وإصلاح مرسيدس C-Class في دبي: C200 وC240 وC300,4,0,0,2,SUPPORT / UTILITY,INTENTIONAL SUPPORT PAGE,RETAIN existing natural relationships,NO,Rendered distinct incoming source counts by link category,Cards count as contextual discovery; footer/nav excluded.
/ar/blog/mercedes-e-class-service-dubai-guide,article,ar,NOINDEX,Plan service/repair for صيانة وإصلاح مرسيدس E-Class في دبي: السيدان والكوبيه والكابريوليه,4,0,0,2,SUPPORT / UTILITY,INTENTIONAL SUPPORT PAGE,RETAIN existing natural relationships,NO,Rendered distinct incoming source counts by link category,Cards count as contextual discovery; footer/nav excluded.
/ar/blog/mercedes-g63-service-dubai-guide,article,ar,NOINDEX,Plan service/repair for صيانة وإصلاح مرسيدس AMG G63 في دبي: الأجيال ونطاق الفحص,5,0,0,2,SUPPORT / UTILITY,INTENTIONAL SUPPORT PAGE,RETAIN existing natural relationships,NO,Rendered distinct incoming source counts by link category,Cards count as contextual discovery; footer/nav excluded.
/ar/blog/mercedes-repair-dubai-complete-guide,article,ar,INDEX,Answer أعراض وتحذيرات مرسيدس في دبي: دليل المالك,9,0,0,2,PRIMARY,NOT ORPHANED,RETAIN existing natural relationships,NO,Rendered distinct incoming source counts by link category,Cards count as contextual discovery; footer/nav excluded.
/ar/blog/mercedes-s-class-service-dubai-guide,article,ar,NOINDEX,Plan service/repair for صيانة وإصلاح مرسيدس S-Class في دبي: التعليق والراحة والإلكترونيات,4,0,0,2,SUPPORT / UTILITY,INTENTIONAL SUPPORT PAGE,RETAIN existing natural relationships,NO,Rendered distinct incoming source counts by link category,Cards count as contextual discovery; footer/nav excluded.
/ar/blog/mercedes-service-cost-dubai-guide,article,ar,INDEX,Answer تكلفة صيانة مرسيدس في دبي: نطاق Service A وService B,7,0,0,2,PRIMARY,NOT ORPHANED,RETAIN existing natural relationships,NO,Rendered distinct incoming source counts by link category,Cards count as contextual discovery; footer/nav excluded.
/ar/blog/mercedes-service-intervals-dubai-heat,article,ar,INDEX,Answer مواعيد صيانة مرسيدس وقراءة ASSYST في دبي,11,0,0,2,PRIMARY,NOT ORPHANED,RETAIN existing natural relationships,NO,Rendered distinct incoming source counts by link category,Cards count as contextual discovery; footer/nav excluded.
/ar/blog/mini-best-workshop-dubai,article,ar,INDEX,دليل ورشة MINI المتخصصة في دبي,2,0,0,2,PRIMARY,NOT ORPHANED,RETAIN existing natural relationships,NO,Rendered distinct incoming source counts by link category,Cards count as contextual discovery; footer/nav excluded.
/ar/blog/oil-specification-guide-dubai-luxury,article,ar,INDEX,مواصفات زيت المحرك في دبي: الموافقة قبل اللزوجة,2,0,0,2,PRIMARY,NOT ORPHANED,RETAIN existing natural relationships,NO,Rendered distinct incoming source counts by link category,Cards count as contextual discovery; footer/nav excluded.
/ar/blog/porsche-911-service-dubai-guide,article,ar,INDEX,صيانة بورشه 911 في دبي: دليل الاستخدام والتخزين,4,0,0,2,PRIMARY,NOT ORPHANED,RETAIN existing natural relationships,NO,Rendered distinct incoming source counts by link category,Cards count as contextual discovery; footer/nav excluded.
/ar/blog/porsche-cayenne-service-dubai-guide,article,ar,INDEX,صيانة بورشه كايين في دبي: دليل المالك,9,0,0,2,PRIMARY,NOT ORPHANED,RETAIN existing natural relationships,NO,Rendered distinct incoming source counts by link category,Cards count as contextual discovery; footer/nav excluded.
/ar/blog/porsche-maintenance-guide-dubai,article,ar,INDEX,دليل ورشة Porsche المتخصصة في دبي,3,0,0,2,PRIMARY,NOT ORPHANED,RETAIN existing natural relationships,NO,Rendered distinct incoming source counts by link category,Cards count as contextual discovery; footer/nav excluded.
/ar/blog/porsche-panamera-service-dubai-guide,article,ar,INDEX,صيانة بورشه باناميرا في دبي: الناقل والتعليق والتبريد,4,0,0,2,PRIMARY,NOT ORPHANED,RETAIN existing natural relationships,NO,Rendered distinct incoming source counts by link category,Cards count as contextual discovery; footer/nav excluded.
/ar/blog/pre-purchase-inspection-dubai-guide,article,ar,INDEX,فحص السيارة قبل الشراء في دبي: النطاق والنتائج,4,0,0,2,PRIMARY,NOT ORPHANED,RETAIN existing natural relationships,NO,Rendered distinct incoming source counts by link category,Cards count as contextual discovery; footer/nav excluded.
/ar/blog/range-rover-land-rover-air-suspension-problems-dubai,article,ar,INDEX,مشاكل التعليق الهوائي في رينج روفر ولاند روفر في دبي,7,0,0,2,PRIMARY,NOT ORPHANED,RETAIN existing natural relationships,NO,Rendered distinct incoming source counts by link category,Cards count as contextual discovery; footer/nav excluded.
/ar/blog/range-rover-maintenance-guide-dubai,article,ar,INDEX,دليل ورشة Range Rover المتخصصة في دبي,2,0,0,2,PRIMARY,NOT ORPHANED,RETAIN existing natural relationships,NO,Rendered distinct incoming source counts by link category,Cards count as contextual discovery; footer/nav excluded.
/ar/blog/range-rover-sport-service-dubai-guide,article,ar,INDEX,صيانة رينج روفر سبورت في دبي: ما الذي يستحق الفحص؟,4,0,0,2,PRIMARY,NOT ORPHANED,RETAIN existing natural relationships,NO,Rendered distinct incoming source counts by link category,Cards count as contextual discovery; footer/nav excluded.
/ar/blog/range-rover-vogue-service-dubai-guide,article,ar,INDEX,صيانة رينج روفر فوج في دبي: الارتفاع والتبريد والكهرباء,3,0,0,2,PRIMARY,NOT ORPHANED,RETAIN existing natural relationships,NO,Rendered distinct incoming source counts by link category,Cards count as contextual discovery; footer/nav excluded.
/ar/blog/rolls-royce-best-workshop-dubai,article,ar,INDEX,Choosing an independent Rolls-Royce workshop,2,0,0,2,PRIMARY,NOT ORPHANED,RETAIN existing natural relationships,NO,Rendered distinct incoming source counts by link category,Cards count as contextual discovery; footer/nav excluded.
/ar/blog/rolls-royce-ghost-service-dubai-guide,article,ar,INDEX,Rolls-Royce model-specific service planning,2,0,0,2,PRIMARY,NOT ORPHANED,RETAIN existing natural relationships,NO,Rendered distinct incoming source counts by link category,Cards count as contextual discovery; footer/nav excluded.
/ar/blog/summer-car-preparation-dubai-checklist,article,ar,INDEX,"Supporting seasonal checks — supporting information, not a new symptom owner",2,0,0,2,PRIMARY,NOT ORPHANED,RETAIN existing natural relationships,NO,Rendered distinct incoming source counts by link category,Cards count as contextual discovery; footer/nav excluded.
/ar/blog/transmission-service-7g-9g-dubai,article,ar,INDEX,"Supporting transmission — supporting information, not a new symptom owner",2,0,0,2,PRIMARY,NOT ORPHANED,RETAIN existing natural relationships,NO,Rendered distinct incoming source counts by link category,Cards count as contextual discovery; footer/nav excluded.
/ar/blog/volkswagen-best-workshop-dubai,article,ar,INDEX,دليل ورشة Volkswagen المتخصصة في دبي,2,0,0,2,PRIMARY,NOT ORPHANED,RETAIN existing natural relationships,NO,Rendered distinct incoming source counts by link category,Cards count as contextual discovery; footer/nav excluded.
/ar/blog/why-ceramic-coating-matters-uae,article,ar,INDEX,Understand coating preparation and care,3,0,0,2,PRIMARY,NOT ORPHANED,RETAIN existing natural relationships,NO,Rendered distinct incoming source counts by link category,Cards count as contextual discovery; footer/nav excluded.
/ar/brands,brands-hub,ar,INDEX,علامات السيارات الفاخرة وعالية الأداء,2,570,462,1,PRIMARY,NOT ORPHANED,RETAIN existing natural relationships,NO,Rendered distinct incoming source counts by link category,Cards count as contextual discovery; footer/nav excluded.
/ar/brands/aston-martin-service-dubai,brand,ar,INDEX,Aston Martin للإصلاح والصيانة في دبي,37,0,14,1,PRIMARY,NOT ORPHANED,RETAIN existing natural relationships,NO,Rendered distinct incoming source counts by link category,Cards count as contextual discovery; footer/nav excluded.
/ar/brands/aston-martin-service-dubai/ac-repair,brand-service,ar,INDEX,إصلاح التكييف Aston Martin في دبي,14,0,0,2,PRIMARY,NOT ORPHANED,RETAIN existing natural relationships,NO,Rendered distinct incoming source counts by link category,Cards count as contextual discovery; footer/nav excluded.
/ar/brands/aston-martin-service-dubai/battery-replacement,brand-service,ar,INDEX,تبديل البطارية Aston Martin في دبي,14,0,0,2,PRIMARY,NOT ORPHANED,RETAIN existing natural relationships,NO,Rendered distinct incoming source counts by link category,Cards count as contextual discovery; footer/nav excluded.
/ar/brands/aston-martin-service-dubai/body-repair,brand-service,ar,INDEX,"Commercial repair: dents, damaged paint, refinishing and collision work",14,0,0,2,PRIMARY,NOT ORPHANED,RETAIN existing natural relationships,NO,Rendered distinct incoming source counts by link category,Cards count as contextual discovery; footer/nav excluded.
/ar/brands/aston-martin-service-dubai/brake-repair,brand-service,ar,INDEX,إصلاح الفرامل Aston Martin في دبي,14,0,0,2,PRIMARY,NOT ORPHANED,RETAIN existing natural relationships,NO,Rendered distinct incoming source counts by link category,Cards count as contextual discovery; footer/nav excluded.
/ar/brands/aston-martin-service-dubai/electrical-repair,brand-service,ar,INDEX,إصلاح الكهرباء Aston Martin في دبي,14,0,0,2,PRIMARY,NOT ORPHANED,RETAIN existing natural relationships,NO,Rendered distinct incoming source counts by link category,Cards count as contextual discovery; footer/nav excluded.
/ar/brands/aston-martin-service-dubai/engine-diagnostics,brand-service,ar,INDEX,تشخيص المحرك Aston Martin في دبي,14,0,0,2,PRIMARY,NOT ORPHANED,RETAIN existing natural relationships,NO,Rendered distinct incoming source counts by link category,Cards count as contextual discovery; footer/nav excluded.
/ar/brands/aston-martin-service-dubai/exhaust-repair,brand-service,ar,INDEX,إصلاح العادم Aston Martin في دبي,14,0,0,2,PRIMARY,NOT ORPHANED,RETAIN existing natural relationships,NO,Rendered distinct incoming source counts by link category,Cards count as contextual discovery; footer/nav excluded.
/ar/brands/aston-martin-service-dubai/fuel-system-repair,brand-service,ar,INDEX,إصلاح نظام الوقود Aston Martin في دبي,14,0,0,2,PRIMARY,NOT ORPHANED,RETAIN existing natural relationships,NO,Rendered distinct incoming source counts by link category,Cards count as contextual discovery; footer/nav excluded.
/ar/brands/aston-martin-service-dubai/mechanical-repair,brand-service,ar,INDEX,الإصلاح الميكانيكي Aston Martin في دبي,14,0,0,2,PRIMARY,NOT ORPHANED,RETAIN existing natural relationships,NO,Rendered distinct incoming source counts by link category,Cards count as contextual discovery; footer/nav excluded.
/ar/brands/aston-martin-service-dubai/oil-change,brand-service,ar,INDEX,تغيير الزيت Aston Martin في دبي,14,0,0,2,PRIMARY,NOT ORPHANED,RETAIN existing natural relationships,NO,Rendered distinct incoming source counts by link category,Cards count as contextual discovery; footer/nav excluded.
/ar/brands/aston-martin-service-dubai/steering-repair,brand-service,ar,INDEX,إصلاح نظام التوجيه Aston Martin في دبي,14,0,0,2,PRIMARY,NOT ORPHANED,RETAIN existing natural relationships,NO,Rendered distinct incoming source counts by link category,Cards count as contextual discovery; footer/nav excluded.
/ar/brands/aston-martin-service-dubai/suspension-repair,brand-service,ar,INDEX,إصلاح التعليق Aston Martin في دبي,14,0,0,2,PRIMARY,NOT ORPHANED,RETAIN existing natural relationships,NO,Rendered distinct incoming source counts by link category,Cards count as contextual discovery; footer/nav excluded.
/ar/brands/aston-martin-service-dubai/tire-repair,brand-service,ar,INDEX,إصلاح الإطارات Aston Martin في دبي,14,0,0,2,PRIMARY,NOT ORPHANED,RETAIN existing natural relationships,NO,Rendered distinct incoming source counts by link category,Cards count as contextual discovery; footer/nav excluded.
/ar/brands/aston-martin-service-dubai/transmission-repair,brand-service,ar,INDEX,إصلاح ناقل الحركة Aston Martin في دبي,14,0,0,2,PRIMARY,NOT ORPHANED,RETAIN existing natural relationships,NO,Rendered distinct incoming source counts by link category,Cards count as contextual discovery; footer/nav excluded.
/ar/brands/audi-service-dubai,brand,ar,INDEX,Audi للإصلاح والصيانة في دبي,54,8,14,1,PRIMARY,NOT ORPHANED,RETAIN existing natural relationships,NO,Rendered distinct incoming source counts by link category,Cards count as contextual discovery; footer/nav excluded.
/ar/brands/audi-service-dubai/ac-repair,brand-service,ar,INDEX,إصلاح التكييف Audi في دبي,14,0,0,2,PRIMARY,NOT ORPHANED,RETAIN existing natural relationships,NO,Rendered distinct incoming source counts by link category,Cards count as contextual discovery; footer/nav excluded.
/ar/brands/audi-service-dubai/battery-replacement,brand-service,ar,INDEX,تبديل البطارية Audi في دبي,14,0,0,2,PRIMARY,NOT ORPHANED,RETAIN existing natural relationships,NO,Rendered distinct incoming source counts by link category,Cards count as contextual discovery; footer/nav excluded.
/ar/brands/audi-service-dubai/body-repair,brand-service,ar,INDEX,"Commercial repair: dents, damaged paint, refinishing and collision work",14,0,0,2,PRIMARY,NOT ORPHANED,RETAIN existing natural relationships,NO,Rendered distinct incoming source counts by link category,Cards count as contextual discovery; footer/nav excluded.
/ar/brands/audi-service-dubai/brake-repair,brand-service,ar,INDEX,إصلاح الفرامل Audi في دبي,14,0,0,2,PRIMARY,NOT ORPHANED,RETAIN existing natural relationships,NO,Rendered distinct incoming source counts by link category,Cards count as contextual discovery; footer/nav excluded.
/ar/brands/audi-service-dubai/electrical-repair,brand-service,ar,INDEX,إصلاح الكهرباء Audi في دبي,14,0,0,2,PRIMARY,NOT ORPHANED,RETAIN existing natural relationships,NO,Rendered distinct incoming source counts by link category,Cards count as contextual discovery; footer/nav excluded.
/ar/brands/audi-service-dubai/engine-diagnostics,brand-service,ar,INDEX,تشخيص المحرك Audi في دبي,14,0,0,2,PRIMARY,NOT ORPHANED,RETAIN existing natural relationships,NO,Rendered distinct incoming source counts by link category,Cards count as contextual discovery; footer/nav excluded.
/ar/brands/audi-service-dubai/exhaust-repair,brand-service,ar,INDEX,إصلاح العادم Audi في دبي,14,0,0,2,PRIMARY,NOT ORPHANED,RETAIN existing natural relationships,NO,Rendered distinct incoming source counts by link category,Cards count as contextual discovery; footer/nav excluded.
/ar/brands/audi-service-dubai/fuel-system-repair,brand-service,ar,INDEX,إصلاح نظام الوقود Audi في دبي,14,0,0,2,PRIMARY,NOT ORPHANED,RETAIN existing natural relationships,NO,Rendered distinct incoming source counts by link category,Cards count as contextual discovery; footer/nav excluded.
/ar/brands/audi-service-dubai/mechanical-repair,brand-service,ar,INDEX,الإصلاح الميكانيكي Audi في دبي,14,0,0,2,PRIMARY,NOT ORPHANED,RETAIN existing natural relationships,NO,Rendered distinct incoming source counts by link category,Cards count as contextual discovery; footer/nav excluded.
/ar/brands/audi-service-dubai/oil-change,brand-service,ar,INDEX,تغيير الزيت Audi في دبي,14,0,0,2,PRIMARY,NOT ORPHANED,RETAIN existing natural relationships,NO,Rendered distinct incoming source counts by link category,Cards count as contextual discovery; footer/nav excluded.
/ar/brands/audi-service-dubai/steering-repair,brand-service,ar,INDEX,إصلاح نظام التوجيه Audi في دبي,14,0,0,2,PRIMARY,NOT ORPHANED,RETAIN existing natural relationships,NO,Rendered distinct incoming source counts by link category,Cards count as contextual discovery; footer/nav excluded.
/ar/brands/audi-service-dubai/suspension-repair,brand-service,ar,INDEX,إصلاح التعليق Audi في دبي,14,0,0,2,PRIMARY,NOT ORPHANED,RETAIN existing natural relationships,NO,Rendered distinct incoming source counts by link category,Cards count as contextual discovery; footer/nav excluded.
/ar/brands/audi-service-dubai/tire-repair,brand-service,ar,INDEX,إصلاح الإطارات Audi في دبي,14,0,0,2,PRIMARY,NOT ORPHANED,RETAIN existing natural relationships,NO,Rendered distinct incoming source counts by link category,Cards count as contextual discovery; footer/nav excluded.
/ar/brands/audi-service-dubai/transmission-repair,brand-service,ar,INDEX,إصلاح ناقل الحركة Audi في دبي,14,0,0,2,PRIMARY,NOT ORPHANED,RETAIN existing natural relationships,NO,Rendered distinct incoming source counts by link category,Cards count as contextual discovery; footer/nav excluded.
/ar/brands/bentley-service-dubai,brand,ar,INDEX,Bentley service and repair discovery,54,0,14,1,PRIMARY,NOT ORPHANED,RETAIN existing natural relationships,NO,Rendered distinct incoming source counts by link category,Cards count as contextual discovery; footer/nav excluded.
/ar/brands/bentley-service-dubai/ac-repair,brand-service,ar,INDEX,إصلاح التكييف Bentley في دبي,14,0,0,2,PRIMARY,NOT ORPHANED,RETAIN existing natural relationships,NO,Rendered distinct incoming source counts by link category,Cards count as contextual discovery; footer/nav excluded.
/ar/brands/bentley-service-dubai/battery-replacement,brand-service,ar,INDEX,تبديل البطارية Bentley في دبي,14,0,0,2,PRIMARY,NOT ORPHANED,RETAIN existing natural relationships,NO,Rendered distinct incoming source counts by link category,Cards count as contextual discovery; footer/nav excluded.
/ar/brands/bentley-service-dubai/body-repair,brand-service,ar,INDEX,"Commercial repair: dents, damaged paint, refinishing and collision work",14,0,0,2,PRIMARY,NOT ORPHANED,RETAIN existing natural relationships,NO,Rendered distinct incoming source counts by link category,Cards count as contextual discovery; footer/nav excluded.
/ar/brands/bentley-service-dubai/brake-repair,brand-service,ar,INDEX,إصلاح الفرامل Bentley في دبي,14,0,0,2,PRIMARY,NOT ORPHANED,RETAIN existing natural relationships,NO,Rendered distinct incoming source counts by link category,Cards count as contextual discovery; footer/nav excluded.
/ar/brands/bentley-service-dubai/electrical-repair,brand-service,ar,INDEX,إصلاح الكهرباء Bentley في دبي,14,0,0,2,PRIMARY,NOT ORPHANED,RETAIN existing natural relationships,NO,Rendered distinct incoming source counts by link category,Cards count as contextual discovery; footer/nav excluded.
/ar/brands/bentley-service-dubai/engine-diagnostics,brand-service,ar,INDEX,تشخيص المحرك Bentley في دبي,14,0,0,2,PRIMARY,NOT ORPHANED,RETAIN existing natural relationships,NO,Rendered distinct incoming source counts by link category,Cards count as contextual discovery; footer/nav excluded.
/ar/brands/bentley-service-dubai/exhaust-repair,brand-service,ar,INDEX,إصلاح العادم Bentley في دبي,14,0,0,2,PRIMARY,NOT ORPHANED,RETAIN existing natural relationships,NO,Rendered distinct incoming source counts by link category,Cards count as contextual discovery; footer/nav excluded.
/ar/brands/bentley-service-dubai/fuel-system-repair,brand-service,ar,INDEX,إصلاح نظام الوقود Bentley في دبي,14,0,0,2,PRIMARY,NOT ORPHANED,RETAIN existing natural relationships,NO,Rendered distinct incoming source counts by link category,Cards count as contextual discovery; footer/nav excluded.
/ar/brands/bentley-service-dubai/mechanical-repair,brand-service,ar,INDEX,الإصلاح الميكانيكي Bentley في دبي,14,0,0,2,PRIMARY,NOT ORPHANED,RETAIN existing natural relationships,NO,Rendered distinct incoming source counts by link category,Cards count as contextual discovery; footer/nav excluded.
/ar/brands/bentley-service-dubai/oil-change,brand-service,ar,INDEX,تغيير الزيت Bentley في دبي,14,0,0,2,PRIMARY,NOT ORPHANED,RETAIN existing natural relationships,NO,Rendered distinct incoming source counts by link category,Cards count as contextual discovery; footer/nav excluded.
/ar/brands/bentley-service-dubai/steering-repair,brand-service,ar,INDEX,إصلاح نظام التوجيه Bentley في دبي,14,0,0,2,PRIMARY,NOT ORPHANED,RETAIN existing natural relationships,NO,Rendered distinct incoming source counts by link category,Cards count as contextual discovery; footer/nav excluded.
/ar/brands/bentley-service-dubai/suspension-repair,brand-service,ar,INDEX,إصلاح التعليق Bentley في دبي,14,0,0,2,PRIMARY,NOT ORPHANED,RETAIN existing natural relationships,NO,Rendered distinct incoming source counts by link category,Cards count as contextual discovery; footer/nav excluded.
/ar/brands/bentley-service-dubai/tire-repair,brand-service,ar,INDEX,إصلاح الإطارات Bentley في دبي,14,0,0,2,PRIMARY,NOT ORPHANED,RETAIN existing natural relationships,NO,Rendered distinct incoming source counts by link category,Cards count as contextual discovery; footer/nav excluded.
/ar/brands/bentley-service-dubai/transmission-repair,brand-service,ar,INDEX,إصلاح ناقل الحركة Bentley في دبي,14,0,0,2,PRIMARY,NOT ORPHANED,RETAIN existing natural relationships,NO,Rendered distinct incoming source counts by link category,Cards count as contextual discovery; footer/nav excluded.
/ar/brands/bmw-service-dubai,brand,ar,INDEX,BMW للإصلاح والصيانة في دبي,54,7,14,1,PRIMARY,NOT ORPHANED,RETAIN existing natural relationships,NO,Rendered distinct incoming source counts by link category,Cards count as contextual discovery; footer/nav excluded.
/ar/brands/bmw-service-dubai/ac-repair,brand-service,ar,INDEX,إصلاح التكييف BMW في دبي,14,0,0,2,PRIMARY,NOT ORPHANED,RETAIN existing natural relationships,NO,Rendered distinct incoming source counts by link category,Cards count as contextual discovery; footer/nav excluded.
/ar/brands/bmw-service-dubai/battery-replacement,brand-service,ar,INDEX,تبديل البطارية BMW في دبي,14,0,0,2,PRIMARY,NOT ORPHANED,RETAIN existing natural relationships,NO,Rendered distinct incoming source counts by link category,Cards count as contextual discovery; footer/nav excluded.
/ar/brands/bmw-service-dubai/body-repair,brand-service,ar,INDEX,"Commercial repair: dents, damaged paint, refinishing and collision work",14,0,0,2,PRIMARY,NOT ORPHANED,RETAIN existing natural relationships,NO,Rendered distinct incoming source counts by link category,Cards count as contextual discovery; footer/nav excluded.
/ar/brands/bmw-service-dubai/brake-repair,brand-service,ar,INDEX,إصلاح الفرامل BMW في دبي,14,0,0,2,PRIMARY,NOT ORPHANED,RETAIN existing natural relationships,NO,Rendered distinct incoming source counts by link category,Cards count as contextual discovery; footer/nav excluded.
/ar/brands/bmw-service-dubai/electrical-repair,brand-service,ar,INDEX,إصلاح الكهرباء BMW في دبي,14,0,0,2,PRIMARY,NOT ORPHANED,RETAIN existing natural relationships,NO,Rendered distinct incoming source counts by link category,Cards count as contextual discovery; footer/nav excluded.
/ar/brands/bmw-service-dubai/engine-diagnostics,brand-service,ar,INDEX,تشخيص المحرك BMW في دبي,14,0,0,2,PRIMARY,NOT ORPHANED,RETAIN existing natural relationships,NO,Rendered distinct incoming source counts by link category,Cards count as contextual discovery; footer/nav excluded.
/ar/brands/bmw-service-dubai/exhaust-repair,brand-service,ar,INDEX,إصلاح العادم BMW في دبي,14,0,0,2,PRIMARY,NOT ORPHANED,RETAIN existing natural relationships,NO,Rendered distinct incoming source counts by link category,Cards count as contextual discovery; footer/nav excluded.
/ar/brands/bmw-service-dubai/fuel-system-repair,brand-service,ar,INDEX,إصلاح نظام الوقود BMW في دبي,14,0,0,2,PRIMARY,NOT ORPHANED,RETAIN existing natural relationships,NO,Rendered distinct incoming source counts by link category,Cards count as contextual discovery; footer/nav excluded.
/ar/brands/bmw-service-dubai/mechanical-repair,brand-service,ar,INDEX,الإصلاح الميكانيكي BMW في دبي,14,0,0,2,PRIMARY,NOT ORPHANED,RETAIN existing natural relationships,NO,Rendered distinct incoming source counts by link category,Cards count as contextual discovery; footer/nav excluded.
/ar/brands/bmw-service-dubai/oil-change,brand-service,ar,INDEX,تغيير الزيت BMW في دبي,14,0,0,2,PRIMARY,NOT ORPHANED,RETAIN existing natural relationships,NO,Rendered distinct incoming source counts by link category,Cards count as contextual discovery; footer/nav excluded.
/ar/brands/bmw-service-dubai/steering-repair,brand-service,ar,INDEX,إصلاح نظام التوجيه BMW في دبي,14,0,0,2,PRIMARY,NOT ORPHANED,RETAIN existing natural relationships,NO,Rendered distinct incoming source counts by link category,Cards count as contextual discovery; footer/nav excluded.
/ar/brands/bmw-service-dubai/suspension-repair,brand-service,ar,INDEX,إصلاح التعليق BMW في دبي,14,0,0,2,PRIMARY,NOT ORPHANED,RETAIN existing natural relationships,NO,Rendered distinct incoming source counts by link category,Cards count as contextual discovery; footer/nav excluded.
/ar/brands/bmw-service-dubai/tire-repair,brand-service,ar,INDEX,إصلاح الإطارات BMW في دبي,14,0,0,2,PRIMARY,NOT ORPHANED,RETAIN existing natural relationships,NO,Rendered distinct incoming source counts by link category,Cards count as contextual discovery; footer/nav excluded.
/ar/brands/bmw-service-dubai/transmission-repair,brand-service,ar,INDEX,إصلاح ناقل الحركة BMW في دبي,14,0,0,2,PRIMARY,NOT ORPHANED,RETAIN existing natural relationships,NO,Rendered distinct incoming source counts by link category,Cards count as contextual discovery; footer/nav excluded.
/ar/brands/bugatti-service-dubai,brand,ar,INDEX,Bugatti للإصلاح والصيانة في دبي,36,0,14,1,PRIMARY,NOT ORPHANED,RETAIN existing natural relationships,NO,Rendered distinct incoming source counts by link category,Cards count as contextual discovery; footer/nav excluded.
/ar/brands/bugatti-service-dubai/ac-repair,brand-service,ar,INDEX,إصلاح التكييف Bugatti في دبي,14,0,0,2,PRIMARY,NOT ORPHANED,RETAIN existing natural relationships,NO,Rendered distinct incoming source counts by link category,Cards count as contextual discovery; footer/nav excluded.
/ar/brands/bugatti-service-dubai/battery-replacement,brand-service,ar,NOINDEX,تبديل البطارية Bugatti في دبي,14,0,0,2,SUPPORT / UTILITY,INTENTIONAL SUPPORT PAGE,RETAIN existing natural relationships,NO,Rendered distinct incoming source counts by link category,Cards count as contextual discovery; footer/nav excluded.
/ar/brands/bugatti-service-dubai/body-repair,brand-service,ar,NOINDEX,"Commercial repair: dents, damaged paint, refinishing and collision work",14,0,0,2,SUPPORT / UTILITY,INTENTIONAL SUPPORT PAGE,RETAIN existing natural relationships,NO,Rendered distinct incoming source counts by link category,Cards count as contextual discovery; footer/nav excluded.
/ar/brands/bugatti-service-dubai/brake-repair,brand-service,ar,INDEX,إصلاح الفرامل Bugatti في دبي,14,0,0,2,PRIMARY,NOT ORPHANED,RETAIN existing natural relationships,NO,Rendered distinct incoming source counts by link category,Cards count as contextual discovery; footer/nav excluded.
/ar/brands/bugatti-service-dubai/electrical-repair,brand-service,ar,NOINDEX,إصلاح الكهرباء Bugatti في دبي,14,0,0,2,SUPPORT / UTILITY,INTENTIONAL SUPPORT PAGE,RETAIN existing natural relationships,NO,Rendered distinct incoming source counts by link category,Cards count as contextual discovery; footer/nav excluded.
/ar/brands/bugatti-service-dubai/engine-diagnostics,brand-service,ar,INDEX,تشخيص المحرك Bugatti في دبي,14,0,0,2,PRIMARY,NOT ORPHANED,RETAIN existing natural relationships,NO,Rendered distinct incoming source counts by link category,Cards count as contextual discovery; footer/nav excluded.
/ar/brands/bugatti-service-dubai/exhaust-repair,brand-service,ar,NOINDEX,إصلاح العادم Bugatti في دبي,14,0,0,2,SUPPORT / UTILITY,INTENTIONAL SUPPORT PAGE,RETAIN existing natural relationships,NO,Rendered distinct incoming source counts by link category,Cards count as contextual discovery; footer/nav excluded.
/ar/brands/bugatti-service-dubai/fuel-system-repair,brand-service,ar,NOINDEX,إصلاح نظام الوقود Bugatti في دبي,14,0,0,2,SUPPORT / UTILITY,INTENTIONAL SUPPORT PAGE,RETAIN existing natural relationships,NO,Rendered distinct incoming source counts by link category,Cards count as contextual discovery; footer/nav excluded.
/ar/brands/bugatti-service-dubai/mechanical-repair,brand-service,ar,NOINDEX,الإصلاح الميكانيكي Bugatti في دبي,14,0,0,2,SUPPORT / UTILITY,INTENTIONAL SUPPORT PAGE,RETAIN existing natural relationships,NO,Rendered distinct incoming source counts by link category,Cards count as contextual discovery; footer/nav excluded.
/ar/brands/bugatti-service-dubai/oil-change,brand-service,ar,INDEX,تغيير الزيت Bugatti في دبي,14,0,0,2,PRIMARY,NOT ORPHANED,RETAIN existing natural relationships,NO,Rendered distinct incoming source counts by link category,Cards count as contextual discovery; footer/nav excluded.
/ar/brands/bugatti-service-dubai/steering-repair,brand-service,ar,NOINDEX,إصلاح نظام التوجيه Bugatti في دبي,14,0,0,2,SUPPORT / UTILITY,INTENTIONAL SUPPORT PAGE,RETAIN existing natural relationships,NO,Rendered distinct incoming source counts by link category,Cards count as contextual discovery; footer/nav excluded.
/ar/brands/bugatti-service-dubai/suspension-repair,brand-service,ar,NOINDEX,إصلاح التعليق Bugatti في دبي,14,0,0,2,SUPPORT / UTILITY,INTENTIONAL SUPPORT PAGE,RETAIN existing natural relationships,NO,Rendered distinct incoming source counts by link category,Cards count as contextual discovery; footer/nav excluded.
/ar/brands/bugatti-service-dubai/tire-repair,brand-service,ar,NOINDEX,إصلاح الإطارات Bugatti في دبي,14,0,0,2,SUPPORT / UTILITY,INTENTIONAL SUPPORT PAGE,RETAIN existing natural relationships,NO,Rendered distinct incoming source counts by link category,Cards count as contextual discovery; footer/nav excluded.
/ar/brands/bugatti-service-dubai/transmission-repair,brand-service,ar,NOINDEX,إصلاح ناقل الحركة Bugatti في دبي,14,0,0,2,SUPPORT / UTILITY,INTENTIONAL SUPPORT PAGE,RETAIN existing natural relationships,NO,Rendered distinct incoming source counts by link category,Cards count as contextual discovery; footer/nav excluded.
/ar/brands/byd-service-dubai,brand,ar,INDEX,BYD للإصلاح والصيانة في دبي,17,0,14,1,PRIMARY,NOT ORPHANED,RETAIN existing natural relationships,NO,Rendered distinct incoming source counts by link category,Cards count as contextual discovery; footer/nav excluded.
/ar/brands/byd-service-dubai/ac-repair,brand-service,ar,INDEX,إصلاح التكييف BYD في دبي,14,0,0,2,PRIMARY,NOT ORPHANED,RETAIN existing natural relationships,NO,Rendered distinct incoming source counts by link category,Cards count as contextual discovery; footer/nav excluded.
/ar/brands/byd-service-dubai/battery-replacement,brand-service,ar,NOINDEX,تبديل البطارية BYD في دبي,14,0,0,2,SUPPORT / UTILITY,INTENTIONAL SUPPORT PAGE,RETAIN existing natural relationships,NO,Rendered distinct incoming source counts by link category,Cards count as contextual discovery; footer/nav excluded.
/ar/brands/byd-service-dubai/body-repair,brand-service,ar,NOINDEX,"Commercial repair: dents, damaged paint, refinishing and collision work",14,0,0,2,SUPPORT / UTILITY,INTENTIONAL SUPPORT PAGE,RETAIN existing natural relationships,NO,Rendered distinct incoming source counts by link category,Cards count as contextual discovery; footer/nav excluded.
/ar/brands/byd-service-dubai/brake-repair,brand-service,ar,INDEX,إصلاح الفرامل BYD في دبي,14,0,0,2,PRIMARY,NOT ORPHANED,RETAIN existing natural relationships,NO,Rendered distinct incoming source counts by link category,Cards count as contextual discovery; footer/nav excluded.
/ar/brands/byd-service-dubai/electrical-repair,brand-service,ar,NOINDEX,إصلاح الكهرباء BYD في دبي,14,0,0,2,SUPPORT / UTILITY,INTENTIONAL SUPPORT PAGE,RETAIN existing natural relationships,NO,Rendered distinct incoming source counts by link category,Cards count as contextual discovery; footer/nav excluded.
/ar/brands/byd-service-dubai/engine-diagnostics,brand-service,ar,INDEX,تشخيص المحرك BYD في دبي,14,0,0,2,PRIMARY,NOT ORPHANED,RETAIN existing natural relationships,NO,Rendered distinct incoming source counts by link category,Cards count as contextual discovery; footer/nav excluded.
/ar/brands/byd-service-dubai/exhaust-repair,brand-service,ar,NOINDEX,إصلاح العادم BYD في دبي,14,0,0,2,SUPPORT / UTILITY,INTENTIONAL SUPPORT PAGE,RETAIN existing natural relationships,NO,Rendered distinct incoming source counts by link category,Cards count as contextual discovery; footer/nav excluded.
/ar/brands/byd-service-dubai/fuel-system-repair,brand-service,ar,NOINDEX,إصلاح نظام الوقود BYD في دبي,14,0,0,2,SUPPORT / UTILITY,INTENTIONAL SUPPORT PAGE,RETAIN existing natural relationships,NO,Rendered distinct incoming source counts by link category,Cards count as contextual discovery; footer/nav excluded.
/ar/brands/byd-service-dubai/mechanical-repair,brand-service,ar,NOINDEX,الإصلاح الميكانيكي BYD في دبي,14,0,0,2,SUPPORT / UTILITY,INTENTIONAL SUPPORT PAGE,RETAIN existing natural relationships,NO,Rendered distinct incoming source counts by link category,Cards count as contextual discovery; footer/nav excluded.
/ar/brands/byd-service-dubai/oil-change,brand-service,ar,INDEX,تغيير الزيت BYD في دبي,14,0,0,2,PRIMARY,NOT ORPHANED,RETAIN existing natural relationships,NO,Rendered distinct incoming source counts by link category,Cards count as contextual discovery; footer/nav excluded.
/ar/brands/byd-service-dubai/steering-repair,brand-service,ar,NOINDEX,إصلاح نظام التوجيه BYD في دبي,14,0,0,2,SUPPORT / UTILITY,INTENTIONAL SUPPORT PAGE,RETAIN existing natural relationships,NO,Rendered distinct incoming source counts by link category,Cards count as contextual discovery; footer/nav excluded.
/ar/brands/byd-service-dubai/suspension-repair,brand-service,ar,NOINDEX,إصلاح التعليق BYD في دبي,14,0,0,2,SUPPORT / UTILITY,INTENTIONAL SUPPORT PAGE,RETAIN existing natural relationships,NO,Rendered distinct incoming source counts by link category,Cards count as contextual discovery; footer/nav excluded.
/ar/brands/byd-service-dubai/tire-repair,brand-service,ar,NOINDEX,إصلاح الإطارات BYD في دبي,14,0,0,2,SUPPORT / UTILITY,INTENTIONAL SUPPORT PAGE,RETAIN existing natural relationships,NO,Rendered distinct incoming source counts by link category,Cards count as contextual discovery; footer/nav excluded.
/ar/brands/byd-service-dubai/transmission-repair,brand-service,ar,NOINDEX,إصلاح ناقل الحركة BYD في دبي,14,0,0,2,SUPPORT / UTILITY,INTENTIONAL SUPPORT PAGE,RETAIN existing natural relationships,NO,Rendered distinct incoming source counts by link category,Cards count as contextual discovery; footer/nav excluded.
/ar/brands/cadillac-service-dubai,brand,ar,INDEX,Cadillac للإصلاح والصيانة في دبي,18,0,14,1,PRIMARY,NOT ORPHANED,RETAIN existing natural relationships,NO,Rendered distinct incoming source counts by link category,Cards count as contextual discovery; footer/nav excluded.
/ar/brands/cadillac-service-dubai/ac-repair,brand-service,ar,INDEX,إصلاح التكييف Cadillac في دبي,14,0,0,2,PRIMARY,NOT ORPHANED,RETAIN existing natural relationships,NO,Rendered distinct incoming source counts by link category,Cards count as contextual discovery; footer/nav excluded.
/ar/brands/cadillac-service-dubai/battery-replacement,brand-service,ar,NOINDEX,تبديل البطارية Cadillac في دبي,14,0,0,2,SUPPORT / UTILITY,INTENTIONAL SUPPORT PAGE,RETAIN existing natural relationships,NO,Rendered distinct incoming source counts by link category,Cards count as contextual discovery; footer/nav excluded.
/ar/brands/cadillac-service-dubai/body-repair,brand-service,ar,NOINDEX,"Commercial repair: dents, damaged paint, refinishing and collision work",14,0,0,2,SUPPORT / UTILITY,INTENTIONAL SUPPORT PAGE,RETAIN existing natural relationships,NO,Rendered distinct incoming source counts by link category,Cards count as contextual discovery; footer/nav excluded.
/ar/brands/cadillac-service-dubai/brake-repair,brand-service,ar,INDEX,إصلاح الفرامل Cadillac في دبي,14,0,0,2,PRIMARY,NOT ORPHANED,RETAIN existing natural relationships,NO,Rendered distinct incoming source counts by link category,Cards count as contextual discovery; footer/nav excluded.
/ar/brands/cadillac-service-dubai/electrical-repair,brand-service,ar,NOINDEX,إصلاح الكهرباء Cadillac في دبي,14,0,0,2,SUPPORT / UTILITY,INTENTIONAL SUPPORT PAGE,RETAIN existing natural relationships,NO,Rendered distinct incoming source counts by link category,Cards count as contextual discovery; footer/nav excluded.
/ar/brands/cadillac-service-dubai/engine-diagnostics,brand-service,ar,INDEX,تشخيص المحرك Cadillac في دبي,14,0,0,2,PRIMARY,NOT ORPHANED,RETAIN existing natural relationships,NO,Rendered distinct incoming source counts by link category,Cards count as contextual discovery; footer/nav excluded.
/ar/brands/cadillac-service-dubai/exhaust-repair,brand-service,ar,NOINDEX,إصلاح العادم Cadillac في دبي,14,0,0,2,SUPPORT / UTILITY,INTENTIONAL SUPPORT PAGE,RETAIN existing natural relationships,NO,Rendered distinct incoming source counts by link category,Cards count as contextual discovery; footer/nav excluded.
/ar/brands/cadillac-service-dubai/fuel-system-repair,brand-service,ar,NOINDEX,إصلاح نظام الوقود Cadillac في دبي,14,0,0,2,SUPPORT / UTILITY,INTENTIONAL SUPPORT PAGE,RETAIN existing natural relationships,NO,Rendered distinct incoming source counts by link category,Cards count as contextual discovery; footer/nav excluded.
/ar/brands/cadillac-service-dubai/mechanical-repair,brand-service,ar,NOINDEX,الإصلاح الميكانيكي Cadillac في دبي,14,0,0,2,SUPPORT / UTILITY,INTENTIONAL SUPPORT PAGE,RETAIN existing natural relationships,NO,Rendered distinct incoming source counts by link category,Cards count as contextual discovery; footer/nav excluded.
/ar/brands/cadillac-service-dubai/oil-change,brand-service,ar,INDEX,تغيير الزيت Cadillac في دبي,14,0,0,2,PRIMARY,NOT ORPHANED,RETAIN existing natural relationships,NO,Rendered distinct incoming source counts by link category,Cards count as contextual discovery; footer/nav excluded.
/ar/brands/cadillac-service-dubai/steering-repair,brand-service,ar,NOINDEX,إصلاح نظام التوجيه Cadillac في دبي,14,0,0,2,SUPPORT / UTILITY,INTENTIONAL SUPPORT PAGE,RETAIN existing natural relationships,NO,Rendered distinct incoming source counts by link category,Cards count as contextual discovery; footer/nav excluded.
/ar/brands/cadillac-service-dubai/suspension-repair,brand-service,ar,NOINDEX,إصلاح التعليق Cadillac في دبي,14,0,0,2,SUPPORT / UTILITY,INTENTIONAL SUPPORT PAGE,RETAIN existing natural relationships,NO,Rendered distinct incoming source counts by link category,Cards count as contextual discovery; footer/nav excluded.
/ar/brands/cadillac-service-dubai/tire-repair,brand-service,ar,NOINDEX,إصلاح الإطارات Cadillac في دبي,14,0,0,2,SUPPORT / UTILITY,INTENTIONAL SUPPORT PAGE,RETAIN existing natural relationships,NO,Rendered distinct incoming source counts by link category,Cards count as contextual discovery; footer/nav excluded.
/ar/brands/cadillac-service-dubai/transmission-repair,brand-service,ar,NOINDEX,إصلاح ناقل الحركة Cadillac في دبي,14,0,0,2,SUPPORT / UTILITY,INTENTIONAL SUPPORT PAGE,RETAIN existing natural relationships,NO,Rendered distinct incoming source counts by link category,Cards count as contextual discovery; footer/nav excluded.
/ar/brands/chevrolet-service-dubai,brand,ar,INDEX,Chevrolet للإصلاح والصيانة في دبي,10,0,6,1,PRIMARY,NOT ORPHANED,RETAIN existing natural relationships,NO,Rendered distinct incoming source counts by link category,Cards count as contextual discovery; footer/nav excluded.
/ar/brands/chevrolet-service-dubai/ac-repair,brand-service,ar,INDEX,إصلاح التكييف Chevrolet في دبي,6,0,0,2,PRIMARY,NOT ORPHANED,RETAIN existing natural relationships,NO,Rendered distinct incoming source counts by link category,Cards count as contextual discovery; footer/nav excluded.
/ar/brands/chevrolet-service-dubai/brake-repair,brand-service,ar,INDEX,إصلاح الفرامل Chevrolet في دبي,6,0,0,2,PRIMARY,NOT ORPHANED,RETAIN existing natural relationships,NO,Rendered distinct incoming source counts by link category,Cards count as contextual discovery; footer/nav excluded.
/ar/brands/chevrolet-service-dubai/engine-diagnostics,brand-service,ar,INDEX,تشخيص المحرك Chevrolet في دبي,6,0,0,2,PRIMARY,NOT ORPHANED,RETAIN existing natural relationships,NO,Rendered distinct incoming source counts by link category,Cards count as contextual discovery; footer/nav excluded.
/ar/brands/chevrolet-service-dubai/oil-change,brand-service,ar,INDEX,تغيير الزيت Chevrolet في دبي,6,0,0,2,PRIMARY,NOT ORPHANED,RETAIN existing natural relationships,NO,Rendered distinct incoming source counts by link category,Cards count as contextual discovery; footer/nav excluded.
/ar/brands/chevrolet-service-dubai/suspension-repair,brand-service,ar,NOINDEX,إصلاح التعليق Chevrolet في دبي,6,0,0,2,SUPPORT / UTILITY,INTENTIONAL SUPPORT PAGE,RETAIN existing natural relationships,NO,Rendered distinct incoming source counts by link category,Cards count as contextual discovery; footer/nav excluded.
/ar/brands/chevrolet-service-dubai/transmission-repair,brand-service,ar,NOINDEX,إصلاح ناقل الحركة Chevrolet في دبي,6,0,0,2,SUPPORT / UTILITY,INTENTIONAL SUPPORT PAGE,RETAIN existing natural relationships,NO,Rendered distinct incoming source counts by link category,Cards count as contextual discovery; footer/nav excluded.
/ar/brands/chrysler-service-dubai,brand,ar,INDEX,Chrysler للإصلاح والصيانة في دبي,9,0,6,1,PRIMARY,NOT ORPHANED,RETAIN existing natural relationships,NO,Rendered distinct incoming source counts by link category,Cards count as contextual discovery; footer/nav excluded.
/ar/brands/chrysler-service-dubai/ac-repair,brand-service,ar,INDEX,إصلاح التكييف Chrysler في دبي,6,0,0,2,PRIMARY,NOT ORPHANED,RETAIN existing natural relationships,NO,Rendered distinct incoming source counts by link category,Cards count as contextual discovery; footer/nav excluded.
/ar/brands/chrysler-service-dubai/brake-repair,brand-service,ar,INDEX,إصلاح الفرامل Chrysler في دبي,6,0,0,2,PRIMARY,NOT ORPHANED,RETAIN existing natural relationships,NO,Rendered distinct incoming source counts by link category,Cards count as contextual discovery; footer/nav excluded.
/ar/brands/chrysler-service-dubai/engine-diagnostics,brand-service,ar,INDEX,تشخيص المحرك Chrysler في دبي,6,0,0,2,PRIMARY,NOT ORPHANED,RETAIN existing natural relationships,NO,Rendered distinct incoming source counts by link category,Cards count as contextual discovery; footer/nav excluded.
/ar/brands/chrysler-service-dubai/oil-change,brand-service,ar,INDEX,تغيير الزيت Chrysler في دبي,6,0,0,2,PRIMARY,NOT ORPHANED,RETAIN existing natural relationships,NO,Rendered distinct incoming source counts by link category,Cards count as contextual discovery; footer/nav excluded.
/ar/brands/chrysler-service-dubai/suspension-repair,brand-service,ar,NOINDEX,إصلاح التعليق Chrysler في دبي,6,0,0,2,SUPPORT / UTILITY,INTENTIONAL SUPPORT PAGE,RETAIN existing natural relationships,NO,Rendered distinct incoming source counts by link category,Cards count as contextual discovery; footer/nav excluded.
/ar/brands/chrysler-service-dubai/transmission-repair,brand-service,ar,NOINDEX,إصلاح ناقل الحركة Chrysler في دبي,6,0,0,2,SUPPORT / UTILITY,INTENTIONAL SUPPORT PAGE,RETAIN existing natural relationships,NO,Rendered distinct incoming source counts by link category,Cards count as contextual discovery; footer/nav excluded.
/ar/brands/corvette-service-dubai,brand,ar,INDEX,Corvette للإصلاح والصيانة في دبي,9,0,6,1,PRIMARY,NOT ORPHANED,RETAIN existing natural relationships,NO,Rendered distinct incoming source counts by link category,Cards count as contextual discovery; footer/nav excluded.
/ar/brands/corvette-service-dubai/ac-repair,brand-service,ar,INDEX,إصلاح التكييف Corvette في دبي,6,0,0,2,PRIMARY,NOT ORPHANED,RETAIN existing natural relationships,NO,Rendered distinct incoming source counts by link category,Cards count as contextual discovery; footer/nav excluded.
/ar/brands/corvette-service-dubai/brake-repair,brand-service,ar,INDEX,إصلاح الفرامل Corvette في دبي,6,0,0,2,PRIMARY,NOT ORPHANED,RETAIN existing natural relationships,NO,Rendered distinct incoming source counts by link category,Cards count as contextual discovery; footer/nav excluded.
/ar/brands/corvette-service-dubai/engine-diagnostics,brand-service,ar,INDEX,تشخيص المحرك Corvette في دبي,6,0,0,2,PRIMARY,NOT ORPHANED,RETAIN existing natural relationships,NO,Rendered distinct incoming source counts by link category,Cards count as contextual discovery; footer/nav excluded.
/ar/brands/corvette-service-dubai/oil-change,brand-service,ar,INDEX,تغيير الزيت Corvette في دبي,6,0,0,2,PRIMARY,NOT ORPHANED,RETAIN existing natural relationships,NO,Rendered distinct incoming source counts by link category,Cards count as contextual discovery; footer/nav excluded.
/ar/brands/corvette-service-dubai/suspension-repair,brand-service,ar,NOINDEX,إصلاح التعليق Corvette في دبي,6,0,0,2,SUPPORT / UTILITY,INTENTIONAL SUPPORT PAGE,RETAIN existing natural relationships,NO,Rendered distinct incoming source counts by link category,Cards count as contextual discovery; footer/nav excluded.
/ar/brands/corvette-service-dubai/transmission-repair,brand-service,ar,NOINDEX,إصلاح ناقل الحركة Corvette في دبي,6,0,0,2,SUPPORT / UTILITY,INTENTIONAL SUPPORT PAGE,RETAIN existing natural relationships,NO,Rendered distinct incoming source counts by link category,Cards count as contextual discovery; footer/nav excluded.
/ar/brands/defender-service-dubai,brand,ar,INDEX,Defender للإصلاح والصيانة في دبي,34,0,14,1,PRIMARY,NOT ORPHANED,RETAIN existing natural relationships,NO,Rendered distinct incoming source counts by link category,Cards count as contextual discovery; footer/nav excluded.
/ar/brands/defender-service-dubai/ac-repair,brand-service,ar,INDEX,إصلاح التكييف Defender في دبي,14,0,0,2,PRIMARY,NOT ORPHANED,RETAIN existing natural relationships,NO,Rendered distinct incoming source counts by link category,Cards count as contextual discovery; footer/nav excluded.
/ar/brands/defender-service-dubai/battery-replacement,brand-service,ar,INDEX,تبديل البطارية Defender في دبي,14,0,0,2,PRIMARY,NOT ORPHANED,RETAIN existing natural relationships,NO,Rendered distinct incoming source counts by link category,Cards count as contextual discovery; footer/nav excluded.
/ar/brands/defender-service-dubai/body-repair,brand-service,ar,INDEX,"Commercial repair: dents, damaged paint, refinishing and collision work",14,0,0,2,PRIMARY,NOT ORPHANED,RETAIN existing natural relationships,NO,Rendered distinct incoming source counts by link category,Cards count as contextual discovery; footer/nav excluded.
/ar/brands/defender-service-dubai/brake-repair,brand-service,ar,INDEX,إصلاح الفرامل Defender في دبي,14,0,0,2,PRIMARY,NOT ORPHANED,RETAIN existing natural relationships,NO,Rendered distinct incoming source counts by link category,Cards count as contextual discovery; footer/nav excluded.
/ar/brands/defender-service-dubai/electrical-repair,brand-service,ar,INDEX,إصلاح الكهرباء Defender في دبي,14,0,0,2,PRIMARY,NOT ORPHANED,RETAIN existing natural relationships,NO,Rendered distinct incoming source counts by link category,Cards count as contextual discovery; footer/nav excluded.
/ar/brands/defender-service-dubai/engine-diagnostics,brand-service,ar,INDEX,تشخيص المحرك Defender في دبي,14,0,0,2,PRIMARY,NOT ORPHANED,RETAIN existing natural relationships,NO,Rendered distinct incoming source counts by link category,Cards count as contextual discovery; footer/nav excluded.
/ar/brands/defender-service-dubai/exhaust-repair,brand-service,ar,INDEX,إصلاح العادم Defender في دبي,14,0,0,2,PRIMARY,NOT ORPHANED,RETAIN existing natural relationships,NO,Rendered distinct incoming source counts by link category,Cards count as contextual discovery; footer/nav excluded.
/ar/brands/defender-service-dubai/fuel-system-repair,brand-service,ar,INDEX,إصلاح نظام الوقود Defender في دبي,14,0,0,2,PRIMARY,NOT ORPHANED,RETAIN existing natural relationships,NO,Rendered distinct incoming source counts by link category,Cards count as contextual discovery; footer/nav excluded.
/ar/brands/defender-service-dubai/mechanical-repair,brand-service,ar,INDEX,الإصلاح الميكانيكي Defender في دبي,14,0,0,2,PRIMARY,NOT ORPHANED,RETAIN existing natural relationships,NO,Rendered distinct incoming source counts by link category,Cards count as contextual discovery; footer/nav excluded.
/ar/brands/defender-service-dubai/oil-change,brand-service,ar,INDEX,تغيير الزيت Defender في دبي,14,0,0,2,PRIMARY,NOT ORPHANED,RETAIN existing natural relationships,NO,Rendered distinct incoming source counts by link category,Cards count as contextual discovery; footer/nav excluded.
/ar/brands/defender-service-dubai/steering-repair,brand-service,ar,INDEX,إصلاح نظام التوجيه Defender في دبي,14,0,0,2,PRIMARY,NOT ORPHANED,RETAIN existing natural relationships,NO,Rendered distinct incoming source counts by link category,Cards count as contextual discovery; footer/nav excluded.
/ar/brands/defender-service-dubai/suspension-repair,brand-service,ar,INDEX,إصلاح التعليق Defender في دبي,14,0,0,2,PRIMARY,NOT ORPHANED,RETAIN existing natural relationships,NO,Rendered distinct incoming source counts by link category,Cards count as contextual discovery; footer/nav excluded.
/ar/brands/defender-service-dubai/tire-repair,brand-service,ar,INDEX,إصلاح الإطارات Defender في دبي,14,0,0,2,PRIMARY,NOT ORPHANED,RETAIN existing natural relationships,NO,Rendered distinct incoming source counts by link category,Cards count as contextual discovery; footer/nav excluded.
/ar/brands/defender-service-dubai/transmission-repair,brand-service,ar,INDEX,إصلاح ناقل الحركة Defender في دبي,14,0,0,2,PRIMARY,NOT ORPHANED,RETAIN existing natural relationships,NO,Rendered distinct incoming source counts by link category,Cards count as contextual discovery; footer/nav excluded.
/ar/brands/dodge-service-dubai,brand,ar,INDEX,Dodge للإصلاح والصيانة في دبي,9,0,6,1,PRIMARY,NOT ORPHANED,RETAIN existing natural relationships,NO,Rendered distinct incoming source counts by link category,Cards count as contextual discovery; footer/nav excluded.
/ar/brands/dodge-service-dubai/ac-repair,brand-service,ar,INDEX,إصلاح التكييف Dodge في دبي,6,0,0,2,PRIMARY,NOT ORPHANED,RETAIN existing natural relationships,NO,Rendered distinct incoming source counts by link category,Cards count as contextual discovery; footer/nav excluded.
/ar/brands/dodge-service-dubai/brake-repair,brand-service,ar,INDEX,إصلاح الفرامل Dodge في دبي,6,0,0,2,PRIMARY,NOT ORPHANED,RETAIN existing natural relationships,NO,Rendered distinct incoming source counts by link category,Cards count as contextual discovery; footer/nav excluded.
/ar/brands/dodge-service-dubai/engine-diagnostics,brand-service,ar,INDEX,تشخيص المحرك Dodge في دبي,6,0,0,2,PRIMARY,NOT ORPHANED,RETAIN existing natural relationships,NO,Rendered distinct incoming source counts by link category,Cards count as contextual discovery; footer/nav excluded.
/ar/brands/dodge-service-dubai/oil-change,brand-service,ar,INDEX,تغيير الزيت Dodge في دبي,6,0,0,2,PRIMARY,NOT ORPHANED,RETAIN existing natural relationships,NO,Rendered distinct incoming source counts by link category,Cards count as contextual discovery; footer/nav excluded.
/ar/brands/dodge-service-dubai/suspension-repair,brand-service,ar,NOINDEX,إصلاح التعليق Dodge في دبي,6,0,0,2,SUPPORT / UTILITY,INTENTIONAL SUPPORT PAGE,RETAIN existing natural relationships,NO,Rendered distinct incoming source counts by link category,Cards count as contextual discovery; footer/nav excluded.
/ar/brands/dodge-service-dubai/transmission-repair,brand-service,ar,NOINDEX,إصلاح ناقل الحركة Dodge في دبي,6,0,0,2,SUPPORT / UTILITY,INTENTIONAL SUPPORT PAGE,RETAIN existing natural relationships,NO,Rendered distinct incoming source counts by link category,Cards count as contextual discovery; footer/nav excluded.
/ar/brands/ferrari-service-dubai,brand,ar,INDEX,إصلاح وصيانة Ferrari في دبي,55,8,14,1,PRIMARY,NOT ORPHANED,RETAIN existing natural relationships,NO,Rendered distinct incoming source counts by link category,Cards count as contextual discovery; footer/nav excluded.
/ar/brands/ferrari-service-dubai/ac-repair,brand-service,ar,INDEX,إصلاح التكييف Ferrari في دبي,14,0,0,2,PRIMARY,NOT ORPHANED,RETAIN existing natural relationships,NO,Rendered distinct incoming source counts by link category,Cards count as contextual discovery; footer/nav excluded.
/ar/brands/ferrari-service-dubai/battery-replacement,brand-service,ar,INDEX,تبديل البطارية Ferrari في دبي,14,0,0,2,PRIMARY,NOT ORPHANED,RETAIN existing natural relationships,NO,Rendered distinct incoming source counts by link category,Cards count as contextual discovery; footer/nav excluded.
/ar/brands/ferrari-service-dubai/body-repair,brand-service,ar,INDEX,"Commercial repair: dents, damaged paint, refinishing and collision work",14,0,0,2,PRIMARY,NOT ORPHANED,RETAIN existing natural relationships,NO,Rendered distinct incoming source counts by link category,Cards count as contextual discovery; footer/nav excluded.
/ar/brands/ferrari-service-dubai/brake-repair,brand-service,ar,INDEX,إصلاح الفرامل Ferrari في دبي,15,0,0,2,PRIMARY,NOT ORPHANED,RETAIN existing natural relationships,NO,Rendered distinct incoming source counts by link category,Cards count as contextual discovery; footer/nav excluded.
/ar/brands/ferrari-service-dubai/electrical-repair,brand-service,ar,INDEX,إصلاح الكهرباء Ferrari في دبي,14,0,0,2,PRIMARY,NOT ORPHANED,RETAIN existing natural relationships,NO,Rendered distinct incoming source counts by link category,Cards count as contextual discovery; footer/nav excluded.
/ar/brands/ferrari-service-dubai/engine-diagnostics,brand-service,ar,INDEX,تشخيص المحرك Ferrari في دبي,15,0,0,2,PRIMARY,NOT ORPHANED,RETAIN existing natural relationships,NO,Rendered distinct incoming source counts by link category,Cards count as contextual discovery; footer/nav excluded.
/ar/brands/ferrari-service-dubai/exhaust-repair,brand-service,ar,INDEX,إصلاح العادم Ferrari في دبي,14,0,0,2,PRIMARY,NOT ORPHANED,RETAIN existing natural relationships,NO,Rendered distinct incoming source counts by link category,Cards count as contextual discovery; footer/nav excluded.
/ar/brands/ferrari-service-dubai/fuel-system-repair,brand-service,ar,INDEX,إصلاح نظام الوقود Ferrari في دبي,14,0,0,2,PRIMARY,NOT ORPHANED,RETAIN existing natural relationships,NO,Rendered distinct incoming source counts by link category,Cards count as contextual discovery; footer/nav excluded.
/ar/brands/ferrari-service-dubai/mechanical-repair,brand-service,ar,INDEX,الإصلاح الميكانيكي Ferrari في دبي,14,0,0,2,PRIMARY,NOT ORPHANED,RETAIN existing natural relationships,NO,Rendered distinct incoming source counts by link category,Cards count as contextual discovery; footer/nav excluded.
/ar/brands/ferrari-service-dubai/oil-change,brand-service,ar,INDEX,تغيير الزيت Ferrari في دبي,15,0,0,2,PRIMARY,NOT ORPHANED,RETAIN existing natural relationships,NO,Rendered distinct incoming source counts by link category,Cards count as contextual discovery; footer/nav excluded.
/ar/brands/ferrari-service-dubai/steering-repair,brand-service,ar,INDEX,إصلاح نظام التوجيه Ferrari في دبي,14,0,0,2,PRIMARY,NOT ORPHANED,RETAIN existing natural relationships,NO,Rendered distinct incoming source counts by link category,Cards count as contextual discovery; footer/nav excluded.
/ar/brands/ferrari-service-dubai/suspension-repair,brand-service,ar,INDEX,إصلاح التعليق Ferrari في دبي,15,0,0,2,PRIMARY,NOT ORPHANED,RETAIN existing natural relationships,NO,Rendered distinct incoming source counts by link category,Cards count as contextual discovery; footer/nav excluded.
/ar/brands/ferrari-service-dubai/tire-repair,brand-service,ar,INDEX,إصلاح الإطارات Ferrari في دبي,14,0,0,2,PRIMARY,NOT ORPHANED,RETAIN existing natural relationships,NO,Rendered distinct incoming source counts by link category,Cards count as contextual discovery; footer/nav excluded.
/ar/brands/ferrari-service-dubai/transmission-repair,brand-service,ar,INDEX,إصلاح ناقل الحركة Ferrari في دبي,15,0,0,2,PRIMARY,NOT ORPHANED,RETAIN existing natural relationships,NO,Rendered distinct incoming source counts by link category,Cards count as contextual discovery; footer/nav excluded.
/ar/brands/ford-service-dubai,brand,ar,INDEX,Ford للإصلاح والصيانة في دبي,10,0,6,1,PRIMARY,NOT ORPHANED,RETAIN existing natural relationships,NO,Rendered distinct incoming source counts by link category,Cards count as contextual discovery; footer/nav excluded.
/ar/brands/ford-service-dubai/ac-repair,brand-service,ar,INDEX,إصلاح التكييف Ford في دبي,6,0,0,2,PRIMARY,NOT ORPHANED,RETAIN existing natural relationships,NO,Rendered distinct incoming source counts by link category,Cards count as contextual discovery; footer/nav excluded.
/ar/brands/ford-service-dubai/brake-repair,brand-service,ar,INDEX,إصلاح الفرامل Ford في دبي,6,0,0,2,PRIMARY,NOT ORPHANED,RETAIN existing natural relationships,NO,Rendered distinct incoming source counts by link category,Cards count as contextual discovery; footer/nav excluded.
/ar/brands/ford-service-dubai/engine-diagnostics,brand-service,ar,INDEX,تشخيص المحرك Ford في دبي,6,0,0,2,PRIMARY,NOT ORPHANED,RETAIN existing natural relationships,NO,Rendered distinct incoming source counts by link category,Cards count as contextual discovery; footer/nav excluded.
/ar/brands/ford-service-dubai/oil-change,brand-service,ar,INDEX,تغيير الزيت Ford في دبي,6,0,0,2,PRIMARY,NOT ORPHANED,RETAIN existing natural relationships,NO,Rendered distinct incoming source counts by link category,Cards count as contextual discovery; footer/nav excluded.
/ar/brands/ford-service-dubai/suspension-repair,brand-service,ar,NOINDEX,إصلاح التعليق Ford في دبي,6,0,0,2,SUPPORT / UTILITY,INTENTIONAL SUPPORT PAGE,RETAIN existing natural relationships,NO,Rendered distinct incoming source counts by link category,Cards count as contextual discovery; footer/nav excluded.
/ar/brands/ford-service-dubai/transmission-repair,brand-service,ar,NOINDEX,إصلاح ناقل الحركة Ford في دبي,6,0,0,2,SUPPORT / UTILITY,INTENTIONAL SUPPORT PAGE,RETAIN existing natural relationships,NO,Rendered distinct incoming source counts by link category,Cards count as contextual discovery; footer/nav excluded.
/ar/brands/genesis-service-dubai,brand,ar,INDEX,Genesis للإصلاح والصيانة في دبي,9,0,6,1,PRIMARY,NOT ORPHANED,RETAIN existing natural relationships,NO,Rendered distinct incoming source counts by link category,Cards count as contextual discovery; footer/nav excluded.
/ar/brands/genesis-service-dubai/ac-repair,brand-service,ar,INDEX,إصلاح التكييف Genesis في دبي,6,0,0,2,PRIMARY,NOT ORPHANED,RETAIN existing natural relationships,NO,Rendered distinct incoming source counts by link category,Cards count as contextual discovery; footer/nav excluded.
/ar/brands/genesis-service-dubai/brake-repair,brand-service,ar,INDEX,إصلاح الفرامل Genesis في دبي,6,0,0,2,PRIMARY,NOT ORPHANED,RETAIN existing natural relationships,NO,Rendered distinct incoming source counts by link category,Cards count as contextual discovery; footer/nav excluded.
/ar/brands/genesis-service-dubai/engine-diagnostics,brand-service,ar,INDEX,تشخيص المحرك Genesis في دبي,6,0,0,2,PRIMARY,NOT ORPHANED,RETAIN existing natural relationships,NO,Rendered distinct incoming source counts by link category,Cards count as contextual discovery; footer/nav excluded.
/ar/brands/genesis-service-dubai/oil-change,brand-service,ar,INDEX,تغيير الزيت Genesis في دبي,6,0,0,2,PRIMARY,NOT ORPHANED,RETAIN existing natural relationships,NO,Rendered distinct incoming source counts by link category,Cards count as contextual discovery; footer/nav excluded.
/ar/brands/genesis-service-dubai/suspension-repair,brand-service,ar,NOINDEX,إصلاح التعليق Genesis في دبي,6,0,0,2,SUPPORT / UTILITY,INTENTIONAL SUPPORT PAGE,RETAIN existing natural relationships,NO,Rendered distinct incoming source counts by link category,Cards count as contextual discovery; footer/nav excluded.
/ar/brands/genesis-service-dubai/transmission-repair,brand-service,ar,NOINDEX,إصلاح ناقل الحركة Genesis في دبي,6,0,0,2,SUPPORT / UTILITY,INTENTIONAL SUPPORT PAGE,RETAIN existing natural relationships,NO,Rendered distinct incoming source counts by link category,Cards count as contextual discovery; footer/nav excluded.
/ar/brands/gmc-service-dubai,brand,ar,INDEX,GMC للإصلاح والصيانة في دبي,9,0,6,1,PRIMARY,NOT ORPHANED,RETAIN existing natural relationships,NO,Rendered distinct incoming source counts by link category,Cards count as contextual discovery; footer/nav excluded.
/ar/brands/gmc-service-dubai/ac-repair,brand-service,ar,INDEX,إصلاح التكييف GMC في دبي,6,0,0,2,PRIMARY,NOT ORPHANED,RETAIN existing natural relationships,NO,Rendered distinct incoming source counts by link category,Cards count as contextual discovery; footer/nav excluded.
/ar/brands/gmc-service-dubai/brake-repair,brand-service,ar,INDEX,إصلاح الفرامل GMC في دبي,6,0,0,2,PRIMARY,NOT ORPHANED,RETAIN existing natural relationships,NO,Rendered distinct incoming source counts by link category,Cards count as contextual discovery; footer/nav excluded.
/ar/brands/gmc-service-dubai/engine-diagnostics,brand-service,ar,INDEX,تشخيص المحرك GMC في دبي,6,0,0,2,PRIMARY,NOT ORPHANED,RETAIN existing natural relationships,NO,Rendered distinct incoming source counts by link category,Cards count as contextual discovery; footer/nav excluded.
/ar/brands/gmc-service-dubai/oil-change,brand-service,ar,INDEX,تغيير الزيت GMC في دبي,6,0,0,2,PRIMARY,NOT ORPHANED,RETAIN existing natural relationships,NO,Rendered distinct incoming source counts by link category,Cards count as contextual discovery; footer/nav excluded.
/ar/brands/gmc-service-dubai/suspension-repair,brand-service,ar,NOINDEX,إصلاح التعليق GMC في دبي,6,0,0,2,SUPPORT / UTILITY,INTENTIONAL SUPPORT PAGE,RETAIN existing natural relationships,NO,Rendered distinct incoming source counts by link category,Cards count as contextual discovery; footer/nav excluded.
/ar/brands/gmc-service-dubai/transmission-repair,brand-service,ar,NOINDEX,إصلاح ناقل الحركة GMC في دبي,6,0,0,2,SUPPORT / UTILITY,INTENTIONAL SUPPORT PAGE,RETAIN existing natural relationships,NO,Rendered distinct incoming source counts by link category,Cards count as contextual discovery; footer/nav excluded.
/ar/brands/hummer-service-dubai,brand,ar,INDEX,Hummer للإصلاح والصيانة في دبي,9,0,6,1,PRIMARY,NOT ORPHANED,RETAIN existing natural relationships,NO,Rendered distinct incoming source counts by link category,Cards count as contextual discovery; footer/nav excluded.
/ar/brands/hummer-service-dubai/ac-repair,brand-service,ar,INDEX,إصلاح التكييف Hummer في دبي,6,0,0,2,PRIMARY,NOT ORPHANED,RETAIN existing natural relationships,NO,Rendered distinct incoming source counts by link category,Cards count as contextual discovery; footer/nav excluded.
/ar/brands/hummer-service-dubai/brake-repair,brand-service,ar,INDEX,إصلاح الفرامل Hummer في دبي,6,0,0,2,PRIMARY,NOT ORPHANED,RETAIN existing natural relationships,NO,Rendered distinct incoming source counts by link category,Cards count as contextual discovery; footer/nav excluded.
/ar/brands/hummer-service-dubai/engine-diagnostics,brand-service,ar,INDEX,تشخيص المحرك Hummer في دبي,6,0,0,2,PRIMARY,NOT ORPHANED,RETAIN existing natural relationships,NO,Rendered distinct incoming source counts by link category,Cards count as contextual discovery; footer/nav excluded.
/ar/brands/hummer-service-dubai/oil-change,brand-service,ar,INDEX,تغيير الزيت Hummer في دبي,6,0,0,2,PRIMARY,NOT ORPHANED,RETAIN existing natural relationships,NO,Rendered distinct incoming source counts by link category,Cards count as contextual discovery; footer/nav excluded.
/ar/brands/hummer-service-dubai/suspension-repair,brand-service,ar,NOINDEX,إصلاح التعليق Hummer في دبي,6,0,0,2,SUPPORT / UTILITY,INTENTIONAL SUPPORT PAGE,RETAIN existing natural relationships,NO,Rendered distinct incoming source counts by link category,Cards count as contextual discovery; footer/nav excluded.
/ar/brands/hummer-service-dubai/transmission-repair,brand-service,ar,NOINDEX,إصلاح ناقل الحركة Hummer في دبي,6,0,0,2,SUPPORT / UTILITY,INTENTIONAL SUPPORT PAGE,RETAIN existing natural relationships,NO,Rendered distinct incoming source counts by link category,Cards count as contextual discovery; footer/nav excluded.
/ar/brands/jaguar-service-dubai,brand,ar,INDEX,Jaguar للإصلاح والصيانة في دبي,10,0,6,1,PRIMARY,NOT ORPHANED,RETAIN existing natural relationships,NO,Rendered distinct incoming source counts by link category,Cards count as contextual discovery; footer/nav excluded.
/ar/brands/jaguar-service-dubai/ac-repair,brand-service,ar,INDEX,إصلاح التكييف Jaguar في دبي,6,0,0,2,PRIMARY,NOT ORPHANED,RETAIN existing natural relationships,NO,Rendered distinct incoming source counts by link category,Cards count as contextual discovery; footer/nav excluded.
/ar/brands/jaguar-service-dubai/brake-repair,brand-service,ar,INDEX,إصلاح الفرامل Jaguar في دبي,6,0,0,2,PRIMARY,NOT ORPHANED,RETAIN existing natural relationships,NO,Rendered distinct incoming source counts by link category,Cards count as contextual discovery; footer/nav excluded.
/ar/brands/jaguar-service-dubai/engine-diagnostics,brand-service,ar,INDEX,تشخيص المحرك Jaguar في دبي,7,0,0,2,PRIMARY,NOT ORPHANED,RETAIN existing natural relationships,NO,Rendered distinct incoming source counts by link category,Cards count as contextual discovery; footer/nav excluded.
/ar/brands/jaguar-service-dubai/oil-change,brand-service,ar,INDEX,تغيير الزيت Jaguar في دبي,6,0,0,2,PRIMARY,NOT ORPHANED,RETAIN existing natural relationships,NO,Rendered distinct incoming source counts by link category,Cards count as contextual discovery; footer/nav excluded.
/ar/brands/jaguar-service-dubai/suspension-repair,brand-service,ar,NOINDEX,إصلاح التعليق Jaguar في دبي,7,0,0,2,SUPPORT / UTILITY,INTENTIONAL SUPPORT PAGE,RETAIN existing natural relationships,NO,Rendered distinct incoming source counts by link category,Cards count as contextual discovery; footer/nav excluded.
/ar/brands/jaguar-service-dubai/transmission-repair,brand-service,ar,NOINDEX,إصلاح ناقل الحركة Jaguar في دبي,7,0,0,2,SUPPORT / UTILITY,INTENTIONAL SUPPORT PAGE,RETAIN existing natural relationships,NO,Rendered distinct incoming source counts by link category,Cards count as contextual discovery; footer/nav excluded.
/ar/brands/jeep-service-dubai,brand,ar,INDEX,Jeep للإصلاح والصيانة في دبي,17,0,14,1,PRIMARY,NOT ORPHANED,RETAIN existing natural relationships,NO,Rendered distinct incoming source counts by link category,Cards count as contextual discovery; footer/nav excluded.
/ar/brands/jeep-service-dubai/ac-repair,brand-service,ar,INDEX,إصلاح التكييف Jeep في دبي,14,0,0,2,PRIMARY,NOT ORPHANED,RETAIN existing natural relationships,NO,Rendered distinct incoming source counts by link category,Cards count as contextual discovery; footer/nav excluded.
/ar/brands/jeep-service-dubai/battery-replacement,brand-service,ar,NOINDEX,تبديل البطارية Jeep في دبي,14,0,0,2,SUPPORT / UTILITY,INTENTIONAL SUPPORT PAGE,RETAIN existing natural relationships,NO,Rendered distinct incoming source counts by link category,Cards count as contextual discovery; footer/nav excluded.
/ar/brands/jeep-service-dubai/body-repair,brand-service,ar,NOINDEX,"Commercial repair: dents, damaged paint, refinishing and collision work",14,0,0,2,SUPPORT / UTILITY,INTENTIONAL SUPPORT PAGE,RETAIN existing natural relationships,NO,Rendered distinct incoming source counts by link category,Cards count as contextual discovery; footer/nav excluded.
/ar/brands/jeep-service-dubai/brake-repair,brand-service,ar,INDEX,إصلاح الفرامل Jeep في دبي,14,0,0,2,PRIMARY,NOT ORPHANED,RETAIN existing natural relationships,NO,Rendered distinct incoming source counts by link category,Cards count as contextual discovery; footer/nav excluded.
/ar/brands/jeep-service-dubai/electrical-repair,brand-service,ar,NOINDEX,إصلاح الكهرباء Jeep في دبي,14,0,0,2,SUPPORT / UTILITY,INTENTIONAL SUPPORT PAGE,RETAIN existing natural relationships,NO,Rendered distinct incoming source counts by link category,Cards count as contextual discovery; footer/nav excluded.
/ar/brands/jeep-service-dubai/engine-diagnostics,brand-service,ar,INDEX,تشخيص المحرك Jeep في دبي,14,0,0,2,PRIMARY,NOT ORPHANED,RETAIN existing natural relationships,NO,Rendered distinct incoming source counts by link category,Cards count as contextual discovery; footer/nav excluded.
/ar/brands/jeep-service-dubai/exhaust-repair,brand-service,ar,NOINDEX,إصلاح العادم Jeep في دبي,14,0,0,2,SUPPORT / UTILITY,INTENTIONAL SUPPORT PAGE,RETAIN existing natural relationships,NO,Rendered distinct incoming source counts by link category,Cards count as contextual discovery; footer/nav excluded.
/ar/brands/jeep-service-dubai/fuel-system-repair,brand-service,ar,NOINDEX,إصلاح نظام الوقود Jeep في دبي,14,0,0,2,SUPPORT / UTILITY,INTENTIONAL SUPPORT PAGE,RETAIN existing natural relationships,NO,Rendered distinct incoming source counts by link category,Cards count as contextual discovery; footer/nav excluded.
/ar/brands/jeep-service-dubai/mechanical-repair,brand-service,ar,NOINDEX,الإصلاح الميكانيكي Jeep في دبي,14,0,0,2,SUPPORT / UTILITY,INTENTIONAL SUPPORT PAGE,RETAIN existing natural relationships,NO,Rendered distinct incoming source counts by link category,Cards count as contextual discovery; footer/nav excluded.
/ar/brands/jeep-service-dubai/oil-change,brand-service,ar,INDEX,تغيير الزيت Jeep في دبي,14,0,0,2,PRIMARY,NOT ORPHANED,RETAIN existing natural relationships,NO,Rendered distinct incoming source counts by link category,Cards count as contextual discovery; footer/nav excluded.
/ar/brands/jeep-service-dubai/steering-repair,brand-service,ar,NOINDEX,إصلاح نظام التوجيه Jeep في دبي,14,0,0,2,SUPPORT / UTILITY,INTENTIONAL SUPPORT PAGE,RETAIN existing natural relationships,NO,Rendered distinct incoming source counts by link category,Cards count as contextual discovery; footer/nav excluded.
/ar/brands/jeep-service-dubai/suspension-repair,brand-service,ar,NOINDEX,إصلاح التعليق Jeep في دبي,14,0,0,2,SUPPORT / UTILITY,INTENTIONAL SUPPORT PAGE,RETAIN existing natural relationships,NO,Rendered distinct incoming source counts by link category,Cards count as contextual discovery; footer/nav excluded.
/ar/brands/jeep-service-dubai/tire-repair,brand-service,ar,NOINDEX,إصلاح الإطارات Jeep في دبي,14,0,0,2,SUPPORT / UTILITY,INTENTIONAL SUPPORT PAGE,RETAIN existing natural relationships,NO,Rendered distinct incoming source counts by link category,Cards count as contextual discovery; footer/nav excluded.
/ar/brands/jeep-service-dubai/transmission-repair,brand-service,ar,NOINDEX,إصلاح ناقل الحركة Jeep في دبي,14,0,0,2,SUPPORT / UTILITY,INTENTIONAL SUPPORT PAGE,RETAIN existing natural relationships,NO,Rendered distinct incoming source counts by link category,Cards count as contextual discovery; footer/nav excluded.
/ar/brands/jetour-service-dubai,brand,ar,INDEX,Jetour للإصلاح والصيانة في دبي,17,0,14,1,PRIMARY,NOT ORPHANED,RETAIN existing natural relationships,NO,Rendered distinct incoming source counts by link category,Cards count as contextual discovery; footer/nav excluded.
/ar/brands/jetour-service-dubai/ac-repair,brand-service,ar,INDEX,إصلاح التكييف Jetour في دبي,14,0,0,2,PRIMARY,NOT ORPHANED,RETAIN existing natural relationships,NO,Rendered distinct incoming source counts by link category,Cards count as contextual discovery; footer/nav excluded.
/ar/brands/jetour-service-dubai/battery-replacement,brand-service,ar,NOINDEX,تبديل البطارية Jetour في دبي,14,0,0,2,SUPPORT / UTILITY,INTENTIONAL SUPPORT PAGE,RETAIN existing natural relationships,NO,Rendered distinct incoming source counts by link category,Cards count as contextual discovery; footer/nav excluded.
/ar/brands/jetour-service-dubai/body-repair,brand-service,ar,NOINDEX,"Commercial repair: dents, damaged paint, refinishing and collision work",14,0,0,2,SUPPORT / UTILITY,INTENTIONAL SUPPORT PAGE,RETAIN existing natural relationships,NO,Rendered distinct incoming source counts by link category,Cards count as contextual discovery; footer/nav excluded.
/ar/brands/jetour-service-dubai/brake-repair,brand-service,ar,INDEX,إصلاح الفرامل Jetour في دبي,14,0,0,2,PRIMARY,NOT ORPHANED,RETAIN existing natural relationships,NO,Rendered distinct incoming source counts by link category,Cards count as contextual discovery; footer/nav excluded.
/ar/brands/jetour-service-dubai/electrical-repair,brand-service,ar,NOINDEX,إصلاح الكهرباء Jetour في دبي,14,0,0,2,SUPPORT / UTILITY,INTENTIONAL SUPPORT PAGE,RETAIN existing natural relationships,NO,Rendered distinct incoming source counts by link category,Cards count as contextual discovery; footer/nav excluded.
/ar/brands/jetour-service-dubai/engine-diagnostics,brand-service,ar,INDEX,تشخيص المحرك Jetour في دبي,14,0,0,2,PRIMARY,NOT ORPHANED,RETAIN existing natural relationships,NO,Rendered distinct incoming source counts by link category,Cards count as contextual discovery; footer/nav excluded.
/ar/brands/jetour-service-dubai/exhaust-repair,brand-service,ar,NOINDEX,إصلاح العادم Jetour في دبي,14,0,0,2,SUPPORT / UTILITY,INTENTIONAL SUPPORT PAGE,RETAIN existing natural relationships,NO,Rendered distinct incoming source counts by link category,Cards count as contextual discovery; footer/nav excluded.
/ar/brands/jetour-service-dubai/fuel-system-repair,brand-service,ar,NOINDEX,إصلاح نظام الوقود Jetour في دبي,14,0,0,2,SUPPORT / UTILITY,INTENTIONAL SUPPORT PAGE,RETAIN existing natural relationships,NO,Rendered distinct incoming source counts by link category,Cards count as contextual discovery; footer/nav excluded.
/ar/brands/jetour-service-dubai/mechanical-repair,brand-service,ar,NOINDEX,الإصلاح الميكانيكي Jetour في دبي,14,0,0,2,SUPPORT / UTILITY,INTENTIONAL SUPPORT PAGE,RETAIN existing natural relationships,NO,Rendered distinct incoming source counts by link category,Cards count as contextual discovery; footer/nav excluded.
/ar/brands/jetour-service-dubai/oil-change,brand-service,ar,INDEX,تغيير الزيت Jetour في دبي,14,0,0,2,PRIMARY,NOT ORPHANED,RETAIN existing natural relationships,NO,Rendered distinct incoming source counts by link category,Cards count as contextual discovery; footer/nav excluded.
/ar/brands/jetour-service-dubai/steering-repair,brand-service,ar,NOINDEX,إصلاح نظام التوجيه Jetour في دبي,14,0,0,2,SUPPORT / UTILITY,INTENTIONAL SUPPORT PAGE,RETAIN existing natural relationships,NO,Rendered distinct incoming source counts by link category,Cards count as contextual discovery; footer/nav excluded.
/ar/brands/jetour-service-dubai/suspension-repair,brand-service,ar,NOINDEX,إصلاح التعليق Jetour في دبي,14,0,0,2,SUPPORT / UTILITY,INTENTIONAL SUPPORT PAGE,RETAIN existing natural relationships,NO,Rendered distinct incoming source counts by link category,Cards count as contextual discovery; footer/nav excluded.
/ar/brands/jetour-service-dubai/tire-repair,brand-service,ar,NOINDEX,إصلاح الإطارات Jetour في دبي,14,0,0,2,SUPPORT / UTILITY,INTENTIONAL SUPPORT PAGE,RETAIN existing natural relationships,NO,Rendered distinct incoming source counts by link category,Cards count as contextual discovery; footer/nav excluded.
/ar/brands/jetour-service-dubai/transmission-repair,brand-service,ar,NOINDEX,إصلاح ناقل الحركة Jetour في دبي,14,0,0,2,SUPPORT / UTILITY,INTENTIONAL SUPPORT PAGE,RETAIN existing natural relationships,NO,Rendered distinct incoming source counts by link category,Cards count as contextual discovery; footer/nav excluded.
/ar/brands/koenigsegg-service-dubai,brand,ar,INDEX,Koenigsegg للإصلاح والصيانة في دبي,9,0,6,1,PRIMARY,NOT ORPHANED,RETAIN existing natural relationships,NO,Rendered distinct incoming source counts by link category,Cards count as contextual discovery; footer/nav excluded.
/ar/brands/koenigsegg-service-dubai/ac-repair,brand-service,ar,INDEX,إصلاح التكييف Koenigsegg في دبي,6,0,0,2,PRIMARY,NOT ORPHANED,RETAIN existing natural relationships,NO,Rendered distinct incoming source counts by link category,Cards count as contextual discovery; footer/nav excluded.
/ar/brands/koenigsegg-service-dubai/brake-repair,brand-service,ar,INDEX,إصلاح الفرامل Koenigsegg في دبي,6,0,0,2,PRIMARY,NOT ORPHANED,RETAIN existing natural relationships,NO,Rendered distinct incoming source counts by link category,Cards count as contextual discovery; footer/nav excluded.
/ar/brands/koenigsegg-service-dubai/engine-diagnostics,brand-service,ar,INDEX,تشخيص المحرك Koenigsegg في دبي,6,0,0,2,PRIMARY,NOT ORPHANED,RETAIN existing natural relationships,NO,Rendered distinct incoming source counts by link category,Cards count as contextual discovery; footer/nav excluded.
/ar/brands/koenigsegg-service-dubai/oil-change,brand-service,ar,INDEX,تغيير الزيت Koenigsegg في دبي,6,0,0,2,PRIMARY,NOT ORPHANED,RETAIN existing natural relationships,NO,Rendered distinct incoming source counts by link category,Cards count as contextual discovery; footer/nav excluded.
/ar/brands/koenigsegg-service-dubai/suspension-repair,brand-service,ar,NOINDEX,إصلاح التعليق Koenigsegg في دبي,6,0,0,2,SUPPORT / UTILITY,INTENTIONAL SUPPORT PAGE,RETAIN existing natural relationships,NO,Rendered distinct incoming source counts by link category,Cards count as contextual discovery; footer/nav excluded.
/ar/brands/koenigsegg-service-dubai/transmission-repair,brand-service,ar,NOINDEX,إصلاح ناقل الحركة Koenigsegg في دبي,6,0,0,2,SUPPORT / UTILITY,INTENTIONAL SUPPORT PAGE,RETAIN existing natural relationships,NO,Rendered distinct incoming source counts by link category,Cards count as contextual discovery; footer/nav excluded.
/ar/brands/lamborghini-service-dubai,brand,ar,INDEX,إصلاح وصيانة Lamborghini في دبي,54,0,14,1,PRIMARY,NOT ORPHANED,RETAIN existing natural relationships,NO,Rendered distinct incoming source counts by link category,Cards count as contextual discovery; footer/nav excluded.
/ar/brands/lamborghini-service-dubai/ac-repair,brand-service,ar,INDEX,إصلاح التكييف Lamborghini في دبي,14,0,0,2,PRIMARY,NOT ORPHANED,RETAIN existing natural relationships,NO,Rendered distinct incoming source counts by link category,Cards count as contextual discovery; footer/nav excluded.
/ar/brands/lamborghini-service-dubai/battery-replacement,brand-service,ar,INDEX,تبديل البطارية Lamborghini في دبي,15,0,0,2,PRIMARY,NOT ORPHANED,RETAIN existing natural relationships,NO,Rendered distinct incoming source counts by link category,Cards count as contextual discovery; footer/nav excluded.
/ar/brands/lamborghini-service-dubai/body-repair,brand-service,ar,INDEX,"Commercial repair: dents, damaged paint, refinishing and collision work",14,0,0,2,PRIMARY,NOT ORPHANED,RETAIN existing natural relationships,NO,Rendered distinct incoming source counts by link category,Cards count as contextual discovery; footer/nav excluded.
/ar/brands/lamborghini-service-dubai/brake-repair,brand-service,ar,INDEX,إصلاح الفرامل Lamborghini في دبي,14,0,0,2,PRIMARY,NOT ORPHANED,RETAIN existing natural relationships,NO,Rendered distinct incoming source counts by link category,Cards count as contextual discovery; footer/nav excluded.
/ar/brands/lamborghini-service-dubai/electrical-repair,brand-service,ar,INDEX,إصلاح الكهرباء Lamborghini في دبي,14,0,0,2,PRIMARY,NOT ORPHANED,RETAIN existing natural relationships,NO,Rendered distinct incoming source counts by link category,Cards count as contextual discovery; footer/nav excluded.
/ar/brands/lamborghini-service-dubai/engine-diagnostics,brand-service,ar,INDEX,تشخيص المحرك Lamborghini في دبي,15,0,0,2,PRIMARY,NOT ORPHANED,RETAIN existing natural relationships,NO,Rendered distinct incoming source counts by link category,Cards count as contextual discovery; footer/nav excluded.
/ar/brands/lamborghini-service-dubai/exhaust-repair,brand-service,ar,INDEX,إصلاح العادم Lamborghini في دبي,14,0,0,2,PRIMARY,NOT ORPHANED,RETAIN existing natural relationships,NO,Rendered distinct incoming source counts by link category,Cards count as contextual discovery; footer/nav excluded.
/ar/brands/lamborghini-service-dubai/fuel-system-repair,brand-service,ar,INDEX,إصلاح نظام الوقود Lamborghini في دبي,14,0,0,2,PRIMARY,NOT ORPHANED,RETAIN existing natural relationships,NO,Rendered distinct incoming source counts by link category,Cards count as contextual discovery; footer/nav excluded.
/ar/brands/lamborghini-service-dubai/mechanical-repair,brand-service,ar,INDEX,الإصلاح الميكانيكي Lamborghini في دبي,14,0,0,2,PRIMARY,NOT ORPHANED,RETAIN existing natural relationships,NO,Rendered distinct incoming source counts by link category,Cards count as contextual discovery; footer/nav excluded.
/ar/brands/lamborghini-service-dubai/oil-change,brand-service,ar,INDEX,تغيير الزيت Lamborghini في دبي,15,0,0,2,PRIMARY,NOT ORPHANED,RETAIN existing natural relationships,NO,Rendered distinct incoming source counts by link category,Cards count as contextual discovery; footer/nav excluded.
/ar/brands/lamborghini-service-dubai/steering-repair,brand-service,ar,INDEX,إصلاح نظام التوجيه Lamborghini في دبي,14,0,0,2,PRIMARY,NOT ORPHANED,RETAIN existing natural relationships,NO,Rendered distinct incoming source counts by link category,Cards count as contextual discovery; footer/nav excluded.
/ar/brands/lamborghini-service-dubai/suspension-repair,brand-service,ar,INDEX,إصلاح التعليق Lamborghini في دبي,15,0,0,2,PRIMARY,NOT ORPHANED,RETAIN existing natural relationships,NO,Rendered distinct incoming source counts by link category,Cards count as contextual discovery; footer/nav excluded.
/ar/brands/lamborghini-service-dubai/tire-repair,brand-service,ar,INDEX,إصلاح الإطارات Lamborghini في دبي,14,0,0,2,PRIMARY,NOT ORPHANED,RETAIN existing natural relationships,NO,Rendered distinct incoming source counts by link category,Cards count as contextual discovery; footer/nav excluded.
/ar/brands/lamborghini-service-dubai/transmission-repair,brand-service,ar,INDEX,إصلاح ناقل الحركة Lamborghini في دبي,15,0,0,2,PRIMARY,NOT ORPHANED,RETAIN existing natural relationships,NO,Rendered distinct incoming source counts by link category,Cards count as contextual discovery; footer/nav excluded.
/ar/brands/land-rover-service-dubai,brand,ar,INDEX,Land Rover للإصلاح والصيانة في دبي,37,0,14,1,PRIMARY,NOT ORPHANED,RETAIN existing natural relationships,NO,Rendered distinct incoming source counts by link category,Cards count as contextual discovery; footer/nav excluded.
/ar/brands/land-rover-service-dubai/ac-repair,brand-service,ar,INDEX,إصلاح التكييف Land Rover في دبي,14,0,0,2,PRIMARY,NOT ORPHANED,RETAIN existing natural relationships,NO,Rendered distinct incoming source counts by link category,Cards count as contextual discovery; footer/nav excluded.
/ar/brands/land-rover-service-dubai/battery-replacement,brand-service,ar,INDEX,تبديل البطارية Land Rover في دبي,14,0,0,2,PRIMARY,NOT ORPHANED,RETAIN existing natural relationships,NO,Rendered distinct incoming source counts by link category,Cards count as contextual discovery; footer/nav excluded.
/ar/brands/land-rover-service-dubai/body-repair,brand-service,ar,INDEX,"Commercial repair: dents, damaged paint, refinishing and collision work",14,0,0,2,PRIMARY,NOT ORPHANED,RETAIN existing natural relationships,NO,Rendered distinct incoming source counts by link category,Cards count as contextual discovery; footer/nav excluded.
/ar/brands/land-rover-service-dubai/brake-repair,brand-service,ar,INDEX,إصلاح الفرامل Land Rover في دبي,14,0,0,2,PRIMARY,NOT ORPHANED,RETAIN existing natural relationships,NO,Rendered distinct incoming source counts by link category,Cards count as contextual discovery; footer/nav excluded.
/ar/brands/land-rover-service-dubai/electrical-repair,brand-service,ar,INDEX,إصلاح الكهرباء Land Rover في دبي,14,0,0,2,PRIMARY,NOT ORPHANED,RETAIN existing natural relationships,NO,Rendered distinct incoming source counts by link category,Cards count as contextual discovery; footer/nav excluded.
/ar/brands/land-rover-service-dubai/engine-diagnostics,brand-service,ar,INDEX,تشخيص المحرك Land Rover في دبي,14,0,0,2,PRIMARY,NOT ORPHANED,RETAIN existing natural relationships,NO,Rendered distinct incoming source counts by link category,Cards count as contextual discovery; footer/nav excluded.
/ar/brands/land-rover-service-dubai/exhaust-repair,brand-service,ar,INDEX,إصلاح العادم Land Rover في دبي,14,0,0,2,PRIMARY,NOT ORPHANED,RETAIN existing natural relationships,NO,Rendered distinct incoming source counts by link category,Cards count as contextual discovery; footer/nav excluded.
/ar/brands/land-rover-service-dubai/fuel-system-repair,brand-service,ar,INDEX,إصلاح نظام الوقود Land Rover في دبي,14,0,0,2,PRIMARY,NOT ORPHANED,RETAIN existing natural relationships,NO,Rendered distinct incoming source counts by link category,Cards count as contextual discovery; footer/nav excluded.
/ar/brands/land-rover-service-dubai/mechanical-repair,brand-service,ar,INDEX,الإصلاح الميكانيكي Land Rover في دبي,14,0,0,2,PRIMARY,NOT ORPHANED,RETAIN existing natural relationships,NO,Rendered distinct incoming source counts by link category,Cards count as contextual discovery; footer/nav excluded.
/ar/brands/land-rover-service-dubai/oil-change,brand-service,ar,INDEX,تغيير الزيت Land Rover في دبي,14,0,0,2,PRIMARY,NOT ORPHANED,RETAIN existing natural relationships,NO,Rendered distinct incoming source counts by link category,Cards count as contextual discovery; footer/nav excluded.
/ar/brands/land-rover-service-dubai/steering-repair,brand-service,ar,INDEX,إصلاح نظام التوجيه Land Rover في دبي,14,0,0,2,PRIMARY,NOT ORPHANED,RETAIN existing natural relationships,NO,Rendered distinct incoming source counts by link category,Cards count as contextual discovery; footer/nav excluded.
/ar/brands/land-rover-service-dubai/suspension-repair,brand-service,ar,INDEX,إصلاح التعليق Land Rover في دبي,14,0,0,2,PRIMARY,NOT ORPHANED,RETAIN existing natural relationships,NO,Rendered distinct incoming source counts by link category,Cards count as contextual discovery; footer/nav excluded.
/ar/brands/land-rover-service-dubai/tire-repair,brand-service,ar,INDEX,إصلاح الإطارات Land Rover في دبي,14,0,0,2,PRIMARY,NOT ORPHANED,RETAIN existing natural relationships,NO,Rendered distinct incoming source counts by link category,Cards count as contextual discovery; footer/nav excluded.
/ar/brands/land-rover-service-dubai/transmission-repair,brand-service,ar,INDEX,إصلاح ناقل الحركة Land Rover في دبي,14,0,0,2,PRIMARY,NOT ORPHANED,RETAIN existing natural relationships,NO,Rendered distinct incoming source counts by link category,Cards count as contextual discovery; footer/nav excluded.
/ar/brands/lincoln-service-dubai,brand,ar,INDEX,Lincoln للإصلاح والصيانة في دبي,9,0,6,1,PRIMARY,NOT ORPHANED,RETAIN existing natural relationships,NO,Rendered distinct incoming source counts by link category,Cards count as contextual discovery; footer/nav excluded.
/ar/brands/lincoln-service-dubai/ac-repair,brand-service,ar,INDEX,إصلاح التكييف Lincoln في دبي,6,0,0,2,PRIMARY,NOT ORPHANED,RETAIN existing natural relationships,NO,Rendered distinct incoming source counts by link category,Cards count as contextual discovery; footer/nav excluded.
/ar/brands/lincoln-service-dubai/brake-repair,brand-service,ar,INDEX,إصلاح الفرامل Lincoln في دبي,6,0,0,2,PRIMARY,NOT ORPHANED,RETAIN existing natural relationships,NO,Rendered distinct incoming source counts by link category,Cards count as contextual discovery; footer/nav excluded.
/ar/brands/lincoln-service-dubai/engine-diagnostics,brand-service,ar,INDEX,تشخيص المحرك Lincoln في دبي,6,0,0,2,PRIMARY,NOT ORPHANED,RETAIN existing natural relationships,NO,Rendered distinct incoming source counts by link category,Cards count as contextual discovery; footer/nav excluded.
/ar/brands/lincoln-service-dubai/oil-change,brand-service,ar,INDEX,تغيير الزيت Lincoln في دبي,6,0,0,2,PRIMARY,NOT ORPHANED,RETAIN existing natural relationships,NO,Rendered distinct incoming source counts by link category,Cards count as contextual discovery; footer/nav excluded.
/ar/brands/lincoln-service-dubai/suspension-repair,brand-service,ar,NOINDEX,إصلاح التعليق Lincoln في دبي,6,0,0,2,SUPPORT / UTILITY,INTENTIONAL SUPPORT PAGE,RETAIN existing natural relationships,NO,Rendered distinct incoming source counts by link category,Cards count as contextual discovery; footer/nav excluded.
/ar/brands/lincoln-service-dubai/transmission-repair,brand-service,ar,NOINDEX,إصلاح ناقل الحركة Lincoln في دبي,6,0,0,2,SUPPORT / UTILITY,INTENTIONAL SUPPORT PAGE,RETAIN existing natural relationships,NO,Rendered distinct incoming source counts by link category,Cards count as contextual discovery; footer/nav excluded.
/ar/brands/maserati-service-dubai,brand,ar,INDEX,Maserati للإصلاح والصيانة في دبي,30,0,14,1,PRIMARY,NOT ORPHANED,RETAIN existing natural relationships,NO,Rendered distinct incoming source counts by link category,Cards count as contextual discovery; footer/nav excluded.
/ar/brands/maserati-service-dubai/ac-repair,brand-service,ar,INDEX,إصلاح التكييف Maserati في دبي,14,0,0,2,PRIMARY,NOT ORPHANED,RETAIN existing natural relationships,NO,Rendered distinct incoming source counts by link category,Cards count as contextual discovery; footer/nav excluded.
/ar/brands/maserati-service-dubai/battery-replacement,brand-service,ar,INDEX,تبديل البطارية Maserati في دبي,14,0,0,2,PRIMARY,NOT ORPHANED,RETAIN existing natural relationships,NO,Rendered distinct incoming source counts by link category,Cards count as contextual discovery; footer/nav excluded.
/ar/brands/maserati-service-dubai/body-repair,brand-service,ar,INDEX,"Commercial repair: dents, damaged paint, refinishing and collision work",14,0,0,2,PRIMARY,NOT ORPHANED,RETAIN existing natural relationships,NO,Rendered distinct incoming source counts by link category,Cards count as contextual discovery; footer/nav excluded.
/ar/brands/maserati-service-dubai/brake-repair,brand-service,ar,INDEX,إصلاح الفرامل Maserati في دبي,14,0,0,2,PRIMARY,NOT ORPHANED,RETAIN existing natural relationships,NO,Rendered distinct incoming source counts by link category,Cards count as contextual discovery; footer/nav excluded.
/ar/brands/maserati-service-dubai/electrical-repair,brand-service,ar,INDEX,إصلاح الكهرباء Maserati في دبي,14,0,0,2,PRIMARY,NOT ORPHANED,RETAIN existing natural relationships,NO,Rendered distinct incoming source counts by link category,Cards count as contextual discovery; footer/nav excluded.
/ar/brands/maserati-service-dubai/engine-diagnostics,brand-service,ar,INDEX,تشخيص المحرك Maserati في دبي,14,0,0,2,PRIMARY,NOT ORPHANED,RETAIN existing natural relationships,NO,Rendered distinct incoming source counts by link category,Cards count as contextual discovery; footer/nav excluded.
/ar/brands/maserati-service-dubai/exhaust-repair,brand-service,ar,INDEX,إصلاح العادم Maserati في دبي,14,0,0,2,PRIMARY,NOT ORPHANED,RETAIN existing natural relationships,NO,Rendered distinct incoming source counts by link category,Cards count as contextual discovery; footer/nav excluded.
/ar/brands/maserati-service-dubai/fuel-system-repair,brand-service,ar,INDEX,إصلاح نظام الوقود Maserati في دبي,14,0,0,2,PRIMARY,NOT ORPHANED,RETAIN existing natural relationships,NO,Rendered distinct incoming source counts by link category,Cards count as contextual discovery; footer/nav excluded.
/ar/brands/maserati-service-dubai/mechanical-repair,brand-service,ar,INDEX,الإصلاح الميكانيكي Maserati في دبي,14,0,0,2,PRIMARY,NOT ORPHANED,RETAIN existing natural relationships,NO,Rendered distinct incoming source counts by link category,Cards count as contextual discovery; footer/nav excluded.
/ar/brands/maserati-service-dubai/oil-change,brand-service,ar,INDEX,تغيير الزيت Maserati في دبي,14,0,0,2,PRIMARY,NOT ORPHANED,RETAIN existing natural relationships,NO,Rendered distinct incoming source counts by link category,Cards count as contextual discovery; footer/nav excluded.
/ar/brands/maserati-service-dubai/steering-repair,brand-service,ar,INDEX,إصلاح نظام التوجيه Maserati في دبي,14,0,0,2,PRIMARY,NOT ORPHANED,RETAIN existing natural relationships,NO,Rendered distinct incoming source counts by link category,Cards count as contextual discovery; footer/nav excluded.
/ar/brands/maserati-service-dubai/suspension-repair,brand-service,ar,INDEX,إصلاح التعليق Maserati في دبي,14,0,0,2,PRIMARY,NOT ORPHANED,RETAIN existing natural relationships,NO,Rendered distinct incoming source counts by link category,Cards count as contextual discovery; footer/nav excluded.
/ar/brands/maserati-service-dubai/tire-repair,brand-service,ar,INDEX,إصلاح الإطارات Maserati في دبي,14,0,0,2,PRIMARY,NOT ORPHANED,RETAIN existing natural relationships,NO,Rendered distinct incoming source counts by link category,Cards count as contextual discovery; footer/nav excluded.
/ar/brands/maserati-service-dubai/transmission-repair,brand-service,ar,INDEX,إصلاح ناقل الحركة Maserati في دبي,14,0,0,2,PRIMARY,NOT ORPHANED,RETAIN existing natural relationships,NO,Rendered distinct incoming source counts by link category,Cards count as contextual discovery; footer/nav excluded.
/ar/brands/maybach-service-dubai,brand,ar,INDEX,Maybach service and repair discovery,55,0,14,1,PRIMARY,NOT ORPHANED,RETAIN existing natural relationships,NO,Rendered distinct incoming source counts by link category,Cards count as contextual discovery; footer/nav excluded.
/ar/brands/maybach-service-dubai/ac-repair,brand-service,ar,INDEX,إصلاح التكييف Mercedes-Maybach في دبي,14,0,0,2,PRIMARY,NOT ORPHANED,RETAIN existing natural relationships,NO,Rendered distinct incoming source counts by link category,Cards count as contextual discovery; footer/nav excluded.
/ar/brands/maybach-service-dubai/battery-replacement,brand-service,ar,INDEX,تبديل البطارية Mercedes-Maybach في دبي,14,0,0,2,PRIMARY,NOT ORPHANED,RETAIN existing natural relationships,NO,Rendered distinct incoming source counts by link category,Cards count as contextual discovery; footer/nav excluded.
/ar/brands/maybach-service-dubai/body-repair,brand-service,ar,INDEX,"Commercial repair: dents, damaged paint, refinishing and collision work",14,0,0,2,PRIMARY,NOT ORPHANED,RETAIN existing natural relationships,NO,Rendered distinct incoming source counts by link category,Cards count as contextual discovery; footer/nav excluded.
/ar/brands/maybach-service-dubai/brake-repair,brand-service,ar,INDEX,إصلاح الفرامل Mercedes-Maybach في دبي,14,0,0,2,PRIMARY,NOT ORPHANED,RETAIN existing natural relationships,NO,Rendered distinct incoming source counts by link category,Cards count as contextual discovery; footer/nav excluded.
/ar/brands/maybach-service-dubai/electrical-repair,brand-service,ar,INDEX,إصلاح الكهرباء Mercedes-Maybach في دبي,14,0,0,2,PRIMARY,NOT ORPHANED,RETAIN existing natural relationships,NO,Rendered distinct incoming source counts by link category,Cards count as contextual discovery; footer/nav excluded.
/ar/brands/maybach-service-dubai/engine-diagnostics,brand-service,ar,INDEX,تشخيص المحرك Mercedes-Maybach في دبي,14,0,0,2,PRIMARY,NOT ORPHANED,RETAIN existing natural relationships,NO,Rendered distinct incoming source counts by link category,Cards count as contextual discovery; footer/nav excluded.
/ar/brands/maybach-service-dubai/exhaust-repair,brand-service,ar,INDEX,إصلاح العادم Mercedes-Maybach في دبي,14,0,0,2,PRIMARY,NOT ORPHANED,RETAIN existing natural relationships,NO,Rendered distinct incoming source counts by link category,Cards count as contextual discovery; footer/nav excluded.
/ar/brands/maybach-service-dubai/fuel-system-repair,brand-service,ar,INDEX,إصلاح نظام الوقود Mercedes-Maybach في دبي,14,0,0,2,PRIMARY,NOT ORPHANED,RETAIN existing natural relationships,NO,Rendered distinct incoming source counts by link category,Cards count as contextual discovery; footer/nav excluded.
/ar/brands/maybach-service-dubai/mechanical-repair,brand-service,ar,INDEX,الإصلاح الميكانيكي Mercedes-Maybach في دبي,14,0,0,2,PRIMARY,NOT ORPHANED,RETAIN existing natural relationships,NO,Rendered distinct incoming source counts by link category,Cards count as contextual discovery; footer/nav excluded.
/ar/brands/maybach-service-dubai/oil-change,brand-service,ar,INDEX,تغيير الزيت Mercedes-Maybach في دبي,14,0,0,2,PRIMARY,NOT ORPHANED,RETAIN existing natural relationships,NO,Rendered distinct incoming source counts by link category,Cards count as contextual discovery; footer/nav excluded.
/ar/brands/maybach-service-dubai/steering-repair,brand-service,ar,INDEX,إصلاح نظام التوجيه Mercedes-Maybach في دبي,14,0,0,2,PRIMARY,NOT ORPHANED,RETAIN existing natural relationships,NO,Rendered distinct incoming source counts by link category,Cards count as contextual discovery; footer/nav excluded.
/ar/brands/maybach-service-dubai/suspension-repair,brand-service,ar,INDEX,إصلاح التعليق Mercedes-Maybach في دبي,14,0,0,2,PRIMARY,NOT ORPHANED,RETAIN existing natural relationships,NO,Rendered distinct incoming source counts by link category,Cards count as contextual discovery; footer/nav excluded.
/ar/brands/maybach-service-dubai/tire-repair,brand-service,ar,INDEX,إصلاح الإطارات Mercedes-Maybach في دبي,14,0,0,2,PRIMARY,NOT ORPHANED,RETAIN existing natural relationships,NO,Rendered distinct incoming source counts by link category,Cards count as contextual discovery; footer/nav excluded.
/ar/brands/maybach-service-dubai/transmission-repair,brand-service,ar,INDEX,إصلاح ناقل الحركة Mercedes-Maybach في دبي,14,0,0,2,PRIMARY,NOT ORPHANED,RETAIN existing natural relationships,NO,Rendered distinct incoming source counts by link category,Cards count as contextual discovery; footer/nav excluded.
/ar/brands/mclaren-service-dubai,brand,ar,INDEX,McLaren للإصلاح والصيانة في دبي,54,0,14,1,PRIMARY,NOT ORPHANED,RETAIN existing natural relationships,NO,Rendered distinct incoming source counts by link category,Cards count as contextual discovery; footer/nav excluded.
/ar/brands/mclaren-service-dubai/ac-repair,brand-service,ar,INDEX,إصلاح التكييف McLaren في دبي,14,0,0,2,PRIMARY,NOT ORPHANED,RETAIN existing natural relationships,NO,Rendered distinct incoming source counts by link category,Cards count as contextual discovery; footer/nav excluded.
/ar/brands/mclaren-service-dubai/battery-replacement,brand-service,ar,INDEX,تبديل البطارية McLaren في دبي,14,0,0,2,PRIMARY,NOT ORPHANED,RETAIN existing natural relationships,NO,Rendered distinct incoming source counts by link category,Cards count as contextual discovery; footer/nav excluded.
/ar/brands/mclaren-service-dubai/body-repair,brand-service,ar,INDEX,"Commercial repair: dents, damaged paint, refinishing and collision work",14,0,0,2,PRIMARY,NOT ORPHANED,RETAIN existing natural relationships,NO,Rendered distinct incoming source counts by link category,Cards count as contextual discovery; footer/nav excluded.
/ar/brands/mclaren-service-dubai/brake-repair,brand-service,ar,INDEX,إصلاح الفرامل McLaren في دبي,14,0,0,2,PRIMARY,NOT ORPHANED,RETAIN existing natural relationships,NO,Rendered distinct incoming source counts by link category,Cards count as contextual discovery; footer/nav excluded.
/ar/brands/mclaren-service-dubai/electrical-repair,brand-service,ar,INDEX,إصلاح الكهرباء McLaren في دبي,14,0,0,2,PRIMARY,NOT ORPHANED,RETAIN existing natural relationships,NO,Rendered distinct incoming source counts by link category,Cards count as contextual discovery; footer/nav excluded.
/ar/brands/mclaren-service-dubai/engine-diagnostics,brand-service,ar,INDEX,تشخيص المحرك McLaren في دبي,15,0,0,2,PRIMARY,NOT ORPHANED,RETAIN existing natural relationships,NO,Rendered distinct incoming source counts by link category,Cards count as contextual discovery; footer/nav excluded.
/ar/brands/mclaren-service-dubai/exhaust-repair,brand-service,ar,INDEX,إصلاح العادم McLaren في دبي,14,0,0,2,PRIMARY,NOT ORPHANED,RETAIN existing natural relationships,NO,Rendered distinct incoming source counts by link category,Cards count as contextual discovery; footer/nav excluded.
/ar/brands/mclaren-service-dubai/fuel-system-repair,brand-service,ar,INDEX,إصلاح نظام الوقود McLaren في دبي,14,0,0,2,PRIMARY,NOT ORPHANED,RETAIN existing natural relationships,NO,Rendered distinct incoming source counts by link category,Cards count as contextual discovery; footer/nav excluded.
/ar/brands/mclaren-service-dubai/mechanical-repair,brand-service,ar,INDEX,الإصلاح الميكانيكي McLaren في دبي,15,0,0,2,PRIMARY,NOT ORPHANED,RETAIN existing natural relationships,NO,Rendered distinct incoming source counts by link category,Cards count as contextual discovery; footer/nav excluded.
/ar/brands/mclaren-service-dubai/oil-change,brand-service,ar,INDEX,تغيير الزيت McLaren في دبي,15,0,0,2,PRIMARY,NOT ORPHANED,RETAIN existing natural relationships,NO,Rendered distinct incoming source counts by link category,Cards count as contextual discovery; footer/nav excluded.
/ar/brands/mclaren-service-dubai/steering-repair,brand-service,ar,INDEX,إصلاح نظام التوجيه McLaren في دبي,14,0,0,2,PRIMARY,NOT ORPHANED,RETAIN existing natural relationships,NO,Rendered distinct incoming source counts by link category,Cards count as contextual discovery; footer/nav excluded.
/ar/brands/mclaren-service-dubai/suspension-repair,brand-service,ar,INDEX,إصلاح التعليق McLaren في دبي,15,0,0,2,PRIMARY,NOT ORPHANED,RETAIN existing natural relationships,NO,Rendered distinct incoming source counts by link category,Cards count as contextual discovery; footer/nav excluded.
/ar/brands/mclaren-service-dubai/tire-repair,brand-service,ar,INDEX,إصلاح الإطارات McLaren في دبي,14,0,0,2,PRIMARY,NOT ORPHANED,RETAIN existing natural relationships,NO,Rendered distinct incoming source counts by link category,Cards count as contextual discovery; footer/nav excluded.
/ar/brands/mclaren-service-dubai/transmission-repair,brand-service,ar,INDEX,إصلاح ناقل الحركة McLaren في دبي,15,0,0,2,PRIMARY,NOT ORPHANED,RETAIN existing natural relationships,NO,Rendered distinct incoming source counts by link category,Cards count as contextual discovery; footer/nav excluded.
/ar/brands/mercedes-benz-service-dubai,brand,ar,INDEX,Book independent Mercedes workshop service/repair,44,15,14,1,PRIMARY,NOT ORPHANED,RETAIN existing natural relationships,NO,Rendered distinct incoming source counts by link category,Cards count as contextual discovery; footer/nav excluded.
/ar/brands/mini-service-dubai,brand,ar,INDEX,MINI للإصلاح والصيانة في دبي,10,0,6,1,PRIMARY,NOT ORPHANED,RETAIN existing natural relationships,NO,Rendered distinct incoming source counts by link category,Cards count as contextual discovery; footer/nav excluded.
/ar/brands/mini-service-dubai/ac-repair,brand-service,ar,INDEX,إصلاح التكييف MINI في دبي,6,0,0,2,PRIMARY,NOT ORPHANED,RETAIN existing natural relationships,NO,Rendered distinct incoming source counts by link category,Cards count as contextual discovery; footer/nav excluded.
/ar/brands/mini-service-dubai/brake-repair,brand-service,ar,INDEX,إصلاح الفرامل MINI في دبي,6,0,0,2,PRIMARY,NOT ORPHANED,RETAIN existing natural relationships,NO,Rendered distinct incoming source counts by link category,Cards count as contextual discovery; footer/nav excluded.
/ar/brands/mini-service-dubai/engine-diagnostics,brand-service,ar,INDEX,تشخيص المحرك MINI في دبي,6,0,0,2,PRIMARY,NOT ORPHANED,RETAIN existing natural relationships,NO,Rendered distinct incoming source counts by link category,Cards count as contextual discovery; footer/nav excluded.
/ar/brands/mini-service-dubai/oil-change,brand-service,ar,INDEX,تغيير الزيت MINI في دبي,6,0,0,2,PRIMARY,NOT ORPHANED,RETAIN existing natural relationships,NO,Rendered distinct incoming source counts by link category,Cards count as contextual discovery; footer/nav excluded.
/ar/brands/mini-service-dubai/suspension-repair,brand-service,ar,NOINDEX,إصلاح التعليق MINI في دبي,6,0,0,2,SUPPORT / UTILITY,INTENTIONAL SUPPORT PAGE,RETAIN existing natural relationships,NO,Rendered distinct incoming source counts by link category,Cards count as contextual discovery; footer/nav excluded.
/ar/brands/mini-service-dubai/transmission-repair,brand-service,ar,NOINDEX,إصلاح ناقل الحركة MINI في دبي,6,0,0,2,SUPPORT / UTILITY,INTENTIONAL SUPPORT PAGE,RETAIN existing natural relationships,NO,Rendered distinct incoming source counts by link category,Cards count as contextual discovery; footer/nav excluded.
/ar/brands/pagani-service-dubai,brand,ar,INDEX,Pagani للإصلاح والصيانة في دبي,17,0,14,1,PRIMARY,NOT ORPHANED,RETAIN existing natural relationships,NO,Rendered distinct incoming source counts by link category,Cards count as contextual discovery; footer/nav excluded.
/ar/brands/pagani-service-dubai/ac-repair,brand-service,ar,INDEX,إصلاح التكييف Pagani في دبي,14,0,0,2,PRIMARY,NOT ORPHANED,RETAIN existing natural relationships,NO,Rendered distinct incoming source counts by link category,Cards count as contextual discovery; footer/nav excluded.
/ar/brands/pagani-service-dubai/battery-replacement,brand-service,ar,NOINDEX,تبديل البطارية Pagani في دبي,14,0,0,2,SUPPORT / UTILITY,INTENTIONAL SUPPORT PAGE,RETAIN existing natural relationships,NO,Rendered distinct incoming source counts by link category,Cards count as contextual discovery; footer/nav excluded.
/ar/brands/pagani-service-dubai/body-repair,brand-service,ar,NOINDEX,"Commercial repair: dents, damaged paint, refinishing and collision work",14,0,0,2,SUPPORT / UTILITY,INTENTIONAL SUPPORT PAGE,RETAIN existing natural relationships,NO,Rendered distinct incoming source counts by link category,Cards count as contextual discovery; footer/nav excluded.
/ar/brands/pagani-service-dubai/brake-repair,brand-service,ar,INDEX,إصلاح الفرامل Pagani في دبي,14,0,0,2,PRIMARY,NOT ORPHANED,RETAIN existing natural relationships,NO,Rendered distinct incoming source counts by link category,Cards count as contextual discovery; footer/nav excluded.
/ar/brands/pagani-service-dubai/electrical-repair,brand-service,ar,NOINDEX,إصلاح الكهرباء Pagani في دبي,14,0,0,2,SUPPORT / UTILITY,INTENTIONAL SUPPORT PAGE,RETAIN existing natural relationships,NO,Rendered distinct incoming source counts by link category,Cards count as contextual discovery; footer/nav excluded.
/ar/brands/pagani-service-dubai/engine-diagnostics,brand-service,ar,INDEX,تشخيص المحرك Pagani في دبي,14,0,0,2,PRIMARY,NOT ORPHANED,RETAIN existing natural relationships,NO,Rendered distinct incoming source counts by link category,Cards count as contextual discovery; footer/nav excluded.
/ar/brands/pagani-service-dubai/exhaust-repair,brand-service,ar,NOINDEX,إصلاح العادم Pagani في دبي,14,0,0,2,SUPPORT / UTILITY,INTENTIONAL SUPPORT PAGE,RETAIN existing natural relationships,NO,Rendered distinct incoming source counts by link category,Cards count as contextual discovery; footer/nav excluded.
/ar/brands/pagani-service-dubai/fuel-system-repair,brand-service,ar,NOINDEX,إصلاح نظام الوقود Pagani في دبي,14,0,0,2,SUPPORT / UTILITY,INTENTIONAL SUPPORT PAGE,RETAIN existing natural relationships,NO,Rendered distinct incoming source counts by link category,Cards count as contextual discovery; footer/nav excluded.
/ar/brands/pagani-service-dubai/mechanical-repair,brand-service,ar,NOINDEX,الإصلاح الميكانيكي Pagani في دبي,14,0,0,2,SUPPORT / UTILITY,INTENTIONAL SUPPORT PAGE,RETAIN existing natural relationships,NO,Rendered distinct incoming source counts by link category,Cards count as contextual discovery; footer/nav excluded.
/ar/brands/pagani-service-dubai/oil-change,brand-service,ar,INDEX,تغيير الزيت Pagani في دبي,14,0,0,2,PRIMARY,NOT ORPHANED,RETAIN existing natural relationships,NO,Rendered distinct incoming source counts by link category,Cards count as contextual discovery; footer/nav excluded.
/ar/brands/pagani-service-dubai/steering-repair,brand-service,ar,NOINDEX,إصلاح نظام التوجيه Pagani في دبي,14,0,0,2,SUPPORT / UTILITY,INTENTIONAL SUPPORT PAGE,RETAIN existing natural relationships,NO,Rendered distinct incoming source counts by link category,Cards count as contextual discovery; footer/nav excluded.
/ar/brands/pagani-service-dubai/suspension-repair,brand-service,ar,NOINDEX,إصلاح التعليق Pagani في دبي,14,0,0,2,SUPPORT / UTILITY,INTENTIONAL SUPPORT PAGE,RETAIN existing natural relationships,NO,Rendered distinct incoming source counts by link category,Cards count as contextual discovery; footer/nav excluded.
/ar/brands/pagani-service-dubai/tire-repair,brand-service,ar,NOINDEX,إصلاح الإطارات Pagani في دبي,14,0,0,2,SUPPORT / UTILITY,INTENTIONAL SUPPORT PAGE,RETAIN existing natural relationships,NO,Rendered distinct incoming source counts by link category,Cards count as contextual discovery; footer/nav excluded.
/ar/brands/pagani-service-dubai/transmission-repair,brand-service,ar,NOINDEX,إصلاح ناقل الحركة Pagani في دبي,14,0,0,2,SUPPORT / UTILITY,INTENTIONAL SUPPORT PAGE,RETAIN existing natural relationships,NO,Rendered distinct incoming source counts by link category,Cards count as contextual discovery; footer/nav excluded.
/ar/brands/porsche-service-dubai,brand,ar,INDEX,Porsche للإصلاح والصيانة في دبي,54,61,14,1,PRIMARY,NOT ORPHANED,RETAIN existing natural relationships,NO,Rendered distinct incoming source counts by link category,Cards count as contextual discovery; footer/nav excluded.
/ar/brands/porsche-service-dubai/ac-repair,brand-service,ar,INDEX,إصلاح التكييف Porsche في دبي,14,0,0,2,PRIMARY,NOT ORPHANED,RETAIN existing natural relationships,NO,Rendered distinct incoming source counts by link category,Cards count as contextual discovery; footer/nav excluded.
/ar/brands/porsche-service-dubai/battery-replacement,brand-service,ar,INDEX,تبديل البطارية Porsche في دبي,14,0,0,2,PRIMARY,NOT ORPHANED,RETAIN existing natural relationships,NO,Rendered distinct incoming source counts by link category,Cards count as contextual discovery; footer/nav excluded.
/ar/brands/porsche-service-dubai/body-repair,brand-service,ar,INDEX,"Commercial repair: dents, damaged paint, refinishing and collision work",14,0,0,2,PRIMARY,NOT ORPHANED,RETAIN existing natural relationships,NO,Rendered distinct incoming source counts by link category,Cards count as contextual discovery; footer/nav excluded.
/ar/brands/porsche-service-dubai/brake-repair,brand-service,ar,INDEX,إصلاح الفرامل Porsche في دبي,14,0,0,2,PRIMARY,NOT ORPHANED,RETAIN existing natural relationships,NO,Rendered distinct incoming source counts by link category,Cards count as contextual discovery; footer/nav excluded.
/ar/brands/porsche-service-dubai/electrical-repair,brand-service,ar,INDEX,إصلاح الكهرباء Porsche في دبي,14,0,0,2,PRIMARY,NOT ORPHANED,RETAIN existing natural relationships,NO,Rendered distinct incoming source counts by link category,Cards count as contextual discovery; footer/nav excluded.
/ar/brands/porsche-service-dubai/engine-diagnostics,brand-service,ar,INDEX,تشخيص المحرك Porsche في دبي,14,0,0,2,PRIMARY,NOT ORPHANED,RETAIN existing natural relationships,NO,Rendered distinct incoming source counts by link category,Cards count as contextual discovery; footer/nav excluded.
/ar/brands/porsche-service-dubai/exhaust-repair,brand-service,ar,INDEX,إصلاح العادم Porsche في دبي,14,0,0,2,PRIMARY,NOT ORPHANED,RETAIN existing natural relationships,NO,Rendered distinct incoming source counts by link category,Cards count as contextual discovery; footer/nav excluded.
/ar/brands/porsche-service-dubai/fuel-system-repair,brand-service,ar,INDEX,إصلاح نظام الوقود Porsche في دبي,14,0,0,2,PRIMARY,NOT ORPHANED,RETAIN existing natural relationships,NO,Rendered distinct incoming source counts by link category,Cards count as contextual discovery; footer/nav excluded.
/ar/brands/porsche-service-dubai/mechanical-repair,brand-service,ar,INDEX,الإصلاح الميكانيكي Porsche في دبي,14,0,0,2,PRIMARY,NOT ORPHANED,RETAIN existing natural relationships,NO,Rendered distinct incoming source counts by link category,Cards count as contextual discovery; footer/nav excluded.
/ar/brands/porsche-service-dubai/oil-change,brand-service,ar,INDEX,تغيير الزيت Porsche في دبي,14,0,0,2,PRIMARY,NOT ORPHANED,RETAIN existing natural relationships,NO,Rendered distinct incoming source counts by link category,Cards count as contextual discovery; footer/nav excluded.
/ar/brands/porsche-service-dubai/steering-repair,brand-service,ar,INDEX,إصلاح نظام التوجيه Porsche في دبي,14,0,0,2,PRIMARY,NOT ORPHANED,RETAIN existing natural relationships,NO,Rendered distinct incoming source counts by link category,Cards count as contextual discovery; footer/nav excluded.
/ar/brands/porsche-service-dubai/suspension-repair,brand-service,ar,INDEX,إصلاح التعليق Porsche في دبي,14,0,0,2,PRIMARY,NOT ORPHANED,RETAIN existing natural relationships,NO,Rendered distinct incoming source counts by link category,Cards count as contextual discovery; footer/nav excluded.
/ar/brands/porsche-service-dubai/tire-repair,brand-service,ar,INDEX,إصلاح الإطارات Porsche في دبي,14,0,0,2,PRIMARY,NOT ORPHANED,RETAIN existing natural relationships,NO,Rendered distinct incoming source counts by link category,Cards count as contextual discovery; footer/nav excluded.
/ar/brands/porsche-service-dubai/transmission-repair,brand-service,ar,INDEX,إصلاح ناقل الحركة Porsche في دبي,14,0,0,2,PRIMARY,NOT ORPHANED,RETAIN existing natural relationships,NO,Rendered distinct incoming source counts by link category,Cards count as contextual discovery; footer/nav excluded.
/ar/brands/range-rover-service-dubai,brand,ar,INDEX,Range Rover للإصلاح والصيانة في دبي,35,0,14,1,PRIMARY,NOT ORPHANED,RETAIN existing natural relationships,NO,Rendered distinct incoming source counts by link category,Cards count as contextual discovery; footer/nav excluded.
/ar/brands/range-rover-service-dubai/ac-repair,brand-service,ar,INDEX,إصلاح التكييف Range Rover في دبي,14,0,0,2,PRIMARY,NOT ORPHANED,RETAIN existing natural relationships,NO,Rendered distinct incoming source counts by link category,Cards count as contextual discovery; footer/nav excluded.
/ar/brands/range-rover-service-dubai/battery-replacement,brand-service,ar,INDEX,تبديل البطارية Range Rover في دبي,14,0,0,2,PRIMARY,NOT ORPHANED,RETAIN existing natural relationships,NO,Rendered distinct incoming source counts by link category,Cards count as contextual discovery; footer/nav excluded.
/ar/brands/range-rover-service-dubai/body-repair,brand-service,ar,INDEX,"Commercial repair: dents, damaged paint, refinishing and collision work",14,0,0,2,PRIMARY,NOT ORPHANED,RETAIN existing natural relationships,NO,Rendered distinct incoming source counts by link category,Cards count as contextual discovery; footer/nav excluded.
/ar/brands/range-rover-service-dubai/brake-repair,brand-service,ar,INDEX,إصلاح الفرامل Range Rover في دبي,15,0,0,2,PRIMARY,NOT ORPHANED,RETAIN existing natural relationships,NO,Rendered distinct incoming source counts by link category,Cards count as contextual discovery; footer/nav excluded.
/ar/brands/range-rover-service-dubai/electrical-repair,brand-service,ar,INDEX,إصلاح الكهرباء Range Rover في دبي,14,0,0,2,PRIMARY,NOT ORPHANED,RETAIN existing natural relationships,NO,Rendered distinct incoming source counts by link category,Cards count as contextual discovery; footer/nav excluded.
/ar/brands/range-rover-service-dubai/engine-diagnostics,brand-service,ar,INDEX,تشخيص المحرك Range Rover في دبي,15,0,0,2,PRIMARY,NOT ORPHANED,RETAIN existing natural relationships,NO,Rendered distinct incoming source counts by link category,Cards count as contextual discovery; footer/nav excluded.
/ar/brands/range-rover-service-dubai/exhaust-repair,brand-service,ar,INDEX,إصلاح العادم Range Rover في دبي,14,0,0,2,PRIMARY,NOT ORPHANED,RETAIN existing natural relationships,NO,Rendered distinct incoming source counts by link category,Cards count as contextual discovery; footer/nav excluded.
/ar/brands/range-rover-service-dubai/fuel-system-repair,brand-service,ar,INDEX,إصلاح نظام الوقود Range Rover في دبي,14,0,0,2,PRIMARY,NOT ORPHANED,RETAIN existing natural relationships,NO,Rendered distinct incoming source counts by link category,Cards count as contextual discovery; footer/nav excluded.
/ar/brands/range-rover-service-dubai/mechanical-repair,brand-service,ar,INDEX,الإصلاح الميكانيكي Range Rover في دبي,14,0,0,2,PRIMARY,NOT ORPHANED,RETAIN existing natural relationships,NO,Rendered distinct incoming source counts by link category,Cards count as contextual discovery; footer/nav excluded.
/ar/brands/range-rover-service-dubai/oil-change,brand-service,ar,INDEX,تغيير الزيت Range Rover في دبي,14,0,0,2,PRIMARY,NOT ORPHANED,RETAIN existing natural relationships,NO,Rendered distinct incoming source counts by link category,Cards count as contextual discovery; footer/nav excluded.
/ar/brands/range-rover-service-dubai/steering-repair,brand-service,ar,INDEX,إصلاح نظام التوجيه Range Rover في دبي,14,0,0,2,PRIMARY,NOT ORPHANED,RETAIN existing natural relationships,NO,Rendered distinct incoming source counts by link category,Cards count as contextual discovery; footer/nav excluded.
/ar/brands/range-rover-service-dubai/suspension-repair,brand-service,ar,INDEX,إصلاح التعليق Range Rover في دبي,15,0,0,2,PRIMARY,NOT ORPHANED,RETAIN existing natural relationships,NO,Rendered distinct incoming source counts by link category,Cards count as contextual discovery; footer/nav excluded.
/ar/brands/range-rover-service-dubai/tire-repair,brand-service,ar,INDEX,إصلاح الإطارات Range Rover في دبي,14,0,0,2,PRIMARY,NOT ORPHANED,RETAIN existing natural relationships,NO,Rendered distinct incoming source counts by link category,Cards count as contextual discovery; footer/nav excluded.
/ar/brands/range-rover-service-dubai/transmission-repair,brand-service,ar,INDEX,إصلاح ناقل الحركة Range Rover في دبي,14,0,0,2,PRIMARY,NOT ORPHANED,RETAIN existing natural relationships,NO,Rendered distinct incoming source counts by link category,Cards count as contextual discovery; footer/nav excluded.
/ar/brands/rolls-royce-service-dubai,brand,ar,INDEX,Rolls-Royce service and repair discovery,55,0,14,1,PRIMARY,NOT ORPHANED,RETAIN existing natural relationships,NO,Rendered distinct incoming source counts by link category,Cards count as contextual discovery; footer/nav excluded.
/ar/brands/rolls-royce-service-dubai/ac-repair,brand-service,ar,INDEX,إصلاح التكييف Rolls-Royce في دبي,15,0,0,2,PRIMARY,NOT ORPHANED,RETAIN existing natural relationships,NO,Rendered distinct incoming source counts by link category,Cards count as contextual discovery; footer/nav excluded.
/ar/brands/rolls-royce-service-dubai/battery-replacement,brand-service,ar,INDEX,تبديل البطارية Rolls-Royce في دبي,14,0,0,2,PRIMARY,NOT ORPHANED,RETAIN existing natural relationships,NO,Rendered distinct incoming source counts by link category,Cards count as contextual discovery; footer/nav excluded.
/ar/brands/rolls-royce-service-dubai/body-repair,brand-service,ar,INDEX,"Commercial repair: dents, damaged paint, refinishing and collision work",14,0,0,2,PRIMARY,NOT ORPHANED,RETAIN existing natural relationships,NO,Rendered distinct incoming source counts by link category,Cards count as contextual discovery; footer/nav excluded.
/ar/brands/rolls-royce-service-dubai/brake-repair,brand-service,ar,INDEX,إصلاح الفرامل Rolls-Royce في دبي,14,0,0,2,PRIMARY,NOT ORPHANED,RETAIN existing natural relationships,NO,Rendered distinct incoming source counts by link category,Cards count as contextual discovery; footer/nav excluded.
/ar/brands/rolls-royce-service-dubai/electrical-repair,brand-service,ar,INDEX,إصلاح الكهرباء Rolls-Royce في دبي,14,0,0,2,PRIMARY,NOT ORPHANED,RETAIN existing natural relationships,NO,Rendered distinct incoming source counts by link category,Cards count as contextual discovery; footer/nav excluded.
/ar/brands/rolls-royce-service-dubai/engine-diagnostics,brand-service,ar,INDEX,تشخيص المحرك Rolls-Royce في دبي,15,0,0,2,PRIMARY,NOT ORPHANED,RETAIN existing natural relationships,NO,Rendered distinct incoming source counts by link category,Cards count as contextual discovery; footer/nav excluded.
/ar/brands/rolls-royce-service-dubai/exhaust-repair,brand-service,ar,INDEX,إصلاح العادم Rolls-Royce في دبي,14,0,0,2,PRIMARY,NOT ORPHANED,RETAIN existing natural relationships,NO,Rendered distinct incoming source counts by link category,Cards count as contextual discovery; footer/nav excluded.
/ar/brands/rolls-royce-service-dubai/fuel-system-repair,brand-service,ar,INDEX,إصلاح نظام الوقود Rolls-Royce في دبي,14,0,0,2,PRIMARY,NOT ORPHANED,RETAIN existing natural relationships,NO,Rendered distinct incoming source counts by link category,Cards count as contextual discovery; footer/nav excluded.
/ar/brands/rolls-royce-service-dubai/mechanical-repair,brand-service,ar,INDEX,الإصلاح الميكانيكي Rolls-Royce في دبي,14,0,0,2,PRIMARY,NOT ORPHANED,RETAIN existing natural relationships,NO,Rendered distinct incoming source counts by link category,Cards count as contextual discovery; footer/nav excluded.
/ar/brands/rolls-royce-service-dubai/oil-change,brand-service,ar,INDEX,تغيير الزيت Rolls-Royce في دبي,15,0,0,2,PRIMARY,NOT ORPHANED,RETAIN existing natural relationships,NO,Rendered distinct incoming source counts by link category,Cards count as contextual discovery; footer/nav excluded.
/ar/brands/rolls-royce-service-dubai/steering-repair,brand-service,ar,INDEX,إصلاح نظام التوجيه Rolls-Royce في دبي,14,0,0,2,PRIMARY,NOT ORPHANED,RETAIN existing natural relationships,NO,Rendered distinct incoming source counts by link category,Cards count as contextual discovery; footer/nav excluded.
/ar/brands/rolls-royce-service-dubai/suspension-repair,brand-service,ar,INDEX,إصلاح التعليق Rolls-Royce في دبي,15,0,0,2,PRIMARY,NOT ORPHANED,RETAIN existing natural relationships,NO,Rendered distinct incoming source counts by link category,Cards count as contextual discovery; footer/nav excluded.
/ar/brands/rolls-royce-service-dubai/tire-repair,brand-service,ar,INDEX,إصلاح الإطارات Rolls-Royce في دبي,14,0,0,2,PRIMARY,NOT ORPHANED,RETAIN existing natural relationships,NO,Rendered distinct incoming source counts by link category,Cards count as contextual discovery; footer/nav excluded.
/ar/brands/rolls-royce-service-dubai/transmission-repair,brand-service,ar,INDEX,إصلاح ناقل الحركة Rolls-Royce في دبي,15,0,0,2,PRIMARY,NOT ORPHANED,RETAIN existing natural relationships,NO,Rendered distinct incoming source counts by link category,Cards count as contextual discovery; footer/nav excluded.
/ar/brands/rox-service-dubai,brand,ar,INDEX,ROX للإصلاح والصيانة في دبي,18,0,15,1,PRIMARY,NOT ORPHANED,RETAIN existing natural relationships,NO,Rendered distinct incoming source counts by link category,Cards count as contextual discovery; footer/nav excluded.
/ar/brands/rox-service-dubai/ac-repair,brand-service,ar,INDEX,إصلاح التكييف ROX في دبي,15,0,0,2,PRIMARY,NOT ORPHANED,RETAIN existing natural relationships,NO,Rendered distinct incoming source counts by link category,Cards count as contextual discovery; footer/nav excluded.
/ar/brands/rox-service-dubai/battery-replacement,brand-service,ar,NOINDEX,تبديل البطارية ROX في دبي,15,0,0,2,SUPPORT / UTILITY,INTENTIONAL SUPPORT PAGE,RETAIN existing natural relationships,NO,Rendered distinct incoming source counts by link category,Cards count as contextual discovery; footer/nav excluded.
/ar/brands/rox-service-dubai/body-repair,brand-service,ar,NOINDEX,"Commercial repair: dents, damaged paint, refinishing and collision work",15,0,0,2,SUPPORT / UTILITY,INTENTIONAL SUPPORT PAGE,RETAIN existing natural relationships,NO,Rendered distinct incoming source counts by link category,Cards count as contextual discovery; footer/nav excluded.
/ar/brands/rox-service-dubai/brake-repair,brand-service,ar,INDEX,إصلاح الفرامل ROX في دبي,15,0,0,2,PRIMARY,NOT ORPHANED,RETAIN existing natural relationships,NO,Rendered distinct incoming source counts by link category,Cards count as contextual discovery; footer/nav excluded.
/ar/brands/rox-service-dubai/electrical-repair,brand-service,ar,NOINDEX,إصلاح الكهرباء ROX في دبي,15,0,0,2,SUPPORT / UTILITY,INTENTIONAL SUPPORT PAGE,RETAIN existing natural relationships,NO,Rendered distinct incoming source counts by link category,Cards count as contextual discovery; footer/nav excluded.
/ar/brands/rox-service-dubai/engine-diagnostics,brand-service,ar,INDEX,فحص أعطال ROX 01 في دبي,15,0,0,2,PRIMARY,NOT ORPHANED,RETAIN existing natural relationships,NO,Rendered distinct incoming source counts by link category,Cards count as contextual discovery; footer/nav excluded.
/ar/brands/rox-service-dubai/exhaust-repair,brand-service,ar,NOINDEX,إصلاح العادم ROX في دبي,15,0,0,2,SUPPORT / UTILITY,INTENTIONAL SUPPORT PAGE,RETAIN existing natural relationships,NO,Rendered distinct incoming source counts by link category,Cards count as contextual discovery; footer/nav excluded.
/ar/brands/rox-service-dubai/fuel-system-repair,brand-service,ar,NOINDEX,إصلاح نظام الوقود ROX في دبي,15,0,0,2,SUPPORT / UTILITY,INTENTIONAL SUPPORT PAGE,RETAIN existing natural relationships,NO,Rendered distinct incoming source counts by link category,Cards count as contextual discovery; footer/nav excluded.
/ar/brands/rox-service-dubai/mechanical-repair,brand-service,ar,NOINDEX,الإصلاح الميكانيكي ROX في دبي,15,0,0,2,SUPPORT / UTILITY,INTENTIONAL SUPPORT PAGE,RETAIN existing natural relationships,NO,Rendered distinct incoming source counts by link category,Cards count as contextual discovery; footer/nav excluded.
/ar/brands/rox-service-dubai/oil-change,brand-service,ar,INDEX,خدمة زيت محرك مولد المدى ROX 01 في دبي,15,0,0,2,PRIMARY,NOT ORPHANED,RETAIN existing natural relationships,NO,Rendered distinct incoming source counts by link category,Cards count as contextual discovery; footer/nav excluded.
/ar/brands/rox-service-dubai/soft-close-door-installation,brand-service,ar,NOINDEX,تركيب الإغلاق الناعم لأبواب ROX 01 في دبي,16,0,0,2,SUPPORT / UTILITY,INTENTIONAL SUPPORT PAGE,RETAIN existing natural relationships,NO,Rendered distinct incoming source counts by link category,Cards count as contextual discovery; footer/nav excluded.
/ar/brands/rox-service-dubai/steering-repair,brand-service,ar,NOINDEX,إصلاح نظام التوجيه ROX في دبي,15,0,0,2,SUPPORT / UTILITY,INTENTIONAL SUPPORT PAGE,RETAIN existing natural relationships,NO,Rendered distinct incoming source counts by link category,Cards count as contextual discovery; footer/nav excluded.
/ar/brands/rox-service-dubai/suspension-repair,brand-service,ar,NOINDEX,إصلاح التعليق ROX في دبي,15,0,0,2,SUPPORT / UTILITY,INTENTIONAL SUPPORT PAGE,RETAIN existing natural relationships,NO,Rendered distinct incoming source counts by link category,Cards count as contextual discovery; footer/nav excluded.
/ar/brands/rox-service-dubai/tire-repair,brand-service,ar,NOINDEX,إصلاح الإطارات ROX في دبي,15,0,0,2,SUPPORT / UTILITY,INTENTIONAL SUPPORT PAGE,RETAIN existing natural relationships,NO,Rendered distinct incoming source counts by link category,Cards count as contextual discovery; footer/nav excluded.
/ar/brands/rox-service-dubai/transmission-repair,brand-service,ar,NOINDEX,إصلاح ناقل الحركة ROX في دبي,15,0,0,2,SUPPORT / UTILITY,INTENTIONAL SUPPORT PAGE,RETAIN existing natural relationships,NO,Rendered distinct incoming source counts by link category,Cards count as contextual discovery; footer/nav excluded.
/ar/brands/subaru-service-dubai,brand,ar,INDEX,Subaru للإصلاح والصيانة في دبي,9,0,6,1,PRIMARY,NOT ORPHANED,RETAIN existing natural relationships,NO,Rendered distinct incoming source counts by link category,Cards count as contextual discovery; footer/nav excluded.
/ar/brands/subaru-service-dubai/ac-repair,brand-service,ar,INDEX,إصلاح التكييف Subaru في دبي,6,0,0,2,PRIMARY,NOT ORPHANED,RETAIN existing natural relationships,NO,Rendered distinct incoming source counts by link category,Cards count as contextual discovery; footer/nav excluded.
/ar/brands/subaru-service-dubai/brake-repair,brand-service,ar,INDEX,إصلاح الفرامل Subaru في دبي,6,0,0,2,PRIMARY,NOT ORPHANED,RETAIN existing natural relationships,NO,Rendered distinct incoming source counts by link category,Cards count as contextual discovery; footer/nav excluded.
/ar/brands/subaru-service-dubai/engine-diagnostics,brand-service,ar,INDEX,تشخيص المحرك Subaru في دبي,6,0,0,2,PRIMARY,NOT ORPHANED,RETAIN existing natural relationships,NO,Rendered distinct incoming source counts by link category,Cards count as contextual discovery; footer/nav excluded.
/ar/brands/subaru-service-dubai/oil-change,brand-service,ar,INDEX,تغيير الزيت Subaru في دبي,6,0,0,2,PRIMARY,NOT ORPHANED,RETAIN existing natural relationships,NO,Rendered distinct incoming source counts by link category,Cards count as contextual discovery; footer/nav excluded.
/ar/brands/subaru-service-dubai/suspension-repair,brand-service,ar,NOINDEX,إصلاح التعليق Subaru في دبي,6,0,0,2,SUPPORT / UTILITY,INTENTIONAL SUPPORT PAGE,RETAIN existing natural relationships,NO,Rendered distinct incoming source counts by link category,Cards count as contextual discovery; footer/nav excluded.
/ar/brands/subaru-service-dubai/transmission-repair,brand-service,ar,NOINDEX,إصلاح ناقل الحركة Subaru في دبي,6,0,0,2,SUPPORT / UTILITY,INTENTIONAL SUPPORT PAGE,RETAIN existing natural relationships,NO,Rendered distinct incoming source counts by link category,Cards count as contextual discovery; footer/nav excluded.
/ar/brands/tesla-service-dubai,brand,ar,INDEX,Tesla للإصلاح والصيانة في دبي,12,0,9,1,PRIMARY,NOT ORPHANED,RETAIN existing natural relationships,NO,Rendered distinct incoming source counts by link category,Cards count as contextual discovery; footer/nav excluded.
/ar/brands/tesla-service-dubai/ac-repair,brand-service,ar,INDEX,إصلاح التكييف Tesla في دبي,9,0,0,2,PRIMARY,NOT ORPHANED,RETAIN existing natural relationships,NO,Rendered distinct incoming source counts by link category,Cards count as contextual discovery; footer/nav excluded.
/ar/brands/tesla-service-dubai/battery-replacement,brand-service,ar,NOINDEX,تبديل البطارية Tesla في دبي,9,0,0,2,SUPPORT / UTILITY,INTENTIONAL SUPPORT PAGE,RETAIN existing natural relationships,NO,Rendered distinct incoming source counts by link category,Cards count as contextual discovery; footer/nav excluded.
/ar/brands/tesla-service-dubai/body-repair,brand-service,ar,NOINDEX,"Commercial repair: dents, damaged paint, refinishing and collision work",9,0,0,2,SUPPORT / UTILITY,INTENTIONAL SUPPORT PAGE,RETAIN existing natural relationships,NO,Rendered distinct incoming source counts by link category,Cards count as contextual discovery; footer/nav excluded.
/ar/brands/tesla-service-dubai/brake-repair,brand-service,ar,INDEX,إصلاح الفرامل Tesla في دبي,9,0,0,2,PRIMARY,NOT ORPHANED,RETAIN existing natural relationships,NO,Rendered distinct incoming source counts by link category,Cards count as contextual discovery; footer/nav excluded.
/ar/brands/tesla-service-dubai/electrical-repair,brand-service,ar,NOINDEX,إصلاح الكهرباء Tesla في دبي,9,0,0,2,SUPPORT / UTILITY,INTENTIONAL SUPPORT PAGE,RETAIN existing natural relationships,NO,Rendered distinct incoming source counts by link category,Cards count as contextual discovery; footer/nav excluded.
/ar/brands/tesla-service-dubai/mechanical-repair,brand-service,ar,NOINDEX,الإصلاح الميكانيكي Tesla في دبي,9,0,0,2,SUPPORT / UTILITY,INTENTIONAL SUPPORT PAGE,RETAIN existing natural relationships,NO,Rendered distinct incoming source counts by link category,Cards count as contextual discovery; footer/nav excluded.
/ar/brands/tesla-service-dubai/steering-repair,brand-service,ar,NOINDEX,إصلاح نظام التوجيه Tesla في دبي,9,0,0,2,SUPPORT / UTILITY,INTENTIONAL SUPPORT PAGE,RETAIN existing natural relationships,NO,Rendered distinct incoming source counts by link category,Cards count as contextual discovery; footer/nav excluded.
/ar/brands/tesla-service-dubai/suspension-repair,brand-service,ar,NOINDEX,إصلاح التعليق Tesla في دبي,9,0,0,2,SUPPORT / UTILITY,INTENTIONAL SUPPORT PAGE,RETAIN existing natural relationships,NO,Rendered distinct incoming source counts by link category,Cards count as contextual discovery; footer/nav excluded.
/ar/brands/tesla-service-dubai/tire-repair,brand-service,ar,NOINDEX,إصلاح الإطارات Tesla في دبي,9,0,0,2,SUPPORT / UTILITY,INTENTIONAL SUPPORT PAGE,RETAIN existing natural relationships,NO,Rendered distinct incoming source counts by link category,Cards count as contextual discovery; footer/nav excluded.
/ar/brands/volkswagen-service-dubai,brand,ar,INDEX,Volkswagen للإصلاح والصيانة في دبي,18,0,14,1,PRIMARY,NOT ORPHANED,RETAIN existing natural relationships,NO,Rendered distinct incoming source counts by link category,Cards count as contextual discovery; footer/nav excluded.
/ar/brands/volkswagen-service-dubai/ac-repair,brand-service,ar,INDEX,إصلاح التكييف Volkswagen في دبي,14,0,0,2,PRIMARY,NOT ORPHANED,RETAIN existing natural relationships,NO,Rendered distinct incoming source counts by link category,Cards count as contextual discovery; footer/nav excluded.
/ar/brands/volkswagen-service-dubai/battery-replacement,brand-service,ar,NOINDEX,تبديل البطارية Volkswagen في دبي,14,0,0,2,SUPPORT / UTILITY,INTENTIONAL SUPPORT PAGE,RETAIN existing natural relationships,NO,Rendered distinct incoming source counts by link category,Cards count as contextual discovery; footer/nav excluded.
/ar/brands/volkswagen-service-dubai/body-repair,brand-service,ar,NOINDEX,"Commercial repair: dents, damaged paint, refinishing and collision work",14,0,0,2,SUPPORT / UTILITY,INTENTIONAL SUPPORT PAGE,RETAIN existing natural relationships,NO,Rendered distinct incoming source counts by link category,Cards count as contextual discovery; footer/nav excluded.
/ar/brands/volkswagen-service-dubai/brake-repair,brand-service,ar,INDEX,إصلاح الفرامل Volkswagen في دبي,14,0,0,2,PRIMARY,NOT ORPHANED,RETAIN existing natural relationships,NO,Rendered distinct incoming source counts by link category,Cards count as contextual discovery; footer/nav excluded.
/ar/brands/volkswagen-service-dubai/electrical-repair,brand-service,ar,NOINDEX,إصلاح الكهرباء Volkswagen في دبي,14,0,0,2,SUPPORT / UTILITY,INTENTIONAL SUPPORT PAGE,RETAIN existing natural relationships,NO,Rendered distinct incoming source counts by link category,Cards count as contextual discovery; footer/nav excluded.
/ar/brands/volkswagen-service-dubai/engine-diagnostics,brand-service,ar,INDEX,تشخيص المحرك Volkswagen في دبي,14,0,0,2,PRIMARY,NOT ORPHANED,RETAIN existing natural relationships,NO,Rendered distinct incoming source counts by link category,Cards count as contextual discovery; footer/nav excluded.
/ar/brands/volkswagen-service-dubai/exhaust-repair,brand-service,ar,NOINDEX,إصلاح العادم Volkswagen في دبي,14,0,0,2,SUPPORT / UTILITY,INTENTIONAL SUPPORT PAGE,RETAIN existing natural relationships,NO,Rendered distinct incoming source counts by link category,Cards count as contextual discovery; footer/nav excluded.
/ar/brands/volkswagen-service-dubai/fuel-system-repair,brand-service,ar,NOINDEX,إصلاح نظام الوقود Volkswagen في دبي,14,0,0,2,SUPPORT / UTILITY,INTENTIONAL SUPPORT PAGE,RETAIN existing natural relationships,NO,Rendered distinct incoming source counts by link category,Cards count as contextual discovery; footer/nav excluded.
/ar/brands/volkswagen-service-dubai/mechanical-repair,brand-service,ar,NOINDEX,الإصلاح الميكانيكي Volkswagen في دبي,14,0,0,2,SUPPORT / UTILITY,INTENTIONAL SUPPORT PAGE,RETAIN existing natural relationships,NO,Rendered distinct incoming source counts by link category,Cards count as contextual discovery; footer/nav excluded.
/ar/brands/volkswagen-service-dubai/oil-change,brand-service,ar,INDEX,تغيير الزيت Volkswagen في دبي,14,0,0,2,PRIMARY,NOT ORPHANED,RETAIN existing natural relationships,NO,Rendered distinct incoming source counts by link category,Cards count as contextual discovery; footer/nav excluded.
/ar/brands/volkswagen-service-dubai/steering-repair,brand-service,ar,NOINDEX,إصلاح نظام التوجيه Volkswagen في دبي,14,0,0,2,SUPPORT / UTILITY,INTENTIONAL SUPPORT PAGE,RETAIN existing natural relationships,NO,Rendered distinct incoming source counts by link category,Cards count as contextual discovery; footer/nav excluded.
/ar/brands/volkswagen-service-dubai/suspension-repair,brand-service,ar,NOINDEX,إصلاح التعليق Volkswagen في دبي,14,0,0,2,SUPPORT / UTILITY,INTENTIONAL SUPPORT PAGE,RETAIN existing natural relationships,NO,Rendered distinct incoming source counts by link category,Cards count as contextual discovery; footer/nav excluded.
/ar/brands/volkswagen-service-dubai/tire-repair,brand-service,ar,NOINDEX,إصلاح الإطارات Volkswagen في دبي,14,0,0,2,SUPPORT / UTILITY,INTENTIONAL SUPPORT PAGE,RETAIN existing natural relationships,NO,Rendered distinct incoming source counts by link category,Cards count as contextual discovery; footer/nav excluded.
/ar/brands/volkswagen-service-dubai/transmission-repair,brand-service,ar,NOINDEX,إصلاح ناقل الحركة Volkswagen في دبي,14,0,0,2,SUPPORT / UTILITY,INTENTIONAL SUPPORT PAGE,RETAIN existing natural relationships,NO,Rendered distinct incoming source counts by link category,Cards count as contextual discovery; footer/nav excluded.
/ar/brands/volvo-service-dubai,brand,ar,INDEX,Volvo للإصلاح والصيانة في دبي,17,0,14,1,PRIMARY,NOT ORPHANED,RETAIN existing natural relationships,NO,Rendered distinct incoming source counts by link category,Cards count as contextual discovery; footer/nav excluded.
/ar/brands/volvo-service-dubai/ac-repair,brand-service,ar,INDEX,إصلاح التكييف Volvo في دبي,14,0,0,2,PRIMARY,NOT ORPHANED,RETAIN existing natural relationships,NO,Rendered distinct incoming source counts by link category,Cards count as contextual discovery; footer/nav excluded.
/ar/brands/volvo-service-dubai/battery-replacement,brand-service,ar,NOINDEX,تبديل البطارية Volvo في دبي,14,0,0,2,SUPPORT / UTILITY,INTENTIONAL SUPPORT PAGE,RETAIN existing natural relationships,NO,Rendered distinct incoming source counts by link category,Cards count as contextual discovery; footer/nav excluded.
/ar/brands/volvo-service-dubai/body-repair,brand-service,ar,NOINDEX,"Commercial repair: dents, damaged paint, refinishing and collision work",14,0,0,2,SUPPORT / UTILITY,INTENTIONAL SUPPORT PAGE,RETAIN existing natural relationships,NO,Rendered distinct incoming source counts by link category,Cards count as contextual discovery; footer/nav excluded.
/ar/brands/volvo-service-dubai/brake-repair,brand-service,ar,INDEX,إصلاح الفرامل Volvo في دبي,14,0,0,2,PRIMARY,NOT ORPHANED,RETAIN existing natural relationships,NO,Rendered distinct incoming source counts by link category,Cards count as contextual discovery; footer/nav excluded.
/ar/brands/volvo-service-dubai/electrical-repair,brand-service,ar,NOINDEX,إصلاح الكهرباء Volvo في دبي,14,0,0,2,SUPPORT / UTILITY,INTENTIONAL SUPPORT PAGE,RETAIN existing natural relationships,NO,Rendered distinct incoming source counts by link category,Cards count as contextual discovery; footer/nav excluded.
/ar/brands/volvo-service-dubai/engine-diagnostics,brand-service,ar,INDEX,تشخيص المحرك Volvo في دبي,14,0,0,2,PRIMARY,NOT ORPHANED,RETAIN existing natural relationships,NO,Rendered distinct incoming source counts by link category,Cards count as contextual discovery; footer/nav excluded.
/ar/brands/volvo-service-dubai/exhaust-repair,brand-service,ar,NOINDEX,إصلاح العادم Volvo في دبي,14,0,0,2,SUPPORT / UTILITY,INTENTIONAL SUPPORT PAGE,RETAIN existing natural relationships,NO,Rendered distinct incoming source counts by link category,Cards count as contextual discovery; footer/nav excluded.
/ar/brands/volvo-service-dubai/fuel-system-repair,brand-service,ar,NOINDEX,إصلاح نظام الوقود Volvo في دبي,14,0,0,2,SUPPORT / UTILITY,INTENTIONAL SUPPORT PAGE,RETAIN existing natural relationships,NO,Rendered distinct incoming source counts by link category,Cards count as contextual discovery; footer/nav excluded.
/ar/brands/volvo-service-dubai/mechanical-repair,brand-service,ar,NOINDEX,الإصلاح الميكانيكي Volvo في دبي,14,0,0,2,SUPPORT / UTILITY,INTENTIONAL SUPPORT PAGE,RETAIN existing natural relationships,NO,Rendered distinct incoming source counts by link category,Cards count as contextual discovery; footer/nav excluded.
/ar/brands/volvo-service-dubai/oil-change,brand-service,ar,INDEX,تغيير الزيت Volvo في دبي,14,0,0,2,PRIMARY,NOT ORPHANED,RETAIN existing natural relationships,NO,Rendered distinct incoming source counts by link category,Cards count as contextual discovery; footer/nav excluded.
/ar/brands/volvo-service-dubai/steering-repair,brand-service,ar,NOINDEX,إصلاح نظام التوجيه Volvo في دبي,14,0,0,2,SUPPORT / UTILITY,INTENTIONAL SUPPORT PAGE,RETAIN existing natural relationships,NO,Rendered distinct incoming source counts by link category,Cards count as contextual discovery; footer/nav excluded.
/ar/brands/volvo-service-dubai/suspension-repair,brand-service,ar,NOINDEX,إصلاح التعليق Volvo في دبي,14,0,0,2,SUPPORT / UTILITY,INTENTIONAL SUPPORT PAGE,RETAIN existing natural relationships,NO,Rendered distinct incoming source counts by link category,Cards count as contextual discovery; footer/nav excluded.
/ar/brands/volvo-service-dubai/tire-repair,brand-service,ar,NOINDEX,إصلاح الإطارات Volvo في دبي,14,0,0,2,SUPPORT / UTILITY,INTENTIONAL SUPPORT PAGE,RETAIN existing natural relationships,NO,Rendered distinct incoming source counts by link category,Cards count as contextual discovery; footer/nav excluded.
/ar/brands/volvo-service-dubai/transmission-repair,brand-service,ar,NOINDEX,إصلاح ناقل الحركة Volvo في دبي,14,0,0,2,SUPPORT / UTILITY,INTENTIONAL SUPPORT PAGE,RETAIN existing natural relationships,NO,Rendered distinct incoming source counts by link category,Cards count as contextual discovery; footer/nav excluded.
/ar/faq,faq,ar,INDEX,الأسئلة الشائعة,1,570,0,1,SUPPORT / UTILITY,UTILITY / NON-SEO,RETAIN existing natural relationships,NO,Rendered distinct incoming source counts by link category,Cards count as contextual discovery; footer/nav excluded.
/ar/services,services-hub,ar,INDEX,Find a service,2,571,19,1,PRIMARY,NOT ORPHANED,RETAIN existing natural relationships,NO,Rendered distinct incoming source counts by link category,Cards count as contextual discovery; footer/nav excluded.
/ar/services/auto-electrical-repair-dubai,service,ar,INDEX,Battery warning; Camera fault; Electrical symptoms; Screen / head-unit fault — commercial inspection/repair task; not a dedicated problem page,19,0,0,1,PRIMARY,NOT ORPHANED,RETAIN existing natural relationships,NO,Rendered distinct incoming source counts by link category,Cards count as contextual discovery; footer/nav excluded.
/ar/services/battery-replacement-dubai,service,ar,INDEX,Low-voltage battery testing/fitting; registration only if applicable,4,0,0,1,PRIMARY,NOT ORPHANED,RETAIN existing natural relationships,NO,Rendered distinct incoming source counts by link category,Cards count as contextual discovery; footer/nav excluded.
/ar/services/brake-repair-dubai,service,ar,INDEX,Brake symptoms — commercial inspection/repair task; not a dedicated problem page,46,0,0,1,PRIMARY,NOT ORPHANED,RETAIN existing natural relationships,NO,Rendered distinct incoming source counts by link category,Cards count as contextual discovery; footer/nav excluded.
/ar/services/car-ac-repair-dubai,service,ar,INDEX,AC cooling / airflow — commercial inspection/repair task; not a dedicated problem page,30,0,0,1,PRIMARY,NOT ORPHANED,RETAIN existing natural relationships,NO,Rendered distinct incoming source counts by link category,Cards count as contextual discovery; footer/nav excluded.
/ar/services/car-body-repair-dubai,service,ar,INDEX,"Commercial repair: dents, damaged paint, refinishing and collision work",9,0,0,1,PRIMARY,NOT ORPHANED,RETAIN existing natural relationships,NO,Rendered distinct incoming source counts by link category,Cards count as contextual discovery; footer/nav excluded.
/ar/services/car-diagnostics-dubai,service,ar,INDEX,Check-engine warning; Misfire / rough idle; No-start; Power loss / boost; Vibration — commercial inspection/repair task; not a dedicated problem page,49,0,0,1,PRIMARY,NOT ORPHANED,RETAIN existing natural relationships,NO,Rendered distinct incoming source counts by link category,Cards count as contextual discovery; footer/nav excluded.
/ar/services/car-garage-dubai,service,ar,INDEX,Planning a workshop visit and approved repair scope,2,0,0,2,PRIMARY,NOT ORPHANED,RETAIN existing natural relationships,NO,Rendered distinct incoming source counts by link category,Cards count as contextual discovery; footer/nav excluded.
/ar/services/car-service-dubai,service,ar,INDEX,Scheduled maintenance beyond oil alone,3,0,0,1,PRIMARY,NOT ORPHANED,RETAIN existing natural relationships,NO,Rendered distinct incoming source counts by link category,Cards count as contextual discovery; footer/nav excluded.
/ar/services/ceramic-coating,service,ar,INDEX,"Surface coating, preparation and quote enquiry",8,0,0,1,PRIMARY,NOT ORPHANED,RETAIN existing natural relationships,NO,Rendered distinct incoming source counts by link category,Cards count as contextual discovery; footer/nav excluded.
/ar/services/exhaust-repair-dubai,service,ar,INDEX,Exhaust noise — commercial inspection/repair task; not a dedicated problem page,3,0,0,1,PRIMARY,NOT ORPHANED,RETAIN existing natural relationships,NO,Rendered distinct incoming source counts by link category,Cards count as contextual discovery; footer/nav excluded.
/ar/services/fuel-system-repair-dubai,service,ar,INDEX,Fuel-system checks and confirmed repair,5,0,0,1,PRIMARY,NOT ORPHANED,RETAIN existing natural relationships,NO,Rendered distinct incoming source counts by link category,Cards count as contextual discovery; footer/nav excluded.
/ar/services/garage-near-me-dubai,service,ar,INDEX,"Al Quoz access and contact, not fictional local branches",2,0,0,2,PRIMARY,NOT ORPHANED,RETAIN existing natural relationships,NO,Rendered distinct incoming source counts by link category,Cards count as contextual discovery; footer/nav excluded.
/ar/services/mechanical-repair-dubai,service,ar,INDEX,Coolant leak; Engine noise; Oil leak; Oil pressure; Smoke — commercial inspection/repair task; not a dedicated problem page,60,0,0,1,PRIMARY,NOT ORPHANED,RETAIN existing natural relationships,NO,Rendered distinct incoming source counts by link category,Cards count as contextual discovery; footer/nav excluded.
/ar/services/mercedes-ac-repair-dubai,service,ar,INDEX,Assess or book إصلاح مكيف مرسيدس في دبي ,17,0,0,2,PRIMARY,NOT ORPHANED,RETAIN existing natural relationships,NO,Rendered distinct incoming source counts by link category,Cards count as contextual discovery; footer/nav excluded.
/ar/services/mercedes-battery-replacement-dubai,service,ar,INDEX,Assess or book تبديل بطارية مرسيدس في دبي ,15,0,0,2,PRIMARY,NOT ORPHANED,RETAIN existing natural relationships,NO,Rendered distinct incoming source counts by link category,Cards count as contextual discovery; footer/nav excluded.
/ar/services/mercedes-body-repair-dubai,service,ar,INDEX,"Commercial repair: dents, damaged paint, refinishing and collision work",15,0,0,2,PRIMARY,NOT ORPHANED,RETAIN existing natural relationships,NO,Rendered distinct incoming source counts by link category,Cards count as contextual discovery; footer/nav excluded.
/ar/services/mercedes-brake-repair-dubai,service,ar,INDEX,Assess or book إصلاح فرامل مرسيدس في دبي ,15,0,0,2,PRIMARY,NOT ORPHANED,RETAIN existing natural relationships,NO,Rendered distinct incoming source counts by link category,Cards count as contextual discovery; footer/nav excluded.
/ar/services/mercedes-diagnostics-dubai,service,ar,INDEX,Assess or book فحص مرسيدس xentry في دبي ,19,0,0,2,PRIMARY,NOT ORPHANED,RETAIN existing natural relationships,NO,Rendered distinct incoming source counts by link category,Cards count as contextual discovery; footer/nav excluded.
/ar/services/mercedes-electrical-repair-dubai,service,ar,INDEX,Assess or book إصلاح كهرباء مرسيدس في دبي ,19,0,0,2,PRIMARY,NOT ORPHANED,RETAIN existing natural relationships,NO,Rendered distinct incoming source counts by link category,Cards count as contextual discovery; footer/nav excluded.
/ar/services/mercedes-exhaust-repair-dubai,service,ar,INDEX,Assess or book إصلاح عادم مرسيدس في دبي ,15,0,0,2,PRIMARY,NOT ORPHANED,RETAIN existing natural relationships,NO,Rendered distinct incoming source counts by link category,Cards count as contextual discovery; footer/nav excluded.
/ar/services/mercedes-fuel-system-repair-dubai,service,ar,INDEX,Assess or book إصلاح نظام وقود مرسيدس في دبي ,15,0,0,2,PRIMARY,NOT ORPHANED,RETAIN existing natural relationships,NO,Rendered distinct incoming source counts by link category,Cards count as contextual discovery; footer/nav excluded.
/ar/services/mercedes-mechanical-repair-dubai,service,ar,INDEX,Assess or book إصلاح محرك مرسيدس في دبي ,17,0,0,2,PRIMARY,NOT ORPHANED,RETAIN existing natural relationships,NO,Rendered distinct incoming source counts by link category,Cards count as contextual discovery; footer/nav excluded.
/ar/services/mercedes-oil-change-dubai,service,ar,INDEX,Assess or book تغيير زيت مرسيدس في دبي ,22,0,0,1,PRIMARY,NOT ORPHANED,RETAIN existing natural relationships,NO,Rendered distinct incoming source counts by link category,Cards count as contextual discovery; footer/nav excluded.
/ar/services/mercedes-steering-repair-dubai,service,ar,INDEX,Assess or book إصلاح توجيه مرسيدس في دبي ,15,0,0,2,PRIMARY,NOT ORPHANED,RETAIN existing natural relationships,NO,Rendered distinct incoming source counts by link category,Cards count as contextual discovery; footer/nav excluded.
/ar/services/mercedes-suspension-repair-dubai,service,ar,INDEX,Assess or book إصلاح تعليق مرسيدس وairmatic في دبي ,18,0,0,2,PRIMARY,NOT ORPHANED,RETAIN existing natural relationships,NO,Rendered distinct incoming source counts by link category,Cards count as contextual discovery; footer/nav excluded.
/ar/services/mercedes-tire-repair-dubai,service,ar,INDEX,Assess or book إصلاح إطارات مرسيدس في دبي ,15,0,0,2,PRIMARY,NOT ORPHANED,RETAIN existing natural relationships,NO,Rendered distinct incoming source counts by link category,Cards count as contextual discovery; footer/nav excluded.
/ar/services/mercedes-transmission-repair-dubai,service,ar,INDEX,Assess or book إصلاح قير مرسيدس في دبي ,18,0,0,2,PRIMARY,NOT ORPHANED,RETAIN existing natural relationships,NO,Rendered distinct incoming source counts by link category,Cards count as contextual discovery; footer/nav excluded.
/ar/services/oil-change-dubai,service,ar,INDEX,Engine oil and filter maintenance,16,0,0,1,PRIMARY,NOT ORPHANED,RETAIN existing natural relationships,NO,Rendered distinct incoming source counts by link category,Cards count as contextual discovery; footer/nav excluded.
/ar/services/paint-protection-dubai,service,ar,INDEX,Compare existing paint care and protection options,16,0,0,1,PRIMARY,NOT ORPHANED,RETAIN existing natural relationships,NO,Rendered distinct incoming source counts by link category,Cards count as contextual discovery; footer/nav excluded.
/ar/services/paint-protection-film,service,ar,INDEX,Film installation and vehicle-specific coverage enquiry,8,0,0,1,PRIMARY,NOT ORPHANED,RETAIN existing natural relationships,NO,Rendered distinct incoming source counts by link category,Cards count as contextual discovery; footer/nav excluded.
/ar/services/roadside-assistance-dubai,service,ar,INDEX,Existing roadside enquiry page; availability confirmed,2,0,0,2,PRIMARY,NOT ORPHANED,RETAIN existing natural relationships,NO,Rendered distinct incoming source counts by link category,Cards count as contextual discovery; footer/nav excluded.
/ar/services/soft-close-door-repair-dubai,service,ar,INDEX,Soft-close fault — commercial inspection/repair task; not a dedicated problem page,5,0,0,1,PRIMARY,NOT ORPHANED,RETAIN existing natural relationships,NO,Rendered distinct incoming source counts by link category,Cards count as contextual discovery; footer/nav excluded.
/ar/services/steering-repair-dubai,service,ar,INDEX,Steering symptoms — commercial inspection/repair task; not a dedicated problem page,6,0,0,1,PRIMARY,NOT ORPHANED,RETAIN existing natural relationships,NO,Rendered distinct incoming source counts by link category,Cards count as contextual discovery; footer/nav excluded.
/ar/services/suspension-repair-dubai,service,ar,INDEX,Suspension symptoms — commercial inspection/repair task; not a dedicated problem page,37,0,0,1,PRIMARY,NOT ORPHANED,RETAIN existing natural relationships,NO,Rendered distinct incoming source counts by link category,Cards count as contextual discovery; footer/nav excluded.
/ar/services/tire-repair-dubai,service,ar,INDEX,Tyre / wheel symptoms — commercial inspection/repair task; not a dedicated problem page,3,0,0,1,PRIMARY,NOT ORPHANED,RETAIN existing natural relationships,NO,Rendered distinct incoming source counts by link category,Cards count as contextual discovery; footer/nav excluded.
/ar/services/transmission-repair-dubai,service,ar,INDEX,Transmission symptoms — commercial inspection/repair task; not a dedicated problem page,37,0,0,1,PRIMARY,NOT ORPHANED,RETAIN existing natural relationships,NO,Rendered distinct incoming source counts by link category,Cards count as contextual discovery; footer/nav excluded.
/ar/sitemap,html-sitemap,ar,INDEX,خريطة الموقع,0,0,0,1,SUPPORT / UTILITY,UTILITY / NON-SEO,Retain utility navigation,NO,Rendered distinct incoming source counts by link category,Cards count as contextual discovery; footer/nav excluded.
/ar/tuning,tuning,ar,INDEX,Existing GAD Motors relationship and project consultation,16,570,0,1,PRIMARY,NOT ORPHANED,RETAIN existing natural relationships,NO,Rendered distinct incoming source counts by link category,Cards count as contextual discovery; footer/nav excluded.
/ar/vrx,vrx,ar,INDEX,استشارة مشروع VRX لمرسيدس V-Class,1,570,0,1,PRIMARY,WEAK CONTEXTUAL SUPPORT,RETAIN existing natural relationships,NO,Rendered distinct incoming source counts by link category,Cards count as contextual discovery; footer/nav excluded.
/best-audi-workshop-dubai,workshop-guide,en,INDEX,Audi Service & Repair Workshop in Dubai,9,0,0,2,PRIMARY,NOT ORPHANED,RETAIN existing natural relationships,NO,Rendered distinct incoming source counts by link category,Cards count as contextual discovery; footer/nav excluded.
/best-bmw-workshop-dubai,workshop-guide,en,INDEX,Workshop selection,8,0,0,2,PRIMARY,NOT ORPHANED,RETAIN existing natural relationships,NO,Rendered distinct incoming source counts by link category,Cards count as contextual discovery; footer/nav excluded.
/best-car-workshop-dubai,workshop-guide,en,INDEX,"Workshop selection criteria, not broad booking ownership",8,0,0,2,PRIMARY,NOT ORPHANED,RETAIN existing natural relationships,NO,Rendered distinct incoming source counts by link category,Cards count as contextual discovery; footer/nav excluded.
/best-ferrari-workshop-dubai,workshop-guide,en,INDEX,How to select an independent Ferrari workshop,8,0,0,2,PRIMARY,NOT ORPHANED,RETAIN existing natural relationships,NO,Rendered distinct incoming source counts by link category,Cards count as contextual discovery; footer/nav excluded.
/best-lamborghini-workshop-dubai,workshop-guide,en,INDEX,How to select an independent Lamborghini workshop,9,0,0,2,PRIMARY,NOT ORPHANED,RETAIN existing natural relationships,NO,Rendered distinct incoming source counts by link category,Cards count as contextual discovery; footer/nav excluded.
/best-porsche-workshop-dubai,workshop-guide,en,INDEX,Workshop comparison,8,0,0,2,PRIMARY,NOT ORPHANED,RETAIN existing natural relationships,NO,Rendered distinct incoming source counts by link category,Cards count as contextual discovery; footer/nav excluded.
/best-range-rover-workshop-dubai,workshop-guide,en,INDEX,How to Choose a Range Rover Workshop in Dubai,8,0,0,2,PRIMARY,NOT ORPHANED,RETAIN existing natural relationships,NO,Rendered distinct incoming source counts by link category,Cards count as contextual discovery; footer/nav excluded.
/blog,blog-hub,en,INDEX,The Digitec Journal,45,675,19,1,PRIMARY,NOT ORPHANED,RETAIN existing natural relationships,NO,Rendered distinct incoming source counts by link category,Cards count as contextual discovery; footer/nav excluded.
/blog/air-suspension-repair-dubai-guide,article,en,INDEX,"Supporting suspension — supporting information, not a new symptom owner",3,0,0,2,PRIMARY,NOT ORPHANED,RETAIN existing natural relationships,NO,Rendered distinct incoming source counts by link category,Cards count as contextual discovery; footer/nav excluded.
/blog/aston-martin-best-workshop-dubai,article,en,INDEX,Choosing an Aston Martin Workshop in Dubai: Owner Guide,3,0,0,2,PRIMARY,NOT ORPHANED,RETAIN existing natural relationships,NO,Rendered distinct incoming source counts by link category,Cards count as contextual discovery; footer/nav excluded.
/blog/aston-martin-db11-service-dubai-guide,article,en,INDEX,Aston Martin DB11 Service in Dubai: Owner Guide,4,0,0,2,PRIMARY,NOT ORPHANED,RETAIN existing natural relationships,NO,Rendered distinct incoming source counts by link category,Cards count as contextual discovery; footer/nav excluded.
/blog/audi-maintenance-guide-dubai,article,en,INDEX,Audi Maintenance Guide for Dubai Owners,3,0,0,2,PRIMARY,NOT ORPHANED,RETAIN existing natural relationships,NO,Rendered distinct incoming source counts by link category,Cards count as contextual discovery; footer/nav excluded.
/blog/audi-q7-service-dubai-guide,article,en,INDEX,Audi Q7 Service in Dubai: Owner Maintenance Guide,3,0,0,2,PRIMARY,NOT ORPHANED,RETAIN existing natural relationships,NO,Rendered distinct incoming source counts by link category,Cards count as contextual discovery; footer/nav excluded.
/blog/audi-rs-service-dubai-guide,article,en,INDEX,Audi RS Service in Dubai: Maintenance for RS and S Models,6,0,0,2,PRIMARY,NOT ORPHANED,RETAIN existing natural relationships,NO,Rendered distinct incoming source counts by link category,Cards count as contextual discovery; footer/nav excluded.
/blog/bentley-best-workshop-dubai,article,en,INDEX,Choosing an independent Bentley workshop,3,0,0,2,PRIMARY,NOT ORPHANED,RETAIN existing natural relationships,NO,Rendered distinct incoming source counts by link category,Cards count as contextual discovery; footer/nav excluded.
/blog/bentley-continental-gt-service-dubai-guide,article,en,INDEX,Bentley model-specific service planning,3,0,0,2,PRIMARY,NOT ORPHANED,RETAIN existing natural relationships,NO,Rendered distinct incoming source counts by link category,Cards count as contextual discovery; footer/nav excluded.
/blog/best-car-workshop-dubai,article,en,INDEX,How to Choose a Car Workshop in Dubai (2026 Guide),4,0,0,2,PRIMARY,NOT ORPHANED,RETAIN existing natural relationships,NO,Rendered distinct incoming source counts by link category,Cards count as contextual discovery; footer/nav excluded.
/blog/best-defender-workshop-dubai,article,en,INDEX,Defender Accident Repair in Dubai: A Real Workshop Case Study,7,0,0,2,PRIMARY,NOT ORPHANED,RETAIN existing natural relationships,NO,Rendered distinct incoming source counts by link category,Cards count as contextual discovery; footer/nav excluded.
/blog/best-oil-change-dubai-mercedes,article,en,INDEX,Answer How to Choose a Mercedes Oil Change in Dubai,11,0,0,2,PRIMARY,NOT ORPHANED,RETAIN existing natural relationships,NO,Rendered distinct incoming source counts by link category,Cards count as contextual discovery; footer/nav excluded.
/blog/bmw-m-service-dubai-guide,article,en,INDEX,BMW M Service Dubai,4,0,0,2,PRIMARY,NOT ORPHANED,RETAIN existing natural relationships,NO,Rendered distinct incoming source counts by link category,Cards count as contextual discovery; footer/nav excluded.
/blog/bmw-maintenance-guide-dubai,article,en,INDEX,Maintenance planning,3,0,0,2,PRIMARY,NOT ORPHANED,RETAIN existing natural relationships,NO,Rendered distinct incoming source counts by link category,Cards count as contextual discovery; footer/nav excluded.
/blog/bmw-x5-service-dubai-guide,article,en,INDEX,BMW X5 Service Dubai,3,0,0,2,PRIMARY,NOT ORPHANED,RETAIN existing natural relationships,NO,Rendered distinct incoming source counts by link category,Cards count as contextual discovery; footer/nav excluded.
/blog/brake-repair-dubai,article,en,INDEX,"Supporting brake — supporting information, not a new symptom owner",10,0,0,2,PRIMARY,NOT ORPHANED,RETAIN existing natural relationships,NO,Rendered distinct incoming source counts by link category,Cards count as contextual discovery; footer/nav excluded.
/blog/cadillac-best-workshop-dubai,article,en,INDEX,Choosing a Cadillac Workshop in Dubai: Owner Guide,2,0,0,2,PRIMARY,NOT ORPHANED,RETAIN existing natural relationships,NO,Rendered distinct incoming source counts by link category,Cards count as contextual discovery; footer/nav excluded.
/blog/car-ac-not-cold-dubai-causes,article,en,INDEX,AC cooling / airflow — symptom explanation and next step,3,0,0,2,PRIMARY,NOT ORPHANED,RETAIN existing natural relationships,NO,Rendered distinct incoming source counts by link category,Cards count as contextual discovery; footer/nav excluded.
/blog/car-ac-repair-dubai,article,en,INDEX,"Supporting AC — supporting information, not a new symptom owner",11,0,0,2,PRIMARY,NOT ORPHANED,RETAIN existing natural relationships,NO,Rendered distinct incoming source counts by link category,Cards count as contextual discovery; footer/nav excluded.
/blog/car-battery-life-dubai-heat,article,en,INDEX,"Battery drain — supporting information, not a new symptom owner",3,0,0,2,PRIMARY,NOT ORPHANED,RETAIN existing natural relationships,NO,Rendered distinct incoming source counts by link category,Cards count as contextual discovery; footer/nav excluded.
/blog/car-battery-replacement-dubai,article,en,INDEX,"Supporting battery — supporting information, not a new symptom owner",7,0,0,2,PRIMARY,NOT ORPHANED,RETAIN existing natural relationships,NO,Rendered distinct incoming source counts by link category,Cards count as contextual discovery; footer/nav excluded.
/blog/car-service-cost-dubai-luxury-brands,article,en,INDEX,What Drives Car Service Cost in Dubai for Luxury Brands,19,0,0,2,PRIMARY,NOT ORPHANED,RETAIN existing natural relationships,NO,Rendered distinct incoming source counts by link category,Cards count as contextual discovery; footer/nav excluded.
/blog/car-service-interval-dubai-heat,article,en,INDEX,Car Service Intervals in Dubai: Why Heat Changes the Rules,19,0,0,2,PRIMARY,NOT ORPHANED,RETAIN existing natural relationships,NO,Rendered distinct incoming source counts by link category,Cards count as contextual discovery; footer/nav excluded.
/blog/ceramic-coating-vs-ppf-dubai,article,en,INDEX,Compare physical film and surface coating before selecting service,6,0,0,2,PRIMARY,NOT ORPHANED,RETAIN existing natural relationships,NO,Rendered distinct incoming source counts by link category,Cards count as contextual discovery; footer/nav excluded.
/blog/check-engine-light-dubai-guide,article,en,INDEX,Check-engine warning — symptom explanation and next step,5,0,0,2,PRIMARY,NOT ORPHANED,RETAIN existing natural relationships,NO,Rendered distinct incoming source counts by link category,Cards count as contextual discovery; footer/nav excluded.
/blog/chevrolet-best-workshop-dubai,article,en,INDEX,Choosing a Chevrolet Workshop in Dubai: Owner Guide,2,0,0,2,PRIMARY,NOT ORPHANED,RETAIN existing natural relationships,NO,Rendered distinct incoming source counts by link category,Cards count as contextual discovery; footer/nav excluded.
/blog/dealer-vs-independent-workshop-dubai,article,en,INDEX,Dealer or Independent Workshop in Dubai: How to Choose,24,0,0,2,PRIMARY,NOT ORPHANED,RETAIN existing natural relationships,NO,Rendered distinct incoming source counts by link category,Cards count as contextual discovery; footer/nav excluded.
/blog/defender-service-dubai-guide,article,en,INDEX,Land Rover Defender Service in Dubai: Owner Guide,3,0,0,2,PRIMARY,NOT ORPHANED,RETAIN existing natural relationships,NO,Rendered distinct incoming source counts by link category,Cards count as contextual discovery; footer/nav excluded.
/blog/ecu-remap-safe-dubai-guide,article,en,INDEX,Is ECU Remapping Safe in Dubai? An Honest Guide,3,0,0,2,PRIMARY,NOT ORPHANED,RETAIN existing natural relationships,NO,Rendered distinct incoming source counts by link category,Cards count as contextual discovery; footer/nav excluded.
/blog/engine-overheating-dubai-what-to-do,article,en,INDEX,Overheating — symptom explanation and next step,4,0,0,2,PRIMARY,NOT ORPHANED,RETAIN existing natural relationships,NO,Rendered distinct incoming source counts by link category,Cards count as contextual discovery; footer/nav excluded.
/blog/ferrari-488-service-dubai-guide,article,en,INDEX,Ferrari 488 Service Dubai,6,0,0,2,PRIMARY,NOT ORPHANED,RETAIN existing natural relationships,NO,Rendered distinct incoming source counts by link category,Cards count as contextual discovery; footer/nav excluded.
/blog/ferrari-maintenance-guide-dubai,article,en,INDEX,Ferrari schedule and cost planning,17,0,0,2,PRIMARY,NOT ORPHANED,RETAIN existing natural relationships,NO,Rendered distinct incoming source counts by link category,Cards count as contextual discovery; footer/nav excluded.
/blog/ford-best-workshop-dubai,article,en,INDEX,Choosing a Ford Workshop in Dubai: Owner Guide,2,0,0,2,PRIMARY,NOT ORPHANED,RETAIN existing natural relationships,NO,Rendered distinct incoming source counts by link category,Cards count as contextual discovery; footer/nav excluded.
/blog/g63-to-brabus-g800-conversion-dubai,article,en,INDEX,G63 to BRABUS G 800-Style Conversion in Dubai: Before & After,7,0,0,2,PRIMARY,NOT ORPHANED,RETAIN existing natural relationships,NO,Rendered distinct incoming source counts by link category,Cards count as contextual discovery; footer/nav excluded.
/blog/gad-tuning-explained,article,en,INDEX,GAD Tuning: Questions to Ask Before an ECU Project,4,0,0,2,PRIMARY,NOT ORPHANED,RETAIN existing natural relationships,NO,Rendered distinct incoming source counts by link category,Cards count as contextual discovery; footer/nav excluded.
/blog/how-much-is-my-mercedes-worth-dubai,article,en,INDEX,How Much Is My Mercedes Worth in Dubai?,3,0,0,2,PRIMARY,NOT ORPHANED,RETAIN existing natural relationships,NO,Rendered distinct incoming source counts by link category,Cards count as contextual discovery; footer/nav excluded.
/blog/jaguar-best-workshop-dubai,article,en,INDEX,Choosing a Jaguar Workshop in Dubai: Owner Guide,2,0,0,2,PRIMARY,NOT ORPHANED,RETAIN existing natural relationships,NO,Rendered distinct incoming source counts by link category,Cards count as contextual discovery; footer/nav excluded.
/blog/lamborghini-maintenance-guide-dubai,article,en,INDEX,Lamborghini schedule and cost planning,3,0,0,2,PRIMARY,NOT ORPHANED,RETAIN existing natural relationships,NO,Rendered distinct incoming source counts by link category,Cards count as contextual discovery; footer/nav excluded.
/blog/lamborghini-urus-service-dubai-guide,article,en,INDEX,Lamborghini Urus Service Dubai,3,0,0,2,PRIMARY,NOT ORPHANED,RETAIN existing natural relationships,NO,Rendered distinct incoming source counts by link category,Cards count as contextual discovery; footer/nav excluded.
/blog/land-rover-best-workshop-dubai,article,en,INDEX,Choosing a Land Rover Workshop in Dubai: Owner Guide,2,0,0,2,PRIMARY,NOT ORPHANED,RETAIN existing natural relationships,NO,Rendered distinct incoming source counts by link category,Cards count as contextual discovery; footer/nav excluded.
/blog/maserati-best-workshop-dubai,article,en,INDEX,Choosing a Maserati Workshop in Dubai: Owner Guide,2,0,0,2,PRIMARY,NOT ORPHANED,RETAIN existing natural relationships,NO,Rendered distinct incoming source counts by link category,Cards count as contextual discovery; footer/nav excluded.
/blog/maybach-best-workshop-dubai,article,en,INDEX,Choosing an independent Maybach workshop,2,0,0,2,PRIMARY,NOT ORPHANED,RETAIN existing natural relationships,NO,Rendered distinct incoming source counts by link category,Cards count as contextual discovery; footer/nav excluded.
/blog/maybach-s580-service-dubai-guide,article,en,INDEX,Maybach model-specific service planning,3,0,0,2,PRIMARY,NOT ORPHANED,RETAIN existing natural relationships,NO,Rendered distinct incoming source counts by link category,Cards count as contextual discovery; footer/nav excluded.
/blog/mclaren-720s-service-dubai-guide,article,en,INDEX,McLaren 720S Service in Dubai: Owner Maintenance Guide,2,0,0,2,PRIMARY,NOT ORPHANED,RETAIN existing natural relationships,NO,Rendered distinct incoming source counts by link category,Cards count as contextual discovery; footer/nav excluded.
/blog/mclaren-best-workshop-dubai,article,en,INDEX,Choosing a McLaren Workshop in Dubai: Owner Guide,3,0,0,2,PRIMARY,NOT ORPHANED,RETAIN existing natural relationships,NO,Rendered distinct incoming source counts by link category,Cards count as contextual discovery; footer/nav excluded.
/blog/mercedes-amg-gt-black-series-1300hp-build-dubai,article,en,INDEX,"Mercedes-AMG GT Black Series: 730 HP to 1,300 HP Custom Build",5,0,0,2,PRIMARY,NOT ORPHANED,RETAIN existing natural relationships,NO,Rendered distinct incoming source counts by link category,Cards count as contextual discovery; footer/nav excluded.
/blog/mercedes-amg-gt-tuning-dubai,article,en,INDEX,Mercedes-AMG GT Tuning in Dubai: A Complete Upgrade Guide,6,0,0,2,PRIMARY,NOT ORPHANED,RETAIN existing natural relationships,NO,Rendered distinct incoming source counts by link category,Cards count as contextual discovery; footer/nav excluded.
/blog/mercedes-benz-maintenance-guide-dubai,article,en,INDEX,Answer Mercedes-Benz Maintenance Planning for Dubai Owners,12,0,0,2,PRIMARY,NOT ORPHANED,RETAIN existing natural relationships,NO,Rendered distinct incoming source counts by link category,Cards count as contextual discovery; footer/nav excluded.
/blog/mercedes-c-class-service-dubai-guide,service,en,INDEX,Plan service/repair for Mercedes C-Class Service & Repair Dubai,21,1,0,2,PRIMARY,NOT ORPHANED,RETAIN existing natural relationships,NO,Rendered distinct incoming source counts by link category,Cards count as contextual discovery; footer/nav excluded.
/blog/mercedes-e-class-service-dubai-guide,service,en,INDEX,Plan service/repair for Mercedes E-Class Service & Repair Dubai,25,1,0,2,PRIMARY,NOT ORPHANED,RETAIN existing natural relationships,NO,Rendered distinct incoming source counts by link category,Cards count as contextual discovery; footer/nav excluded.
/blog/mercedes-g63-service-dubai-guide,service,en,INDEX,Plan service/repair for Mercedes-AMG G63 Service & Repair Dubai,12,1,0,2,PRIMARY,NOT ORPHANED,RETAIN existing natural relationships,NO,Rendered distinct incoming source counts by link category,Cards count as contextual discovery; footer/nav excluded.
/blog/mercedes-repair-dubai-complete-guide,article,en,INDEX,Answer Mercedes Warning Signs in Dubai: An Owner’s Guide,5,0,0,2,PRIMARY,NOT ORPHANED,RETAIN existing natural relationships,NO,Rendered distinct incoming source counts by link category,Cards count as contextual discovery; footer/nav excluded.
/blog/mercedes-s-class-service-dubai-guide,service,en,INDEX,Plan service/repair for Mercedes S-Class Service & Repair Dubai,26,1,0,2,PRIMARY,NOT ORPHANED,RETAIN existing natural relationships,NO,Rendered distinct incoming source counts by link category,Cards count as contextual discovery; footer/nav excluded.
/blog/mercedes-service-cost-dubai-guide,article,en,INDEX,Answer Mercedes Service Cost in Dubai: Service A & B Scope,11,0,0,2,PRIMARY,NOT ORPHANED,RETAIN existing natural relationships,NO,Rendered distinct incoming source counts by link category,Cards count as contextual discovery; footer/nav excluded.
/blog/mercedes-service-intervals-dubai-heat,article,en,INDEX,Answer Mercedes Service Intervals & ASSYST in Dubai,12,0,0,2,PRIMARY,NOT ORPHANED,RETAIN existing natural relationships,NO,Rendered distinct incoming source counts by link category,Cards count as contextual discovery; footer/nav excluded.
/blog/mini-best-workshop-dubai,article,en,INDEX,Choosing a MINI Workshop in Dubai: Owner Guide,2,0,0,2,PRIMARY,NOT ORPHANED,RETAIN existing natural relationships,NO,Rendered distinct incoming source counts by link category,Cards count as contextual discovery; footer/nav excluded.
/blog/oil-specification-guide-dubai-luxury,article,en,INDEX,Engine Oil Specifications in Dubai: Choosing Correctly,3,0,0,2,PRIMARY,NOT ORPHANED,RETAIN existing natural relationships,NO,Rendered distinct incoming source counts by link category,Cards count as contextual discovery; footer/nav excluded.
/blog/porsche-911-service-dubai-guide,article,en,INDEX,Porsche 911 Service & Repair Dubai,45,0,3,2,PRIMARY,NOT ORPHANED,RETAIN existing natural relationships,NO,Rendered distinct incoming source counts by link category,Cards count as contextual discovery; footer/nav excluded.
/blog/porsche-cayenne-service-dubai-guide,article,en,INDEX,Porsche Cayenne Service & Repair Dubai,45,0,0,2,PRIMARY,NOT ORPHANED,RETAIN existing natural relationships,NO,Rendered distinct incoming source counts by link category,Cards count as contextual discovery; footer/nav excluded.
/blog/porsche-maintenance-guide-dubai,article,en,INDEX,Porsche maintenance planning,11,0,20,2,PRIMARY,NOT ORPHANED,RETAIN existing natural relationships,NO,Rendered distinct incoming source counts by link category,Cards count as contextual discovery; footer/nav excluded.
/blog/porsche-panamera-service-dubai-guide,article,en,INDEX,Porsche Panamera Service & Repair Dubai,42,0,0,2,PRIMARY,NOT ORPHANED,RETAIN existing natural relationships,NO,Rendered distinct incoming source counts by link category,Cards count as contextual discovery; footer/nav excluded.
/blog/pre-purchase-inspection-dubai-guide,article,en,INDEX,Pre-Purchase Inspection in Dubai: What It Should Cover,4,0,0,2,PRIMARY,NOT ORPHANED,RETAIN existing natural relationships,NO,Rendered distinct incoming source counts by link category,Cards count as contextual discovery; footer/nav excluded.
/blog/range-rover-land-rover-air-suspension-problems-dubai,article,en,INDEX,Range Rover & Land Rover Air Suspension Problems in Dubai,7,0,0,2,PRIMARY,NOT ORPHANED,RETAIN existing natural relationships,NO,Rendered distinct incoming source counts by link category,Cards count as contextual discovery; footer/nav excluded.
/blog/range-rover-maintenance-guide-dubai,article,en,INDEX,Range Rover Maintenance Guide for Dubai Owners,2,0,0,2,PRIMARY,NOT ORPHANED,RETAIN existing natural relationships,NO,Rendered distinct incoming source counts by link category,Cards count as contextual discovery; footer/nav excluded.
/blog/range-rover-sport-service-dubai-guide,article,en,INDEX,Range Rover Sport Service in Dubai: What to Watch,4,0,0,2,PRIMARY,NOT ORPHANED,RETAIN existing natural relationships,NO,Rendered distinct incoming source counts by link category,Cards count as contextual discovery; footer/nav excluded.
/blog/range-rover-vogue-service-dubai-guide,article,en,INDEX,Range Rover Vogue Service in Dubai: Owner Guide,3,0,0,2,PRIMARY,NOT ORPHANED,RETAIN existing natural relationships,NO,Rendered distinct incoming source counts by link category,Cards count as contextual discovery; footer/nav excluded.
/blog/rolls-royce-best-workshop-dubai,article,en,INDEX,Choosing an independent Rolls-Royce workshop,17,0,0,2,PRIMARY,NOT ORPHANED,RETAIN existing natural relationships,NO,Rendered distinct incoming source counts by link category,Cards count as contextual discovery; footer/nav excluded.
/blog/rolls-royce-ghost-service-dubai-guide,article,en,INDEX,Rolls-Royce model-specific service planning,17,0,0,2,PRIMARY,NOT ORPHANED,RETAIN existing natural relationships,NO,Rendered distinct incoming source counts by link category,Cards count as contextual discovery; footer/nav excluded.
/blog/summer-car-preparation-dubai-checklist,article,en,INDEX,"Supporting seasonal checks — supporting information, not a new symptom owner",2,0,0,2,PRIMARY,NOT ORPHANED,RETAIN existing natural relationships,NO,Rendered distinct incoming source counts by link category,Cards count as contextual discovery; footer/nav excluded.
/blog/transmission-service-7g-9g-dubai,article,en,INDEX,"Supporting transmission — supporting information, not a new symptom owner",4,0,0,2,PRIMARY,NOT ORPHANED,RETAIN existing natural relationships,NO,Rendered distinct incoming source counts by link category,Cards count as contextual discovery; footer/nav excluded.
/blog/volkswagen-best-workshop-dubai,article,en,INDEX,Choosing a Volkswagen Workshop in Dubai: Owner Guide,2,0,0,2,PRIMARY,NOT ORPHANED,RETAIN existing natural relationships,NO,Rendered distinct incoming source counts by link category,Cards count as contextual discovery; footer/nav excluded.
/blog/why-ceramic-coating-matters-uae,article,en,INDEX,Understand coating preparation and care,3,0,0,2,PRIMARY,NOT ORPHANED,RETAIN existing natural relationships,NO,Rendered distinct incoming source counts by link category,Cards count as contextual discovery; footer/nav excluded.
/brands,brands-hub,en,INDEX,Luxury & Performance Car Brands,3,675,470,1,PRIMARY,NOT ORPHANED,RETAIN existing natural relationships,NO,Rendered distinct incoming source counts by link category,Cards count as contextual discovery; footer/nav excluded.
/brands/aston-martin-service-dubai,brand,en,INDEX,Aston Martin Service & Repair Dubai,40,0,14,1,PRIMARY,NOT ORPHANED,RETAIN existing natural relationships,NO,Rendered distinct incoming source counts by link category,Cards count as contextual discovery; footer/nav excluded.
/brands/aston-martin-service-dubai/ac-repair,brand-service,en,INDEX,Aston Martin AC Repair Dubai,14,0,0,2,PRIMARY,NOT ORPHANED,RETAIN existing natural relationships,NO,Rendered distinct incoming source counts by link category,Cards count as contextual discovery; footer/nav excluded.
/brands/aston-martin-service-dubai/battery-replacement,brand-service,en,INDEX,Aston Martin Battery Replacement Dubai,14,0,0,2,PRIMARY,NOT ORPHANED,RETAIN existing natural relationships,NO,Rendered distinct incoming source counts by link category,Cards count as contextual discovery; footer/nav excluded.
/brands/aston-martin-service-dubai/body-repair,brand-service,en,INDEX,"Commercial repair: dents, damaged paint, refinishing and collision work",14,0,0,2,PRIMARY,NOT ORPHANED,RETAIN existing natural relationships,NO,Rendered distinct incoming source counts by link category,Cards count as contextual discovery; footer/nav excluded.
/brands/aston-martin-service-dubai/brake-repair,brand-service,en,INDEX,Aston Martin Brake Repair Dubai,16,0,0,2,PRIMARY,NOT ORPHANED,RETAIN existing natural relationships,NO,Rendered distinct incoming source counts by link category,Cards count as contextual discovery; footer/nav excluded.
/brands/aston-martin-service-dubai/electrical-repair,brand-service,en,INDEX,Aston Martin Electrical Repair Dubai,14,0,0,2,PRIMARY,NOT ORPHANED,RETAIN existing natural relationships,NO,Rendered distinct incoming source counts by link category,Cards count as contextual discovery; footer/nav excluded.
/brands/aston-martin-service-dubai/engine-diagnostics,brand-service,en,INDEX,Aston Martin Engine Diagnostics Dubai,15,0,0,2,PRIMARY,NOT ORPHANED,RETAIN existing natural relationships,NO,Rendered distinct incoming source counts by link category,Cards count as contextual discovery; footer/nav excluded.
/brands/aston-martin-service-dubai/exhaust-repair,brand-service,en,INDEX,Aston Martin Exhaust Repair Dubai,14,0,0,2,PRIMARY,NOT ORPHANED,RETAIN existing natural relationships,NO,Rendered distinct incoming source counts by link category,Cards count as contextual discovery; footer/nav excluded.
/brands/aston-martin-service-dubai/fuel-system-repair,brand-service,en,INDEX,Aston Martin Fuel System Repair Dubai,14,0,0,2,PRIMARY,NOT ORPHANED,RETAIN existing natural relationships,NO,Rendered distinct incoming source counts by link category,Cards count as contextual discovery; footer/nav excluded.
/brands/aston-martin-service-dubai/mechanical-repair,brand-service,en,INDEX,Aston Martin Engine & Mechanical Repair Dubai,14,0,0,2,PRIMARY,NOT ORPHANED,RETAIN existing natural relationships,NO,Rendered distinct incoming source counts by link category,Cards count as contextual discovery; footer/nav excluded.
/brands/aston-martin-service-dubai/oil-change,brand-service,en,INDEX,Aston Martin Oil Change Dubai,14,0,0,2,PRIMARY,NOT ORPHANED,RETAIN existing natural relationships,NO,Rendered distinct incoming source counts by link category,Cards count as contextual discovery; footer/nav excluded.
/brands/aston-martin-service-dubai/steering-repair,brand-service,en,INDEX,Aston Martin Steering Repair Dubai,14,0,0,2,PRIMARY,NOT ORPHANED,RETAIN existing natural relationships,NO,Rendered distinct incoming source counts by link category,Cards count as contextual discovery; footer/nav excluded.
/brands/aston-martin-service-dubai/suspension-repair,brand-service,en,INDEX,Aston Martin Suspension Repair Dubai,14,0,0,2,PRIMARY,NOT ORPHANED,RETAIN existing natural relationships,NO,Rendered distinct incoming source counts by link category,Cards count as contextual discovery; footer/nav excluded.
/brands/aston-martin-service-dubai/tire-repair,brand-service,en,INDEX,Aston Martin Tyre Repair Dubai,14,0,0,2,PRIMARY,NOT ORPHANED,RETAIN existing natural relationships,NO,Rendered distinct incoming source counts by link category,Cards count as contextual discovery; footer/nav excluded.
/brands/aston-martin-service-dubai/transmission-repair,brand-service,en,INDEX,Aston Martin Transmission Repair Dubai,15,0,0,2,PRIMARY,NOT ORPHANED,RETAIN existing natural relationships,NO,Rendered distinct incoming source counts by link category,Cards count as contextual discovery; footer/nav excluded.
/brands/audi-service-dubai,brand,en,INDEX,Audi Service & Repair Dubai,62,0,22,1,PRIMARY,NOT ORPHANED,RETAIN existing natural relationships,NO,Rendered distinct incoming source counts by link category,Cards count as contextual discovery; footer/nav excluded.
/brands/audi-service-dubai/a4,service,en,INDEX,Audi A4 Service & Repair Dubai,3,0,0,2,PRIMARY,NOT ORPHANED,RETAIN existing natural relationships,NO,Rendered distinct incoming source counts by link category,Cards count as contextual discovery; footer/nav excluded.
/brands/audi-service-dubai/a6,service,en,INDEX,Audi A6 Service & Repair Dubai,3,0,0,2,PRIMARY,NOT ORPHANED,RETAIN existing natural relationships,NO,Rendered distinct incoming source counts by link category,Cards count as contextual discovery; footer/nav excluded.
/brands/audi-service-dubai/ac-repair,brand-service,en,INDEX,Audi AC Repair Dubai,22,0,0,2,PRIMARY,NOT ORPHANED,RETAIN existing natural relationships,NO,Rendered distinct incoming source counts by link category,Cards count as contextual discovery; footer/nav excluded.
/brands/audi-service-dubai/battery-replacement,brand-service,en,INDEX,Audi Battery Replacement Dubai,14,0,0,2,PRIMARY,NOT ORPHANED,RETAIN existing natural relationships,NO,Rendered distinct incoming source counts by link category,Cards count as contextual discovery; footer/nav excluded.
/brands/audi-service-dubai/body-repair,brand-service,en,INDEX,"Commercial repair: dents, damaged paint, refinishing and collision work",14,0,0,2,PRIMARY,NOT ORPHANED,RETAIN existing natural relationships,NO,Rendered distinct incoming source counts by link category,Cards count as contextual discovery; footer/nav excluded.
/brands/audi-service-dubai/brake-repair,brand-service,en,INDEX,Audi Brake Repair Dubai,14,0,0,2,PRIMARY,NOT ORPHANED,RETAIN existing natural relationships,NO,Rendered distinct incoming source counts by link category,Cards count as contextual discovery; footer/nav excluded.
/brands/audi-service-dubai/electrical-repair,brand-service,en,INDEX,Audi Electrical Repair Dubai,14,0,0,2,PRIMARY,NOT ORPHANED,RETAIN existing natural relationships,NO,Rendered distinct incoming source counts by link category,Cards count as contextual discovery; footer/nav excluded.
/brands/audi-service-dubai/engine-diagnostics,brand-service,en,INDEX,Audi Engine Diagnostics Dubai,22,0,0,2,PRIMARY,NOT ORPHANED,RETAIN existing natural relationships,NO,Rendered distinct incoming source counts by link category,Cards count as contextual discovery; footer/nav excluded.
/brands/audi-service-dubai/exhaust-repair,brand-service,en,INDEX,Audi Exhaust Repair Dubai,14,0,0,2,PRIMARY,NOT ORPHANED,RETAIN existing natural relationships,NO,Rendered distinct incoming source counts by link category,Cards count as contextual discovery; footer/nav excluded.
/brands/audi-service-dubai/fuel-system-repair,brand-service,en,INDEX,Audi Fuel System Repair Dubai,14,0,0,2,PRIMARY,NOT ORPHANED,RETAIN existing natural relationships,NO,Rendered distinct incoming source counts by link category,Cards count as contextual discovery; footer/nav excluded.
/brands/audi-service-dubai/mechanical-repair,brand-service,en,INDEX,Audi Mechanical Repair Dubai,14,0,0,2,PRIMARY,NOT ORPHANED,RETAIN existing natural relationships,NO,Rendered distinct incoming source counts by link category,Cards count as contextual discovery; footer/nav excluded.
/brands/audi-service-dubai/oil-change,brand-service,en,INDEX,Audi Oil Change Dubai,14,0,0,2,PRIMARY,NOT ORPHANED,RETAIN existing natural relationships,NO,Rendered distinct incoming source counts by link category,Cards count as contextual discovery; footer/nav excluded.
/brands/audi-service-dubai/q5,service,en,INDEX,Audi Q5 Service & Repair Dubai,4,0,0,2,PRIMARY,NOT ORPHANED,RETAIN existing natural relationships,NO,Rendered distinct incoming source counts by link category,Cards count as contextual discovery; footer/nav excluded.
/brands/audi-service-dubai/q7,service,en,INDEX,Audi Q7 Service & Repair Dubai,4,0,0,2,PRIMARY,NOT ORPHANED,RETAIN existing natural relationships,NO,Rendered distinct incoming source counts by link category,Cards count as contextual discovery; footer/nav excluded.
/brands/audi-service-dubai/q8,service,en,INDEX,Audi Q8 Service & Repair Dubai,4,0,0,2,PRIMARY,NOT ORPHANED,RETAIN existing natural relationships,NO,Rendered distinct incoming source counts by link category,Cards count as contextual discovery; footer/nav excluded.
/brands/audi-service-dubai/r8,service,en,INDEX,Audi R8 Service & Repair Dubai,4,0,0,2,PRIMARY,NOT ORPHANED,RETAIN existing natural relationships,NO,Rendered distinct incoming source counts by link category,Cards count as contextual discovery; footer/nav excluded.
/brands/audi-service-dubai/rs3,service,en,INDEX,Audi RS3 Service & Repair Dubai,4,0,0,2,PRIMARY,NOT ORPHANED,RETAIN existing natural relationships,NO,Rendered distinct incoming source counts by link category,Cards count as contextual discovery; footer/nav excluded.
/brands/audi-service-dubai/rs6,service,en,INDEX,Audi RS6 Service & Repair Dubai,4,0,0,2,PRIMARY,NOT ORPHANED,RETAIN existing natural relationships,NO,Rendered distinct incoming source counts by link category,Cards count as contextual discovery; footer/nav excluded.
/brands/audi-service-dubai/steering-repair,brand-service,en,INDEX,Audi Steering Repair Dubai,14,0,0,2,PRIMARY,NOT ORPHANED,RETAIN existing natural relationships,NO,Rendered distinct incoming source counts by link category,Cards count as contextual discovery; footer/nav excluded.
/brands/audi-service-dubai/suspension-repair,brand-service,en,INDEX,Audi Suspension Repair Dubai,23,0,0,2,PRIMARY,NOT ORPHANED,RETAIN existing natural relationships,NO,Rendered distinct incoming source counts by link category,Cards count as contextual discovery; footer/nav excluded.
/brands/audi-service-dubai/tire-repair,brand-service,en,INDEX,Audi Tyre Repair Dubai,14,0,0,2,PRIMARY,NOT ORPHANED,RETAIN existing natural relationships,NO,Rendered distinct incoming source counts by link category,Cards count as contextual discovery; footer/nav excluded.
/brands/audi-service-dubai/transmission-repair,brand-service,en,INDEX,Audi Transmission Repair Dubai,23,0,0,2,PRIMARY,NOT ORPHANED,RETAIN existing natural relationships,NO,Rendered distinct incoming source counts by link category,Cards count as contextual discovery; footer/nav excluded.
/brands/bentley-service-dubai,brand,en,INDEX,Bentley service and repair discovery,54,0,14,1,PRIMARY,NOT ORPHANED,RETAIN existing natural relationships,NO,Rendered distinct incoming source counts by link category,Cards count as contextual discovery; footer/nav excluded.
/brands/bentley-service-dubai/ac-repair,brand-service,en,INDEX,Bentley AC Repair Dubai,14,0,0,2,PRIMARY,NOT ORPHANED,RETAIN existing natural relationships,NO,Rendered distinct incoming source counts by link category,Cards count as contextual discovery; footer/nav excluded.
/brands/bentley-service-dubai/battery-replacement,brand-service,en,INDEX,Bentley Battery Replacement Dubai,14,0,0,2,PRIMARY,NOT ORPHANED,RETAIN existing natural relationships,NO,Rendered distinct incoming source counts by link category,Cards count as contextual discovery; footer/nav excluded.
/brands/bentley-service-dubai/body-repair,brand-service,en,INDEX,"Commercial repair: dents, damaged paint, refinishing and collision work",14,0,0,2,PRIMARY,NOT ORPHANED,RETAIN existing natural relationships,NO,Rendered distinct incoming source counts by link category,Cards count as contextual discovery; footer/nav excluded.
/brands/bentley-service-dubai/brake-repair,brand-service,en,INDEX,Bentley Brake Repair Dubai,14,0,0,2,PRIMARY,NOT ORPHANED,RETAIN existing natural relationships,NO,Rendered distinct incoming source counts by link category,Cards count as contextual discovery; footer/nav excluded.
/brands/bentley-service-dubai/electrical-repair,brand-service,en,INDEX,Bentley Electrical Repair Dubai,15,1,0,2,PRIMARY,NOT ORPHANED,RETAIN existing natural relationships,NO,Rendered distinct incoming source counts by link category,Cards count as contextual discovery; footer/nav excluded.
/brands/bentley-service-dubai/engine-diagnostics,brand-service,en,INDEX,Bentley Engine Diagnostics Dubai,14,0,0,2,PRIMARY,NOT ORPHANED,RETAIN existing natural relationships,NO,Rendered distinct incoming source counts by link category,Cards count as contextual discovery; footer/nav excluded.
/brands/bentley-service-dubai/exhaust-repair,brand-service,en,INDEX,Bentley Exhaust Repair Dubai,14,0,0,2,PRIMARY,NOT ORPHANED,RETAIN existing natural relationships,NO,Rendered distinct incoming source counts by link category,Cards count as contextual discovery; footer/nav excluded.
/brands/bentley-service-dubai/fuel-system-repair,brand-service,en,INDEX,Bentley Fuel System Repair Dubai,14,0,0,2,PRIMARY,NOT ORPHANED,RETAIN existing natural relationships,NO,Rendered distinct incoming source counts by link category,Cards count as contextual discovery; footer/nav excluded.
/brands/bentley-service-dubai/mechanical-repair,brand-service,en,INDEX,Bentley Mechanical Repair Dubai,14,0,0,2,PRIMARY,NOT ORPHANED,RETAIN existing natural relationships,NO,Rendered distinct incoming source counts by link category,Cards count as contextual discovery; footer/nav excluded.
/brands/bentley-service-dubai/oil-change,brand-service,en,INDEX,Bentley Oil Change Dubai,15,0,0,2,PRIMARY,NOT ORPHANED,RETAIN existing natural relationships,NO,Rendered distinct incoming source counts by link category,Cards count as contextual discovery; footer/nav excluded.
/brands/bentley-service-dubai/steering-repair,brand-service,en,INDEX,Bentley Steering Repair Dubai,14,0,0,2,PRIMARY,NOT ORPHANED,RETAIN existing natural relationships,NO,Rendered distinct incoming source counts by link category,Cards count as contextual discovery; footer/nav excluded.
/brands/bentley-service-dubai/suspension-repair,brand-service,en,INDEX,Bentley Suspension Repair Dubai,15,0,0,2,PRIMARY,NOT ORPHANED,RETAIN existing natural relationships,NO,Rendered distinct incoming source counts by link category,Cards count as contextual discovery; footer/nav excluded.
/brands/bentley-service-dubai/tire-repair,brand-service,en,INDEX,Bentley Tyre Repair Dubai,14,0,0,2,PRIMARY,NOT ORPHANED,RETAIN existing natural relationships,NO,Rendered distinct incoming source counts by link category,Cards count as contextual discovery; footer/nav excluded.
/brands/bentley-service-dubai/transmission-repair,brand-service,en,INDEX,Bentley Transmission Repair Dubai,15,0,0,2,PRIMARY,NOT ORPHANED,RETAIN existing natural relationships,NO,Rendered distinct incoming source counts by link category,Cards count as contextual discovery; footer/nav excluded.
/brands/bmw-service-dubai,brand,en,INDEX,BMW service/repair discovery,64,0,21,1,PRIMARY,NOT ORPHANED,RETAIN existing natural relationships,NO,Rendered distinct incoming source counts by link category,Cards count as contextual discovery; footer/nav excluded.
/brands/bmw-service-dubai/3-series,service,en,INDEX,BMW 3 Series Service & Repair Dubai,20,0,0,2,PRIMARY,NOT ORPHANED,RETAIN existing natural relationships,NO,Rendered distinct incoming source counts by link category,Cards count as contextual discovery; footer/nav excluded.
/brands/bmw-service-dubai/5-series,service,en,INDEX,BMW 5 Series Service & Repair Dubai,7,0,0,2,PRIMARY,NOT ORPHANED,RETAIN existing natural relationships,NO,Rendered distinct incoming source counts by link category,Cards count as contextual discovery; footer/nav excluded.
/brands/bmw-service-dubai/ac-repair,brand-service,en,INDEX,BMW AC repair,14,0,0,2,PRIMARY,NOT ORPHANED,RETAIN existing natural relationships,NO,Rendered distinct incoming source counts by link category,Cards count as contextual discovery; footer/nav excluded.
/brands/bmw-service-dubai/battery-replacement,brand-service,en,INDEX,BMW battery assessment,14,0,0,2,PRIMARY,NOT ORPHANED,RETAIN existing natural relationships,NO,Rendered distinct incoming source counts by link category,Cards count as contextual discovery; footer/nav excluded.
/brands/bmw-service-dubai/body-repair,brand-service,en,INDEX,"Commercial repair: dents, damaged paint, refinishing and collision work",14,0,0,2,PRIMARY,NOT ORPHANED,RETAIN existing natural relationships,NO,Rendered distinct incoming source counts by link category,Cards count as contextual discovery; footer/nav excluded.
/brands/bmw-service-dubai/brake-repair,brand-service,en,INDEX,BMW brake repair,16,1,0,2,PRIMARY,NOT ORPHANED,RETAIN existing natural relationships,NO,Rendered distinct incoming source counts by link category,Cards count as contextual discovery; footer/nav excluded.
/brands/bmw-service-dubai/electrical-repair,brand-service,en,INDEX,iDrive/electronics assessment,15,0,0,2,PRIMARY,NOT ORPHANED,RETAIN existing natural relationships,NO,Rendered distinct incoming source counts by link category,Cards count as contextual discovery; footer/nav excluded.
/brands/bmw-service-dubai/engine-diagnostics,brand-service,en,INDEX,BMW diagnostics,28,0,0,2,PRIMARY,NOT ORPHANED,RETAIN existing natural relationships,NO,Rendered distinct incoming source counts by link category,Cards count as contextual discovery; footer/nav excluded.
/brands/bmw-service-dubai/exhaust-repair,brand-service,en,INDEX,BMW exhaust repair,14,0,0,2,PRIMARY,NOT ORPHANED,RETAIN existing natural relationships,NO,Rendered distinct incoming source counts by link category,Cards count as contextual discovery; footer/nav excluded.
/brands/bmw-service-dubai/fuel-system-repair,brand-service,en,INDEX,Commercial Service,14,0,0,2,PRIMARY,NOT ORPHANED,RETAIN existing natural relationships,NO,Rendered distinct incoming source counts by link category,Cards count as contextual discovery; footer/nav excluded.
/brands/bmw-service-dubai/m3,service,en,INDEX,BMW M3 Service & Repair Dubai,18,0,0,2,PRIMARY,NOT ORPHANED,RETAIN existing natural relationships,NO,Rendered distinct incoming source counts by link category,Cards count as contextual discovery; footer/nav excluded.
/brands/bmw-service-dubai/m4,service,en,INDEX,BMW M4 Service & Repair Dubai,1,0,0,2,PRIMARY,WEAK CONTEXTUAL SUPPORT,RETAIN existing natural relationships,NO,Rendered distinct incoming source counts by link category,Cards count as contextual discovery; footer/nav excluded.
/brands/bmw-service-dubai/m5,service,en,INDEX,BMW M5 Service & Repair Dubai,2,0,0,2,PRIMARY,NOT ORPHANED,RETAIN existing natural relationships,NO,Rendered distinct incoming source counts by link category,Cards count as contextual discovery; footer/nav excluded.
/brands/bmw-service-dubai/mechanical-repair,brand-service,en,INDEX,BMW mechanical repair,20,0,0,2,PRIMARY,NOT ORPHANED,RETAIN existing natural relationships,NO,Rendered distinct incoming source counts by link category,Cards count as contextual discovery; footer/nav excluded.
/brands/bmw-service-dubai/oil-change,brand-service,en,INDEX,BMW oil service,21,0,0,2,PRIMARY,NOT ORPHANED,RETAIN existing natural relationships,NO,Rendered distinct incoming source counts by link category,Cards count as contextual discovery; footer/nav excluded.
/brands/bmw-service-dubai/steering-repair,brand-service,en,INDEX,BMW steering repair,14,0,0,2,PRIMARY,NOT ORPHANED,RETAIN existing natural relationships,NO,Rendered distinct incoming source counts by link category,Cards count as contextual discovery; footer/nav excluded.
/brands/bmw-service-dubai/suspension-repair,brand-service,en,INDEX,BMW suspension repair,24,0,0,2,PRIMARY,NOT ORPHANED,RETAIN existing natural relationships,NO,Rendered distinct incoming source counts by link category,Cards count as contextual discovery; footer/nav excluded.
/brands/bmw-service-dubai/tire-repair,brand-service,en,INDEX,BMW tyre/wheel service,14,0,0,2,PRIMARY,NOT ORPHANED,RETAIN existing natural relationships,NO,Rendered distinct incoming source counts by link category,Cards count as contextual discovery; footer/nav excluded.
/brands/bmw-service-dubai/transmission-repair,brand-service,en,INDEX,BMW gearbox repair,26,0,0,2,PRIMARY,NOT ORPHANED,RETAIN existing natural relationships,NO,Rendered distinct incoming source counts by link category,Cards count as contextual discovery; footer/nav excluded.
/brands/bmw-service-dubai/x5,service,en,INDEX,BMW X5 Service & Repair Dubai,21,0,0,2,PRIMARY,NOT ORPHANED,RETAIN existing natural relationships,NO,Rendered distinct incoming source counts by link category,Cards count as contextual discovery; footer/nav excluded.
/brands/bmw-service-dubai/x6,service,en,INDEX,BMW X6 Service & Repair Dubai,8,0,0,2,PRIMARY,NOT ORPHANED,RETAIN existing natural relationships,NO,Rendered distinct incoming source counts by link category,Cards count as contextual discovery; footer/nav excluded.
/brands/bugatti-service-dubai,brand,en,INDEX,Bugatti Repair & Service Dubai,36,0,14,1,PRIMARY,NOT ORPHANED,RETAIN existing natural relationships,NO,Rendered distinct incoming source counts by link category,Cards count as contextual discovery; footer/nav excluded.
/brands/bugatti-service-dubai/ac-repair,brand-service,en,INDEX,Bugatti AC Repair Dubai,14,0,0,2,PRIMARY,NOT ORPHANED,RETAIN existing natural relationships,NO,Rendered distinct incoming source counts by link category,Cards count as contextual discovery; footer/nav excluded.
/brands/bugatti-service-dubai/battery-replacement,brand-service,en,NOINDEX,Bugatti Battery Replacement Dubai,14,0,0,2,SUPPORT / UTILITY,INTENTIONAL SUPPORT PAGE,RETAIN existing natural relationships,NO,Rendered distinct incoming source counts by link category,Cards count as contextual discovery; footer/nav excluded.
/brands/bugatti-service-dubai/body-repair,brand-service,en,NOINDEX,"Commercial repair: dents, damaged paint, refinishing and collision work",14,0,0,2,SUPPORT / UTILITY,INTENTIONAL SUPPORT PAGE,RETAIN existing natural relationships,NO,Rendered distinct incoming source counts by link category,Cards count as contextual discovery; footer/nav excluded.
/brands/bugatti-service-dubai/brake-repair,brand-service,en,INDEX,Bugatti Brake Repair Dubai,14,0,0,2,PRIMARY,NOT ORPHANED,RETAIN existing natural relationships,NO,Rendered distinct incoming source counts by link category,Cards count as contextual discovery; footer/nav excluded.
/brands/bugatti-service-dubai/electrical-repair,brand-service,en,NOINDEX,Bugatti Electrical Repair Dubai,14,0,0,2,SUPPORT / UTILITY,INTENTIONAL SUPPORT PAGE,RETAIN existing natural relationships,NO,Rendered distinct incoming source counts by link category,Cards count as contextual discovery; footer/nav excluded.
/brands/bugatti-service-dubai/engine-diagnostics,brand-service,en,INDEX,Bugatti Engine Diagnostics Dubai,14,0,0,2,PRIMARY,NOT ORPHANED,RETAIN existing natural relationships,NO,Rendered distinct incoming source counts by link category,Cards count as contextual discovery; footer/nav excluded.
/brands/bugatti-service-dubai/exhaust-repair,brand-service,en,NOINDEX,Bugatti Exhaust Repair Dubai,14,0,0,2,SUPPORT / UTILITY,INTENTIONAL SUPPORT PAGE,RETAIN existing natural relationships,NO,Rendered distinct incoming source counts by link category,Cards count as contextual discovery; footer/nav excluded.
/brands/bugatti-service-dubai/fuel-system-repair,brand-service,en,NOINDEX,Bugatti Fuel System Repair Dubai,14,0,0,2,SUPPORT / UTILITY,INTENTIONAL SUPPORT PAGE,RETAIN existing natural relationships,NO,Rendered distinct incoming source counts by link category,Cards count as contextual discovery; footer/nav excluded.
/brands/bugatti-service-dubai/mechanical-repair,brand-service,en,NOINDEX,Bugatti Mechanical Repair Dubai,14,0,0,2,SUPPORT / UTILITY,INTENTIONAL SUPPORT PAGE,RETAIN existing natural relationships,NO,Rendered distinct incoming source counts by link category,Cards count as contextual discovery; footer/nav excluded.
/brands/bugatti-service-dubai/oil-change,brand-service,en,INDEX,Bugatti Oil Change Dubai,14,0,0,2,PRIMARY,NOT ORPHANED,RETAIN existing natural relationships,NO,Rendered distinct incoming source counts by link category,Cards count as contextual discovery; footer/nav excluded.
/brands/bugatti-service-dubai/steering-repair,brand-service,en,NOINDEX,Bugatti Steering Repair Dubai,14,0,0,2,SUPPORT / UTILITY,INTENTIONAL SUPPORT PAGE,RETAIN existing natural relationships,NO,Rendered distinct incoming source counts by link category,Cards count as contextual discovery; footer/nav excluded.
/brands/bugatti-service-dubai/suspension-repair,brand-service,en,NOINDEX,Bugatti Suspension Repair Dubai,14,0,0,2,SUPPORT / UTILITY,INTENTIONAL SUPPORT PAGE,RETAIN existing natural relationships,NO,Rendered distinct incoming source counts by link category,Cards count as contextual discovery; footer/nav excluded.
/brands/bugatti-service-dubai/tire-repair,brand-service,en,NOINDEX,Bugatti Tyre Repair Dubai,14,0,0,2,SUPPORT / UTILITY,INTENTIONAL SUPPORT PAGE,RETAIN existing natural relationships,NO,Rendered distinct incoming source counts by link category,Cards count as contextual discovery; footer/nav excluded.
/brands/bugatti-service-dubai/transmission-repair,brand-service,en,NOINDEX,Bugatti Transmission Repair Dubai,14,0,0,2,SUPPORT / UTILITY,INTENTIONAL SUPPORT PAGE,RETAIN existing natural relationships,NO,Rendered distinct incoming source counts by link category,Cards count as contextual discovery; footer/nav excluded.
/brands/byd-service-dubai,brand,en,INDEX,BYD Repair & Service Dubai,17,0,14,1,PRIMARY,NOT ORPHANED,RETAIN existing natural relationships,NO,Rendered distinct incoming source counts by link category,Cards count as contextual discovery; footer/nav excluded.
/brands/byd-service-dubai/ac-repair,brand-service,en,INDEX,BYD AC Repair Dubai,14,0,0,2,PRIMARY,NOT ORPHANED,RETAIN existing natural relationships,NO,Rendered distinct incoming source counts by link category,Cards count as contextual discovery; footer/nav excluded.
/brands/byd-service-dubai/battery-replacement,brand-service,en,NOINDEX,BYD Battery Replacement Dubai,14,0,0,2,SUPPORT / UTILITY,INTENTIONAL SUPPORT PAGE,RETAIN existing natural relationships,NO,Rendered distinct incoming source counts by link category,Cards count as contextual discovery; footer/nav excluded.
/brands/byd-service-dubai/body-repair,brand-service,en,NOINDEX,"Commercial repair: dents, damaged paint, refinishing and collision work",14,0,0,2,SUPPORT / UTILITY,INTENTIONAL SUPPORT PAGE,RETAIN existing natural relationships,NO,Rendered distinct incoming source counts by link category,Cards count as contextual discovery; footer/nav excluded.
/brands/byd-service-dubai/brake-repair,brand-service,en,INDEX,BYD Brake Repair Dubai,14,0,0,2,PRIMARY,NOT ORPHANED,RETAIN existing natural relationships,NO,Rendered distinct incoming source counts by link category,Cards count as contextual discovery; footer/nav excluded.
/brands/byd-service-dubai/electrical-repair,brand-service,en,NOINDEX,BYD Electrical Repair Dubai,14,0,0,2,SUPPORT / UTILITY,INTENTIONAL SUPPORT PAGE,RETAIN existing natural relationships,NO,Rendered distinct incoming source counts by link category,Cards count as contextual discovery; footer/nav excluded.
/brands/byd-service-dubai/engine-diagnostics,brand-service,en,INDEX,BYD Engine Diagnostics Dubai,14,0,0,2,PRIMARY,NOT ORPHANED,RETAIN existing natural relationships,NO,Rendered distinct incoming source counts by link category,Cards count as contextual discovery; footer/nav excluded.
/brands/byd-service-dubai/exhaust-repair,brand-service,en,NOINDEX,BYD Exhaust Repair Dubai,14,0,0,2,SUPPORT / UTILITY,INTENTIONAL SUPPORT PAGE,RETAIN existing natural relationships,NO,Rendered distinct incoming source counts by link category,Cards count as contextual discovery; footer/nav excluded.
/brands/byd-service-dubai/fuel-system-repair,brand-service,en,NOINDEX,BYD Fuel System Repair Dubai,14,0,0,2,SUPPORT / UTILITY,INTENTIONAL SUPPORT PAGE,RETAIN existing natural relationships,NO,Rendered distinct incoming source counts by link category,Cards count as contextual discovery; footer/nav excluded.
/brands/byd-service-dubai/mechanical-repair,brand-service,en,NOINDEX,BYD Mechanical Repair Dubai,14,0,0,2,SUPPORT / UTILITY,INTENTIONAL SUPPORT PAGE,RETAIN existing natural relationships,NO,Rendered distinct incoming source counts by link category,Cards count as contextual discovery; footer/nav excluded.
/brands/byd-service-dubai/oil-change,brand-service,en,INDEX,BYD Oil Change Dubai,14,0,0,2,PRIMARY,NOT ORPHANED,RETAIN existing natural relationships,NO,Rendered distinct incoming source counts by link category,Cards count as contextual discovery; footer/nav excluded.
/brands/byd-service-dubai/steering-repair,brand-service,en,NOINDEX,BYD Steering Repair Dubai,14,0,0,2,SUPPORT / UTILITY,INTENTIONAL SUPPORT PAGE,RETAIN existing natural relationships,NO,Rendered distinct incoming source counts by link category,Cards count as contextual discovery; footer/nav excluded.
/brands/byd-service-dubai/suspension-repair,brand-service,en,NOINDEX,BYD Suspension Repair Dubai,14,0,0,2,SUPPORT / UTILITY,INTENTIONAL SUPPORT PAGE,RETAIN existing natural relationships,NO,Rendered distinct incoming source counts by link category,Cards count as contextual discovery; footer/nav excluded.
/brands/byd-service-dubai/tire-repair,brand-service,en,NOINDEX,BYD Tyre Repair Dubai,14,0,0,2,SUPPORT / UTILITY,INTENTIONAL SUPPORT PAGE,RETAIN existing natural relationships,NO,Rendered distinct incoming source counts by link category,Cards count as contextual discovery; footer/nav excluded.
/brands/byd-service-dubai/transmission-repair,brand-service,en,NOINDEX,BYD Transmission Repair Dubai,14,0,0,2,SUPPORT / UTILITY,INTENTIONAL SUPPORT PAGE,RETAIN existing natural relationships,NO,Rendered distinct incoming source counts by link category,Cards count as contextual discovery; footer/nav excluded.
/brands/cadillac-service-dubai,brand,en,INDEX,Cadillac Repair & Service Dubai,18,1,14,1,PRIMARY,NOT ORPHANED,RETAIN existing natural relationships,NO,Rendered distinct incoming source counts by link category,Cards count as contextual discovery; footer/nav excluded.
/brands/cadillac-service-dubai/ac-repair,brand-service,en,INDEX,Cadillac AC Repair Dubai,14,0,0,2,PRIMARY,NOT ORPHANED,RETAIN existing natural relationships,NO,Rendered distinct incoming source counts by link category,Cards count as contextual discovery; footer/nav excluded.
/brands/cadillac-service-dubai/battery-replacement,brand-service,en,NOINDEX,Cadillac Battery Replacement Dubai,14,0,0,2,SUPPORT / UTILITY,INTENTIONAL SUPPORT PAGE,RETAIN existing natural relationships,NO,Rendered distinct incoming source counts by link category,Cards count as contextual discovery; footer/nav excluded.
/brands/cadillac-service-dubai/body-repair,brand-service,en,NOINDEX,"Commercial repair: dents, damaged paint, refinishing and collision work",14,0,0,2,SUPPORT / UTILITY,INTENTIONAL SUPPORT PAGE,RETAIN existing natural relationships,NO,Rendered distinct incoming source counts by link category,Cards count as contextual discovery; footer/nav excluded.
/brands/cadillac-service-dubai/brake-repair,brand-service,en,INDEX,Cadillac Brake Repair Dubai,14,0,0,2,PRIMARY,NOT ORPHANED,RETAIN existing natural relationships,NO,Rendered distinct incoming source counts by link category,Cards count as contextual discovery; footer/nav excluded.
/brands/cadillac-service-dubai/electrical-repair,brand-service,en,NOINDEX,Cadillac Electrical Repair Dubai,14,0,0,2,SUPPORT / UTILITY,INTENTIONAL SUPPORT PAGE,RETAIN existing natural relationships,NO,Rendered distinct incoming source counts by link category,Cards count as contextual discovery; footer/nav excluded.
/brands/cadillac-service-dubai/engine-diagnostics,brand-service,en,INDEX,Cadillac Engine Diagnostics Dubai,14,0,0,2,PRIMARY,NOT ORPHANED,RETAIN existing natural relationships,NO,Rendered distinct incoming source counts by link category,Cards count as contextual discovery; footer/nav excluded.
/brands/cadillac-service-dubai/exhaust-repair,brand-service,en,NOINDEX,Cadillac Exhaust Repair Dubai,14,0,0,2,SUPPORT / UTILITY,INTENTIONAL SUPPORT PAGE,RETAIN existing natural relationships,NO,Rendered distinct incoming source counts by link category,Cards count as contextual discovery; footer/nav excluded.
/brands/cadillac-service-dubai/fuel-system-repair,brand-service,en,NOINDEX,Cadillac Fuel System Repair Dubai,14,0,0,2,SUPPORT / UTILITY,INTENTIONAL SUPPORT PAGE,RETAIN existing natural relationships,NO,Rendered distinct incoming source counts by link category,Cards count as contextual discovery; footer/nav excluded.
/brands/cadillac-service-dubai/mechanical-repair,brand-service,en,NOINDEX,Cadillac Mechanical Repair Dubai,14,0,0,2,SUPPORT / UTILITY,INTENTIONAL SUPPORT PAGE,RETAIN existing natural relationships,NO,Rendered distinct incoming source counts by link category,Cards count as contextual discovery; footer/nav excluded.
/brands/cadillac-service-dubai/oil-change,brand-service,en,INDEX,Cadillac Oil Change Dubai,14,0,0,2,PRIMARY,NOT ORPHANED,RETAIN existing natural relationships,NO,Rendered distinct incoming source counts by link category,Cards count as contextual discovery; footer/nav excluded.
/brands/cadillac-service-dubai/steering-repair,brand-service,en,NOINDEX,Cadillac Steering Repair Dubai,14,0,0,2,SUPPORT / UTILITY,INTENTIONAL SUPPORT PAGE,RETAIN existing natural relationships,NO,Rendered distinct incoming source counts by link category,Cards count as contextual discovery; footer/nav excluded.
/brands/cadillac-service-dubai/suspension-repair,brand-service,en,NOINDEX,Cadillac Suspension Repair Dubai,14,0,0,2,SUPPORT / UTILITY,INTENTIONAL SUPPORT PAGE,RETAIN existing natural relationships,NO,Rendered distinct incoming source counts by link category,Cards count as contextual discovery; footer/nav excluded.
/brands/cadillac-service-dubai/tire-repair,brand-service,en,NOINDEX,Cadillac Tyre Repair Dubai,14,0,0,2,SUPPORT / UTILITY,INTENTIONAL SUPPORT PAGE,RETAIN existing natural relationships,NO,Rendered distinct incoming source counts by link category,Cards count as contextual discovery; footer/nav excluded.
/brands/cadillac-service-dubai/transmission-repair,brand-service,en,NOINDEX,Cadillac Transmission Repair Dubai,14,0,0,2,SUPPORT / UTILITY,INTENTIONAL SUPPORT PAGE,RETAIN existing natural relationships,NO,Rendered distinct incoming source counts by link category,Cards count as contextual discovery; footer/nav excluded.
/brands/chevrolet-service-dubai,brand,en,INDEX,Chevrolet Repair & Service Dubai,10,0,6,1,PRIMARY,NOT ORPHANED,RETAIN existing natural relationships,NO,Rendered distinct incoming source counts by link category,Cards count as contextual discovery; footer/nav excluded.
/brands/chevrolet-service-dubai/ac-repair,brand-service,en,INDEX,Chevrolet AC Repair Dubai,6,0,0,2,PRIMARY,NOT ORPHANED,RETAIN existing natural relationships,NO,Rendered distinct incoming source counts by link category,Cards count as contextual discovery; footer/nav excluded.
/brands/chevrolet-service-dubai/brake-repair,brand-service,en,INDEX,Chevrolet Brake Repair Dubai,6,0,0,2,PRIMARY,NOT ORPHANED,RETAIN existing natural relationships,NO,Rendered distinct incoming source counts by link category,Cards count as contextual discovery; footer/nav excluded.
/brands/chevrolet-service-dubai/engine-diagnostics,brand-service,en,INDEX,Chevrolet Engine Diagnostics Dubai,6,0,0,2,PRIMARY,NOT ORPHANED,RETAIN existing natural relationships,NO,Rendered distinct incoming source counts by link category,Cards count as contextual discovery; footer/nav excluded.
/brands/chevrolet-service-dubai/oil-change,brand-service,en,INDEX,Chevrolet Oil Change Dubai,6,0,0,2,PRIMARY,NOT ORPHANED,RETAIN existing natural relationships,NO,Rendered distinct incoming source counts by link category,Cards count as contextual discovery; footer/nav excluded.
/brands/chevrolet-service-dubai/suspension-repair,brand-service,en,NOINDEX,Chevrolet Suspension Repair Dubai,6,0,0,2,SUPPORT / UTILITY,INTENTIONAL SUPPORT PAGE,RETAIN existing natural relationships,NO,Rendered distinct incoming source counts by link category,Cards count as contextual discovery; footer/nav excluded.
/brands/chevrolet-service-dubai/transmission-repair,brand-service,en,NOINDEX,Chevrolet Transmission Repair Dubai,6,0,0,2,SUPPORT / UTILITY,INTENTIONAL SUPPORT PAGE,RETAIN existing natural relationships,NO,Rendered distinct incoming source counts by link category,Cards count as contextual discovery; footer/nav excluded.
/brands/chrysler-service-dubai,brand,en,INDEX,Chrysler Repair & Service Dubai,9,0,6,1,PRIMARY,NOT ORPHANED,RETAIN existing natural relationships,NO,Rendered distinct incoming source counts by link category,Cards count as contextual discovery; footer/nav excluded.
/brands/chrysler-service-dubai/ac-repair,brand-service,en,INDEX,Chrysler AC Repair Dubai,6,0,0,2,PRIMARY,NOT ORPHANED,RETAIN existing natural relationships,NO,Rendered distinct incoming source counts by link category,Cards count as contextual discovery; footer/nav excluded.
/brands/chrysler-service-dubai/brake-repair,brand-service,en,INDEX,Chrysler Brake Repair Dubai,6,0,0,2,PRIMARY,NOT ORPHANED,RETAIN existing natural relationships,NO,Rendered distinct incoming source counts by link category,Cards count as contextual discovery; footer/nav excluded.
/brands/chrysler-service-dubai/engine-diagnostics,brand-service,en,INDEX,Chrysler Engine Diagnostics Dubai,6,0,0,2,PRIMARY,NOT ORPHANED,RETAIN existing natural relationships,NO,Rendered distinct incoming source counts by link category,Cards count as contextual discovery; footer/nav excluded.
/brands/chrysler-service-dubai/oil-change,brand-service,en,INDEX,Chrysler Oil Change Dubai,6,0,0,2,PRIMARY,NOT ORPHANED,RETAIN existing natural relationships,NO,Rendered distinct incoming source counts by link category,Cards count as contextual discovery; footer/nav excluded.
/brands/chrysler-service-dubai/suspension-repair,brand-service,en,NOINDEX,Chrysler Suspension Repair Dubai,6,0,0,2,SUPPORT / UTILITY,INTENTIONAL SUPPORT PAGE,RETAIN existing natural relationships,NO,Rendered distinct incoming source counts by link category,Cards count as contextual discovery; footer/nav excluded.
/brands/chrysler-service-dubai/transmission-repair,brand-service,en,NOINDEX,Chrysler Transmission Repair Dubai,6,0,0,2,SUPPORT / UTILITY,INTENTIONAL SUPPORT PAGE,RETAIN existing natural relationships,NO,Rendered distinct incoming source counts by link category,Cards count as contextual discovery; footer/nav excluded.
/brands/corvette-service-dubai,brand,en,INDEX,Corvette Repair & Service Dubai,9,0,6,1,PRIMARY,NOT ORPHANED,RETAIN existing natural relationships,NO,Rendered distinct incoming source counts by link category,Cards count as contextual discovery; footer/nav excluded.
/brands/corvette-service-dubai/ac-repair,brand-service,en,INDEX,Corvette AC Repair Dubai,6,0,0,2,PRIMARY,NOT ORPHANED,RETAIN existing natural relationships,NO,Rendered distinct incoming source counts by link category,Cards count as contextual discovery; footer/nav excluded.
/brands/corvette-service-dubai/brake-repair,brand-service,en,INDEX,Corvette Brake Repair Dubai,6,0,0,2,PRIMARY,NOT ORPHANED,RETAIN existing natural relationships,NO,Rendered distinct incoming source counts by link category,Cards count as contextual discovery; footer/nav excluded.
/brands/corvette-service-dubai/engine-diagnostics,brand-service,en,INDEX,Corvette Engine Diagnostics Dubai,6,0,0,2,PRIMARY,NOT ORPHANED,RETAIN existing natural relationships,NO,Rendered distinct incoming source counts by link category,Cards count as contextual discovery; footer/nav excluded.
/brands/corvette-service-dubai/oil-change,brand-service,en,INDEX,Corvette Oil Change Dubai,6,0,0,2,PRIMARY,NOT ORPHANED,RETAIN existing natural relationships,NO,Rendered distinct incoming source counts by link category,Cards count as contextual discovery; footer/nav excluded.
/brands/corvette-service-dubai/suspension-repair,brand-service,en,NOINDEX,Corvette Suspension Repair Dubai,6,0,0,2,SUPPORT / UTILITY,INTENTIONAL SUPPORT PAGE,RETAIN existing natural relationships,NO,Rendered distinct incoming source counts by link category,Cards count as contextual discovery; footer/nav excluded.
/brands/corvette-service-dubai/transmission-repair,brand-service,en,NOINDEX,Corvette Transmission Repair Dubai,6,0,0,2,SUPPORT / UTILITY,INTENTIONAL SUPPORT PAGE,RETAIN existing natural relationships,NO,Rendered distinct incoming source counts by link category,Cards count as contextual discovery; footer/nav excluded.
/brands/defender-service-dubai,brand,en,INDEX,Defender Repair & Service Dubai,34,0,14,1,PRIMARY,NOT ORPHANED,RETAIN existing natural relationships,NO,Rendered distinct incoming source counts by link category,Cards count as contextual discovery; footer/nav excluded.
/brands/defender-service-dubai/ac-repair,brand-service,en,INDEX,Defender AC Repair Dubai,14,0,0,2,PRIMARY,NOT ORPHANED,RETAIN existing natural relationships,NO,Rendered distinct incoming source counts by link category,Cards count as contextual discovery; footer/nav excluded.
/brands/defender-service-dubai/battery-replacement,brand-service,en,INDEX,Defender Battery Replacement Dubai,14,0,0,2,PRIMARY,NOT ORPHANED,RETAIN existing natural relationships,NO,Rendered distinct incoming source counts by link category,Cards count as contextual discovery; footer/nav excluded.
/brands/defender-service-dubai/body-repair,brand-service,en,INDEX,"Commercial repair: dents, damaged paint, refinishing and collision work",14,0,0,2,PRIMARY,NOT ORPHANED,RETAIN existing natural relationships,NO,Rendered distinct incoming source counts by link category,Cards count as contextual discovery; footer/nav excluded.
/brands/defender-service-dubai/brake-repair,brand-service,en,INDEX,Defender Brake Repair Dubai,15,0,0,2,PRIMARY,NOT ORPHANED,RETAIN existing natural relationships,NO,Rendered distinct incoming source counts by link category,Cards count as contextual discovery; footer/nav excluded.
/brands/defender-service-dubai/electrical-repair,brand-service,en,INDEX,Defender Electrical Repair Dubai,15,0,0,2,PRIMARY,NOT ORPHANED,RETAIN existing natural relationships,NO,Rendered distinct incoming source counts by link category,Cards count as contextual discovery; footer/nav excluded.
/brands/defender-service-dubai/engine-diagnostics,brand-service,en,INDEX,Defender Engine Diagnostics Dubai,15,0,0,2,PRIMARY,NOT ORPHANED,RETAIN existing natural relationships,NO,Rendered distinct incoming source counts by link category,Cards count as contextual discovery; footer/nav excluded.
/brands/defender-service-dubai/exhaust-repair,brand-service,en,INDEX,Defender Exhaust Repair Dubai,14,0,0,2,PRIMARY,NOT ORPHANED,RETAIN existing natural relationships,NO,Rendered distinct incoming source counts by link category,Cards count as contextual discovery; footer/nav excluded.
/brands/defender-service-dubai/fuel-system-repair,brand-service,en,INDEX,Defender Fuel System Repair Dubai,14,0,0,2,PRIMARY,NOT ORPHANED,RETAIN existing natural relationships,NO,Rendered distinct incoming source counts by link category,Cards count as contextual discovery; footer/nav excluded.
/brands/defender-service-dubai/mechanical-repair,brand-service,en,INDEX,Defender Mechanical Repair Dubai,15,0,0,2,PRIMARY,NOT ORPHANED,RETAIN existing natural relationships,NO,Rendered distinct incoming source counts by link category,Cards count as contextual discovery; footer/nav excluded.
/brands/defender-service-dubai/oil-change,brand-service,en,INDEX,Defender Oil Change Dubai,14,0,0,2,PRIMARY,NOT ORPHANED,RETAIN existing natural relationships,NO,Rendered distinct incoming source counts by link category,Cards count as contextual discovery; footer/nav excluded.
/brands/defender-service-dubai/steering-repair,brand-service,en,INDEX,Defender Steering Repair Dubai,15,0,0,2,PRIMARY,NOT ORPHANED,RETAIN existing natural relationships,NO,Rendered distinct incoming source counts by link category,Cards count as contextual discovery; footer/nav excluded.
/brands/defender-service-dubai/suspension-repair,brand-service,en,INDEX,Defender Suspension Repair Dubai,15,0,0,2,PRIMARY,NOT ORPHANED,RETAIN existing natural relationships,NO,Rendered distinct incoming source counts by link category,Cards count as contextual discovery; footer/nav excluded.
/brands/defender-service-dubai/tire-repair,brand-service,en,INDEX,Defender Tyre Repair Dubai,14,0,0,2,PRIMARY,NOT ORPHANED,RETAIN existing natural relationships,NO,Rendered distinct incoming source counts by link category,Cards count as contextual discovery; footer/nav excluded.
/brands/defender-service-dubai/transmission-repair,brand-service,en,INDEX,Defender Transmission Repair Dubai,14,0,0,2,PRIMARY,NOT ORPHANED,RETAIN existing natural relationships,NO,Rendered distinct incoming source counts by link category,Cards count as contextual discovery; footer/nav excluded.
/brands/dodge-service-dubai,brand,en,INDEX,Dodge Repair & Service Dubai,9,0,6,1,PRIMARY,NOT ORPHANED,RETAIN existing natural relationships,NO,Rendered distinct incoming source counts by link category,Cards count as contextual discovery; footer/nav excluded.
/brands/dodge-service-dubai/ac-repair,brand-service,en,INDEX,Dodge AC Repair Dubai,6,0,0,2,PRIMARY,NOT ORPHANED,RETAIN existing natural relationships,NO,Rendered distinct incoming source counts by link category,Cards count as contextual discovery; footer/nav excluded.
/brands/dodge-service-dubai/brake-repair,brand-service,en,INDEX,Dodge Brake Repair Dubai,6,0,0,2,PRIMARY,NOT ORPHANED,RETAIN existing natural relationships,NO,Rendered distinct incoming source counts by link category,Cards count as contextual discovery; footer/nav excluded.
/brands/dodge-service-dubai/engine-diagnostics,brand-service,en,INDEX,Dodge Engine Diagnostics Dubai,6,0,0,2,PRIMARY,NOT ORPHANED,RETAIN existing natural relationships,NO,Rendered distinct incoming source counts by link category,Cards count as contextual discovery; footer/nav excluded.
/brands/dodge-service-dubai/oil-change,brand-service,en,INDEX,Dodge Oil Change Dubai,6,0,0,2,PRIMARY,NOT ORPHANED,RETAIN existing natural relationships,NO,Rendered distinct incoming source counts by link category,Cards count as contextual discovery; footer/nav excluded.
/brands/dodge-service-dubai/suspension-repair,brand-service,en,NOINDEX,Dodge Suspension Repair Dubai,6,0,0,2,SUPPORT / UTILITY,INTENTIONAL SUPPORT PAGE,RETAIN existing natural relationships,NO,Rendered distinct incoming source counts by link category,Cards count as contextual discovery; footer/nav excluded.
/brands/dodge-service-dubai/transmission-repair,brand-service,en,NOINDEX,Dodge Transmission Repair Dubai,6,0,0,2,SUPPORT / UTILITY,INTENTIONAL SUPPORT PAGE,RETAIN existing natural relationships,NO,Rendered distinct incoming source counts by link category,Cards count as contextual discovery; footer/nav excluded.
/brands/ferrari-service-dubai,brand,en,INDEX,"Ferrari service, repair and workshop discovery",65,0,22,1,PRIMARY,NOT ORPHANED,RETAIN existing natural relationships,NO,Rendered distinct incoming source counts by link category,Cards count as contextual discovery; footer/nav excluded.
/brands/ferrari-service-dubai/296,service,en,INDEX,Ferrari model-specific service considerations,14,0,0,2,PRIMARY,NOT ORPHANED,RETAIN existing natural relationships,NO,Rendered distinct incoming source counts by link category,Cards count as contextual discovery; footer/nav excluded.
/brands/ferrari-service-dubai/488,service,en,INDEX,Ferrari model-specific service considerations,11,0,0,2,PRIMARY,NOT ORPHANED,RETAIN existing natural relationships,NO,Rendered distinct incoming source counts by link category,Cards count as contextual discovery; footer/nav excluded.
/brands/ferrari-service-dubai/812,service,en,INDEX,Ferrari model-specific service considerations,9,0,0,2,PRIMARY,NOT ORPHANED,RETAIN existing natural relationships,NO,Rendered distinct incoming source counts by link category,Cards count as contextual discovery; footer/nav excluded.
/brands/ferrari-service-dubai/ac-repair,brand-service,en,INDEX,Ferrari AC Repair Dubai,22,0,0,2,PRIMARY,NOT ORPHANED,RETAIN existing natural relationships,NO,Rendered distinct incoming source counts by link category,Cards count as contextual discovery; footer/nav excluded.
/brands/ferrari-service-dubai/battery-replacement,brand-service,en,INDEX,Ferrari Battery Replacement Dubai,14,0,0,2,PRIMARY,NOT ORPHANED,RETAIN existing natural relationships,NO,Rendered distinct incoming source counts by link category,Cards count as contextual discovery; footer/nav excluded.
/brands/ferrari-service-dubai/body-repair,brand-service,en,INDEX,"Commercial repair: dents, damaged paint, refinishing and collision work",14,0,0,2,PRIMARY,NOT ORPHANED,RETAIN existing natural relationships,NO,Rendered distinct incoming source counts by link category,Cards count as contextual discovery; footer/nav excluded.
/brands/ferrari-service-dubai/brake-repair,brand-service,en,INDEX,Ferrari Brake Repair Dubai,23,0,0,2,PRIMARY,NOT ORPHANED,RETAIN existing natural relationships,NO,Rendered distinct incoming source counts by link category,Cards count as contextual discovery; footer/nav excluded.
/brands/ferrari-service-dubai/electrical-repair,brand-service,en,INDEX,Ferrari Electrical Repair Dubai,22,0,0,2,PRIMARY,NOT ORPHANED,RETAIN existing natural relationships,NO,Rendered distinct incoming source counts by link category,Cards count as contextual discovery; footer/nav excluded.
/brands/ferrari-service-dubai/engine-diagnostics,brand-service,en,INDEX,Ferrari Engine Diagnostics Dubai,23,0,0,2,PRIMARY,NOT ORPHANED,RETAIN existing natural relationships,NO,Rendered distinct incoming source counts by link category,Cards count as contextual discovery; footer/nav excluded.
/brands/ferrari-service-dubai/exhaust-repair,brand-service,en,INDEX,Ferrari Exhaust Repair Dubai,14,0,0,2,PRIMARY,NOT ORPHANED,RETAIN existing natural relationships,NO,Rendered distinct incoming source counts by link category,Cards count as contextual discovery; footer/nav excluded.
/brands/ferrari-service-dubai/f8-tributo,service,en,INDEX,Ferrari model-specific service considerations,10,0,0,2,PRIMARY,NOT ORPHANED,RETAIN existing natural relationships,NO,Rendered distinct incoming source counts by link category,Cards count as contextual discovery; footer/nav excluded.
/brands/ferrari-service-dubai/fuel-system-repair,brand-service,en,INDEX,Ferrari Fuel System Repair Dubai,14,0,0,2,PRIMARY,NOT ORPHANED,RETAIN existing natural relationships,NO,Rendered distinct incoming source counts by link category,Cards count as contextual discovery; footer/nav excluded.
/brands/ferrari-service-dubai/mechanical-repair,brand-service,en,INDEX,Ferrari Mechanical Repair Dubai,14,0,0,2,PRIMARY,NOT ORPHANED,RETAIN existing natural relationships,NO,Rendered distinct incoming source counts by link category,Cards count as contextual discovery; footer/nav excluded.
/brands/ferrari-service-dubai/oil-change,brand-service,en,INDEX,Ferrari Oil Change Dubai,24,0,0,2,PRIMARY,NOT ORPHANED,RETAIN existing natural relationships,NO,Rendered distinct incoming source counts by link category,Cards count as contextual discovery; footer/nav excluded.
/brands/ferrari-service-dubai/portofino,service,en,INDEX,Ferrari model-specific service considerations,9,0,0,2,PRIMARY,NOT ORPHANED,RETAIN existing natural relationships,NO,Rendered distinct incoming source counts by link category,Cards count as contextual discovery; footer/nav excluded.
/brands/ferrari-service-dubai/purosangue,service,en,INDEX,Ferrari model-specific service considerations,16,0,0,2,PRIMARY,NOT ORPHANED,RETAIN existing natural relationships,NO,Rendered distinct incoming source counts by link category,Cards count as contextual discovery; footer/nav excluded.
/brands/ferrari-service-dubai/roma,service,en,INDEX,Ferrari model-specific service considerations,10,0,0,2,PRIMARY,NOT ORPHANED,RETAIN existing natural relationships,NO,Rendered distinct incoming source counts by link category,Cards count as contextual discovery; footer/nav excluded.
/brands/ferrari-service-dubai/sf90,service,en,INDEX,Ferrari model-specific service considerations,6,0,0,2,PRIMARY,NOT ORPHANED,RETAIN existing natural relationships,NO,Rendered distinct incoming source counts by link category,Cards count as contextual discovery; footer/nav excluded.
/brands/ferrari-service-dubai/steering-repair,brand-service,en,INDEX,Ferrari Steering Repair Dubai,14,0,0,2,PRIMARY,NOT ORPHANED,RETAIN existing natural relationships,NO,Rendered distinct incoming source counts by link category,Cards count as contextual discovery; footer/nav excluded.
/brands/ferrari-service-dubai/suspension-repair,brand-service,en,INDEX,Ferrari Suspension Repair Dubai,21,0,0,2,PRIMARY,NOT ORPHANED,RETAIN existing natural relationships,NO,Rendered distinct incoming source counts by link category,Cards count as contextual discovery; footer/nav excluded.
/brands/ferrari-service-dubai/tire-repair,brand-service,en,INDEX,Ferrari Tyre Repair Dubai,15,0,0,2,PRIMARY,NOT ORPHANED,RETAIN existing natural relationships,NO,Rendered distinct incoming source counts by link category,Cards count as contextual discovery; footer/nav excluded.
/brands/ferrari-service-dubai/transmission-repair,brand-service,en,INDEX,Ferrari Transmission Repair Dubai,23,0,0,2,PRIMARY,NOT ORPHANED,RETAIN existing natural relationships,NO,Rendered distinct incoming source counts by link category,Cards count as contextual discovery; footer/nav excluded.
/brands/ford-service-dubai,brand,en,INDEX,Ford Repair & Service Dubai,10,0,6,1,PRIMARY,NOT ORPHANED,RETAIN existing natural relationships,NO,Rendered distinct incoming source counts by link category,Cards count as contextual discovery; footer/nav excluded.
/brands/ford-service-dubai/ac-repair,brand-service,en,INDEX,Ford AC Repair Dubai,6,0,0,2,PRIMARY,NOT ORPHANED,RETAIN existing natural relationships,NO,Rendered distinct incoming source counts by link category,Cards count as contextual discovery; footer/nav excluded.
/brands/ford-service-dubai/brake-repair,brand-service,en,INDEX,Ford Brake Repair Dubai,6,0,0,2,PRIMARY,NOT ORPHANED,RETAIN existing natural relationships,NO,Rendered distinct incoming source counts by link category,Cards count as contextual discovery; footer/nav excluded.
/brands/ford-service-dubai/engine-diagnostics,brand-service,en,INDEX,Ford Engine Diagnostics Dubai,6,0,0,2,PRIMARY,NOT ORPHANED,RETAIN existing natural relationships,NO,Rendered distinct incoming source counts by link category,Cards count as contextual discovery; footer/nav excluded.
/brands/ford-service-dubai/oil-change,brand-service,en,INDEX,Ford Oil Change Dubai,6,0,0,2,PRIMARY,NOT ORPHANED,RETAIN existing natural relationships,NO,Rendered distinct incoming source counts by link category,Cards count as contextual discovery; footer/nav excluded.
/brands/ford-service-dubai/suspension-repair,brand-service,en,NOINDEX,Ford Suspension Repair Dubai,6,0,0,2,SUPPORT / UTILITY,INTENTIONAL SUPPORT PAGE,RETAIN existing natural relationships,NO,Rendered distinct incoming source counts by link category,Cards count as contextual discovery; footer/nav excluded.
/brands/ford-service-dubai/transmission-repair,brand-service,en,NOINDEX,Ford Transmission Repair Dubai,6,0,0,2,SUPPORT / UTILITY,INTENTIONAL SUPPORT PAGE,RETAIN existing natural relationships,NO,Rendered distinct incoming source counts by link category,Cards count as contextual discovery; footer/nav excluded.
/brands/genesis-service-dubai,brand,en,INDEX,Genesis Repair & Service Dubai,9,0,6,1,PRIMARY,NOT ORPHANED,RETAIN existing natural relationships,NO,Rendered distinct incoming source counts by link category,Cards count as contextual discovery; footer/nav excluded.
/brands/genesis-service-dubai/ac-repair,brand-service,en,INDEX,Genesis AC Repair Dubai,6,0,0,2,PRIMARY,NOT ORPHANED,RETAIN existing natural relationships,NO,Rendered distinct incoming source counts by link category,Cards count as contextual discovery; footer/nav excluded.
/brands/genesis-service-dubai/brake-repair,brand-service,en,INDEX,Genesis Brake Repair Dubai,6,0,0,2,PRIMARY,NOT ORPHANED,RETAIN existing natural relationships,NO,Rendered distinct incoming source counts by link category,Cards count as contextual discovery; footer/nav excluded.
/brands/genesis-service-dubai/engine-diagnostics,brand-service,en,INDEX,Genesis Engine Diagnostics Dubai,6,0,0,2,PRIMARY,NOT ORPHANED,RETAIN existing natural relationships,NO,Rendered distinct incoming source counts by link category,Cards count as contextual discovery; footer/nav excluded.
/brands/genesis-service-dubai/oil-change,brand-service,en,INDEX,Genesis Oil Change Dubai,6,0,0,2,PRIMARY,NOT ORPHANED,RETAIN existing natural relationships,NO,Rendered distinct incoming source counts by link category,Cards count as contextual discovery; footer/nav excluded.
/brands/genesis-service-dubai/suspension-repair,brand-service,en,NOINDEX,Genesis Suspension Repair Dubai,6,0,0,2,SUPPORT / UTILITY,INTENTIONAL SUPPORT PAGE,RETAIN existing natural relationships,NO,Rendered distinct incoming source counts by link category,Cards count as contextual discovery; footer/nav excluded.
/brands/genesis-service-dubai/transmission-repair,brand-service,en,NOINDEX,Genesis Transmission Repair Dubai,6,0,0,2,SUPPORT / UTILITY,INTENTIONAL SUPPORT PAGE,RETAIN existing natural relationships,NO,Rendered distinct incoming source counts by link category,Cards count as contextual discovery; footer/nav excluded.
/brands/gmc-service-dubai,brand,en,INDEX,GMC Repair & Service Dubai,9,0,6,1,PRIMARY,NOT ORPHANED,RETAIN existing natural relationships,NO,Rendered distinct incoming source counts by link category,Cards count as contextual discovery; footer/nav excluded.
/brands/gmc-service-dubai/ac-repair,brand-service,en,INDEX,GMC AC Repair Dubai,6,0,0,2,PRIMARY,NOT ORPHANED,RETAIN existing natural relationships,NO,Rendered distinct incoming source counts by link category,Cards count as contextual discovery; footer/nav excluded.
/brands/gmc-service-dubai/brake-repair,brand-service,en,INDEX,GMC Brake Repair Dubai,6,0,0,2,PRIMARY,NOT ORPHANED,RETAIN existing natural relationships,NO,Rendered distinct incoming source counts by link category,Cards count as contextual discovery; footer/nav excluded.
/brands/gmc-service-dubai/engine-diagnostics,brand-service,en,INDEX,GMC Engine Diagnostics Dubai,6,0,0,2,PRIMARY,NOT ORPHANED,RETAIN existing natural relationships,NO,Rendered distinct incoming source counts by link category,Cards count as contextual discovery; footer/nav excluded.
/brands/gmc-service-dubai/oil-change,brand-service,en,INDEX,GMC Oil Change Dubai,6,0,0,2,PRIMARY,NOT ORPHANED,RETAIN existing natural relationships,NO,Rendered distinct incoming source counts by link category,Cards count as contextual discovery; footer/nav excluded.
/brands/gmc-service-dubai/suspension-repair,brand-service,en,NOINDEX,GMC Suspension Repair Dubai,6,0,0,2,SUPPORT / UTILITY,INTENTIONAL SUPPORT PAGE,RETAIN existing natural relationships,NO,Rendered distinct incoming source counts by link category,Cards count as contextual discovery; footer/nav excluded.
/brands/gmc-service-dubai/transmission-repair,brand-service,en,NOINDEX,GMC Transmission Repair Dubai,6,0,0,2,SUPPORT / UTILITY,INTENTIONAL SUPPORT PAGE,RETAIN existing natural relationships,NO,Rendered distinct incoming source counts by link category,Cards count as contextual discovery; footer/nav excluded.
/brands/hummer-service-dubai,brand,en,INDEX,Hummer Repair & Service Dubai,9,0,6,1,PRIMARY,NOT ORPHANED,RETAIN existing natural relationships,NO,Rendered distinct incoming source counts by link category,Cards count as contextual discovery; footer/nav excluded.
/brands/hummer-service-dubai/ac-repair,brand-service,en,INDEX,Hummer AC Repair Dubai,6,0,0,2,PRIMARY,NOT ORPHANED,RETAIN existing natural relationships,NO,Rendered distinct incoming source counts by link category,Cards count as contextual discovery; footer/nav excluded.
/brands/hummer-service-dubai/brake-repair,brand-service,en,INDEX,Hummer Brake Repair Dubai,6,0,0,2,PRIMARY,NOT ORPHANED,RETAIN existing natural relationships,NO,Rendered distinct incoming source counts by link category,Cards count as contextual discovery; footer/nav excluded.
/brands/hummer-service-dubai/engine-diagnostics,brand-service,en,INDEX,Hummer Engine Diagnostics Dubai,6,0,0,2,PRIMARY,NOT ORPHANED,RETAIN existing natural relationships,NO,Rendered distinct incoming source counts by link category,Cards count as contextual discovery; footer/nav excluded.
/brands/hummer-service-dubai/oil-change,brand-service,en,INDEX,Hummer Oil Change Dubai,6,0,0,2,PRIMARY,NOT ORPHANED,RETAIN existing natural relationships,NO,Rendered distinct incoming source counts by link category,Cards count as contextual discovery; footer/nav excluded.
/brands/hummer-service-dubai/suspension-repair,brand-service,en,NOINDEX,Hummer Suspension Repair Dubai,6,0,0,2,SUPPORT / UTILITY,INTENTIONAL SUPPORT PAGE,RETAIN existing natural relationships,NO,Rendered distinct incoming source counts by link category,Cards count as contextual discovery; footer/nav excluded.
/brands/hummer-service-dubai/transmission-repair,brand-service,en,NOINDEX,Hummer Transmission Repair Dubai,6,0,0,2,SUPPORT / UTILITY,INTENTIONAL SUPPORT PAGE,RETAIN existing natural relationships,NO,Rendered distinct incoming source counts by link category,Cards count as contextual discovery; footer/nav excluded.
/brands/jaguar-service-dubai,brand,en,INDEX,Jaguar Repair & Service Dubai,10,0,6,1,PRIMARY,NOT ORPHANED,RETAIN existing natural relationships,NO,Rendered distinct incoming source counts by link category,Cards count as contextual discovery; footer/nav excluded.
/brands/jaguar-service-dubai/ac-repair,brand-service,en,INDEX,Jaguar AC Repair Dubai,6,0,0,2,PRIMARY,NOT ORPHANED,RETAIN existing natural relationships,NO,Rendered distinct incoming source counts by link category,Cards count as contextual discovery; footer/nav excluded.
/brands/jaguar-service-dubai/brake-repair,brand-service,en,INDEX,Jaguar Brake Repair Dubai,6,0,0,2,PRIMARY,NOT ORPHANED,RETAIN existing natural relationships,NO,Rendered distinct incoming source counts by link category,Cards count as contextual discovery; footer/nav excluded.
/brands/jaguar-service-dubai/engine-diagnostics,brand-service,en,INDEX,Jaguar Engine Diagnostics Dubai,7,0,0,2,PRIMARY,NOT ORPHANED,RETAIN existing natural relationships,NO,Rendered distinct incoming source counts by link category,Cards count as contextual discovery; footer/nav excluded.
/brands/jaguar-service-dubai/oil-change,brand-service,en,INDEX,Jaguar Oil Change Dubai,6,0,0,2,PRIMARY,NOT ORPHANED,RETAIN existing natural relationships,NO,Rendered distinct incoming source counts by link category,Cards count as contextual discovery; footer/nav excluded.
/brands/jaguar-service-dubai/suspension-repair,brand-service,en,NOINDEX,Jaguar Suspension Repair Dubai,7,0,0,2,SUPPORT / UTILITY,INTENTIONAL SUPPORT PAGE,RETAIN existing natural relationships,NO,Rendered distinct incoming source counts by link category,Cards count as contextual discovery; footer/nav excluded.
/brands/jaguar-service-dubai/transmission-repair,brand-service,en,NOINDEX,Jaguar Transmission Repair Dubai,7,0,0,2,SUPPORT / UTILITY,INTENTIONAL SUPPORT PAGE,RETAIN existing natural relationships,NO,Rendered distinct incoming source counts by link category,Cards count as contextual discovery; footer/nav excluded.
/brands/jeep-service-dubai,brand,en,INDEX,Jeep Repair & Service Dubai,17,0,14,1,PRIMARY,NOT ORPHANED,RETAIN existing natural relationships,NO,Rendered distinct incoming source counts by link category,Cards count as contextual discovery; footer/nav excluded.
/brands/jeep-service-dubai/ac-repair,brand-service,en,INDEX,Jeep AC Repair Dubai,14,0,0,2,PRIMARY,NOT ORPHANED,RETAIN existing natural relationships,NO,Rendered distinct incoming source counts by link category,Cards count as contextual discovery; footer/nav excluded.
/brands/jeep-service-dubai/battery-replacement,brand-service,en,NOINDEX,Jeep Battery Replacement Dubai,14,0,0,2,SUPPORT / UTILITY,INTENTIONAL SUPPORT PAGE,RETAIN existing natural relationships,NO,Rendered distinct incoming source counts by link category,Cards count as contextual discovery; footer/nav excluded.
/brands/jeep-service-dubai/body-repair,brand-service,en,NOINDEX,"Commercial repair: dents, damaged paint, refinishing and collision work",14,0,0,2,SUPPORT / UTILITY,INTENTIONAL SUPPORT PAGE,RETAIN existing natural relationships,NO,Rendered distinct incoming source counts by link category,Cards count as contextual discovery; footer/nav excluded.
/brands/jeep-service-dubai/brake-repair,brand-service,en,INDEX,Jeep Brake Repair Dubai,14,0,0,2,PRIMARY,NOT ORPHANED,RETAIN existing natural relationships,NO,Rendered distinct incoming source counts by link category,Cards count as contextual discovery; footer/nav excluded.
/brands/jeep-service-dubai/electrical-repair,brand-service,en,NOINDEX,Jeep Electrical Repair Dubai,14,0,0,2,SUPPORT / UTILITY,INTENTIONAL SUPPORT PAGE,RETAIN existing natural relationships,NO,Rendered distinct incoming source counts by link category,Cards count as contextual discovery; footer/nav excluded.
/brands/jeep-service-dubai/engine-diagnostics,brand-service,en,INDEX,Jeep Engine Diagnostics Dubai,14,0,0,2,PRIMARY,NOT ORPHANED,RETAIN existing natural relationships,NO,Rendered distinct incoming source counts by link category,Cards count as contextual discovery; footer/nav excluded.
/brands/jeep-service-dubai/exhaust-repair,brand-service,en,NOINDEX,Jeep Exhaust Repair Dubai,14,0,0,2,SUPPORT / UTILITY,INTENTIONAL SUPPORT PAGE,RETAIN existing natural relationships,NO,Rendered distinct incoming source counts by link category,Cards count as contextual discovery; footer/nav excluded.
/brands/jeep-service-dubai/fuel-system-repair,brand-service,en,NOINDEX,Jeep Fuel System Repair Dubai,14,0,0,2,SUPPORT / UTILITY,INTENTIONAL SUPPORT PAGE,RETAIN existing natural relationships,NO,Rendered distinct incoming source counts by link category,Cards count as contextual discovery; footer/nav excluded.
/brands/jeep-service-dubai/mechanical-repair,brand-service,en,NOINDEX,Jeep Mechanical Repair Dubai,14,0,0,2,SUPPORT / UTILITY,INTENTIONAL SUPPORT PAGE,RETAIN existing natural relationships,NO,Rendered distinct incoming source counts by link category,Cards count as contextual discovery; footer/nav excluded.
/brands/jeep-service-dubai/oil-change,brand-service,en,INDEX,Jeep Oil Change Dubai,14,0,0,2,PRIMARY,NOT ORPHANED,RETAIN existing natural relationships,NO,Rendered distinct incoming source counts by link category,Cards count as contextual discovery; footer/nav excluded.
/brands/jeep-service-dubai/steering-repair,brand-service,en,NOINDEX,Jeep Steering Repair Dubai,14,0,0,2,SUPPORT / UTILITY,INTENTIONAL SUPPORT PAGE,RETAIN existing natural relationships,NO,Rendered distinct incoming source counts by link category,Cards count as contextual discovery; footer/nav excluded.
/brands/jeep-service-dubai/suspension-repair,brand-service,en,NOINDEX,Jeep Suspension Repair Dubai,14,0,0,2,SUPPORT / UTILITY,INTENTIONAL SUPPORT PAGE,RETAIN existing natural relationships,NO,Rendered distinct incoming source counts by link category,Cards count as contextual discovery; footer/nav excluded.
/brands/jeep-service-dubai/tire-repair,brand-service,en,NOINDEX,Jeep Tyre Repair Dubai,14,0,0,2,SUPPORT / UTILITY,INTENTIONAL SUPPORT PAGE,RETAIN existing natural relationships,NO,Rendered distinct incoming source counts by link category,Cards count as contextual discovery; footer/nav excluded.
/brands/jeep-service-dubai/transmission-repair,brand-service,en,NOINDEX,Jeep Transmission Repair Dubai,14,0,0,2,SUPPORT / UTILITY,INTENTIONAL SUPPORT PAGE,RETAIN existing natural relationships,NO,Rendered distinct incoming source counts by link category,Cards count as contextual discovery; footer/nav excluded.
/brands/jetour-service-dubai,brand,en,INDEX,Jetour Repair & Service Dubai,17,0,14,1,PRIMARY,NOT ORPHANED,RETAIN existing natural relationships,NO,Rendered distinct incoming source counts by link category,Cards count as contextual discovery; footer/nav excluded.
/brands/jetour-service-dubai/ac-repair,brand-service,en,INDEX,Jetour AC Repair Dubai,15,0,0,2,PRIMARY,NOT ORPHANED,RETAIN existing natural relationships,NO,Rendered distinct incoming source counts by link category,Cards count as contextual discovery; footer/nav excluded.
/brands/jetour-service-dubai/battery-replacement,brand-service,en,NOINDEX,Jetour Battery Replacement Dubai,14,0,0,2,SUPPORT / UTILITY,INTENTIONAL SUPPORT PAGE,RETAIN existing natural relationships,NO,Rendered distinct incoming source counts by link category,Cards count as contextual discovery; footer/nav excluded.
/brands/jetour-service-dubai/body-repair,brand-service,en,NOINDEX,"Commercial repair: dents, damaged paint, refinishing and collision work",14,0,0,2,SUPPORT / UTILITY,INTENTIONAL SUPPORT PAGE,RETAIN existing natural relationships,NO,Rendered distinct incoming source counts by link category,Cards count as contextual discovery; footer/nav excluded.
/brands/jetour-service-dubai/brake-repair,brand-service,en,INDEX,Jetour Brake Repair Dubai,14,0,0,2,PRIMARY,NOT ORPHANED,RETAIN existing natural relationships,NO,Rendered distinct incoming source counts by link category,Cards count as contextual discovery; footer/nav excluded.
/brands/jetour-service-dubai/electrical-repair,brand-service,en,NOINDEX,Jetour Electrical Repair Dubai,14,0,0,2,SUPPORT / UTILITY,INTENTIONAL SUPPORT PAGE,RETAIN existing natural relationships,NO,Rendered distinct incoming source counts by link category,Cards count as contextual discovery; footer/nav excluded.
/brands/jetour-service-dubai/engine-diagnostics,brand-service,en,INDEX,Jetour Warning-Light & Diagnostic Assessment in Dubai,15,0,0,2,PRIMARY,NOT ORPHANED,RETAIN existing natural relationships,NO,Rendered distinct incoming source counts by link category,Cards count as contextual discovery; footer/nav excluded.
/brands/jetour-service-dubai/exhaust-repair,brand-service,en,NOINDEX,Jetour Exhaust Repair Dubai,14,0,0,2,SUPPORT / UTILITY,INTENTIONAL SUPPORT PAGE,RETAIN existing natural relationships,NO,Rendered distinct incoming source counts by link category,Cards count as contextual discovery; footer/nav excluded.
/brands/jetour-service-dubai/fuel-system-repair,brand-service,en,NOINDEX,Jetour Fuel System Repair Dubai,14,0,0,2,SUPPORT / UTILITY,INTENTIONAL SUPPORT PAGE,RETAIN existing natural relationships,NO,Rendered distinct incoming source counts by link category,Cards count as contextual discovery; footer/nav excluded.
/brands/jetour-service-dubai/mechanical-repair,brand-service,en,NOINDEX,Jetour Mechanical Repair Dubai,14,0,0,2,SUPPORT / UTILITY,INTENTIONAL SUPPORT PAGE,RETAIN existing natural relationships,NO,Rendered distinct incoming source counts by link category,Cards count as contextual discovery; footer/nav excluded.
/brands/jetour-service-dubai/oil-change,brand-service,en,INDEX,Jetour Oil Change Dubai,14,0,0,2,PRIMARY,NOT ORPHANED,RETAIN existing natural relationships,NO,Rendered distinct incoming source counts by link category,Cards count as contextual discovery; footer/nav excluded.
/brands/jetour-service-dubai/steering-repair,brand-service,en,NOINDEX,Jetour Steering Repair Dubai,14,0,0,2,SUPPORT / UTILITY,INTENTIONAL SUPPORT PAGE,RETAIN existing natural relationships,NO,Rendered distinct incoming source counts by link category,Cards count as contextual discovery; footer/nav excluded.
/brands/jetour-service-dubai/suspension-repair,brand-service,en,NOINDEX,Jetour Suspension Repair Dubai,14,0,0,2,SUPPORT / UTILITY,INTENTIONAL SUPPORT PAGE,RETAIN existing natural relationships,NO,Rendered distinct incoming source counts by link category,Cards count as contextual discovery; footer/nav excluded.
/brands/jetour-service-dubai/tire-repair,brand-service,en,NOINDEX,Jetour Tyre Repair Dubai,14,0,0,2,SUPPORT / UTILITY,INTENTIONAL SUPPORT PAGE,RETAIN existing natural relationships,NO,Rendered distinct incoming source counts by link category,Cards count as contextual discovery; footer/nav excluded.
/brands/jetour-service-dubai/transmission-repair,brand-service,en,NOINDEX,Jetour Transmission Repair Dubai,14,0,0,2,SUPPORT / UTILITY,INTENTIONAL SUPPORT PAGE,RETAIN existing natural relationships,NO,Rendered distinct incoming source counts by link category,Cards count as contextual discovery; footer/nav excluded.
/brands/koenigsegg-service-dubai,brand,en,INDEX,Koenigsegg Repair & Service Dubai,9,0,6,1,PRIMARY,NOT ORPHANED,RETAIN existing natural relationships,NO,Rendered distinct incoming source counts by link category,Cards count as contextual discovery; footer/nav excluded.
/brands/koenigsegg-service-dubai/ac-repair,brand-service,en,INDEX,Koenigsegg AC Repair Dubai,6,0,0,2,PRIMARY,NOT ORPHANED,RETAIN existing natural relationships,NO,Rendered distinct incoming source counts by link category,Cards count as contextual discovery; footer/nav excluded.
/brands/koenigsegg-service-dubai/brake-repair,brand-service,en,INDEX,Koenigsegg Brake Repair Dubai,6,0,0,2,PRIMARY,NOT ORPHANED,RETAIN existing natural relationships,NO,Rendered distinct incoming source counts by link category,Cards count as contextual discovery; footer/nav excluded.
/brands/koenigsegg-service-dubai/engine-diagnostics,brand-service,en,INDEX,Koenigsegg Engine Diagnostics Dubai,6,0,0,2,PRIMARY,NOT ORPHANED,RETAIN existing natural relationships,NO,Rendered distinct incoming source counts by link category,Cards count as contextual discovery; footer/nav excluded.
/brands/koenigsegg-service-dubai/oil-change,brand-service,en,INDEX,Koenigsegg Oil Change Dubai,6,0,0,2,PRIMARY,NOT ORPHANED,RETAIN existing natural relationships,NO,Rendered distinct incoming source counts by link category,Cards count as contextual discovery; footer/nav excluded.
/brands/koenigsegg-service-dubai/suspension-repair,brand-service,en,NOINDEX,Koenigsegg Suspension Repair Dubai,6,0,0,2,SUPPORT / UTILITY,INTENTIONAL SUPPORT PAGE,RETAIN existing natural relationships,NO,Rendered distinct incoming source counts by link category,Cards count as contextual discovery; footer/nav excluded.
/brands/koenigsegg-service-dubai/transmission-repair,brand-service,en,NOINDEX,Koenigsegg Transmission Repair Dubai,6,0,0,2,SUPPORT / UTILITY,INTENTIONAL SUPPORT PAGE,RETAIN existing natural relationships,NO,Rendered distinct incoming source counts by link category,Cards count as contextual discovery; footer/nav excluded.
/brands/lamborghini-service-dubai,brand,en,INDEX,"Lamborghini service, repair and workshop discovery",57,0,14,1,PRIMARY,NOT ORPHANED,RETAIN existing natural relationships,NO,Rendered distinct incoming source counts by link category,Cards count as contextual discovery; footer/nav excluded.
/brands/lamborghini-service-dubai/ac-repair,brand-service,en,INDEX,Lamborghini AC Repair Dubai,14,0,0,2,PRIMARY,NOT ORPHANED,RETAIN existing natural relationships,NO,Rendered distinct incoming source counts by link category,Cards count as contextual discovery; footer/nav excluded.
/brands/lamborghini-service-dubai/battery-replacement,brand-service,en,INDEX,Lamborghini Battery Replacement Dubai,15,0,0,2,PRIMARY,NOT ORPHANED,RETAIN existing natural relationships,NO,Rendered distinct incoming source counts by link category,Cards count as contextual discovery; footer/nav excluded.
/brands/lamborghini-service-dubai/body-repair,brand-service,en,INDEX,"Commercial repair: dents, damaged paint, refinishing and collision work",14,0,0,2,PRIMARY,NOT ORPHANED,RETAIN existing natural relationships,NO,Rendered distinct incoming source counts by link category,Cards count as contextual discovery; footer/nav excluded.
/brands/lamborghini-service-dubai/brake-repair,brand-service,en,INDEX,Lamborghini Brake Repair Dubai,14,0,0,2,PRIMARY,NOT ORPHANED,RETAIN existing natural relationships,NO,Rendered distinct incoming source counts by link category,Cards count as contextual discovery; footer/nav excluded.
/brands/lamborghini-service-dubai/electrical-repair,brand-service,en,INDEX,Lamborghini Electrical Repair Dubai,14,0,0,2,PRIMARY,NOT ORPHANED,RETAIN existing natural relationships,NO,Rendered distinct incoming source counts by link category,Cards count as contextual discovery; footer/nav excluded.
/brands/lamborghini-service-dubai/engine-diagnostics,brand-service,en,INDEX,Lamborghini Engine Diagnostics Dubai,16,0,0,2,PRIMARY,NOT ORPHANED,RETAIN existing natural relationships,NO,Rendered distinct incoming source counts by link category,Cards count as contextual discovery; footer/nav excluded.
/brands/lamborghini-service-dubai/exhaust-repair,brand-service,en,INDEX,Lamborghini Exhaust Repair Dubai,14,0,0,2,PRIMARY,NOT ORPHANED,RETAIN existing natural relationships,NO,Rendered distinct incoming source counts by link category,Cards count as contextual discovery; footer/nav excluded.
/brands/lamborghini-service-dubai/fuel-system-repair,brand-service,en,INDEX,Lamborghini Fuel System Repair Dubai,14,0,0,2,PRIMARY,NOT ORPHANED,RETAIN existing natural relationships,NO,Rendered distinct incoming source counts by link category,Cards count as contextual discovery; footer/nav excluded.
/brands/lamborghini-service-dubai/mechanical-repair,brand-service,en,INDEX,Lamborghini Engine Repair Dubai,15,0,0,2,PRIMARY,NOT ORPHANED,RETAIN existing natural relationships,NO,Rendered distinct incoming source counts by link category,Cards count as contextual discovery; footer/nav excluded.
/brands/lamborghini-service-dubai/oil-change,brand-service,en,INDEX,Lamborghini Oil Change & Maintenance Dubai,16,0,0,2,PRIMARY,NOT ORPHANED,RETAIN existing natural relationships,NO,Rendered distinct incoming source counts by link category,Cards count as contextual discovery; footer/nav excluded.
/brands/lamborghini-service-dubai/steering-repair,brand-service,en,INDEX,Lamborghini Steering Repair Dubai,14,0,0,2,PRIMARY,NOT ORPHANED,RETAIN existing natural relationships,NO,Rendered distinct incoming source counts by link category,Cards count as contextual discovery; footer/nav excluded.
/brands/lamborghini-service-dubai/suspension-repair,brand-service,en,INDEX,Lamborghini Suspension Repair Dubai,16,0,0,2,PRIMARY,NOT ORPHANED,RETAIN existing natural relationships,NO,Rendered distinct incoming source counts by link category,Cards count as contextual discovery; footer/nav excluded.
/brands/lamborghini-service-dubai/tire-repair,brand-service,en,INDEX,Lamborghini Tyre Repair Dubai,14,0,0,2,PRIMARY,NOT ORPHANED,RETAIN existing natural relationships,NO,Rendered distinct incoming source counts by link category,Cards count as contextual discovery; footer/nav excluded.
/brands/lamborghini-service-dubai/transmission-repair,brand-service,en,INDEX,Lamborghini Transmission Repair Dubai,17,0,0,2,PRIMARY,NOT ORPHANED,RETAIN existing natural relationships,NO,Rendered distinct incoming source counts by link category,Cards count as contextual discovery; footer/nav excluded.
/brands/land-rover-service-dubai,brand,en,INDEX,Land Rover Repair & Service Dubai,37,0,14,1,PRIMARY,NOT ORPHANED,RETAIN existing natural relationships,NO,Rendered distinct incoming source counts by link category,Cards count as contextual discovery; footer/nav excluded.
/brands/land-rover-service-dubai/ac-repair,brand-service,en,INDEX,Land Rover AC Repair Dubai,14,0,0,2,PRIMARY,NOT ORPHANED,RETAIN existing natural relationships,NO,Rendered distinct incoming source counts by link category,Cards count as contextual discovery; footer/nav excluded.
/brands/land-rover-service-dubai/battery-replacement,brand-service,en,INDEX,Land Rover Battery Replacement Dubai,14,0,0,2,PRIMARY,NOT ORPHANED,RETAIN existing natural relationships,NO,Rendered distinct incoming source counts by link category,Cards count as contextual discovery; footer/nav excluded.
/brands/land-rover-service-dubai/body-repair,brand-service,en,INDEX,"Commercial repair: dents, damaged paint, refinishing and collision work",14,0,0,2,PRIMARY,NOT ORPHANED,RETAIN existing natural relationships,NO,Rendered distinct incoming source counts by link category,Cards count as contextual discovery; footer/nav excluded.
/brands/land-rover-service-dubai/brake-repair,brand-service,en,INDEX,Land Rover Brake Repair Dubai,14,0,0,2,PRIMARY,NOT ORPHANED,RETAIN existing natural relationships,NO,Rendered distinct incoming source counts by link category,Cards count as contextual discovery; footer/nav excluded.
/brands/land-rover-service-dubai/electrical-repair,brand-service,en,INDEX,Land Rover Electrical Repair Dubai,14,0,0,2,PRIMARY,NOT ORPHANED,RETAIN existing natural relationships,NO,Rendered distinct incoming source counts by link category,Cards count as contextual discovery; footer/nav excluded.
/brands/land-rover-service-dubai/engine-diagnostics,brand-service,en,INDEX,Land Rover Engine Diagnostics Dubai,14,0,0,2,PRIMARY,NOT ORPHANED,RETAIN existing natural relationships,NO,Rendered distinct incoming source counts by link category,Cards count as contextual discovery; footer/nav excluded.
/brands/land-rover-service-dubai/exhaust-repair,brand-service,en,INDEX,Land Rover Exhaust Repair Dubai,14,0,0,2,PRIMARY,NOT ORPHANED,RETAIN existing natural relationships,NO,Rendered distinct incoming source counts by link category,Cards count as contextual discovery; footer/nav excluded.
/brands/land-rover-service-dubai/fuel-system-repair,brand-service,en,INDEX,Land Rover Fuel System Repair Dubai,14,0,0,2,PRIMARY,NOT ORPHANED,RETAIN existing natural relationships,NO,Rendered distinct incoming source counts by link category,Cards count as contextual discovery; footer/nav excluded.
/brands/land-rover-service-dubai/mechanical-repair,brand-service,en,INDEX,Land Rover Mechanical Repair Dubai,14,0,0,2,PRIMARY,NOT ORPHANED,RETAIN existing natural relationships,NO,Rendered distinct incoming source counts by link category,Cards count as contextual discovery; footer/nav excluded.
/brands/land-rover-service-dubai/oil-change,brand-service,en,INDEX,Land Rover Oil Change Dubai,14,0,0,2,PRIMARY,NOT ORPHANED,RETAIN existing natural relationships,NO,Rendered distinct incoming source counts by link category,Cards count as contextual discovery; footer/nav excluded.
/brands/land-rover-service-dubai/steering-repair,brand-service,en,INDEX,Land Rover Steering Repair Dubai,14,0,0,2,PRIMARY,NOT ORPHANED,RETAIN existing natural relationships,NO,Rendered distinct incoming source counts by link category,Cards count as contextual discovery; footer/nav excluded.
/brands/land-rover-service-dubai/suspension-repair,brand-service,en,INDEX,Land Rover Suspension Repair Dubai,14,0,0,2,PRIMARY,NOT ORPHANED,RETAIN existing natural relationships,NO,Rendered distinct incoming source counts by link category,Cards count as contextual discovery; footer/nav excluded.
/brands/land-rover-service-dubai/tire-repair,brand-service,en,INDEX,Land Rover Tyre Repair Dubai,14,0,0,2,PRIMARY,NOT ORPHANED,RETAIN existing natural relationships,NO,Rendered distinct incoming source counts by link category,Cards count as contextual discovery; footer/nav excluded.
/brands/land-rover-service-dubai/transmission-repair,brand-service,en,INDEX,Land Rover Transmission Repair Dubai,14,0,0,2,PRIMARY,NOT ORPHANED,RETAIN existing natural relationships,NO,Rendered distinct incoming source counts by link category,Cards count as contextual discovery; footer/nav excluded.
/brands/lincoln-service-dubai,brand,en,INDEX,Lincoln Repair & Service Dubai,9,0,6,1,PRIMARY,NOT ORPHANED,RETAIN existing natural relationships,NO,Rendered distinct incoming source counts by link category,Cards count as contextual discovery; footer/nav excluded.
/brands/lincoln-service-dubai/ac-repair,brand-service,en,INDEX,Lincoln AC Repair Dubai,6,0,0,2,PRIMARY,NOT ORPHANED,RETAIN existing natural relationships,NO,Rendered distinct incoming source counts by link category,Cards count as contextual discovery; footer/nav excluded.
/brands/lincoln-service-dubai/brake-repair,brand-service,en,INDEX,Lincoln Brake Repair Dubai,6,0,0,2,PRIMARY,NOT ORPHANED,RETAIN existing natural relationships,NO,Rendered distinct incoming source counts by link category,Cards count as contextual discovery; footer/nav excluded.
/brands/lincoln-service-dubai/engine-diagnostics,brand-service,en,INDEX,Lincoln Engine Diagnostics Dubai,6,0,0,2,PRIMARY,NOT ORPHANED,RETAIN existing natural relationships,NO,Rendered distinct incoming source counts by link category,Cards count as contextual discovery; footer/nav excluded.
/brands/lincoln-service-dubai/oil-change,brand-service,en,INDEX,Lincoln Oil Change Dubai,6,0,0,2,PRIMARY,NOT ORPHANED,RETAIN existing natural relationships,NO,Rendered distinct incoming source counts by link category,Cards count as contextual discovery; footer/nav excluded.
/brands/lincoln-service-dubai/suspension-repair,brand-service,en,NOINDEX,Lincoln Suspension Repair Dubai,6,0,0,2,SUPPORT / UTILITY,INTENTIONAL SUPPORT PAGE,RETAIN existing natural relationships,NO,Rendered distinct incoming source counts by link category,Cards count as contextual discovery; footer/nav excluded.
/brands/lincoln-service-dubai/transmission-repair,brand-service,en,NOINDEX,Lincoln Transmission Repair Dubai,6,0,0,2,SUPPORT / UTILITY,INTENTIONAL SUPPORT PAGE,RETAIN existing natural relationships,NO,Rendered distinct incoming source counts by link category,Cards count as contextual discovery; footer/nav excluded.
/brands/maserati-service-dubai,brand,en,INDEX,Maserati Repair & Service Dubai,30,0,14,1,PRIMARY,NOT ORPHANED,RETAIN existing natural relationships,NO,Rendered distinct incoming source counts by link category,Cards count as contextual discovery; footer/nav excluded.
/brands/maserati-service-dubai/ac-repair,brand-service,en,INDEX,Maserati AC Repair Dubai,14,0,0,2,PRIMARY,NOT ORPHANED,RETAIN existing natural relationships,NO,Rendered distinct incoming source counts by link category,Cards count as contextual discovery; footer/nav excluded.
/brands/maserati-service-dubai/battery-replacement,brand-service,en,INDEX,Maserati Battery Replacement Dubai,14,0,0,2,PRIMARY,NOT ORPHANED,RETAIN existing natural relationships,NO,Rendered distinct incoming source counts by link category,Cards count as contextual discovery; footer/nav excluded.
/brands/maserati-service-dubai/body-repair,brand-service,en,INDEX,"Commercial repair: dents, damaged paint, refinishing and collision work",14,0,0,2,PRIMARY,NOT ORPHANED,RETAIN existing natural relationships,NO,Rendered distinct incoming source counts by link category,Cards count as contextual discovery; footer/nav excluded.
/brands/maserati-service-dubai/brake-repair,brand-service,en,INDEX,Maserati Brake Repair Dubai,14,0,0,2,PRIMARY,NOT ORPHANED,RETAIN existing natural relationships,NO,Rendered distinct incoming source counts by link category,Cards count as contextual discovery; footer/nav excluded.
/brands/maserati-service-dubai/electrical-repair,brand-service,en,INDEX,Maserati Electrical Repair Dubai,14,0,0,2,PRIMARY,NOT ORPHANED,RETAIN existing natural relationships,NO,Rendered distinct incoming source counts by link category,Cards count as contextual discovery; footer/nav excluded.
/brands/maserati-service-dubai/engine-diagnostics,brand-service,en,INDEX,Maserati Engine Diagnostics Dubai,14,0,0,2,PRIMARY,NOT ORPHANED,RETAIN existing natural relationships,NO,Rendered distinct incoming source counts by link category,Cards count as contextual discovery; footer/nav excluded.
/brands/maserati-service-dubai/exhaust-repair,brand-service,en,INDEX,Maserati Exhaust Repair Dubai,14,0,0,2,PRIMARY,NOT ORPHANED,RETAIN existing natural relationships,NO,Rendered distinct incoming source counts by link category,Cards count as contextual discovery; footer/nav excluded.
/brands/maserati-service-dubai/fuel-system-repair,brand-service,en,INDEX,Maserati Fuel System Repair Dubai,14,0,0,2,PRIMARY,NOT ORPHANED,RETAIN existing natural relationships,NO,Rendered distinct incoming source counts by link category,Cards count as contextual discovery; footer/nav excluded.
/brands/maserati-service-dubai/mechanical-repair,brand-service,en,INDEX,Maserati Mechanical Repair Dubai,14,0,0,2,PRIMARY,NOT ORPHANED,RETAIN existing natural relationships,NO,Rendered distinct incoming source counts by link category,Cards count as contextual discovery; footer/nav excluded.
/brands/maserati-service-dubai/oil-change,brand-service,en,INDEX,Maserati Oil Change Dubai,14,0,0,2,PRIMARY,NOT ORPHANED,RETAIN existing natural relationships,NO,Rendered distinct incoming source counts by link category,Cards count as contextual discovery; footer/nav excluded.
/brands/maserati-service-dubai/steering-repair,brand-service,en,INDEX,Maserati Steering Repair Dubai,14,0,0,2,PRIMARY,NOT ORPHANED,RETAIN existing natural relationships,NO,Rendered distinct incoming source counts by link category,Cards count as contextual discovery; footer/nav excluded.
/brands/maserati-service-dubai/suspension-repair,brand-service,en,INDEX,Maserati Suspension Repair Dubai,14,0,0,2,PRIMARY,NOT ORPHANED,RETAIN existing natural relationships,NO,Rendered distinct incoming source counts by link category,Cards count as contextual discovery; footer/nav excluded.
/brands/maserati-service-dubai/tire-repair,brand-service,en,INDEX,Maserati Tyre Repair Dubai,14,0,0,2,PRIMARY,NOT ORPHANED,RETAIN existing natural relationships,NO,Rendered distinct incoming source counts by link category,Cards count as contextual discovery; footer/nav excluded.
/brands/maserati-service-dubai/transmission-repair,brand-service,en,INDEX,Maserati Transmission Repair Dubai,14,0,0,2,PRIMARY,NOT ORPHANED,RETAIN existing natural relationships,NO,Rendered distinct incoming source counts by link category,Cards count as contextual discovery; footer/nav excluded.
/brands/maybach-service-dubai,brand,en,INDEX,Maybach service and repair discovery,58,0,14,1,PRIMARY,NOT ORPHANED,RETAIN existing natural relationships,NO,Rendered distinct incoming source counts by link category,Cards count as contextual discovery; footer/nav excluded.
/brands/maybach-service-dubai/ac-repair,brand-service,en,INDEX,Mercedes-Maybach AC Repair Dubai,14,0,0,2,PRIMARY,NOT ORPHANED,RETAIN existing natural relationships,NO,Rendered distinct incoming source counts by link category,Cards count as contextual discovery; footer/nav excluded.
/brands/maybach-service-dubai/battery-replacement,brand-service,en,INDEX,Mercedes-Maybach Battery Replacement Dubai,14,0,0,2,PRIMARY,NOT ORPHANED,RETAIN existing natural relationships,NO,Rendered distinct incoming source counts by link category,Cards count as contextual discovery; footer/nav excluded.
/brands/maybach-service-dubai/body-repair,brand-service,en,INDEX,"Commercial repair: dents, damaged paint, refinishing and collision work",14,0,0,2,PRIMARY,NOT ORPHANED,RETAIN existing natural relationships,NO,Rendered distinct incoming source counts by link category,Cards count as contextual discovery; footer/nav excluded.
/brands/maybach-service-dubai/brake-repair,brand-service,en,INDEX,Mercedes-Maybach Brake Repair Dubai,14,0,0,2,PRIMARY,NOT ORPHANED,RETAIN existing natural relationships,NO,Rendered distinct incoming source counts by link category,Cards count as contextual discovery; footer/nav excluded.
/brands/maybach-service-dubai/electrical-repair,brand-service,en,INDEX,Mercedes-Maybach Electrical Repair Dubai,14,0,0,2,PRIMARY,NOT ORPHANED,RETAIN existing natural relationships,NO,Rendered distinct incoming source counts by link category,Cards count as contextual discovery; footer/nav excluded.
/brands/maybach-service-dubai/engine-diagnostics,brand-service,en,INDEX,Mercedes-Maybach Engine Diagnostics Dubai,14,0,0,2,PRIMARY,NOT ORPHANED,RETAIN existing natural relationships,NO,Rendered distinct incoming source counts by link category,Cards count as contextual discovery; footer/nav excluded.
/brands/maybach-service-dubai/exhaust-repair,brand-service,en,INDEX,Mercedes-Maybach Exhaust Repair Dubai,14,0,0,2,PRIMARY,NOT ORPHANED,RETAIN existing natural relationships,NO,Rendered distinct incoming source counts by link category,Cards count as contextual discovery; footer/nav excluded.
/brands/maybach-service-dubai/fuel-system-repair,brand-service,en,INDEX,Mercedes-Maybach Fuel System Repair Dubai,14,0,0,2,PRIMARY,NOT ORPHANED,RETAIN existing natural relationships,NO,Rendered distinct incoming source counts by link category,Cards count as contextual discovery; footer/nav excluded.
/brands/maybach-service-dubai/mechanical-repair,brand-service,en,INDEX,Mercedes-Maybach Mechanical Repair Dubai,14,0,0,2,PRIMARY,NOT ORPHANED,RETAIN existing natural relationships,NO,Rendered distinct incoming source counts by link category,Cards count as contextual discovery; footer/nav excluded.
/brands/maybach-service-dubai/oil-change,brand-service,en,INDEX,Mercedes-Maybach Oil Change Dubai,14,0,0,2,PRIMARY,NOT ORPHANED,RETAIN existing natural relationships,NO,Rendered distinct incoming source counts by link category,Cards count as contextual discovery; footer/nav excluded.
/brands/maybach-service-dubai/steering-repair,brand-service,en,INDEX,Mercedes-Maybach Steering Repair Dubai,14,0,0,2,PRIMARY,NOT ORPHANED,RETAIN existing natural relationships,NO,Rendered distinct incoming source counts by link category,Cards count as contextual discovery; footer/nav excluded.
/brands/maybach-service-dubai/suspension-repair,brand-service,en,INDEX,Mercedes-Maybach Suspension Repair Dubai,14,0,0,2,PRIMARY,NOT ORPHANED,RETAIN existing natural relationships,NO,Rendered distinct incoming source counts by link category,Cards count as contextual discovery; footer/nav excluded.
/brands/maybach-service-dubai/tire-repair,brand-service,en,INDEX,Mercedes-Maybach Tyre Repair Dubai,14,0,0,2,PRIMARY,NOT ORPHANED,RETAIN existing natural relationships,NO,Rendered distinct incoming source counts by link category,Cards count as contextual discovery; footer/nav excluded.
/brands/maybach-service-dubai/transmission-repair,brand-service,en,INDEX,Mercedes-Maybach Transmission Repair Dubai,14,0,0,2,PRIMARY,NOT ORPHANED,RETAIN existing natural relationships,NO,Rendered distinct incoming source counts by link category,Cards count as contextual discovery; footer/nav excluded.
/brands/mclaren-service-dubai,brand,en,INDEX,McLaren Service & Repair Dubai,57,0,14,1,PRIMARY,NOT ORPHANED,RETAIN existing natural relationships,NO,Rendered distinct incoming source counts by link category,Cards count as contextual discovery; footer/nav excluded.
/brands/mclaren-service-dubai/ac-repair,brand-service,en,INDEX,McLaren AC Repair Dubai,14,0,0,2,PRIMARY,NOT ORPHANED,RETAIN existing natural relationships,NO,Rendered distinct incoming source counts by link category,Cards count as contextual discovery; footer/nav excluded.
/brands/mclaren-service-dubai/battery-replacement,brand-service,en,INDEX,McLaren Battery Replacement Dubai,14,0,0,2,PRIMARY,NOT ORPHANED,RETAIN existing natural relationships,NO,Rendered distinct incoming source counts by link category,Cards count as contextual discovery; footer/nav excluded.
/brands/mclaren-service-dubai/body-repair,brand-service,en,INDEX,"Commercial repair: dents, damaged paint, refinishing and collision work",14,0,0,2,PRIMARY,NOT ORPHANED,RETAIN existing natural relationships,NO,Rendered distinct incoming source counts by link category,Cards count as contextual discovery; footer/nav excluded.
/brands/mclaren-service-dubai/brake-repair,brand-service,en,INDEX,McLaren Brake Repair Dubai,14,0,0,2,PRIMARY,NOT ORPHANED,RETAIN existing natural relationships,NO,Rendered distinct incoming source counts by link category,Cards count as contextual discovery; footer/nav excluded.
/brands/mclaren-service-dubai/electrical-repair,brand-service,en,INDEX,McLaren Electrical Repair Dubai,14,0,0,2,PRIMARY,NOT ORPHANED,RETAIN existing natural relationships,NO,Rendered distinct incoming source counts by link category,Cards count as contextual discovery; footer/nav excluded.
/brands/mclaren-service-dubai/engine-diagnostics,brand-service,en,INDEX,McLaren Engine Diagnostics Dubai,15,0,0,2,PRIMARY,NOT ORPHANED,RETAIN existing natural relationships,NO,Rendered distinct incoming source counts by link category,Cards count as contextual discovery; footer/nav excluded.
/brands/mclaren-service-dubai/exhaust-repair,brand-service,en,INDEX,McLaren Exhaust Repair Dubai,14,0,0,2,PRIMARY,NOT ORPHANED,RETAIN existing natural relationships,NO,Rendered distinct incoming source counts by link category,Cards count as contextual discovery; footer/nav excluded.
/brands/mclaren-service-dubai/fuel-system-repair,brand-service,en,INDEX,McLaren Fuel System Repair Dubai,14,0,0,2,PRIMARY,NOT ORPHANED,RETAIN existing natural relationships,NO,Rendered distinct incoming source counts by link category,Cards count as contextual discovery; footer/nav excluded.
/brands/mclaren-service-dubai/mechanical-repair,brand-service,en,INDEX,McLaren Engine & Mechanical Repair Dubai,15,0,0,2,PRIMARY,NOT ORPHANED,RETAIN existing natural relationships,NO,Rendered distinct incoming source counts by link category,Cards count as contextual discovery; footer/nav excluded.
/brands/mclaren-service-dubai/oil-change,brand-service,en,INDEX,McLaren Oil Change & Maintenance Dubai,16,0,0,2,PRIMARY,NOT ORPHANED,RETAIN existing natural relationships,NO,Rendered distinct incoming source counts by link category,Cards count as contextual discovery; footer/nav excluded.
/brands/mclaren-service-dubai/steering-repair,brand-service,en,INDEX,McLaren Steering Repair Dubai,14,0,0,2,PRIMARY,NOT ORPHANED,RETAIN existing natural relationships,NO,Rendered distinct incoming source counts by link category,Cards count as contextual discovery; footer/nav excluded.
/brands/mclaren-service-dubai/suspension-repair,brand-service,en,INDEX,McLaren Suspension Repair Dubai,15,0,0,2,PRIMARY,NOT ORPHANED,RETAIN existing natural relationships,NO,Rendered distinct incoming source counts by link category,Cards count as contextual discovery; footer/nav excluded.
/brands/mclaren-service-dubai/tire-repair,brand-service,en,INDEX,McLaren Tyre Repair Dubai,14,0,0,2,PRIMARY,NOT ORPHANED,RETAIN existing natural relationships,NO,Rendered distinct incoming source counts by link category,Cards count as contextual discovery; footer/nav excluded.
/brands/mclaren-service-dubai/transmission-repair,brand-service,en,INDEX,McLaren Transmission Repair Dubai,15,0,0,2,PRIMARY,NOT ORPHANED,RETAIN existing natural relationships,NO,Rendered distinct incoming source counts by link category,Cards count as contextual discovery; footer/nav excluded.
/brands/mercedes-benz-service-dubai,brand,en,INDEX,Book independent Mercedes workshop service/repair,78,2,35,1,PRIMARY,NOT ORPHANED,RETAIN existing natural relationships,NO,Rendered distinct incoming source counts by link category,Cards count as contextual discovery; footer/nav excluded.
/brands/mini-service-dubai,brand,en,INDEX,MINI Repair & Service Dubai,10,0,6,1,PRIMARY,NOT ORPHANED,RETAIN existing natural relationships,NO,Rendered distinct incoming source counts by link category,Cards count as contextual discovery; footer/nav excluded.
/brands/mini-service-dubai/ac-repair,brand-service,en,INDEX,MINI AC Repair Dubai,6,0,0,2,PRIMARY,NOT ORPHANED,RETAIN existing natural relationships,NO,Rendered distinct incoming source counts by link category,Cards count as contextual discovery; footer/nav excluded.
/brands/mini-service-dubai/brake-repair,brand-service,en,INDEX,MINI Brake Repair Dubai,6,0,0,2,PRIMARY,NOT ORPHANED,RETAIN existing natural relationships,NO,Rendered distinct incoming source counts by link category,Cards count as contextual discovery; footer/nav excluded.
/brands/mini-service-dubai/engine-diagnostics,brand-service,en,INDEX,MINI Engine Diagnostics Dubai,6,0,0,2,PRIMARY,NOT ORPHANED,RETAIN existing natural relationships,NO,Rendered distinct incoming source counts by link category,Cards count as contextual discovery; footer/nav excluded.
/brands/mini-service-dubai/oil-change,brand-service,en,INDEX,MINI Oil Change Dubai,6,0,0,2,PRIMARY,NOT ORPHANED,RETAIN existing natural relationships,NO,Rendered distinct incoming source counts by link category,Cards count as contextual discovery; footer/nav excluded.
/brands/mini-service-dubai/suspension-repair,brand-service,en,NOINDEX,MINI Suspension Repair Dubai,6,0,0,2,SUPPORT / UTILITY,INTENTIONAL SUPPORT PAGE,RETAIN existing natural relationships,NO,Rendered distinct incoming source counts by link category,Cards count as contextual discovery; footer/nav excluded.
/brands/mini-service-dubai/transmission-repair,brand-service,en,NOINDEX,MINI Transmission Repair Dubai,6,0,0,2,SUPPORT / UTILITY,INTENTIONAL SUPPORT PAGE,RETAIN existing natural relationships,NO,Rendered distinct incoming source counts by link category,Cards count as contextual discovery; footer/nav excluded.
/brands/pagani-service-dubai,brand,en,INDEX,Pagani Repair & Service Dubai,17,0,14,1,PRIMARY,NOT ORPHANED,RETAIN existing natural relationships,NO,Rendered distinct incoming source counts by link category,Cards count as contextual discovery; footer/nav excluded.
/brands/pagani-service-dubai/ac-repair,brand-service,en,INDEX,Pagani AC Repair Dubai,14,0,0,2,PRIMARY,NOT ORPHANED,RETAIN existing natural relationships,NO,Rendered distinct incoming source counts by link category,Cards count as contextual discovery; footer/nav excluded.
/brands/pagani-service-dubai/battery-replacement,brand-service,en,NOINDEX,Pagani Battery Replacement Dubai,14,0,0,2,SUPPORT / UTILITY,INTENTIONAL SUPPORT PAGE,RETAIN existing natural relationships,NO,Rendered distinct incoming source counts by link category,Cards count as contextual discovery; footer/nav excluded.
/brands/pagani-service-dubai/body-repair,brand-service,en,NOINDEX,"Commercial repair: dents, damaged paint, refinishing and collision work",14,0,0,2,SUPPORT / UTILITY,INTENTIONAL SUPPORT PAGE,RETAIN existing natural relationships,NO,Rendered distinct incoming source counts by link category,Cards count as contextual discovery; footer/nav excluded.
/brands/pagani-service-dubai/brake-repair,brand-service,en,INDEX,Pagani Brake Repair Dubai,14,0,0,2,PRIMARY,NOT ORPHANED,RETAIN existing natural relationships,NO,Rendered distinct incoming source counts by link category,Cards count as contextual discovery; footer/nav excluded.
/brands/pagani-service-dubai/electrical-repair,brand-service,en,NOINDEX,Pagani Electrical Repair Dubai,14,0,0,2,SUPPORT / UTILITY,INTENTIONAL SUPPORT PAGE,RETAIN existing natural relationships,NO,Rendered distinct incoming source counts by link category,Cards count as contextual discovery; footer/nav excluded.
/brands/pagani-service-dubai/engine-diagnostics,brand-service,en,INDEX,Pagani Engine Diagnostics Dubai,14,0,0,2,PRIMARY,NOT ORPHANED,RETAIN existing natural relationships,NO,Rendered distinct incoming source counts by link category,Cards count as contextual discovery; footer/nav excluded.
/brands/pagani-service-dubai/exhaust-repair,brand-service,en,NOINDEX,Pagani Exhaust Repair Dubai,14,0,0,2,SUPPORT / UTILITY,INTENTIONAL SUPPORT PAGE,RETAIN existing natural relationships,NO,Rendered distinct incoming source counts by link category,Cards count as contextual discovery; footer/nav excluded.
/brands/pagani-service-dubai/fuel-system-repair,brand-service,en,NOINDEX,Pagani Fuel System Repair Dubai,14,0,0,2,SUPPORT / UTILITY,INTENTIONAL SUPPORT PAGE,RETAIN existing natural relationships,NO,Rendered distinct incoming source counts by link category,Cards count as contextual discovery; footer/nav excluded.
/brands/pagani-service-dubai/mechanical-repair,brand-service,en,NOINDEX,Pagani Mechanical Repair Dubai,14,0,0,2,SUPPORT / UTILITY,INTENTIONAL SUPPORT PAGE,RETAIN existing natural relationships,NO,Rendered distinct incoming source counts by link category,Cards count as contextual discovery; footer/nav excluded.
/brands/pagani-service-dubai/oil-change,brand-service,en,INDEX,Pagani Oil Change Dubai,14,0,0,2,PRIMARY,NOT ORPHANED,RETAIN existing natural relationships,NO,Rendered distinct incoming source counts by link category,Cards count as contextual discovery; footer/nav excluded.
/brands/pagani-service-dubai/steering-repair,brand-service,en,NOINDEX,Pagani Steering Repair Dubai,14,0,0,2,SUPPORT / UTILITY,INTENTIONAL SUPPORT PAGE,RETAIN existing natural relationships,NO,Rendered distinct incoming source counts by link category,Cards count as contextual discovery; footer/nav excluded.
/brands/pagani-service-dubai/suspension-repair,brand-service,en,NOINDEX,Pagani Suspension Repair Dubai,14,0,0,2,SUPPORT / UTILITY,INTENTIONAL SUPPORT PAGE,RETAIN existing natural relationships,NO,Rendered distinct incoming source counts by link category,Cards count as contextual discovery; footer/nav excluded.
/brands/pagani-service-dubai/tire-repair,brand-service,en,NOINDEX,Pagani Tyre Repair Dubai,14,0,0,2,SUPPORT / UTILITY,INTENTIONAL SUPPORT PAGE,RETAIN existing natural relationships,NO,Rendered distinct incoming source counts by link category,Cards count as contextual discovery; footer/nav excluded.
/brands/pagani-service-dubai/transmission-repair,brand-service,en,NOINDEX,Pagani Transmission Repair Dubai,14,0,0,2,SUPPORT / UTILITY,INTENTIONAL SUPPORT PAGE,RETAIN existing natural relationships,NO,Rendered distinct incoming source counts by link category,Cards count as contextual discovery; footer/nav excluded.
/brands/porsche-service-dubai,brand,en,INDEX,Porsche service/repair discovery,73,0,79,1,PRIMARY,NOT ORPHANED,RETAIN existing natural relationships,NO,Rendered distinct incoming source counts by link category,Cards count as contextual discovery; footer/nav excluded.
/brands/porsche-service-dubai/ac-repair,brand-service,en,INDEX,Porsche AC repair,18,0,0,2,PRIMARY,NOT ORPHANED,RETAIN existing natural relationships,NO,Rendered distinct incoming source counts by link category,Cards count as contextual discovery; footer/nav excluded.
/brands/porsche-service-dubai/battery-replacement,brand-service,en,INDEX,Porsche battery fitting,18,0,0,2,PRIMARY,NOT ORPHANED,RETAIN existing natural relationships,NO,Rendered distinct incoming source counts by link category,Cards count as contextual discovery; footer/nav excluded.
/brands/porsche-service-dubai/body-repair,brand-service,en,INDEX,"Commercial repair: dents, damaged paint, refinishing and collision work",15,0,0,2,PRIMARY,NOT ORPHANED,RETAIN existing natural relationships,NO,Rendered distinct incoming source counts by link category,Cards count as contextual discovery; footer/nav excluded.
/brands/porsche-service-dubai/brake-repair,brand-service,en,INDEX,Porsche brake repair,21,0,0,2,PRIMARY,NOT ORPHANED,RETAIN existing natural relationships,NO,Rendered distinct incoming source counts by link category,Cards count as contextual discovery; footer/nav excluded.
/brands/porsche-service-dubai/electrical-repair,brand-service,en,INDEX,Porsche electrical assessment,19,0,0,2,PRIMARY,NOT ORPHANED,RETAIN existing natural relationships,NO,Rendered distinct incoming source counts by link category,Cards count as contextual discovery; footer/nav excluded.
/brands/porsche-service-dubai/engine-diagnostics,brand-service,en,INDEX,Porsche diagnostics,30,0,0,2,PRIMARY,NOT ORPHANED,RETAIN existing natural relationships,NO,Rendered distinct incoming source counts by link category,Cards count as contextual discovery; footer/nav excluded.
/brands/porsche-service-dubai/exhaust-repair,brand-service,en,INDEX,Porsche exhaust repair,15,0,0,2,PRIMARY,NOT ORPHANED,RETAIN existing natural relationships,NO,Rendered distinct incoming source counts by link category,Cards count as contextual discovery; footer/nav excluded.
/brands/porsche-service-dubai/fuel-system-repair,brand-service,en,INDEX,Commercial Service,15,0,0,2,PRIMARY,NOT ORPHANED,RETAIN existing natural relationships,NO,Rendered distinct incoming source counts by link category,Cards count as contextual discovery; footer/nav excluded.
/brands/porsche-service-dubai/mechanical-repair,brand-service,en,INDEX,Porsche mechanical repair,24,0,0,2,PRIMARY,NOT ORPHANED,RETAIN existing natural relationships,NO,Rendered distinct incoming source counts by link category,Cards count as contextual discovery; footer/nav excluded.
/brands/porsche-service-dubai/oil-change,brand-service,en,INDEX,Porsche oil change,26,0,0,2,PRIMARY,NOT ORPHANED,RETAIN existing natural relationships,NO,Rendered distinct incoming source counts by link category,Cards count as contextual discovery; footer/nav excluded.
/brands/porsche-service-dubai/steering-repair,brand-service,en,INDEX,Porsche steering repair,17,1,0,2,PRIMARY,NOT ORPHANED,RETAIN existing natural relationships,NO,Rendered distinct incoming source counts by link category,Cards count as contextual discovery; footer/nav excluded.
/brands/porsche-service-dubai/suspension-repair,brand-service,en,INDEX,Porsche suspension repair,35,0,0,2,PRIMARY,NOT ORPHANED,RETAIN existing natural relationships,NO,Rendered distinct incoming source counts by link category,Cards count as contextual discovery; footer/nav excluded.
/brands/porsche-service-dubai/tire-repair,brand-service,en,INDEX,Porsche tyre/wheel service,16,0,0,2,PRIMARY,NOT ORPHANED,RETAIN existing natural relationships,NO,Rendered distinct incoming source counts by link category,Cards count as contextual discovery; footer/nav excluded.
/brands/porsche-service-dubai/transmission-repair,brand-service,en,INDEX,Porsche transmission/PDK repair,33,0,0,2,PRIMARY,NOT ORPHANED,RETAIN existing natural relationships,NO,Rendered distinct incoming source counts by link category,Cards count as contextual discovery; footer/nav excluded.
/brands/range-rover-service-dubai,brand,en,INDEX,Range Rover Repair & Service Dubai,38,0,14,1,PRIMARY,NOT ORPHANED,RETAIN existing natural relationships,NO,Rendered distinct incoming source counts by link category,Cards count as contextual discovery; footer/nav excluded.
/brands/range-rover-service-dubai/ac-repair,brand-service,en,INDEX,Range Rover AC Repair Dubai,15,0,0,2,PRIMARY,NOT ORPHANED,RETAIN existing natural relationships,NO,Rendered distinct incoming source counts by link category,Cards count as contextual discovery; footer/nav excluded.
/brands/range-rover-service-dubai/battery-replacement,brand-service,en,INDEX,Range Rover Battery Replacement Dubai,14,0,0,2,PRIMARY,NOT ORPHANED,RETAIN existing natural relationships,NO,Rendered distinct incoming source counts by link category,Cards count as contextual discovery; footer/nav excluded.
/brands/range-rover-service-dubai/body-repair,brand-service,en,INDEX,"Commercial repair: dents, damaged paint, refinishing and collision work",14,0,0,2,PRIMARY,NOT ORPHANED,RETAIN existing natural relationships,NO,Rendered distinct incoming source counts by link category,Cards count as contextual discovery; footer/nav excluded.
/brands/range-rover-service-dubai/brake-repair,brand-service,en,INDEX,Range Rover Brake Repair Dubai,16,0,0,2,PRIMARY,NOT ORPHANED,RETAIN existing natural relationships,NO,Rendered distinct incoming source counts by link category,Cards count as contextual discovery; footer/nav excluded.
/brands/range-rover-service-dubai/electrical-repair,brand-service,en,INDEX,Range Rover Electrical Repair Dubai,15,0,0,2,PRIMARY,NOT ORPHANED,RETAIN existing natural relationships,NO,Rendered distinct incoming source counts by link category,Cards count as contextual discovery; footer/nav excluded.
/brands/range-rover-service-dubai/engine-diagnostics,brand-service,en,INDEX,Range Rover Engine Diagnostics Dubai,15,0,0,2,PRIMARY,NOT ORPHANED,RETAIN existing natural relationships,NO,Rendered distinct incoming source counts by link category,Cards count as contextual discovery; footer/nav excluded.
/brands/range-rover-service-dubai/exhaust-repair,brand-service,en,INDEX,Range Rover Exhaust Repair Dubai,14,0,0,2,PRIMARY,NOT ORPHANED,RETAIN existing natural relationships,NO,Rendered distinct incoming source counts by link category,Cards count as contextual discovery; footer/nav excluded.
/brands/range-rover-service-dubai/fuel-system-repair,brand-service,en,INDEX,Range Rover Fuel System Repair Dubai,14,0,0,2,PRIMARY,NOT ORPHANED,RETAIN existing natural relationships,NO,Rendered distinct incoming source counts by link category,Cards count as contextual discovery; footer/nav excluded.
/brands/range-rover-service-dubai/mechanical-repair,brand-service,en,INDEX,Range Rover Mechanical Repair Dubai,15,0,0,2,PRIMARY,NOT ORPHANED,RETAIN existing natural relationships,NO,Rendered distinct incoming source counts by link category,Cards count as contextual discovery; footer/nav excluded.
/brands/range-rover-service-dubai/oil-change,brand-service,en,INDEX,Range Rover Oil Change Dubai,14,0,0,2,PRIMARY,NOT ORPHANED,RETAIN existing natural relationships,NO,Rendered distinct incoming source counts by link category,Cards count as contextual discovery; footer/nav excluded.
/brands/range-rover-service-dubai/steering-repair,brand-service,en,INDEX,Range Rover Steering Repair Dubai,14,0,0,2,PRIMARY,NOT ORPHANED,RETAIN existing natural relationships,NO,Rendered distinct incoming source counts by link category,Cards count as contextual discovery; footer/nav excluded.
/brands/range-rover-service-dubai/suspension-repair,brand-service,en,INDEX,Range Rover Suspension Repair Dubai,17,0,0,2,PRIMARY,NOT ORPHANED,RETAIN existing natural relationships,NO,Rendered distinct incoming source counts by link category,Cards count as contextual discovery; footer/nav excluded.
/brands/range-rover-service-dubai/tire-repair,brand-service,en,INDEX,Range Rover Tyre Repair Dubai,14,0,0,2,PRIMARY,NOT ORPHANED,RETAIN existing natural relationships,NO,Rendered distinct incoming source counts by link category,Cards count as contextual discovery; footer/nav excluded.
/brands/range-rover-service-dubai/transmission-repair,brand-service,en,INDEX,Range Rover Transmission Repair Dubai,16,0,0,2,PRIMARY,NOT ORPHANED,RETAIN existing natural relationships,NO,Rendered distinct incoming source counts by link category,Cards count as contextual discovery; footer/nav excluded.
/brands/rolls-royce-service-dubai,brand,en,INDEX,Rolls-Royce service and repair discovery,58,0,14,1,PRIMARY,NOT ORPHANED,RETAIN existing natural relationships,NO,Rendered distinct incoming source counts by link category,Cards count as contextual discovery; footer/nav excluded.
/brands/rolls-royce-service-dubai/ac-repair,brand-service,en,INDEX,Rolls-Royce AC Repair Dubai,15,0,0,2,PRIMARY,NOT ORPHANED,RETAIN existing natural relationships,NO,Rendered distinct incoming source counts by link category,Cards count as contextual discovery; footer/nav excluded.
/brands/rolls-royce-service-dubai/battery-replacement,brand-service,en,INDEX,Rolls-Royce Battery Replacement Dubai,14,0,0,2,PRIMARY,NOT ORPHANED,RETAIN existing natural relationships,NO,Rendered distinct incoming source counts by link category,Cards count as contextual discovery; footer/nav excluded.
/brands/rolls-royce-service-dubai/body-repair,brand-service,en,INDEX,"Commercial repair: dents, damaged paint, refinishing and collision work",14,0,0,2,PRIMARY,NOT ORPHANED,RETAIN existing natural relationships,NO,Rendered distinct incoming source counts by link category,Cards count as contextual discovery; footer/nav excluded.
/brands/rolls-royce-service-dubai/brake-repair,brand-service,en,INDEX,Rolls-Royce Brake Repair Dubai,14,0,0,2,PRIMARY,NOT ORPHANED,RETAIN existing natural relationships,NO,Rendered distinct incoming source counts by link category,Cards count as contextual discovery; footer/nav excluded.
/brands/rolls-royce-service-dubai/electrical-repair,brand-service,en,INDEX,Rolls-Royce Electrical Repair Dubai,14,0,0,2,PRIMARY,NOT ORPHANED,RETAIN existing natural relationships,NO,Rendered distinct incoming source counts by link category,Cards count as contextual discovery; footer/nav excluded.
/brands/rolls-royce-service-dubai/engine-diagnostics,brand-service,en,INDEX,Rolls-Royce Engine Diagnostics Dubai,15,0,0,2,PRIMARY,NOT ORPHANED,RETAIN existing natural relationships,NO,Rendered distinct incoming source counts by link category,Cards count as contextual discovery; footer/nav excluded.
/brands/rolls-royce-service-dubai/exhaust-repair,brand-service,en,INDEX,Rolls-Royce Exhaust Repair Dubai,14,0,0,2,PRIMARY,NOT ORPHANED,RETAIN existing natural relationships,NO,Rendered distinct incoming source counts by link category,Cards count as contextual discovery; footer/nav excluded.
/brands/rolls-royce-service-dubai/fuel-system-repair,brand-service,en,INDEX,Rolls-Royce Fuel System Repair Dubai,14,0,0,2,PRIMARY,NOT ORPHANED,RETAIN existing natural relationships,NO,Rendered distinct incoming source counts by link category,Cards count as contextual discovery; footer/nav excluded.
/brands/rolls-royce-service-dubai/mechanical-repair,brand-service,en,INDEX,Rolls-Royce Engine Repair Dubai,14,0,0,2,PRIMARY,NOT ORPHANED,RETAIN existing natural relationships,NO,Rendered distinct incoming source counts by link category,Cards count as contextual discovery; footer/nav excluded.
/brands/rolls-royce-service-dubai/oil-change,brand-service,en,INDEX,Rolls-Royce Oil Change & Maintenance Dubai,16,0,0,2,PRIMARY,NOT ORPHANED,RETAIN existing natural relationships,NO,Rendered distinct incoming source counts by link category,Cards count as contextual discovery; footer/nav excluded.
/brands/rolls-royce-service-dubai/steering-repair,brand-service,en,INDEX,Rolls-Royce Steering Repair Dubai,14,0,0,2,PRIMARY,NOT ORPHANED,RETAIN existing natural relationships,NO,Rendered distinct incoming source counts by link category,Cards count as contextual discovery; footer/nav excluded.
/brands/rolls-royce-service-dubai/suspension-repair,brand-service,en,INDEX,Rolls-Royce Suspension Repair Dubai,16,0,0,2,PRIMARY,NOT ORPHANED,RETAIN existing natural relationships,NO,Rendered distinct incoming source counts by link category,Cards count as contextual discovery; footer/nav excluded.
/brands/rolls-royce-service-dubai/tire-repair,brand-service,en,INDEX,Rolls-Royce Tyre Repair Dubai,14,0,0,2,PRIMARY,NOT ORPHANED,RETAIN existing natural relationships,NO,Rendered distinct incoming source counts by link category,Cards count as contextual discovery; footer/nav excluded.
/brands/rolls-royce-service-dubai/transmission-repair,brand-service,en,INDEX,Rolls-Royce Transmission Repair Dubai,16,0,0,2,PRIMARY,NOT ORPHANED,RETAIN existing natural relationships,NO,Rendered distinct incoming source counts by link category,Cards count as contextual discovery; footer/nav excluded.
/brands/rox-service-dubai,brand,en,INDEX,ROX 01 Service & Repair Dubai,18,0,15,1,PRIMARY,NOT ORPHANED,RETAIN existing natural relationships,NO,Rendered distinct incoming source counts by link category,Cards count as contextual discovery; footer/nav excluded.
/brands/rox-service-dubai/ac-repair,brand-service,en,INDEX,ROX AC Repair Dubai,15,0,0,2,PRIMARY,NOT ORPHANED,RETAIN existing natural relationships,NO,Rendered distinct incoming source counts by link category,Cards count as contextual discovery; footer/nav excluded.
/brands/rox-service-dubai/battery-replacement,brand-service,en,NOINDEX,ROX Battery Replacement Dubai,14,0,0,3,SUPPORT / UTILITY,INTENTIONAL SUPPORT PAGE,RETAIN existing natural relationships,NO,Rendered distinct incoming source counts by link category,Cards count as contextual discovery; footer/nav excluded.
/brands/rox-service-dubai/body-repair,brand-service,en,NOINDEX,"Commercial repair: dents, damaged paint, refinishing and collision work",14,0,0,3,SUPPORT / UTILITY,INTENTIONAL SUPPORT PAGE,RETAIN existing natural relationships,NO,Rendered distinct incoming source counts by link category,Cards count as contextual discovery; footer/nav excluded.
/brands/rox-service-dubai/brake-repair,brand-service,en,INDEX,ROX Brake Repair Dubai,15,0,0,2,PRIMARY,NOT ORPHANED,RETAIN existing natural relationships,NO,Rendered distinct incoming source counts by link category,Cards count as contextual discovery; footer/nav excluded.
/brands/rox-service-dubai/electrical-repair,brand-service,en,NOINDEX,ROX Electrical Repair Dubai,14,0,0,3,SUPPORT / UTILITY,INTENTIONAL SUPPORT PAGE,RETAIN existing natural relationships,NO,Rendered distinct incoming source counts by link category,Cards count as contextual discovery; footer/nav excluded.
/brands/rox-service-dubai/engine-diagnostics,brand-service,en,INDEX,ROX 01 Diagnostic Assessment in Dubai,15,0,0,2,PRIMARY,NOT ORPHANED,RETAIN existing natural relationships,NO,Rendered distinct incoming source counts by link category,Cards count as contextual discovery; footer/nav excluded.
/brands/rox-service-dubai/exhaust-repair,brand-service,en,NOINDEX,ROX Exhaust Repair Dubai,14,0,0,3,SUPPORT / UTILITY,INTENTIONAL SUPPORT PAGE,RETAIN existing natural relationships,NO,Rendered distinct incoming source counts by link category,Cards count as contextual discovery; footer/nav excluded.
/brands/rox-service-dubai/fuel-system-repair,brand-service,en,NOINDEX,ROX Fuel System Repair Dubai,14,0,0,3,SUPPORT / UTILITY,INTENTIONAL SUPPORT PAGE,RETAIN existing natural relationships,NO,Rendered distinct incoming source counts by link category,Cards count as contextual discovery; footer/nav excluded.
/brands/rox-service-dubai/mechanical-repair,brand-service,en,NOINDEX,ROX Mechanical Repair Dubai,14,0,0,3,SUPPORT / UTILITY,INTENTIONAL SUPPORT PAGE,RETAIN existing natural relationships,NO,Rendered distinct incoming source counts by link category,Cards count as contextual discovery; footer/nav excluded.
/brands/rox-service-dubai/oil-change,brand-service,en,INDEX,ROX 01 Range-Extender Generator Oil Service in Dubai,15,0,0,2,PRIMARY,NOT ORPHANED,RETAIN existing natural relationships,NO,Rendered distinct incoming source counts by link category,Cards count as contextual discovery; footer/nav excluded.
/brands/rox-service-dubai/soft-close-door-installation,brand-service,en,INDEX,ROX 01 Soft Close Installation Dubai,16,0,0,2,PRIMARY,NOT ORPHANED,RETAIN existing natural relationships,NO,Rendered distinct incoming source counts by link category,Cards count as contextual discovery; footer/nav excluded.
/brands/rox-service-dubai/steering-repair,brand-service,en,NOINDEX,ROX Steering Repair Dubai,14,0,0,3,SUPPORT / UTILITY,INTENTIONAL SUPPORT PAGE,RETAIN existing natural relationships,NO,Rendered distinct incoming source counts by link category,Cards count as contextual discovery; footer/nav excluded.
/brands/rox-service-dubai/suspension-repair,brand-service,en,NOINDEX,ROX Suspension Repair Dubai,14,0,0,3,SUPPORT / UTILITY,INTENTIONAL SUPPORT PAGE,RETAIN existing natural relationships,NO,Rendered distinct incoming source counts by link category,Cards count as contextual discovery; footer/nav excluded.
/brands/rox-service-dubai/tire-repair,brand-service,en,NOINDEX,ROX Tyre Repair Dubai,14,0,0,3,SUPPORT / UTILITY,INTENTIONAL SUPPORT PAGE,RETAIN existing natural relationships,NO,Rendered distinct incoming source counts by link category,Cards count as contextual discovery; footer/nav excluded.
/brands/rox-service-dubai/transmission-repair,brand-service,en,NOINDEX,ROX 01 Driveability Enquiry in Dubai,14,0,0,3,SUPPORT / UTILITY,INTENTIONAL SUPPORT PAGE,RETAIN existing natural relationships,NO,Rendered distinct incoming source counts by link category,Cards count as contextual discovery; footer/nav excluded.
/brands/subaru-service-dubai,brand,en,INDEX,Subaru Repair & Service Dubai,9,0,6,1,PRIMARY,NOT ORPHANED,RETAIN existing natural relationships,NO,Rendered distinct incoming source counts by link category,Cards count as contextual discovery; footer/nav excluded.
/brands/subaru-service-dubai/ac-repair,brand-service,en,INDEX,Subaru AC Repair Dubai,6,0,0,2,PRIMARY,NOT ORPHANED,RETAIN existing natural relationships,NO,Rendered distinct incoming source counts by link category,Cards count as contextual discovery; footer/nav excluded.
/brands/subaru-service-dubai/brake-repair,brand-service,en,INDEX,Subaru Brake Repair Dubai,6,0,0,2,PRIMARY,NOT ORPHANED,RETAIN existing natural relationships,NO,Rendered distinct incoming source counts by link category,Cards count as contextual discovery; footer/nav excluded.
/brands/subaru-service-dubai/engine-diagnostics,brand-service,en,INDEX,Subaru Engine Diagnostics Dubai,6,0,0,2,PRIMARY,NOT ORPHANED,RETAIN existing natural relationships,NO,Rendered distinct incoming source counts by link category,Cards count as contextual discovery; footer/nav excluded.
/brands/subaru-service-dubai/oil-change,brand-service,en,INDEX,Subaru Oil Change Dubai,6,0,0,2,PRIMARY,NOT ORPHANED,RETAIN existing natural relationships,NO,Rendered distinct incoming source counts by link category,Cards count as contextual discovery; footer/nav excluded.
/brands/subaru-service-dubai/suspension-repair,brand-service,en,NOINDEX,Subaru Suspension Repair Dubai,6,0,0,2,SUPPORT / UTILITY,INTENTIONAL SUPPORT PAGE,RETAIN existing natural relationships,NO,Rendered distinct incoming source counts by link category,Cards count as contextual discovery; footer/nav excluded.
/brands/subaru-service-dubai/transmission-repair,brand-service,en,NOINDEX,Subaru Transmission Repair Dubai,6,0,0,2,SUPPORT / UTILITY,INTENTIONAL SUPPORT PAGE,RETAIN existing natural relationships,NO,Rendered distinct incoming source counts by link category,Cards count as contextual discovery; footer/nav excluded.
/brands/tesla-service-dubai,brand,en,INDEX,Tesla Repair & Service Dubai,12,0,9,1,PRIMARY,NOT ORPHANED,RETAIN existing natural relationships,NO,Rendered distinct incoming source counts by link category,Cards count as contextual discovery; footer/nav excluded.
/brands/tesla-service-dubai/ac-repair,brand-service,en,INDEX,Tesla AC Repair Dubai,9,0,0,2,PRIMARY,NOT ORPHANED,RETAIN existing natural relationships,NO,Rendered distinct incoming source counts by link category,Cards count as contextual discovery; footer/nav excluded.
/brands/tesla-service-dubai/battery-replacement,brand-service,en,NOINDEX,Tesla Battery Replacement Dubai,9,0,0,2,SUPPORT / UTILITY,INTENTIONAL SUPPORT PAGE,RETAIN existing natural relationships,NO,Rendered distinct incoming source counts by link category,Cards count as contextual discovery; footer/nav excluded.
/brands/tesla-service-dubai/body-repair,brand-service,en,NOINDEX,"Commercial repair: dents, damaged paint, refinishing and collision work",9,0,0,2,SUPPORT / UTILITY,INTENTIONAL SUPPORT PAGE,RETAIN existing natural relationships,NO,Rendered distinct incoming source counts by link category,Cards count as contextual discovery; footer/nav excluded.
/brands/tesla-service-dubai/brake-repair,brand-service,en,INDEX,Tesla Brake Repair Dubai,9,0,0,2,PRIMARY,NOT ORPHANED,RETAIN existing natural relationships,NO,Rendered distinct incoming source counts by link category,Cards count as contextual discovery; footer/nav excluded.
/brands/tesla-service-dubai/electrical-repair,brand-service,en,NOINDEX,Tesla Electrical Repair Dubai,9,0,0,2,SUPPORT / UTILITY,INTENTIONAL SUPPORT PAGE,RETAIN existing natural relationships,NO,Rendered distinct incoming source counts by link category,Cards count as contextual discovery; footer/nav excluded.
/brands/tesla-service-dubai/mechanical-repair,brand-service,en,NOINDEX,Tesla Mechanical Repair Dubai,9,0,0,2,SUPPORT / UTILITY,INTENTIONAL SUPPORT PAGE,RETAIN existing natural relationships,NO,Rendered distinct incoming source counts by link category,Cards count as contextual discovery; footer/nav excluded.
/brands/tesla-service-dubai/steering-repair,brand-service,en,NOINDEX,Tesla Steering Repair Dubai,9,0,0,2,SUPPORT / UTILITY,INTENTIONAL SUPPORT PAGE,RETAIN existing natural relationships,NO,Rendered distinct incoming source counts by link category,Cards count as contextual discovery; footer/nav excluded.
/brands/tesla-service-dubai/suspension-repair,brand-service,en,NOINDEX,Tesla Suspension Repair Dubai,9,0,0,2,SUPPORT / UTILITY,INTENTIONAL SUPPORT PAGE,RETAIN existing natural relationships,NO,Rendered distinct incoming source counts by link category,Cards count as contextual discovery; footer/nav excluded.
/brands/tesla-service-dubai/tire-repair,brand-service,en,NOINDEX,Tesla Tyre Repair Dubai,9,0,0,2,SUPPORT / UTILITY,INTENTIONAL SUPPORT PAGE,RETAIN existing natural relationships,NO,Rendered distinct incoming source counts by link category,Cards count as contextual discovery; footer/nav excluded.
/brands/volkswagen-service-dubai,brand,en,INDEX,Volkswagen Repair & Service Dubai,19,0,14,1,PRIMARY,NOT ORPHANED,RETAIN existing natural relationships,NO,Rendered distinct incoming source counts by link category,Cards count as contextual discovery; footer/nav excluded.
/brands/volkswagen-service-dubai/ac-repair,brand-service,en,INDEX,Volkswagen AC Repair Dubai,14,0,0,2,PRIMARY,NOT ORPHANED,RETAIN existing natural relationships,NO,Rendered distinct incoming source counts by link category,Cards count as contextual discovery; footer/nav excluded.
/brands/volkswagen-service-dubai/battery-replacement,brand-service,en,NOINDEX,Volkswagen Battery Replacement Dubai,14,0,0,2,SUPPORT / UTILITY,INTENTIONAL SUPPORT PAGE,RETAIN existing natural relationships,NO,Rendered distinct incoming source counts by link category,Cards count as contextual discovery; footer/nav excluded.
/brands/volkswagen-service-dubai/body-repair,brand-service,en,NOINDEX,"Commercial repair: dents, damaged paint, refinishing and collision work",14,0,0,2,SUPPORT / UTILITY,INTENTIONAL SUPPORT PAGE,RETAIN existing natural relationships,NO,Rendered distinct incoming source counts by link category,Cards count as contextual discovery; footer/nav excluded.
/brands/volkswagen-service-dubai/brake-repair,brand-service,en,INDEX,Volkswagen Brake Repair Dubai,14,0,0,2,PRIMARY,NOT ORPHANED,RETAIN existing natural relationships,NO,Rendered distinct incoming source counts by link category,Cards count as contextual discovery; footer/nav excluded.
/brands/volkswagen-service-dubai/electrical-repair,brand-service,en,NOINDEX,Volkswagen Electrical Repair Dubai,14,0,0,2,SUPPORT / UTILITY,INTENTIONAL SUPPORT PAGE,RETAIN existing natural relationships,NO,Rendered distinct incoming source counts by link category,Cards count as contextual discovery; footer/nav excluded.
/brands/volkswagen-service-dubai/engine-diagnostics,brand-service,en,INDEX,Volkswagen Diagnostics & ODIS in Dubai,15,0,0,2,PRIMARY,NOT ORPHANED,RETAIN existing natural relationships,NO,Rendered distinct incoming source counts by link category,Cards count as contextual discovery; footer/nav excluded.
/brands/volkswagen-service-dubai/exhaust-repair,brand-service,en,NOINDEX,Volkswagen Exhaust Repair Dubai,14,0,0,2,SUPPORT / UTILITY,INTENTIONAL SUPPORT PAGE,RETAIN existing natural relationships,NO,Rendered distinct incoming source counts by link category,Cards count as contextual discovery; footer/nav excluded.
/brands/volkswagen-service-dubai/fuel-system-repair,brand-service,en,NOINDEX,Volkswagen Fuel System Repair Dubai,14,0,0,2,SUPPORT / UTILITY,INTENTIONAL SUPPORT PAGE,RETAIN existing natural relationships,NO,Rendered distinct incoming source counts by link category,Cards count as contextual discovery; footer/nav excluded.
/brands/volkswagen-service-dubai/mechanical-repair,brand-service,en,NOINDEX,Volkswagen Mechanical Repair Dubai,14,0,0,2,SUPPORT / UTILITY,INTENTIONAL SUPPORT PAGE,RETAIN existing natural relationships,NO,Rendered distinct incoming source counts by link category,Cards count as contextual discovery; footer/nav excluded.
/brands/volkswagen-service-dubai/oil-change,brand-service,en,INDEX,Volkswagen Oil Change Dubai,14,0,0,2,PRIMARY,NOT ORPHANED,RETAIN existing natural relationships,NO,Rendered distinct incoming source counts by link category,Cards count as contextual discovery; footer/nav excluded.
/brands/volkswagen-service-dubai/steering-repair,brand-service,en,NOINDEX,Volkswagen Steering Repair Dubai,14,0,0,2,SUPPORT / UTILITY,INTENTIONAL SUPPORT PAGE,RETAIN existing natural relationships,NO,Rendered distinct incoming source counts by link category,Cards count as contextual discovery; footer/nav excluded.
/brands/volkswagen-service-dubai/suspension-repair,brand-service,en,NOINDEX,Volkswagen Suspension Repair Dubai,14,0,0,2,SUPPORT / UTILITY,INTENTIONAL SUPPORT PAGE,RETAIN existing natural relationships,NO,Rendered distinct incoming source counts by link category,Cards count as contextual discovery; footer/nav excluded.
/brands/volkswagen-service-dubai/tire-repair,brand-service,en,NOINDEX,Volkswagen Tyre Repair Dubai,14,0,0,2,SUPPORT / UTILITY,INTENTIONAL SUPPORT PAGE,RETAIN existing natural relationships,NO,Rendered distinct incoming source counts by link category,Cards count as contextual discovery; footer/nav excluded.
/brands/volkswagen-service-dubai/transmission-repair,brand-service,en,NOINDEX,Volkswagen DSG & Transmission Assessment in Dubai,14,0,0,2,SUPPORT / UTILITY,INTENTIONAL SUPPORT PAGE,RETAIN existing natural relationships,NO,Rendered distinct incoming source counts by link category,Cards count as contextual discovery; footer/nav excluded.
/brands/volvo-service-dubai,brand,en,INDEX,Volvo Repair & Service Dubai,17,0,14,1,PRIMARY,NOT ORPHANED,RETAIN existing natural relationships,NO,Rendered distinct incoming source counts by link category,Cards count as contextual discovery; footer/nav excluded.
/brands/volvo-service-dubai/ac-repair,brand-service,en,INDEX,Volvo AC Repair Dubai,14,0,0,2,PRIMARY,NOT ORPHANED,RETAIN existing natural relationships,NO,Rendered distinct incoming source counts by link category,Cards count as contextual discovery; footer/nav excluded.
/brands/volvo-service-dubai/battery-replacement,brand-service,en,NOINDEX,Volvo Battery Replacement Dubai,14,0,0,2,SUPPORT / UTILITY,INTENTIONAL SUPPORT PAGE,RETAIN existing natural relationships,NO,Rendered distinct incoming source counts by link category,Cards count as contextual discovery; footer/nav excluded.
/brands/volvo-service-dubai/body-repair,brand-service,en,NOINDEX,"Commercial repair: dents, damaged paint, refinishing and collision work",14,0,0,2,SUPPORT / UTILITY,INTENTIONAL SUPPORT PAGE,RETAIN existing natural relationships,NO,Rendered distinct incoming source counts by link category,Cards count as contextual discovery; footer/nav excluded.
/brands/volvo-service-dubai/brake-repair,brand-service,en,INDEX,Volvo Brake Repair Dubai,14,0,0,2,PRIMARY,NOT ORPHANED,RETAIN existing natural relationships,NO,Rendered distinct incoming source counts by link category,Cards count as contextual discovery; footer/nav excluded.
/brands/volvo-service-dubai/electrical-repair,brand-service,en,NOINDEX,Volvo Electrical Repair Dubai,14,0,0,2,SUPPORT / UTILITY,INTENTIONAL SUPPORT PAGE,RETAIN existing natural relationships,NO,Rendered distinct incoming source counts by link category,Cards count as contextual discovery; footer/nav excluded.
/brands/volvo-service-dubai/engine-diagnostics,brand-service,en,INDEX,Volvo Engine Diagnostics Dubai,14,0,0,2,PRIMARY,NOT ORPHANED,RETAIN existing natural relationships,NO,Rendered distinct incoming source counts by link category,Cards count as contextual discovery; footer/nav excluded.
/brands/volvo-service-dubai/exhaust-repair,brand-service,en,NOINDEX,Volvo Exhaust Repair Dubai,14,0,0,2,SUPPORT / UTILITY,INTENTIONAL SUPPORT PAGE,RETAIN existing natural relationships,NO,Rendered distinct incoming source counts by link category,Cards count as contextual discovery; footer/nav excluded.
/brands/volvo-service-dubai/fuel-system-repair,brand-service,en,NOINDEX,Volvo Fuel System Repair Dubai,14,0,0,2,SUPPORT / UTILITY,INTENTIONAL SUPPORT PAGE,RETAIN existing natural relationships,NO,Rendered distinct incoming source counts by link category,Cards count as contextual discovery; footer/nav excluded.
/brands/volvo-service-dubai/mechanical-repair,brand-service,en,NOINDEX,Volvo Mechanical Repair Dubai,14,0,0,2,SUPPORT / UTILITY,INTENTIONAL SUPPORT PAGE,RETAIN existing natural relationships,NO,Rendered distinct incoming source counts by link category,Cards count as contextual discovery; footer/nav excluded.
/brands/volvo-service-dubai/oil-change,brand-service,en,INDEX,Volvo Oil Change Dubai,14,0,0,2,PRIMARY,NOT ORPHANED,RETAIN existing natural relationships,NO,Rendered distinct incoming source counts by link category,Cards count as contextual discovery; footer/nav excluded.
/brands/volvo-service-dubai/steering-repair,brand-service,en,NOINDEX,Volvo Steering Repair Dubai,14,0,0,2,SUPPORT / UTILITY,INTENTIONAL SUPPORT PAGE,RETAIN existing natural relationships,NO,Rendered distinct incoming source counts by link category,Cards count as contextual discovery; footer/nav excluded.
/brands/volvo-service-dubai/suspension-repair,brand-service,en,NOINDEX,Volvo Suspension Repair Dubai,14,0,0,2,SUPPORT / UTILITY,INTENTIONAL SUPPORT PAGE,RETAIN existing natural relationships,NO,Rendered distinct incoming source counts by link category,Cards count as contextual discovery; footer/nav excluded.
/brands/volvo-service-dubai/tire-repair,brand-service,en,NOINDEX,Volvo Tyre Repair Dubai,14,0,0,2,SUPPORT / UTILITY,INTENTIONAL SUPPORT PAGE,RETAIN existing natural relationships,NO,Rendered distinct incoming source counts by link category,Cards count as contextual discovery; footer/nav excluded.
/brands/volvo-service-dubai/transmission-repair,brand-service,en,NOINDEX,Volvo Transmission Repair Dubai,14,0,0,2,SUPPORT / UTILITY,INTENTIONAL SUPPORT PAGE,RETAIN existing natural relationships,NO,Rendered distinct incoming source counts by link category,Cards count as contextual discovery; footer/nav excluded.
/faq,faq,en,INDEX,Frequently Asked Questions,1,675,0,1,SUPPORT / UTILITY,UTILITY / NON-SEO,RETAIN existing natural relationships,NO,Rendered distinct incoming source counts by link category,Cards count as contextual discovery; footer/nav excluded.
/mercedes/models/c63-service-repair-dubai,service,en,INDEX,Plan service/repair for Mercedes-AMG C63 Service & Repair Dubai,8,1,0,2,PRIMARY,NOT ORPHANED,RETAIN existing natural relationships,NO,Rendered distinct incoming source counts by link category,Cards count as contextual discovery; footer/nav excluded.
/mercedes/models/e63-service-repair-dubai,service,en,INDEX,Plan service/repair for Mercedes-AMG E63 Service & Repair Dubai,5,1,0,2,PRIMARY,NOT ORPHANED,RETAIN existing natural relationships,NO,Rendered distinct incoming source counts by link category,Cards count as contextual discovery; footer/nav excluded.
/mercedes/models/g-class-service-repair-dubai,service,en,INDEX,Plan service/repair for Mercedes G-Class Service & Repair Dubai,18,1,0,2,PRIMARY,NOT ORPHANED,RETAIN existing natural relationships,NO,Rendered distinct incoming source counts by link category,Cards count as contextual discovery; footer/nav excluded.
/mercedes/models/gle-service-repair-dubai,service,en,INDEX,Plan service/repair for Mercedes GLE Service & Repair Dubai,25,1,0,2,PRIMARY,NOT ORPHANED,RETAIN existing natural relationships,NO,Rendered distinct incoming source counts by link category,Cards count as contextual discovery; footer/nav excluded.
/mercedes/models/gls-service-repair-dubai,service,en,INDEX,Plan service/repair for Mercedes GLS Service & Repair Dubai,22,1,0,2,PRIMARY,NOT ORPHANED,RETAIN existing natural relationships,NO,Rendered distinct incoming source counts by link category,Cards count as contextual discovery; footer/nav excluded.
/mercedes/models/s63-service-repair-dubai,service,en,INDEX,Plan service/repair for Mercedes-AMG S63 Service & Repair Dubai,4,1,0,2,PRIMARY,NOT ORPHANED,RETAIN existing natural relationships,NO,Rendered distinct incoming source counts by link category,Cards count as contextual discovery; footer/nav excluded.
/mercedes/problems,html-sitemap,en,INDEX,Answer Mercedes Problems & Diagnostic Guides,15,0,10,2,SUPPORT / UTILITY,UTILITY / NON-SEO,RETAIN existing natural relationships,NO,Rendered distinct incoming source counts by link category,Cards count as contextual discovery; footer/nav excluded.
/mercedes/problems/ac-not-cooling,article,en,INDEX,Understand Mercedes AC Not Cooling and decide next diagnostic step,12,0,0,2,PRIMARY,NOT ORPHANED,RETAIN existing natural relationships,NO,Rendered distinct incoming source counts by link category,Cards count as contextual discovery; footer/nav excluded.
/mercedes/problems/airmatic-malfunction,article,en,INDEX,Understand Mercedes AIRMATIC Malfunction and decide next diagnostic step,15,0,0,2,PRIMARY,NOT ORPHANED,RETAIN existing natural relationships,NO,Rendered distinct incoming source counts by link category,Cards count as contextual discovery; footer/nav excluded.
/mercedes/problems/battery-warning,article,en,INDEX,Understand Mercedes Battery Warning and decide next diagnostic step,15,0,0,2,PRIMARY,NOT ORPHANED,RETAIN existing natural relationships,NO,Rendered distinct incoming source counts by link category,Cards count as contextual discovery; footer/nav excluded.
/mercedes/problems/check-engine-light,article,en,INDEX,Understand Mercedes Check Engine Light and decide next diagnostic step,16,0,0,2,PRIMARY,NOT ORPHANED,RETAIN existing natural relationships,NO,Rendered distinct incoming source counts by link category,Cards count as contextual discovery; footer/nav excluded.
/mercedes/problems/engine-overheating,article,en,INDEX,Understand Mercedes Engine Overheating and decide next diagnostic step,12,0,0,2,PRIMARY,NOT ORPHANED,RETAIN existing natural relationships,NO,Rendered distinct incoming source counts by link category,Cards count as contextual discovery; footer/nav excluded.
/mercedes/problems/gearbox-jerking,article,en,INDEX,Understand Mercedes Gearbox Jerking When Changing Gears and decide next diagnostic step,17,0,0,2,PRIMARY,NOT ORPHANED,RETAIN existing natural relationships,NO,Rendered distinct incoming source counts by link category,Cards count as contextual discovery; footer/nav excluded.
/mercedes/problems/oil-leak,article,en,INDEX,Understand Mercedes Oil Leak and decide next diagnostic step,9,0,0,2,PRIMARY,NOT ORPHANED,RETAIN existing natural relationships,NO,Rendered distinct incoming source counts by link category,Cards count as contextual discovery; footer/nav excluded.
/mercedes/problems/suspension-dropping-overnight,article,en,INDEX,Understand Mercedes Suspension Dropping Overnight and decide next diagnostic step,13,0,0,2,PRIMARY,NOT ORPHANED,RETAIN existing natural relationships,NO,Rendered distinct incoming source counts by link category,Cards count as contextual discovery; footer/nav excluded.
/mercedes/problems/transmission-slipping,article,en,INDEX,Understand Mercedes Transmission Slipping and decide next diagnostic step,10,0,0,2,PRIMARY,NOT ORPHANED,RETAIN existing natural relationships,NO,Rendered distinct incoming source counts by link category,Cards count as contextual discovery; footer/nav excluded.
/mercedes/problems/wont-start,article,en,INDEX,Understand Mercedes Won't Start and decide next diagnostic step,17,0,0,2,PRIMARY,NOT ORPHANED,RETAIN existing natural relationships,NO,Rendered distinct incoming source counts by link category,Cards count as contextual discovery; footer/nav excluded.
/porsche/718,service,en,INDEX,Porsche 718 Cayman & Boxster Service Dubai,32,0,0,2,PRIMARY,NOT ORPHANED,RETAIN existing natural relationships,NO,Rendered distinct incoming source counts by link category,Cards count as contextual discovery; footer/nav excluded.
/porsche/911/991,service,en,INDEX,Porsche 991 Service & Repair Dubai,2,0,0,3,PRIMARY,NOT ORPHANED,RETAIN existing natural relationships,NO,Rendered distinct incoming source counts by link category,Cards count as contextual discovery; footer/nav excluded.
/porsche/911/992,service,en,INDEX,Porsche 992 Service & Repair Dubai,3,0,0,3,PRIMARY,NOT ORPHANED,RETAIN existing natural relationships,NO,Rendered distinct incoming source counts by link category,Cards count as contextual discovery; footer/nav excluded.
/porsche/911/997,service,en,INDEX,Porsche 997 Service & Repair Dubai,3,0,0,3,PRIMARY,NOT ORPHANED,RETAIN existing natural relationships,NO,Rendered distinct incoming source counts by link category,Cards count as contextual discovery; footer/nav excluded.
/porsche/guides/718-maintenance,article,en,INDEX,Guide,1,0,0,3,PRIMARY,WEAK CONTEXTUAL SUPPORT,RETAIN existing natural relationships,NO,Rendered distinct incoming source counts by link category,Cards count as contextual discovery; footer/nav excluded.
/porsche/guides/ac-maintenance-dubai,article,en,INDEX,Guide,1,0,0,3,PRIMARY,WEAK CONTEXTUAL SUPPORT,RETAIN existing natural relationships,NO,Rendered distinct incoming source counts by link category,Cards count as contextual discovery; footer/nav excluded.
/porsche/guides/battery-life-dubai,article,en,INDEX,Guide,1,0,0,3,PRIMARY,WEAK CONTEXTUAL SUPPORT,RETAIN existing natural relationships,NO,Rendered distinct incoming source counts by link category,Cards count as contextual discovery; footer/nav excluded.
/porsche/guides/brake-wear-dubai,article,en,INDEX,Guide,1,0,0,3,PRIMARY,WEAK CONTEXTUAL SUPPORT,RETAIN existing natural relationships,NO,Rendered distinct incoming source counts by link category,Cards count as contextual discovery; footer/nav excluded.
/porsche/guides/buying-used-porsche-dubai,article,en,INDEX,Guide,3,0,0,2,PRIMARY,NOT ORPHANED,RETAIN existing natural relationships,NO,Rendered distinct incoming source counts by link category,Cards count as contextual discovery; footer/nav excluded.
/porsche/guides/common-problems-dubai,article,en,INDEX,Guide,2,0,0,3,PRIMARY,NOT ORPHANED,RETAIN existing natural relationships,NO,Rendered distinct incoming source counts by link category,Cards count as contextual discovery; footer/nav excluded.
/porsche/guides/cooling-maintenance,article,en,INDEX,Guide,1,0,0,3,PRIMARY,WEAK CONTEXTUAL SUPPORT,RETAIN existing natural relationships,NO,Rendered distinct incoming source counts by link category,Cards count as contextual discovery; footer/nav excluded.
/porsche/guides/dealer-vs-independent-specialist,article,en,INDEX,Dealer vs independent specialist,1,0,0,3,PRIMARY,WEAK CONTEXTUAL SUPPORT,RETAIN existing natural relationships,NO,Rendered distinct incoming source counts by link category,Cards count as contextual discovery; footer/nav excluded.
/porsche/guides/dubai-heat,article,en,INDEX,Guide,2,0,0,2,PRIMARY,NOT ORPHANED,RETAIN existing natural relationships,NO,Rendered distinct incoming source counts by link category,Cards count as contextual discovery; footer/nav excluded.
/porsche/guides/how-often-service-dubai,article,en,INDEX,Guide,1,0,0,3,PRIMARY,WEAK CONTEXTUAL SUPPORT,RETAIN existing natural relationships,NO,Rendered distinct incoming source counts by link category,Cards count as contextual discovery; footer/nav excluded.
/porsche/guides/macan-maintenance,article,en,INDEX,Guide,1,0,0,3,PRIMARY,WEAK CONTEXTUAL SUPPORT,RETAIN existing natural relationships,NO,Rendered distinct incoming source counts by link category,Cards count as contextual discovery; footer/nav excluded.
/porsche/guides/maintenance-cost-dubai,article,en,INDEX,Ownership cost factors,1,0,0,3,PRIMARY,WEAK CONTEXTUAL SUPPORT,RETAIN existing natural relationships,NO,Rendered distinct incoming source counts by link category,Cards count as contextual discovery; footer/nav excluded.
/porsche/guides/major-vs-minor-service,article,en,INDEX,Guide,1,0,0,3,PRIMARY,WEAK CONTEXTUAL SUPPORT,RETAIN existing natural relationships,NO,Rendered distinct incoming source counts by link category,Cards count as contextual discovery; footer/nav excluded.
/porsche/guides/oil-change-intervals,article,en,INDEX,Oil interval planning,2,0,0,3,PRIMARY,NOT ORPHANED,RETAIN existing natural relationships,NO,Rendered distinct incoming source counts by link category,Cards count as contextual discovery; footer/nav excluded.
/porsche/guides/pdk-service-intervals,article,en,INDEX,PDK interval planning,1,0,0,3,PRIMARY,WEAK CONTEXTUAL SUPPORT,RETAIN existing natural relationships,NO,Rendered distinct incoming source counts by link category,Cards count as contextual discovery; footer/nav excluded.
/porsche/guides/pre-purchase-inspection-checklist,article,en,INDEX,Pre-purchase inspection planning,3,0,0,2,PRIMARY,NOT ORPHANED,RETAIN existing natural relationships,NO,Rendered distinct incoming source counts by link category,Cards count as contextual discovery; footer/nav excluded.
/porsche/guides/service-intervals-uae,article,en,INDEX,Guide,2,0,0,2,PRIMARY,NOT ORPHANED,RETAIN existing natural relationships,NO,Rendered distinct incoming source counts by link category,Cards count as contextual discovery; footer/nav excluded.
/porsche/guides/taycan-maintenance,article,en,INDEX,Guide,1,0,0,3,PRIMARY,WEAK CONTEXTUAL SUPPORT,RETAIN existing natural relationships,NO,Rendered distinct incoming source counts by link category,Cards count as contextual discovery; footer/nav excluded.
/porsche/guides/tyre-wear-dubai,article,en,INDEX,Guide,1,0,0,3,PRIMARY,WEAK CONTEXTUAL SUPPORT,RETAIN existing natural relationships,NO,Rendered distinct incoming source counts by link category,Cards count as contextual discovery; footer/nav excluded.
/porsche/guides/warning-lights,article,en,INDEX,Guide,2,0,0,2,PRIMARY,NOT ORPHANED,RETAIN existing natural relationships,NO,Rendered distinct incoming source counts by link category,Cards count as contextual discovery; footer/nav excluded.
/porsche/macan,service,en,INDEX,Porsche Macan Service & Repair Dubai,41,0,0,2,PRIMARY,NOT ORPHANED,RETAIN existing natural relationships,NO,Rendered distinct incoming source counts by link category,Cards count as contextual discovery; footer/nav excluded.
/porsche/problems,html-sitemap,en,INDEX,Supporting Content,3,0,24,2,SUPPORT / UTILITY,UTILITY / NON-SEO,RETAIN existing natural relationships,NO,Rendered distinct incoming source counts by link category,Cards count as contextual discovery; footer/nav excluded.
/porsche/problems/911-cooling,article,en,INDEX,Porsche 911 Cooling Problems: Causes & Diagnosis,2,0,0,3,PRIMARY,NOT ORPHANED,RETAIN existing natural relationships,NO,Rendered distinct incoming source counts by link category,Cards count as contextual discovery; footer/nav excluded.
/porsche/problems/ac-not-cooling,article,en,INDEX,Porsche AC Not Cooling: Causes & Diagnosis,3,0,0,2,PRIMARY,NOT ORPHANED,RETAIN existing natural relationships,NO,Rendered distinct incoming source counts by link category,Cards count as contextual discovery; footer/nav excluded.
/porsche/problems/air-suspension-warning,article,en,INDEX,Porsche Air Suspension Warning: Causes & Diagnosis,5,0,0,3,PRIMARY,NOT ORPHANED,RETAIN existing natural relationships,NO,Rendered distinct incoming source counts by link category,Cards count as contextual discovery; footer/nav excluded.
/porsche/problems/battery-warning,article,en,INDEX,Porsche Battery Warning: Causes & Diagnosis,5,0,0,3,PRIMARY,NOT ORPHANED,RETAIN existing natural relationships,NO,Rendered distinct incoming source counts by link category,Cards count as contextual discovery; footer/nav excluded.
/porsche/problems/brake-warning-light,article,en,INDEX,Porsche Brake Warning Light: Causes & Diagnosis,3,0,0,2,PRIMARY,NOT ORPHANED,RETAIN existing natural relationships,NO,Rendered distinct incoming source counts by link category,Cards count as contextual discovery; footer/nav excluded.
/porsche/problems/cayenne-air-suspension,article,en,INDEX,Porsche Cayenne Air Suspension Problems: Causes & Diagnosis,2,0,0,2,PRIMARY,NOT ORPHANED,RETAIN existing natural relationships,NO,Rendered distinct incoming source counts by link category,Cards count as contextual discovery; footer/nav excluded.
/porsche/problems/check-engine-light,article,en,INDEX,Porsche Check Engine Light: Causes & Diagnosis,11,0,0,3,PRIMARY,NOT ORPHANED,RETAIN existing natural relationships,NO,Rendered distinct incoming source counts by link category,Cards count as contextual discovery; footer/nav excluded.
/porsche/problems/coolant-leak,article,en,INDEX,Porsche Coolant Leak: Causes & Diagnosis,6,0,0,3,PRIMARY,NOT ORPHANED,RETAIN existing natural relationships,NO,Rendered distinct incoming source counts by link category,Cards count as contextual discovery; footer/nav excluded.
/porsche/problems/delayed-gear-engagement,article,en,INDEX,Porsche Delayed Gear Engagement: Causes & Diagnosis,8,0,0,3,PRIMARY,NOT ORPHANED,RETAIN existing natural relationships,NO,Rendered distinct incoming source counts by link category,Cards count as contextual discovery; footer/nav excluded.
/porsche/problems/engine-misfire,article,en,INDEX,Porsche Engine Misfire: Causes & Diagnosis,6,0,0,3,PRIMARY,NOT ORPHANED,RETAIN existing natural relationships,NO,Rendered distinct incoming source counts by link category,Cards count as contextual discovery; footer/nav excluded.
/porsche/problems/engine-overheating,article,en,INDEX,Porsche Engine Overheating: Causes & Diagnosis,11,0,0,2,PRIMARY,NOT ORPHANED,RETAIN existing natural relationships,NO,Rendered distinct incoming source counts by link category,Cards count as contextual discovery; footer/nav excluded.
/porsche/problems/excessive-oil-consumption,article,en,INDEX,Porsche Excessive Oil Consumption: Causes & Diagnosis,5,0,0,3,PRIMARY,NOT ORPHANED,RETAIN existing natural relationships,NO,Rendered distinct incoming source counts by link category,Cards count as contextual discovery; footer/nav excluded.
/porsche/problems/macan-transfer-case,article,en,INDEX,Porsche Macan Transfer Case Symptoms: Causes & Diagnosis,5,0,0,3,PRIMARY,NOT ORPHANED,RETAIN existing natural relationships,NO,Rendered distinct incoming source counts by link category,Cards count as contextual discovery; footer/nav excluded.
/porsche/problems/oil-leak,article,en,INDEX,Porsche Oil Leak: Causes & Diagnosis,7,0,0,2,PRIMARY,NOT ORPHANED,RETAIN existing natural relationships,NO,Rendered distinct incoming source counts by link category,Cards count as contextual discovery; footer/nav excluded.
/porsche/problems/pasm-fault,article,en,INDEX,Porsche PASM Fault: Causes & Diagnosis,12,0,0,3,PRIMARY,NOT ORPHANED,RETAIN existing natural relationships,NO,Rendered distinct incoming source counts by link category,Cards count as contextual discovery; footer/nav excluded.
/porsche/problems/pdcc-fault,article,en,INDEX,Porsche PDCC Fault: Causes & Diagnosis,5,0,0,3,PRIMARY,NOT ORPHANED,RETAIN existing natural relationships,NO,Rendered distinct incoming source counts by link category,Cards count as contextual discovery; footer/nav excluded.
/porsche/problems/pdk-jerking,article,en,INDEX,Porsche PDK Jerking: Causes & Diagnosis,6,0,0,2,PRIMARY,NOT ORPHANED,RETAIN existing natural relationships,NO,Rendered distinct incoming source counts by link category,Cards count as contextual discovery; footer/nav excluded.
/porsche/problems/pdk-slipping,article,en,INDEX,Porsche PDK Slipping: Causes & Diagnosis,3,0,0,3,PRIMARY,NOT ORPHANED,RETAIN existing natural relationships,NO,Rendered distinct incoming source counts by link category,Cards count as contextual discovery; footer/nav excluded.
/porsche/problems/pdk-warning-message,article,en,INDEX,Porsche PDK Warning Message: Causes & Diagnosis,5,0,0,3,PRIMARY,NOT ORPHANED,RETAIN existing natural relationships,NO,Rendered distinct incoming source counts by link category,Cards count as contextual discovery; footer/nav excluded.
/porsche/problems/steering-vibration,article,en,INDEX,Porsche Steering Vibration: Causes & Diagnosis,2,0,0,3,PRIMARY,NOT ORPHANED,RETAIN existing natural relationships,NO,Rendered distinct incoming source counts by link category,Cards count as contextual discovery; footer/nav excluded.
/porsche/problems/suspension-dropping-overnight,article,en,INDEX,Porsche Suspension Dropping Overnight: Causes & Diagnosis,6,0,0,2,PRIMARY,NOT ORPHANED,RETAIN existing natural relationships,NO,Rendered distinct incoming source counts by link category,Cards count as contextual discovery; footer/nav excluded.
/porsche/problems/taycan-12v-battery,article,en,INDEX,Porsche Taycan 12V Battery Problems: Causes & Diagnosis,3,0,0,3,PRIMARY,NOT ORPHANED,RETAIN existing natural relationships,NO,Rendered distinct incoming source counts by link category,Cards count as contextual discovery; footer/nav excluded.
/porsche/problems/taycan-charging,article,en,INDEX,Porsche Taycan Charging Problems: Causes & Diagnosis,3,0,0,3,PRIMARY,NOT ORPHANED,RETAIN existing natural relationships,NO,Rendered distinct incoming source counts by link category,Cards count as contextual discovery; footer/nav excluded.
/porsche/problems/wont-start,article,en,INDEX,Porsche Won't Start: Causes & Diagnosis,2,0,0,2,PRIMARY,NOT ORPHANED,RETAIN existing natural relationships,NO,Rendered distinct incoming source counts by link category,Cards count as contextual discovery; footer/nav excluded.
/porsche/systems,html-sitemap,en,INDEX,Supporting Content,2,0,9,2,SUPPORT / UTILITY,UTILITY / NON-SEO,RETAIN existing natural relationships,NO,Rendered distinct incoming source counts by link category,Cards count as contextual discovery; footer/nav excluded.
/porsche/systems/air-suspension,article,en,INDEX,Porsche Air Suspension Explained,5,0,0,2,PRIMARY,NOT ORPHANED,RETAIN existing natural relationships,NO,Rendered distinct incoming source counts by link category,Cards count as contextual discovery; footer/nav excluded.
/porsche/systems/pasm,article,en,INDEX,Porsche PASM Explained: Operation & Faults,12,0,0,2,PRIMARY,NOT ORPHANED,RETAIN existing natural relationships,NO,Rendered distinct incoming source counts by link category,Cards count as contextual discovery; footer/nav excluded.
/porsche/systems/pccb,article,en,INDEX,Porsche PCCB Explained: Inspection & Warning Signs,5,0,0,2,PRIMARY,NOT ORPHANED,RETAIN existing natural relationships,NO,Rendered distinct incoming source counts by link category,Cards count as contextual discovery; footer/nav excluded.
/porsche/systems/pdcc,article,en,INDEX,Porsche PDCC Explained: Active Roll Control,6,0,0,2,PRIMARY,NOT ORPHANED,RETAIN existing natural relationships,NO,Rendered distinct incoming source counts by link category,Cards count as contextual discovery; footer/nav excluded.
/porsche/systems/pdk,article,en,INDEX,Porsche PDK Explained: Operation & Warning Signs,16,0,0,2,PRIMARY,NOT ORPHANED,RETAIN existing natural relationships,NO,Rendered distinct incoming source counts by link category,Cards count as contextual discovery; footer/nav excluded.
/porsche/systems/ptm-awd,article,en,INDEX,Porsche PTM & AWD Explained,2,0,0,3,PRIMARY,NOT ORPHANED,RETAIN existing natural relationships,NO,Rendered distinct incoming source counts by link category,Cards count as contextual discovery; footer/nav excluded.
/porsche/systems/rear-axle-steering,article,en,INDEX,Porsche Rear-Axle Steering Explained,2,0,0,2,PRIMARY,NOT ORPHANED,RETAIN existing natural relationships,NO,Rendered distinct incoming source counts by link category,Cards count as contextual discovery; footer/nav excluded.
/porsche/systems/sport-chrono,article,en,INDEX,Porsche Sport Chrono Explained,2,0,0,2,PRIMARY,NOT ORPHANED,RETAIN existing natural relationships,NO,Rendered distinct incoming source counts by link category,Cards count as contextual discovery; footer/nav excluded.
/porsche/systems/tiptronic,article,en,INDEX,Porsche Tiptronic Explained,10,0,0,2,PRIMARY,NOT ORPHANED,RETAIN existing natural relationships,NO,Rendered distinct incoming source counts by link category,Cards count as contextual discovery; footer/nav excluded.
/porsche/taycan,service,en,INDEX,Porsche Taycan Service & Repair Dubai,27,0,0,2,PRIMARY,NOT ORPHANED,RETAIN existing natural relationships,NO,Rendered distinct incoming source counts by link category,Cards count as contextual discovery; footer/nav excluded.
/services,services-hub,en,INDEX,Find a service,5,675,26,1,PRIMARY,NOT ORPHANED,RETAIN existing natural relationships,NO,Rendered distinct incoming source counts by link category,Cards count as contextual discovery; footer/nav excluded.
/services/auto-electrical-repair-dubai,service,en,INDEX,Battery warning; Camera fault; Electrical symptoms; Screen / head-unit fault — commercial inspection/repair task; not a dedicated problem page,26,5,0,1,PRIMARY,NOT ORPHANED,RETAIN existing natural relationships,NO,Rendered distinct incoming source counts by link category,Cards count as contextual discovery; footer/nav excluded.
/services/battery-replacement-dubai,service,en,INDEX,Low-voltage battery testing/fitting; registration only if applicable,4,1,0,1,PRIMARY,NOT ORPHANED,RETAIN existing natural relationships,NO,Rendered distinct incoming source counts by link category,Cards count as contextual discovery; footer/nav excluded.
/services/brake-repair-dubai,service,en,INDEX,Brake symptoms — commercial inspection/repair task; not a dedicated problem page,44,0,0,1,PRIMARY,NOT ORPHANED,RETAIN existing natural relationships,NO,Rendered distinct incoming source counts by link category,Cards count as contextual discovery; footer/nav excluded.
/services/cadillac-cue-screen-repair-dubai,service,en,INDEX,Cadillac CUE Screen Repair & Replacement in Dubai,4,2,0,1,PRIMARY,NOT ORPHANED,RETAIN existing natural relationships,NO,Rendered distinct incoming source counts by link category,Cards count as contextual discovery; footer/nav excluded.
/services/car-ac-repair-dubai,service,en,INDEX,AC cooling / airflow — commercial inspection/repair task; not a dedicated problem page,30,0,0,1,PRIMARY,NOT ORPHANED,RETAIN existing natural relationships,NO,Rendered distinct incoming source counts by link category,Cards count as contextual discovery; footer/nav excluded.
/services/car-body-repair-dubai,service,en,INDEX,"Commercial repair: dents, damaged paint, refinishing and collision work",7,0,0,1,PRIMARY,NOT ORPHANED,RETAIN existing natural relationships,NO,Rendered distinct incoming source counts by link category,Cards count as contextual discovery; footer/nav excluded.
/services/car-diagnostics-dubai,service,en,INDEX,Check-engine warning; Misfire / rough idle; No-start; Power loss / boost; Vibration — commercial inspection/repair task; not a dedicated problem page,53,2,0,1,PRIMARY,NOT ORPHANED,RETAIN existing natural relationships,NO,Rendered distinct incoming source counts by link category,Cards count as contextual discovery; footer/nav excluded.
/services/car-garage-dubai,service,en,INDEX,Planning a workshop visit and approved repair scope,2,0,0,2,PRIMARY,NOT ORPHANED,RETAIN existing natural relationships,NO,Rendered distinct incoming source counts by link category,Cards count as contextual discovery; footer/nav excluded.
/services/car-polishing-dubai,service,en,INDEX,Assess finish refinement and safely correctable surface defects,39,0,0,1,PRIMARY,NOT ORPHANED,RETAIN existing natural relationships,NO,Rendered distinct incoming source counts by link category,Cards count as contextual discovery; footer/nav excluded.
/services/car-service-dubai,service,en,INDEX,Scheduled maintenance beyond oil alone,4,0,0,1,PRIMARY,NOT ORPHANED,RETAIN existing natural relationships,NO,Rendered distinct incoming source counts by link category,Cards count as contextual discovery; footer/nav excluded.
/services/ceramic-coating,service,en,INDEX,"Surface coating, preparation and quote enquiry",40,0,0,1,PRIMARY,NOT ORPHANED,RETAIN existing natural relationships,NO,Rendered distinct incoming source counts by link category,Cards count as contextual discovery; footer/nav excluded.
/services/exhaust-repair-dubai,service,en,INDEX,Exhaust noise — commercial inspection/repair task; not a dedicated problem page,3,1,0,1,PRIMARY,NOT ORPHANED,RETAIN existing natural relationships,NO,Rendered distinct incoming source counts by link category,Cards count as contextual discovery; footer/nav excluded.
/services/fuel-system-repair-dubai,service,en,INDEX,Fuel-system checks and confirmed repair,7,0,0,1,PRIMARY,NOT ORPHANED,RETAIN existing natural relationships,NO,Rendered distinct incoming source counts by link category,Cards count as contextual discovery; footer/nav excluded.
/services/garage-near-me-dubai,service,en,INDEX,"Al Quoz access and contact, not fictional local branches",2,0,0,2,PRIMARY,NOT ORPHANED,RETAIN existing natural relationships,NO,Rendered distinct incoming source counts by link category,Cards count as contextual discovery; footer/nav excluded.
/services/head-unit-repair-dubai,service,en,INDEX,Screen / head-unit fault — commercial inspection/repair task; not a dedicated problem page,9,3,0,1,PRIMARY,NOT ORPHANED,RETAIN existing natural relationships,NO,Rendered distinct incoming source counts by link category,Cards count as contextual discovery; footer/nav excluded.
/services/mechanical-repair-dubai,service,en,INDEX,Coolant leak; Engine noise; Oil leak; Oil pressure; Smoke — commercial inspection/repair task; not a dedicated problem page,57,2,0,1,PRIMARY,NOT ORPHANED,RETAIN existing natural relationships,NO,Rendered distinct incoming source counts by link category,Cards count as contextual discovery; footer/nav excluded.
/services/mercedes-ac-repair-dubai,service,en,INDEX,Assess or book mercedes ac repair dubai ,29,0,0,2,PRIMARY,NOT ORPHANED,RETAIN existing natural relationships,NO,Rendered distinct incoming source counts by link category,Cards count as contextual discovery; footer/nav excluded.
/services/mercedes-audio-upgrade-dubai,service,en,INDEX,Assess or book mercedes stereo & audio upgrade dubai ,7,2,0,1,PRIMARY,NOT ORPHANED,RETAIN existing natural relationships,NO,Rendered distinct incoming source counts by link category,Cards count as contextual discovery; footer/nav excluded.
/services/mercedes-battery-replacement-dubai,service,en,INDEX,Assess or book mercedes battery replacement dubai ,17,1,0,2,PRIMARY,NOT ORPHANED,RETAIN existing natural relationships,NO,Rendered distinct incoming source counts by link category,Cards count as contextual discovery; footer/nav excluded.
/services/mercedes-body-repair-dubai,service,en,INDEX,"Commercial repair: dents, damaged paint, refinishing and collision work",15,0,0,2,PRIMARY,NOT ORPHANED,RETAIN existing natural relationships,NO,Rendered distinct incoming source counts by link category,Cards count as contextual discovery; footer/nav excluded.
/services/mercedes-brake-repair-dubai,service,en,INDEX,Assess or book mercedes brake repair & service dubai ,17,1,0,2,PRIMARY,NOT ORPHANED,RETAIN existing natural relationships,NO,Rendered distinct incoming source counts by link category,Cards count as contextual discovery; footer/nav excluded.
/services/mercedes-diagnostics-dubai,service,en,INDEX,Assess or book mercedes xentry diagnostics dubai ,31,0,0,2,PRIMARY,NOT ORPHANED,RETAIN existing natural relationships,NO,Rendered distinct incoming source counts by link category,Cards count as contextual discovery; footer/nav excluded.
/services/mercedes-electrical-repair-dubai,service,en,INDEX,Assess or book mercedes electrical repair dubai ,32,2,0,2,PRIMARY,NOT ORPHANED,RETAIN existing natural relationships,NO,Rendered distinct incoming source counts by link category,Cards count as contextual discovery; footer/nav excluded.
/services/mercedes-exhaust-repair-dubai,service,en,INDEX,Assess or book mercedes exhaust repair dubai ,15,0,0,2,PRIMARY,NOT ORPHANED,RETAIN existing natural relationships,NO,Rendered distinct incoming source counts by link category,Cards count as contextual discovery; footer/nav excluded.
/services/mercedes-fuel-system-repair-dubai,service,en,INDEX,Assess or book mercedes fuel system repair dubai ,15,0,0,2,PRIMARY,NOT ORPHANED,RETAIN existing natural relationships,NO,Rendered distinct incoming source counts by link category,Cards count as contextual discovery; footer/nav excluded.
/services/mercedes-mechanical-repair-dubai,service,en,INDEX,Assess or book mercedes engine & mechanical repair dubai ,35,0,0,2,PRIMARY,NOT ORPHANED,RETAIN existing natural relationships,NO,Rendered distinct incoming source counts by link category,Cards count as contextual discovery; footer/nav excluded.
/services/mercedes-oil-change-dubai,service,en,INDEX,Assess or book mercedes oil change dubai ,22,0,0,1,PRIMARY,NOT ORPHANED,RETAIN existing natural relationships,NO,Rendered distinct incoming source counts by link category,Cards count as contextual discovery; footer/nav excluded.
/services/mercedes-steering-repair-dubai,service,en,INDEX,Assess or book mercedes steering repair dubai ,17,1,0,2,PRIMARY,NOT ORPHANED,RETAIN existing natural relationships,NO,Rendered distinct incoming source counts by link category,Cards count as contextual discovery; footer/nav excluded.
/services/mercedes-suspension-repair-dubai,service,en,INDEX,Assess or book mercedes suspension repair dubai ,38,0,0,2,PRIMARY,NOT ORPHANED,RETAIN existing natural relationships,NO,Rendered distinct incoming source counts by link category,Cards count as contextual discovery; footer/nav excluded.
/services/mercedes-tire-repair-dubai,service,en,INDEX,Assess or book mercedes tyre repair dubai ,16,0,0,2,PRIMARY,NOT ORPHANED,RETAIN existing natural relationships,NO,Rendered distinct incoming source counts by link category,Cards count as contextual discovery; footer/nav excluded.
/services/mercedes-transmission-repair-dubai,service,en,INDEX,Assess or book mercedes transmission & gearbox repair dubai ,40,0,0,2,PRIMARY,NOT ORPHANED,RETAIN existing natural relationships,NO,Rendered distinct incoming source counts by link category,Cards count as contextual discovery; footer/nav excluded.
/services/oil-change-dubai,service,en,INDEX,Engine oil and filter maintenance,22,0,0,1,PRIMARY,NOT ORPHANED,RETAIN existing natural relationships,NO,Rendered distinct incoming source counts by link category,Cards count as contextual discovery; footer/nav excluded.
/services/paint-protection-dubai,service,en,INDEX,Compare existing paint care and protection options,16,0,0,1,PRIMARY,NOT ORPHANED,RETAIN existing natural relationships,NO,Rendered distinct incoming source counts by link category,Cards count as contextual discovery; footer/nav excluded.
/services/paint-protection-film,service,en,INDEX,Film installation and vehicle-specific coverage enquiry,45,0,0,1,PRIMARY,NOT ORPHANED,RETAIN existing natural relationships,NO,Rendered distinct incoming source counts by link category,Cards count as contextual discovery; footer/nav excluded.
/services/roadside-assistance-dubai,service,en,INDEX,Existing roadside enquiry page; availability confirmed,2,0,0,2,PRIMARY,NOT ORPHANED,RETAIN existing natural relationships,NO,Rendered distinct incoming source counts by link category,Cards count as contextual discovery; footer/nav excluded.
/services/soft-close-door-repair-dubai,service,en,INDEX,Soft-close fault — commercial inspection/repair task; not a dedicated problem page,6,0,0,1,PRIMARY,NOT ORPHANED,RETAIN existing natural relationships,NO,Rendered distinct incoming source counts by link category,Cards count as contextual discovery; footer/nav excluded.
/services/steering-repair-dubai,service,en,INDEX,Steering symptoms — commercial inspection/repair task; not a dedicated problem page,5,2,0,1,PRIMARY,NOT ORPHANED,RETAIN existing natural relationships,NO,Rendered distinct incoming source counts by link category,Cards count as contextual discovery; footer/nav excluded.
/services/suspension-repair-dubai,service,en,INDEX,Suspension symptoms — commercial inspection/repair task; not a dedicated problem page,39,3,0,1,PRIMARY,NOT ORPHANED,RETAIN existing natural relationships,NO,Rendered distinct incoming source counts by link category,Cards count as contextual discovery; footer/nav excluded.
/services/tire-repair-dubai,service,en,INDEX,Tyre / wheel symptoms — commercial inspection/repair task; not a dedicated problem page,4,0,0,1,PRIMARY,NOT ORPHANED,RETAIN existing natural relationships,NO,Rendered distinct incoming source counts by link category,Cards count as contextual discovery; footer/nav excluded.
/services/transmission-repair-dubai,service,en,INDEX,Transmission symptoms — commercial inspection/repair task; not a dedicated problem page,35,1,0,1,PRIMARY,NOT ORPHANED,RETAIN existing natural relationships,NO,Rendered distinct incoming source counts by link category,Cards count as contextual discovery; footer/nav excluded.
/sitemap,html-sitemap,en,INDEX,HTML Sitemap,0,0,0,1,SUPPORT / UTILITY,UTILITY / NON-SEO,Retain utility navigation,NO,Rendered distinct incoming source counts by link category,Cards count as contextual discovery; footer/nav excluded.
/tuning,tuning,en,INDEX,Existing GAD Motors relationship and project consultation,15,675,0,1,PRIMARY,NOT ORPHANED,RETAIN existing natural relationships,NO,Rendered distinct incoming source counts by link category,Cards count as contextual discovery; footer/nav excluded.
/vrx,vrx,en,INDEX,Mercedes V-Class VRX Consultation,1,675,0,1,PRIMARY,WEAK CONTEXTUAL SUPPORT,RETAIN existing natural relationships,NO,Rendered distinct incoming source counts by link category,Cards count as contextual discovery; footer/nav excluded.
