raw_keyword,normalized_keyword,source,source_file,source_period,measured_or_generated,gsc_clicks,gsc_impressions,gsc_ctr,gsc_position,search_intent,cluster,primary_owner,secondary_supporting_owner,coverage_type,reason,source_context
bmw service dubai,bmw service dubai,Master Keywords!A39,DIGI-TEC_SEO_Keyword_Universe_Dubai.xlsx,2026-04-12 to 2026-09-25,MEASURED WORKBOOK,1,337,0.003,22.2,Broad commercial,BMW service/repair discovery,/brands/bmw-service-dubai,,EXISTING OWNER,Single broad booking and directory owner,General repair
bmw service center dubai,bmw service center dubai,Master Keywords!A105,DIGI-TEC_SEO_Keyword_Universe_Dubai.xlsx,2026-04-12 to 2026-09-25,MEASURED WORKBOOK,0,171,0,30.29,Broad commercial,BMW service/repair discovery,/brands/bmw-service-dubai,,EXISTING OWNER,Single broad booking and directory owner,General repair
bmw repair dubai,bmw repair dubai,Master Keywords!A108,DIGI-TEC_SEO_Keyword_Universe_Dubai.xlsx,2026-04-12 to 2026-09-25,MEASURED WORKBOOK,2,167,0.012,14.2,Broad commercial,BMW service/repair discovery,/brands/bmw-service-dubai,,EXISTING OWNER,Single broad booking and directory owner,General repair
bmw service,bmw service,Master Keywords!A127,DIGI-TEC_SEO_Keyword_Universe_Dubai.xlsx,2026-04-12 to 2026-09-25,MEASURED WORKBOOK,0,146,0,25.45,Broad commercial,BMW service/repair discovery,/brands/bmw-service-dubai,,EXISTING OWNER,Single broad booking and directory owner,General repair
bmw repair,bmw repair,Master Keywords!A162,DIGI-TEC_SEO_Keyword_Universe_Dubai.xlsx,2026-04-12 to 2026-09-25,MEASURED WORKBOOK,0,113,0,16.01,Broad commercial,BMW service/repair discovery,/brands/bmw-service-dubai,,EXISTING OWNER,Single broad booking and directory owner,General repair
bmw service in dubai,bmw service in dubai,Master Keywords!A169,DIGI-TEC_SEO_Keyword_Universe_Dubai.xlsx,2026-04-12 to 2026-09-25,MEASURED WORKBOOK,0,109,0,19.62,Broad commercial,BMW service/repair discovery,/brands/bmw-service-dubai,,EXISTING OWNER,Single broad booking and directory owner,Observed GSC long-tail
bmw transmission repair dubai,bmw gearbox repair dubai,Master Keywords!A191,DIGI-TEC_SEO_Keyword_Universe_Dubai.xlsx,2026-04-12 to 2026-09-25,MEASURED WORKBOOK,0,96,0,11.9,Commercial service,BMW gearbox repair,/brands/bmw-service-dubai/transmission-repair,/brands/bmw-service-dubai,EXISTING OWNER,Existing specific service; exact scope follows inspection,Transmission & gearbox
bmw coding service,bmw coding service,Master Keywords!A230,DIGI-TEC_SEO_Keyword_Universe_Dubai.xlsx,2026-04-12 to 2026-09-25,MEASURED WORKBOOK,0,83,0,37.33,Commercial service,BMW diagnostics,/brands/bmw-service-dubai/engine-diagnostics,/brands/bmw-service-dubai,EXISTING OWNER,Existing specific service; exact scope follows inspection,Electrical
bmw workshop dubai,bmw workshop dubai,Master Keywords!A258,DIGI-TEC_SEO_Keyword_Universe_Dubai.xlsx,2026-04-12 to 2026-09-25,MEASURED WORKBOOK,0,75,0,21.52,Broad commercial,BMW service/repair discovery,/brands/bmw-service-dubai,,EXISTING OWNER,Single broad booking and directory owner,General repair
bmw engine repair dubai,bmw engine repair dubai,Master Keywords!A272,DIGI-TEC_SEO_Keyword_Universe_Dubai.xlsx,2026-04-12 to 2026-09-25,MEASURED WORKBOOK,0,73,0,16.51,Commercial service,BMW mechanical repair,/brands/bmw-service-dubai/mechanical-repair,/brands/bmw-service-dubai,EXISTING OWNER,Existing specific service; exact scope follows inspection,Engine
bmw car service dubai,bmw car service dubai,Master Keywords!A293,DIGI-TEC_SEO_Keyword_Universe_Dubai.xlsx,2026-04-12 to 2026-09-25,MEASURED WORKBOOK,0,69,0,24.54,Broad commercial,BMW service/repair discovery,/brands/bmw-service-dubai,,EXISTING OWNER,Single broad booking and directory owner,Observed GSC long-tail
bmw battery replacement,bmw battery replacement,Master Keywords!A306,DIGI-TEC_SEO_Keyword_Universe_Dubai.xlsx,2026-04-12 to 2026-09-25,MEASURED WORKBOOK,0,65,0,27.88,Commercial service,BMW battery assessment,/brands/bmw-service-dubai/battery-replacement,/brands/bmw-service-dubai,EXISTING OWNER,Existing specific service; exact scope follows inspection,Electrical
bmw workshop dubai al quoz,bmw workshop dubai al quoz,Master Keywords!A348,DIGI-TEC_SEO_Keyword_Universe_Dubai.xlsx,2026-04-12 to 2026-09-25,MEASURED WORKBOOK,0,56,0,14.09,Broad commercial,BMW service/repair discovery,/brands/bmw-service-dubai,,EXISTING OWNER,Single broad booking and directory owner,Observed GSC long-tail
bmw transmission service,bmw gearbox service,Master Keywords!A349,DIGI-TEC_SEO_Keyword_Universe_Dubai.xlsx,2026-04-12 to 2026-09-25,MEASURED WORKBOOK,0,56,0,19.95,Commercial service,BMW gearbox repair,/brands/bmw-service-dubai/transmission-repair,/brands/bmw-service-dubai,EXISTING OWNER,Existing specific service; exact scope follows inspection,Transmission & gearbox
bmw maintenance dubai,bmw maintenance dubai,Master Keywords!A357,DIGI-TEC_SEO_Keyword_Universe_Dubai.xlsx,2026-04-12 to 2026-09-25,MEASURED WORKBOOK,0,54,0,15.24,Informational,Maintenance planning,/blog/bmw-maintenance-guide-dubai,/brands/bmw-service-dubai,EXISTING OWNER,Guide supports hub booking,General repair
bmw battery replacement dubai,bmw battery replacement dubai,Master Keywords!A388,DIGI-TEC_SEO_Keyword_Universe_Dubai.xlsx,2026-04-12 to 2026-09-25,MEASURED WORKBOOK,0,48,0,18.46,Commercial service,BMW battery assessment,/brands/bmw-service-dubai/battery-replacement,/brands/bmw-service-dubai,EXISTING OWNER,Existing specific service; exact scope follows inspection,Electrical
bmw servicing,bmw service,Master Keywords!A398,DIGI-TEC_SEO_Keyword_Universe_Dubai.xlsx,2026-04-12 to 2026-09-25,MEASURED WORKBOOK,0,47,0,28.28,Broad commercial,BMW service/repair discovery,/brands/bmw-service-dubai,,EXISTING OWNER,Single broad booking and directory owner,Observed GSC long-tail
bmw diagnostics dubai,bmw diagnostics dubai,Master Keywords!A407,DIGI-TEC_SEO_Keyword_Universe_Dubai.xlsx,2026-04-12 to 2026-09-25,MEASURED WORKBOOK,0,46,0,13.26,Commercial service,BMW diagnostics,/brands/bmw-service-dubai/engine-diagnostics,/brands/bmw-service-dubai,EXISTING OWNER,Existing specific service; exact scope follows inspection,Diagnostics & warning lights
best bmw workshop abu dhabi,best bmw workshop abu dhabi,Master Keywords!A408,DIGI-TEC_SEO_Keyword_Universe_Dubai.xlsx,2026-04-12 to 2026-09-25,MEASURED WORKBOOK,0,46,0,42.72,Out-of-market,Outside Dubai service area,,,NOT TARGETED — INTENTIONALLY,Do not target another city with a Dubai workshop page,Observed GSC long-tail
bmw programing abu dhabi,bmw programing abu dhabi,Master Keywords!A409,DIGI-TEC_SEO_Keyword_Universe_Dubai.xlsx,2026-04-12 to 2026-09-25,MEASURED WORKBOOK,0,46,0,54.46,Out-of-market,Outside Dubai service area,,,NOT TARGETED — INTENTIONALLY,Do not target another city with a Dubai workshop page,Observed GSC long-tail
bmw ac repair,bmw ac repair,Master Keywords!A419,DIGI-TEC_SEO_Keyword_Universe_Dubai.xlsx,2026-04-12 to 2026-09-25,MEASURED WORKBOOK,0,45,0,10.82,Commercial service,BMW AC repair,/brands/bmw-service-dubai/ac-repair,/brands/bmw-service-dubai,EXISTING OWNER,Existing specific service; exact scope follows inspection,AC & cooling
bmw brake repair dubai,bmw brake repair dubai,Master Keywords!A424,DIGI-TEC_SEO_Keyword_Universe_Dubai.xlsx,2026-04-12 to 2026-09-25,MEASURED WORKBOOK,0,44,0,13.23,Commercial service,BMW brake repair,/brands/bmw-service-dubai/brake-repair,/brands/bmw-service-dubai,EXISTING OWNER,Existing specific service; exact scope follows inspection,Brakes
bmw body repair garage,bmw body repair garage,Master Keywords!A425,DIGI-TEC_SEO_Keyword_Universe_Dubai.xlsx,2026-04-12 to 2026-09-25,MEASURED WORKBOOK,0,44,0,58.68,Commercial service,BMW body repair,/brands/bmw-service-dubai/body-repair,/brands/bmw-service-dubai,EXISTING OWNER,Existing specific service; exact scope follows inspection,Observed GSC long-tail
bmw ac repair dubai,bmw ac repair dubai,Master Keywords!A445,DIGI-TEC_SEO_Keyword_Universe_Dubai.xlsx,2026-04-12 to 2026-09-25,MEASURED WORKBOOK,0,42,0,15.5,Commercial service,BMW AC repair,/brands/bmw-service-dubai/ac-repair,/brands/bmw-service-dubai,EXISTING OWNER,Existing specific service; exact scope follows inspection,AC & cooling
bmw specialist dubai,bmw specialist dubai,Master Keywords!A456,DIGI-TEC_SEO_Keyword_Universe_Dubai.xlsx,2026-04-12 to 2026-09-25,MEASURED WORKBOOK,0,41,0,19.22,Broad commercial,BMW service/repair discovery,/brands/bmw-service-dubai,,EXISTING OWNER,Single broad booking and directory owner,General repair
bmw transmission repair,bmw gearbox repair,Master Keywords!A476,DIGI-TEC_SEO_Keyword_Universe_Dubai.xlsx,2026-04-12 to 2026-09-25,MEASURED WORKBOOK,0,39,0,20.13,Commercial service,BMW gearbox repair,/brands/bmw-service-dubai/transmission-repair,/brands/bmw-service-dubai,EXISTING OWNER,Existing specific service; exact scope follows inspection,Transmission & gearbox
best bmw shop abu dhabi,best bmw shop abu dhabi,Master Keywords!A483,DIGI-TEC_SEO_Keyword_Universe_Dubai.xlsx,2026-04-12 to 2026-09-25,MEASURED WORKBOOK,0,38,0,44.37,Out-of-market,Outside Dubai service area,,,NOT TARGETED — INTENTIONALLY,Do not target another city with a Dubai workshop page,Observed GSC long-tail
bmw workshop,bmw workshop,Master Keywords!A496,DIGI-TEC_SEO_Keyword_Universe_Dubai.xlsx,2026-04-12 to 2026-09-25,MEASURED WORKBOOK,0,37,0,9.92,Broad commercial,BMW service/repair discovery,/brands/bmw-service-dubai,,EXISTING OWNER,Single broad booking and directory owner,General repair
bmw service centre dubai,bmw service center dubai,Master Keywords!A529,DIGI-TEC_SEO_Keyword_Universe_Dubai.xlsx,2026-04-12 to 2026-09-25,MEASURED WORKBOOK,0,34,0,24.35,Broad commercial,BMW service/repair discovery,/brands/bmw-service-dubai,,EXISTING OWNER,Single broad booking and directory owner,General repair
bmw transmission repair in dubai,bmw gearbox repair in dubai,Master Keywords!A545,DIGI-TEC_SEO_Keyword_Universe_Dubai.xlsx,2026-04-12 to 2026-09-25,MEASURED WORKBOOK,0,33,0,8.27,Commercial service,BMW gearbox repair,/brands/bmw-service-dubai/transmission-repair,/brands/bmw-service-dubai,EXISTING OWNER,Existing specific service; exact scope follows inspection,Observed GSC long-tail
service for bmw,service for bmw,Master Keywords!A554,DIGI-TEC_SEO_Keyword_Universe_Dubai.xlsx,2026-04-12 to 2026-09-25,MEASURED WORKBOOK,0,32,0,30.97,Broad commercial,BMW service/repair discovery,/brands/bmw-service-dubai,,EXISTING OWNER,Single broad booking and directory owner,Observed GSC long-tail
bmw suspension repair,bmw suspension repair,Master Keywords!A555,DIGI-TEC_SEO_Keyword_Universe_Dubai.xlsx,2026-04-12 to 2026-09-25,MEASURED WORKBOOK,0,32,0,21.56,Commercial service,BMW suspension repair,/brands/bmw-service-dubai/suspension-repair,/brands/bmw-service-dubai,EXISTING OWNER,Existing specific service; exact scope follows inspection,Suspension
bmw body shop dubai,bmw body shop dubai,Master Keywords!A569,DIGI-TEC_SEO_Keyword_Universe_Dubai.xlsx,2026-04-12 to 2026-09-25,MEASURED WORKBOOK,0,31,0,44.68,Commercial service,BMW body repair,/brands/bmw-service-dubai/body-repair,/brands/bmw-service-dubai,EXISTING OWNER,Existing specific service; exact scope follows inspection,Body & paint
bmw suspension repair dubai,bmw suspension repair dubai,Master Keywords!A586,DIGI-TEC_SEO_Keyword_Universe_Dubai.xlsx,2026-04-12 to 2026-09-25,MEASURED WORKBOOK,0,30,0,37.17,Commercial service,BMW suspension repair,/brands/bmw-service-dubai/suspension-repair,/brands/bmw-service-dubai,EXISTING OWNER,Existing specific service; exact scope follows inspection,Suspension
bmw car battery replacement,bmw car battery replacement,Master Keywords!A621,DIGI-TEC_SEO_Keyword_Universe_Dubai.xlsx,2026-04-12 to 2026-09-25,MEASURED WORKBOOK,0,28,0,37.32,Commercial service,BMW battery assessment,/brands/bmw-service-dubai/battery-replacement,/brands/bmw-service-dubai,EXISTING OWNER,Existing specific service; exact scope follows inspection,Observed GSC long-tail
bmw repair in dubai,bmw repair in dubai,Master Keywords!A643,DIGI-TEC_SEO_Keyword_Universe_Dubai.xlsx,2026-04-12 to 2026-09-25,MEASURED WORKBOOK,0,27,0,17.33,Broad commercial,BMW service/repair discovery,/brands/bmw-service-dubai,,EXISTING OWNER,Single broad booking and directory owner,Observed GSC long-tail
bmw car battery dubai,bmw car battery dubai,Master Keywords!A692,DIGI-TEC_SEO_Keyword_Universe_Dubai.xlsx,2026-04-12 to 2026-09-25,MEASURED WORKBOOK,0,25,0,34,Commercial service,BMW battery assessment,/brands/bmw-service-dubai/battery-replacement,/brands/bmw-service-dubai,EXISTING OWNER,Existing specific service; exact scope follows inspection,Observed GSC long-tail
bmw workshop al quoz,bmw workshop al quoz,Master Keywords!A718,DIGI-TEC_SEO_Keyword_Universe_Dubai.xlsx,2026-04-12 to 2026-09-25,MEASURED WORKBOOK,0,24,0,12.04,Broad commercial,BMW service/repair discovery,/brands/bmw-service-dubai,,EXISTING OWNER,Single broad booking and directory owner,Observed GSC long-tail
bmw body shop,bmw body shop,Master Keywords!A736,DIGI-TEC_SEO_Keyword_Universe_Dubai.xlsx,2026-04-12 to 2026-09-25,MEASURED WORKBOOK,0,23,0,37.87,Commercial service,BMW body repair,/brands/bmw-service-dubai/body-repair,/brands/bmw-service-dubai,EXISTING OWNER,Existing specific service; exact scope follows inspection,Body & paint
bmw body repair dubai,bmw body repair dubai,Master Keywords!A781,DIGI-TEC_SEO_Keyword_Universe_Dubai.xlsx,2026-04-12 to 2026-09-25,MEASURED WORKBOOK,0,21,0,16.81,Commercial service,BMW body repair,/brands/bmw-service-dubai/body-repair,/brands/bmw-service-dubai,EXISTING OWNER,Existing specific service; exact scope follows inspection,Body & paint
best bmw mechanic abu dhabi,best bmw mechanic abu dhabi,Master Keywords!A820,DIGI-TEC_SEO_Keyword_Universe_Dubai.xlsx,2026-04-12 to 2026-09-25,MEASURED WORKBOOK,0,20,0,40.8,Out-of-market,Outside Dubai service area,,,NOT TARGETED — INTENTIONALLY,Do not target another city with a Dubai workshop page,Observed GSC long-tail
bmw electrical repair,bmw electrical repair,Master Keywords!A851,DIGI-TEC_SEO_Keyword_Universe_Dubai.xlsx,2026-04-12 to 2026-09-25,MEASURED WORKBOOK,0,19,0,8.95,Commercial service,BMW electrical repair,/brands/bmw-service-dubai/electrical-repair,/brands/bmw-service-dubai,EXISTING OWNER,Existing specific service; exact scope follows inspection,Electrical
bmw engine repair in dubai,bmw engine repair in dubai,Master Keywords!A852,DIGI-TEC_SEO_Keyword_Universe_Dubai.xlsx,2026-04-12 to 2026-09-25,MEASURED WORKBOOK,0,19,0,3.84,Commercial service,BMW mechanical repair,/brands/bmw-service-dubai/mechanical-repair,/brands/bmw-service-dubai,EXISTING OWNER,Existing specific service; exact scope follows inspection,Observed GSC long-tail
bmw tuning dubai,bmw tuning dubai,Master Keywords!A863,DIGI-TEC_SEO_Keyword_Universe_Dubai.xlsx,2026-04-12 to 2026-09-25,MEASURED WORKBOOK,1,18,0.0556,18.17,Cross-brand commercial,Performance project,/tuning,/brands/bmw-service-dubai,EXISTING OWNER,Existing tuning owner; fitment requires confirmation,Observed GSC long-tail
bmw service center in dubai,bmw service center in dubai,Master Keywords!A866,DIGI-TEC_SEO_Keyword_Universe_Dubai.xlsx,2026-04-12 to 2026-09-25,MEASURED WORKBOOK,1,11,0.0909,27.64,Broad commercial,BMW service/repair discovery,/brands/bmw-service-dubai,,EXISTING OWNER,Single broad booking and directory owner,Observed GSC long-tail
bmw ac compressor replacement dubai,bmw ac compressor replacement dubai,Master Keywords!A963,DIGI-TEC_SEO_Keyword_Universe_Dubai.xlsx,,GENERATED TAXONOMY,,,,,Commercial service,BMW AC repair,/brands/bmw-service-dubai/ac-repair,/brands/bmw-service-dubai,EXISTING OWNER,Existing specific service; exact scope follows inspection,AC & cooling
bmw ac condenser replacement dubai,bmw ac condenser replacement dubai,Master Keywords!A964,DIGI-TEC_SEO_Keyword_Universe_Dubai.xlsx,,GENERATED TAXONOMY,,,,,Commercial service,BMW AC repair,/brands/bmw-service-dubai/ac-repair,/brands/bmw-service-dubai,EXISTING OWNER,Existing specific service; exact scope follows inspection,AC & cooling
bmw ac gas refill dubai,bmw ac gas refill dubai,Master Keywords!A965,DIGI-TEC_SEO_Keyword_Universe_Dubai.xlsx,,GENERATED TAXONOMY,,,,,Commercial service,BMW AC repair,/brands/bmw-service-dubai/ac-repair,/brands/bmw-service-dubai,EXISTING OWNER,Existing specific service; exact scope follows inspection,AC & cooling
bmw ac leak repair dubai,bmw ac leak repair dubai,Master Keywords!A966,DIGI-TEC_SEO_Keyword_Universe_Dubai.xlsx,,GENERATED TAXONOMY,,,,,Commercial service,BMW AC repair,/brands/bmw-service-dubai/ac-repair,/brands/bmw-service-dubai,EXISTING OWNER,Existing specific service; exact scope follows inspection,AC & cooling
bmw ac not cooling dubai,bmw ac not cooling dubai,Master Keywords!A967,DIGI-TEC_SEO_Keyword_Universe_Dubai.xlsx,,GENERATED TAXONOMY,,,,,Service section,Symptom assessment,/brands/bmw-service-dubai/ac-repair,/brands/bmw-service-dubai,EXISTING OWNER,Existing service explains diagnostic route; no measured case for a separate thin guide,AC & cooling
bmw air conditioning repair dubai,bmw air conditioning repair dubai,Master Keywords!A968,DIGI-TEC_SEO_Keyword_Universe_Dubai.xlsx,,GENERATED TAXONOMY,,,,,Commercial service,BMW AC repair,/brands/bmw-service-dubai/ac-repair,/brands/bmw-service-dubai,EXISTING OWNER,Existing specific service; exact scope follows inspection,AC & cooling
bmw coolant leak repair dubai,bmw coolant leak repair dubai,Master Keywords!A969,DIGI-TEC_SEO_Keyword_Universe_Dubai.xlsx,,GENERATED TAXONOMY,,,,,Service section,Symptom assessment,/brands/bmw-service-dubai/mechanical-repair,/brands/bmw-service-dubai,EXISTING OWNER,Existing service explains diagnostic route; no measured case for a separate thin guide,AC & cooling
bmw cooling system repair dubai,bmw cooling system repair dubai,Master Keywords!A970,DIGI-TEC_SEO_Keyword_Universe_Dubai.xlsx,,GENERATED TAXONOMY,,,,,Commercial service,BMW mechanical repair,/brands/bmw-service-dubai/mechanical-repair,/brands/bmw-service-dubai,EXISTING OWNER,Existing specific service; exact scope follows inspection,AC & cooling
bmw overheating repair dubai,bmw overheating repair dubai,Master Keywords!A971,DIGI-TEC_SEO_Keyword_Universe_Dubai.xlsx,,GENERATED TAXONOMY,,,,,Service section,Symptom assessment,/brands/bmw-service-dubai/mechanical-repair,/brands/bmw-service-dubai,EXISTING OWNER,Existing service explains diagnostic route; no measured case for a separate thin guide,AC & cooling
bmw radiator repair dubai,bmw radiator repair dubai,Master Keywords!A972,DIGI-TEC_SEO_Keyword_Universe_Dubai.xlsx,,GENERATED TAXONOMY,,,,,Commercial service,BMW mechanical repair,/brands/bmw-service-dubai/mechanical-repair,/brands/bmw-service-dubai,EXISTING OWNER,Existing specific service; exact scope follows inspection,AC & cooling
bmw thermostat replacement dubai,bmw thermostat replacement dubai,Master Keywords!A973,DIGI-TEC_SEO_Keyword_Universe_Dubai.xlsx,,GENERATED TAXONOMY,,,,,Commercial service,BMW mechanical repair,/brands/bmw-service-dubai/mechanical-repair,/brands/bmw-service-dubai,EXISTING OWNER,Existing specific service; exact scope follows inspection,AC & cooling
bmw water pump replacement dubai,bmw water pump replacement dubai,Master Keywords!A974,DIGI-TEC_SEO_Keyword_Universe_Dubai.xlsx,,GENERATED TAXONOMY,,,,,Commercial service,BMW mechanical repair,/brands/bmw-service-dubai/mechanical-repair,/brands/bmw-service-dubai,EXISTING OWNER,Existing specific service; exact scope follows inspection,AC & cooling
bmw abs repair dubai,bmw abs repair dubai,Master Keywords!A975,DIGI-TEC_SEO_Keyword_Universe_Dubai.xlsx,,GENERATED TAXONOMY,,,,,Commercial service,BMW brake repair,/brands/bmw-service-dubai/brake-repair,/brands/bmw-service-dubai,EXISTING OWNER,Existing specific service; exact scope follows inspection,Brakes
bmw abs warning light dubai,bmw abs warning light dubai,Master Keywords!A976,DIGI-TEC_SEO_Keyword_Universe_Dubai.xlsx,,GENERATED TAXONOMY,,,,,Service section,Symptom assessment,/brands/bmw-service-dubai/engine-diagnostics,/brands/bmw-service-dubai,EXISTING OWNER,Existing service explains diagnostic route; no measured case for a separate thin guide,Brakes
bmw brake disc replacement dubai,bmw brake disc replacement dubai,Master Keywords!A977,DIGI-TEC_SEO_Keyword_Universe_Dubai.xlsx,,GENERATED TAXONOMY,,,,,Commercial service,BMW brake repair,/brands/bmw-service-dubai/brake-repair,/brands/bmw-service-dubai,EXISTING OWNER,Existing specific service; exact scope follows inspection,Brakes
bmw brake fluid change dubai,bmw brake fluid change dubai,Master Keywords!A978,DIGI-TEC_SEO_Keyword_Universe_Dubai.xlsx,,GENERATED TAXONOMY,,,,,Commercial service,BMW brake repair,/brands/bmw-service-dubai/brake-repair,/brands/bmw-service-dubai,EXISTING OWNER,Existing specific service; exact scope follows inspection,Brakes
bmw brake pad replacement dubai,bmw brake pad replacement dubai,Master Keywords!A979,DIGI-TEC_SEO_Keyword_Universe_Dubai.xlsx,,GENERATED TAXONOMY,,,,,Commercial service,BMW brake repair,/brands/bmw-service-dubai/brake-repair,/brands/bmw-service-dubai,EXISTING OWNER,Existing specific service; exact scope follows inspection,Brakes
bmw brake rotor replacement dubai,bmw brake rotor replacement dubai,Master Keywords!A980,DIGI-TEC_SEO_Keyword_Universe_Dubai.xlsx,,GENERATED TAXONOMY,,,,,Commercial service,BMW brake repair,/brands/bmw-service-dubai/brake-repair,/brands/bmw-service-dubai,EXISTING OWNER,Existing specific service; exact scope follows inspection,Brakes
bmw brake service dubai,bmw brake service dubai,Master Keywords!A981,DIGI-TEC_SEO_Keyword_Universe_Dubai.xlsx,,GENERATED TAXONOMY,,,,,Commercial service,BMW brake repair,/brands/bmw-service-dubai/brake-repair,/brands/bmw-service-dubai,EXISTING OWNER,Existing specific service; exact scope follows inspection,Brakes
bmw brake squeaking repair dubai,bmw brake squeaking repair dubai,Master Keywords!A982,DIGI-TEC_SEO_Keyword_Universe_Dubai.xlsx,,GENERATED TAXONOMY,,,,,Commercial service,BMW brake repair,/brands/bmw-service-dubai/brake-repair,/brands/bmw-service-dubai,EXISTING OWNER,Existing specific service; exact scope follows inspection,Brakes
bmw brake vibration repair dubai,bmw brake vibration repair dubai,Master Keywords!A983,DIGI-TEC_SEO_Keyword_Universe_Dubai.xlsx,,GENERATED TAXONOMY,,,,,Service section,Symptom assessment,/brands/bmw-service-dubai/engine-diagnostics,/brands/bmw-service-dubai,EXISTING OWNER,Existing service explains diagnostic route; no measured case for a separate thin guide,Brakes
bmw check engine light dubai,bmw check engine light dubai,Master Keywords!A984,DIGI-TEC_SEO_Keyword_Universe_Dubai.xlsx,,GENERATED TAXONOMY,,,,,Service section,Symptom assessment,/brands/bmw-service-dubai/engine-diagnostics,/brands/bmw-service-dubai,EXISTING OWNER,Existing service explains diagnostic route; no measured case for a separate thin guide,Diagnostics & warning lights
bmw computer diagnostics dubai,bmw computer diagnostics dubai,Master Keywords!A985,DIGI-TEC_SEO_Keyword_Universe_Dubai.xlsx,,GENERATED TAXONOMY,,,,,Commercial service,BMW diagnostics,/brands/bmw-service-dubai/engine-diagnostics,/brands/bmw-service-dubai,EXISTING OWNER,Existing specific service; exact scope follows inspection,Diagnostics & warning lights
bmw dashboard warning light dubai,bmw dashboard warning light dubai,Master Keywords!A986,DIGI-TEC_SEO_Keyword_Universe_Dubai.xlsx,,GENERATED TAXONOMY,,,,,Service section,Symptom assessment,/brands/bmw-service-dubai/engine-diagnostics,/brands/bmw-service-dubai,EXISTING OWNER,Existing service explains diagnostic route; no measured case for a separate thin guide,Diagnostics & warning lights
bmw diagnostic scan dubai,bmw diagnostic scan dubai,Master Keywords!A987,DIGI-TEC_SEO_Keyword_Universe_Dubai.xlsx,,GENERATED TAXONOMY,,,,,Commercial service,BMW diagnostics,/brands/bmw-service-dubai/engine-diagnostics,/brands/bmw-service-dubai,EXISTING OWNER,Existing specific service; exact scope follows inspection,Diagnostics & warning lights
bmw engine warning light dubai,bmw engine warning light dubai,Master Keywords!A988,DIGI-TEC_SEO_Keyword_Universe_Dubai.xlsx,,GENERATED TAXONOMY,,,,,Service section,Symptom assessment,/brands/bmw-service-dubai/engine-diagnostics,/brands/bmw-service-dubai,EXISTING OWNER,Existing service explains diagnostic route; no measured case for a separate thin guide,Diagnostics & warning lights
bmw fault code scanning dubai,bmw fault code scanning dubai,Master Keywords!A989,DIGI-TEC_SEO_Keyword_Universe_Dubai.xlsx,,GENERATED TAXONOMY,,,,,Commercial service,BMW diagnostics,/brands/bmw-service-dubai/engine-diagnostics,/brands/bmw-service-dubai,EXISTING OWNER,Existing specific service; exact scope follows inspection,Diagnostics & warning lights
bmw fault diagnosis dubai,bmw fault diagnosis dubai,Master Keywords!A990,DIGI-TEC_SEO_Keyword_Universe_Dubai.xlsx,,GENERATED TAXONOMY,,,,,Commercial service,BMW diagnostics,/brands/bmw-service-dubai/engine-diagnostics,/brands/bmw-service-dubai,EXISTING OWNER,Existing specific service; exact scope follows inspection,Diagnostics & warning lights
bmw alternator repair dubai,bmw alternator repair dubai,Master Keywords!A991,DIGI-TEC_SEO_Keyword_Universe_Dubai.xlsx,,GENERATED TAXONOMY,,,,,Commercial service,BMW electrical repair,/brands/bmw-service-dubai/electrical-repair,/brands/bmw-service-dubai,EXISTING OWNER,Existing specific service; exact scope follows inspection,Electrical
bmw alternator replacement dubai,bmw alternator replacement dubai,Master Keywords!A992,DIGI-TEC_SEO_Keyword_Universe_Dubai.xlsx,,GENERATED TAXONOMY,,,,,Commercial service,BMW electrical repair,/brands/bmw-service-dubai/electrical-repair,/brands/bmw-service-dubai,EXISTING OWNER,Existing specific service; exact scope follows inspection,Electrical
bmw battery drain repair dubai,bmw battery drain repair dubai,Master Keywords!A993,DIGI-TEC_SEO_Keyword_Universe_Dubai.xlsx,,GENERATED TAXONOMY,,,,,Commercial service,BMW battery assessment,/brands/bmw-service-dubai/battery-replacement,/brands/bmw-service-dubai,EXISTING OWNER,Existing specific service; exact scope follows inspection,Electrical
bmw coding service dubai,bmw coding service dubai,Master Keywords!A994,DIGI-TEC_SEO_Keyword_Universe_Dubai.xlsx,,GENERATED TAXONOMY,,,,,Commercial service,BMW diagnostics,/brands/bmw-service-dubai/engine-diagnostics,/brands/bmw-service-dubai,EXISTING OWNER,Existing specific service; exact scope follows inspection,Electrical
bmw ecu programming dubai,bmw ecu programming dubai,Master Keywords!A995,DIGI-TEC_SEO_Keyword_Universe_Dubai.xlsx,,GENERATED TAXONOMY,,,,,Commercial service,BMW diagnostics,/brands/bmw-service-dubai/engine-diagnostics,/brands/bmw-service-dubai,EXISTING OWNER,Existing specific service; exact scope follows inspection,Electrical
bmw ecu repair dubai,bmw ecu repair dubai,Master Keywords!A996,DIGI-TEC_SEO_Keyword_Universe_Dubai.xlsx,,GENERATED TAXONOMY,,,,,Commercial service,BMW electrical repair,/brands/bmw-service-dubai/electrical-repair,/brands/bmw-service-dubai,EXISTING OWNER,Existing specific service; exact scope follows inspection,Electrical
bmw electrical diagnostics dubai,bmw electrical diagnostics dubai,Master Keywords!A997,DIGI-TEC_SEO_Keyword_Universe_Dubai.xlsx,,GENERATED TAXONOMY,,,,,Commercial service,BMW diagnostics,/brands/bmw-service-dubai/engine-diagnostics,/brands/bmw-service-dubai,EXISTING OWNER,Existing specific service; exact scope follows inspection,Electrical
bmw electrical repair dubai,bmw electrical repair dubai,Master Keywords!A998,DIGI-TEC_SEO_Keyword_Universe_Dubai.xlsx,,GENERATED TAXONOMY,,,,,Commercial service,BMW electrical repair,/brands/bmw-service-dubai/electrical-repair,/brands/bmw-service-dubai,EXISTING OWNER,Existing specific service; exact scope follows inspection,Electrical
bmw key programming dubai,bmw key programming dubai,Master Keywords!A999,DIGI-TEC_SEO_Keyword_Universe_Dubai.xlsx,,GENERATED TAXONOMY,,,,,Unverified service,Unverified function,,,NOT TARGETED — INTENTIONALLY,BMW-specific function or offering not established by keyword evidence,Electrical
bmw keyless entry repair dubai,bmw keyless entry repair dubai,Master Keywords!A1000,DIGI-TEC_SEO_Keyword_Universe_Dubai.xlsx,,GENERATED TAXONOMY,,,,,Unverified service,Unverified function,,,NOT TARGETED — INTENTIONALLY,BMW-specific function or offering not established by keyword evidence,Electrical
bmw module programming dubai,bmw module programming dubai,Master Keywords!A1001,DIGI-TEC_SEO_Keyword_Universe_Dubai.xlsx,,GENERATED TAXONOMY,,,,,Commercial service,BMW diagnostics,/brands/bmw-service-dubai/engine-diagnostics,/brands/bmw-service-dubai,EXISTING OWNER,Existing specific service; exact scope follows inspection,Electrical
bmw module repair dubai,bmw module repair dubai,Master Keywords!A1002,DIGI-TEC_SEO_Keyword_Universe_Dubai.xlsx,,GENERATED TAXONOMY,,,,,Commercial service,BMW electrical repair,/brands/bmw-service-dubai/electrical-repair,/brands/bmw-service-dubai,EXISTING OWNER,Existing specific service; exact scope follows inspection,Electrical
bmw sensor replacement dubai,bmw sensor replacement dubai,Master Keywords!A1003,DIGI-TEC_SEO_Keyword_Universe_Dubai.xlsx,,GENERATED TAXONOMY,,,,,Commercial service,BMW electrical repair,/brands/bmw-service-dubai/electrical-repair,/brands/bmw-service-dubai,EXISTING OWNER,Existing specific service; exact scope follows inspection,Electrical
bmw starter motor repair dubai,bmw starter motor repair dubai,Master Keywords!A1004,DIGI-TEC_SEO_Keyword_Universe_Dubai.xlsx,,GENERATED TAXONOMY,,,,,Commercial service,BMW electrical repair,/brands/bmw-service-dubai/electrical-repair,/brands/bmw-service-dubai,EXISTING OWNER,Existing specific service; exact scope follows inspection,Electrical
bmw starter replacement dubai,bmw starter replacement dubai,Master Keywords!A1005,DIGI-TEC_SEO_Keyword_Universe_Dubai.xlsx,,GENERATED TAXONOMY,,,,,Commercial service,BMW electrical repair,/brands/bmw-service-dubai/electrical-repair,/brands/bmw-service-dubai,EXISTING OWNER,Existing specific service; exact scope follows inspection,Electrical
bmw wiring repair dubai,bmw wiring repair dubai,Master Keywords!A1006,DIGI-TEC_SEO_Keyword_Universe_Dubai.xlsx,,GENERATED TAXONOMY,,,,,Commercial service,BMW electrical repair,/brands/bmw-service-dubai/electrical-repair,/brands/bmw-service-dubai,EXISTING OWNER,Existing specific service; exact scope follows inspection,Electrical
bmw engine mount replacement dubai,bmw engine mount replacement dubai,Master Keywords!A1007,DIGI-TEC_SEO_Keyword_Universe_Dubai.xlsx,,GENERATED TAXONOMY,,,,,Commercial service,BMW mechanical repair,/brands/bmw-service-dubai/mechanical-repair,/brands/bmw-service-dubai,EXISTING OWNER,Existing specific service; exact scope follows inspection,Engine
bmw engine oil leak repair dubai,bmw engine oil leak repair dubai,Master Keywords!A1008,DIGI-TEC_SEO_Keyword_Universe_Dubai.xlsx,,GENERATED TAXONOMY,,,,,Service section,Symptom assessment,/brands/bmw-service-dubai/mechanical-repair,/brands/bmw-service-dubai,EXISTING OWNER,Existing service explains diagnostic route; no measured case for a separate thin guide,Engine
bmw engine overhaul dubai,bmw engine overhaul dubai,Master Keywords!A1009,DIGI-TEC_SEO_Keyword_Universe_Dubai.xlsx,,GENERATED TAXONOMY,,,,,Commercial service,BMW mechanical repair,/brands/bmw-service-dubai/mechanical-repair,/brands/bmw-service-dubai,EXISTING OWNER,Existing specific service; exact scope follows inspection,Engine
bmw engine overheating repair dubai,bmw engine overheating repair dubai,Master Keywords!A1010,DIGI-TEC_SEO_Keyword_Universe_Dubai.xlsx,,GENERATED TAXONOMY,,,,,Service section,Symptom assessment,/brands/bmw-service-dubai/mechanical-repair,/brands/bmw-service-dubai,EXISTING OWNER,Existing service explains diagnostic route; no measured case for a separate thin guide,Engine
bmw engine rebuild dubai,bmw engine rebuild dubai,Master Keywords!A1011,DIGI-TEC_SEO_Keyword_Universe_Dubai.xlsx,,GENERATED TAXONOMY,,,,,Commercial service,BMW mechanical repair,/brands/bmw-service-dubai/mechanical-repair,/brands/bmw-service-dubai,EXISTING OWNER,Existing specific service; exact scope follows inspection,Engine
bmw engine replacement dubai,bmw engine replacement dubai,Master Keywords!A1012,DIGI-TEC_SEO_Keyword_Universe_Dubai.xlsx,,GENERATED TAXONOMY,,,,,Commercial service,BMW mechanical repair,/brands/bmw-service-dubai/mechanical-repair,/brands/bmw-service-dubai,EXISTING OWNER,Existing specific service; exact scope follows inspection,Engine
bmw loss of power repair dubai,bmw loss of power repair dubai,Master Keywords!A1013,DIGI-TEC_SEO_Keyword_Universe_Dubai.xlsx,,GENERATED TAXONOMY,,,,,Service section,Symptom assessment,/brands/bmw-service-dubai/engine-diagnostics,/brands/bmw-service-dubai,EXISTING OWNER,Existing service explains diagnostic route; no measured case for a separate thin guide,Engine
bmw misfire repair dubai,bmw misfire repair dubai,Master Keywords!A1014,DIGI-TEC_SEO_Keyword_Universe_Dubai.xlsx,,GENERATED TAXONOMY,,,,,Service section,Symptom assessment,/brands/bmw-service-dubai/engine-diagnostics,/brands/bmw-service-dubai,EXISTING OWNER,Existing service explains diagnostic route; no measured case for a separate thin guide,Engine
bmw timing belt replacement dubai,bmw timing belt replacement dubai,Master Keywords!A1015,DIGI-TEC_SEO_Keyword_Universe_Dubai.xlsx,,GENERATED TAXONOMY,,,,,Commercial service,BMW mechanical repair,/brands/bmw-service-dubai/mechanical-repair,/brands/bmw-service-dubai,EXISTING OWNER,Existing specific service; exact scope follows inspection,Engine
bmw timing chain repair dubai,bmw timing chain repair dubai,Master Keywords!A1016,DIGI-TEC_SEO_Keyword_Universe_Dubai.xlsx,,GENERATED TAXONOMY,,,,,Commercial service,BMW mechanical repair,/brands/bmw-service-dubai/mechanical-repair,/brands/bmw-service-dubai,EXISTING OWNER,Existing specific service; exact scope follows inspection,Engine
bmw valve cover gasket replacement dubai,bmw valve cover gasket replacement dubai,Master Keywords!A1017,DIGI-TEC_SEO_Keyword_Universe_Dubai.xlsx,,GENERATED TAXONOMY,,,,,Commercial service,BMW mechanical repair,/brands/bmw-service-dubai/mechanical-repair,/brands/bmw-service-dubai,EXISTING OWNER,Existing specific service; exact scope follows inspection,Engine
bmw car repair dubai,bmw car repair dubai,Master Keywords!A1018,DIGI-TEC_SEO_Keyword_Universe_Dubai.xlsx,,GENERATED TAXONOMY,,,,,Broad commercial,BMW service/repair discovery,/brands/bmw-service-dubai,,EXISTING OWNER,Single broad booking and directory owner,General repair
bmw garage dubai,bmw garage dubai,Master Keywords!A1019,DIGI-TEC_SEO_Keyword_Universe_Dubai.xlsx,,GENERATED TAXONOMY,,,,,Broad commercial,BMW service/repair discovery,/brands/bmw-service-dubai,,EXISTING OWNER,Single broad booking and directory owner,General repair
bmw air suspension compressor replacement dubai,bmw air suspension compressor replacement dubai,Master Keywords!A1020,DIGI-TEC_SEO_Keyword_Universe_Dubai.xlsx,,GENERATED TAXONOMY,,,,,Commercial service,BMW suspension repair,/brands/bmw-service-dubai/suspension-repair,/brands/bmw-service-dubai,EXISTING OWNER,Existing specific service; exact scope follows inspection,Suspension
bmw air suspension repair dubai,bmw air suspension repair dubai,Master Keywords!A1021,DIGI-TEC_SEO_Keyword_Universe_Dubai.xlsx,,GENERATED TAXONOMY,,,,,Commercial service,BMW suspension repair,/brands/bmw-service-dubai/suspension-repair,/brands/bmw-service-dubai,EXISTING OWNER,Existing specific service; exact scope follows inspection,Suspension
bmw bushing replacement dubai,bmw bushing replacement dubai,Master Keywords!A1022,DIGI-TEC_SEO_Keyword_Universe_Dubai.xlsx,,GENERATED TAXONOMY,,,,,Commercial service,BMW suspension repair,/brands/bmw-service-dubai/suspension-repair,/brands/bmw-service-dubai,EXISTING OWNER,Existing specific service; exact scope follows inspection,Suspension
bmw control arm replacement dubai,bmw control arm replacement dubai,Master Keywords!A1023,DIGI-TEC_SEO_Keyword_Universe_Dubai.xlsx,,GENERATED TAXONOMY,,,,,Commercial service,BMW suspension repair,/brands/bmw-service-dubai/suspension-repair,/brands/bmw-service-dubai,EXISTING OWNER,Existing specific service; exact scope follows inspection,Suspension
bmw ride height adjustment dubai,bmw ride height adjustment dubai,Master Keywords!A1024,DIGI-TEC_SEO_Keyword_Universe_Dubai.xlsx,,GENERATED TAXONOMY,,,,,Commercial service,BMW suspension repair,/brands/bmw-service-dubai/suspension-repair,/brands/bmw-service-dubai,EXISTING OWNER,Existing specific service; exact scope follows inspection,Suspension
bmw shock absorber replacement dubai,bmw shock absorber replacement dubai,Master Keywords!A1025,DIGI-TEC_SEO_Keyword_Universe_Dubai.xlsx,,GENERATED TAXONOMY,,,,,Commercial service,BMW suspension repair,/brands/bmw-service-dubai/suspension-repair,/brands/bmw-service-dubai,EXISTING OWNER,Existing specific service; exact scope follows inspection,Suspension
bmw strut replacement dubai,bmw strut replacement dubai,Master Keywords!A1026,DIGI-TEC_SEO_Keyword_Universe_Dubai.xlsx,,GENERATED TAXONOMY,,,,,Broad commercial,BMW service/repair discovery,/brands/bmw-service-dubai,,EXISTING OWNER,Single broad booking and directory owner,Suspension
bmw suspension noise repair dubai,bmw suspension noise repair dubai,Master Keywords!A1027,DIGI-TEC_SEO_Keyword_Universe_Dubai.xlsx,,GENERATED TAXONOMY,,,,,Commercial service,BMW suspension repair,/brands/bmw-service-dubai/suspension-repair,/brands/bmw-service-dubai,EXISTING OWNER,Existing specific service; exact scope follows inspection,Suspension
bmw suspension warning light dubai,bmw suspension warning light dubai,Master Keywords!A1028,DIGI-TEC_SEO_Keyword_Universe_Dubai.xlsx,,GENERATED TAXONOMY,,,,,Service section,Symptom assessment,/brands/bmw-service-dubai/engine-diagnostics,/brands/bmw-service-dubai,EXISTING OWNER,Existing service explains diagnostic route; no measured case for a separate thin guide,Suspension
bmw gear shifting problem dubai,bmw gear shifting problem dubai,Master Keywords!A1029,DIGI-TEC_SEO_Keyword_Universe_Dubai.xlsx,,GENERATED TAXONOMY,,,,,Commercial service,BMW gearbox repair,/brands/bmw-service-dubai/transmission-repair,/brands/bmw-service-dubai,EXISTING OWNER,Existing specific service; exact scope follows inspection,Transmission & gearbox
bmw gearbox oil change dubai,bmw gearbox oil change dubai,Master Keywords!A1030,DIGI-TEC_SEO_Keyword_Universe_Dubai.xlsx,,GENERATED TAXONOMY,,,,,Commercial service,BMW gearbox repair,/brands/bmw-service-dubai/transmission-repair,/brands/bmw-service-dubai,EXISTING OWNER,Existing specific service; exact scope follows inspection,Transmission & gearbox
bmw gearbox rebuild dubai,bmw gearbox rebuild dubai,Master Keywords!A1031,DIGI-TEC_SEO_Keyword_Universe_Dubai.xlsx,,GENERATED TAXONOMY,,,,,Commercial service,BMW gearbox repair,/brands/bmw-service-dubai/transmission-repair,/brands/bmw-service-dubai,EXISTING OWNER,Existing specific service; exact scope follows inspection,Transmission & gearbox
bmw gearbox repair dubai,bmw gearbox repair dubai,Master Keywords!A1032,DIGI-TEC_SEO_Keyword_Universe_Dubai.xlsx,,GENERATED TAXONOMY,,,,,Commercial service,BMW gearbox repair,/brands/bmw-service-dubai/transmission-repair,/brands/bmw-service-dubai,EXISTING OWNER,Existing specific service; exact scope follows inspection,Transmission & gearbox
bmw gearbox replacement dubai,bmw gearbox replacement dubai,Master Keywords!A1033,DIGI-TEC_SEO_Keyword_Universe_Dubai.xlsx,,GENERATED TAXONOMY,,,,,Commercial service,BMW gearbox repair,/brands/bmw-service-dubai/transmission-repair,/brands/bmw-service-dubai,EXISTING OWNER,Existing specific service; exact scope follows inspection,Transmission & gearbox
bmw gearbox service dubai,bmw gearbox service dubai,Master Keywords!A1034,DIGI-TEC_SEO_Keyword_Universe_Dubai.xlsx,,GENERATED TAXONOMY,,,,,Commercial service,BMW gearbox repair,/brands/bmw-service-dubai/transmission-repair,/brands/bmw-service-dubai,EXISTING OWNER,Existing specific service; exact scope follows inspection,Transmission & gearbox
bmw transmission leak repair dubai,bmw gearbox leak repair dubai,Master Keywords!A1035,DIGI-TEC_SEO_Keyword_Universe_Dubai.xlsx,,GENERATED TAXONOMY,,,,,Commercial service,BMW gearbox repair,/brands/bmw-service-dubai/transmission-repair,/brands/bmw-service-dubai,EXISTING OWNER,Existing specific service; exact scope follows inspection,Transmission & gearbox
bmw transmission oil change dubai,bmw gearbox oil change dubai,Master Keywords!A1036,DIGI-TEC_SEO_Keyword_Universe_Dubai.xlsx,,GENERATED TAXONOMY,,,,,Commercial service,BMW gearbox repair,/brands/bmw-service-dubai/transmission-repair,/brands/bmw-service-dubai,EXISTING OWNER,Existing specific service; exact scope follows inspection,Transmission & gearbox
bmw transmission rebuild dubai,bmw gearbox rebuild dubai,Master Keywords!A1037,DIGI-TEC_SEO_Keyword_Universe_Dubai.xlsx,,GENERATED TAXONOMY,,,,,Commercial service,BMW gearbox repair,/brands/bmw-service-dubai/transmission-repair,/brands/bmw-service-dubai,EXISTING OWNER,Existing specific service; exact scope follows inspection,Transmission & gearbox
bmw transmission replacement dubai,bmw gearbox replacement dubai,Master Keywords!A1038,DIGI-TEC_SEO_Keyword_Universe_Dubai.xlsx,,GENERATED TAXONOMY,,,,,Commercial service,BMW gearbox repair,/brands/bmw-service-dubai/transmission-repair,/brands/bmw-service-dubai,EXISTING OWNER,Existing specific service; exact scope follows inspection,Transmission & gearbox
bmw transmission service dubai,bmw gearbox service dubai,Master Keywords!A1039,DIGI-TEC_SEO_Keyword_Universe_Dubai.xlsx,,GENERATED TAXONOMY,,,,,Commercial service,BMW gearbox repair,/brands/bmw-service-dubai/transmission-repair,/brands/bmw-service-dubai,EXISTING OWNER,Existing specific service; exact scope follows inspection,Transmission & gearbox
bmw ac compressor replacement,bmw ac compressor replacement,Master Keywords!A2502,DIGI-TEC_SEO_Keyword_Universe_Dubai.xlsx,,GENERATED TAXONOMY,,,,,Commercial service,BMW AC repair,/brands/bmw-service-dubai/ac-repair,/brands/bmw-service-dubai,EXISTING OWNER,Existing specific service; exact scope follows inspection,AC & cooling
bmw ac condenser replacement,bmw ac condenser replacement,Master Keywords!A2503,DIGI-TEC_SEO_Keyword_Universe_Dubai.xlsx,,GENERATED TAXONOMY,,,,,Commercial service,BMW AC repair,/brands/bmw-service-dubai/ac-repair,/brands/bmw-service-dubai,EXISTING OWNER,Existing specific service; exact scope follows inspection,AC & cooling
bmw ac gas refill,bmw ac gas refill,Master Keywords!A2504,DIGI-TEC_SEO_Keyword_Universe_Dubai.xlsx,,GENERATED TAXONOMY,,,,,Commercial service,BMW AC repair,/brands/bmw-service-dubai/ac-repair,/brands/bmw-service-dubai,EXISTING OWNER,Existing specific service; exact scope follows inspection,AC & cooling
bmw ac leak repair,bmw ac leak repair,Master Keywords!A2505,DIGI-TEC_SEO_Keyword_Universe_Dubai.xlsx,,GENERATED TAXONOMY,,,,,Commercial service,BMW AC repair,/brands/bmw-service-dubai/ac-repair,/brands/bmw-service-dubai,EXISTING OWNER,Existing specific service; exact scope follows inspection,AC & cooling
bmw ac not cooling,bmw ac not cooling,Master Keywords!A2506,DIGI-TEC_SEO_Keyword_Universe_Dubai.xlsx,,GENERATED TAXONOMY,,,,,Service section,Symptom assessment,/brands/bmw-service-dubai/ac-repair,/brands/bmw-service-dubai,EXISTING OWNER,Existing service explains diagnostic route; no measured case for a separate thin guide,AC & cooling
bmw ac repair near me,bmw ac repair near me,Master Keywords!A2507,DIGI-TEC_SEO_Keyword_Universe_Dubai.xlsx,,GENERATED TAXONOMY,,,,,Commercial service,BMW AC repair,/brands/bmw-service-dubai/ac-repair,/brands/bmw-service-dubai,EXISTING OWNER,Existing specific service; exact scope follows inspection,AC & cooling
bmw air conditioning repair,bmw air conditioning repair,Master Keywords!A2508,DIGI-TEC_SEO_Keyword_Universe_Dubai.xlsx,,GENERATED TAXONOMY,,,,,Commercial service,BMW AC repair,/brands/bmw-service-dubai/ac-repair,/brands/bmw-service-dubai,EXISTING OWNER,Existing specific service; exact scope follows inspection,AC & cooling
bmw coolant leak repair,bmw coolant leak repair,Master Keywords!A2509,DIGI-TEC_SEO_Keyword_Universe_Dubai.xlsx,,GENERATED TAXONOMY,,,,,Service section,Symptom assessment,/brands/bmw-service-dubai/mechanical-repair,/brands/bmw-service-dubai,EXISTING OWNER,Existing service explains diagnostic route; no measured case for a separate thin guide,AC & cooling
bmw cooling system repair,bmw cooling system repair,Master Keywords!A2510,DIGI-TEC_SEO_Keyword_Universe_Dubai.xlsx,,GENERATED TAXONOMY,,,,,Commercial service,BMW mechanical repair,/brands/bmw-service-dubai/mechanical-repair,/brands/bmw-service-dubai,EXISTING OWNER,Existing specific service; exact scope follows inspection,AC & cooling
bmw overheating repair,bmw overheating repair,Master Keywords!A2511,DIGI-TEC_SEO_Keyword_Universe_Dubai.xlsx,,GENERATED TAXONOMY,,,,,Service section,Symptom assessment,/brands/bmw-service-dubai/mechanical-repair,/brands/bmw-service-dubai,EXISTING OWNER,Existing service explains diagnostic route; no measured case for a separate thin guide,AC & cooling
bmw radiator repair,bmw radiator repair,Master Keywords!A2512,DIGI-TEC_SEO_Keyword_Universe_Dubai.xlsx,,GENERATED TAXONOMY,,,,,Commercial service,BMW mechanical repair,/brands/bmw-service-dubai/mechanical-repair,/brands/bmw-service-dubai,EXISTING OWNER,Existing specific service; exact scope follows inspection,AC & cooling
bmw thermostat replacement,bmw thermostat replacement,Master Keywords!A2513,DIGI-TEC_SEO_Keyword_Universe_Dubai.xlsx,,GENERATED TAXONOMY,,,,,Commercial service,BMW mechanical repair,/brands/bmw-service-dubai/mechanical-repair,/brands/bmw-service-dubai,EXISTING OWNER,Existing specific service; exact scope follows inspection,AC & cooling
bmw water pump replacement,bmw water pump replacement,Master Keywords!A2514,DIGI-TEC_SEO_Keyword_Universe_Dubai.xlsx,,GENERATED TAXONOMY,,,,,Commercial service,BMW mechanical repair,/brands/bmw-service-dubai/mechanical-repair,/brands/bmw-service-dubai,EXISTING OWNER,Existing specific service; exact scope follows inspection,AC & cooling
bmw accident repair,bmw accident repair,Master Keywords!A2515,DIGI-TEC_SEO_Keyword_Universe_Dubai.xlsx,,GENERATED TAXONOMY,,,,,Commercial service,BMW body repair,/brands/bmw-service-dubai/body-repair,/brands/bmw-service-dubai,EXISTING OWNER,Existing specific service; exact scope follows inspection,Body & paint
bmw accident repair dubai,bmw accident repair dubai,Master Keywords!A2516,DIGI-TEC_SEO_Keyword_Universe_Dubai.xlsx,,GENERATED TAXONOMY,,,,,Commercial service,BMW body repair,/brands/bmw-service-dubai/body-repair,/brands/bmw-service-dubai,EXISTING OWNER,Existing specific service; exact scope follows inspection,Body & paint
bmw body repair,bmw body repair,Master Keywords!A2517,DIGI-TEC_SEO_Keyword_Universe_Dubai.xlsx,,GENERATED TAXONOMY,,,,,Commercial service,BMW body repair,/brands/bmw-service-dubai/body-repair,/brands/bmw-service-dubai,EXISTING OWNER,Existing specific service; exact scope follows inspection,Body & paint
bmw bumper repair,bmw bumper repair,Master Keywords!A2518,DIGI-TEC_SEO_Keyword_Universe_Dubai.xlsx,,GENERATED TAXONOMY,,,,,Commercial service,BMW body repair,/brands/bmw-service-dubai/body-repair,/brands/bmw-service-dubai,EXISTING OWNER,Existing specific service; exact scope follows inspection,Body & paint
bmw bumper repair dubai,bmw bumper repair dubai,Master Keywords!A2519,DIGI-TEC_SEO_Keyword_Universe_Dubai.xlsx,,GENERATED TAXONOMY,,,,,Commercial service,BMW body repair,/brands/bmw-service-dubai/body-repair,/brands/bmw-service-dubai,EXISTING OWNER,Existing specific service; exact scope follows inspection,Body & paint
bmw car painting,bmw car painting,Master Keywords!A2520,DIGI-TEC_SEO_Keyword_Universe_Dubai.xlsx,,GENERATED TAXONOMY,,,,,Commercial service,BMW body repair,/brands/bmw-service-dubai/body-repair,/brands/bmw-service-dubai,EXISTING OWNER,Existing specific service; exact scope follows inspection,Body & paint
bmw car painting dubai,bmw car painting dubai,Master Keywords!A2521,DIGI-TEC_SEO_Keyword_Universe_Dubai.xlsx,,GENERATED TAXONOMY,,,,,Commercial service,BMW body repair,/brands/bmw-service-dubai/body-repair,/brands/bmw-service-dubai,EXISTING OWNER,Existing specific service; exact scope follows inspection,Body & paint
bmw dent repair,bmw dent repair,Master Keywords!A2522,DIGI-TEC_SEO_Keyword_Universe_Dubai.xlsx,,GENERATED TAXONOMY,,,,,Commercial service,BMW body repair,/brands/bmw-service-dubai/body-repair,/brands/bmw-service-dubai,EXISTING OWNER,Existing specific service; exact scope follows inspection,Body & paint
bmw dent repair dubai,bmw dent repair dubai,Master Keywords!A2523,DIGI-TEC_SEO_Keyword_Universe_Dubai.xlsx,,GENERATED TAXONOMY,,,,,Commercial service,BMW body repair,/brands/bmw-service-dubai/body-repair,/brands/bmw-service-dubai,EXISTING OWNER,Existing specific service; exact scope follows inspection,Body & paint
bmw paint repair,bmw paint repair,Master Keywords!A2524,DIGI-TEC_SEO_Keyword_Universe_Dubai.xlsx,,GENERATED TAXONOMY,,,,,Commercial service,BMW body repair,/brands/bmw-service-dubai/body-repair,/brands/bmw-service-dubai,EXISTING OWNER,Existing specific service; exact scope follows inspection,Body & paint
bmw paint repair dubai,bmw paint repair dubai,Master Keywords!A2525,DIGI-TEC_SEO_Keyword_Universe_Dubai.xlsx,,GENERATED TAXONOMY,,,,,Commercial service,BMW body repair,/brands/bmw-service-dubai/body-repair,/brands/bmw-service-dubai,EXISTING OWNER,Existing specific service; exact scope follows inspection,Body & paint
bmw panel repair,bmw panel repair,Master Keywords!A2526,DIGI-TEC_SEO_Keyword_Universe_Dubai.xlsx,,GENERATED TAXONOMY,,,,,Commercial service,BMW body repair,/brands/bmw-service-dubai/body-repair,/brands/bmw-service-dubai,EXISTING OWNER,Existing specific service; exact scope follows inspection,Body & paint
bmw panel repair dubai,bmw panel repair dubai,Master Keywords!A2527,DIGI-TEC_SEO_Keyword_Universe_Dubai.xlsx,,GENERATED TAXONOMY,,,,,Commercial service,BMW body repair,/brands/bmw-service-dubai/body-repair,/brands/bmw-service-dubai,EXISTING OWNER,Existing specific service; exact scope follows inspection,Body & paint
bmw scratch repair,bmw scratch repair,Master Keywords!A2528,DIGI-TEC_SEO_Keyword_Universe_Dubai.xlsx,,GENERATED TAXONOMY,,,,,Broad commercial,BMW service/repair discovery,/brands/bmw-service-dubai,,EXISTING OWNER,Single broad booking and directory owner,Body & paint
bmw scratch repair dubai,bmw scratch repair dubai,Master Keywords!A2529,DIGI-TEC_SEO_Keyword_Universe_Dubai.xlsx,,GENERATED TAXONOMY,,,,,Broad commercial,BMW service/repair discovery,/brands/bmw-service-dubai,,EXISTING OWNER,Single broad booking and directory owner,Body & paint
bmw abs repair,bmw abs repair,Master Keywords!A2530,DIGI-TEC_SEO_Keyword_Universe_Dubai.xlsx,,GENERATED TAXONOMY,,,,,Commercial service,BMW brake repair,/brands/bmw-service-dubai/brake-repair,/brands/bmw-service-dubai,EXISTING OWNER,Existing specific service; exact scope follows inspection,Brakes
bmw abs warning light,bmw abs warning light,Master Keywords!A2531,DIGI-TEC_SEO_Keyword_Universe_Dubai.xlsx,,GENERATED TAXONOMY,,,,,Service section,Symptom assessment,/brands/bmw-service-dubai/engine-diagnostics,/brands/bmw-service-dubai,EXISTING OWNER,Existing service explains diagnostic route; no measured case for a separate thin guide,Brakes
bmw brake disc replacement,bmw brake disc replacement,Master Keywords!A2532,DIGI-TEC_SEO_Keyword_Universe_Dubai.xlsx,,GENERATED TAXONOMY,,,,,Commercial service,BMW brake repair,/brands/bmw-service-dubai/brake-repair,/brands/bmw-service-dubai,EXISTING OWNER,Existing specific service; exact scope follows inspection,Brakes
bmw brake fluid change,bmw brake fluid change,Master Keywords!A2533,DIGI-TEC_SEO_Keyword_Universe_Dubai.xlsx,,GENERATED TAXONOMY,,,,,Commercial service,BMW brake repair,/brands/bmw-service-dubai/brake-repair,/brands/bmw-service-dubai,EXISTING OWNER,Existing specific service; exact scope follows inspection,Brakes
bmw brake pad replacement,bmw brake pad replacement,Master Keywords!A2534,DIGI-TEC_SEO_Keyword_Universe_Dubai.xlsx,,GENERATED TAXONOMY,,,,,Commercial service,BMW brake repair,/brands/bmw-service-dubai/brake-repair,/brands/bmw-service-dubai,EXISTING OWNER,Existing specific service; exact scope follows inspection,Brakes
bmw brake repair,bmw brake repair,Master Keywords!A2535,DIGI-TEC_SEO_Keyword_Universe_Dubai.xlsx,,GENERATED TAXONOMY,,,,,Commercial service,BMW brake repair,/brands/bmw-service-dubai/brake-repair,/brands/bmw-service-dubai,EXISTING OWNER,Existing specific service; exact scope follows inspection,Brakes
bmw brake repair near me,bmw brake repair near me,Master Keywords!A2536,DIGI-TEC_SEO_Keyword_Universe_Dubai.xlsx,,GENERATED TAXONOMY,,,,,Commercial service,BMW brake repair,/brands/bmw-service-dubai/brake-repair,/brands/bmw-service-dubai,EXISTING OWNER,Existing specific service; exact scope follows inspection,Brakes
bmw brake rotor replacement,bmw brake rotor replacement,Master Keywords!A2537,DIGI-TEC_SEO_Keyword_Universe_Dubai.xlsx,,GENERATED TAXONOMY,,,,,Commercial service,BMW brake repair,/brands/bmw-service-dubai/brake-repair,/brands/bmw-service-dubai,EXISTING OWNER,Existing specific service; exact scope follows inspection,Brakes
bmw brake service,bmw brake service,Master Keywords!A2538,DIGI-TEC_SEO_Keyword_Universe_Dubai.xlsx,,GENERATED TAXONOMY,,,,,Commercial service,BMW brake repair,/brands/bmw-service-dubai/brake-repair,/brands/bmw-service-dubai,EXISTING OWNER,Existing specific service; exact scope follows inspection,Brakes
bmw brake squeaking repair,bmw brake squeaking repair,Master Keywords!A2539,DIGI-TEC_SEO_Keyword_Universe_Dubai.xlsx,,GENERATED TAXONOMY,,,,,Commercial service,BMW brake repair,/brands/bmw-service-dubai/brake-repair,/brands/bmw-service-dubai,EXISTING OWNER,Existing specific service; exact scope follows inspection,Brakes
bmw brake vibration repair,bmw brake vibration repair,Master Keywords!A2540,DIGI-TEC_SEO_Keyword_Universe_Dubai.xlsx,,GENERATED TAXONOMY,,,,,Service section,Symptom assessment,/brands/bmw-service-dubai/engine-diagnostics,/brands/bmw-service-dubai,EXISTING OWNER,Existing service explains diagnostic route; no measured case for a separate thin guide,Brakes
bmw coding,bmw coding,Master Keywords!A2541,DIGI-TEC_SEO_Keyword_Universe_Dubai.xlsx,,RESEARCH KEYWORD,,,,,Commercial service,BMW diagnostics,/brands/bmw-service-dubai/engine-diagnostics,/brands/bmw-service-dubai,EXISTING OWNER,Existing specific service; exact scope follows inspection,Brand-specific systems
bmw coding dubai,bmw coding dubai,Master Keywords!A2542,DIGI-TEC_SEO_Keyword_Universe_Dubai.xlsx,,RESEARCH KEYWORD,,,,,Commercial service,BMW diagnostics,/brands/bmw-service-dubai/engine-diagnostics,/brands/bmw-service-dubai,EXISTING OWNER,Existing specific service; exact scope follows inspection,Brand-specific systems
bmw software update,bmw software update,Master Keywords!A2543,DIGI-TEC_SEO_Keyword_Universe_Dubai.xlsx,,RESEARCH KEYWORD,,,,,Broad commercial,BMW service/repair discovery,/brands/bmw-service-dubai,,EXISTING OWNER,Single broad booking and directory owner,Brand-specific systems
bmw software update dubai,bmw software update dubai,Master Keywords!A2544,DIGI-TEC_SEO_Keyword_Universe_Dubai.xlsx,,RESEARCH KEYWORD,,,,,Broad commercial,BMW service/repair discovery,/brands/bmw-service-dubai,,EXISTING OWNER,Single broad booking and directory owner,Brand-specific systems
idrive repair,idrive repair,Master Keywords!A2545,DIGI-TEC_SEO_Keyword_Universe_Dubai.xlsx,,RESEARCH KEYWORD,,,,,Commercial section,iDrive/electronics assessment,/brands/bmw-service-dubai/electrical-repair,/brands/bmw-service-dubai,EXISTING OWNER,Fault diagnosis and upgrade enquiry remain distinct; no thin module URL,Brand-specific systems
idrive repair dubai,idrive repair dubai,Master Keywords!A2546,DIGI-TEC_SEO_Keyword_Universe_Dubai.xlsx,,RESEARCH KEYWORD,,,,,Commercial section,iDrive/electronics assessment,/brands/bmw-service-dubai/electrical-repair,/brands/bmw-service-dubai,EXISTING OWNER,Fault diagnosis and upgrade enquiry remain distinct; no thin module URL,Brand-specific systems
idrive screen replacement,idrive screen replacement,Master Keywords!A2547,DIGI-TEC_SEO_Keyword_Universe_Dubai.xlsx,,RESEARCH KEYWORD,,,,,Commercial section,iDrive/electronics assessment,/brands/bmw-service-dubai/electrical-repair,/brands/bmw-service-dubai,EXISTING OWNER,Fault diagnosis and upgrade enquiry remain distinct; no thin module URL,Brand-specific systems
idrive screen replacement dubai,idrive screen replacement dubai,Master Keywords!A2548,DIGI-TEC_SEO_Keyword_Universe_Dubai.xlsx,,RESEARCH KEYWORD,,,,,Commercial section,iDrive/electronics assessment,/brands/bmw-service-dubai/electrical-repair,/brands/bmw-service-dubai,EXISTING OWNER,Fault diagnosis and upgrade enquiry remain distinct; no thin module URL,Brand-specific systems
ista diagnostics,ista diagnostics,Master Keywords!A2549,DIGI-TEC_SEO_Keyword_Universe_Dubai.xlsx,,RESEARCH KEYWORD,,,,,Commercial service,BMW diagnostics,/brands/bmw-service-dubai/engine-diagnostics,/brands/bmw-service-dubai,EXISTING OWNER,Existing specific service; exact scope follows inspection,Brand-specific systems
ista diagnostics dubai,ista diagnostics dubai,Master Keywords!A2550,DIGI-TEC_SEO_Keyword_Universe_Dubai.xlsx,,RESEARCH KEYWORD,,,,,Commercial service,BMW diagnostics,/brands/bmw-service-dubai/engine-diagnostics,/brands/bmw-service-dubai,EXISTING OWNER,Existing specific service; exact scope follows inspection,Brand-specific systems
valvetronic repair,valvetronic repair,Master Keywords!A2551,DIGI-TEC_SEO_Keyword_Universe_Dubai.xlsx,,RESEARCH KEYWORD,,,,,Commercial section,Engine timing/lift system assessment,/brands/bmw-service-dubai/mechanical-repair,/brands/bmw-service-dubai,EXISTING OWNER,Generation-specific system; no standalone acronym page,Brand-specific systems
valvetronic repair dubai,valvetronic repair dubai,Master Keywords!A2552,DIGI-TEC_SEO_Keyword_Universe_Dubai.xlsx,,RESEARCH KEYWORD,,,,,Commercial section,Engine timing/lift system assessment,/brands/bmw-service-dubai/mechanical-repair,/brands/bmw-service-dubai,EXISTING OWNER,Generation-specific system; no standalone acronym page,Brand-specific systems
vanos repair,vanos repair,Master Keywords!A2553,DIGI-TEC_SEO_Keyword_Universe_Dubai.xlsx,,RESEARCH KEYWORD,,,,,Commercial section,Engine timing/lift system assessment,/brands/bmw-service-dubai/mechanical-repair,/brands/bmw-service-dubai,EXISTING OWNER,Generation-specific system; no standalone acronym page,Brand-specific systems
vanos repair dubai,vanos repair dubai,Master Keywords!A2554,DIGI-TEC_SEO_Keyword_Universe_Dubai.xlsx,,RESEARCH KEYWORD,,,,,Commercial section,Engine timing/lift system assessment,/brands/bmw-service-dubai/mechanical-repair,/brands/bmw-service-dubai,EXISTING OWNER,Generation-specific system; no standalone acronym page,Brand-specific systems
xdrive repair,xdrive repair,Master Keywords!A2555,DIGI-TEC_SEO_Keyword_Universe_Dubai.xlsx,,RESEARCH KEYWORD,,,,,Diagnostic section,Drivetrain warning/fault assessment,/brands/bmw-service-dubai/engine-diagnostics,/brands/bmw-service-dubai,EXISTING OWNER,Warning is not proof of one failed component,Brand-specific systems
xdrive repair dubai,xdrive repair dubai,Master Keywords!A2556,DIGI-TEC_SEO_Keyword_Universe_Dubai.xlsx,,RESEARCH KEYWORD,,,,,Diagnostic section,Drivetrain warning/fault assessment,/brands/bmw-service-dubai/engine-diagnostics,/brands/bmw-service-dubai,EXISTING OWNER,Warning is not proof of one failed component,Brand-specific systems
bmw boot repair,bmw boot repair,Master Keywords!A2557,DIGI-TEC_SEO_Keyword_Universe_Dubai.xlsx,,GENERATED TAXONOMY,,,,,Broad commercial,BMW service/repair discovery,/brands/bmw-service-dubai,,EXISTING OWNER,Single broad booking and directory owner,Convenience/body electronics
bmw boot repair dubai,bmw boot repair dubai,Master Keywords!A2558,DIGI-TEC_SEO_Keyword_Universe_Dubai.xlsx,,GENERATED TAXONOMY,,,,,Broad commercial,BMW service/repair discovery,/brands/bmw-service-dubai,,EXISTING OWNER,Single broad booking and directory owner,Convenience/body electronics
bmw door lock repair,bmw door lock repair,Master Keywords!A2559,DIGI-TEC_SEO_Keyword_Universe_Dubai.xlsx,,GENERATED TAXONOMY,,,,,Broad commercial,BMW service/repair discovery,/brands/bmw-service-dubai,,EXISTING OWNER,Single broad booking and directory owner,Convenience/body electronics
bmw door lock repair dubai,bmw door lock repair dubai,Master Keywords!A2560,DIGI-TEC_SEO_Keyword_Universe_Dubai.xlsx,,GENERATED TAXONOMY,,,,,Broad commercial,BMW service/repair discovery,/brands/bmw-service-dubai,,EXISTING OWNER,Single broad booking and directory owner,Convenience/body electronics
bmw power window repair,bmw power window repair,Master Keywords!A2561,DIGI-TEC_SEO_Keyword_Universe_Dubai.xlsx,,GENERATED TAXONOMY,,,,,Broad commercial,BMW service/repair discovery,/brands/bmw-service-dubai,,EXISTING OWNER,Single broad booking and directory owner,Convenience/body electronics
bmw power window repair dubai,bmw power window repair dubai,Master Keywords!A2562,DIGI-TEC_SEO_Keyword_Universe_Dubai.xlsx,,GENERATED TAXONOMY,,,,,Broad commercial,BMW service/repair discovery,/brands/bmw-service-dubai,,EXISTING OWNER,Single broad booking and directory owner,Convenience/body electronics
bmw seat motor repair,bmw seat motor repair,Master Keywords!A2563,DIGI-TEC_SEO_Keyword_Universe_Dubai.xlsx,,GENERATED TAXONOMY,,,,,Unverified service,Unverified function,,,NOT TARGETED — INTENTIONALLY,BMW-specific function or offering not established by keyword evidence,Convenience/body electronics
bmw seat motor repair dubai,bmw seat motor repair dubai,Master Keywords!A2564,DIGI-TEC_SEO_Keyword_Universe_Dubai.xlsx,,GENERATED TAXONOMY,,,,,Unverified service,Unverified function,,,NOT TARGETED — INTENTIONALLY,BMW-specific function or offering not established by keyword evidence,Convenience/body electronics
bmw seat repair,bmw seat repair,Master Keywords!A2565,DIGI-TEC_SEO_Keyword_Universe_Dubai.xlsx,,GENERATED TAXONOMY,,,,,Broad commercial,BMW service/repair discovery,/brands/bmw-service-dubai,,EXISTING OWNER,Single broad booking and directory owner,Convenience/body electronics
bmw seat repair dubai,bmw seat repair dubai,Master Keywords!A2566,DIGI-TEC_SEO_Keyword_Universe_Dubai.xlsx,,GENERATED TAXONOMY,,,,,Broad commercial,BMW service/repair discovery,/brands/bmw-service-dubai,,EXISTING OWNER,Single broad booking and directory owner,Convenience/body electronics
bmw soft close door repair,bmw soft close door repair,Master Keywords!A2567,DIGI-TEC_SEO_Keyword_Universe_Dubai.xlsx,,GENERATED TAXONOMY,,,,,Unverified service,Unverified function,,,NOT TARGETED — INTENTIONALLY,BMW-specific function or offering not established by keyword evidence,Convenience/body electronics
bmw soft close door repair dubai,bmw soft close door repair dubai,Master Keywords!A2568,DIGI-TEC_SEO_Keyword_Universe_Dubai.xlsx,,GENERATED TAXONOMY,,,,,Unverified service,Unverified function,,,NOT TARGETED — INTENTIONALLY,BMW-specific function or offering not established by keyword evidence,Convenience/body electronics
bmw sunroof repair,bmw sunroof repair,Master Keywords!A2569,DIGI-TEC_SEO_Keyword_Universe_Dubai.xlsx,,GENERATED TAXONOMY,,,,,Unverified service,Unverified function,,,NOT TARGETED — INTENTIONALLY,BMW-specific function or offering not established by keyword evidence,Convenience/body electronics
bmw sunroof repair dubai,bmw sunroof repair dubai,Master Keywords!A2570,DIGI-TEC_SEO_Keyword_Universe_Dubai.xlsx,,GENERATED TAXONOMY,,,,,Unverified service,Unverified function,,,NOT TARGETED — INTENTIONALLY,BMW-specific function or offering not established by keyword evidence,Convenience/body electronics
bmw tailgate repair,bmw tailgate repair,Master Keywords!A2571,DIGI-TEC_SEO_Keyword_Universe_Dubai.xlsx,,GENERATED TAXONOMY,,,,,Unverified service,Unverified function,,,NOT TARGETED — INTENTIONALLY,BMW-specific function or offering not established by keyword evidence,Convenience/body electronics
bmw tailgate repair dubai,bmw tailgate repair dubai,Master Keywords!A2572,DIGI-TEC_SEO_Keyword_Universe_Dubai.xlsx,,GENERATED TAXONOMY,,,,,Unverified service,Unverified function,,,NOT TARGETED — INTENTIONALLY,BMW-specific function or offering not established by keyword evidence,Convenience/body electronics
bmw window regulator replacement,bmw window regulator replacement,Master Keywords!A2573,DIGI-TEC_SEO_Keyword_Universe_Dubai.xlsx,,GENERATED TAXONOMY,,,,,Broad commercial,BMW service/repair discovery,/brands/bmw-service-dubai,,EXISTING OWNER,Single broad booking and directory owner,Convenience/body electronics
bmw window regulator replacement dubai,bmw window regulator replacement dubai,Master Keywords!A2574,DIGI-TEC_SEO_Keyword_Universe_Dubai.xlsx,,GENERATED TAXONOMY,,,,,Broad commercial,BMW service/repair discovery,/brands/bmw-service-dubai,,EXISTING OWNER,Single broad booking and directory owner,Convenience/body electronics
bmw check engine light,bmw check engine light,Master Keywords!A2575,DIGI-TEC_SEO_Keyword_Universe_Dubai.xlsx,,GENERATED TAXONOMY,,,,,Service section,Symptom assessment,/brands/bmw-service-dubai/engine-diagnostics,/brands/bmw-service-dubai,EXISTING OWNER,Existing service explains diagnostic route; no measured case for a separate thin guide,Diagnostics & warning lights
bmw computer diagnostics,bmw computer diagnostics,Master Keywords!A2576,DIGI-TEC_SEO_Keyword_Universe_Dubai.xlsx,,GENERATED TAXONOMY,,,,,Commercial service,BMW diagnostics,/brands/bmw-service-dubai/engine-diagnostics,/brands/bmw-service-dubai,EXISTING OWNER,Existing specific service; exact scope follows inspection,Diagnostics & warning lights
bmw dashboard warning light,bmw dashboard warning light,Master Keywords!A2577,DIGI-TEC_SEO_Keyword_Universe_Dubai.xlsx,,GENERATED TAXONOMY,,,,,Service section,Symptom assessment,/brands/bmw-service-dubai/engine-diagnostics,/brands/bmw-service-dubai,EXISTING OWNER,Existing service explains diagnostic route; no measured case for a separate thin guide,Diagnostics & warning lights
bmw diagnostic scan,bmw diagnostic scan,Master Keywords!A2578,DIGI-TEC_SEO_Keyword_Universe_Dubai.xlsx,,GENERATED TAXONOMY,,,,,Commercial service,BMW diagnostics,/brands/bmw-service-dubai/engine-diagnostics,/brands/bmw-service-dubai,EXISTING OWNER,Existing specific service; exact scope follows inspection,Diagnostics & warning lights
bmw diagnostics,bmw diagnostics,Master Keywords!A2579,DIGI-TEC_SEO_Keyword_Universe_Dubai.xlsx,,GENERATED TAXONOMY,,,,,Commercial service,BMW diagnostics,/brands/bmw-service-dubai/engine-diagnostics,/brands/bmw-service-dubai,EXISTING OWNER,Existing specific service; exact scope follows inspection,Diagnostics & warning lights
bmw engine warning light,bmw engine warning light,Master Keywords!A2580,DIGI-TEC_SEO_Keyword_Universe_Dubai.xlsx,,GENERATED TAXONOMY,,,,,Service section,Symptom assessment,/brands/bmw-service-dubai/engine-diagnostics,/brands/bmw-service-dubai,EXISTING OWNER,Existing service explains diagnostic route; no measured case for a separate thin guide,Diagnostics & warning lights
bmw fault code scanning,bmw fault code scanning,Master Keywords!A2581,DIGI-TEC_SEO_Keyword_Universe_Dubai.xlsx,,GENERATED TAXONOMY,,,,,Commercial service,BMW diagnostics,/brands/bmw-service-dubai/engine-diagnostics,/brands/bmw-service-dubai,EXISTING OWNER,Existing specific service; exact scope follows inspection,Diagnostics & warning lights
bmw fault diagnosis,bmw fault diagnosis,Master Keywords!A2582,DIGI-TEC_SEO_Keyword_Universe_Dubai.xlsx,,GENERATED TAXONOMY,,,,,Commercial service,BMW diagnostics,/brands/bmw-service-dubai/engine-diagnostics,/brands/bmw-service-dubai,EXISTING OWNER,Existing specific service; exact scope follows inspection,Diagnostics & warning lights
bmw alternator repair,bmw alternator repair,Master Keywords!A2583,DIGI-TEC_SEO_Keyword_Universe_Dubai.xlsx,,GENERATED TAXONOMY,,,,,Commercial service,BMW electrical repair,/brands/bmw-service-dubai/electrical-repair,/brands/bmw-service-dubai,EXISTING OWNER,Existing specific service; exact scope follows inspection,Electrical
bmw alternator replacement,bmw alternator replacement,Master Keywords!A2584,DIGI-TEC_SEO_Keyword_Universe_Dubai.xlsx,,GENERATED TAXONOMY,,,,,Commercial service,BMW electrical repair,/brands/bmw-service-dubai/electrical-repair,/brands/bmw-service-dubai,EXISTING OWNER,Existing specific service; exact scope follows inspection,Electrical
bmw battery drain repair,bmw battery drain repair,Master Keywords!A2585,DIGI-TEC_SEO_Keyword_Universe_Dubai.xlsx,,GENERATED TAXONOMY,,,,,Commercial service,BMW battery assessment,/brands/bmw-service-dubai/battery-replacement,/brands/bmw-service-dubai,EXISTING OWNER,Existing specific service; exact scope follows inspection,Electrical
bmw battery replacement near me,bmw battery replacement near me,Master Keywords!A2586,DIGI-TEC_SEO_Keyword_Universe_Dubai.xlsx,,GENERATED TAXONOMY,,,,,Commercial service,BMW battery assessment,/brands/bmw-service-dubai/battery-replacement,/brands/bmw-service-dubai,EXISTING OWNER,Existing specific service; exact scope follows inspection,Electrical
bmw ecu programming,bmw ecu programming,Master Keywords!A2587,DIGI-TEC_SEO_Keyword_Universe_Dubai.xlsx,,GENERATED TAXONOMY,,,,,Commercial service,BMW diagnostics,/brands/bmw-service-dubai/engine-diagnostics,/brands/bmw-service-dubai,EXISTING OWNER,Existing specific service; exact scope follows inspection,Electrical
bmw ecu repair,bmw ecu repair,Master Keywords!A2588,DIGI-TEC_SEO_Keyword_Universe_Dubai.xlsx,,GENERATED TAXONOMY,,,,,Commercial service,BMW electrical repair,/brands/bmw-service-dubai/electrical-repair,/brands/bmw-service-dubai,EXISTING OWNER,Existing specific service; exact scope follows inspection,Electrical
bmw electrical diagnostics,bmw electrical diagnostics,Master Keywords!A2589,DIGI-TEC_SEO_Keyword_Universe_Dubai.xlsx,,GENERATED TAXONOMY,,,,,Commercial service,BMW diagnostics,/brands/bmw-service-dubai/engine-diagnostics,/brands/bmw-service-dubai,EXISTING OWNER,Existing specific service; exact scope follows inspection,Electrical
bmw electrical repair near me,bmw electrical repair near me,Master Keywords!A2590,DIGI-TEC_SEO_Keyword_Universe_Dubai.xlsx,,GENERATED TAXONOMY,,,,,Commercial service,BMW electrical repair,/brands/bmw-service-dubai/electrical-repair,/brands/bmw-service-dubai,EXISTING OWNER,Existing specific service; exact scope follows inspection,Electrical
bmw key programming,bmw key programming,Master Keywords!A2591,DIGI-TEC_SEO_Keyword_Universe_Dubai.xlsx,,GENERATED TAXONOMY,,,,,Unverified service,Unverified function,,,NOT TARGETED — INTENTIONALLY,BMW-specific function or offering not established by keyword evidence,Electrical
bmw keyless entry repair,bmw keyless entry repair,Master Keywords!A2592,DIGI-TEC_SEO_Keyword_Universe_Dubai.xlsx,,GENERATED TAXONOMY,,,,,Unverified service,Unverified function,,,NOT TARGETED — INTENTIONALLY,BMW-specific function or offering not established by keyword evidence,Electrical
bmw module programming,bmw module programming,Master Keywords!A2593,DIGI-TEC_SEO_Keyword_Universe_Dubai.xlsx,,GENERATED TAXONOMY,,,,,Commercial service,BMW diagnostics,/brands/bmw-service-dubai/engine-diagnostics,/brands/bmw-service-dubai,EXISTING OWNER,Existing specific service; exact scope follows inspection,Electrical
bmw module repair,bmw module repair,Master Keywords!A2594,DIGI-TEC_SEO_Keyword_Universe_Dubai.xlsx,,GENERATED TAXONOMY,,,,,Commercial service,BMW electrical repair,/brands/bmw-service-dubai/electrical-repair,/brands/bmw-service-dubai,EXISTING OWNER,Existing specific service; exact scope follows inspection,Electrical
bmw sensor replacement,bmw sensor replacement,Master Keywords!A2595,DIGI-TEC_SEO_Keyword_Universe_Dubai.xlsx,,GENERATED TAXONOMY,,,,,Commercial service,BMW electrical repair,/brands/bmw-service-dubai/electrical-repair,/brands/bmw-service-dubai,EXISTING OWNER,Existing specific service; exact scope follows inspection,Electrical
bmw starter motor repair,bmw starter motor repair,Master Keywords!A2596,DIGI-TEC_SEO_Keyword_Universe_Dubai.xlsx,,GENERATED TAXONOMY,,,,,Commercial service,BMW electrical repair,/brands/bmw-service-dubai/electrical-repair,/brands/bmw-service-dubai,EXISTING OWNER,Existing specific service; exact scope follows inspection,Electrical
bmw starter replacement,bmw starter replacement,Master Keywords!A2597,DIGI-TEC_SEO_Keyword_Universe_Dubai.xlsx,,GENERATED TAXONOMY,,,,,Commercial service,BMW electrical repair,/brands/bmw-service-dubai/electrical-repair,/brands/bmw-service-dubai,EXISTING OWNER,Existing specific service; exact scope follows inspection,Electrical
bmw wiring repair,bmw wiring repair,Master Keywords!A2598,DIGI-TEC_SEO_Keyword_Universe_Dubai.xlsx,,GENERATED TAXONOMY,,,,,Commercial service,BMW electrical repair,/brands/bmw-service-dubai/electrical-repair,/brands/bmw-service-dubai,EXISTING OWNER,Existing specific service; exact scope follows inspection,Electrical
bmw engine mount replacement,bmw engine mount replacement,Master Keywords!A2599,DIGI-TEC_SEO_Keyword_Universe_Dubai.xlsx,,GENERATED TAXONOMY,,,,,Commercial service,BMW mechanical repair,/brands/bmw-service-dubai/mechanical-repair,/brands/bmw-service-dubai,EXISTING OWNER,Existing specific service; exact scope follows inspection,Engine
bmw engine oil leak repair,bmw engine oil leak repair,Master Keywords!A2600,DIGI-TEC_SEO_Keyword_Universe_Dubai.xlsx,,GENERATED TAXONOMY,,,,,Service section,Symptom assessment,/brands/bmw-service-dubai/mechanical-repair,/brands/bmw-service-dubai,EXISTING OWNER,Existing service explains diagnostic route; no measured case for a separate thin guide,Engine
bmw engine overhaul,bmw engine overhaul,Master Keywords!A2601,DIGI-TEC_SEO_Keyword_Universe_Dubai.xlsx,,GENERATED TAXONOMY,,,,,Commercial service,BMW mechanical repair,/brands/bmw-service-dubai/mechanical-repair,/brands/bmw-service-dubai,EXISTING OWNER,Existing specific service; exact scope follows inspection,Engine
bmw engine overheating repair,bmw engine overheating repair,Master Keywords!A2602,DIGI-TEC_SEO_Keyword_Universe_Dubai.xlsx,,GENERATED TAXONOMY,,,,,Service section,Symptom assessment,/brands/bmw-service-dubai/mechanical-repair,/brands/bmw-service-dubai,EXISTING OWNER,Existing service explains diagnostic route; no measured case for a separate thin guide,Engine
bmw engine rebuild,bmw engine rebuild,Master Keywords!A2603,DIGI-TEC_SEO_Keyword_Universe_Dubai.xlsx,,GENERATED TAXONOMY,,,,,Commercial service,BMW mechanical repair,/brands/bmw-service-dubai/mechanical-repair,/brands/bmw-service-dubai,EXISTING OWNER,Existing specific service; exact scope follows inspection,Engine
bmw engine repair,bmw engine repair,Master Keywords!A2604,DIGI-TEC_SEO_Keyword_Universe_Dubai.xlsx,,GENERATED TAXONOMY,,,,,Commercial service,BMW mechanical repair,/brands/bmw-service-dubai/mechanical-repair,/brands/bmw-service-dubai,EXISTING OWNER,Existing specific service; exact scope follows inspection,Engine
bmw engine repair near me,bmw engine repair near me,Master Keywords!A2605,DIGI-TEC_SEO_Keyword_Universe_Dubai.xlsx,,GENERATED TAXONOMY,,,,,Commercial service,BMW mechanical repair,/brands/bmw-service-dubai/mechanical-repair,/brands/bmw-service-dubai,EXISTING OWNER,Existing specific service; exact scope follows inspection,Engine
bmw engine replacement,bmw engine replacement,Master Keywords!A2606,DIGI-TEC_SEO_Keyword_Universe_Dubai.xlsx,,GENERATED TAXONOMY,,,,,Commercial service,BMW mechanical repair,/brands/bmw-service-dubai/mechanical-repair,/brands/bmw-service-dubai,EXISTING OWNER,Existing specific service; exact scope follows inspection,Engine
bmw loss of power repair,bmw loss of power repair,Master Keywords!A2607,DIGI-TEC_SEO_Keyword_Universe_Dubai.xlsx,,GENERATED TAXONOMY,,,,,Service section,Symptom assessment,/brands/bmw-service-dubai/engine-diagnostics,/brands/bmw-service-dubai,EXISTING OWNER,Existing service explains diagnostic route; no measured case for a separate thin guide,Engine
bmw misfire repair,bmw misfire repair,Master Keywords!A2608,DIGI-TEC_SEO_Keyword_Universe_Dubai.xlsx,,GENERATED TAXONOMY,,,,,Service section,Symptom assessment,/brands/bmw-service-dubai/engine-diagnostics,/brands/bmw-service-dubai,EXISTING OWNER,Existing service explains diagnostic route; no measured case for a separate thin guide,Engine
bmw timing belt replacement,bmw timing belt replacement,Master Keywords!A2609,DIGI-TEC_SEO_Keyword_Universe_Dubai.xlsx,,GENERATED TAXONOMY,,,,,Commercial service,BMW mechanical repair,/brands/bmw-service-dubai/mechanical-repair,/brands/bmw-service-dubai,EXISTING OWNER,Existing specific service; exact scope follows inspection,Engine
bmw timing chain repair,bmw timing chain repair,Master Keywords!A2610,DIGI-TEC_SEO_Keyword_Universe_Dubai.xlsx,,GENERATED TAXONOMY,,,,,Commercial service,BMW mechanical repair,/brands/bmw-service-dubai/mechanical-repair,/brands/bmw-service-dubai,EXISTING OWNER,Existing specific service; exact scope follows inspection,Engine
bmw valve cover gasket replacement,bmw valve cover gasket replacement,Master Keywords!A2611,DIGI-TEC_SEO_Keyword_Universe_Dubai.xlsx,,GENERATED TAXONOMY,,,,,Commercial service,BMW mechanical repair,/brands/bmw-service-dubai/mechanical-repair,/brands/bmw-service-dubai,EXISTING OWNER,Existing specific service; exact scope follows inspection,Engine
bmw catalytic converter repair,bmw catalytic converter repair,Master Keywords!A2612,DIGI-TEC_SEO_Keyword_Universe_Dubai.xlsx,,GENERATED TAXONOMY,,,,,Commercial service,BMW exhaust repair,/brands/bmw-service-dubai/exhaust-repair,/brands/bmw-service-dubai,EXISTING OWNER,Existing specific service; exact scope follows inspection,Exhaust & emissions
bmw catalytic converter repair dubai,bmw catalytic converter repair dubai,Master Keywords!A2613,DIGI-TEC_SEO_Keyword_Universe_Dubai.xlsx,,GENERATED TAXONOMY,,,,,Commercial service,BMW exhaust repair,/brands/bmw-service-dubai/exhaust-repair,/brands/bmw-service-dubai,EXISTING OWNER,Existing specific service; exact scope follows inspection,Exhaust & emissions
bmw emissions repair,bmw emissions repair,Master Keywords!A2614,DIGI-TEC_SEO_Keyword_Universe_Dubai.xlsx,,GENERATED TAXONOMY,,,,,Commercial service,BMW exhaust repair,/brands/bmw-service-dubai/exhaust-repair,/brands/bmw-service-dubai,EXISTING OWNER,Existing specific service; exact scope follows inspection,Exhaust & emissions
bmw emissions repair dubai,bmw emissions repair dubai,Master Keywords!A2615,DIGI-TEC_SEO_Keyword_Universe_Dubai.xlsx,,GENERATED TAXONOMY,,,,,Commercial service,BMW exhaust repair,/brands/bmw-service-dubai/exhaust-repair,/brands/bmw-service-dubai,EXISTING OWNER,Existing specific service; exact scope follows inspection,Exhaust & emissions
bmw exhaust leak repair,bmw exhaust leak repair,Master Keywords!A2616,DIGI-TEC_SEO_Keyword_Universe_Dubai.xlsx,,GENERATED TAXONOMY,,,,,Commercial service,BMW exhaust repair,/brands/bmw-service-dubai/exhaust-repair,/brands/bmw-service-dubai,EXISTING OWNER,Existing specific service; exact scope follows inspection,Exhaust & emissions
bmw exhaust leak repair dubai,bmw exhaust leak repair dubai,Master Keywords!A2617,DIGI-TEC_SEO_Keyword_Universe_Dubai.xlsx,,GENERATED TAXONOMY,,,,,Commercial service,BMW exhaust repair,/brands/bmw-service-dubai/exhaust-repair,/brands/bmw-service-dubai,EXISTING OWNER,Existing specific service; exact scope follows inspection,Exhaust & emissions
bmw exhaust repair,bmw exhaust repair,Master Keywords!A2618,DIGI-TEC_SEO_Keyword_Universe_Dubai.xlsx,,GENERATED TAXONOMY,,,,,Commercial service,BMW exhaust repair,/brands/bmw-service-dubai/exhaust-repair,/brands/bmw-service-dubai,EXISTING OWNER,Existing specific service; exact scope follows inspection,Exhaust & emissions
bmw exhaust repair dubai,bmw exhaust repair dubai,Master Keywords!A2619,DIGI-TEC_SEO_Keyword_Universe_Dubai.xlsx,,GENERATED TAXONOMY,,,,,Commercial service,BMW exhaust repair,/brands/bmw-service-dubai/exhaust-repair,/brands/bmw-service-dubai,EXISTING OWNER,Existing specific service; exact scope follows inspection,Exhaust & emissions
bmw exhaust replacement,bmw exhaust replacement,Master Keywords!A2620,DIGI-TEC_SEO_Keyword_Universe_Dubai.xlsx,,GENERATED TAXONOMY,,,,,Commercial service,BMW exhaust repair,/brands/bmw-service-dubai/exhaust-repair,/brands/bmw-service-dubai,EXISTING OWNER,Existing specific service; exact scope follows inspection,Exhaust & emissions
bmw exhaust replacement dubai,bmw exhaust replacement dubai,Master Keywords!A2621,DIGI-TEC_SEO_Keyword_Universe_Dubai.xlsx,,GENERATED TAXONOMY,,,,,Commercial service,BMW exhaust repair,/brands/bmw-service-dubai/exhaust-repair,/brands/bmw-service-dubai,EXISTING OWNER,Existing specific service; exact scope follows inspection,Exhaust & emissions
bmw exhaust upgrade,bmw exhaust upgrade,Master Keywords!A2622,DIGI-TEC_SEO_Keyword_Universe_Dubai.xlsx,,GENERATED TAXONOMY,,,,,Commercial service,BMW exhaust repair,/brands/bmw-service-dubai/exhaust-repair,/brands/bmw-service-dubai,EXISTING OWNER,Existing specific service; exact scope follows inspection,Exhaust & emissions
bmw exhaust upgrade dubai,bmw exhaust upgrade dubai,Master Keywords!A2623,DIGI-TEC_SEO_Keyword_Universe_Dubai.xlsx,,GENERATED TAXONOMY,,,,,Commercial service,BMW exhaust repair,/brands/bmw-service-dubai/exhaust-repair,/brands/bmw-service-dubai,EXISTING OWNER,Existing specific service; exact scope follows inspection,Exhaust & emissions
bmw muffler repair,bmw muffler repair,Master Keywords!A2624,DIGI-TEC_SEO_Keyword_Universe_Dubai.xlsx,,GENERATED TAXONOMY,,,,,Commercial service,BMW exhaust repair,/brands/bmw-service-dubai/exhaust-repair,/brands/bmw-service-dubai,EXISTING OWNER,Existing specific service; exact scope follows inspection,Exhaust & emissions
bmw muffler repair dubai,bmw muffler repair dubai,Master Keywords!A2625,DIGI-TEC_SEO_Keyword_Universe_Dubai.xlsx,,GENERATED TAXONOMY,,,,,Commercial service,BMW exhaust repair,/brands/bmw-service-dubai/exhaust-repair,/brands/bmw-service-dubai,EXISTING OWNER,Existing specific service; exact scope follows inspection,Exhaust & emissions
bmw oxygen sensor replacement,bmw oxygen sensor replacement,Master Keywords!A2626,DIGI-TEC_SEO_Keyword_Universe_Dubai.xlsx,,GENERATED TAXONOMY,,,,,Commercial service,BMW electrical repair,/brands/bmw-service-dubai/electrical-repair,/brands/bmw-service-dubai,EXISTING OWNER,Existing specific service; exact scope follows inspection,Exhaust & emissions
bmw oxygen sensor replacement dubai,bmw oxygen sensor replacement dubai,Master Keywords!A2627,DIGI-TEC_SEO_Keyword_Universe_Dubai.xlsx,,GENERATED TAXONOMY,,,,,Commercial service,BMW electrical repair,/brands/bmw-service-dubai/electrical-repair,/brands/bmw-service-dubai,EXISTING OWNER,Existing specific service; exact scope follows inspection,Exhaust & emissions
bmw car repair,bmw car repair,Master Keywords!A2628,DIGI-TEC_SEO_Keyword_Universe_Dubai.xlsx,,GENERATED TAXONOMY,,,,,Broad commercial,BMW service/repair discovery,/brands/bmw-service-dubai,,EXISTING OWNER,Single broad booking and directory owner,General repair
bmw garage,bmw garage,Master Keywords!A2629,DIGI-TEC_SEO_Keyword_Universe_Dubai.xlsx,,GENERATED TAXONOMY,,,,,Broad commercial,BMW service/repair discovery,/brands/bmw-service-dubai,,EXISTING OWNER,Single broad booking and directory owner,General repair
bmw garage near me,bmw garage near me,Master Keywords!A2630,DIGI-TEC_SEO_Keyword_Universe_Dubai.xlsx,,GENERATED TAXONOMY,,,,,Broad commercial,BMW service/repair discovery,/brands/bmw-service-dubai,,EXISTING OWNER,Single broad booking and directory owner,General repair
bmw maintenance,bmw maintenance,Master Keywords!A2631,DIGI-TEC_SEO_Keyword_Universe_Dubai.xlsx,,GENERATED TAXONOMY,,,,,Informational,Maintenance planning,/blog/bmw-maintenance-guide-dubai,/brands/bmw-service-dubai,EXISTING OWNER,Guide supports hub booking,General repair
bmw repair near me,bmw repair near me,Master Keywords!A2632,DIGI-TEC_SEO_Keyword_Universe_Dubai.xlsx,,GENERATED TAXONOMY,,,,,Broad commercial,BMW service/repair discovery,/brands/bmw-service-dubai,,EXISTING OWNER,Single broad booking and directory owner,General repair
bmw service center,bmw service center,Master Keywords!A2633,DIGI-TEC_SEO_Keyword_Universe_Dubai.xlsx,,GENERATED TAXONOMY,,,,,Broad commercial,BMW service/repair discovery,/brands/bmw-service-dubai,,EXISTING OWNER,Single broad booking and directory owner,General repair
bmw service centre,bmw service center,Master Keywords!A2634,DIGI-TEC_SEO_Keyword_Universe_Dubai.xlsx,,GENERATED TAXONOMY,,,,,Broad commercial,BMW service/repair discovery,/brands/bmw-service-dubai,,EXISTING OWNER,Single broad booking and directory owner,General repair
bmw service near me,bmw service near me,Master Keywords!A2635,DIGI-TEC_SEO_Keyword_Universe_Dubai.xlsx,,GENERATED TAXONOMY,,,,,Broad commercial,BMW service/repair discovery,/brands/bmw-service-dubai,,EXISTING OWNER,Single broad booking and directory owner,General repair
bmw specialist,bmw specialist,Master Keywords!A2636,DIGI-TEC_SEO_Keyword_Universe_Dubai.xlsx,,GENERATED TAXONOMY,,,,,Broad commercial,BMW service/repair discovery,/brands/bmw-service-dubai,,EXISTING OWNER,Single broad booking and directory owner,General repair
bmw specialist near me,bmw specialist near me,Master Keywords!A2637,DIGI-TEC_SEO_Keyword_Universe_Dubai.xlsx,,GENERATED TAXONOMY,,,,,Broad commercial,BMW service/repair discovery,/brands/bmw-service-dubai,,EXISTING OWNER,Single broad booking and directory owner,General repair
bmw workshop near me,bmw workshop near me,Master Keywords!A2638,DIGI-TEC_SEO_Keyword_Universe_Dubai.xlsx,,GENERATED TAXONOMY,,,,,Broad commercial,BMW service/repair discovery,/brands/bmw-service-dubai,,EXISTING OWNER,Single broad booking and directory owner,General repair
bmw android auto upgrade,bmw android auto upgrade,Master Keywords!A2639,DIGI-TEC_SEO_Keyword_Universe_Dubai.xlsx,,GENERATED TAXONOMY,,,,,Broad commercial,BMW service/repair discovery,/brands/bmw-service-dubai,,EXISTING OWNER,Single broad booking and directory owner,Infotainment & electronics
bmw android auto upgrade dubai,bmw android auto upgrade dubai,Master Keywords!A2640,DIGI-TEC_SEO_Keyword_Universe_Dubai.xlsx,,GENERATED TAXONOMY,,,,,Broad commercial,BMW service/repair discovery,/brands/bmw-service-dubai,,EXISTING OWNER,Single broad booking and directory owner,Infotainment & electronics
bmw apple carplay upgrade,bmw apple carplay upgrade,Master Keywords!A2641,DIGI-TEC_SEO_Keyword_Universe_Dubai.xlsx,,GENERATED TAXONOMY,,,,,Unverified service,Unverified function,,,NOT TARGETED — INTENTIONALLY,BMW-specific function or offering not established by keyword evidence,Infotainment & electronics
bmw apple carplay upgrade dubai,bmw apple carplay upgrade dubai,Master Keywords!A2642,DIGI-TEC_SEO_Keyword_Universe_Dubai.xlsx,,GENERATED TAXONOMY,,,,,Unverified service,Unverified function,,,NOT TARGETED — INTENTIONALLY,BMW-specific function or offering not established by keyword evidence,Infotainment & electronics
bmw camera not working,bmw camera not working,Master Keywords!A2643,DIGI-TEC_SEO_Keyword_Universe_Dubai.xlsx,,GENERATED TAXONOMY,,,,,Commercial section,iDrive/electronics assessment,/brands/bmw-service-dubai/electrical-repair,/brands/bmw-service-dubai,EXISTING OWNER,Fault diagnosis and upgrade enquiry remain distinct; no thin module URL,Infotainment & electronics
bmw camera not working dubai,bmw camera not working dubai,Master Keywords!A2644,DIGI-TEC_SEO_Keyword_Universe_Dubai.xlsx,,GENERATED TAXONOMY,,,,,Commercial section,iDrive/electronics assessment,/brands/bmw-service-dubai/electrical-repair,/brands/bmw-service-dubai,EXISTING OWNER,Fault diagnosis and upgrade enquiry remain distinct; no thin module URL,Infotainment & electronics
bmw head unit repair,bmw head unit repair,Master Keywords!A2645,DIGI-TEC_SEO_Keyword_Universe_Dubai.xlsx,,GENERATED TAXONOMY,,,,,Commercial section,iDrive/electronics assessment,/brands/bmw-service-dubai/electrical-repair,/brands/bmw-service-dubai,EXISTING OWNER,Fault diagnosis and upgrade enquiry remain distinct; no thin module URL,Infotainment & electronics
bmw head unit repair dubai,bmw head unit repair dubai,Master Keywords!A2646,DIGI-TEC_SEO_Keyword_Universe_Dubai.xlsx,,GENERATED TAXONOMY,,,,,Commercial section,iDrive/electronics assessment,/brands/bmw-service-dubai/electrical-repair,/brands/bmw-service-dubai,EXISTING OWNER,Fault diagnosis and upgrade enquiry remain distinct; no thin module URL,Infotainment & electronics
bmw infotainment repair,bmw infotainment repair,Master Keywords!A2647,DIGI-TEC_SEO_Keyword_Universe_Dubai.xlsx,,GENERATED TAXONOMY,,,,,Commercial section,iDrive/electronics assessment,/brands/bmw-service-dubai/electrical-repair,/brands/bmw-service-dubai,EXISTING OWNER,Fault diagnosis and upgrade enquiry remain distinct; no thin module URL,Infotainment & electronics
bmw infotainment repair dubai,bmw infotainment repair dubai,Master Keywords!A2648,DIGI-TEC_SEO_Keyword_Universe_Dubai.xlsx,,GENERATED TAXONOMY,,,,,Commercial section,iDrive/electronics assessment,/brands/bmw-service-dubai/electrical-repair,/brands/bmw-service-dubai,EXISTING OWNER,Fault diagnosis and upgrade enquiry remain distinct; no thin module URL,Infotainment & electronics
bmw instrument cluster repair,bmw instrument cluster repair,Master Keywords!A2649,DIGI-TEC_SEO_Keyword_Universe_Dubai.xlsx,,GENERATED TAXONOMY,,,,,Broad commercial,BMW service/repair discovery,/brands/bmw-service-dubai,,EXISTING OWNER,Single broad booking and directory owner,Infotainment & electronics
bmw instrument cluster repair dubai,bmw instrument cluster repair dubai,Master Keywords!A2650,DIGI-TEC_SEO_Keyword_Universe_Dubai.xlsx,,GENERATED TAXONOMY,,,,,Broad commercial,BMW service/repair discovery,/brands/bmw-service-dubai,,EXISTING OWNER,Single broad booking and directory owner,Infotainment & electronics
bmw navigation repair,bmw navigation repair,Master Keywords!A2651,DIGI-TEC_SEO_Keyword_Universe_Dubai.xlsx,,GENERATED TAXONOMY,,,,,Broad commercial,BMW service/repair discovery,/brands/bmw-service-dubai,,EXISTING OWNER,Single broad booking and directory owner,Infotainment & electronics
bmw navigation repair dubai,bmw navigation repair dubai,Master Keywords!A2652,DIGI-TEC_SEO_Keyword_Universe_Dubai.xlsx,,GENERATED TAXONOMY,,,,,Broad commercial,BMW service/repair discovery,/brands/bmw-service-dubai,,EXISTING OWNER,Single broad booking and directory owner,Infotainment & electronics
bmw reverse camera installation,bmw reverse camera installation,Master Keywords!A2653,DIGI-TEC_SEO_Keyword_Universe_Dubai.xlsx,,GENERATED TAXONOMY,,,,,Commercial section,iDrive/electronics assessment,/brands/bmw-service-dubai/electrical-repair,/brands/bmw-service-dubai,EXISTING OWNER,Fault diagnosis and upgrade enquiry remain distinct; no thin module URL,Infotainment & electronics
bmw reverse camera installation dubai,bmw reverse camera installation dubai,Master Keywords!A2654,DIGI-TEC_SEO_Keyword_Universe_Dubai.xlsx,,GENERATED TAXONOMY,,,,,Commercial section,iDrive/electronics assessment,/brands/bmw-service-dubai/electrical-repair,/brands/bmw-service-dubai,EXISTING OWNER,Fault diagnosis and upgrade enquiry remain distinct; no thin module URL,Infotainment & electronics
bmw reverse camera repair,bmw reverse camera repair,Master Keywords!A2655,DIGI-TEC_SEO_Keyword_Universe_Dubai.xlsx,,GENERATED TAXONOMY,,,,,Commercial section,iDrive/electronics assessment,/brands/bmw-service-dubai/electrical-repair,/brands/bmw-service-dubai,EXISTING OWNER,Fault diagnosis and upgrade enquiry remain distinct; no thin module URL,Infotainment & electronics
bmw reverse camera repair dubai,bmw reverse camera repair dubai,Master Keywords!A2656,DIGI-TEC_SEO_Keyword_Universe_Dubai.xlsx,,GENERATED TAXONOMY,,,,,Commercial section,iDrive/electronics assessment,/brands/bmw-service-dubai/electrical-repair,/brands/bmw-service-dubai,EXISTING OWNER,Fault diagnosis and upgrade enquiry remain distinct; no thin module URL,Infotainment & electronics
bmw screen repair,bmw screen repair,Master Keywords!A2657,DIGI-TEC_SEO_Keyword_Universe_Dubai.xlsx,,GENERATED TAXONOMY,,,,,Commercial section,iDrive/electronics assessment,/brands/bmw-service-dubai/electrical-repair,/brands/bmw-service-dubai,EXISTING OWNER,Fault diagnosis and upgrade enquiry remain distinct; no thin module URL,Infotainment & electronics
bmw screen repair dubai,bmw screen repair dubai,Master Keywords!A2658,DIGI-TEC_SEO_Keyword_Universe_Dubai.xlsx,,GENERATED TAXONOMY,,,,,Commercial section,iDrive/electronics assessment,/brands/bmw-service-dubai/electrical-repair,/brands/bmw-service-dubai,EXISTING OWNER,Fault diagnosis and upgrade enquiry remain distinct; no thin module URL,Infotainment & electronics
bmw screen replacement,bmw screen replacement,Master Keywords!A2659,DIGI-TEC_SEO_Keyword_Universe_Dubai.xlsx,,GENERATED TAXONOMY,,,,,Commercial section,iDrive/electronics assessment,/brands/bmw-service-dubai/electrical-repair,/brands/bmw-service-dubai,EXISTING OWNER,Fault diagnosis and upgrade enquiry remain distinct; no thin module URL,Infotainment & electronics
bmw screen replacement dubai,bmw screen replacement dubai,Master Keywords!A2660,DIGI-TEC_SEO_Keyword_Universe_Dubai.xlsx,,GENERATED TAXONOMY,,,,,Commercial section,iDrive/electronics assessment,/brands/bmw-service-dubai/electrical-repair,/brands/bmw-service-dubai,EXISTING OWNER,Fault diagnosis and upgrade enquiry remain distinct; no thin module URL,Infotainment & electronics
bmw sound system upgrade,bmw sound system upgrade,Master Keywords!A2661,DIGI-TEC_SEO_Keyword_Universe_Dubai.xlsx,,GENERATED TAXONOMY,,,,,Broad commercial,BMW service/repair discovery,/brands/bmw-service-dubai,,EXISTING OWNER,Single broad booking and directory owner,Infotainment & electronics
bmw sound system upgrade dubai,bmw sound system upgrade dubai,Master Keywords!A2662,DIGI-TEC_SEO_Keyword_Universe_Dubai.xlsx,,GENERATED TAXONOMY,,,,,Broad commercial,BMW service/repair discovery,/brands/bmw-service-dubai,,EXISTING OWNER,Single broad booking and directory owner,Infotainment & electronics
bmw stereo repair,bmw stereo repair,Master Keywords!A2663,DIGI-TEC_SEO_Keyword_Universe_Dubai.xlsx,,GENERATED TAXONOMY,,,,,Broad commercial,BMW service/repair discovery,/brands/bmw-service-dubai,,EXISTING OWNER,Single broad booking and directory owner,Infotainment & electronics
bmw stereo repair dubai,bmw stereo repair dubai,Master Keywords!A2664,DIGI-TEC_SEO_Keyword_Universe_Dubai.xlsx,,GENERATED TAXONOMY,,,,,Broad commercial,BMW service/repair discovery,/brands/bmw-service-dubai,,EXISTING OWNER,Single broad booking and directory owner,Infotainment & electronics
bmw stereo upgrade,bmw stereo upgrade,Master Keywords!A2665,DIGI-TEC_SEO_Keyword_Universe_Dubai.xlsx,,GENERATED TAXONOMY,,,,,Broad commercial,BMW service/repair discovery,/brands/bmw-service-dubai,,EXISTING OWNER,Single broad booking and directory owner,Infotainment & electronics
bmw stereo upgrade dubai,bmw stereo upgrade dubai,Master Keywords!A2666,DIGI-TEC_SEO_Keyword_Universe_Dubai.xlsx,,GENERATED TAXONOMY,,,,,Broad commercial,BMW service/repair discovery,/brands/bmw-service-dubai,,EXISTING OWNER,Single broad booking and directory owner,Infotainment & electronics
bmw touch screen repair,bmw touch screen repair,Master Keywords!A2667,DIGI-TEC_SEO_Keyword_Universe_Dubai.xlsx,,GENERATED TAXONOMY,,,,,Commercial section,iDrive/electronics assessment,/brands/bmw-service-dubai/electrical-repair,/brands/bmw-service-dubai,EXISTING OWNER,Fault diagnosis and upgrade enquiry remain distinct; no thin module URL,Infotainment & electronics
bmw touch screen repair dubai,bmw touch screen repair dubai,Master Keywords!A2668,DIGI-TEC_SEO_Keyword_Universe_Dubai.xlsx,,GENERATED TAXONOMY,,,,,Commercial section,iDrive/electronics assessment,/brands/bmw-service-dubai/electrical-repair,/brands/bmw-service-dubai,EXISTING OWNER,Fault diagnosis and upgrade enquiry remain distinct; no thin module URL,Infotainment & electronics
bmw car inspection,bmw car inspection,Master Keywords!A2669,DIGI-TEC_SEO_Keyword_Universe_Dubai.xlsx,,GENERATED TAXONOMY,,,,,Broad commercial,BMW service/repair discovery,/brands/bmw-service-dubai,,EXISTING OWNER,Single broad booking and directory owner,Inspection
bmw car inspection dubai,bmw car inspection dubai,Master Keywords!A2670,DIGI-TEC_SEO_Keyword_Universe_Dubai.xlsx,,GENERATED TAXONOMY,,,,,Broad commercial,BMW service/repair discovery,/brands/bmw-service-dubai,,EXISTING OWNER,Single broad booking and directory owner,Inspection
bmw ppi,bmw ppi,Master Keywords!A2671,DIGI-TEC_SEO_Keyword_Universe_Dubai.xlsx,,GENERATED TAXONOMY,,,,,Broad commercial,BMW service/repair discovery,/brands/bmw-service-dubai,,EXISTING OWNER,Single broad booking and directory owner,Inspection
bmw ppi dubai,bmw ppi dubai,Master Keywords!A2672,DIGI-TEC_SEO_Keyword_Universe_Dubai.xlsx,,GENERATED TAXONOMY,,,,,Broad commercial,BMW service/repair discovery,/brands/bmw-service-dubai,,EXISTING OWNER,Single broad booking and directory owner,Inspection
bmw pre purchase inspection,bmw pre purchase inspection,Master Keywords!A2673,DIGI-TEC_SEO_Keyword_Universe_Dubai.xlsx,,GENERATED TAXONOMY,,,,,Broad commercial,BMW service/repair discovery,/brands/bmw-service-dubai,,EXISTING OWNER,Single broad booking and directory owner,Inspection
bmw pre purchase inspection dubai,bmw pre purchase inspection dubai,Master Keywords!A2674,DIGI-TEC_SEO_Keyword_Universe_Dubai.xlsx,,GENERATED TAXONOMY,,,,,Broad commercial,BMW service/repair discovery,/brands/bmw-service-dubai,,EXISTING OWNER,Single broad booking and directory owner,Inspection
bmw used car inspection,bmw used car inspection,Master Keywords!A2675,DIGI-TEC_SEO_Keyword_Universe_Dubai.xlsx,,GENERATED TAXONOMY,,,,,Broad commercial,BMW service/repair discovery,/brands/bmw-service-dubai,,EXISTING OWNER,Single broad booking and directory owner,Inspection
bmw used car inspection dubai,bmw used car inspection dubai,Master Keywords!A2676,DIGI-TEC_SEO_Keyword_Universe_Dubai.xlsx,,GENERATED TAXONOMY,,,,,Broad commercial,BMW service/repair discovery,/brands/bmw-service-dubai,,EXISTING OWNER,Single broad booking and directory owner,Inspection
bmw vehicle inspection,bmw vehicle inspection,Master Keywords!A2677,DIGI-TEC_SEO_Keyword_Universe_Dubai.xlsx,,GENERATED TAXONOMY,,,,,Broad commercial,BMW service/repair discovery,/brands/bmw-service-dubai,,EXISTING OWNER,Single broad booking and directory owner,Inspection
bmw vehicle inspection dubai,bmw vehicle inspection dubai,Master Keywords!A2678,DIGI-TEC_SEO_Keyword_Universe_Dubai.xlsx,,GENERATED TAXONOMY,,,,,Broad commercial,BMW service/repair discovery,/brands/bmw-service-dubai,,EXISTING OWNER,Single broad booking and directory owner,Inspection
bmw dyno tuning,bmw dyno tuning,Master Keywords!A2679,DIGI-TEC_SEO_Keyword_Universe_Dubai.xlsx,,GENERATED TAXONOMY,,,,,Cross-brand commercial,Performance project,/tuning,/brands/bmw-service-dubai,EXISTING OWNER,Existing tuning owner; fitment requires confirmation,Performance
bmw dyno tuning dubai,bmw dyno tuning dubai,Master Keywords!A2680,DIGI-TEC_SEO_Keyword_Universe_Dubai.xlsx,,GENERATED TAXONOMY,,,,,Cross-brand commercial,Performance project,/tuning,/brands/bmw-service-dubai,EXISTING OWNER,Existing tuning owner; fitment requires confirmation,Performance
bmw ecu remap,bmw ecu remap,Master Keywords!A2681,DIGI-TEC_SEO_Keyword_Universe_Dubai.xlsx,,GENERATED TAXONOMY,,,,,Cross-brand commercial,Performance project,/tuning,/brands/bmw-service-dubai,EXISTING OWNER,Existing tuning owner; fitment requires confirmation,Performance
bmw ecu remap dubai,bmw ecu remap dubai,Master Keywords!A2682,DIGI-TEC_SEO_Keyword_Universe_Dubai.xlsx,,GENERATED TAXONOMY,,,,,Cross-brand commercial,Performance project,/tuning,/brands/bmw-service-dubai,EXISTING OWNER,Existing tuning owner; fitment requires confirmation,Performance
bmw ecu tuning,bmw ecu tuning,Master Keywords!A2683,DIGI-TEC_SEO_Keyword_Universe_Dubai.xlsx,,GENERATED TAXONOMY,,,,,Cross-brand commercial,Performance project,/tuning,/brands/bmw-service-dubai,EXISTING OWNER,Existing tuning owner; fitment requires confirmation,Performance
bmw ecu tuning dubai,bmw ecu tuning dubai,Master Keywords!A2684,DIGI-TEC_SEO_Keyword_Universe_Dubai.xlsx,,GENERATED TAXONOMY,,,,,Cross-brand commercial,Performance project,/tuning,/brands/bmw-service-dubai,EXISTING OWNER,Existing tuning owner; fitment requires confirmation,Performance
bmw performance tuning,bmw performance tuning,Master Keywords!A2685,DIGI-TEC_SEO_Keyword_Universe_Dubai.xlsx,,GENERATED TAXONOMY,,,,,Cross-brand commercial,Performance project,/tuning,/brands/bmw-service-dubai,EXISTING OWNER,Existing tuning owner; fitment requires confirmation,Performance
bmw performance tuning dubai,bmw performance tuning dubai,Master Keywords!A2686,DIGI-TEC_SEO_Keyword_Universe_Dubai.xlsx,,GENERATED TAXONOMY,,,,,Cross-brand commercial,Performance project,/tuning,/brands/bmw-service-dubai,EXISTING OWNER,Existing tuning owner; fitment requires confirmation,Performance
bmw performance upgrade,bmw performance upgrade,Master Keywords!A2687,DIGI-TEC_SEO_Keyword_Universe_Dubai.xlsx,,GENERATED TAXONOMY,,,,,Broad commercial,BMW service/repair discovery,/brands/bmw-service-dubai,,EXISTING OWNER,Single broad booking and directory owner,Performance
bmw performance upgrade dubai,bmw performance upgrade dubai,Master Keywords!A2688,DIGI-TEC_SEO_Keyword_Universe_Dubai.xlsx,,GENERATED TAXONOMY,,,,,Broad commercial,BMW service/repair discovery,/brands/bmw-service-dubai,,EXISTING OWNER,Single broad booking and directory owner,Performance
bmw stage 1 tuning,bmw stage 1 tuning,Master Keywords!A2689,DIGI-TEC_SEO_Keyword_Universe_Dubai.xlsx,,GENERATED TAXONOMY,,,,,Cross-brand commercial,Performance project,/tuning,/brands/bmw-service-dubai,EXISTING OWNER,Existing tuning owner; fitment requires confirmation,Performance
bmw stage 1 tuning dubai,bmw stage 1 tuning dubai,Master Keywords!A2690,DIGI-TEC_SEO_Keyword_Universe_Dubai.xlsx,,GENERATED TAXONOMY,,,,,Cross-brand commercial,Performance project,/tuning,/brands/bmw-service-dubai,EXISTING OWNER,Existing tuning owner; fitment requires confirmation,Performance
bmw stage 2 tuning,bmw stage 2 tuning,Master Keywords!A2691,DIGI-TEC_SEO_Keyword_Universe_Dubai.xlsx,,GENERATED TAXONOMY,,,,,Cross-brand commercial,Performance project,/tuning,/brands/bmw-service-dubai,EXISTING OWNER,Existing tuning owner; fitment requires confirmation,Performance
bmw stage 2 tuning dubai,bmw stage 2 tuning dubai,Master Keywords!A2692,DIGI-TEC_SEO_Keyword_Universe_Dubai.xlsx,,GENERATED TAXONOMY,,,,,Cross-brand commercial,Performance project,/tuning,/brands/bmw-service-dubai,EXISTING OWNER,Existing tuning owner; fitment requires confirmation,Performance
bmw turbo repair,bmw turbo repair,Master Keywords!A2693,DIGI-TEC_SEO_Keyword_Universe_Dubai.xlsx,,GENERATED TAXONOMY,,,,,Commercial service,BMW mechanical repair,/brands/bmw-service-dubai/mechanical-repair,/brands/bmw-service-dubai,EXISTING OWNER,Existing specific service; exact scope follows inspection,Performance
bmw turbo repair dubai,bmw turbo repair dubai,Master Keywords!A2694,DIGI-TEC_SEO_Keyword_Universe_Dubai.xlsx,,GENERATED TAXONOMY,,,,,Commercial service,BMW mechanical repair,/brands/bmw-service-dubai/mechanical-repair,/brands/bmw-service-dubai,EXISTING OWNER,Existing specific service; exact scope follows inspection,Performance
bmw turbo replacement,bmw turbo replacement,Master Keywords!A2695,DIGI-TEC_SEO_Keyword_Universe_Dubai.xlsx,,GENERATED TAXONOMY,,,,,Commercial service,BMW mechanical repair,/brands/bmw-service-dubai/mechanical-repair,/brands/bmw-service-dubai,EXISTING OWNER,Existing specific service; exact scope follows inspection,Performance
bmw turbo replacement dubai,bmw turbo replacement dubai,Master Keywords!A2696,DIGI-TEC_SEO_Keyword_Universe_Dubai.xlsx,,GENERATED TAXONOMY,,,,,Commercial service,BMW mechanical repair,/brands/bmw-service-dubai/mechanical-repair,/brands/bmw-service-dubai,EXISTING OWNER,Existing specific service; exact scope follows inspection,Performance
bmw turbo upgrade,bmw turbo upgrade,Master Keywords!A2697,DIGI-TEC_SEO_Keyword_Universe_Dubai.xlsx,,GENERATED TAXONOMY,,,,,Commercial service,BMW mechanical repair,/brands/bmw-service-dubai/mechanical-repair,/brands/bmw-service-dubai,EXISTING OWNER,Existing specific service; exact scope follows inspection,Performance
bmw turbo upgrade dubai,bmw turbo upgrade dubai,Master Keywords!A2698,DIGI-TEC_SEO_Keyword_Universe_Dubai.xlsx,,GENERATED TAXONOMY,,,,,Commercial service,BMW mechanical repair,/brands/bmw-service-dubai/mechanical-repair,/brands/bmw-service-dubai,EXISTING OWNER,Existing specific service; exact scope follows inspection,Performance
bmw car detailing,bmw car detailing,Master Keywords!A2699,DIGI-TEC_SEO_Keyword_Universe_Dubai.xlsx,,GENERATED TAXONOMY,,,,,Broad commercial,BMW service/repair discovery,/brands/bmw-service-dubai,,EXISTING OWNER,Single broad booking and directory owner,Protection & detailing
bmw car detailing dubai,bmw car detailing dubai,Master Keywords!A2700,DIGI-TEC_SEO_Keyword_Universe_Dubai.xlsx,,GENERATED TAXONOMY,,,,,Broad commercial,BMW service/repair discovery,/brands/bmw-service-dubai,,EXISTING OWNER,Single broad booking and directory owner,Protection & detailing
bmw car polishing,bmw car polishing,Master Keywords!A2701,DIGI-TEC_SEO_Keyword_Universe_Dubai.xlsx,,GENERATED TAXONOMY,,,,,Broad commercial,BMW service/repair discovery,/brands/bmw-service-dubai,,EXISTING OWNER,Single broad booking and directory owner,Protection & detailing
bmw car polishing dubai,bmw car polishing dubai,Master Keywords!A2702,DIGI-TEC_SEO_Keyword_Universe_Dubai.xlsx,,GENERATED TAXONOMY,,,,,Broad commercial,BMW service/repair discovery,/brands/bmw-service-dubai,,EXISTING OWNER,Single broad booking and directory owner,Protection & detailing
bmw ceramic coating,bmw ceramic coating,Master Keywords!A2703,DIGI-TEC_SEO_Keyword_Universe_Dubai.xlsx,,GENERATED TAXONOMY,,,,,Broad commercial,BMW service/repair discovery,/brands/bmw-service-dubai,,EXISTING OWNER,Single broad booking and directory owner,Protection & detailing
bmw ceramic coating dubai,bmw ceramic coating dubai,Master Keywords!A2704,DIGI-TEC_SEO_Keyword_Universe_Dubai.xlsx,,GENERATED TAXONOMY,,,,,Broad commercial,BMW service/repair discovery,/brands/bmw-service-dubai,,EXISTING OWNER,Single broad booking and directory owner,Protection & detailing
bmw paint correction,bmw paint correction,Master Keywords!A2705,DIGI-TEC_SEO_Keyword_Universe_Dubai.xlsx,,GENERATED TAXONOMY,,,,,Broad commercial,BMW service/repair discovery,/brands/bmw-service-dubai,,EXISTING OWNER,Single broad booking and directory owner,Protection & detailing
bmw paint correction dubai,bmw paint correction dubai,Master Keywords!A2706,DIGI-TEC_SEO_Keyword_Universe_Dubai.xlsx,,GENERATED TAXONOMY,,,,,Broad commercial,BMW service/repair discovery,/brands/bmw-service-dubai,,EXISTING OWNER,Single broad booking and directory owner,Protection & detailing
bmw paint protection coating,bmw paint protection coating,Master Keywords!A2707,DIGI-TEC_SEO_Keyword_Universe_Dubai.xlsx,,GENERATED TAXONOMY,,,,,Broad commercial,BMW service/repair discovery,/brands/bmw-service-dubai,,EXISTING OWNER,Single broad booking and directory owner,Protection & detailing
bmw paint protection coating dubai,bmw paint protection coating dubai,Master Keywords!A2708,DIGI-TEC_SEO_Keyword_Universe_Dubai.xlsx,,GENERATED TAXONOMY,,,,,Broad commercial,BMW service/repair discovery,/brands/bmw-service-dubai,,EXISTING OWNER,Single broad booking and directory owner,Protection & detailing
bmw paint protection film,bmw paint protection film,Master Keywords!A2709,DIGI-TEC_SEO_Keyword_Universe_Dubai.xlsx,,GENERATED TAXONOMY,,,,,Broad commercial,BMW service/repair discovery,/brands/bmw-service-dubai,,EXISTING OWNER,Single broad booking and directory owner,Protection & detailing
bmw paint protection film dubai,bmw paint protection film dubai,Master Keywords!A2710,DIGI-TEC_SEO_Keyword_Universe_Dubai.xlsx,,GENERATED TAXONOMY,,,,,Broad commercial,BMW service/repair discovery,/brands/bmw-service-dubai,,EXISTING OWNER,Single broad booking and directory owner,Protection & detailing
bmw ppf,bmw ppf,Master Keywords!A2711,DIGI-TEC_SEO_Keyword_Universe_Dubai.xlsx,,GENERATED TAXONOMY,,,,,Broad commercial,BMW service/repair discovery,/brands/bmw-service-dubai,,EXISTING OWNER,Single broad booking and directory owner,Protection & detailing
bmw ppf dubai,bmw ppf dubai,Master Keywords!A2712,DIGI-TEC_SEO_Keyword_Universe_Dubai.xlsx,,GENERATED TAXONOMY,,,,,Broad commercial,BMW service/repair discovery,/brands/bmw-service-dubai,,EXISTING OWNER,Single broad booking and directory owner,Protection & detailing
bmw ppf installation,bmw ppf installation,Master Keywords!A2713,DIGI-TEC_SEO_Keyword_Universe_Dubai.xlsx,,GENERATED TAXONOMY,,,,,Broad commercial,BMW service/repair discovery,/brands/bmw-service-dubai,,EXISTING OWNER,Single broad booking and directory owner,Protection & detailing
bmw ppf installation dubai,bmw ppf installation dubai,Master Keywords!A2714,DIGI-TEC_SEO_Keyword_Universe_Dubai.xlsx,,GENERATED TAXONOMY,,,,,Broad commercial,BMW service/repair discovery,/brands/bmw-service-dubai,,EXISTING OWNER,Single broad booking and directory owner,Protection & detailing
bmw window tinting,bmw window tinting,Master Keywords!A2715,DIGI-TEC_SEO_Keyword_Universe_Dubai.xlsx,,GENERATED TAXONOMY,,,,,Unverified service,Unverified function,,,NOT TARGETED — INTENTIONALLY,BMW-specific function or offering not established by keyword evidence,Protection & detailing
bmw window tinting dubai,bmw window tinting dubai,Master Keywords!A2716,DIGI-TEC_SEO_Keyword_Universe_Dubai.xlsx,,GENERATED TAXONOMY,,,,,Unverified service,Unverified function,,,NOT TARGETED — INTENTIONALLY,BMW-specific function or offering not established by keyword evidence,Protection & detailing
bmw air filter replacement,bmw air filter replacement,Master Keywords!A2717,DIGI-TEC_SEO_Keyword_Universe_Dubai.xlsx,,GENERATED TAXONOMY,,,,,Broad commercial,BMW service/repair discovery,/brands/bmw-service-dubai,,EXISTING OWNER,Single broad booking and directory owner,Scheduled service
bmw air filter replacement dubai,bmw air filter replacement dubai,Master Keywords!A2718,DIGI-TEC_SEO_Keyword_Universe_Dubai.xlsx,,GENERATED TAXONOMY,,,,,Broad commercial,BMW service/repair discovery,/brands/bmw-service-dubai,,EXISTING OWNER,Single broad booking and directory owner,Scheduled service
bmw cabin filter replacement,bmw cabin filter replacement,Master Keywords!A2719,DIGI-TEC_SEO_Keyword_Universe_Dubai.xlsx,,GENERATED TAXONOMY,,,,,Broad commercial,BMW service/repair discovery,/brands/bmw-service-dubai,,EXISTING OWNER,Single broad booking and directory owner,Scheduled service
bmw cabin filter replacement dubai,bmw cabin filter replacement dubai,Master Keywords!A2720,DIGI-TEC_SEO_Keyword_Universe_Dubai.xlsx,,GENERATED TAXONOMY,,,,,Broad commercial,BMW service/repair discovery,/brands/bmw-service-dubai,,EXISTING OWNER,Single broad booking and directory owner,Scheduled service
bmw major service,bmw major service,Master Keywords!A2721,DIGI-TEC_SEO_Keyword_Universe_Dubai.xlsx,,GENERATED TAXONOMY,,,,,Commercial service,BMW oil service,/brands/bmw-service-dubai/oil-change,/brands/bmw-service-dubai,EXISTING OWNER,Existing specific service; exact scope follows inspection,Scheduled service
bmw major service dubai,bmw major service dubai,Master Keywords!A2722,DIGI-TEC_SEO_Keyword_Universe_Dubai.xlsx,,GENERATED TAXONOMY,,,,,Commercial service,BMW oil service,/brands/bmw-service-dubai/oil-change,/brands/bmw-service-dubai,EXISTING OWNER,Existing specific service; exact scope follows inspection,Scheduled service
bmw minor service,bmw minor service,Master Keywords!A2723,DIGI-TEC_SEO_Keyword_Universe_Dubai.xlsx,,GENERATED TAXONOMY,,,,,Broad commercial,BMW service/repair discovery,/brands/bmw-service-dubai,,EXISTING OWNER,Single broad booking and directory owner,Scheduled service
bmw minor service dubai,bmw minor service dubai,Master Keywords!A2724,DIGI-TEC_SEO_Keyword_Universe_Dubai.xlsx,,GENERATED TAXONOMY,,,,,Broad commercial,BMW service/repair discovery,/brands/bmw-service-dubai,,EXISTING OWNER,Single broad booking and directory owner,Scheduled service
bmw oil change,bmw oil change,Master Keywords!A2725,DIGI-TEC_SEO_Keyword_Universe_Dubai.xlsx,,GENERATED TAXONOMY,,,,,Commercial service,BMW oil service,/brands/bmw-service-dubai/oil-change,/brands/bmw-service-dubai,EXISTING OWNER,Existing specific service; exact scope follows inspection,Scheduled service
bmw oil change dubai,bmw oil change dubai,Master Keywords!A2726,DIGI-TEC_SEO_Keyword_Universe_Dubai.xlsx,,GENERATED TAXONOMY,,,,,Commercial service,BMW oil service,/brands/bmw-service-dubai/oil-change,/brands/bmw-service-dubai,EXISTING OWNER,Existing specific service; exact scope follows inspection,Scheduled service
bmw oil change near me,bmw oil change near me,Master Keywords!A2727,DIGI-TEC_SEO_Keyword_Universe_Dubai.xlsx,,GENERATED TAXONOMY,,,,,Commercial service,BMW oil service,/brands/bmw-service-dubai/oil-change,/brands/bmw-service-dubai,EXISTING OWNER,Existing specific service; exact scope follows inspection,Scheduled service
bmw oil filter replacement,bmw oil filter replacement,Master Keywords!A2728,DIGI-TEC_SEO_Keyword_Universe_Dubai.xlsx,,GENERATED TAXONOMY,,,,,Commercial service,BMW oil service,/brands/bmw-service-dubai/oil-change,/brands/bmw-service-dubai,EXISTING OWNER,Existing specific service; exact scope follows inspection,Scheduled service
bmw oil filter replacement dubai,bmw oil filter replacement dubai,Master Keywords!A2729,DIGI-TEC_SEO_Keyword_Universe_Dubai.xlsx,,GENERATED TAXONOMY,,,,,Commercial service,BMW oil service,/brands/bmw-service-dubai/oil-change,/brands/bmw-service-dubai,EXISTING OWNER,Existing specific service; exact scope follows inspection,Scheduled service
bmw periodic service,bmw periodic service,Master Keywords!A2730,DIGI-TEC_SEO_Keyword_Universe_Dubai.xlsx,,GENERATED TAXONOMY,,,,,Broad commercial,BMW service/repair discovery,/brands/bmw-service-dubai,,EXISTING OWNER,Single broad booking and directory owner,Scheduled service
bmw periodic service dubai,bmw periodic service dubai,Master Keywords!A2731,DIGI-TEC_SEO_Keyword_Universe_Dubai.xlsx,,GENERATED TAXONOMY,,,,,Broad commercial,BMW service/repair discovery,/brands/bmw-service-dubai,,EXISTING OWNER,Single broad booking and directory owner,Scheduled service
bmw scheduled maintenance,bmw scheduled maintenance,Master Keywords!A2732,DIGI-TEC_SEO_Keyword_Universe_Dubai.xlsx,,GENERATED TAXONOMY,,,,,Informational,Maintenance planning,/blog/bmw-maintenance-guide-dubai,/brands/bmw-service-dubai,EXISTING OWNER,Guide supports hub booking,Scheduled service
bmw scheduled maintenance dubai,bmw scheduled maintenance dubai,Master Keywords!A2733,DIGI-TEC_SEO_Keyword_Universe_Dubai.xlsx,,GENERATED TAXONOMY,,,,,Informational,Maintenance planning,/blog/bmw-maintenance-guide-dubai,/brands/bmw-service-dubai,EXISTING OWNER,Guide supports hub booking,Scheduled service
bmw service package,bmw service package,Master Keywords!A2734,DIGI-TEC_SEO_Keyword_Universe_Dubai.xlsx,,GENERATED TAXONOMY,,,,,Broad commercial,BMW service/repair discovery,/brands/bmw-service-dubai,,EXISTING OWNER,Single broad booking and directory owner,Scheduled service
bmw service package dubai,bmw service package dubai,Master Keywords!A2735,DIGI-TEC_SEO_Keyword_Universe_Dubai.xlsx,,GENERATED TAXONOMY,,,,,Broad commercial,BMW service/repair discovery,/brands/bmw-service-dubai,,EXISTING OWNER,Single broad booking and directory owner,Scheduled service
bmw spark plug replacement,bmw spark plug replacement,Master Keywords!A2736,DIGI-TEC_SEO_Keyword_Universe_Dubai.xlsx,,GENERATED TAXONOMY,,,,,Broad commercial,BMW service/repair discovery,/brands/bmw-service-dubai,,EXISTING OWNER,Single broad booking and directory owner,Scheduled service
bmw spark plug replacement dubai,bmw spark plug replacement dubai,Master Keywords!A2737,DIGI-TEC_SEO_Keyword_Universe_Dubai.xlsx,,GENERATED TAXONOMY,,,,,Broad commercial,BMW service/repair discovery,/brands/bmw-service-dubai,,EXISTING OWNER,Single broad booking and directory owner,Scheduled service
bmw power steering pump replacement,bmw power steering pump replacement,Master Keywords!A2738,DIGI-TEC_SEO_Keyword_Universe_Dubai.xlsx,,GENERATED TAXONOMY,,,,,Commercial service,BMW steering repair,/brands/bmw-service-dubai/steering-repair,/brands/bmw-service-dubai,EXISTING OWNER,Existing specific service; exact scope follows inspection,Steering
bmw power steering pump replacement dubai,bmw power steering pump replacement dubai,Master Keywords!A2739,DIGI-TEC_SEO_Keyword_Universe_Dubai.xlsx,,GENERATED TAXONOMY,,,,,Commercial service,BMW steering repair,/brands/bmw-service-dubai/steering-repair,/brands/bmw-service-dubai,EXISTING OWNER,Existing specific service; exact scope follows inspection,Steering
bmw power steering repair,bmw power steering repair,Master Keywords!A2740,DIGI-TEC_SEO_Keyword_Universe_Dubai.xlsx,,GENERATED TAXONOMY,,,,,Commercial service,BMW steering repair,/brands/bmw-service-dubai/steering-repair,/brands/bmw-service-dubai,EXISTING OWNER,Existing specific service; exact scope follows inspection,Steering
bmw power steering repair dubai,bmw power steering repair dubai,Master Keywords!A2741,DIGI-TEC_SEO_Keyword_Universe_Dubai.xlsx,,GENERATED TAXONOMY,,,,,Commercial service,BMW steering repair,/brands/bmw-service-dubai/steering-repair,/brands/bmw-service-dubai,EXISTING OWNER,Existing specific service; exact scope follows inspection,Steering
bmw steering noise repair,bmw steering noise repair,Master Keywords!A2742,DIGI-TEC_SEO_Keyword_Universe_Dubai.xlsx,,GENERATED TAXONOMY,,,,,Commercial service,BMW steering repair,/brands/bmw-service-dubai/steering-repair,/brands/bmw-service-dubai,EXISTING OWNER,Existing specific service; exact scope follows inspection,Steering
bmw steering noise repair dubai,bmw steering noise repair dubai,Master Keywords!A2743,DIGI-TEC_SEO_Keyword_Universe_Dubai.xlsx,,GENERATED TAXONOMY,,,,,Commercial service,BMW steering repair,/brands/bmw-service-dubai/steering-repair,/brands/bmw-service-dubai,EXISTING OWNER,Existing specific service; exact scope follows inspection,Steering
bmw steering rack repair,bmw steering rack repair,Master Keywords!A2744,DIGI-TEC_SEO_Keyword_Universe_Dubai.xlsx,,GENERATED TAXONOMY,,,,,Commercial service,BMW steering repair,/brands/bmw-service-dubai/steering-repair,/brands/bmw-service-dubai,EXISTING OWNER,Existing specific service; exact scope follows inspection,Steering
bmw steering rack repair dubai,bmw steering rack repair dubai,Master Keywords!A2745,DIGI-TEC_SEO_Keyword_Universe_Dubai.xlsx,,GENERATED TAXONOMY,,,,,Commercial service,BMW steering repair,/brands/bmw-service-dubai/steering-repair,/brands/bmw-service-dubai,EXISTING OWNER,Existing specific service; exact scope follows inspection,Steering
bmw steering rack replacement,bmw steering rack replacement,Master Keywords!A2746,DIGI-TEC_SEO_Keyword_Universe_Dubai.xlsx,,GENERATED TAXONOMY,,,,,Commercial service,BMW steering repair,/brands/bmw-service-dubai/steering-repair,/brands/bmw-service-dubai,EXISTING OWNER,Existing specific service; exact scope follows inspection,Steering
bmw steering rack replacement dubai,bmw steering rack replacement dubai,Master Keywords!A2747,DIGI-TEC_SEO_Keyword_Universe_Dubai.xlsx,,GENERATED TAXONOMY,,,,,Commercial service,BMW steering repair,/brands/bmw-service-dubai/steering-repair,/brands/bmw-service-dubai,EXISTING OWNER,Existing specific service; exact scope follows inspection,Steering
bmw steering repair,bmw steering repair,Master Keywords!A2748,DIGI-TEC_SEO_Keyword_Universe_Dubai.xlsx,,GENERATED TAXONOMY,,,,,Commercial service,BMW steering repair,/brands/bmw-service-dubai/steering-repair,/brands/bmw-service-dubai,EXISTING OWNER,Existing specific service; exact scope follows inspection,Steering
bmw steering repair dubai,bmw steering repair dubai,Master Keywords!A2749,DIGI-TEC_SEO_Keyword_Universe_Dubai.xlsx,,GENERATED TAXONOMY,,,,,Commercial service,BMW steering repair,/brands/bmw-service-dubai/steering-repair,/brands/bmw-service-dubai,EXISTING OWNER,Existing specific service; exact scope follows inspection,Steering
bmw wheel alignment,bmw wheel alignment,Master Keywords!A2750,DIGI-TEC_SEO_Keyword_Universe_Dubai.xlsx,,GENERATED TAXONOMY,,,,,Commercial service,BMW tyre/wheel service,/brands/bmw-service-dubai/tire-repair,/brands/bmw-service-dubai,EXISTING OWNER,Existing specific service; exact scope follows inspection,Steering
bmw wheel alignment dubai,bmw wheel alignment dubai,Master Keywords!A2751,DIGI-TEC_SEO_Keyword_Universe_Dubai.xlsx,,GENERATED TAXONOMY,,,,,Commercial service,BMW tyre/wheel service,/brands/bmw-service-dubai/tire-repair,/brands/bmw-service-dubai,EXISTING OWNER,Existing specific service; exact scope follows inspection,Steering
bmw air suspension compressor replacement,bmw air suspension compressor replacement,Master Keywords!A2752,DIGI-TEC_SEO_Keyword_Universe_Dubai.xlsx,,GENERATED TAXONOMY,,,,,Commercial service,BMW suspension repair,/brands/bmw-service-dubai/suspension-repair,/brands/bmw-service-dubai,EXISTING OWNER,Existing specific service; exact scope follows inspection,Suspension
bmw air suspension repair,bmw air suspension repair,Master Keywords!A2753,DIGI-TEC_SEO_Keyword_Universe_Dubai.xlsx,,GENERATED TAXONOMY,,,,,Commercial service,BMW suspension repair,/brands/bmw-service-dubai/suspension-repair,/brands/bmw-service-dubai,EXISTING OWNER,Existing specific service; exact scope follows inspection,Suspension
bmw bushing replacement,bmw bushing replacement,Master Keywords!A2754,DIGI-TEC_SEO_Keyword_Universe_Dubai.xlsx,,GENERATED TAXONOMY,,,,,Commercial service,BMW suspension repair,/brands/bmw-service-dubai/suspension-repair,/brands/bmw-service-dubai,EXISTING OWNER,Existing specific service; exact scope follows inspection,Suspension
bmw control arm replacement,bmw control arm replacement,Master Keywords!A2755,DIGI-TEC_SEO_Keyword_Universe_Dubai.xlsx,,GENERATED TAXONOMY,,,,,Commercial service,BMW suspension repair,/brands/bmw-service-dubai/suspension-repair,/brands/bmw-service-dubai,EXISTING OWNER,Existing specific service; exact scope follows inspection,Suspension
bmw ride height adjustment,bmw ride height adjustment,Master Keywords!A2756,DIGI-TEC_SEO_Keyword_Universe_Dubai.xlsx,,GENERATED TAXONOMY,,,,,Commercial service,BMW suspension repair,/brands/bmw-service-dubai/suspension-repair,/brands/bmw-service-dubai,EXISTING OWNER,Existing specific service; exact scope follows inspection,Suspension
bmw shock absorber replacement,bmw shock absorber replacement,Master Keywords!A2757,DIGI-TEC_SEO_Keyword_Universe_Dubai.xlsx,,GENERATED TAXONOMY,,,,,Commercial service,BMW suspension repair,/brands/bmw-service-dubai/suspension-repair,/brands/bmw-service-dubai,EXISTING OWNER,Existing specific service; exact scope follows inspection,Suspension
bmw strut replacement,bmw strut replacement,Master Keywords!A2758,DIGI-TEC_SEO_Keyword_Universe_Dubai.xlsx,,GENERATED TAXONOMY,,,,,Broad commercial,BMW service/repair discovery,/brands/bmw-service-dubai,,EXISTING OWNER,Single broad booking and directory owner,Suspension
bmw suspension noise repair,bmw suspension noise repair,Master Keywords!A2759,DIGI-TEC_SEO_Keyword_Universe_Dubai.xlsx,,GENERATED TAXONOMY,,,,,Commercial service,BMW suspension repair,/brands/bmw-service-dubai/suspension-repair,/brands/bmw-service-dubai,EXISTING OWNER,Existing specific service; exact scope follows inspection,Suspension
bmw suspension repair near me,bmw suspension repair near me,Master Keywords!A2760,DIGI-TEC_SEO_Keyword_Universe_Dubai.xlsx,,GENERATED TAXONOMY,,,,,Commercial service,BMW suspension repair,/brands/bmw-service-dubai/suspension-repair,/brands/bmw-service-dubai,EXISTING OWNER,Existing specific service; exact scope follows inspection,Suspension
bmw suspension warning light,bmw suspension warning light,Master Keywords!A2761,DIGI-TEC_SEO_Keyword_Universe_Dubai.xlsx,,GENERATED TAXONOMY,,,,,Service section,Symptom assessment,/brands/bmw-service-dubai/engine-diagnostics,/brands/bmw-service-dubai,EXISTING OWNER,Existing service explains diagnostic route; no measured case for a separate thin guide,Suspension
bmw gear shifting problem,bmw gear shifting problem,Master Keywords!A2762,DIGI-TEC_SEO_Keyword_Universe_Dubai.xlsx,,GENERATED TAXONOMY,,,,,Commercial service,BMW gearbox repair,/brands/bmw-service-dubai/transmission-repair,/brands/bmw-service-dubai,EXISTING OWNER,Existing specific service; exact scope follows inspection,Transmission & gearbox
bmw gearbox oil change,bmw gearbox oil change,Master Keywords!A2763,DIGI-TEC_SEO_Keyword_Universe_Dubai.xlsx,,GENERATED TAXONOMY,,,,,Commercial service,BMW gearbox repair,/brands/bmw-service-dubai/transmission-repair,/brands/bmw-service-dubai,EXISTING OWNER,Existing specific service; exact scope follows inspection,Transmission & gearbox
bmw gearbox rebuild,bmw gearbox rebuild,Master Keywords!A2764,DIGI-TEC_SEO_Keyword_Universe_Dubai.xlsx,,GENERATED TAXONOMY,,,,,Commercial service,BMW gearbox repair,/brands/bmw-service-dubai/transmission-repair,/brands/bmw-service-dubai,EXISTING OWNER,Existing specific service; exact scope follows inspection,Transmission & gearbox
bmw gearbox repair,bmw gearbox repair,Master Keywords!A2765,DIGI-TEC_SEO_Keyword_Universe_Dubai.xlsx,,GENERATED TAXONOMY,,,,,Commercial service,BMW gearbox repair,/brands/bmw-service-dubai/transmission-repair,/brands/bmw-service-dubai,EXISTING OWNER,Existing specific service; exact scope follows inspection,Transmission & gearbox
bmw gearbox replacement,bmw gearbox replacement,Master Keywords!A2766,DIGI-TEC_SEO_Keyword_Universe_Dubai.xlsx,,GENERATED TAXONOMY,,,,,Commercial service,BMW gearbox repair,/brands/bmw-service-dubai/transmission-repair,/brands/bmw-service-dubai,EXISTING OWNER,Existing specific service; exact scope follows inspection,Transmission & gearbox
bmw gearbox service,bmw gearbox service,Master Keywords!A2767,DIGI-TEC_SEO_Keyword_Universe_Dubai.xlsx,,GENERATED TAXONOMY,,,,,Commercial service,BMW gearbox repair,/brands/bmw-service-dubai/transmission-repair,/brands/bmw-service-dubai,EXISTING OWNER,Existing specific service; exact scope follows inspection,Transmission & gearbox
bmw transmission leak repair,bmw gearbox leak repair,Master Keywords!A2768,DIGI-TEC_SEO_Keyword_Universe_Dubai.xlsx,,GENERATED TAXONOMY,,,,,Commercial service,BMW gearbox repair,/brands/bmw-service-dubai/transmission-repair,/brands/bmw-service-dubai,EXISTING OWNER,Existing specific service; exact scope follows inspection,Transmission & gearbox
bmw transmission oil change,bmw gearbox oil change,Master Keywords!A2769,DIGI-TEC_SEO_Keyword_Universe_Dubai.xlsx,,GENERATED TAXONOMY,,,,,Commercial service,BMW gearbox repair,/brands/bmw-service-dubai/transmission-repair,/brands/bmw-service-dubai,EXISTING OWNER,Existing specific service; exact scope follows inspection,Transmission & gearbox
bmw transmission rebuild,bmw gearbox rebuild,Master Keywords!A2770,DIGI-TEC_SEO_Keyword_Universe_Dubai.xlsx,,GENERATED TAXONOMY,,,,,Commercial service,BMW gearbox repair,/brands/bmw-service-dubai/transmission-repair,/brands/bmw-service-dubai,EXISTING OWNER,Existing specific service; exact scope follows inspection,Transmission & gearbox
bmw transmission repair near me,bmw gearbox repair near me,Master Keywords!A2771,DIGI-TEC_SEO_Keyword_Universe_Dubai.xlsx,,GENERATED TAXONOMY,,,,,Commercial service,BMW gearbox repair,/brands/bmw-service-dubai/transmission-repair,/brands/bmw-service-dubai,EXISTING OWNER,Existing specific service; exact scope follows inspection,Transmission & gearbox
bmw transmission replacement,bmw gearbox replacement,Master Keywords!A2772,DIGI-TEC_SEO_Keyword_Universe_Dubai.xlsx,,GENERATED TAXONOMY,,,,,Commercial service,BMW gearbox repair,/brands/bmw-service-dubai/transmission-repair,/brands/bmw-service-dubai,EXISTING OWNER,Existing specific service; exact scope follows inspection,Transmission & gearbox
bmw puncture repair,bmw puncture repair,Master Keywords!A2773,DIGI-TEC_SEO_Keyword_Universe_Dubai.xlsx,,GENERATED TAXONOMY,,,,,Commercial service,BMW tyre/wheel service,/brands/bmw-service-dubai/tire-repair,/brands/bmw-service-dubai,EXISTING OWNER,Existing specific service; exact scope follows inspection,Tyres & wheels
bmw puncture repair dubai,bmw puncture repair dubai,Master Keywords!A2774,DIGI-TEC_SEO_Keyword_Universe_Dubai.xlsx,,GENERATED TAXONOMY,,,,,Commercial service,BMW tyre/wheel service,/brands/bmw-service-dubai/tire-repair,/brands/bmw-service-dubai,EXISTING OWNER,Existing specific service; exact scope follows inspection,Tyres & wheels
bmw rim repair,bmw rim repair,Master Keywords!A2775,DIGI-TEC_SEO_Keyword_Universe_Dubai.xlsx,,GENERATED TAXONOMY,,,,,Commercial service,BMW tyre/wheel service,/brands/bmw-service-dubai/tire-repair,/brands/bmw-service-dubai,EXISTING OWNER,Existing specific service; exact scope follows inspection,Tyres & wheels
bmw rim repair dubai,bmw rim repair dubai,Master Keywords!A2776,DIGI-TEC_SEO_Keyword_Universe_Dubai.xlsx,,GENERATED TAXONOMY,,,,,Commercial service,BMW tyre/wheel service,/brands/bmw-service-dubai/tire-repair,/brands/bmw-service-dubai,EXISTING OWNER,Existing specific service; exact scope follows inspection,Tyres & wheels
bmw tire repair,bmw tire repair,Master Keywords!A2777,DIGI-TEC_SEO_Keyword_Universe_Dubai.xlsx,,GENERATED TAXONOMY,,,,,Commercial service,BMW tyre/wheel service,/brands/bmw-service-dubai/tire-repair,/brands/bmw-service-dubai,EXISTING OWNER,Existing specific service; exact scope follows inspection,Tyres & wheels
bmw tire repair dubai,bmw tire repair dubai,Master Keywords!A2778,DIGI-TEC_SEO_Keyword_Universe_Dubai.xlsx,,GENERATED TAXONOMY,,,,,Commercial service,BMW tyre/wheel service,/brands/bmw-service-dubai/tire-repair,/brands/bmw-service-dubai,EXISTING OWNER,Existing specific service; exact scope follows inspection,Tyres & wheels
bmw tire replacement,bmw tire replacement,Master Keywords!A2779,DIGI-TEC_SEO_Keyword_Universe_Dubai.xlsx,,GENERATED TAXONOMY,,,,,Commercial service,BMW tyre/wheel service,/brands/bmw-service-dubai/tire-repair,/brands/bmw-service-dubai,EXISTING OWNER,Existing specific service; exact scope follows inspection,Tyres & wheels
bmw tire replacement dubai,bmw tire replacement dubai,Master Keywords!A2780,DIGI-TEC_SEO_Keyword_Universe_Dubai.xlsx,,GENERATED TAXONOMY,,,,,Commercial service,BMW tyre/wheel service,/brands/bmw-service-dubai/tire-repair,/brands/bmw-service-dubai,EXISTING OWNER,Existing specific service; exact scope follows inspection,Tyres & wheels
bmw tyre repair,bmw tyre repair,Master Keywords!A2781,DIGI-TEC_SEO_Keyword_Universe_Dubai.xlsx,,GENERATED TAXONOMY,,,,,Commercial service,BMW tyre/wheel service,/brands/bmw-service-dubai/tire-repair,/brands/bmw-service-dubai,EXISTING OWNER,Existing specific service; exact scope follows inspection,Tyres & wheels
bmw tyre repair dubai,bmw tyre repair dubai,Master Keywords!A2782,DIGI-TEC_SEO_Keyword_Universe_Dubai.xlsx,,GENERATED TAXONOMY,,,,,Commercial service,BMW tyre/wheel service,/brands/bmw-service-dubai/tire-repair,/brands/bmw-service-dubai,EXISTING OWNER,Existing specific service; exact scope follows inspection,Tyres & wheels
bmw tyre replacement,bmw tyre replacement,Master Keywords!A2783,DIGI-TEC_SEO_Keyword_Universe_Dubai.xlsx,,GENERATED TAXONOMY,,,,,Commercial service,BMW tyre/wheel service,/brands/bmw-service-dubai/tire-repair,/brands/bmw-service-dubai,EXISTING OWNER,Existing specific service; exact scope follows inspection,Tyres & wheels
bmw tyre replacement dubai,bmw tyre replacement dubai,Master Keywords!A2784,DIGI-TEC_SEO_Keyword_Universe_Dubai.xlsx,,GENERATED TAXONOMY,,,,,Commercial service,BMW tyre/wheel service,/brands/bmw-service-dubai/tire-repair,/brands/bmw-service-dubai,EXISTING OWNER,Existing specific service; exact scope follows inspection,Tyres & wheels
bmw wheel balancing,bmw wheel balancing,Master Keywords!A2785,DIGI-TEC_SEO_Keyword_Universe_Dubai.xlsx,,GENERATED TAXONOMY,,,,,Commercial service,BMW tyre/wheel service,/brands/bmw-service-dubai/tire-repair,/brands/bmw-service-dubai,EXISTING OWNER,Existing specific service; exact scope follows inspection,Tyres & wheels
bmw wheel balancing dubai,bmw wheel balancing dubai,Master Keywords!A2786,DIGI-TEC_SEO_Keyword_Universe_Dubai.xlsx,,GENERATED TAXONOMY,,,,,Commercial service,BMW tyre/wheel service,/brands/bmw-service-dubai/tire-repair,/brands/bmw-service-dubai,EXISTING OWNER,Existing specific service; exact scope follows inspection,Tyres & wheels
bmw wheel repair,bmw wheel repair,Master Keywords!A2787,DIGI-TEC_SEO_Keyword_Universe_Dubai.xlsx,,GENERATED TAXONOMY,,,,,Commercial service,BMW tyre/wheel service,/brands/bmw-service-dubai/tire-repair,/brands/bmw-service-dubai,EXISTING OWNER,Existing specific service; exact scope follows inspection,Tyres & wheels
bmw wheel repair dubai,bmw wheel repair dubai,Master Keywords!A2788,DIGI-TEC_SEO_Keyword_Universe_Dubai.xlsx,,GENERATED TAXONOMY,,,,,Commercial service,BMW tyre/wheel service,/brands/bmw-service-dubai/tire-repair,/brands/bmw-service-dubai,EXISTING OWNER,Existing specific service; exact scope follows inspection,Tyres & wheels
bmw service dubai,bmw service dubai,GSC Opportunities!A37,DIGI-TEC_SEO_Keyword_Universe_Dubai.xlsx,2026-04-12 to 2026-09-25,MEASURED WORKBOOK,1,337,0.003,22.2,Broad commercial,BMW service/repair discovery,/brands/bmw-service-dubai,,EXISTING OWNER,Single broad booking and directory owner,Opportunity sheet copy
bmw service center dubai,bmw service center dubai,GSC Opportunities!A101,DIGI-TEC_SEO_Keyword_Universe_Dubai.xlsx,2026-04-12 to 2026-09-25,MEASURED WORKBOOK,0,171,0,30.29,Broad commercial,BMW service/repair discovery,/brands/bmw-service-dubai,,EXISTING OWNER,Single broad booking and directory owner,Opportunity sheet copy
bmw repair dubai,bmw repair dubai,GSC Opportunities!A105,DIGI-TEC_SEO_Keyword_Universe_Dubai.xlsx,2026-04-12 to 2026-09-25,MEASURED WORKBOOK,2,167,0.012,14.2,Broad commercial,BMW service/repair discovery,/brands/bmw-service-dubai,,EXISTING OWNER,Single broad booking and directory owner,Opportunity sheet copy
bmw service,bmw service,GSC Opportunities!A122,DIGI-TEC_SEO_Keyword_Universe_Dubai.xlsx,2026-04-12 to 2026-09-25,MEASURED WORKBOOK,0,146,0,25.45,Broad commercial,BMW service/repair discovery,/brands/bmw-service-dubai,,EXISTING OWNER,Single broad booking and directory owner,Opportunity sheet copy
bmw repair,bmw repair,GSC Opportunities!A158,DIGI-TEC_SEO_Keyword_Universe_Dubai.xlsx,2026-04-12 to 2026-09-25,MEASURED WORKBOOK,0,113,0,16.01,Broad commercial,BMW service/repair discovery,/brands/bmw-service-dubai,,EXISTING OWNER,Single broad booking and directory owner,Opportunity sheet copy
bmw service in dubai,bmw service in dubai,GSC Opportunities!A165,DIGI-TEC_SEO_Keyword_Universe_Dubai.xlsx,2026-04-12 to 2026-09-25,MEASURED WORKBOOK,0,109,0,19.62,Broad commercial,BMW service/repair discovery,/brands/bmw-service-dubai,,EXISTING OWNER,Single broad booking and directory owner,Opportunity sheet copy
bmw transmission repair dubai,bmw gearbox repair dubai,GSC Opportunities!A187,DIGI-TEC_SEO_Keyword_Universe_Dubai.xlsx,2026-04-12 to 2026-09-25,MEASURED WORKBOOK,0,96,0,11.9,Commercial service,BMW gearbox repair,/brands/bmw-service-dubai/transmission-repair,/brands/bmw-service-dubai,EXISTING OWNER,Existing specific service; exact scope follows inspection,Opportunity sheet copy
bmw coding service,bmw coding service,GSC Opportunities!A231,DIGI-TEC_SEO_Keyword_Universe_Dubai.xlsx,2026-04-12 to 2026-09-25,MEASURED WORKBOOK,0,83,0,37.33,Commercial service,BMW diagnostics,/brands/bmw-service-dubai/engine-diagnostics,/brands/bmw-service-dubai,EXISTING OWNER,Existing specific service; exact scope follows inspection,Opportunity sheet copy
bmw workshop dubai,bmw workshop dubai,GSC Opportunities!A259,DIGI-TEC_SEO_Keyword_Universe_Dubai.xlsx,2026-04-12 to 2026-09-25,MEASURED WORKBOOK,0,75,0,21.52,Broad commercial,BMW service/repair discovery,/brands/bmw-service-dubai,,EXISTING OWNER,Single broad booking and directory owner,Opportunity sheet copy
bmw engine repair dubai,bmw engine repair dubai,GSC Opportunities!A273,DIGI-TEC_SEO_Keyword_Universe_Dubai.xlsx,2026-04-12 to 2026-09-25,MEASURED WORKBOOK,0,73,0,16.51,Commercial service,BMW mechanical repair,/brands/bmw-service-dubai/mechanical-repair,/brands/bmw-service-dubai,EXISTING OWNER,Existing specific service; exact scope follows inspection,Opportunity sheet copy
bmw car service dubai,bmw car service dubai,GSC Opportunities!A287,DIGI-TEC_SEO_Keyword_Universe_Dubai.xlsx,2026-04-12 to 2026-09-25,MEASURED WORKBOOK,0,69,0,24.54,Broad commercial,BMW service/repair discovery,/brands/bmw-service-dubai,,EXISTING OWNER,Single broad booking and directory owner,Opportunity sheet copy
bmw battery replacement,bmw battery replacement,GSC Opportunities!A305,DIGI-TEC_SEO_Keyword_Universe_Dubai.xlsx,2026-04-12 to 2026-09-25,MEASURED WORKBOOK,0,65,0,27.88,Commercial service,BMW battery assessment,/brands/bmw-service-dubai/battery-replacement,/brands/bmw-service-dubai,EXISTING OWNER,Existing specific service; exact scope follows inspection,Opportunity sheet copy
bmw workshop dubai al quoz,bmw workshop dubai al quoz,GSC Opportunities!A341,DIGI-TEC_SEO_Keyword_Universe_Dubai.xlsx,2026-04-12 to 2026-09-25,MEASURED WORKBOOK,0,56,0,14.09,Broad commercial,BMW service/repair discovery,/brands/bmw-service-dubai,,EXISTING OWNER,Single broad booking and directory owner,Opportunity sheet copy
bmw transmission service,bmw gearbox service,GSC Opportunities!A342,DIGI-TEC_SEO_Keyword_Universe_Dubai.xlsx,2026-04-12 to 2026-09-25,MEASURED WORKBOOK,0,56,0,19.95,Commercial service,BMW gearbox repair,/brands/bmw-service-dubai/transmission-repair,/brands/bmw-service-dubai,EXISTING OWNER,Existing specific service; exact scope follows inspection,Opportunity sheet copy
bmw maintenance dubai,bmw maintenance dubai,GSC Opportunities!A350,DIGI-TEC_SEO_Keyword_Universe_Dubai.xlsx,2026-04-12 to 2026-09-25,MEASURED WORKBOOK,0,54,0,15.24,Informational,Maintenance planning,/blog/bmw-maintenance-guide-dubai,/brands/bmw-service-dubai,EXISTING OWNER,Guide supports hub booking,Opportunity sheet copy
bmw battery replacement dubai,bmw battery replacement dubai,GSC Opportunities!A383,DIGI-TEC_SEO_Keyword_Universe_Dubai.xlsx,2026-04-12 to 2026-09-25,MEASURED WORKBOOK,0,48,0,18.46,Commercial service,BMW battery assessment,/brands/bmw-service-dubai/battery-replacement,/brands/bmw-service-dubai,EXISTING OWNER,Existing specific service; exact scope follows inspection,Opportunity sheet copy
bmw diagnostics dubai,bmw diagnostics dubai,GSC Opportunities!A399,DIGI-TEC_SEO_Keyword_Universe_Dubai.xlsx,2026-04-12 to 2026-09-25,MEASURED WORKBOOK,0,46,0,13.26,Commercial service,BMW diagnostics,/brands/bmw-service-dubai/engine-diagnostics,/brands/bmw-service-dubai,EXISTING OWNER,Existing specific service; exact scope follows inspection,Opportunity sheet copy
best bmw workshop abu dhabi,best bmw workshop abu dhabi,GSC Opportunities!A406,DIGI-TEC_SEO_Keyword_Universe_Dubai.xlsx,2026-04-12 to 2026-09-25,MEASURED WORKBOOK,0,46,0,42.72,Out-of-market,Outside Dubai service area,,,NOT TARGETED — INTENTIONALLY,Do not target another city with a Dubai workshop page,Opportunity sheet copy
bmw ac repair,bmw ac repair,GSC Opportunities!A410,DIGI-TEC_SEO_Keyword_Universe_Dubai.xlsx,2026-04-12 to 2026-09-25,MEASURED WORKBOOK,0,45,0,10.82,Commercial service,BMW AC repair,/brands/bmw-service-dubai/ac-repair,/brands/bmw-service-dubai,EXISTING OWNER,Existing specific service; exact scope follows inspection,Opportunity sheet copy
bmw brake repair dubai,bmw brake repair dubai,GSC Opportunities!A415,DIGI-TEC_SEO_Keyword_Universe_Dubai.xlsx,2026-04-12 to 2026-09-25,MEASURED WORKBOOK,0,44,0,13.23,Commercial service,BMW brake repair,/brands/bmw-service-dubai/brake-repair,/brands/bmw-service-dubai,EXISTING OWNER,Existing specific service; exact scope follows inspection,Opportunity sheet copy
bmw body repair garage,bmw body repair garage,GSC Opportunities!A424,DIGI-TEC_SEO_Keyword_Universe_Dubai.xlsx,2026-04-12 to 2026-09-25,MEASURED WORKBOOK,0,44,0,58.68,Commercial service,BMW body repair,/brands/bmw-service-dubai/body-repair,/brands/bmw-service-dubai,EXISTING OWNER,Existing specific service; exact scope follows inspection,Opportunity sheet copy
bmw ac repair dubai,bmw ac repair dubai,GSC Opportunities!A437,DIGI-TEC_SEO_Keyword_Universe_Dubai.xlsx,2026-04-12 to 2026-09-25,MEASURED WORKBOOK,0,42,0,15.5,Commercial service,BMW AC repair,/brands/bmw-service-dubai/ac-repair,/brands/bmw-service-dubai,EXISTING OWNER,Existing specific service; exact scope follows inspection,Opportunity sheet copy
bmw specialist dubai,bmw specialist dubai,GSC Opportunities!A447,DIGI-TEC_SEO_Keyword_Universe_Dubai.xlsx,2026-04-12 to 2026-09-25,MEASURED WORKBOOK,0,41,0,19.22,Broad commercial,BMW service/repair discovery,/brands/bmw-service-dubai,,EXISTING OWNER,Single broad booking and directory owner,Opportunity sheet copy
bmw transmission repair,bmw gearbox repair,GSC Opportunities!A469,DIGI-TEC_SEO_Keyword_Universe_Dubai.xlsx,2026-04-12 to 2026-09-25,MEASURED WORKBOOK,0,39,0,20.13,Commercial service,BMW gearbox repair,/brands/bmw-service-dubai/transmission-repair,/brands/bmw-service-dubai,EXISTING OWNER,Existing specific service; exact scope follows inspection,Opportunity sheet copy
bmw workshop,bmw workshop,GSC Opportunities!A485,DIGI-TEC_SEO_Keyword_Universe_Dubai.xlsx,2026-04-12 to 2026-09-25,MEASURED WORKBOOK,0,37,0,9.92,Broad commercial,BMW service/repair discovery,/brands/bmw-service-dubai,,EXISTING OWNER,Single broad booking and directory owner,Opportunity sheet copy
bmw service centre dubai,bmw service center dubai,GSC Opportunities!A527,DIGI-TEC_SEO_Keyword_Universe_Dubai.xlsx,2026-04-12 to 2026-09-25,MEASURED WORKBOOK,0,34,0,24.35,Broad commercial,BMW service/repair discovery,/brands/bmw-service-dubai,,EXISTING OWNER,Single broad booking and directory owner,Opportunity sheet copy
bmw transmission repair in dubai,bmw gearbox repair in dubai,GSC Opportunities!A533,DIGI-TEC_SEO_Keyword_Universe_Dubai.xlsx,2026-04-12 to 2026-09-25,MEASURED WORKBOOK,0,33,0,8.27,Commercial service,BMW gearbox repair,/brands/bmw-service-dubai/transmission-repair,/brands/bmw-service-dubai,EXISTING OWNER,Existing specific service; exact scope follows inspection,Opportunity sheet copy
bmw suspension repair,bmw suspension repair,GSC Opportunities!A548,DIGI-TEC_SEO_Keyword_Universe_Dubai.xlsx,2026-04-12 to 2026-09-25,MEASURED WORKBOOK,0,32,0,21.56,Commercial service,BMW suspension repair,/brands/bmw-service-dubai/suspension-repair,/brands/bmw-service-dubai,EXISTING OWNER,Existing specific service; exact scope follows inspection,Opportunity sheet copy
service for bmw,service for bmw,GSC Opportunities!A552,DIGI-TEC_SEO_Keyword_Universe_Dubai.xlsx,2026-04-12 to 2026-09-25,MEASURED WORKBOOK,0,32,0,30.97,Broad commercial,BMW service/repair discovery,/brands/bmw-service-dubai,,EXISTING OWNER,Single broad booking and directory owner,Opportunity sheet copy
bmw suspension repair dubai,bmw suspension repair dubai,GSC Opportunities!A582,DIGI-TEC_SEO_Keyword_Universe_Dubai.xlsx,2026-04-12 to 2026-09-25,MEASURED WORKBOOK,0,30,0,37.17,Commercial service,BMW suspension repair,/brands/bmw-service-dubai/suspension-repair,/brands/bmw-service-dubai,EXISTING OWNER,Existing specific service; exact scope follows inspection,Opportunity sheet copy
bmw car battery replacement,bmw car battery replacement,GSC Opportunities!A623,DIGI-TEC_SEO_Keyword_Universe_Dubai.xlsx,2026-04-12 to 2026-09-25,MEASURED WORKBOOK,0,28,0,37.32,Commercial service,BMW battery assessment,/brands/bmw-service-dubai/battery-replacement,/brands/bmw-service-dubai,EXISTING OWNER,Existing specific service; exact scope follows inspection,Opportunity sheet copy
bmw repair in dubai,bmw repair in dubai,GSC Opportunities!A635,DIGI-TEC_SEO_Keyword_Universe_Dubai.xlsx,2026-04-12 to 2026-09-25,MEASURED WORKBOOK,0,27,0,17.33,Broad commercial,BMW service/repair discovery,/brands/bmw-service-dubai,,EXISTING OWNER,Single broad booking and directory owner,Opportunity sheet copy
bmw car battery dubai,bmw car battery dubai,GSC Opportunities!A699,DIGI-TEC_SEO_Keyword_Universe_Dubai.xlsx,2026-04-12 to 2026-09-25,MEASURED WORKBOOK,0,25,0,34,Commercial service,BMW battery assessment,/brands/bmw-service-dubai/battery-replacement,/brands/bmw-service-dubai,EXISTING OWNER,Existing specific service; exact scope follows inspection,Opportunity sheet copy
bmw workshop al quoz,bmw workshop al quoz,GSC Opportunities!A710,DIGI-TEC_SEO_Keyword_Universe_Dubai.xlsx,2026-04-12 to 2026-09-25,MEASURED WORKBOOK,0,24,0,12.04,Broad commercial,BMW service/repair discovery,/brands/bmw-service-dubai,,EXISTING OWNER,Single broad booking and directory owner,Opportunity sheet copy
bmw body repair dubai,bmw body repair dubai,GSC Opportunities!A784,DIGI-TEC_SEO_Keyword_Universe_Dubai.xlsx,2026-04-12 to 2026-09-25,MEASURED WORKBOOK,0,21,0,16.81,Commercial service,BMW body repair,/brands/bmw-service-dubai/body-repair,/brands/bmw-service-dubai,EXISTING OWNER,Existing specific service; exact scope follows inspection,Opportunity sheet copy
BMW ista diagnostics,bmw ista diagnostics,Brand Specific Systems!B56,DIGI-TEC_SEO_Keyword_Universe_Dubai.xlsx,,RESEARCH KEYWORD,,,,,Commercial service,BMW diagnostics,/brands/bmw-service-dubai/engine-diagnostics,/brands/bmw-service-dubai,EXISTING OWNER,Existing specific service; exact scope follows inspection,System research suggestion
BMW idrive repair,bmw idrive repair,Brand Specific Systems!B57,DIGI-TEC_SEO_Keyword_Universe_Dubai.xlsx,,RESEARCH KEYWORD,,,,,Commercial section,iDrive/electronics assessment,/brands/bmw-service-dubai/electrical-repair,/brands/bmw-service-dubai,EXISTING OWNER,Fault diagnosis and upgrade enquiry remain distinct; no thin module URL,System research suggestion
BMW idrive screen replacement,bmw idrive screen replacement,Brand Specific Systems!B58,DIGI-TEC_SEO_Keyword_Universe_Dubai.xlsx,,RESEARCH KEYWORD,,,,,Commercial section,iDrive/electronics assessment,/brands/bmw-service-dubai/electrical-repair,/brands/bmw-service-dubai,EXISTING OWNER,Fault diagnosis and upgrade enquiry remain distinct; no thin module URL,System research suggestion
BMW vanos repair,bmw vanos repair,Brand Specific Systems!B59,DIGI-TEC_SEO_Keyword_Universe_Dubai.xlsx,,RESEARCH KEYWORD,,,,,Commercial section,Engine timing/lift system assessment,/brands/bmw-service-dubai/mechanical-repair,/brands/bmw-service-dubai,EXISTING OWNER,Generation-specific system; no standalone acronym page,System research suggestion
BMW valvetronic repair,bmw valvetronic repair,Brand Specific Systems!B60,DIGI-TEC_SEO_Keyword_Universe_Dubai.xlsx,,RESEARCH KEYWORD,,,,,Commercial section,Engine timing/lift system assessment,/brands/bmw-service-dubai/mechanical-repair,/brands/bmw-service-dubai,EXISTING OWNER,Generation-specific system; no standalone acronym page,System research suggestion
BMW xdrive repair,bmw xdrive repair,Brand Specific Systems!B61,DIGI-TEC_SEO_Keyword_Universe_Dubai.xlsx,,RESEARCH KEYWORD,,,,,Diagnostic section,Drivetrain warning/fault assessment,/brands/bmw-service-dubai/engine-diagnostics,/brands/bmw-service-dubai,EXISTING OWNER,Warning is not proof of one failed component,System research suggestion
BMW bmw coding,bmw bmw coding,Brand Specific Systems!B62,DIGI-TEC_SEO_Keyword_Universe_Dubai.xlsx,,RESEARCH KEYWORD,,,,,Commercial service,BMW diagnostics,/brands/bmw-service-dubai/engine-diagnostics,/brands/bmw-service-dubai,EXISTING OWNER,Existing specific service; exact scope follows inspection,System research suggestion
BMW bmw software update,bmw bmw software update,Brand Specific Systems!B63,DIGI-TEC_SEO_Keyword_Universe_Dubai.xlsx,,RESEARCH KEYWORD,,,,,Broad commercial,BMW service/repair discovery,/brands/bmw-service-dubai,,EXISTING OWNER,Single broad booking and directory owner,System research suggestion
BMW service Dubai,bmw service dubai,B3 brief example #1,B3 user brief,,OTHER SOURCE — USER BRIEF EXAMPLE,,,,,Broad commercial,BMW service/repair discovery,/brands/bmw-service-dubai,,EXISTING OWNER,Single broad booking and directory owner,"Candidate user task, not measured demand"
BMW repair Dubai,bmw repair dubai,B3 brief example #2,B3 user brief,,OTHER SOURCE — USER BRIEF EXAMPLE,,,,,Broad commercial,BMW service/repair discovery,/brands/bmw-service-dubai,,EXISTING OWNER,Single broad booking and directory owner,"Candidate user task, not measured demand"
BMW workshop Dubai,bmw workshop dubai,B3 brief example #3,B3 user brief,,OTHER SOURCE — USER BRIEF EXAMPLE,,,,,Broad commercial,BMW service/repair discovery,/brands/bmw-service-dubai,,EXISTING OWNER,Single broad booking and directory owner,"Candidate user task, not measured demand"
BMW garage Dubai,bmw garage dubai,B3 brief example #4,B3 user brief,,OTHER SOURCE — USER BRIEF EXAMPLE,,,,,Broad commercial,BMW service/repair discovery,/brands/bmw-service-dubai,,EXISTING OWNER,Single broad booking and directory owner,"Candidate user task, not measured demand"
BMW specialist Dubai,bmw specialist dubai,B3 brief example #5,B3 user brief,,OTHER SOURCE — USER BRIEF EXAMPLE,,,,,Broad commercial,BMW service/repair discovery,/brands/bmw-service-dubai,,EXISTING OWNER,Single broad booking and directory owner,"Candidate user task, not measured demand"
BMW service centre Dubai,bmw service center dubai,B3 brief example #6,B3 user brief,,OTHER SOURCE — USER BRIEF EXAMPLE,,,,,Broad commercial,BMW service/repair discovery,/brands/bmw-service-dubai,,EXISTING OWNER,Single broad booking and directory owner,"Candidate user task, not measured demand"
BMW repair near me,bmw repair near me,B3 brief example #7,B3 user brief,,OTHER SOURCE — USER BRIEF EXAMPLE,,,,,Broad commercial,BMW service/repair discovery,/brands/bmw-service-dubai,,EXISTING OWNER,Single broad booking and directory owner,"Candidate user task, not measured demand"
BMW diagnostics Dubai,bmw diagnostics dubai,B3 brief example #8,B3 user brief,,OTHER SOURCE — USER BRIEF EXAMPLE,,,,,Commercial service,BMW diagnostics,/brands/bmw-service-dubai/engine-diagnostics,/brands/bmw-service-dubai,EXISTING OWNER,Existing specific service; exact scope follows inspection,"Candidate user task, not measured demand"
BMW ISTA diagnostics Dubai,bmw ista diagnostics dubai,B3 brief example #9,B3 user brief,,OTHER SOURCE — USER BRIEF EXAMPLE,,,,,Commercial service,BMW diagnostics,/brands/bmw-service-dubai/engine-diagnostics,/brands/bmw-service-dubai,EXISTING OWNER,Existing specific service; exact scope follows inspection,"Candidate user task, not measured demand"
BMW computer diagnostics,bmw computer diagnostics,B3 brief example #10,B3 user brief,,OTHER SOURCE — USER BRIEF EXAMPLE,,,,,Commercial service,BMW diagnostics,/brands/bmw-service-dubai/engine-diagnostics,/brands/bmw-service-dubai,EXISTING OWNER,Existing specific service; exact scope follows inspection,"Candidate user task, not measured demand"
BMW fault diagnosis,bmw fault diagnosis,B3 brief example #11,B3 user brief,,OTHER SOURCE — USER BRIEF EXAMPLE,,,,,Commercial service,BMW diagnostics,/brands/bmw-service-dubai/engine-diagnostics,/brands/bmw-service-dubai,EXISTING OWNER,Existing specific service; exact scope follows inspection,"Candidate user task, not measured demand"
BMW coding Dubai,bmw coding dubai,B3 brief example #12,B3 user brief,,OTHER SOURCE — USER BRIEF EXAMPLE,,,,,Commercial service,BMW diagnostics,/brands/bmw-service-dubai/engine-diagnostics,/brands/bmw-service-dubai,EXISTING OWNER,Existing specific service; exact scope follows inspection,"Candidate user task, not measured demand"
BMW programming Dubai,bmw programming dubai,B3 brief example #13,B3 user brief,,OTHER SOURCE — USER BRIEF EXAMPLE,,,,,Commercial service,BMW diagnostics,/brands/bmw-service-dubai/engine-diagnostics,/brands/bmw-service-dubai,EXISTING OWNER,Existing specific service; exact scope follows inspection,"Candidate user task, not measured demand"
BMW engine repair Dubai,bmw engine repair dubai,B3 brief example #14,B3 user brief,,OTHER SOURCE — USER BRIEF EXAMPLE,,,,,Commercial service,BMW mechanical repair,/brands/bmw-service-dubai/mechanical-repair,/brands/bmw-service-dubai,EXISTING OWNER,Existing specific service; exact scope follows inspection,"Candidate user task, not measured demand"
BMW mechanical repair Dubai,bmw mechanical repair dubai,B3 brief example #15,B3 user brief,,OTHER SOURCE — USER BRIEF EXAMPLE,,,,,Commercial service,BMW mechanical repair,/brands/bmw-service-dubai/mechanical-repair,/brands/bmw-service-dubai,EXISTING OWNER,Existing specific service; exact scope follows inspection,"Candidate user task, not measured demand"
BMW oil leak,bmw oil leak,B3 brief example #16,B3 user brief,,OTHER SOURCE — USER BRIEF EXAMPLE,,,,,Service section,Symptom assessment,/brands/bmw-service-dubai/mechanical-repair,/brands/bmw-service-dubai,EXISTING OWNER,Existing service explains diagnostic route; no measured case for a separate thin guide,"Candidate user task, not measured demand"
BMW coolant leak,bmw coolant leak,B3 brief example #17,B3 user brief,,OTHER SOURCE — USER BRIEF EXAMPLE,,,,,Service section,Symptom assessment,/brands/bmw-service-dubai/mechanical-repair,/brands/bmw-service-dubai,EXISTING OWNER,Existing service explains diagnostic route; no measured case for a separate thin guide,"Candidate user task, not measured demand"
BMW overheating,bmw overheating,B3 brief example #18,B3 user brief,,OTHER SOURCE — USER BRIEF EXAMPLE,,,,,Service section,Symptom assessment,/brands/bmw-service-dubai/mechanical-repair,/brands/bmw-service-dubai,EXISTING OWNER,Existing service explains diagnostic route; no measured case for a separate thin guide,"Candidate user task, not measured demand"
BMW rough idle,bmw rough idle,B3 brief example #19,B3 user brief,,OTHER SOURCE — USER BRIEF EXAMPLE,,,,,Service section,Symptom assessment,/brands/bmw-service-dubai/engine-diagnostics,/brands/bmw-service-dubai,EXISTING OWNER,Existing service explains diagnostic route; no measured case for a separate thin guide,"Candidate user task, not measured demand"
BMW loss of power,bmw loss of power,B3 brief example #20,B3 user brief,,OTHER SOURCE — USER BRIEF EXAMPLE,,,,,Service section,Symptom assessment,/brands/bmw-service-dubai/engine-diagnostics,/brands/bmw-service-dubai,EXISTING OWNER,Existing service explains diagnostic route; no measured case for a separate thin guide,"Candidate user task, not measured demand"
BMW turbo repair Dubai,bmw turbo repair dubai,B3 brief example #21,B3 user brief,,OTHER SOURCE — USER BRIEF EXAMPLE,,,,,Commercial service,BMW mechanical repair,/brands/bmw-service-dubai/mechanical-repair,/brands/bmw-service-dubai,EXISTING OWNER,Existing specific service; exact scope follows inspection,"Candidate user task, not measured demand"
BMW turbo malfunction,bmw turbo malfunction,B3 brief example #22,B3 user brief,,OTHER SOURCE — USER BRIEF EXAMPLE,,,,,Commercial service,BMW mechanical repair,/brands/bmw-service-dubai/mechanical-repair,/brands/bmw-service-dubai,EXISTING OWNER,Existing specific service; exact scope follows inspection,"Candidate user task, not measured demand"
BMW loss of boost,bmw loss of boost,B3 brief example #23,B3 user brief,,OTHER SOURCE — USER BRIEF EXAMPLE,,,,,Broad commercial,BMW service/repair discovery,/brands/bmw-service-dubai,,EXISTING OWNER,Single broad booking and directory owner,"Candidate user task, not measured demand"
BMW transmission repair Dubai,bmw gearbox repair dubai,B3 brief example #24,B3 user brief,,OTHER SOURCE — USER BRIEF EXAMPLE,,,,,Commercial service,BMW gearbox repair,/brands/bmw-service-dubai/transmission-repair,/brands/bmw-service-dubai,EXISTING OWNER,Existing specific service; exact scope follows inspection,"Candidate user task, not measured demand"
BMW gearbox repair Dubai,bmw gearbox repair dubai,B3 brief example #25,B3 user brief,,OTHER SOURCE — USER BRIEF EXAMPLE,,,,,Commercial service,BMW gearbox repair,/brands/bmw-service-dubai/transmission-repair,/brands/bmw-service-dubai,EXISTING OWNER,Existing specific service; exact scope follows inspection,"Candidate user task, not measured demand"
BMW ZF transmission service,bmw zf gearbox service,B3 brief example #26,B3 user brief,,OTHER SOURCE — USER BRIEF EXAMPLE,,,,,Commercial service,BMW gearbox repair,/brands/bmw-service-dubai/transmission-repair,/brands/bmw-service-dubai,EXISTING OWNER,Existing specific service; exact scope follows inspection,"Candidate user task, not measured demand"
BMW gearbox jerking,bmw gearbox jerking,B3 brief example #27,B3 user brief,,OTHER SOURCE — USER BRIEF EXAMPLE,,,,,Service section,Symptom assessment,/brands/bmw-service-dubai/transmission-repair,/brands/bmw-service-dubai,EXISTING OWNER,Existing service explains diagnostic route; no measured case for a separate thin guide,"Candidate user task, not measured demand"
BMW transmission slipping,bmw gearbox slipping,B3 brief example #28,B3 user brief,,OTHER SOURCE — USER BRIEF EXAMPLE,,,,,Service section,Symptom assessment,/brands/bmw-service-dubai/transmission-repair,/brands/bmw-service-dubai,EXISTING OWNER,Existing service explains diagnostic route; no measured case for a separate thin guide,"Candidate user task, not measured demand"
BMW drivetrain malfunction,bmw drivetrain malfunction,B3 brief example #29,B3 user brief,,OTHER SOURCE — USER BRIEF EXAMPLE,,,,,Diagnostic section,Drivetrain warning/fault assessment,/brands/bmw-service-dubai/engine-diagnostics,/brands/bmw-service-dubai,EXISTING OWNER,Warning is not proof of one failed component,"Candidate user task, not measured demand"
BMW drivetrain warning,bmw drivetrain warning,B3 brief example #30,B3 user brief,,OTHER SOURCE — USER BRIEF EXAMPLE,,,,,Diagnostic section,Drivetrain warning/fault assessment,/brands/bmw-service-dubai/engine-diagnostics,/brands/bmw-service-dubai,EXISTING OWNER,Warning is not proof of one failed component,"Candidate user task, not measured demand"
BMW xDrive malfunction,bmw xdrive malfunction,B3 brief example #31,B3 user brief,,OTHER SOURCE — USER BRIEF EXAMPLE,,,,,Diagnostic section,Drivetrain warning/fault assessment,/brands/bmw-service-dubai/engine-diagnostics,/brands/bmw-service-dubai,EXISTING OWNER,Warning is not proof of one failed component,"Candidate user task, not measured demand"
BMW transfer case repair,bmw transfer case repair,B3 brief example #32,B3 user brief,,OTHER SOURCE — USER BRIEF EXAMPLE,,,,,Diagnostic section,Drivetrain warning/fault assessment,/brands/bmw-service-dubai/engine-diagnostics,/brands/bmw-service-dubai,EXISTING OWNER,Warning is not proof of one failed component,"Candidate user task, not measured demand"
BMW suspension repair Dubai,bmw suspension repair dubai,B3 brief example #33,B3 user brief,,OTHER SOURCE — USER BRIEF EXAMPLE,,,,,Commercial service,BMW suspension repair,/brands/bmw-service-dubai/suspension-repair,/brands/bmw-service-dubai,EXISTING OWNER,Existing specific service; exact scope follows inspection,"Candidate user task, not measured demand"
BMW air suspension repair Dubai,bmw air suspension repair dubai,B3 brief example #34,B3 user brief,,OTHER SOURCE — USER BRIEF EXAMPLE,,,,,Commercial service,BMW suspension repair,/brands/bmw-service-dubai/suspension-repair,/brands/bmw-service-dubai,EXISTING OWNER,Existing specific service; exact scope follows inspection,"Candidate user task, not measured demand"
BMW adaptive suspension repair Dubai,bmw adaptive suspension repair dubai,B3 brief example #35,B3 user brief,,OTHER SOURCE — USER BRIEF EXAMPLE,,,,,Commercial service,BMW suspension repair,/brands/bmw-service-dubai/suspension-repair,/brands/bmw-service-dubai,EXISTING OWNER,Existing specific service; exact scope follows inspection,"Candidate user task, not measured demand"
BMW car leaning,bmw car leaning,B3 brief example #36,B3 user brief,,OTHER SOURCE — USER BRIEF EXAMPLE,,,,,Broad commercial,BMW service/repair discovery,/brands/bmw-service-dubai,,EXISTING OWNER,Single broad booking and directory owner,"Candidate user task, not measured demand"
BMW suspension warning,bmw suspension warning,B3 brief example #37,B3 user brief,,OTHER SOURCE — USER BRIEF EXAMPLE,,,,,Commercial service,BMW suspension repair,/brands/bmw-service-dubai/suspension-repair,/brands/bmw-service-dubai,EXISTING OWNER,Existing specific service; exact scope follows inspection,"Candidate user task, not measured demand"
BMW AC repair Dubai,bmw ac repair dubai,B3 brief example #38,B3 user brief,,OTHER SOURCE — USER BRIEF EXAMPLE,,,,,Commercial service,BMW AC repair,/brands/bmw-service-dubai/ac-repair,/brands/bmw-service-dubai,EXISTING OWNER,Existing specific service; exact scope follows inspection,"Candidate user task, not measured demand"
BMW AC not cooling,bmw ac not cooling,B3 brief example #39,B3 user brief,,OTHER SOURCE — USER BRIEF EXAMPLE,,,,,Service section,Symptom assessment,/brands/bmw-service-dubai/ac-repair,/brands/bmw-service-dubai,EXISTING OWNER,Existing service explains diagnostic route; no measured case for a separate thin guide,"Candidate user task, not measured demand"
BMW electrical repair Dubai,bmw electrical repair dubai,B3 brief example #40,B3 user brief,,OTHER SOURCE — USER BRIEF EXAMPLE,,,,,Commercial service,BMW electrical repair,/brands/bmw-service-dubai/electrical-repair,/brands/bmw-service-dubai,EXISTING OWNER,Existing specific service; exact scope follows inspection,"Candidate user task, not measured demand"
BMW battery replacement Dubai,bmw battery replacement dubai,B3 brief example #41,B3 user brief,,OTHER SOURCE — USER BRIEF EXAMPLE,,,,,Commercial service,BMW battery assessment,/brands/bmw-service-dubai/battery-replacement,/brands/bmw-service-dubai,EXISTING OWNER,Existing specific service; exact scope follows inspection,"Candidate user task, not measured demand"
BMW battery registration Dubai,bmw battery registration dubai,B3 brief example #42,B3 user brief,,OTHER SOURCE — USER BRIEF EXAMPLE,,,,,Commercial service,BMW battery assessment,/brands/bmw-service-dubai/battery-replacement,/brands/bmw-service-dubai,EXISTING OWNER,Existing specific service; exact scope follows inspection,"Candidate user task, not measured demand"
BMW brake repair Dubai,bmw brake repair dubai,B3 brief example #43,B3 user brief,,OTHER SOURCE — USER BRIEF EXAMPLE,,,,,Commercial service,BMW brake repair,/brands/bmw-service-dubai/brake-repair,/brands/bmw-service-dubai,EXISTING OWNER,Existing specific service; exact scope follows inspection,"Candidate user task, not measured demand"
BMW brake pad replacement Dubai,bmw brake pad replacement dubai,B3 brief example #44,B3 user brief,,OTHER SOURCE — USER BRIEF EXAMPLE,,,,,Commercial service,BMW brake repair,/brands/bmw-service-dubai/brake-repair,/brands/bmw-service-dubai,EXISTING OWNER,Existing specific service; exact scope follows inspection,"Candidate user task, not measured demand"
BMW brake grinding,bmw brake grinding,B3 brief example #45,B3 user brief,,OTHER SOURCE — USER BRIEF EXAMPLE,,,,,Commercial service,BMW brake repair,/brands/bmw-service-dubai/brake-repair,/brands/bmw-service-dubai,EXISTING OWNER,Existing specific service; exact scope follows inspection,"Candidate user task, not measured demand"
BMW oil change Dubai,bmw oil change dubai,B3 brief example #46,B3 user brief,,OTHER SOURCE — USER BRIEF EXAMPLE,,,,,Commercial service,BMW oil service,/brands/bmw-service-dubai/oil-change,/brands/bmw-service-dubai,EXISTING OWNER,Existing specific service; exact scope follows inspection,"Candidate user task, not measured demand"
BMW oil service Dubai,bmw oil service dubai,B3 brief example #47,B3 user brief,,OTHER SOURCE — USER BRIEF EXAMPLE,,,,,Commercial service,BMW oil service,/brands/bmw-service-dubai/oil-change,/brands/bmw-service-dubai,EXISTING OWNER,Existing specific service; exact scope follows inspection,"Candidate user task, not measured demand"
BMW cooling system repair,bmw cooling system repair,B3 brief example #48,B3 user brief,,OTHER SOURCE — USER BRIEF EXAMPLE,,,,,Commercial service,BMW mechanical repair,/brands/bmw-service-dubai/mechanical-repair,/brands/bmw-service-dubai,EXISTING OWNER,Existing specific service; exact scope follows inspection,"Candidate user task, not measured demand"
BMW iDrive repair Dubai,bmw idrive repair dubai,B3 brief example #49,B3 user brief,,OTHER SOURCE — USER BRIEF EXAMPLE,,,,,Commercial section,iDrive/electronics assessment,/brands/bmw-service-dubai/electrical-repair,/brands/bmw-service-dubai,EXISTING OWNER,Fault diagnosis and upgrade enquiry remain distinct; no thin module URL,"Candidate user task, not measured demand"
BMW iDrive not working,bmw idrive not working,B3 brief example #50,B3 user brief,,OTHER SOURCE — USER BRIEF EXAMPLE,,,,,Commercial section,iDrive/electronics assessment,/brands/bmw-service-dubai/electrical-repair,/brands/bmw-service-dubai,EXISTING OWNER,Fault diagnosis and upgrade enquiry remain distinct; no thin module URL,"Candidate user task, not measured demand"
BMW screen repair Dubai,bmw screen repair dubai,B3 brief example #51,B3 user brief,,OTHER SOURCE — USER BRIEF EXAMPLE,,,,,Commercial section,iDrive/electronics assessment,/brands/bmw-service-dubai/electrical-repair,/brands/bmw-service-dubai,EXISTING OWNER,Fault diagnosis and upgrade enquiry remain distinct; no thin module URL,"Candidate user task, not measured demand"
BMW screen black,bmw screen black,B3 brief example #52,B3 user brief,,OTHER SOURCE — USER BRIEF EXAMPLE,,,,,Commercial section,iDrive/electronics assessment,/brands/bmw-service-dubai/electrical-repair,/brands/bmw-service-dubai,EXISTING OWNER,Fault diagnosis and upgrade enquiry remain distinct; no thin module URL,"Candidate user task, not measured demand"
BMW head unit repair,bmw head unit repair,B3 brief example #53,B3 user brief,,OTHER SOURCE — USER BRIEF EXAMPLE,,,,,Commercial section,iDrive/electronics assessment,/brands/bmw-service-dubai/electrical-repair,/brands/bmw-service-dubai,EXISTING OWNER,Fault diagnosis and upgrade enquiry remain distinct; no thin module URL,"Candidate user task, not measured demand"
BMW CCC repair,bmw ccc repair,B3 brief example #54,B3 user brief,,OTHER SOURCE — USER BRIEF EXAMPLE,,,,,Commercial section,iDrive/electronics assessment,/brands/bmw-service-dubai/electrical-repair,/brands/bmw-service-dubai,EXISTING OWNER,Fault diagnosis and upgrade enquiry remain distinct; no thin module URL,"Candidate user task, not measured demand"
BMW CIC repair,bmw cic repair,B3 brief example #55,B3 user brief,,OTHER SOURCE — USER BRIEF EXAMPLE,,,,,Commercial section,iDrive/electronics assessment,/brands/bmw-service-dubai/electrical-repair,/brands/bmw-service-dubai,EXISTING OWNER,Fault diagnosis and upgrade enquiry remain distinct; no thin module URL,"Candidate user task, not measured demand"
BMW NBT repair,bmw nbt repair,B3 brief example #56,B3 user brief,,OTHER SOURCE — USER BRIEF EXAMPLE,,,,,Commercial section,iDrive/electronics assessment,/brands/bmw-service-dubai/electrical-repair,/brands/bmw-service-dubai,EXISTING OWNER,Fault diagnosis and upgrade enquiry remain distinct; no thin module URL,"Candidate user task, not measured demand"
BMW VANOS repair,bmw vanos repair,B3 brief example #57,B3 user brief,,OTHER SOURCE — USER BRIEF EXAMPLE,,,,,Commercial section,Engine timing/lift system assessment,/brands/bmw-service-dubai/mechanical-repair,/brands/bmw-service-dubai,EXISTING OWNER,Generation-specific system; no standalone acronym page,"Candidate user task, not measured demand"
BMW VANOS symptoms,bmw vanos symptoms,B3 brief example #58,B3 user brief,,OTHER SOURCE — USER BRIEF EXAMPLE,,,,,Commercial section,Engine timing/lift system assessment,/brands/bmw-service-dubai/mechanical-repair,/brands/bmw-service-dubai,EXISTING OWNER,Generation-specific system; no standalone acronym page,"Candidate user task, not measured demand"
BMW Valvetronic fault,bmw valvetronic fault,B3 brief example #59,B3 user brief,,OTHER SOURCE — USER BRIEF EXAMPLE,,,,,Commercial section,Engine timing/lift system assessment,/brands/bmw-service-dubai/mechanical-repair,/brands/bmw-service-dubai,EXISTING OWNER,Generation-specific system; no standalone acronym page,"Candidate user task, not measured demand"
BMW check engine light,bmw check engine light,B3 brief example #60,B3 user brief,,OTHER SOURCE — USER BRIEF EXAMPLE,,,,,Service section,Symptom assessment,/brands/bmw-service-dubai/engine-diagnostics,/brands/bmw-service-dubai,EXISTING OWNER,Existing service explains diagnostic route; no measured case for a separate thin guide,"Candidate user task, not measured demand"
BMW won't start,bmw won't start,B3 brief example #61,B3 user brief,,OTHER SOURCE — USER BRIEF EXAMPLE,,,,,Service section,Symptom assessment,/brands/bmw-service-dubai/engine-diagnostics,/brands/bmw-service-dubai,EXISTING OWNER,Existing service explains diagnostic route; no measured case for a separate thin guide,"Candidate user task, not measured demand"
BMW battery keeps dying,bmw battery keeps dying,B3 brief example #62,B3 user brief,,OTHER SOURCE — USER BRIEF EXAMPLE,,,,,Service section,Symptom assessment,/brands/bmw-service-dubai/engine-diagnostics,/brands/bmw-service-dubai,EXISTING OWNER,Existing service explains diagnostic route; no measured case for a separate thin guide,"Candidate user task, not measured demand"
BMW white smoke,bmw white smoke,B3 brief example #63,B3 user brief,,OTHER SOURCE — USER BRIEF EXAMPLE,,,,,Service section,Symptom assessment,/brands/bmw-service-dubai/mechanical-repair,/brands/bmw-service-dubai,EXISTING OWNER,Existing service explains diagnostic route; no measured case for a separate thin guide,"Candidate user task, not measured demand"
BMW blue smoke,bmw blue smoke,B3 brief example #64,B3 user brief,,OTHER SOURCE — USER BRIEF EXAMPLE,,,,,Service section,Symptom assessment,/brands/bmw-service-dubai/mechanical-repair,/brands/bmw-service-dubai,EXISTING OWNER,Existing service explains diagnostic route; no measured case for a separate thin guide,"Candidate user task, not measured demand"
BMW shaking,bmw shaking,B3 brief example #65,B3 user brief,,OTHER SOURCE — USER BRIEF EXAMPLE,,,,,Service section,Symptom assessment,/brands/bmw-service-dubai/engine-diagnostics,/brands/bmw-service-dubai,EXISTING OWNER,Existing service explains diagnostic route; no measured case for a separate thin guide,"Candidate user task, not measured demand"
BMW vibration,bmw vibration,B3 brief example #66,B3 user brief,,OTHER SOURCE — USER BRIEF EXAMPLE,,,,,Service section,Symptom assessment,/brands/bmw-service-dubai/engine-diagnostics,/brands/bmw-service-dubai,EXISTING OWNER,Existing service explains diagnostic route; no measured case for a separate thin guide,"Candidate user task, not measured demand"
BMW iDrive rebooting,bmw idrive rebooting,B3 brief example #67,B3 user brief,,OTHER SOURCE — USER BRIEF EXAMPLE,,,,,Commercial section,iDrive/electronics assessment,/brands/bmw-service-dubai/electrical-repair,/brands/bmw-service-dubai,EXISTING OWNER,Fault diagnosis and upgrade enquiry remain distinct; no thin module URL,"Candidate user task, not measured demand"
BMW reverse camera not working,bmw reverse camera not working,B3 brief example #68,B3 user brief,,OTHER SOURCE — USER BRIEF EXAMPLE,,,,,Commercial section,iDrive/electronics assessment,/brands/bmw-service-dubai/electrical-repair,/brands/bmw-service-dubai,EXISTING OWNER,Fault diagnosis and upgrade enquiry remain distinct; no thin module URL,"Candidate user task, not measured demand"
BMW steering vibration,bmw steering vibration,B3 brief example #69,B3 user brief,,OTHER SOURCE — USER BRIEF EXAMPLE,,,,,Service section,Symptom assessment,/brands/bmw-service-dubai/engine-diagnostics,/brands/bmw-service-dubai,EXISTING OWNER,Existing service explains diagnostic route; no measured case for a separate thin guide,"Candidate user task, not measured demand"
BMW service intervals UAE,bmw service intervals uae,B3 brief example #70,B3 user brief,,OTHER SOURCE — USER BRIEF EXAMPLE,,,,,Broad commercial,BMW service/repair discovery,/brands/bmw-service-dubai,,EXISTING OWNER,Single broad booking and directory owner,"Candidate user task, not measured demand"
BMW service cost Dubai,bmw service cost dubai,B3 brief example #71,B3 user brief,,OTHER SOURCE — USER BRIEF EXAMPLE,,,,,Informational,Maintenance cost factors,/blog/bmw-maintenance-guide-dubai,/brands/bmw-service-dubai,EXISTING OWNER,Use existing guide; no invented fixed price,"Candidate user task, not measured demand"
BMW 3 Series service Dubai,bmw 3 series service dubai,B3 brief example #72,B3 user brief,,OTHER SOURCE — USER BRIEF EXAMPLE,,,,,Model commercial,3 SERIES model service,/brands/bmw-service-dubai/3-series,/brands/bmw-service-dubai,EXISTING OWNER,Existing model owner; repair tasks link to services,"Candidate user task, not measured demand"
BMW 5 Series service Dubai,bmw 5 series service dubai,B3 brief example #73,B3 user brief,,OTHER SOURCE — USER BRIEF EXAMPLE,,,,,Model commercial,5 SERIES model service,/brands/bmw-service-dubai/5-series,/brands/bmw-service-dubai,EXISTING OWNER,Existing model owner; repair tasks link to services,"Candidate user task, not measured demand"
BMW X5 service Dubai,bmw x5 service dubai,B3 brief example #74,B3 user brief,,OTHER SOURCE — USER BRIEF EXAMPLE,,,,,Model commercial,X5 model service,/brands/bmw-service-dubai/x5,/brands/bmw-service-dubai,EXISTING OWNER,Existing model owner; repair tasks link to services,"Candidate user task, not measured demand"
BMW X6 service Dubai,bmw x6 service dubai,B3 brief example #75,B3 user brief,,OTHER SOURCE — USER BRIEF EXAMPLE,,,,,Model commercial,X6 model service,/brands/bmw-service-dubai/x6,/brands/bmw-service-dubai,EXISTING OWNER,Existing model owner; repair tasks link to services,"Candidate user task, not measured demand"
BMW M3 service Dubai,bmw m3 service dubai,B3 brief example #76,B3 user brief,,OTHER SOURCE — USER BRIEF EXAMPLE,,,,,Model commercial,M3 model service,/brands/bmw-service-dubai/m3,/brands/bmw-service-dubai,EXISTING OWNER,Existing model owner; repair tasks link to services,"Candidate user task, not measured demand"
BMW M4 service Dubai,bmw m4 service dubai,B3 brief example #77,B3 user brief,,OTHER SOURCE — USER BRIEF EXAMPLE,,,,,Model commercial,M4 model service,/brands/bmw-service-dubai/m4,/brands/bmw-service-dubai,EXISTING OWNER,Existing model owner; repair tasks link to services,"Candidate user task, not measured demand"
BMW M5 service Dubai,bmw m5 service dubai,B3 brief example #78,B3 user brief,,OTHER SOURCE — USER BRIEF EXAMPLE,,,,,Model commercial,M5 model service,/brands/bmw-service-dubai/m5,/brands/bmw-service-dubai,EXISTING OWNER,Existing model owner; repair tasks link to services,"Candidate user task, not measured demand"
BMW i4 service Dubai,bmw i4 service dubai,B3 brief example #79,B3 user brief,,OTHER SOURCE — USER BRIEF EXAMPLE,,,,,Broad commercial,BMW service/repair discovery,/brands/bmw-service-dubai,,EXISTING OWNER,Single broad booking and directory owner,"Candidate user task, not measured demand"
BMW i5 service Dubai,bmw i5 service dubai,B3 brief example #80,B3 user brief,,OTHER SOURCE — USER BRIEF EXAMPLE,,,,,Broad commercial,BMW service/repair discovery,/brands/bmw-service-dubai,,EXISTING OWNER,Single broad booking and directory owner,"Candidate user task, not measured demand"
BMW i7 service Dubai,bmw i7 service dubai,B3 brief example #81,B3 user brief,,OTHER SOURCE — USER BRIEF EXAMPLE,,,,,Broad commercial,BMW service/repair discovery,/brands/bmw-service-dubai,,EXISTING OWNER,Single broad booking and directory owner,"Candidate user task, not measured demand"
BMW iX service Dubai,bmw ix service dubai,B3 brief example #82,B3 user brief,,OTHER SOURCE — USER BRIEF EXAMPLE,,,,,Broad commercial,BMW service/repair discovery,/brands/bmw-service-dubai,,EXISTING OWNER,Single broad booking and directory owner,"Candidate user task, not measured demand"
bmw service dubai,bmw service dubai,Queries!A10,digitecme.com-Performance-on-Search-2026-09-05.xlsx,2026-08-06 to 2026-09-02,MEASURED ORIGINAL GSC,1.0,143.0,0.006999999999999999,20.81,Broad commercial,BMW service/repair discovery,/brands/bmw-service-dubai,,EXISTING OWNER,Single broad booking and directory owner,Original GSC query export
bmw repair dubai,bmw repair dubai,Queries!A41,digitecme.com-Performance-on-Search-2026-09-05.xlsx,2026-08-06 to 2026-09-02,MEASURED ORIGINAL GSC,0.0,132.0,0.0,14.33,Broad commercial,BMW service/repair discovery,/brands/bmw-service-dubai,,EXISTING OWNER,Single broad booking and directory owner,Original GSC query export
bmw repair,bmw repair,Queries!A61,digitecme.com-Performance-on-Search-2026-09-05.xlsx,2026-08-06 to 2026-09-02,MEASURED ORIGINAL GSC,0.0,89.0,0.0,16.82,Broad commercial,BMW service/repair discovery,/brands/bmw-service-dubai,,EXISTING OWNER,Single broad booking and directory owner,Original GSC query export
bmw service center dubai,bmw service center dubai,Queries!A69,digitecme.com-Performance-on-Search-2026-09-05.xlsx,2026-08-06 to 2026-09-02,MEASURED ORIGINAL GSC,0.0,81.0,0.0,24.15,Broad commercial,BMW service/repair discovery,/brands/bmw-service-dubai,,EXISTING OWNER,Single broad booking and directory owner,Original GSC query export
bmw service in dubai,bmw service in dubai,Queries!A84,digitecme.com-Performance-on-Search-2026-09-05.xlsx,2026-08-06 to 2026-09-02,MEASURED ORIGINAL GSC,0.0,66.0,0.0,19.02,Broad commercial,BMW service/repair discovery,/brands/bmw-service-dubai,,EXISTING OWNER,Single broad booking and directory owner,Original GSC query export
bmw service,bmw service,Queries!A91,digitecme.com-Performance-on-Search-2026-09-05.xlsx,2026-08-06 to 2026-09-02,MEASURED ORIGINAL GSC,0.0,60.0,0.0,18.57,Broad commercial,BMW service/repair discovery,/brands/bmw-service-dubai,,EXISTING OWNER,Single broad booking and directory owner,Original GSC query export
bmw transmission repair dubai,bmw gearbox repair dubai,Queries!A102,digitecme.com-Performance-on-Search-2026-09-05.xlsx,2026-08-06 to 2026-09-02,MEASURED ORIGINAL GSC,0.0,56.0,0.0,9.79,Commercial service,BMW gearbox repair,/brands/bmw-service-dubai/transmission-repair,/brands/bmw-service-dubai,EXISTING OWNER,Existing specific service; exact scope follows inspection,Original GSC query export
bmw coding service,bmw coding service,Queries!A103,digitecme.com-Performance-on-Search-2026-09-05.xlsx,2026-08-06 to 2026-09-02,MEASURED ORIGINAL GSC,0.0,55.0,0.0,35.45,Commercial service,BMW diagnostics,/brands/bmw-service-dubai/engine-diagnostics,/brands/bmw-service-dubai,EXISTING OWNER,Existing specific service; exact scope follows inspection,Original GSC query export
bmw engine repair dubai,bmw engine repair dubai,Queries!A109,digitecme.com-Performance-on-Search-2026-09-05.xlsx,2026-08-06 to 2026-09-02,MEASURED ORIGINAL GSC,0.0,52.0,0.0,14.56,Commercial service,BMW mechanical repair,/brands/bmw-service-dubai/mechanical-repair,/brands/bmw-service-dubai,EXISTING OWNER,Existing specific service; exact scope follows inspection,Original GSC query export
bmw car service dubai,bmw car service dubai,Queries!A151,digitecme.com-Performance-on-Search-2026-09-05.xlsx,2026-08-06 to 2026-09-02,MEASURED ORIGINAL GSC,0.0,41.0,0.0,19.17,Broad commercial,BMW service/repair discovery,/brands/bmw-service-dubai,,EXISTING OWNER,Single broad booking and directory owner,Original GSC query export
bmw maintenance dubai,bmw maintenance dubai,Queries!A154,digitecme.com-Performance-on-Search-2026-09-05.xlsx,2026-08-06 to 2026-09-02,MEASURED ORIGINAL GSC,0.0,40.0,0.0,16.32,Informational,Maintenance planning,/blog/bmw-maintenance-guide-dubai,/brands/bmw-service-dubai,EXISTING OWNER,Guide supports hub booking,Original GSC query export
service for bmw,service for bmw,Queries!A213,digitecme.com-Performance-on-Search-2026-09-05.xlsx,2026-08-06 to 2026-09-02,MEASURED ORIGINAL GSC,0.0,31.0,0.0,31.06,Broad commercial,BMW service/repair discovery,/brands/bmw-service-dubai,,EXISTING OWNER,Single broad booking and directory owner,Original GSC query export
bmw transmission service,bmw gearbox service,Queries!A218,digitecme.com-Performance-on-Search-2026-09-05.xlsx,2026-08-06 to 2026-09-02,MEASURED ORIGINAL GSC,0.0,30.0,0.0,17.73,Commercial service,BMW gearbox repair,/brands/bmw-service-dubai/transmission-repair,/brands/bmw-service-dubai,EXISTING OWNER,Existing specific service; exact scope follows inspection,Original GSC query export
bmw servicing,bmw service,Queries!A241,digitecme.com-Performance-on-Search-2026-09-05.xlsx,2026-08-06 to 2026-09-02,MEASURED ORIGINAL GSC,0.0,27.0,0.0,25.33,Broad commercial,BMW service/repair discovery,/brands/bmw-service-dubai,,EXISTING OWNER,Single broad booking and directory owner,Original GSC query export
bmw brake repair dubai,bmw brake repair dubai,Queries!A250,digitecme.com-Performance-on-Search-2026-09-05.xlsx,2026-08-06 to 2026-09-02,MEASURED ORIGINAL GSC,0.0,26.0,0.0,9.96,Commercial service,BMW brake repair,/brands/bmw-service-dubai/brake-repair,/brands/bmw-service-dubai,EXISTING OWNER,Existing specific service; exact scope follows inspection,Original GSC query export
bmw transmission repair in dubai,bmw gearbox repair in dubai,Queries!A266,digitecme.com-Performance-on-Search-2026-09-05.xlsx,2026-08-06 to 2026-09-02,MEASURED ORIGINAL GSC,0.0,24.0,0.0,8.67,Commercial service,BMW gearbox repair,/brands/bmw-service-dubai/transmission-repair,/brands/bmw-service-dubai,EXISTING OWNER,Existing specific service; exact scope follows inspection,Original GSC query export
bmw workshop dubai,bmw workshop dubai,Queries!A293,digitecme.com-Performance-on-Search-2026-09-05.xlsx,2026-08-06 to 2026-09-02,MEASURED ORIGINAL GSC,0.0,21.0,0.0,24.57,Broad commercial,BMW service/repair discovery,/brands/bmw-service-dubai,,EXISTING OWNER,Single broad booking and directory owner,Original GSC query export
bmw repair in dubai,bmw repair in dubai,Queries!A308,digitecme.com-Performance-on-Search-2026-09-05.xlsx,2026-08-06 to 2026-09-02,MEASURED ORIGINAL GSC,0.0,20.0,0.0,17.5,Broad commercial,BMW service/repair discovery,/brands/bmw-service-dubai,,EXISTING OWNER,Single broad booking and directory owner,Original GSC query export
bmw specialist dubai,bmw specialist dubai,Queries!A325,digitecme.com-Performance-on-Search-2026-09-05.xlsx,2026-08-06 to 2026-09-02,MEASURED ORIGINAL GSC,0.0,19.0,0.0,16.63,Broad commercial,BMW service/repair discovery,/brands/bmw-service-dubai,,EXISTING OWNER,Single broad booking and directory owner,Original GSC query export
bmw battery replacement,bmw battery replacement,Queries!A330,digitecme.com-Performance-on-Search-2026-09-05.xlsx,2026-08-06 to 2026-09-02,MEASURED ORIGINAL GSC,0.0,19.0,0.0,30.21,Commercial service,BMW battery assessment,/brands/bmw-service-dubai/battery-replacement,/brands/bmw-service-dubai,EXISTING OWNER,Existing specific service; exact scope follows inspection,Original GSC query export
bmw diagnostics dubai,bmw diagnostics dubai,Queries!A337,digitecme.com-Performance-on-Search-2026-09-05.xlsx,2026-08-06 to 2026-09-02,MEASURED ORIGINAL GSC,0.0,18.0,0.0,9.72,Commercial service,BMW diagnostics,/brands/bmw-service-dubai/engine-diagnostics,/brands/bmw-service-dubai,EXISTING OWNER,Existing specific service; exact scope follows inspection,Original GSC query export
bmw body repair garage,bmw body repair garage,Queries!A358,digitecme.com-Performance-on-Search-2026-09-05.xlsx,2026-08-06 to 2026-09-02,MEASURED ORIGINAL GSC,0.0,17.0,0.0,60.41,Commercial service,BMW body repair,/brands/bmw-service-dubai/body-repair,/brands/bmw-service-dubai,EXISTING OWNER,Existing specific service; exact scope follows inspection,Original GSC query export
bmw engine repair in dubai,bmw engine repair in dubai,Queries!A363,digitecme.com-Performance-on-Search-2026-09-05.xlsx,2026-08-06 to 2026-09-02,MEASURED ORIGINAL GSC,0.0,16.0,0.0,2.69,Commercial service,BMW mechanical repair,/brands/bmw-service-dubai/mechanical-repair,/brands/bmw-service-dubai,EXISTING OWNER,Existing specific service; exact scope follows inspection,Original GSC query export
bmw body repair dubai,bmw body repair dubai,Queries!A404,digitecme.com-Performance-on-Search-2026-09-05.xlsx,2026-08-06 to 2026-09-02,MEASURED ORIGINAL GSC,0.0,14.0,0.0,12.21,Commercial service,BMW body repair,/brands/bmw-service-dubai/body-repair,/brands/bmw-service-dubai,EXISTING OWNER,Existing specific service; exact scope follows inspection,Original GSC query export
bmw service centre dubai,bmw service center dubai,Queries!A408,digitecme.com-Performance-on-Search-2026-09-05.xlsx,2026-08-06 to 2026-09-02,MEASURED ORIGINAL GSC,0.0,14.0,0.0,15.5,Broad commercial,BMW service/repair discovery,/brands/bmw-service-dubai,,EXISTING OWNER,Single broad booking and directory owner,Original GSC query export
bmw brake repair,bmw brake repair,Queries!A422,digitecme.com-Performance-on-Search-2026-09-05.xlsx,2026-08-06 to 2026-09-02,MEASURED ORIGINAL GSC,0.0,13.0,0.0,10.77,Commercial service,BMW brake repair,/brands/bmw-service-dubai/brake-repair,/brands/bmw-service-dubai,EXISTING OWNER,Existing specific service; exact scope follows inspection,Original GSC query export
bmw battery replacement dubai,bmw battery replacement dubai,Queries!A426,digitecme.com-Performance-on-Search-2026-09-05.xlsx,2026-08-06 to 2026-09-02,MEASURED ORIGINAL GSC,0.0,13.0,0.0,20.92,Commercial service,BMW battery assessment,/brands/bmw-service-dubai/battery-replacement,/brands/bmw-service-dubai,EXISTING OWNER,Existing specific service; exact scope follows inspection,Original GSC query export
bmw body shop dubai,bmw body shop dubai,Queries!A433,digitecme.com-Performance-on-Search-2026-09-05.xlsx,2026-08-06 to 2026-09-02,MEASURED ORIGINAL GSC,0.0,13.0,0.0,34.23,Commercial service,BMW body repair,/brands/bmw-service-dubai/body-repair,/brands/bmw-service-dubai,EXISTING OWNER,Existing specific service; exact scope follows inspection,Original GSC query export
bmw major service dubai,bmw major service dubai,Queries!A454,digitecme.com-Performance-on-Search-2026-09-05.xlsx,2026-08-06 to 2026-09-02,MEASURED ORIGINAL GSC,0.0,12.0,0.0,18.67,Commercial service,BMW oil service,/brands/bmw-service-dubai/oil-change,/brands/bmw-service-dubai,EXISTING OWNER,Existing specific service; exact scope follows inspection,Original GSC query export
bmw engine diagnostics,bmw engine diagnostics,Queries!A456,digitecme.com-Performance-on-Search-2026-09-05.xlsx,2026-08-06 to 2026-09-02,MEASURED ORIGINAL GSC,0.0,12.0,0.0,20.17,Commercial service,BMW diagnostics,/brands/bmw-service-dubai/engine-diagnostics,/brands/bmw-service-dubai,EXISTING OWNER,Existing specific service; exact scope follows inspection,Original GSC query export
bmw engine repair,bmw engine repair,Queries!A461,digitecme.com-Performance-on-Search-2026-09-05.xlsx,2026-08-06 to 2026-09-02,MEASURED ORIGINAL GSC,0.0,12.0,0.0,26.42,Commercial service,BMW mechanical repair,/brands/bmw-service-dubai/mechanical-repair,/brands/bmw-service-dubai,EXISTING OWNER,Existing specific service; exact scope follows inspection,Original GSC query export
bmw engine repairs,bmw engine repair,Queries!A489,digitecme.com-Performance-on-Search-2026-09-05.xlsx,2026-08-06 to 2026-09-02,MEASURED ORIGINAL GSC,0.0,11.0,0.0,25.55,Commercial service,BMW mechanical repair,/brands/bmw-service-dubai/mechanical-repair,/brands/bmw-service-dubai,EXISTING OWNER,Existing specific service; exact scope follows inspection,Original GSC query export
bmw suspension repair,bmw suspension repair,Queries!A494,digitecme.com-Performance-on-Search-2026-09-05.xlsx,2026-08-06 to 2026-09-02,MEASURED ORIGINAL GSC,0.0,11.0,0.0,37.36,Commercial service,BMW suspension repair,/brands/bmw-service-dubai/suspension-repair,/brands/bmw-service-dubai,EXISTING OWNER,Existing specific service; exact scope follows inspection,Original GSC query export
best bmw workshop in uae,best bmw workshop in uae,Queries!A507,digitecme.com-Performance-on-Search-2026-09-05.xlsx,2026-08-06 to 2026-09-02,MEASURED ORIGINAL GSC,0.0,10.0,0.0,8.2,Comparison,Workshop selection,/best-bmw-workshop-dubai,/brands/bmw-service-dubai,EXISTING OWNER,Comparison task; broad booking remains at hub,Original GSC query export
bmw car repair,bmw car repair,Queries!A509,digitecme.com-Performance-on-Search-2026-09-05.xlsx,2026-08-06 to 2026-09-02,MEASURED ORIGINAL GSC,0.0,10.0,0.0,10.0,Broad commercial,BMW service/repair discovery,/brands/bmw-service-dubai,,EXISTING OWNER,Single broad booking and directory owner,Original GSC query export
bmw car battery replacement,bmw car battery replacement,Queries!A532,digitecme.com-Performance-on-Search-2026-09-05.xlsx,2026-08-06 to 2026-09-02,MEASURED ORIGINAL GSC,0.0,10.0,0.0,40.9,Commercial service,BMW battery assessment,/brands/bmw-service-dubai/battery-replacement,/brands/bmw-service-dubai,EXISTING OWNER,Existing specific service; exact scope follows inspection,Original GSC query export
bmw repair specialist in dubai,bmw repair specialist in dubai,Queries!A564,digitecme.com-Performance-on-Search-2026-09-05.xlsx,2026-08-06 to 2026-09-02,MEASURED ORIGINAL GSC,0.0,9.0,0.0,21.0,Broad commercial,BMW service/repair discovery,/brands/bmw-service-dubai,,EXISTING OWNER,Single broad booking and directory owner,Original GSC query export
bmw car service,bmw car service,Queries!A584,digitecme.com-Performance-on-Search-2026-09-05.xlsx,2026-08-06 to 2026-09-02,MEASURED ORIGINAL GSC,0.0,9.0,0.0,43.33,Broad commercial,BMW service/repair discovery,/brands/bmw-service-dubai,,EXISTING OWNER,Single broad booking and directory owner,Original GSC query export
bmw electrical repair,bmw electrical repair,Queries!A603,digitecme.com-Performance-on-Search-2026-09-05.xlsx,2026-08-06 to 2026-09-02,MEASURED ORIGINAL GSC,0.0,8.0,0.0,10.5,Commercial service,BMW electrical repair,/brands/bmw-service-dubai/electrical-repair,/brands/bmw-service-dubai,EXISTING OWNER,Existing specific service; exact scope follows inspection,Original GSC query export
bmw car battery dubai,bmw car battery dubai,Queries!A633,digitecme.com-Performance-on-Search-2026-09-05.xlsx,2026-08-06 to 2026-09-02,MEASURED ORIGINAL GSC,0.0,8.0,0.0,36.88,Commercial service,BMW battery assessment,/brands/bmw-service-dubai/battery-replacement,/brands/bmw-service-dubai,EXISTING OWNER,Existing specific service; exact scope follows inspection,Original GSC query export
bmw 3 series transmission repair dubai,bmw 3 series gearbox repair dubai,Queries!A650,digitecme.com-Performance-on-Search-2026-09-05.xlsx,2026-08-06 to 2026-09-02,MEASURED ORIGINAL GSC,0.0,7.0,0.0,8.57,Commercial service,BMW gearbox repair,/brands/bmw-service-dubai/transmission-repair,/brands/bmw-service-dubai,EXISTING OWNER,Existing specific service; exact scope follows inspection,Original GSC query export
bmw 3 series service dubai,bmw 3 series service dubai,Queries!A658,digitecme.com-Performance-on-Search-2026-09-05.xlsx,2026-08-06 to 2026-09-02,MEASURED ORIGINAL GSC,0.0,7.0,0.0,10.86,Model commercial,3 SERIES model service,/brands/bmw-service-dubai/3-series,/brands/bmw-service-dubai,EXISTING OWNER,Existing model owner; repair tasks link to services,Original GSC query export
bmw 2 series engine repair dubai,bmw 2 series engine repair dubai,Queries!A670,digitecme.com-Performance-on-Search-2026-09-05.xlsx,2026-08-06 to 2026-09-02,MEASURED ORIGINAL GSC,0.0,7.0,0.0,16.29,Commercial service,BMW mechanical repair,/brands/bmw-service-dubai/mechanical-repair,/brands/bmw-service-dubai,EXISTING OWNER,Existing specific service; exact scope follows inspection,Original GSC query export
bmw m4 service dubai,bmw m4 service dubai,Queries!A681,digitecme.com-Performance-on-Search-2026-09-05.xlsx,2026-08-06 to 2026-09-02,MEASURED ORIGINAL GSC,0.0,7.0,0.0,19.14,Model commercial,M4 model service,/brands/bmw-service-dubai/m4,/brands/bmw-service-dubai,EXISTING OWNER,Existing model owner; repair tasks link to services,Original GSC query export
bmw m4 oil change dubai,bmw m4 oil change dubai,Queries!A685,digitecme.com-Performance-on-Search-2026-09-05.xlsx,2026-08-06 to 2026-09-02,MEASURED ORIGINAL GSC,0.0,7.0,0.0,20.0,Commercial service,BMW oil service,/brands/bmw-service-dubai/oil-change,/brands/bmw-service-dubai,EXISTING OWNER,Existing specific service; exact scope follows inspection,Original GSC query export
bmw brake service dubai,bmw brake service dubai,Queries!A690,digitecme.com-Performance-on-Search-2026-09-05.xlsx,2026-08-06 to 2026-09-02,MEASURED ORIGINAL GSC,0.0,7.0,0.0,26.0,Commercial service,BMW brake repair,/brands/bmw-service-dubai/brake-repair,/brands/bmw-service-dubai,EXISTING OWNER,Existing specific service; exact scope follows inspection,Original GSC query export
bmw transmission repair,bmw gearbox repair,Queries!A692,digitecme.com-Performance-on-Search-2026-09-05.xlsx,2026-08-06 to 2026-09-02,MEASURED ORIGINAL GSC,0.0,7.0,0.0,28.43,Commercial service,BMW gearbox repair,/brands/bmw-service-dubai/transmission-repair,/brands/bmw-service-dubai,EXISTING OWNER,Existing specific service; exact scope follows inspection,Original GSC query export
bmw suspension repair dubai,bmw suspension repair dubai,Queries!A694,digitecme.com-Performance-on-Search-2026-09-05.xlsx,2026-08-06 to 2026-09-02,MEASURED ORIGINAL GSC,0.0,7.0,0.0,29.71,Commercial service,BMW suspension repair,/brands/bmw-service-dubai/suspension-repair,/brands/bmw-service-dubai,EXISTING OWNER,Existing specific service; exact scope follows inspection,Original GSC query export
bmw m5 service dubai,bmw m5 service dubai,Queries!A736,digitecme.com-Performance-on-Search-2026-09-05.xlsx,2026-08-06 to 2026-09-02,MEASURED ORIGINAL GSC,0.0,6.0,0.0,11.83,Model commercial,M5 model service,/brands/bmw-service-dubai/m5,/brands/bmw-service-dubai,EXISTING OWNER,Existing model owner; repair tasks link to services,Original GSC query export
bmw ac repair dubai,bmw ac repair dubai,Queries!A740,digitecme.com-Performance-on-Search-2026-09-05.xlsx,2026-08-06 to 2026-09-02,MEASURED ORIGINAL GSC,0.0,6.0,0.0,14.17,Commercial service,BMW AC repair,/brands/bmw-service-dubai/ac-repair,/brands/bmw-service-dubai,EXISTING OWNER,Existing specific service; exact scope follows inspection,Original GSC query export
bmw m6 service dubai,bmw m6 service dubai,Queries!A754,digitecme.com-Performance-on-Search-2026-09-05.xlsx,2026-08-06 to 2026-09-02,MEASURED ORIGINAL GSC,0.0,6.0,0.0,20.5,Broad commercial,BMW service/repair discovery,/brands/bmw-service-dubai,,EXISTING OWNER,Single broad booking and directory owner,Original GSC query export
bmw z4 m service dubai,bmw z4 m service dubai,Queries!A758,digitecme.com-Performance-on-Search-2026-09-05.xlsx,2026-08-06 to 2026-09-02,MEASURED ORIGINAL GSC,0.0,6.0,0.0,22.17,Informational,M-model considerations,/blog/bmw-m-service-dubai-guide,/brands/bmw-service-dubai,EXISTING OWNER,M guide supports existing M3/M4/M5 owners,Original GSC query export
bmw ecu repair,bmw ecu repair,Queries!A781,digitecme.com-Performance-on-Search-2026-09-05.xlsx,2026-08-06 to 2026-09-02,MEASURED ORIGINAL GSC,0.0,6.0,0.0,33.33,Commercial service,BMW electrical repair,/brands/bmw-service-dubai/electrical-repair,/brands/bmw-service-dubai,EXISTING OWNER,Existing specific service; exact scope follows inspection,Original GSC query export
bmw body shop,bmw body shop,Queries!A787,digitecme.com-Performance-on-Search-2026-09-05.xlsx,2026-08-06 to 2026-09-02,MEASURED ORIGINAL GSC,0.0,6.0,0.0,39.83,Commercial service,BMW body repair,/brands/bmw-service-dubai/body-repair,/brands/bmw-service-dubai,EXISTING OWNER,Existing specific service; exact scope follows inspection,Original GSC query export
bmw ac repair in dubai,bmw ac repair in dubai,Queries!A838,digitecme.com-Performance-on-Search-2026-09-05.xlsx,2026-08-06 to 2026-09-02,MEASURED ORIGINAL GSC,0.0,5.0,0.0,9.2,Commercial service,BMW AC repair,/brands/bmw-service-dubai/ac-repair,/brands/bmw-service-dubai,EXISTING OWNER,Existing specific service; exact scope follows inspection,Original GSC query export
bmw 318i service dubai,bmw 318i service dubai,Queries!A866,digitecme.com-Performance-on-Search-2026-09-05.xlsx,2026-08-06 to 2026-09-02,MEASURED ORIGINAL GSC,0.0,5.0,0.0,18.0,Broad commercial,BMW service/repair discovery,/brands/bmw-service-dubai,,EXISTING OWNER,Single broad booking and directory owner,Original GSC query export
bmw 5 series gt service dubai,bmw 5 series gt service dubai,Queries!A869,digitecme.com-Performance-on-Search-2026-09-05.xlsx,2026-08-06 to 2026-09-02,MEASURED ORIGINAL GSC,0.0,5.0,0.0,18.8,Model commercial,5 SERIES model service,/brands/bmw-service-dubai/5-series,/brands/bmw-service-dubai,EXISTING OWNER,Existing model owner; repair tasks link to services,Original GSC query export
bmw 2002 service dubai,bmw 2002 service dubai,Queries!A871,digitecme.com-Performance-on-Search-2026-09-05.xlsx,2026-08-06 to 2026-09-02,MEASURED ORIGINAL GSC,0.0,5.0,0.0,20.0,Broad commercial,BMW service/repair discovery,/brands/bmw-service-dubai,,EXISTING OWNER,Single broad booking and directory owner,Original GSC query export
bmw service repair in dubai,bmw service repair in dubai,Queries!A872,digitecme.com-Performance-on-Search-2026-09-05.xlsx,2026-08-06 to 2026-09-02,MEASURED ORIGINAL GSC,0.0,5.0,0.0,20.0,Broad commercial,BMW service/repair discovery,/brands/bmw-service-dubai,,EXISTING OWNER,Single broad booking and directory owner,Original GSC query export
bmw service repair,bmw service repair,Queries!A876,digitecme.com-Performance-on-Search-2026-09-05.xlsx,2026-08-06 to 2026-09-02,MEASURED ORIGINAL GSC,0.0,5.0,0.0,21.2,Broad commercial,BMW service/repair discovery,/brands/bmw-service-dubai,,EXISTING OWNER,Single broad booking and directory owner,Original GSC query export
bmw i3 service dubai,bmw i3 service dubai,Queries!A883,digitecme.com-Performance-on-Search-2026-09-05.xlsx,2026-08-06 to 2026-09-02,MEASURED ORIGINAL GSC,0.0,5.0,0.0,22.6,Broad commercial,BMW service/repair discovery,/brands/bmw-service-dubai,,EXISTING OWNER,Single broad booking and directory owner,Original GSC query export
bmw 8 series alpina b8 engine repair dubai,bmw 8 series alpina b8 engine repair dubai,Queries!A885,digitecme.com-Performance-on-Search-2026-09-05.xlsx,2026-08-06 to 2026-09-02,MEASURED ORIGINAL GSC,0.0,5.0,0.0,22.8,Commercial service,BMW mechanical repair,/brands/bmw-service-dubai/mechanical-repair,/brands/bmw-service-dubai,EXISTING OWNER,Existing specific service; exact scope follows inspection,Original GSC query export
bmw service center,bmw service center,Queries!A888,digitecme.com-Performance-on-Search-2026-09-05.xlsx,2026-08-06 to 2026-09-02,MEASURED ORIGINAL GSC,0.0,5.0,0.0,23.4,Broad commercial,BMW service/repair discovery,/brands/bmw-service-dubai,,EXISTING OWNER,Single broad booking and directory owner,Original GSC query export
bmw i8 service dubai,bmw i8 service dubai,Queries!A891,digitecme.com-Performance-on-Search-2026-09-05.xlsx,2026-08-06 to 2026-09-02,MEASURED ORIGINAL GSC,0.0,5.0,0.0,24.6,Broad commercial,BMW service/repair discovery,/brands/bmw-service-dubai,,EXISTING OWNER,Single broad booking and directory owner,Original GSC query export
bmw suspension repair in dubai,bmw suspension repair in dubai,Queries!A960,digitecme.com-Performance-on-Search-2026-09-05.xlsx,2026-08-06 to 2026-09-02,MEASURED ORIGINAL GSC,0.0,4.0,0.0,7.5,Commercial service,BMW suspension repair,/brands/bmw-service-dubai/suspension-repair,/brands/bmw-service-dubai,EXISTING OWNER,Existing specific service; exact scope follows inspection,Original GSC query export
bmw diagnostic dubai,bmw diagnostic dubai,Queries!A981,digitecme.com-Performance-on-Search-2026-09-05.xlsx,2026-08-06 to 2026-09-02,MEASURED ORIGINAL GSC,0.0,4.0,0.0,9.75,Commercial service,BMW diagnostics,/brands/bmw-service-dubai/engine-diagnostics,/brands/bmw-service-dubai,EXISTING OWNER,Existing specific service; exact scope follows inspection,Original GSC query export
bmw air suspension repair,bmw air suspension repair,Queries!A990,digitecme.com-Performance-on-Search-2026-09-05.xlsx,2026-08-06 to 2026-09-02,MEASURED ORIGINAL GSC,0.0,4.0,0.0,11.25,Commercial service,BMW suspension repair,/brands/bmw-service-dubai/suspension-repair,/brands/bmw-service-dubai,EXISTING OWNER,Existing specific service; exact scope follows inspection,Original GSC query export
bmw workshop,bmw workshop,Queries!A1001,digitecme.com-Performance-on-Search-2026-09-05.xlsx,2026-08-06 to 2026-09-02,MEASURED ORIGINAL GSC,0.0,4.0,0.0,12.25,Broad commercial,BMW service/repair discovery,/brands/bmw-service-dubai,,EXISTING OWNER,Single broad booking and directory owner,Original GSC query export
bmw repair dubai,bmw repair dubai,Queries!A12,digitecme.com-Performance-on-Search-2026-09-08.xlsx,2026-06-07 to 2026-09-06,MEASURED ORIGINAL GSC,2.0,151.0,0.0132,14.54,Broad commercial,BMW service/repair discovery,/brands/bmw-service-dubai,,EXISTING OWNER,Single broad booking and directory owner,Original GSC query export
bmw service dubai,bmw service dubai,Queries!A20,digitecme.com-Performance-on-Search-2026-09-08.xlsx,2026-06-07 to 2026-09-06,MEASURED ORIGINAL GSC,1.0,215.0,0.004699999999999999,25.93,Broad commercial,BMW service/repair discovery,/brands/bmw-service-dubai,,EXISTING OWNER,Single broad booking and directory owner,Original GSC query export
bmw service center in dubai,bmw service center in dubai,Queries!A43,digitecme.com-Performance-on-Search-2026-09-08.xlsx,2026-06-07 to 2026-09-06,MEASURED ORIGINAL GSC,1.0,8.0,0.125,29.88,Broad commercial,BMW service/repair discovery,/brands/bmw-service-dubai,,EXISTING OWNER,Single broad booking and directory owner,Original GSC query export
bmw service center dubai,bmw service center dubai,Queries!A123,digitecme.com-Performance-on-Search-2026-09-08.xlsx,2026-06-07 to 2026-09-06,MEASURED ORIGINAL GSC,0.0,129.0,0.0,30.59,Broad commercial,BMW service/repair discovery,/brands/bmw-service-dubai,,EXISTING OWNER,Single broad booking and directory owner,Original GSC query export
bmw service,bmw service,Queries!A165,digitecme.com-Performance-on-Search-2026-09-08.xlsx,2026-06-07 to 2026-09-06,MEASURED ORIGINAL GSC,0.0,97.0,0.0,22.44,Broad commercial,BMW service/repair discovery,/brands/bmw-service-dubai,,EXISTING OWNER,Single broad booking and directory owner,Original GSC query export
bmw repair,bmw repair,Queries!A167,digitecme.com-Performance-on-Search-2026-09-08.xlsx,2026-06-07 to 2026-09-06,MEASURED ORIGINAL GSC,0.0,96.0,0.0,17.09,Broad commercial,BMW service/repair discovery,/brands/bmw-service-dubai,,EXISTING OWNER,Single broad booking and directory owner,Original GSC query export
bmw service in dubai,bmw service in dubai,Queries!A184,digitecme.com-Performance-on-Search-2026-09-08.xlsx,2026-06-07 to 2026-09-06,MEASURED ORIGINAL GSC,0.0,88.0,0.0,20.43,Broad commercial,BMW service/repair discovery,/brands/bmw-service-dubai,,EXISTING OWNER,Single broad booking and directory owner,Original GSC query export
bmw transmission repair dubai,bmw gearbox repair dubai,Queries!A188,digitecme.com-Performance-on-Search-2026-09-08.xlsx,2026-06-07 to 2026-09-06,MEASURED ORIGINAL GSC,0.0,86.0,0.0,11.67,Commercial service,BMW gearbox repair,/brands/bmw-service-dubai/transmission-repair,/brands/bmw-service-dubai,EXISTING OWNER,Existing specific service; exact scope follows inspection,Original GSC query export
bmw workshop dubai,bmw workshop dubai,Queries!A210,digitecme.com-Performance-on-Search-2026-09-08.xlsx,2026-06-07 to 2026-09-06,MEASURED ORIGINAL GSC,0.0,75.0,0.0,21.52,Broad commercial,BMW service/repair discovery,/brands/bmw-service-dubai,,EXISTING OWNER,Single broad booking and directory owner,Original GSC query export
bmw coding service,bmw coding service,Queries!A218,digitecme.com-Performance-on-Search-2026-09-08.xlsx,2026-06-07 to 2026-09-06,MEASURED ORIGINAL GSC,0.0,72.0,0.0,36.72,Commercial service,BMW diagnostics,/brands/bmw-service-dubai/engine-diagnostics,/brands/bmw-service-dubai,EXISTING OWNER,Existing specific service; exact scope follows inspection,Original GSC query export
bmw engine repair dubai,bmw engine repair dubai,Queries!A223,digitecme.com-Performance-on-Search-2026-09-08.xlsx,2026-06-07 to 2026-09-06,MEASURED ORIGINAL GSC,0.0,68.0,0.0,16.84,Commercial service,BMW mechanical repair,/brands/bmw-service-dubai/mechanical-repair,/brands/bmw-service-dubai,EXISTING OWNER,Existing specific service; exact scope follows inspection,Original GSC query export
bmw car service dubai,bmw car service dubai,Queries!A252,digitecme.com-Performance-on-Search-2026-09-08.xlsx,2026-06-07 to 2026-09-06,MEASURED ORIGINAL GSC,0.0,58.0,0.0,25.03,Broad commercial,BMW service/repair discovery,/brands/bmw-service-dubai,,EXISTING OWNER,Single broad booking and directory owner,Original GSC query export
bmw workshop dubai al quoz,bmw workshop dubai al quoz,Queries!A272,digitecme.com-Performance-on-Search-2026-09-08.xlsx,2026-06-07 to 2026-09-06,MEASURED ORIGINAL GSC,0.0,54.0,0.0,14.52,Broad commercial,BMW service/repair discovery,/brands/bmw-service-dubai,,EXISTING OWNER,Single broad booking and directory owner,Original GSC query export
bmw transmission service,bmw gearbox service,Queries!A300,digitecme.com-Performance-on-Search-2026-09-08.xlsx,2026-06-07 to 2026-09-06,MEASURED ORIGINAL GSC,0.0,50.0,0.0,19.9,Commercial service,BMW gearbox repair,/brands/bmw-service-dubai/transmission-repair,/brands/bmw-service-dubai,EXISTING OWNER,Existing specific service; exact scope follows inspection,Original GSC query export
best bmw workshop abu dhabi,best bmw workshop abu dhabi,Queries!A318,digitecme.com-Performance-on-Search-2026-09-08.xlsx,2026-06-07 to 2026-09-06,MEASURED ORIGINAL GSC,0.0,46.0,0.0,42.72,Out-of-market,Outside Dubai service area,,,NOT TARGETED — INTENTIONALLY,Do not target another city with a Dubai workshop page,Original GSC query export
bmw programing abu dhabi,bmw programing abu dhabi,Queries!A321,digitecme.com-Performance-on-Search-2026-09-08.xlsx,2026-06-07 to 2026-09-06,MEASURED ORIGINAL GSC,0.0,46.0,0.0,54.46,Out-of-market,Outside Dubai service area,,,NOT TARGETED — INTENTIONALLY,Do not target another city with a Dubai workshop page,Original GSC query export
bmw brake repair dubai,bmw brake repair dubai,Queries!A356,digitecme.com-Performance-on-Search-2026-09-08.xlsx,2026-06-07 to 2026-09-06,MEASURED ORIGINAL GSC,0.0,40.0,0.0,12.4,Commercial service,BMW brake repair,/brands/bmw-service-dubai/brake-repair,/brands/bmw-service-dubai,EXISTING OWNER,Existing specific service; exact scope follows inspection,Original GSC query export
bmw maintenance dubai,bmw maintenance dubai,Queries!A357,digitecme.com-Performance-on-Search-2026-09-08.xlsx,2026-06-07 to 2026-09-06,MEASURED ORIGINAL GSC,0.0,40.0,0.0,16.32,Informational,Maintenance planning,/blog/bmw-maintenance-guide-dubai,/brands/bmw-service-dubai,EXISTING OWNER,Guide supports hub booking,Original GSC query export
bmw servicing,bmw service,Queries!A367,digitecme.com-Performance-on-Search-2026-09-08.xlsx,2026-06-07 to 2026-09-06,MEASURED ORIGINAL GSC,0.0,39.0,0.0,27.85,Broad commercial,BMW service/repair discovery,/brands/bmw-service-dubai,,EXISTING OWNER,Single broad booking and directory owner,Original GSC query export
best bmw shop abu dhabi,best bmw shop abu dhabi,Queries!A380,digitecme.com-Performance-on-Search-2026-09-08.xlsx,2026-06-07 to 2026-09-06,MEASURED ORIGINAL GSC,0.0,38.0,0.0,44.37,Out-of-market,Outside Dubai service area,,,NOT TARGETED — INTENTIONALLY,Do not target another city with a Dubai workshop page,Original GSC query export
bmw workshop,bmw workshop,Queries!A392,digitecme.com-Performance-on-Search-2026-09-08.xlsx,2026-06-07 to 2026-09-06,MEASURED ORIGINAL GSC,0.0,36.0,0.0,10.03,Broad commercial,BMW service/repair discovery,/brands/bmw-service-dubai,,EXISTING OWNER,Single broad booking and directory owner,Original GSC query export
bmw specialist dubai,bmw specialist dubai,Queries!A396,digitecme.com-Performance-on-Search-2026-09-08.xlsx,2026-06-07 to 2026-09-06,MEASURED ORIGINAL GSC,0.0,36.0,0.0,20.31,Broad commercial,BMW service/repair discovery,/brands/bmw-service-dubai,,EXISTING OWNER,Single broad booking and directory owner,Original GSC query export
bmw diagnostics dubai,bmw diagnostics dubai,Queries!A399,digitecme.com-Performance-on-Search-2026-09-08.xlsx,2026-06-07 to 2026-09-06,MEASURED ORIGINAL GSC,0.0,35.0,0.0,14.09,Commercial service,BMW diagnostics,/brands/bmw-service-dubai/engine-diagnostics,/brands/bmw-service-dubai,EXISTING OWNER,Existing specific service; exact scope follows inspection,Original GSC query export
service for bmw,service for bmw,Queries!A430,digitecme.com-Performance-on-Search-2026-09-08.xlsx,2026-06-07 to 2026-09-06,MEASURED ORIGINAL GSC,0.0,32.0,0.0,30.97,Broad commercial,BMW service/repair discovery,/brands/bmw-service-dubai,,EXISTING OWNER,Single broad booking and directory owner,Original GSC query export
bmw transmission repair in dubai,bmw gearbox repair in dubai,Queries!A434,digitecme.com-Performance-on-Search-2026-09-08.xlsx,2026-06-07 to 2026-09-06,MEASURED ORIGINAL GSC,0.0,31.0,0.0,8.42,Commercial service,BMW gearbox repair,/brands/bmw-service-dubai/transmission-repair,/brands/bmw-service-dubai,EXISTING OWNER,Existing specific service; exact scope follows inspection,Original GSC query export
bmw transmission repair,bmw gearbox repair,Queries!A472,digitecme.com-Performance-on-Search-2026-09-08.xlsx,2026-06-07 to 2026-09-06,MEASURED ORIGINAL GSC,0.0,29.0,0.0,22.03,Commercial service,BMW gearbox repair,/brands/bmw-service-dubai/transmission-repair,/brands/bmw-service-dubai,EXISTING OWNER,Existing specific service; exact scope follows inspection,Original GSC query export
bmw battery replacement,bmw battery replacement,Queries!A476,digitecme.com-Performance-on-Search-2026-09-08.xlsx,2026-06-07 to 2026-09-06,MEASURED ORIGINAL GSC,0.0,29.0,0.0,30.03,Commercial service,BMW battery assessment,/brands/bmw-service-dubai/battery-replacement,/brands/bmw-service-dubai,EXISTING OWNER,Existing specific service; exact scope follows inspection,Original GSC query export
bmw body shop dubai,bmw body shop dubai,Queries!A511,digitecme.com-Performance-on-Search-2026-09-08.xlsx,2026-06-07 to 2026-09-06,MEASURED ORIGINAL GSC,0.0,27.0,0.0,48.0,Commercial service,BMW body repair,/brands/bmw-service-dubai/body-repair,/brands/bmw-service-dubai,EXISTING OWNER,Existing specific service; exact scope follows inspection,Original GSC query export
bmw repair in dubai,bmw repair in dubai,Queries!A519,digitecme.com-Performance-on-Search-2026-09-08.xlsx,2026-06-07 to 2026-09-06,MEASURED ORIGINAL GSC,0.0,26.0,0.0,17.27,Broad commercial,BMW service/repair discovery,/brands/bmw-service-dubai,,EXISTING OWNER,Single broad booking and directory owner,Original GSC query export
bmw body repair garage,bmw body repair garage,Queries!A529,digitecme.com-Performance-on-Search-2026-09-08.xlsx,2026-06-07 to 2026-09-06,MEASURED ORIGINAL GSC,0.0,26.0,0.0,61.58,Commercial service,BMW body repair,/brands/bmw-service-dubai/body-repair,/brands/bmw-service-dubai,EXISTING OWNER,Existing specific service; exact scope follows inspection,Original GSC query export
bmw suspension repair dubai,bmw suspension repair dubai,Queries!A543,digitecme.com-Performance-on-Search-2026-09-08.xlsx,2026-06-07 to 2026-09-06,MEASURED ORIGINAL GSC,0.0,25.0,0.0,41.0,Commercial service,BMW suspension repair,/brands/bmw-service-dubai/suspension-repair,/brands/bmw-service-dubai,EXISTING OWNER,Existing specific service; exact scope follows inspection,Original GSC query export
bmw service centre dubai,bmw service center dubai,Queries!A552,digitecme.com-Performance-on-Search-2026-09-08.xlsx,2026-06-07 to 2026-09-06,MEASURED ORIGINAL GSC,0.0,24.0,0.0,24.67,Broad commercial,BMW service/repair discovery,/brands/bmw-service-dubai,,EXISTING OWNER,Single broad booking and directory owner,Original GSC query export
bmw workshop al quoz,bmw workshop al quoz,Queries!A565,digitecme.com-Performance-on-Search-2026-09-08.xlsx,2026-06-07 to 2026-09-06,MEASURED ORIGINAL GSC,0.0,23.0,0.0,12.22,Broad commercial,BMW service/repair discovery,/brands/bmw-service-dubai,,EXISTING OWNER,Single broad booking and directory owner,Original GSC query export
bmw suspension repair,bmw suspension repair,Queries!A600,digitecme.com-Performance-on-Search-2026-09-08.xlsx,2026-06-07 to 2026-09-06,MEASURED ORIGINAL GSC,0.0,22.0,0.0,27.05,Commercial service,BMW suspension repair,/brands/bmw-service-dubai/suspension-repair,/brands/bmw-service-dubai,EXISTING OWNER,Existing specific service; exact scope follows inspection,Original GSC query export
best bmw mechanic abu dhabi,best bmw mechanic abu dhabi,Queries!A644,digitecme.com-Performance-on-Search-2026-09-08.xlsx,2026-06-07 to 2026-09-06,MEASURED ORIGINAL GSC,0.0,20.0,0.0,40.8,Out-of-market,Outside Dubai service area,,,NOT TARGETED — INTENTIONALLY,Do not target another city with a Dubai workshop page,Original GSC query export
bmw major service dubai,bmw major service dubai,Queries!A666,digitecme.com-Performance-on-Search-2026-09-08.xlsx,2026-06-07 to 2026-09-06,MEASURED ORIGINAL GSC,0.0,19.0,0.0,26.47,Commercial service,BMW oil service,/brands/bmw-service-dubai/oil-change,/brands/bmw-service-dubai,EXISTING OWNER,Existing specific service; exact scope follows inspection,Original GSC query export
bmw body repair dubai,bmw body repair dubai,Queries!A689,digitecme.com-Performance-on-Search-2026-09-08.xlsx,2026-06-07 to 2026-09-06,MEASURED ORIGINAL GSC,0.0,18.0,0.0,16.5,Commercial service,BMW body repair,/brands/bmw-service-dubai/body-repair,/brands/bmw-service-dubai,EXISTING OWNER,Existing specific service; exact scope follows inspection,Original GSC query export
bmw battery replacement dubai,bmw battery replacement dubai,Queries!A691,digitecme.com-Performance-on-Search-2026-09-08.xlsx,2026-06-07 to 2026-09-06,MEASURED ORIGINAL GSC,0.0,18.0,0.0,20.89,Commercial service,BMW battery assessment,/brands/bmw-service-dubai/battery-replacement,/brands/bmw-service-dubai,EXISTING OWNER,Existing specific service; exact scope follows inspection,Original GSC query export
bmw engine repair in dubai,bmw engine repair in dubai,Queries!A709,digitecme.com-Performance-on-Search-2026-09-08.xlsx,2026-06-07 to 2026-09-06,MEASURED ORIGINAL GSC,0.0,17.0,0.0,3.24,Commercial service,BMW mechanical repair,/brands/bmw-service-dubai/mechanical-repair,/brands/bmw-service-dubai,EXISTING OWNER,Existing specific service; exact scope follows inspection,Original GSC query export
bmw brake repair,bmw brake repair,Queries!A789,digitecme.com-Performance-on-Search-2026-09-08.xlsx,2026-06-07 to 2026-09-06,MEASURED ORIGINAL GSC,0.0,15.0,0.0,11.2,Commercial service,BMW brake repair,/brands/bmw-service-dubai/brake-repair,/brands/bmw-service-dubai,EXISTING OWNER,Existing specific service; exact scope follows inspection,Original GSC query export
bmw engine diagnostics,bmw engine diagnostics,Queries!A793,digitecme.com-Performance-on-Search-2026-09-08.xlsx,2026-06-07 to 2026-09-06,MEASURED ORIGINAL GSC,0.0,15.0,0.0,17.2,Commercial service,BMW diagnostics,/brands/bmw-service-dubai/engine-diagnostics,/brands/bmw-service-dubai,EXISTING OWNER,Existing specific service; exact scope follows inspection,Original GSC query export
bmw tuning dubai,bmw tuning dubai,Queries!A795,digitecme.com-Performance-on-Search-2026-09-08.xlsx,2026-06-07 to 2026-09-06,MEASURED ORIGINAL GSC,0.0,15.0,0.0,18.87,Cross-brand commercial,Performance project,/tuning,/brands/bmw-service-dubai,EXISTING OWNER,Existing tuning owner; fitment requires confirmation,Original GSC query export
best bmw garage in dubai,best bmw garage in dubai,Queries!A797,digitecme.com-Performance-on-Search-2026-09-08.xlsx,2026-06-07 to 2026-09-06,MEASURED ORIGINAL GSC,0.0,15.0,0.0,20.8,Comparison,Workshop selection,/best-bmw-workshop-dubai,/brands/bmw-service-dubai,EXISTING OWNER,Comparison task; broad booking remains at hub,Original GSC query export
bmw engine repair,bmw engine repair,Queries!A800,digitecme.com-Performance-on-Search-2026-09-08.xlsx,2026-06-07 to 2026-09-06,MEASURED ORIGINAL GSC,0.0,15.0,0.0,24.6,Commercial service,BMW mechanical repair,/brands/bmw-service-dubai/mechanical-repair,/brands/bmw-service-dubai,EXISTING OWNER,Existing specific service; exact scope follows inspection,Original GSC query export
bmw electrical repair,bmw electrical repair,Queries!A832,digitecme.com-Performance-on-Search-2026-09-08.xlsx,2026-06-07 to 2026-09-06,MEASURED ORIGINAL GSC,0.0,14.0,0.0,9.43,Commercial service,BMW electrical repair,/brands/bmw-service-dubai/electrical-repair,/brands/bmw-service-dubai,EXISTING OWNER,Existing specific service; exact scope follows inspection,Original GSC query export
bmw brake service dubai,bmw brake service dubai,Queries!A847,digitecme.com-Performance-on-Search-2026-09-08.xlsx,2026-06-07 to 2026-09-06,MEASURED ORIGINAL GSC,0.0,14.0,0.0,27.64,Commercial service,BMW brake repair,/brands/bmw-service-dubai/brake-repair,/brands/bmw-service-dubai,EXISTING OWNER,Existing specific service; exact scope follows inspection,Original GSC query export
bmw car battery replacement,bmw car battery replacement,Queries!A860,digitecme.com-Performance-on-Search-2026-09-08.xlsx,2026-06-07 to 2026-09-06,MEASURED ORIGINAL GSC,0.0,14.0,0.0,40.86,Commercial service,BMW battery assessment,/brands/bmw-service-dubai/battery-replacement,/brands/bmw-service-dubai,EXISTING OWNER,Existing specific service; exact scope follows inspection,Original GSC query export
bmw car battery dubai,bmw car battery dubai,Queries!A910,digitecme.com-Performance-on-Search-2026-09-08.xlsx,2026-06-07 to 2026-09-06,MEASURED ORIGINAL GSC,0.0,13.0,0.0,36.23,Commercial service,BMW battery assessment,/brands/bmw-service-dubai/battery-replacement,/brands/bmw-service-dubai,EXISTING OWNER,Existing specific service; exact scope follows inspection,Original GSC query export
bmw repair specialist in dubai,bmw repair specialist in dubai,Queries!A967,digitecme.com-Performance-on-Search-2026-09-08.xlsx,2026-06-07 to 2026-09-06,MEASURED ORIGINAL GSC,0.0,12.0,0.0,31.08,Broad commercial,BMW service/repair discovery,/brands/bmw-service-dubai,,EXISTING OWNER,Single broad booking and directory owner,Original GSC query export
bmw body shop,bmw body shop,Queries!A979,digitecme.com-Performance-on-Search-2026-09-08.xlsx,2026-06-07 to 2026-09-06,MEASURED ORIGINAL GSC,0.0,12.0,0.0,54.42,Commercial service,BMW body repair,/brands/bmw-service-dubai/body-repair,/brands/bmw-service-dubai,EXISTING OWNER,Existing specific service; exact scope follows inspection,Original GSC query export
bmw service dubai,bmw service dubai,Queries!A15,digitecme.com-Performance-on-Search-2026-09-13.xlsx,2026-09-05 to 2026-09-11,MEASURED ORIGINAL GSC,0.0,55.0,0.0,20.44,Broad commercial,BMW service/repair discovery,/brands/bmw-service-dubai,,EXISTING OWNER,Single broad booking and directory owner,Original GSC query export
bmw service,bmw service,Queries!A36,digitecme.com-Performance-on-Search-2026-09-13.xlsx,2026-09-05 to 2026-09-11,MEASURED ORIGINAL GSC,0.0,36.0,0.0,25.61,Broad commercial,BMW service/repair discovery,/brands/bmw-service-dubai,,EXISTING OWNER,Single broad booking and directory owner,Original GSC query export
bmw service center dubai,bmw service center dubai,Queries!A56,digitecme.com-Performance-on-Search-2026-09-13.xlsx,2026-09-05 to 2026-09-11,MEASURED ORIGINAL GSC,0.0,25.0,0.0,24.28,Broad commercial,BMW service/repair discovery,/brands/bmw-service-dubai,,EXISTING OWNER,Single broad booking and directory owner,Original GSC query export
bmw service in dubai,bmw service in dubai,Queries!A76,digitecme.com-Performance-on-Search-2026-09-13.xlsx,2026-09-05 to 2026-09-11,MEASURED ORIGINAL GSC,0.0,20.0,0.0,18.25,Broad commercial,BMW service/repair discovery,/brands/bmw-service-dubai,,EXISTING OWNER,Single broad booking and directory owner,Original GSC query export
bmw battery replacement,bmw battery replacement,Queries!A81,digitecme.com-Performance-on-Search-2026-09-13.xlsx,2026-09-05 to 2026-09-11,MEASURED ORIGINAL GSC,0.0,19.0,0.0,28.53,Commercial service,BMW battery assessment,/brands/bmw-service-dubai/battery-replacement,/brands/bmw-service-dubai,EXISTING OWNER,Existing specific service; exact scope follows inspection,Original GSC query export
bmw repair,bmw repair,Queries!A83,digitecme.com-Performance-on-Search-2026-09-13.xlsx,2026-09-05 to 2026-09-11,MEASURED ORIGINAL GSC,0.0,18.0,0.0,9.78,Broad commercial,BMW service/repair discovery,/brands/bmw-service-dubai,,EXISTING OWNER,Single broad booking and directory owner,Original GSC query export
bmw car service dubai,bmw car service dubai,Queries!A114,digitecme.com-Performance-on-Search-2026-09-13.xlsx,2026-09-05 to 2026-09-11,MEASURED ORIGINAL GSC,0.0,14.0,0.0,19.21,Broad commercial,BMW service/repair discovery,/brands/bmw-service-dubai,,EXISTING OWNER,Single broad booking and directory owner,Original GSC query export
bmw battery replacement dubai,bmw battery replacement dubai,Queries!A123,digitecme.com-Performance-on-Search-2026-09-13.xlsx,2026-09-05 to 2026-09-11,MEASURED ORIGINAL GSC,0.0,13.0,0.0,19.38,Commercial service,BMW battery assessment,/brands/bmw-service-dubai/battery-replacement,/brands/bmw-service-dubai,EXISTING OWNER,Existing specific service; exact scope follows inspection,Original GSC query export
bmw coding service,bmw coding service,Queries!A129,digitecme.com-Performance-on-Search-2026-09-13.xlsx,2026-09-05 to 2026-09-11,MEASURED ORIGINAL GSC,0.0,13.0,0.0,38.85,Commercial service,BMW diagnostics,/brands/bmw-service-dubai/engine-diagnostics,/brands/bmw-service-dubai,EXISTING OWNER,Existing specific service; exact scope follows inspection,Original GSC query export
bmw body repair garage,bmw body repair garage,Queries!A142,digitecme.com-Performance-on-Search-2026-09-13.xlsx,2026-09-05 to 2026-09-11,MEASURED ORIGINAL GSC,0.0,12.0,0.0,58.58,Commercial service,BMW body repair,/brands/bmw-service-dubai/body-repair,/brands/bmw-service-dubai,EXISTING OWNER,Existing specific service; exact scope follows inspection,Original GSC query export
bmw engine repair dubai,bmw engine repair dubai,Queries!A147,digitecme.com-Performance-on-Search-2026-09-13.xlsx,2026-09-05 to 2026-09-11,MEASURED ORIGINAL GSC,0.0,11.0,0.0,14.82,Commercial service,BMW mechanical repair,/brands/bmw-service-dubai/mechanical-repair,/brands/bmw-service-dubai,EXISTING OWNER,Existing specific service; exact scope follows inspection,Original GSC query export
bmw transmission repair,bmw gearbox repair,Queries!A150,digitecme.com-Performance-on-Search-2026-09-13.xlsx,2026-09-05 to 2026-09-11,MEASURED ORIGINAL GSC,0.0,11.0,0.0,17.73,Commercial service,BMW gearbox repair,/brands/bmw-service-dubai/transmission-repair,/brands/bmw-service-dubai,EXISTING OWNER,Existing specific service; exact scope follows inspection,Original GSC query export
bmw maintenance dubai,bmw maintenance dubai,Queries!A186,digitecme.com-Performance-on-Search-2026-09-13.xlsx,2026-09-05 to 2026-09-11,MEASURED ORIGINAL GSC,0.0,9.0,0.0,12.67,Informational,Maintenance planning,/blog/bmw-maintenance-guide-dubai,/brands/bmw-service-dubai,EXISTING OWNER,Guide supports hub booking,Original GSC query export
bmw repair dubai,bmw repair dubai,Queries!A188,digitecme.com-Performance-on-Search-2026-09-13.xlsx,2026-09-05 to 2026-09-11,MEASURED ORIGINAL GSC,0.0,9.0,0.0,14.0,Broad commercial,BMW service/repair discovery,/brands/bmw-service-dubai,,EXISTING OWNER,Single broad booking and directory owner,Original GSC query export
bmw servicing,bmw service,Queries!A198,digitecme.com-Performance-on-Search-2026-09-13.xlsx,2026-09-05 to 2026-09-11,MEASURED ORIGINAL GSC,0.0,9.0,0.0,28.11,Broad commercial,BMW service/repair discovery,/brands/bmw-service-dubai,,EXISTING OWNER,Single broad booking and directory owner,Original GSC query export
bmw ac repair dubai,bmw ac repair dubai,Queries!A223,digitecme.com-Performance-on-Search-2026-09-13.xlsx,2026-09-05 to 2026-09-11,MEASURED ORIGINAL GSC,0.0,8.0,0.0,13.25,Commercial service,BMW AC repair,/brands/bmw-service-dubai/ac-repair,/brands/bmw-service-dubai,EXISTING OWNER,Existing specific service; exact scope follows inspection,Original GSC query export
bmw car battery dubai,bmw car battery dubai,Queries!A246,digitecme.com-Performance-on-Search-2026-09-13.xlsx,2026-09-05 to 2026-09-11,MEASURED ORIGINAL GSC,0.0,8.0,0.0,33.38,Commercial service,BMW battery assessment,/brands/bmw-service-dubai/battery-replacement,/brands/bmw-service-dubai,EXISTING OWNER,Existing specific service; exact scope follows inspection,Original GSC query export
bmw car battery replacement,bmw car battery replacement,Queries!A247,digitecme.com-Performance-on-Search-2026-09-13.xlsx,2026-09-05 to 2026-09-11,MEASURED ORIGINAL GSC,0.0,8.0,0.0,35.75,Commercial service,BMW battery assessment,/brands/bmw-service-dubai/battery-replacement,/brands/bmw-service-dubai,EXISTING OWNER,Existing specific service; exact scope follows inspection,Original GSC query export
bmw suspension repair,bmw suspension repair,Queries!A266,digitecme.com-Performance-on-Search-2026-09-13.xlsx,2026-09-05 to 2026-09-11,MEASURED ORIGINAL GSC,0.0,7.0,0.0,11.71,Commercial service,BMW suspension repair,/brands/bmw-service-dubai/suspension-repair,/brands/bmw-service-dubai,EXISTING OWNER,Existing specific service; exact scope follows inspection,Original GSC query export
bmw service centre dubai,bmw service center dubai,Queries!A274,digitecme.com-Performance-on-Search-2026-09-13.xlsx,2026-09-05 to 2026-09-11,MEASURED ORIGINAL GSC,0.0,7.0,0.0,18.0,Broad commercial,BMW service/repair discovery,/brands/bmw-service-dubai,,EXISTING OWNER,Single broad booking and directory owner,Original GSC query export
bmw transmission service,bmw gearbox service,Queries!A279,digitecme.com-Performance-on-Search-2026-09-13.xlsx,2026-09-05 to 2026-09-11,MEASURED ORIGINAL GSC,0.0,7.0,0.0,23.57,Commercial service,BMW gearbox repair,/brands/bmw-service-dubai/transmission-repair,/brands/bmw-service-dubai,EXISTING OWNER,Existing specific service; exact scope follows inspection,Original GSC query export
bmw diagnostics dubai,bmw diagnostics dubai,Queries!A281,digitecme.com-Performance-on-Search-2026-09-13.xlsx,2026-09-05 to 2026-09-11,MEASURED ORIGINAL GSC,0.0,7.0,0.0,29.0,Commercial service,BMW diagnostics,/brands/bmw-service-dubai/engine-diagnostics,/brands/bmw-service-dubai,EXISTING OWNER,Existing specific service; exact scope follows inspection,Original GSC query export
bmw transmission repair dubai,bmw gearbox repair dubai,Queries!A314,digitecme.com-Performance-on-Search-2026-09-13.xlsx,2026-09-05 to 2026-09-11,MEASURED ORIGINAL GSC,0.0,6.0,0.0,10.83,Commercial service,BMW gearbox repair,/brands/bmw-service-dubai/transmission-repair,/brands/bmw-service-dubai,EXISTING OWNER,Existing specific service; exact scope follows inspection,Original GSC query export
bmw specialist dubai,bmw specialist dubai,Queries!A326,digitecme.com-Performance-on-Search-2026-09-13.xlsx,2026-09-05 to 2026-09-11,MEASURED ORIGINAL GSC,0.0,6.0,0.0,15.0,Broad commercial,BMW service/repair discovery,/brands/bmw-service-dubai,,EXISTING OWNER,Single broad booking and directory owner,Original GSC query export
bmw ac repair,bmw ac repair,Queries!A327,digitecme.com-Performance-on-Search-2026-09-13.xlsx,2026-09-05 to 2026-09-11,MEASURED ORIGINAL GSC,0.0,6.0,0.0,15.33,Commercial service,BMW AC repair,/brands/bmw-service-dubai/ac-repair,/brands/bmw-service-dubai,EXISTING OWNER,Existing specific service; exact scope follows inspection,Original GSC query export
bmw brake repair dubai,bmw brake repair dubai,Queries!A385,digitecme.com-Performance-on-Search-2026-09-13.xlsx,2026-09-05 to 2026-09-11,MEASURED ORIGINAL GSC,0.0,5.0,0.0,21.6,Commercial service,BMW brake repair,/brands/bmw-service-dubai/brake-repair,/brands/bmw-service-dubai,EXISTING OWNER,Existing specific service; exact scope follows inspection,Original GSC query export
bmw body shop,bmw body shop,Queries!A396,digitecme.com-Performance-on-Search-2026-09-13.xlsx,2026-09-05 to 2026-09-11,MEASURED ORIGINAL GSC,0.0,5.0,0.0,30.8,Commercial service,BMW body repair,/brands/bmw-service-dubai/body-repair,/brands/bmw-service-dubai,EXISTING OWNER,Existing specific service; exact scope follows inspection,Original GSC query export
bmw transmission repair in dubai,bmw gearbox repair in dubai,Queries!A418,digitecme.com-Performance-on-Search-2026-09-13.xlsx,2026-09-05 to 2026-09-11,MEASURED ORIGINAL GSC,0.0,4.0,0.0,3.5,Commercial service,BMW gearbox repair,/brands/bmw-service-dubai/transmission-repair,/brands/bmw-service-dubai,EXISTING OWNER,Existing specific service; exact scope follows inspection,Original GSC query export
bmw dubai service,bmw dubai service,Queries!A461,digitecme.com-Performance-on-Search-2026-09-13.xlsx,2026-09-05 to 2026-09-11,MEASURED ORIGINAL GSC,0.0,4.0,0.0,19.0,Broad commercial,BMW service/repair discovery,/brands/bmw-service-dubai,,EXISTING OWNER,Single broad booking and directory owner,Original GSC query export
bmw brakes repair,bmw brakes repair,Queries!A463,digitecme.com-Performance-on-Search-2026-09-13.xlsx,2026-09-05 to 2026-09-11,MEASURED ORIGINAL GSC,0.0,4.0,0.0,19.5,Broad commercial,BMW service/repair discovery,/brands/bmw-service-dubai,,EXISTING OWNER,Single broad booking and directory owner,Original GSC query export
bmw programming near me,bmw programming near me,Queries!A533,digitecme.com-Performance-on-Search-2026-09-13.xlsx,2026-09-05 to 2026-09-11,MEASURED ORIGINAL GSC,0.0,3.0,0.0,11.0,Commercial service,BMW diagnostics,/brands/bmw-service-dubai/engine-diagnostics,/brands/bmw-service-dubai,EXISTING OWNER,Existing specific service; exact scope follows inspection,Original GSC query export
bmw brake service dubai,bmw brake service dubai,Queries!A551,digitecme.com-Performance-on-Search-2026-09-13.xlsx,2026-09-05 to 2026-09-11,MEASURED ORIGINAL GSC,0.0,3.0,0.0,17.0,Commercial service,BMW brake repair,/brands/bmw-service-dubai/brake-repair,/brands/bmw-service-dubai,EXISTING OWNER,Existing specific service; exact scope follows inspection,Original GSC query export
bmw engine repair,bmw engine repair,Queries!A553,digitecme.com-Performance-on-Search-2026-09-13.xlsx,2026-09-05 to 2026-09-11,MEASURED ORIGINAL GSC,0.0,3.0,0.0,17.33,Commercial service,BMW mechanical repair,/brands/bmw-service-dubai/mechanical-repair,/brands/bmw-service-dubai,EXISTING OWNER,Existing specific service; exact scope follows inspection,Original GSC query export
bmw brake repair,bmw brake repair,Queries!A560,digitecme.com-Performance-on-Search-2026-09-13.xlsx,2026-09-05 to 2026-09-11,MEASURED ORIGINAL GSC,0.0,3.0,0.0,18.67,Commercial service,BMW brake repair,/brands/bmw-service-dubai/brake-repair,/brands/bmw-service-dubai,EXISTING OWNER,Existing specific service; exact scope follows inspection,Original GSC query export
bmw suspension repair dubai,bmw suspension repair dubai,Queries!A562,digitecme.com-Performance-on-Search-2026-09-13.xlsx,2026-09-05 to 2026-09-11,MEASURED ORIGINAL GSC,0.0,3.0,0.0,19.33,Commercial service,BMW suspension repair,/brands/bmw-service-dubai/suspension-repair,/brands/bmw-service-dubai,EXISTING OWNER,Existing specific service; exact scope follows inspection,Original GSC query export
bmw body shop dubai,bmw body shop dubai,Queries!A588,digitecme.com-Performance-on-Search-2026-09-13.xlsx,2026-09-05 to 2026-09-11,MEASURED ORIGINAL GSC,0.0,3.0,0.0,33.0,Commercial service,BMW body repair,/brands/bmw-service-dubai/body-repair,/brands/bmw-service-dubai,EXISTING OWNER,Existing specific service; exact scope follows inspection,Original GSC query export
bmw oil change dubai,bmw oil change dubai,Queries!A591,digitecme.com-Performance-on-Search-2026-09-13.xlsx,2026-09-05 to 2026-09-11,MEASURED ORIGINAL GSC,0.0,3.0,0.0,37.33,Commercial service,BMW oil service,/brands/bmw-service-dubai/oil-change,/brands/bmw-service-dubai,EXISTING OWNER,Existing specific service; exact scope follows inspection,Original GSC query export
bmw i8 service dubai,bmw i8 service dubai,Queries!A593,digitecme.com-Performance-on-Search-2026-09-13.xlsx,2026-09-05 to 2026-09-11,MEASURED ORIGINAL GSC,0.0,3.0,0.0,40.0,Broad commercial,BMW service/repair discovery,/brands/bmw-service-dubai,,EXISTING OWNER,Single broad booking and directory owner,Original GSC query export
bmw oil change service,bmw oil change service,Queries!A613,digitecme.com-Performance-on-Search-2026-09-13.xlsx,2026-09-05 to 2026-09-11,MEASURED ORIGINAL GSC,0.0,3.0,0.0,54.67,Commercial service,BMW oil service,/brands/bmw-service-dubai/oil-change,/brands/bmw-service-dubai,EXISTING OWNER,Existing specific service; exact scope follows inspection,Original GSC query export
bmw electrical repair,bmw electrical repair,Queries!A658,digitecme.com-Performance-on-Search-2026-09-13.xlsx,2026-09-05 to 2026-09-11,MEASURED ORIGINAL GSC,0.0,2.0,0.0,8.0,Commercial service,BMW electrical repair,/brands/bmw-service-dubai/electrical-repair,/brands/bmw-service-dubai,EXISTING OWNER,Existing specific service; exact scope follows inspection,Original GSC query export
bmw engine repair in dubai,bmw engine repair in dubai,Queries!A665,digitecme.com-Performance-on-Search-2026-09-13.xlsx,2026-09-05 to 2026-09-11,MEASURED ORIGINAL GSC,0.0,2.0,0.0,9.0,Commercial service,BMW mechanical repair,/brands/bmw-service-dubai/mechanical-repair,/brands/bmw-service-dubai,EXISTING OWNER,Existing specific service; exact scope follows inspection,Original GSC query export
bmw x5 service dubai,bmw x5 service dubai,Queries!A681,digitecme.com-Performance-on-Search-2026-09-13.xlsx,2026-09-05 to 2026-09-11,MEASURED ORIGINAL GSC,0.0,2.0,0.0,10.5,Model commercial,X5 model service,/brands/bmw-service-dubai/x5,/brands/bmw-service-dubai,EXISTING OWNER,Existing model owner; repair tasks link to services,Original GSC query export
bmw air conditioning repair,bmw air conditioning repair,Queries!A695,digitecme.com-Performance-on-Search-2026-09-13.xlsx,2026-09-05 to 2026-09-11,MEASURED ORIGINAL GSC,0.0,2.0,0.0,12.0,Commercial service,BMW AC repair,/brands/bmw-service-dubai/ac-repair,/brands/bmw-service-dubai,EXISTING OWNER,Existing specific service; exact scope follows inspection,Original GSC query export
body shop bmw,body shop bmw,Queries!A714,digitecme.com-Performance-on-Search-2026-09-13.xlsx,2026-09-05 to 2026-09-11,MEASURED ORIGINAL GSC,0.0,2.0,0.0,15.5,Commercial service,BMW body repair,/brands/bmw-service-dubai/body-repair,/brands/bmw-service-dubai,EXISTING OWNER,Existing specific service; exact scope follows inspection,Original GSC query export
bmw body repair dubai,bmw body repair dubai,Queries!A737,digitecme.com-Performance-on-Search-2026-09-13.xlsx,2026-09-05 to 2026-09-11,MEASURED ORIGINAL GSC,0.0,2.0,0.0,19.5,Commercial service,BMW body repair,/brands/bmw-service-dubai/body-repair,/brands/bmw-service-dubai,EXISTING OWNER,Existing specific service; exact scope follows inspection,Original GSC query export
bmw repair service,bmw repair service,Queries!A752,digitecme.com-Performance-on-Search-2026-09-13.xlsx,2026-09-05 to 2026-09-11,MEASURED ORIGINAL GSC,0.0,2.0,0.0,24.0,Broad commercial,BMW service/repair discovery,/brands/bmw-service-dubai,,EXISTING OWNER,Single broad booking and directory owner,Original GSC query export
bmw service center in dubai,bmw service center in dubai,Queries!A772,digitecme.com-Performance-on-Search-2026-09-13.xlsx,2026-09-05 to 2026-09-11,MEASURED ORIGINAL GSC,0.0,2.0,0.0,27.5,Broad commercial,BMW service/repair discovery,/brands/bmw-service-dubai,,EXISTING OWNER,Single broad booking and directory owner,Original GSC query export
bmw service and repair,bmw service and repair,Queries!A787,digitecme.com-Performance-on-Search-2026-09-13.xlsx,2026-09-05 to 2026-09-11,MEASURED ORIGINAL GSC,0.0,2.0,0.0,31.0,Broad commercial,BMW service/repair discovery,/brands/bmw-service-dubai,,EXISTING OWNER,Single broad booking and directory owner,Original GSC query export
bmw online service booking,bmw online service booking,Queries!A820,digitecme.com-Performance-on-Search-2026-09-13.xlsx,2026-09-05 to 2026-09-11,MEASURED ORIGINAL GSC,0.0,2.0,0.0,41.5,Broad commercial,BMW service/repair discovery,/brands/bmw-service-dubai,,EXISTING OWNER,Single broad booking and directory owner,Original GSC query export
bmw car battery uae,bmw car battery uae,Queries!A825,digitecme.com-Performance-on-Search-2026-09-13.xlsx,2026-09-05 to 2026-09-11,MEASURED ORIGINAL GSC,0.0,2.0,0.0,45.0,Commercial service,BMW battery assessment,/brands/bmw-service-dubai/battery-replacement,/brands/bmw-service-dubai,EXISTING OWNER,Existing specific service; exact scope follows inspection,Original GSC query export
bmw service center al quoz,bmw service center al quoz,Queries!A904,digitecme.com-Performance-on-Search-2026-09-13.xlsx,2026-09-05 to 2026-09-11,MEASURED ORIGINAL GSC,0.0,1.0,0.0,4.0,Broad commercial,BMW service/repair discovery,/brands/bmw-service-dubai,,EXISTING OWNER,Single broad booking and directory owner,Original GSC query export
bmw service dubai,bmw service dubai,Queries!A13,digitecme.com-Performance-on-Search-2026-09-16.xlsx,2026-09-07 to 2026-09-13,MEASURED ORIGINAL GSC,0.0,60.0,0.0,16.88,Broad commercial,BMW service/repair discovery,/brands/bmw-service-dubai,,EXISTING OWNER,Single broad booking and directory owner,Original GSC query export
bmw service,bmw service,Queries!A36,digitecme.com-Performance-on-Search-2026-09-16.xlsx,2026-09-07 to 2026-09-13,MEASURED ORIGINAL GSC,0.0,31.0,0.0,27.71,Broad commercial,BMW service/repair discovery,/brands/bmw-service-dubai,,EXISTING OWNER,Single broad booking and directory owner,Original GSC query export
bmw service center dubai,bmw service center dubai,Queries!A50,digitecme.com-Performance-on-Search-2026-09-16.xlsx,2026-09-07 to 2026-09-13,MEASURED ORIGINAL GSC,0.0,26.0,0.0,26.58,Broad commercial,BMW service/repair discovery,/brands/bmw-service-dubai,,EXISTING OWNER,Single broad booking and directory owner,Original GSC query export
bmw battery replacement,bmw battery replacement,Queries!A68,digitecme.com-Performance-on-Search-2026-09-16.xlsx,2026-09-07 to 2026-09-13,MEASURED ORIGINAL GSC,0.0,20.0,0.0,27.1,Commercial service,BMW battery assessment,/brands/bmw-service-dubai/battery-replacement,/brands/bmw-service-dubai,EXISTING OWNER,Existing specific service; exact scope follows inspection,Original GSC query export
bmw repair,bmw repair,Queries!A78,digitecme.com-Performance-on-Search-2026-09-16.xlsx,2026-09-07 to 2026-09-13,MEASURED ORIGINAL GSC,0.0,17.0,0.0,9.88,Broad commercial,BMW service/repair discovery,/brands/bmw-service-dubai,,EXISTING OWNER,Single broad booking and directory owner,Original GSC query export
bmw service in dubai,bmw service in dubai,Queries!A91,digitecme.com-Performance-on-Search-2026-09-16.xlsx,2026-09-07 to 2026-09-13,MEASURED ORIGINAL GSC,0.0,15.0,0.0,16.73,Broad commercial,BMW service/repair discovery,/brands/bmw-service-dubai,,EXISTING OWNER,Single broad booking and directory owner,Original GSC query export
bmw maintenance dubai,bmw maintenance dubai,Queries!A118,digitecme.com-Performance-on-Search-2026-09-16.xlsx,2026-09-07 to 2026-09-13,MEASURED ORIGINAL GSC,0.0,13.0,0.0,12.0,Informational,Maintenance planning,/blog/bmw-maintenance-guide-dubai,/brands/bmw-service-dubai,EXISTING OWNER,Guide supports hub booking,Original GSC query export
bmw battery replacement dubai,bmw battery replacement dubai,Queries!A119,digitecme.com-Performance-on-Search-2026-09-16.xlsx,2026-09-07 to 2026-09-13,MEASURED ORIGINAL GSC,0.0,13.0,0.0,18.92,Commercial service,BMW battery assessment,/brands/bmw-service-dubai/battery-replacement,/brands/bmw-service-dubai,EXISTING OWNER,Existing specific service; exact scope follows inspection,Original GSC query export
bmw body repair garage,bmw body repair garage,Queries!A138,digitecme.com-Performance-on-Search-2026-09-16.xlsx,2026-09-07 to 2026-09-13,MEASURED ORIGINAL GSC,0.0,12.0,0.0,58.0,Commercial service,BMW body repair,/brands/bmw-service-dubai/body-repair,/brands/bmw-service-dubai,EXISTING OWNER,Existing specific service; exact scope follows inspection,Original GSC query export
bmw car service dubai,bmw car service dubai,Queries!A161,digitecme.com-Performance-on-Search-2026-09-16.xlsx,2026-09-07 to 2026-09-13,MEASURED ORIGINAL GSC,0.0,10.0,0.0,16.8,Broad commercial,BMW service/repair discovery,/brands/bmw-service-dubai,,EXISTING OWNER,Single broad booking and directory owner,Original GSC query export
bmw coding service,bmw coding service,Queries!A206,digitecme.com-Performance-on-Search-2026-09-16.xlsx,2026-09-07 to 2026-09-13,MEASURED ORIGINAL GSC,0.0,9.0,0.0,41.11,Commercial service,BMW diagnostics,/brands/bmw-service-dubai/engine-diagnostics,/brands/bmw-service-dubai,EXISTING OWNER,Existing specific service; exact scope follows inspection,Original GSC query export
bmw repair dubai,bmw repair dubai,Queries!A216,digitecme.com-Performance-on-Search-2026-09-16.xlsx,2026-09-07 to 2026-09-13,MEASURED ORIGINAL GSC,0.0,8.0,0.0,10.38,Broad commercial,BMW service/repair discovery,/brands/bmw-service-dubai,,EXISTING OWNER,Single broad booking and directory owner,Original GSC query export
bmw ac repair dubai,bmw ac repair dubai,Queries!A220,digitecme.com-Performance-on-Search-2026-09-16.xlsx,2026-09-07 to 2026-09-13,MEASURED ORIGINAL GSC,0.0,8.0,0.0,13.38,Commercial service,BMW AC repair,/brands/bmw-service-dubai/ac-repair,/brands/bmw-service-dubai,EXISTING OWNER,Existing specific service; exact scope follows inspection,Original GSC query export
bmw transmission repair,bmw gearbox repair,Queries!A223,digitecme.com-Performance-on-Search-2026-09-16.xlsx,2026-09-07 to 2026-09-13,MEASURED ORIGINAL GSC,0.0,8.0,0.0,17.12,Commercial service,BMW gearbox repair,/brands/bmw-service-dubai/transmission-repair,/brands/bmw-service-dubai,EXISTING OWNER,Existing specific service; exact scope follows inspection,Original GSC query export
bmw car battery replacement,bmw car battery replacement,Queries!A240,digitecme.com-Performance-on-Search-2026-09-16.xlsx,2026-09-07 to 2026-09-13,MEASURED ORIGINAL GSC,0.0,8.0,0.0,34.12,Commercial service,BMW battery assessment,/brands/bmw-service-dubai/battery-replacement,/brands/bmw-service-dubai,EXISTING OWNER,Existing specific service; exact scope follows inspection,Original GSC query export
bmw servicing,bmw service,Queries!A279,digitecme.com-Performance-on-Search-2026-09-16.xlsx,2026-09-07 to 2026-09-13,MEASURED ORIGINAL GSC,0.0,7.0,0.0,31.86,Broad commercial,BMW service/repair discovery,/brands/bmw-service-dubai,,EXISTING OWNER,Single broad booking and directory owner,Original GSC query export
bmw car battery dubai,bmw car battery dubai,Queries!A280,digitecme.com-Performance-on-Search-2026-09-16.xlsx,2026-09-07 to 2026-09-13,MEASURED ORIGINAL GSC,0.0,7.0,0.0,32.0,Commercial service,BMW battery assessment,/brands/bmw-service-dubai/battery-replacement,/brands/bmw-service-dubai,EXISTING OWNER,Existing specific service; exact scope follows inspection,Original GSC query export
bmw suspension repair,bmw suspension repair,Queries!A301,digitecme.com-Performance-on-Search-2026-09-16.xlsx,2026-09-07 to 2026-09-13,MEASURED ORIGINAL GSC,0.0,6.0,0.0,7.83,Commercial service,BMW suspension repair,/brands/bmw-service-dubai/suspension-repair,/brands/bmw-service-dubai,EXISTING OWNER,Existing specific service; exact scope follows inspection,Original GSC query export
bmw diagnostics dubai,bmw diagnostics dubai,Queries!A304,digitecme.com-Performance-on-Search-2026-09-16.xlsx,2026-09-07 to 2026-09-13,MEASURED ORIGINAL GSC,0.0,6.0,0.0,9.17,Commercial service,BMW diagnostics,/brands/bmw-service-dubai/engine-diagnostics,/brands/bmw-service-dubai,EXISTING OWNER,Existing specific service; exact scope follows inspection,Original GSC query export
bmw engine repair dubai,bmw engine repair dubai,Queries!A353,digitecme.com-Performance-on-Search-2026-09-16.xlsx,2026-09-07 to 2026-09-13,MEASURED ORIGINAL GSC,0.0,5.0,0.0,12.0,Commercial service,BMW mechanical repair,/brands/bmw-service-dubai/mechanical-repair,/brands/bmw-service-dubai,EXISTING OWNER,Existing specific service; exact scope follows inspection,Original GSC query export
bmw service centre dubai,bmw service center dubai,Queries!A366,digitecme.com-Performance-on-Search-2026-09-16.xlsx,2026-09-07 to 2026-09-13,MEASURED ORIGINAL GSC,0.0,5.0,0.0,16.8,Broad commercial,BMW service/repair discovery,/brands/bmw-service-dubai,,EXISTING OWNER,Single broad booking and directory owner,Original GSC query export
bmw body shop,bmw body shop,Queries!A385,digitecme.com-Performance-on-Search-2026-09-16.xlsx,2026-09-07 to 2026-09-13,MEASURED ORIGINAL GSC,0.0,5.0,0.0,30.8,Commercial service,BMW body repair,/brands/bmw-service-dubai/body-repair,/brands/bmw-service-dubai,EXISTING OWNER,Existing specific service; exact scope follows inspection,Original GSC query export
bmw specialist dubai,bmw specialist dubai,Queries!A418,digitecme.com-Performance-on-Search-2026-09-16.xlsx,2026-09-07 to 2026-09-13,MEASURED ORIGINAL GSC,0.0,4.0,0.0,10.5,Broad commercial,BMW service/repair discovery,/brands/bmw-service-dubai,,EXISTING OWNER,Single broad booking and directory owner,Original GSC query export
bmw ac repair,bmw ac repair,Queries!A439,digitecme.com-Performance-on-Search-2026-09-16.xlsx,2026-09-07 to 2026-09-13,MEASURED ORIGINAL GSC,0.0,4.0,0.0,18.5,Commercial service,BMW AC repair,/brands/bmw-service-dubai/ac-repair,/brands/bmw-service-dubai,EXISTING OWNER,Existing specific service; exact scope follows inspection,Original GSC query export
bmw brakes repair,bmw brakes repair,Queries!A441,digitecme.com-Performance-on-Search-2026-09-16.xlsx,2026-09-07 to 2026-09-13,MEASURED ORIGINAL GSC,0.0,4.0,0.0,19.5,Broad commercial,BMW service/repair discovery,/brands/bmw-service-dubai,,EXISTING OWNER,Single broad booking and directory owner,Original GSC query export
bmw brake repair dubai,bmw brake repair dubai,Queries!A448,digitecme.com-Performance-on-Search-2026-09-16.xlsx,2026-09-07 to 2026-09-13,MEASURED ORIGINAL GSC,0.0,4.0,0.0,21.5,Commercial service,BMW brake repair,/brands/bmw-service-dubai/brake-repair,/brands/bmw-service-dubai,EXISTING OWNER,Existing specific service; exact scope follows inspection,Original GSC query export
bmw transmission service,bmw gearbox service,Queries!A457,digitecme.com-Performance-on-Search-2026-09-16.xlsx,2026-09-07 to 2026-09-13,MEASURED ORIGINAL GSC,0.0,4.0,0.0,29.25,Commercial service,BMW gearbox repair,/brands/bmw-service-dubai/transmission-repair,/brands/bmw-service-dubai,EXISTING OWNER,Existing specific service; exact scope follows inspection,Original GSC query export
bmw transmission repair dubai,bmw gearbox repair dubai,Queries!A511,digitecme.com-Performance-on-Search-2026-09-16.xlsx,2026-09-07 to 2026-09-13,MEASURED ORIGINAL GSC,0.0,3.0,0.0,9.67,Commercial service,BMW gearbox repair,/brands/bmw-service-dubai/transmission-repair,/brands/bmw-service-dubai,EXISTING OWNER,Existing specific service; exact scope follows inspection,Original GSC query export
bmw dubai service,bmw dubai service,Queries!A543,digitecme.com-Performance-on-Search-2026-09-16.xlsx,2026-09-07 to 2026-09-13,MEASURED ORIGINAL GSC,0.0,3.0,0.0,16.0,Broad commercial,BMW service/repair discovery,/brands/bmw-service-dubai,,EXISTING OWNER,Single broad booking and directory owner,Original GSC query export
bmw brake service dubai,bmw brake service dubai,Queries!A546,digitecme.com-Performance-on-Search-2026-09-16.xlsx,2026-09-07 to 2026-09-13,MEASURED ORIGINAL GSC,0.0,3.0,0.0,17.0,Commercial service,BMW brake repair,/brands/bmw-service-dubai/brake-repair,/brands/bmw-service-dubai,EXISTING OWNER,Existing specific service; exact scope follows inspection,Original GSC query export
bmw suspension repair dubai,bmw suspension repair dubai,Queries!A555,digitecme.com-Performance-on-Search-2026-09-16.xlsx,2026-09-07 to 2026-09-13,MEASURED ORIGINAL GSC,0.0,3.0,0.0,19.33,Commercial service,BMW suspension repair,/brands/bmw-service-dubai/suspension-repair,/brands/bmw-service-dubai,EXISTING OWNER,Existing specific service; exact scope follows inspection,Original GSC query export
bmw brake repair,bmw brake repair,Queries!A557,digitecme.com-Performance-on-Search-2026-09-16.xlsx,2026-09-07 to 2026-09-13,MEASURED ORIGINAL GSC,0.0,3.0,0.0,19.67,Commercial service,BMW brake repair,/brands/bmw-service-dubai/brake-repair,/brands/bmw-service-dubai,EXISTING OWNER,Existing specific service; exact scope follows inspection,Original GSC query export
bmw i8 service dubai,bmw i8 service dubai,Queries!A585,digitecme.com-Performance-on-Search-2026-09-16.xlsx,2026-09-07 to 2026-09-13,MEASURED ORIGINAL GSC,0.0,3.0,0.0,40.0,Broad commercial,BMW service/repair discovery,/brands/bmw-service-dubai,,EXISTING OWNER,Single broad booking and directory owner,Original GSC query export
bmw oil change service,bmw oil change service,Queries!A606,digitecme.com-Performance-on-Search-2026-09-16.xlsx,2026-09-07 to 2026-09-13,MEASURED ORIGINAL GSC,0.0,3.0,0.0,54.67,Commercial service,BMW oil service,/brands/bmw-service-dubai/oil-change,/brands/bmw-service-dubai,EXISTING OWNER,Existing specific service; exact scope follows inspection,Original GSC query export
bmw transmission repair in dubai,bmw gearbox repair in dubai,Queries!A629,digitecme.com-Performance-on-Search-2026-09-16.xlsx,2026-09-07 to 2026-09-13,MEASURED ORIGINAL GSC,0.0,2.0,0.0,6.0,Commercial service,BMW gearbox repair,/brands/bmw-service-dubai/transmission-repair,/brands/bmw-service-dubai,EXISTING OWNER,Existing specific service; exact scope follows inspection,Original GSC query export
bmw electrical repair,bmw electrical repair,Queries!A643,digitecme.com-Performance-on-Search-2026-09-16.xlsx,2026-09-07 to 2026-09-13,MEASURED ORIGINAL GSC,0.0,2.0,0.0,8.0,Commercial service,BMW electrical repair,/brands/bmw-service-dubai/electrical-repair,/brands/bmw-service-dubai,EXISTING OWNER,Existing specific service; exact scope follows inspection,Original GSC query export
bmw engine repair in dubai,bmw engine repair in dubai,Queries!A650,digitecme.com-Performance-on-Search-2026-09-16.xlsx,2026-09-07 to 2026-09-13,MEASURED ORIGINAL GSC,0.0,2.0,0.0,9.0,Commercial service,BMW mechanical repair,/brands/bmw-service-dubai/mechanical-repair,/brands/bmw-service-dubai,EXISTING OWNER,Existing specific service; exact scope follows inspection,Original GSC query export
bmw body shop dubai,bmw body shop dubai,Queries!A658,digitecme.com-Performance-on-Search-2026-09-16.xlsx,2026-09-07 to 2026-09-13,MEASURED ORIGINAL GSC,0.0,2.0,0.0,10.0,Commercial service,BMW body repair,/brands/bmw-service-dubai/body-repair,/brands/bmw-service-dubai,EXISTING OWNER,Existing specific service; exact scope follows inspection,Original GSC query export
bmw x5 service dubai,bmw x5 service dubai,Queries!A664,digitecme.com-Performance-on-Search-2026-09-16.xlsx,2026-09-07 to 2026-09-13,MEASURED ORIGINAL GSC,0.0,2.0,0.0,10.5,Model commercial,X5 model service,/brands/bmw-service-dubai/x5,/brands/bmw-service-dubai,EXISTING OWNER,Existing model owner; repair tasks link to services,Original GSC query export
bmw air conditioning repair,bmw air conditioning repair,Queries!A677,digitecme.com-Performance-on-Search-2026-09-16.xlsx,2026-09-07 to 2026-09-13,MEASURED ORIGINAL GSC,0.0,2.0,0.0,12.0,Commercial service,BMW AC repair,/brands/bmw-service-dubai/ac-repair,/brands/bmw-service-dubai,EXISTING OWNER,Existing specific service; exact scope follows inspection,Original GSC query export
bmw oil change dubai,bmw oil change dubai,Queries!A784,digitecme.com-Performance-on-Search-2026-09-16.xlsx,2026-09-07 to 2026-09-13,MEASURED ORIGINAL GSC,0.0,2.0,0.0,36.5,Commercial service,BMW oil service,/brands/bmw-service-dubai/oil-change,/brands/bmw-service-dubai,EXISTING OWNER,Existing specific service; exact scope follows inspection,Original GSC query export
bmw body repair,bmw body repair,Queries!A857,digitecme.com-Performance-on-Search-2026-09-16.xlsx,2026-09-07 to 2026-09-13,MEASURED ORIGINAL GSC,0.0,1.0,0.0,2.0,Commercial service,BMW body repair,/brands/bmw-service-dubai/body-repair,/brands/bmw-service-dubai,EXISTING OWNER,Existing specific service; exact scope follows inspection,Original GSC query export
bmw tyre puncture,bmw tyre puncture,Queries!A982,digitecme.com-Performance-on-Search-2026-09-16.xlsx,2026-09-07 to 2026-09-13,MEASURED ORIGINAL GSC,0.0,1.0,0.0,9.0,Commercial service,BMW tyre/wheel service,/brands/bmw-service-dubai/tire-repair,/brands/bmw-service-dubai,EXISTING OWNER,Existing specific service; exact scope follows inspection,Original GSC query export
bmw service dubai,bmw service dubai,Queries!A10,digitecme.com-Performance-on-Search-2026-09-18.xlsx,2026-09-09 to 2026-09-15,MEASURED ORIGINAL GSC,0.0,53.0,0.0,16.89,Broad commercial,BMW service/repair discovery,/brands/bmw-service-dubai,,EXISTING OWNER,Single broad booking and directory owner,Original GSC query export
bmw service,bmw service,Queries!A50,digitecme.com-Performance-on-Search-2026-09-18.xlsx,2026-09-09 to 2026-09-15,MEASURED ORIGINAL GSC,0.0,24.0,0.0,33.96,Broad commercial,BMW service/repair discovery,/brands/bmw-service-dubai,,EXISTING OWNER,Single broad booking and directory owner,Original GSC query export
bmw service center dubai,bmw service center dubai,Queries!A61,digitecme.com-Performance-on-Search-2026-09-18.xlsx,2026-09-09 to 2026-09-15,MEASURED ORIGINAL GSC,0.0,20.0,0.0,32.0,Broad commercial,BMW service/repair discovery,/brands/bmw-service-dubai,,EXISTING OWNER,Single broad booking and directory owner,Original GSC query export
bmw battery replacement,bmw battery replacement,Queries!A88,digitecme.com-Performance-on-Search-2026-09-18.xlsx,2026-09-09 to 2026-09-15,MEASURED ORIGINAL GSC,0.0,15.0,0.0,27.47,Commercial service,BMW battery assessment,/brands/bmw-service-dubai/battery-replacement,/brands/bmw-service-dubai,EXISTING OWNER,Existing specific service; exact scope follows inspection,Original GSC query export
bmw battery replacement dubai,bmw battery replacement dubai,Queries!A104,digitecme.com-Performance-on-Search-2026-09-18.xlsx,2026-09-09 to 2026-09-15,MEASURED ORIGINAL GSC,0.0,13.0,0.0,19.0,Commercial service,BMW battery assessment,/brands/bmw-service-dubai/battery-replacement,/brands/bmw-service-dubai,EXISTING OWNER,Existing specific service; exact scope follows inspection,Original GSC query export
bmw body repair garage,bmw body repair garage,Queries!A113,digitecme.com-Performance-on-Search-2026-09-18.xlsx,2026-09-09 to 2026-09-15,MEASURED ORIGINAL GSC,0.0,13.0,0.0,56.15,Commercial service,BMW body repair,/brands/bmw-service-dubai/body-repair,/brands/bmw-service-dubai,EXISTING OWNER,Existing specific service; exact scope follows inspection,Original GSC query export
bmw repair,bmw repair,Queries!A146,digitecme.com-Performance-on-Search-2026-09-18.xlsx,2026-09-09 to 2026-09-15,MEASURED ORIGINAL GSC,0.0,10.0,0.0,10.1,Broad commercial,BMW service/repair discovery,/brands/bmw-service-dubai,,EXISTING OWNER,Single broad booking and directory owner,Original GSC query export
bmw maintenance dubai,bmw maintenance dubai,Queries!A148,digitecme.com-Performance-on-Search-2026-09-18.xlsx,2026-09-09 to 2026-09-15,MEASURED ORIGINAL GSC,0.0,10.0,0.0,11.8,Informational,Maintenance planning,/blog/bmw-maintenance-guide-dubai,/brands/bmw-service-dubai,EXISTING OWNER,Guide supports hub booking,Original GSC query export
bmw car battery replacement,bmw car battery replacement,Queries!A231,digitecme.com-Performance-on-Search-2026-09-18.xlsx,2026-09-09 to 2026-09-15,MEASURED ORIGINAL GSC,0.0,8.0,0.0,33.88,Commercial service,BMW battery assessment,/brands/bmw-service-dubai/battery-replacement,/brands/bmw-service-dubai,EXISTING OWNER,Existing specific service; exact scope follows inspection,Original GSC query export
bmw repair dubai,bmw repair dubai,Queries!A247,digitecme.com-Performance-on-Search-2026-09-18.xlsx,2026-09-09 to 2026-09-15,MEASURED ORIGINAL GSC,0.0,7.0,0.0,9.86,Broad commercial,BMW service/repair discovery,/brands/bmw-service-dubai,,EXISTING OWNER,Single broad booking and directory owner,Original GSC query export
bmw service in dubai,bmw service in dubai,Queries!A311,digitecme.com-Performance-on-Search-2026-09-18.xlsx,2026-09-09 to 2026-09-15,MEASURED ORIGINAL GSC,0.0,6.0,0.0,19.33,Broad commercial,BMW service/repair discovery,/brands/bmw-service-dubai,,EXISTING OWNER,Single broad booking and directory owner,Original GSC query export
bmw body shop,bmw body shop,Queries!A322,digitecme.com-Performance-on-Search-2026-09-18.xlsx,2026-09-09 to 2026-09-15,MEASURED ORIGINAL GSC,0.0,6.0,0.0,27.33,Commercial service,BMW body repair,/brands/bmw-service-dubai/body-repair,/brands/bmw-service-dubai,EXISTING OWNER,Existing specific service; exact scope follows inspection,Original GSC query export
bmw car battery dubai,bmw car battery dubai,Queries!A327,digitecme.com-Performance-on-Search-2026-09-18.xlsx,2026-09-09 to 2026-09-15,MEASURED ORIGINAL GSC,0.0,6.0,0.0,30.83,Commercial service,BMW battery assessment,/brands/bmw-service-dubai/battery-replacement,/brands/bmw-service-dubai,EXISTING OWNER,Existing specific service; exact scope follows inspection,Original GSC query export
bmw servicing,bmw service,Queries!A329,digitecme.com-Performance-on-Search-2026-09-18.xlsx,2026-09-09 to 2026-09-15,MEASURED ORIGINAL GSC,0.0,6.0,0.0,32.33,Broad commercial,BMW service/repair discovery,/brands/bmw-service-dubai,,EXISTING OWNER,Single broad booking and directory owner,Original GSC query export
bmw suspension repair,bmw suspension repair,Queries!A355,digitecme.com-Performance-on-Search-2026-09-18.xlsx,2026-09-09 to 2026-09-15,MEASURED ORIGINAL GSC,0.0,5.0,0.0,8.2,Commercial service,BMW suspension repair,/brands/bmw-service-dubai/suspension-repair,/brands/bmw-service-dubai,EXISTING OWNER,Existing specific service; exact scope follows inspection,Original GSC query export
bmw ac repair dubai,bmw ac repair dubai,Queries!A382,digitecme.com-Performance-on-Search-2026-09-18.xlsx,2026-09-09 to 2026-09-15,MEASURED ORIGINAL GSC,0.0,5.0,0.0,17.2,Commercial service,BMW AC repair,/brands/bmw-service-dubai/ac-repair,/brands/bmw-service-dubai,EXISTING OWNER,Existing specific service; exact scope follows inspection,Original GSC query export
bmw transmission repair,bmw gearbox repair,Queries!A390,digitecme.com-Performance-on-Search-2026-09-18.xlsx,2026-09-09 to 2026-09-15,MEASURED ORIGINAL GSC,0.0,5.0,0.0,23.2,Commercial service,BMW gearbox repair,/brands/bmw-service-dubai/transmission-repair,/brands/bmw-service-dubai,EXISTING OWNER,Existing specific service; exact scope follows inspection,Original GSC query export
bmw coding service,bmw coding service,Queries!A417,digitecme.com-Performance-on-Search-2026-09-18.xlsx,2026-09-09 to 2026-09-15,MEASURED ORIGINAL GSC,0.0,5.0,0.0,47.6,Commercial service,BMW diagnostics,/brands/bmw-service-dubai/engine-diagnostics,/brands/bmw-service-dubai,EXISTING OWNER,Existing specific service; exact scope follows inspection,Original GSC query export
bmw diagnostics dubai,bmw diagnostics dubai,Queries!A441,digitecme.com-Performance-on-Search-2026-09-18.xlsx,2026-09-09 to 2026-09-15,MEASURED ORIGINAL GSC,0.0,4.0,0.0,11.25,Commercial service,BMW diagnostics,/brands/bmw-service-dubai/engine-diagnostics,/brands/bmw-service-dubai,EXISTING OWNER,Existing specific service; exact scope follows inspection,Original GSC query export
bmw brakes repair,bmw brakes repair,Queries!A464,digitecme.com-Performance-on-Search-2026-09-18.xlsx,2026-09-09 to 2026-09-15,MEASURED ORIGINAL GSC,0.0,4.0,0.0,19.5,Broad commercial,BMW service/repair discovery,/brands/bmw-service-dubai,,EXISTING OWNER,Single broad booking and directory owner,Original GSC query export
bmw specialist dubai,bmw specialist dubai,Queries!A545,digitecme.com-Performance-on-Search-2026-09-18.xlsx,2026-09-09 to 2026-09-15,MEASURED ORIGINAL GSC,0.0,3.0,0.0,10.33,Broad commercial,BMW service/repair discovery,/brands/bmw-service-dubai,,EXISTING OWNER,Single broad booking and directory owner,Original GSC query export
bmw car service dubai,bmw car service dubai,Queries!A575,digitecme.com-Performance-on-Search-2026-09-18.xlsx,2026-09-09 to 2026-09-15,MEASURED ORIGINAL GSC,0.0,3.0,0.0,17.33,Broad commercial,BMW service/repair discovery,/brands/bmw-service-dubai,,EXISTING OWNER,Single broad booking and directory owner,Original GSC query export
bmw ac repair,bmw ac repair,Queries!A579,digitecme.com-Performance-on-Search-2026-09-18.xlsx,2026-09-09 to 2026-09-15,MEASURED ORIGINAL GSC,0.0,3.0,0.0,19.0,Commercial service,BMW AC repair,/brands/bmw-service-dubai/ac-repair,/brands/bmw-service-dubai,EXISTING OWNER,Existing specific service; exact scope follows inspection,Original GSC query export
bmw suspension repair dubai,bmw suspension repair dubai,Queries!A581,digitecme.com-Performance-on-Search-2026-09-18.xlsx,2026-09-09 to 2026-09-15,MEASURED ORIGINAL GSC,0.0,3.0,0.0,19.33,Commercial service,BMW suspension repair,/brands/bmw-service-dubai/suspension-repair,/brands/bmw-service-dubai,EXISTING OWNER,Existing specific service; exact scope follows inspection,Original GSC query export
bmw brake repair,bmw brake repair,Queries!A582,digitecme.com-Performance-on-Search-2026-09-18.xlsx,2026-09-09 to 2026-09-15,MEASURED ORIGINAL GSC,0.0,3.0,0.0,19.67,Commercial service,BMW brake repair,/brands/bmw-service-dubai/brake-repair,/brands/bmw-service-dubai,EXISTING OWNER,Existing specific service; exact scope follows inspection,Original GSC query export
bmw i8 service dubai,bmw i8 service dubai,Queries!A612,digitecme.com-Performance-on-Search-2026-09-18.xlsx,2026-09-09 to 2026-09-15,MEASURED ORIGINAL GSC,0.0,3.0,0.0,40.0,Broad commercial,BMW service/repair discovery,/brands/bmw-service-dubai,,EXISTING OWNER,Single broad booking and directory owner,Original GSC query export
bmw oil change service,bmw oil change service,Queries!A629,digitecme.com-Performance-on-Search-2026-09-18.xlsx,2026-09-09 to 2026-09-15,MEASURED ORIGINAL GSC,0.0,3.0,0.0,54.67,Commercial service,BMW oil service,/brands/bmw-service-dubai/oil-change,/brands/bmw-service-dubai,EXISTING OWNER,Existing specific service; exact scope follows inspection,Original GSC query export
bmw electrical repair,bmw electrical repair,Queries!A667,digitecme.com-Performance-on-Search-2026-09-18.xlsx,2026-09-09 to 2026-09-15,MEASURED ORIGINAL GSC,0.0,2.0,0.0,8.0,Commercial service,BMW electrical repair,/brands/bmw-service-dubai/electrical-repair,/brands/bmw-service-dubai,EXISTING OWNER,Existing specific service; exact scope follows inspection,Original GSC query export
bmw brake repair dubai,bmw brake repair dubai,Queries!A686,digitecme.com-Performance-on-Search-2026-09-18.xlsx,2026-09-09 to 2026-09-15,MEASURED ORIGINAL GSC,0.0,2.0,0.0,10.0,Commercial service,BMW brake repair,/brands/bmw-service-dubai/brake-repair,/brands/bmw-service-dubai,EXISTING OWNER,Existing specific service; exact scope follows inspection,Original GSC query export
bmw x5 service dubai,bmw x5 service dubai,Queries!A691,digitecme.com-Performance-on-Search-2026-09-18.xlsx,2026-09-09 to 2026-09-15,MEASURED ORIGINAL GSC,0.0,2.0,0.0,10.5,Model commercial,X5 model service,/brands/bmw-service-dubai/x5,/brands/bmw-service-dubai,EXISTING OWNER,Existing model owner; repair tasks link to services,Original GSC query export
bmw air conditioning repair,bmw air conditioning repair,Queries!A705,digitecme.com-Performance-on-Search-2026-09-18.xlsx,2026-09-09 to 2026-09-15,MEASURED ORIGINAL GSC,0.0,2.0,0.0,12.0,Commercial service,BMW AC repair,/brands/bmw-service-dubai/ac-repair,/brands/bmw-service-dubai,EXISTING OWNER,Existing specific service; exact scope follows inspection,Original GSC query export
bmw brake service dubai,bmw brake service dubai,Queries!A754,digitecme.com-Performance-on-Search-2026-09-18.xlsx,2026-09-09 to 2026-09-15,MEASURED ORIGINAL GSC,0.0,2.0,0.0,20.0,Commercial service,BMW brake repair,/brands/bmw-service-dubai/brake-repair,/brands/bmw-service-dubai,EXISTING OWNER,Existing specific service; exact scope follows inspection,Original GSC query export
bmw service centre dubai,bmw service center dubai,Queries!A774,digitecme.com-Performance-on-Search-2026-09-18.xlsx,2026-09-09 to 2026-09-15,MEASURED ORIGINAL GSC,0.0,2.0,0.0,24.5,Broad commercial,BMW service/repair discovery,/brands/bmw-service-dubai,,EXISTING OWNER,Single broad booking and directory owner,Original GSC query export
bmw oil change dubai,bmw oil change dubai,Queries!A822,digitecme.com-Performance-on-Search-2026-09-18.xlsx,2026-09-09 to 2026-09-15,MEASURED ORIGINAL GSC,0.0,2.0,0.0,36.5,Commercial service,BMW oil service,/brands/bmw-service-dubai/oil-change,/brands/bmw-service-dubai,EXISTING OWNER,Existing specific service; exact scope follows inspection,Original GSC query export
bmw transmission service,bmw gearbox service,Queries!A837,digitecme.com-Performance-on-Search-2026-09-18.xlsx,2026-09-09 to 2026-09-15,MEASURED ORIGINAL GSC,0.0,2.0,0.0,43.0,Commercial service,BMW gearbox repair,/brands/bmw-service-dubai/transmission-repair,/brands/bmw-service-dubai,EXISTING OWNER,Existing specific service; exact scope follows inspection,Original GSC query export
bmw body repair,bmw body repair,Queries!A897,digitecme.com-Performance-on-Search-2026-09-18.xlsx,2026-09-09 to 2026-09-15,MEASURED ORIGINAL GSC,0.0,1.0,0.0,2.0,Commercial service,BMW body repair,/brands/bmw-service-dubai/body-repair,/brands/bmw-service-dubai,EXISTING OWNER,Existing specific service; exact scope follows inspection,Original GSC query export
bmw workshop,bmw workshop,Queries!A950,digitecme.com-Performance-on-Search-2026-09-18.xlsx,2026-09-09 to 2026-09-15,MEASURED ORIGINAL GSC,0.0,1.0,0.0,6.0,Broad commercial,BMW service/repair discovery,/brands/bmw-service-dubai,,EXISTING OWNER,Single broad booking and directory owner,Original GSC query export
bmw body shop al quoz,bmw body shop al quoz,Queries!A975,digitecme.com-Performance-on-Search-2026-09-18.xlsx,2026-09-09 to 2026-09-15,MEASURED ORIGINAL GSC,0.0,1.0,0.0,7.0,Commercial service,BMW body repair,/brands/bmw-service-dubai/body-repair,/brands/bmw-service-dubai,EXISTING OWNER,Existing specific service; exact scope follows inspection,Original GSC query export
bmw transmission repair dubai,bmw gearbox repair dubai,Queries!A994,digitecme.com-Performance-on-Search-2026-09-18.xlsx,2026-09-09 to 2026-09-15,MEASURED ORIGINAL GSC,0.0,1.0,0.0,8.0,Commercial service,BMW gearbox repair,/brands/bmw-service-dubai/transmission-repair,/brands/bmw-service-dubai,EXISTING OWNER,Existing specific service; exact scope follows inspection,Original GSC query export
bmw repair dubai,bmw repair dubai,Queries!A16,digitecme.com-Performance-on-Search-2026-09-27.xlsx,2026-04-12 to 2026-09-25,MEASURED ORIGINAL GSC,2.0,167.0,0.012,14.2,Broad commercial,BMW service/repair discovery,/brands/bmw-service-dubai,,EXISTING OWNER,Single broad booking and directory owner,Original GSC query export
bmw service dubai,bmw service dubai,Queries!A27,digitecme.com-Performance-on-Search-2026-09-27.xlsx,2026-04-12 to 2026-09-25,MEASURED ORIGINAL GSC,1.0,337.0,0.003,22.2,Broad commercial,BMW service/repair discovery,/brands/bmw-service-dubai,,EXISTING OWNER,Single broad booking and directory owner,Original GSC query export
bmw tuning dubai,bmw tuning dubai,Queries!A62,digitecme.com-Performance-on-Search-2026-09-27.xlsx,2026-04-12 to 2026-09-25,MEASURED ORIGINAL GSC,1.0,18.0,0.0556,18.17,Cross-brand commercial,Performance project,/tuning,/brands/bmw-service-dubai,EXISTING OWNER,Existing tuning owner; fitment requires confirmation,Original GSC query export
bmw service center in dubai,bmw service center in dubai,Queries!A65,digitecme.com-Performance-on-Search-2026-09-27.xlsx,2026-04-12 to 2026-09-25,MEASURED ORIGINAL GSC,1.0,11.0,0.0909,27.64,Broad commercial,BMW service/repair discovery,/brands/bmw-service-dubai,,EXISTING OWNER,Single broad booking and directory owner,Original GSC query export
bmw service center dubai,bmw service center dubai,Queries!A175,digitecme.com-Performance-on-Search-2026-09-27.xlsx,2026-04-12 to 2026-09-25,MEASURED ORIGINAL GSC,0.0,171.0,0.0,30.29,Broad commercial,BMW service/repair discovery,/brands/bmw-service-dubai,,EXISTING OWNER,Single broad booking and directory owner,Original GSC query export
bmw service,bmw service,Queries!A196,digitecme.com-Performance-on-Search-2026-09-27.xlsx,2026-04-12 to 2026-09-25,MEASURED ORIGINAL GSC,0.0,146.0,0.0,25.45,Broad commercial,BMW service/repair discovery,/brands/bmw-service-dubai,,EXISTING OWNER,Single broad booking and directory owner,Original GSC query export
bmw repair,bmw repair,Queries!A231,digitecme.com-Performance-on-Search-2026-09-27.xlsx,2026-04-12 to 2026-09-25,MEASURED ORIGINAL GSC,0.0,113.0,0.0,16.01,Broad commercial,BMW service/repair discovery,/brands/bmw-service-dubai,,EXISTING OWNER,Single broad booking and directory owner,Original GSC query export
bmw service in dubai,bmw service in dubai,Queries!A238,digitecme.com-Performance-on-Search-2026-09-27.xlsx,2026-04-12 to 2026-09-25,MEASURED ORIGINAL GSC,0.0,109.0,0.0,19.62,Broad commercial,BMW service/repair discovery,/brands/bmw-service-dubai,,EXISTING OWNER,Single broad booking and directory owner,Original GSC query export
bmw transmission repair dubai,bmw gearbox repair dubai,Queries!A258,digitecme.com-Performance-on-Search-2026-09-27.xlsx,2026-04-12 to 2026-09-25,MEASURED ORIGINAL GSC,0.0,96.0,0.0,11.9,Commercial service,BMW gearbox repair,/brands/bmw-service-dubai/transmission-repair,/brands/bmw-service-dubai,EXISTING OWNER,Existing specific service; exact scope follows inspection,Original GSC query export
bmw coding service,bmw coding service,Queries!A297,digitecme.com-Performance-on-Search-2026-09-27.xlsx,2026-04-12 to 2026-09-25,MEASURED ORIGINAL GSC,0.0,83.0,0.0,37.33,Commercial service,BMW diagnostics,/brands/bmw-service-dubai/engine-diagnostics,/brands/bmw-service-dubai,EXISTING OWNER,Existing specific service; exact scope follows inspection,Original GSC query export
bmw workshop dubai,bmw workshop dubai,Queries!A329,digitecme.com-Performance-on-Search-2026-09-27.xlsx,2026-04-12 to 2026-09-25,MEASURED ORIGINAL GSC,0.0,75.0,0.0,21.52,Broad commercial,BMW service/repair discovery,/brands/bmw-service-dubai,,EXISTING OWNER,Single broad booking and directory owner,Original GSC query export
bmw engine repair dubai,bmw engine repair dubai,Queries!A345,digitecme.com-Performance-on-Search-2026-09-27.xlsx,2026-04-12 to 2026-09-25,MEASURED ORIGINAL GSC,0.0,73.0,0.0,16.51,Commercial service,BMW mechanical repair,/brands/bmw-service-dubai/mechanical-repair,/brands/bmw-service-dubai,EXISTING OWNER,Existing specific service; exact scope follows inspection,Original GSC query export
bmw car service dubai,bmw car service dubai,Queries!A362,digitecme.com-Performance-on-Search-2026-09-27.xlsx,2026-04-12 to 2026-09-25,MEASURED ORIGINAL GSC,0.0,69.0,0.0,24.54,Broad commercial,BMW service/repair discovery,/brands/bmw-service-dubai,,EXISTING OWNER,Single broad booking and directory owner,Original GSC query export
bmw battery replacement,bmw battery replacement,Queries!A381,digitecme.com-Performance-on-Search-2026-09-27.xlsx,2026-04-12 to 2026-09-25,MEASURED ORIGINAL GSC,0.0,65.0,0.0,27.88,Commercial service,BMW battery assessment,/brands/bmw-service-dubai/battery-replacement,/brands/bmw-service-dubai,EXISTING OWNER,Existing specific service; exact scope follows inspection,Original GSC query export
bmw workshop dubai al quoz,bmw workshop dubai al quoz,Queries!A426,digitecme.com-Performance-on-Search-2026-09-27.xlsx,2026-04-12 to 2026-09-25,MEASURED ORIGINAL GSC,0.0,56.0,0.0,14.09,Broad commercial,BMW service/repair discovery,/brands/bmw-service-dubai,,EXISTING OWNER,Single broad booking and directory owner,Original GSC query export
bmw transmission service,bmw gearbox service,Queries!A427,digitecme.com-Performance-on-Search-2026-09-27.xlsx,2026-04-12 to 2026-09-25,MEASURED ORIGINAL GSC,0.0,56.0,0.0,19.95,Commercial service,BMW gearbox repair,/brands/bmw-service-dubai/transmission-repair,/brands/bmw-service-dubai,EXISTING OWNER,Existing specific service; exact scope follows inspection,Original GSC query export
bmw maintenance dubai,bmw maintenance dubai,Queries!A437,digitecme.com-Performance-on-Search-2026-09-27.xlsx,2026-04-12 to 2026-09-25,MEASURED ORIGINAL GSC,0.0,54.0,0.0,15.24,Informational,Maintenance planning,/blog/bmw-maintenance-guide-dubai,/brands/bmw-service-dubai,EXISTING OWNER,Guide supports hub booking,Original GSC query export
bmw battery replacement dubai,bmw battery replacement dubai,Queries!A474,digitecme.com-Performance-on-Search-2026-09-27.xlsx,2026-04-12 to 2026-09-25,MEASURED ORIGINAL GSC,0.0,48.0,0.0,18.46,Commercial service,BMW battery assessment,/brands/bmw-service-dubai/battery-replacement,/brands/bmw-service-dubai,EXISTING OWNER,Existing specific service; exact scope follows inspection,Original GSC query export
bmw servicing,bmw service,Queries!A487,digitecme.com-Performance-on-Search-2026-09-27.xlsx,2026-04-12 to 2026-09-25,MEASURED ORIGINAL GSC,0.0,47.0,0.0,28.28,Broad commercial,BMW service/repair discovery,/brands/bmw-service-dubai,,EXISTING OWNER,Single broad booking and directory owner,Original GSC query export
bmw diagnostics dubai,bmw diagnostics dubai,Queries!A491,digitecme.com-Performance-on-Search-2026-09-27.xlsx,2026-04-12 to 2026-09-25,MEASURED ORIGINAL GSC,0.0,46.0,0.0,13.26,Commercial service,BMW diagnostics,/brands/bmw-service-dubai/engine-diagnostics,/brands/bmw-service-dubai,EXISTING OWNER,Existing specific service; exact scope follows inspection,Original GSC query export
best bmw workshop abu dhabi,best bmw workshop abu dhabi,Queries!A498,digitecme.com-Performance-on-Search-2026-09-27.xlsx,2026-04-12 to 2026-09-25,MEASURED ORIGINAL GSC,0.0,46.0,0.0,42.72,Out-of-market,Outside Dubai service area,,,NOT TARGETED — INTENTIONALLY,Do not target another city with a Dubai workshop page,Original GSC query export
bmw programing abu dhabi,bmw programing abu dhabi,Queries!A501,digitecme.com-Performance-on-Search-2026-09-27.xlsx,2026-04-12 to 2026-09-25,MEASURED ORIGINAL GSC,0.0,46.0,0.0,54.46,Out-of-market,Outside Dubai service area,,,NOT TARGETED — INTENTIONALLY,Do not target another city with a Dubai workshop page,Original GSC query export
bmw ac repair,bmw ac repair,Queries!A503,digitecme.com-Performance-on-Search-2026-09-27.xlsx,2026-04-12 to 2026-09-25,MEASURED ORIGINAL GSC,0.0,45.0,0.0,10.82,Commercial service,BMW AC repair,/brands/bmw-service-dubai/ac-repair,/brands/bmw-service-dubai,EXISTING OWNER,Existing specific service; exact scope follows inspection,Original GSC query export
bmw brake repair dubai,bmw brake repair dubai,Queries!A510,digitecme.com-Performance-on-Search-2026-09-27.xlsx,2026-04-12 to 2026-09-25,MEASURED ORIGINAL GSC,0.0,44.0,0.0,13.23,Commercial service,BMW brake repair,/brands/bmw-service-dubai/brake-repair,/brands/bmw-service-dubai,EXISTING OWNER,Existing specific service; exact scope follows inspection,Original GSC query export
bmw body repair garage,bmw body repair garage,Queries!A522,digitecme.com-Performance-on-Search-2026-09-27.xlsx,2026-04-12 to 2026-09-25,MEASURED ORIGINAL GSC,0.0,44.0,0.0,58.68,Commercial service,BMW body repair,/brands/bmw-service-dubai/body-repair,/brands/bmw-service-dubai,EXISTING OWNER,Existing specific service; exact scope follows inspection,Original GSC query export
bmw ac repair dubai,bmw ac repair dubai,Queries!A536,digitecme.com-Performance-on-Search-2026-09-27.xlsx,2026-04-12 to 2026-09-25,MEASURED ORIGINAL GSC,0.0,42.0,0.0,15.5,Commercial service,BMW AC repair,/brands/bmw-service-dubai/ac-repair,/brands/bmw-service-dubai,EXISTING OWNER,Existing specific service; exact scope follows inspection,Original GSC query export
bmw specialist dubai,bmw specialist dubai,Queries!A547,digitecme.com-Performance-on-Search-2026-09-27.xlsx,2026-04-12 to 2026-09-25,MEASURED ORIGINAL GSC,0.0,41.0,0.0,19.22,Broad commercial,BMW service/repair discovery,/brands/bmw-service-dubai,,EXISTING OWNER,Single broad booking and directory owner,Original GSC query export
bmw transmission repair,bmw gearbox repair,Queries!A572,digitecme.com-Performance-on-Search-2026-09-27.xlsx,2026-04-12 to 2026-09-25,MEASURED ORIGINAL GSC,0.0,39.0,0.0,20.13,Commercial service,BMW gearbox repair,/brands/bmw-service-dubai/transmission-repair,/brands/bmw-service-dubai,EXISTING OWNER,Existing specific service; exact scope follows inspection,Original GSC query export
best bmw shop abu dhabi,best bmw shop abu dhabi,Queries!A585,digitecme.com-Performance-on-Search-2026-09-27.xlsx,2026-04-12 to 2026-09-25,MEASURED ORIGINAL GSC,0.0,38.0,0.0,44.37,Out-of-market,Outside Dubai service area,,,NOT TARGETED — INTENTIONALLY,Do not target another city with a Dubai workshop page,Original GSC query export
bmw workshop,bmw workshop,Queries!A590,digitecme.com-Performance-on-Search-2026-09-27.xlsx,2026-04-12 to 2026-09-25,MEASURED ORIGINAL GSC,0.0,37.0,0.0,9.92,Broad commercial,BMW service/repair discovery,/brands/bmw-service-dubai,,EXISTING OWNER,Single broad booking and directory owner,Original GSC query export
bmw service centre dubai,bmw service center dubai,Queries!A639,digitecme.com-Performance-on-Search-2026-09-27.xlsx,2026-04-12 to 2026-09-25,MEASURED ORIGINAL GSC,0.0,34.0,0.0,24.35,Broad commercial,BMW service/repair discovery,/brands/bmw-service-dubai,,EXISTING OWNER,Single broad booking and directory owner,Original GSC query export
bmw transmission repair in dubai,bmw gearbox repair in dubai,Queries!A648,digitecme.com-Performance-on-Search-2026-09-27.xlsx,2026-04-12 to 2026-09-25,MEASURED ORIGINAL GSC,0.0,33.0,0.0,8.27,Commercial service,BMW gearbox repair,/brands/bmw-service-dubai/transmission-repair,/brands/bmw-service-dubai,EXISTING OWNER,Existing specific service; exact scope follows inspection,Original GSC query export
bmw suspension repair,bmw suspension repair,Queries!A662,digitecme.com-Performance-on-Search-2026-09-27.xlsx,2026-04-12 to 2026-09-25,MEASURED ORIGINAL GSC,0.0,32.0,0.0,21.56,Commercial service,BMW suspension repair,/brands/bmw-service-dubai/suspension-repair,/brands/bmw-service-dubai,EXISTING OWNER,Existing specific service; exact scope follows inspection,Original GSC query export
service for bmw,service for bmw,Queries!A667,digitecme.com-Performance-on-Search-2026-09-27.xlsx,2026-04-12 to 2026-09-25,MEASURED ORIGINAL GSC,0.0,32.0,0.0,30.97,Broad commercial,BMW service/repair discovery,/brands/bmw-service-dubai,,EXISTING OWNER,Single broad booking and directory owner,Original GSC query export
bmw body shop dubai,bmw body shop dubai,Queries!A687,digitecme.com-Performance-on-Search-2026-09-27.xlsx,2026-04-12 to 2026-09-25,MEASURED ORIGINAL GSC,0.0,31.0,0.0,44.68,Commercial service,BMW body repair,/brands/bmw-service-dubai/body-repair,/brands/bmw-service-dubai,EXISTING OWNER,Existing specific service; exact scope follows inspection,Original GSC query export
bmw suspension repair dubai,bmw suspension repair dubai,Queries!A702,digitecme.com-Performance-on-Search-2026-09-27.xlsx,2026-04-12 to 2026-09-25,MEASURED ORIGINAL GSC,0.0,30.0,0.0,37.17,Commercial service,BMW suspension repair,/brands/bmw-service-dubai/suspension-repair,/brands/bmw-service-dubai,EXISTING OWNER,Existing specific service; exact scope follows inspection,Original GSC query export
bmw car battery replacement,bmw car battery replacement,Queries!A746,digitecme.com-Performance-on-Search-2026-09-27.xlsx,2026-04-12 to 2026-09-25,MEASURED ORIGINAL GSC,0.0,28.0,0.0,37.32,Commercial service,BMW battery assessment,/brands/bmw-service-dubai/battery-replacement,/brands/bmw-service-dubai,EXISTING OWNER,Existing specific service; exact scope follows inspection,Original GSC query export
bmw repair in dubai,bmw repair in dubai,Queries!A760,digitecme.com-Performance-on-Search-2026-09-27.xlsx,2026-04-12 to 2026-09-25,MEASURED ORIGINAL GSC,0.0,27.0,0.0,17.33,Broad commercial,BMW service/repair discovery,/brands/bmw-service-dubai,,EXISTING OWNER,Single broad booking and directory owner,Original GSC query export
bmw car battery dubai,bmw car battery dubai,Queries!A833,digitecme.com-Performance-on-Search-2026-09-27.xlsx,2026-04-12 to 2026-09-25,MEASURED ORIGINAL GSC,0.0,25.0,0.0,34.0,Commercial service,BMW battery assessment,/brands/bmw-service-dubai/battery-replacement,/brands/bmw-service-dubai,EXISTING OWNER,Existing specific service; exact scope follows inspection,Original GSC query export
bmw workshop al quoz,bmw workshop al quoz,Queries!A844,digitecme.com-Performance-on-Search-2026-09-27.xlsx,2026-04-12 to 2026-09-25,MEASURED ORIGINAL GSC,0.0,24.0,0.0,12.04,Broad commercial,BMW service/repair discovery,/brands/bmw-service-dubai,,EXISTING OWNER,Single broad booking and directory owner,Original GSC query export
bmw body shop,bmw body shop,Queries!A882,digitecme.com-Performance-on-Search-2026-09-27.xlsx,2026-04-12 to 2026-09-25,MEASURED ORIGINAL GSC,0.0,23.0,0.0,37.87,Commercial service,BMW body repair,/brands/bmw-service-dubai/body-repair,/brands/bmw-service-dubai,EXISTING OWNER,Existing specific service; exact scope follows inspection,Original GSC query export
bmw body repair dubai,bmw body repair dubai,Queries!A928,digitecme.com-Performance-on-Search-2026-09-27.xlsx,2026-04-12 to 2026-09-25,MEASURED ORIGINAL GSC,0.0,21.0,0.0,16.81,Commercial service,BMW body repair,/brands/bmw-service-dubai/body-repair,/brands/bmw-service-dubai,EXISTING OWNER,Existing specific service; exact scope follows inspection,Original GSC query export
best bmw mechanic abu dhabi,best bmw mechanic abu dhabi,Queries!A980,digitecme.com-Performance-on-Search-2026-09-27.xlsx,2026-04-12 to 2026-09-25,MEASURED ORIGINAL GSC,0.0,20.0,0.0,40.8,Out-of-market,Outside Dubai service area,,,NOT TARGETED — INTENTIONALLY,Do not target another city with a Dubai workshop page,Original GSC query export
bmw engine repair in dubai,bmw engine repair in dubai,Queries!A989,digitecme.com-Performance-on-Search-2026-09-27.xlsx,2026-04-12 to 2026-09-25,MEASURED ORIGINAL GSC,0.0,19.0,0.0,3.84,Commercial service,BMW mechanical repair,/brands/bmw-service-dubai/mechanical-repair,/brands/bmw-service-dubai,EXISTING OWNER,Existing specific service; exact scope follows inspection,Original GSC query export
bmw electrical repair,bmw electrical repair,Queries!A992,digitecme.com-Performance-on-Search-2026-09-27.xlsx,2026-04-12 to 2026-09-25,MEASURED ORIGINAL GSC,0.0,19.0,0.0,8.95,Commercial service,BMW electrical repair,/brands/bmw-service-dubai/electrical-repair,/brands/bmw-service-dubai,EXISTING OWNER,Existing specific service; exact scope follows inspection,Original GSC query export
