raw_keyword,normalized_keyword,brand,source,source_file,source_period,measured_or_generated,gsc_clicks,gsc_impressions,gsc_ctr,gsc_position,search_intent,cluster,primary_owner,secondary_supporting_owner,coverage_type,reason,source_context
maybach service center dubai,maybach service center dubai,Maybach,Master Keywords!A396,DIGI-TEC_SEO_Keyword_Universe_Dubai.xlsx,2026-04-12 to 2026-09-25,MEASURED WORKBOOK,0,48,0,16.4,Broad commercial,Maybach service/repair discovery,/brands/maybach-service-dubai,,EXISTING OWNER,One broad booking and directory owner,General repair
maybach service center,maybach service center,Maybach,Master Keywords!A512,DIGI-TEC_SEO_Keyword_Universe_Dubai.xlsx,2026-04-12 to 2026-09-25,MEASURED WORKBOOK,0,36,0,15.03,Broad commercial,Maybach service/repair discovery,/brands/maybach-service-dubai,,EXISTING OWNER,One broad booking and directory owner,General repair
maybach repair,maybach repair,Maybach,Master Keywords!A617,DIGI-TEC_SEO_Keyword_Universe_Dubai.xlsx,2026-04-12 to 2026-09-25,MEASURED WORKBOOK,0,29,0,20.86,Broad commercial,Maybach service/repair discovery,/brands/maybach-service-dubai,,EXISTING OWNER,One broad booking and directory owner,General repair
maybach repair dubai,maybach repair dubai,Maybach,Master Keywords!A813,DIGI-TEC_SEO_Keyword_Universe_Dubai.xlsx,2026-04-12 to 2026-09-25,MEASURED WORKBOOK,1,21,0.047599999999999996,6.57,Broad commercial,Maybach service/repair discovery,/brands/maybach-service-dubai,,EXISTING OWNER,One broad booking and directory owner,General repair
maybach ac compressor replacement dubai,maybach ac compressor replacement dubai,Maybach,Master Keywords!A1713,DIGI-TEC_SEO_Keyword_Universe_Dubai.xlsx,,GENERATED TAXONOMY,,,,,Commercial service,Maybach Suspension repair,/brands/maybach-service-dubai/suspension-repair,/brands/maybach-service-dubai,EXISTING OWNER,Existing brand-specific service; exact vehicle scope confirmed,AC & cooling
maybach ac condenser replacement dubai,maybach ac condenser replacement dubai,Maybach,Master Keywords!A1714,DIGI-TEC_SEO_Keyword_Universe_Dubai.xlsx,,GENERATED TAXONOMY,,,,,Commercial service,Maybach AC repair,/brands/maybach-service-dubai/ac-repair,/brands/maybach-service-dubai,EXISTING OWNER,Existing brand-specific service; exact vehicle scope confirmed,AC & cooling
maybach ac gas refill dubai,maybach ac gas refill dubai,Maybach,Master Keywords!A1715,DIGI-TEC_SEO_Keyword_Universe_Dubai.xlsx,,GENERATED TAXONOMY,,,,,Commercial service,Maybach AC repair,/brands/maybach-service-dubai/ac-repair,/brands/maybach-service-dubai,EXISTING OWNER,Existing brand-specific service; exact vehicle scope confirmed,AC & cooling
maybach ac leak repair dubai,maybach ac leak repair dubai,Maybach,Master Keywords!A1716,DIGI-TEC_SEO_Keyword_Universe_Dubai.xlsx,,GENERATED TAXONOMY,,,,,Commercial service,Maybach AC repair,/brands/maybach-service-dubai/ac-repair,/brands/maybach-service-dubai,EXISTING OWNER,Existing brand-specific service; exact vehicle scope confirmed,AC & cooling
maybach ac not cooling dubai,maybach ac not cooling dubai,Maybach,Master Keywords!A1717,DIGI-TEC_SEO_Keyword_Universe_Dubai.xlsx,,GENERATED TAXONOMY,,,,,Service section,Symptom assessment,/brands/maybach-service-dubai/ac-repair,/brands/maybach-service-dubai,EXISTING OWNER,Existing service provides diagnostic path; no thin symptom URL,AC & cooling
maybach ac repair dubai,maybach ac repair dubai,Maybach,Master Keywords!A1718,DIGI-TEC_SEO_Keyword_Universe_Dubai.xlsx,,GENERATED TAXONOMY,,,,,Commercial service,Maybach AC repair,/brands/maybach-service-dubai/ac-repair,/brands/maybach-service-dubai,EXISTING OWNER,Existing brand-specific service; exact vehicle scope confirmed,AC & cooling
maybach air conditioning repair dubai,maybach air conditioning repair dubai,Maybach,Master Keywords!A1719,DIGI-TEC_SEO_Keyword_Universe_Dubai.xlsx,,GENERATED TAXONOMY,,,,,Commercial service,Maybach AC repair,/brands/maybach-service-dubai/ac-repair,/brands/maybach-service-dubai,EXISTING OWNER,Existing brand-specific service; exact vehicle scope confirmed,AC & cooling
maybach coolant leak repair dubai,maybach coolant leak repair dubai,Maybach,Master Keywords!A1720,DIGI-TEC_SEO_Keyword_Universe_Dubai.xlsx,,GENERATED TAXONOMY,,,,,Service section,Symptom assessment,/brands/maybach-service-dubai/mechanical-repair,/brands/maybach-service-dubai,EXISTING OWNER,Existing service provides diagnostic path; no thin symptom URL,AC & cooling
maybach cooling system repair dubai,maybach cooling system repair dubai,Maybach,Master Keywords!A1721,DIGI-TEC_SEO_Keyword_Universe_Dubai.xlsx,,GENERATED TAXONOMY,,,,,Commercial service,Maybach Mechanical repair,/brands/maybach-service-dubai/mechanical-repair,/brands/maybach-service-dubai,EXISTING OWNER,Existing brand-specific service; exact vehicle scope confirmed,AC & cooling
maybach overheating repair dubai,maybach overheating repair dubai,Maybach,Master Keywords!A1722,DIGI-TEC_SEO_Keyword_Universe_Dubai.xlsx,,GENERATED TAXONOMY,,,,,Service section,Symptom assessment,/brands/maybach-service-dubai/mechanical-repair,/brands/maybach-service-dubai,EXISTING OWNER,Existing service provides diagnostic path; no thin symptom URL,AC & cooling
maybach radiator repair dubai,maybach radiator repair dubai,Maybach,Master Keywords!A1723,DIGI-TEC_SEO_Keyword_Universe_Dubai.xlsx,,GENERATED TAXONOMY,,,,,Commercial service,Maybach Mechanical repair,/brands/maybach-service-dubai/mechanical-repair,/brands/maybach-service-dubai,EXISTING OWNER,Existing brand-specific service; exact vehicle scope confirmed,AC & cooling
maybach thermostat replacement dubai,maybach thermostat replacement dubai,Maybach,Master Keywords!A1724,DIGI-TEC_SEO_Keyword_Universe_Dubai.xlsx,,GENERATED TAXONOMY,,,,,Commercial service,Maybach Mechanical repair,/brands/maybach-service-dubai/mechanical-repair,/brands/maybach-service-dubai,EXISTING OWNER,Existing brand-specific service; exact vehicle scope confirmed,AC & cooling
maybach water pump replacement dubai,maybach water pump replacement dubai,Maybach,Master Keywords!A1725,DIGI-TEC_SEO_Keyword_Universe_Dubai.xlsx,,GENERATED TAXONOMY,,,,,Commercial service,Maybach Mechanical repair,/brands/maybach-service-dubai/mechanical-repair,/brands/maybach-service-dubai,EXISTING OWNER,Existing brand-specific service; exact vehicle scope confirmed,AC & cooling
maybach abs repair dubai,maybach abs repair dubai,Maybach,Master Keywords!A1726,DIGI-TEC_SEO_Keyword_Universe_Dubai.xlsx,,GENERATED TAXONOMY,,,,,Commercial service,Maybach Brake repair,/brands/maybach-service-dubai/brake-repair,/brands/maybach-service-dubai,EXISTING OWNER,Existing brand-specific service; exact vehicle scope confirmed,Brakes
maybach abs warning light dubai,maybach abs warning light dubai,Maybach,Master Keywords!A1727,DIGI-TEC_SEO_Keyword_Universe_Dubai.xlsx,,GENERATED TAXONOMY,,,,,Commercial service,Maybach Diagnostics,/brands/maybach-service-dubai/engine-diagnostics,/brands/maybach-service-dubai,EXISTING OWNER,Existing brand-specific service; exact vehicle scope confirmed,Brakes
maybach brake disc replacement dubai,maybach brake disc replacement dubai,Maybach,Master Keywords!A1728,DIGI-TEC_SEO_Keyword_Universe_Dubai.xlsx,,GENERATED TAXONOMY,,,,,Commercial service,Maybach Brake repair,/brands/maybach-service-dubai/brake-repair,/brands/maybach-service-dubai,EXISTING OWNER,Existing brand-specific service; exact vehicle scope confirmed,Brakes
maybach brake fluid change dubai,maybach brake fluid change dubai,Maybach,Master Keywords!A1729,DIGI-TEC_SEO_Keyword_Universe_Dubai.xlsx,,GENERATED TAXONOMY,,,,,Commercial service,Maybach Brake repair,/brands/maybach-service-dubai/brake-repair,/brands/maybach-service-dubai,EXISTING OWNER,Existing brand-specific service; exact vehicle scope confirmed,Brakes
maybach brake pad replacement dubai,maybach brake pad replacement dubai,Maybach,Master Keywords!A1730,DIGI-TEC_SEO_Keyword_Universe_Dubai.xlsx,,GENERATED TAXONOMY,,,,,Commercial service,Maybach Brake repair,/brands/maybach-service-dubai/brake-repair,/brands/maybach-service-dubai,EXISTING OWNER,Existing brand-specific service; exact vehicle scope confirmed,Brakes
maybach brake repair dubai,maybach brake repair dubai,Maybach,Master Keywords!A1731,DIGI-TEC_SEO_Keyword_Universe_Dubai.xlsx,,GENERATED TAXONOMY,,,,,Commercial service,Maybach Brake repair,/brands/maybach-service-dubai/brake-repair,/brands/maybach-service-dubai,EXISTING OWNER,Existing brand-specific service; exact vehicle scope confirmed,Brakes
maybach brake rotor replacement dubai,maybach brake rotor replacement dubai,Maybach,Master Keywords!A1732,DIGI-TEC_SEO_Keyword_Universe_Dubai.xlsx,,GENERATED TAXONOMY,,,,,Commercial service,Maybach Brake repair,/brands/maybach-service-dubai/brake-repair,/brands/maybach-service-dubai,EXISTING OWNER,Existing brand-specific service; exact vehicle scope confirmed,Brakes
maybach brake service dubai,maybach brake service dubai,Maybach,Master Keywords!A1733,DIGI-TEC_SEO_Keyword_Universe_Dubai.xlsx,,GENERATED TAXONOMY,,,,,Commercial service,Maybach Brake repair,/brands/maybach-service-dubai/brake-repair,/brands/maybach-service-dubai,EXISTING OWNER,Existing brand-specific service; exact vehicle scope confirmed,Brakes
maybach brake squeaking repair dubai,maybach brake squeaking repair dubai,Maybach,Master Keywords!A1734,DIGI-TEC_SEO_Keyword_Universe_Dubai.xlsx,,GENERATED TAXONOMY,,,,,Commercial service,Maybach Brake repair,/brands/maybach-service-dubai/brake-repair,/brands/maybach-service-dubai,EXISTING OWNER,Existing brand-specific service; exact vehicle scope confirmed,Brakes
maybach brake vibration repair dubai,maybach brake vibration repair dubai,Maybach,Master Keywords!A1735,DIGI-TEC_SEO_Keyword_Universe_Dubai.xlsx,,GENERATED TAXONOMY,,,,,Commercial service,Maybach Brake repair,/brands/maybach-service-dubai/brake-repair,/brands/maybach-service-dubai,EXISTING OWNER,Existing brand-specific service; exact vehicle scope confirmed,Brakes
maybach check engine light dubai,maybach check engine light dubai,Maybach,Master Keywords!A1736,DIGI-TEC_SEO_Keyword_Universe_Dubai.xlsx,,GENERATED TAXONOMY,,,,,Service section,Symptom assessment,/brands/maybach-service-dubai/engine-diagnostics,/brands/maybach-service-dubai,EXISTING OWNER,Existing service provides diagnostic path; no thin symptom URL,Diagnostics & warning lights
maybach computer diagnostics dubai,maybach computer diagnostics dubai,Maybach,Master Keywords!A1737,DIGI-TEC_SEO_Keyword_Universe_Dubai.xlsx,,GENERATED TAXONOMY,,,,,Commercial service,Maybach Diagnostics,/brands/maybach-service-dubai/engine-diagnostics,/brands/maybach-service-dubai,EXISTING OWNER,Existing brand-specific service; exact vehicle scope confirmed,Diagnostics & warning lights
maybach dashboard warning light dubai,maybach dashboard warning light dubai,Maybach,Master Keywords!A1738,DIGI-TEC_SEO_Keyword_Universe_Dubai.xlsx,,GENERATED TAXONOMY,,,,,Commercial service,Maybach Diagnostics,/brands/maybach-service-dubai/engine-diagnostics,/brands/maybach-service-dubai,EXISTING OWNER,Existing brand-specific service; exact vehicle scope confirmed,Diagnostics & warning lights
maybach diagnostic scan dubai,maybach diagnostic scan dubai,Maybach,Master Keywords!A1739,DIGI-TEC_SEO_Keyword_Universe_Dubai.xlsx,,GENERATED TAXONOMY,,,,,Commercial service,Maybach Diagnostics,/brands/maybach-service-dubai/engine-diagnostics,/brands/maybach-service-dubai,EXISTING OWNER,Existing brand-specific service; exact vehicle scope confirmed,Diagnostics & warning lights
maybach diagnostics dubai,maybach diagnostics dubai,Maybach,Master Keywords!A1740,DIGI-TEC_SEO_Keyword_Universe_Dubai.xlsx,,GENERATED TAXONOMY,,,,,Commercial service,Maybach Diagnostics,/brands/maybach-service-dubai/engine-diagnostics,/brands/maybach-service-dubai,EXISTING OWNER,Existing brand-specific service; exact vehicle scope confirmed,Diagnostics & warning lights
maybach engine warning light dubai,maybach engine warning light dubai,Maybach,Master Keywords!A1741,DIGI-TEC_SEO_Keyword_Universe_Dubai.xlsx,,GENERATED TAXONOMY,,,,,Commercial service,Maybach Diagnostics,/brands/maybach-service-dubai/engine-diagnostics,/brands/maybach-service-dubai,EXISTING OWNER,Existing brand-specific service; exact vehicle scope confirmed,Diagnostics & warning lights
maybach fault code scanning dubai,maybach fault code scanning dubai,Maybach,Master Keywords!A1742,DIGI-TEC_SEO_Keyword_Universe_Dubai.xlsx,,GENERATED TAXONOMY,,,,,Commercial service,Maybach Diagnostics,/brands/maybach-service-dubai/engine-diagnostics,/brands/maybach-service-dubai,EXISTING OWNER,Existing brand-specific service; exact vehicle scope confirmed,Diagnostics & warning lights
maybach fault diagnosis dubai,maybach fault diagnosis dubai,Maybach,Master Keywords!A1743,DIGI-TEC_SEO_Keyword_Universe_Dubai.xlsx,,GENERATED TAXONOMY,,,,,Commercial service,Maybach Diagnostics,/brands/maybach-service-dubai/engine-diagnostics,/brands/maybach-service-dubai,EXISTING OWNER,Existing brand-specific service; exact vehicle scope confirmed,Diagnostics & warning lights
maybach alternator repair dubai,maybach alternator repair dubai,Maybach,Master Keywords!A1744,DIGI-TEC_SEO_Keyword_Universe_Dubai.xlsx,,GENERATED TAXONOMY,,,,,Commercial service,Maybach Electrical assessment,/brands/maybach-service-dubai/electrical-repair,/brands/maybach-service-dubai,EXISTING OWNER,Existing brand-specific service; exact vehicle scope confirmed,Electrical
maybach alternator replacement dubai,maybach alternator replacement dubai,Maybach,Master Keywords!A1745,DIGI-TEC_SEO_Keyword_Universe_Dubai.xlsx,,GENERATED TAXONOMY,,,,,Commercial service,Maybach Electrical assessment,/brands/maybach-service-dubai/electrical-repair,/brands/maybach-service-dubai,EXISTING OWNER,Existing brand-specific service; exact vehicle scope confirmed,Electrical
maybach battery drain repair dubai,maybach battery drain repair dubai,Maybach,Master Keywords!A1746,DIGI-TEC_SEO_Keyword_Universe_Dubai.xlsx,,GENERATED TAXONOMY,,,,,Commercial service,Maybach Low-voltage battery assessment,/brands/maybach-service-dubai/battery-replacement,/brands/maybach-service-dubai,EXISTING OWNER,Existing brand-specific service; exact vehicle scope confirmed,Electrical
maybach battery replacement dubai,maybach battery replacement dubai,Maybach,Master Keywords!A1747,DIGI-TEC_SEO_Keyword_Universe_Dubai.xlsx,,GENERATED TAXONOMY,,,,,Commercial service,Maybach Low-voltage battery assessment,/brands/maybach-service-dubai/battery-replacement,/brands/maybach-service-dubai,EXISTING OWNER,Existing brand-specific service; exact vehicle scope confirmed,Electrical
maybach coding service dubai,maybach coding service dubai,Maybach,Master Keywords!A1748,DIGI-TEC_SEO_Keyword_Universe_Dubai.xlsx,,GENERATED TAXONOMY,,,,,Commercial service,Maybach Diagnostics,/brands/maybach-service-dubai/engine-diagnostics,/brands/maybach-service-dubai,EXISTING OWNER,Existing brand-specific service; exact vehicle scope confirmed,Electrical
maybach ecu programming dubai,maybach ecu programming dubai,Maybach,Master Keywords!A1749,DIGI-TEC_SEO_Keyword_Universe_Dubai.xlsx,,GENERATED TAXONOMY,,,,,Commercial service,Maybach Diagnostics,/brands/maybach-service-dubai/engine-diagnostics,/brands/maybach-service-dubai,EXISTING OWNER,Existing brand-specific service; exact vehicle scope confirmed,Electrical
maybach ecu repair dubai,maybach ecu repair dubai,Maybach,Master Keywords!A1750,DIGI-TEC_SEO_Keyword_Universe_Dubai.xlsx,,GENERATED TAXONOMY,,,,,Commercial service,Maybach Electrical assessment,/brands/maybach-service-dubai/electrical-repair,/brands/maybach-service-dubai,EXISTING OWNER,Existing brand-specific service; exact vehicle scope confirmed,Electrical
maybach electrical diagnostics dubai,maybach electrical diagnostics dubai,Maybach,Master Keywords!A1751,DIGI-TEC_SEO_Keyword_Universe_Dubai.xlsx,,GENERATED TAXONOMY,,,,,Commercial service,Maybach Diagnostics,/brands/maybach-service-dubai/engine-diagnostics,/brands/maybach-service-dubai,EXISTING OWNER,Existing brand-specific service; exact vehicle scope confirmed,Electrical
maybach electrical repair dubai,maybach electrical repair dubai,Maybach,Master Keywords!A1752,DIGI-TEC_SEO_Keyword_Universe_Dubai.xlsx,,GENERATED TAXONOMY,,,,,Commercial service,Maybach Electrical assessment,/brands/maybach-service-dubai/electrical-repair,/brands/maybach-service-dubai,EXISTING OWNER,Existing brand-specific service; exact vehicle scope confirmed,Electrical
maybach key programming dubai,maybach key programming dubai,Maybach,Master Keywords!A1753,DIGI-TEC_SEO_Keyword_Universe_Dubai.xlsx,,GENERATED TAXONOMY,,,,,Unverified service,Unverified exact function,,,NOT TARGETED — INTENTIONALLY,Keyword evidence does not establish exact workshop capability,Electrical
maybach keyless entry repair dubai,maybach keyless entry repair dubai,Maybach,Master Keywords!A1754,DIGI-TEC_SEO_Keyword_Universe_Dubai.xlsx,,GENERATED TAXONOMY,,,,,Broad commercial,Maybach service/repair discovery,/brands/maybach-service-dubai,,EXISTING OWNER,One broad booking and directory owner,Electrical
maybach module programming dubai,maybach module programming dubai,Maybach,Master Keywords!A1755,DIGI-TEC_SEO_Keyword_Universe_Dubai.xlsx,,GENERATED TAXONOMY,,,,,Commercial service,Maybach Diagnostics,/brands/maybach-service-dubai/engine-diagnostics,/brands/maybach-service-dubai,EXISTING OWNER,Existing brand-specific service; exact vehicle scope confirmed,Electrical
maybach module repair dubai,maybach module repair dubai,Maybach,Master Keywords!A1756,DIGI-TEC_SEO_Keyword_Universe_Dubai.xlsx,,GENERATED TAXONOMY,,,,,Commercial service,Maybach Electrical assessment,/brands/maybach-service-dubai/electrical-repair,/brands/maybach-service-dubai,EXISTING OWNER,Existing brand-specific service; exact vehicle scope confirmed,Electrical
maybach sensor replacement dubai,maybach sensor replacement dubai,Maybach,Master Keywords!A1757,DIGI-TEC_SEO_Keyword_Universe_Dubai.xlsx,,GENERATED TAXONOMY,,,,,Commercial service,Maybach Electrical assessment,/brands/maybach-service-dubai/electrical-repair,/brands/maybach-service-dubai,EXISTING OWNER,Existing brand-specific service; exact vehicle scope confirmed,Electrical
maybach starter motor repair dubai,maybach starter motor repair dubai,Maybach,Master Keywords!A1758,DIGI-TEC_SEO_Keyword_Universe_Dubai.xlsx,,GENERATED TAXONOMY,,,,,Commercial service,Maybach Low-voltage battery assessment,/brands/maybach-service-dubai/battery-replacement,/brands/maybach-service-dubai,EXISTING OWNER,Existing brand-specific service; exact vehicle scope confirmed,Electrical
maybach starter replacement dubai,maybach starter replacement dubai,Maybach,Master Keywords!A1759,DIGI-TEC_SEO_Keyword_Universe_Dubai.xlsx,,GENERATED TAXONOMY,,,,,Commercial service,Maybach Low-voltage battery assessment,/brands/maybach-service-dubai/battery-replacement,/brands/maybach-service-dubai,EXISTING OWNER,Existing brand-specific service; exact vehicle scope confirmed,Electrical
maybach wiring repair dubai,maybach wiring repair dubai,Maybach,Master Keywords!A1760,DIGI-TEC_SEO_Keyword_Universe_Dubai.xlsx,,GENERATED TAXONOMY,,,,,Commercial service,Maybach Electrical assessment,/brands/maybach-service-dubai/electrical-repair,/brands/maybach-service-dubai,EXISTING OWNER,Existing brand-specific service; exact vehicle scope confirmed,Electrical
maybach engine mount replacement dubai,maybach engine mount replacement dubai,Maybach,Master Keywords!A1761,DIGI-TEC_SEO_Keyword_Universe_Dubai.xlsx,,GENERATED TAXONOMY,,,,,Commercial service,Maybach Mechanical repair,/brands/maybach-service-dubai/mechanical-repair,/brands/maybach-service-dubai,EXISTING OWNER,Existing brand-specific service; exact vehicle scope confirmed,Engine
maybach engine oil leak repair dubai,maybach engine oil leak repair dubai,Maybach,Master Keywords!A1762,DIGI-TEC_SEO_Keyword_Universe_Dubai.xlsx,,GENERATED TAXONOMY,,,,,Service section,Symptom assessment,/brands/maybach-service-dubai/mechanical-repair,/brands/maybach-service-dubai,EXISTING OWNER,Existing service provides diagnostic path; no thin symptom URL,Engine
maybach engine overhaul dubai,maybach engine overhaul dubai,Maybach,Master Keywords!A1763,DIGI-TEC_SEO_Keyword_Universe_Dubai.xlsx,,GENERATED TAXONOMY,,,,,Commercial service,Maybach Mechanical repair,/brands/maybach-service-dubai/mechanical-repair,/brands/maybach-service-dubai,EXISTING OWNER,Existing brand-specific service; exact vehicle scope confirmed,Engine
maybach engine overheating repair dubai,maybach engine overheating repair dubai,Maybach,Master Keywords!A1764,DIGI-TEC_SEO_Keyword_Universe_Dubai.xlsx,,GENERATED TAXONOMY,,,,,Service section,Symptom assessment,/brands/maybach-service-dubai/mechanical-repair,/brands/maybach-service-dubai,EXISTING OWNER,Existing service provides diagnostic path; no thin symptom URL,Engine
maybach engine rebuild dubai,maybach engine rebuild dubai,Maybach,Master Keywords!A1765,DIGI-TEC_SEO_Keyword_Universe_Dubai.xlsx,,GENERATED TAXONOMY,,,,,Commercial service,Maybach Mechanical repair,/brands/maybach-service-dubai/mechanical-repair,/brands/maybach-service-dubai,EXISTING OWNER,Existing brand-specific service; exact vehicle scope confirmed,Engine
maybach engine repair dubai,maybach engine repair dubai,Maybach,Master Keywords!A1766,DIGI-TEC_SEO_Keyword_Universe_Dubai.xlsx,,GENERATED TAXONOMY,,,,,Commercial service,Maybach Mechanical repair,/brands/maybach-service-dubai/mechanical-repair,/brands/maybach-service-dubai,EXISTING OWNER,Existing brand-specific service; exact vehicle scope confirmed,Engine
maybach engine replacement dubai,maybach engine replacement dubai,Maybach,Master Keywords!A1767,DIGI-TEC_SEO_Keyword_Universe_Dubai.xlsx,,GENERATED TAXONOMY,,,,,Commercial service,Maybach Mechanical repair,/brands/maybach-service-dubai/mechanical-repair,/brands/maybach-service-dubai,EXISTING OWNER,Existing brand-specific service; exact vehicle scope confirmed,Engine
maybach loss of power repair dubai,maybach loss of power repair dubai,Maybach,Master Keywords!A1768,DIGI-TEC_SEO_Keyword_Universe_Dubai.xlsx,,GENERATED TAXONOMY,,,,,Service section,Symptom assessment,/brands/maybach-service-dubai/engine-diagnostics,/brands/maybach-service-dubai,EXISTING OWNER,Existing service provides diagnostic path; no thin symptom URL,Engine
maybach misfire repair dubai,maybach misfire repair dubai,Maybach,Master Keywords!A1769,DIGI-TEC_SEO_Keyword_Universe_Dubai.xlsx,,GENERATED TAXONOMY,,,,,Broad commercial,Maybach service/repair discovery,/brands/maybach-service-dubai,,EXISTING OWNER,One broad booking and directory owner,Engine
maybach timing belt replacement dubai,maybach timing belt replacement dubai,Maybach,Master Keywords!A1770,DIGI-TEC_SEO_Keyword_Universe_Dubai.xlsx,,GENERATED TAXONOMY,,,,,Commercial service,Maybach Mechanical repair,/brands/maybach-service-dubai/mechanical-repair,/brands/maybach-service-dubai,EXISTING OWNER,Existing brand-specific service; exact vehicle scope confirmed,Engine
maybach timing chain repair dubai,maybach timing chain repair dubai,Maybach,Master Keywords!A1771,DIGI-TEC_SEO_Keyword_Universe_Dubai.xlsx,,GENERATED TAXONOMY,,,,,Commercial service,Maybach Mechanical repair,/brands/maybach-service-dubai/mechanical-repair,/brands/maybach-service-dubai,EXISTING OWNER,Existing brand-specific service; exact vehicle scope confirmed,Engine
maybach valve cover gasket replacement dubai,maybach valve cover gasket replacement dubai,Maybach,Master Keywords!A1772,DIGI-TEC_SEO_Keyword_Universe_Dubai.xlsx,,GENERATED TAXONOMY,,,,,Broad commercial,Maybach service/repair discovery,/brands/maybach-service-dubai,,EXISTING OWNER,One broad booking and directory owner,Engine
maybach car repair dubai,maybach car repair dubai,Maybach,Master Keywords!A1773,DIGI-TEC_SEO_Keyword_Universe_Dubai.xlsx,,GENERATED TAXONOMY,,,,,Broad commercial,Maybach service/repair discovery,/brands/maybach-service-dubai,,EXISTING OWNER,One broad booking and directory owner,General repair
maybach garage dubai,maybach garage dubai,Maybach,Master Keywords!A1774,DIGI-TEC_SEO_Keyword_Universe_Dubai.xlsx,,GENERATED TAXONOMY,,,,,Broad commercial,Maybach service/repair discovery,/brands/maybach-service-dubai,,EXISTING OWNER,One broad booking and directory owner,General repair
maybach maintenance dubai,maybach maintenance dubai,Maybach,Master Keywords!A1775,DIGI-TEC_SEO_Keyword_Universe_Dubai.xlsx,,GENERATED TAXONOMY,,,,,Informational,Maintenance planning,/blog/maybach-best-workshop-dubai,/brands/maybach-service-dubai,EXISTING OWNER,Existing guide supports broad hub booking,General repair
maybach service centre dubai,maybach service center dubai,Maybach,Master Keywords!A1776,DIGI-TEC_SEO_Keyword_Universe_Dubai.xlsx,,GENERATED TAXONOMY,,,,,Broad commercial,Maybach service/repair discovery,/brands/maybach-service-dubai,,EXISTING OWNER,One broad booking and directory owner,General repair
maybach service dubai,maybach service dubai,Maybach,Master Keywords!A1777,DIGI-TEC_SEO_Keyword_Universe_Dubai.xlsx,,GENERATED TAXONOMY,,,,,Broad commercial,Maybach service/repair discovery,/brands/maybach-service-dubai,,EXISTING OWNER,One broad booking and directory owner,General repair
maybach specialist dubai,maybach specialist dubai,Maybach,Master Keywords!A1778,DIGI-TEC_SEO_Keyword_Universe_Dubai.xlsx,,GENERATED TAXONOMY,,,,,Broad commercial,Maybach service/repair discovery,/brands/maybach-service-dubai,,EXISTING OWNER,One broad booking and directory owner,General repair
maybach workshop dubai,maybach workshop dubai,Maybach,Master Keywords!A1779,DIGI-TEC_SEO_Keyword_Universe_Dubai.xlsx,,GENERATED TAXONOMY,,,,,Broad commercial,Maybach service/repair discovery,/brands/maybach-service-dubai,,EXISTING OWNER,One broad booking and directory owner,General repair
maybach air suspension compressor replacement dubai,maybach air suspension compressor replacement dubai,Maybach,Master Keywords!A1780,DIGI-TEC_SEO_Keyword_Universe_Dubai.xlsx,,GENERATED TAXONOMY,,,,,Commercial service,Maybach Suspension repair,/brands/maybach-service-dubai/suspension-repair,/brands/maybach-service-dubai,EXISTING OWNER,Existing brand-specific service; exact vehicle scope confirmed,Suspension
maybach air suspension repair dubai,maybach air suspension repair dubai,Maybach,Master Keywords!A1781,DIGI-TEC_SEO_Keyword_Universe_Dubai.xlsx,,GENERATED TAXONOMY,,,,,Commercial service,Maybach Suspension repair,/brands/maybach-service-dubai/suspension-repair,/brands/maybach-service-dubai,EXISTING OWNER,Existing brand-specific service; exact vehicle scope confirmed,Suspension
maybach bushing replacement dubai,maybach bushing replacement dubai,Maybach,Master Keywords!A1782,DIGI-TEC_SEO_Keyword_Universe_Dubai.xlsx,,GENERATED TAXONOMY,,,,,Commercial service,Maybach Suspension repair,/brands/maybach-service-dubai/suspension-repair,/brands/maybach-service-dubai,EXISTING OWNER,Existing brand-specific service; exact vehicle scope confirmed,Suspension
maybach control arm replacement dubai,maybach control arm replacement dubai,Maybach,Master Keywords!A1783,DIGI-TEC_SEO_Keyword_Universe_Dubai.xlsx,,GENERATED TAXONOMY,,,,,Commercial service,Maybach Suspension repair,/brands/maybach-service-dubai/suspension-repair,/brands/maybach-service-dubai,EXISTING OWNER,Existing brand-specific service; exact vehicle scope confirmed,Suspension
maybach ride height adjustment dubai,maybach ride height adjustment dubai,Maybach,Master Keywords!A1784,DIGI-TEC_SEO_Keyword_Universe_Dubai.xlsx,,GENERATED TAXONOMY,,,,,Commercial service,Maybach Suspension repair,/brands/maybach-service-dubai/suspension-repair,/brands/maybach-service-dubai,EXISTING OWNER,Existing brand-specific service; exact vehicle scope confirmed,Suspension
maybach shock absorber replacement dubai,maybach shock absorber replacement dubai,Maybach,Master Keywords!A1785,DIGI-TEC_SEO_Keyword_Universe_Dubai.xlsx,,GENERATED TAXONOMY,,,,,Commercial service,Maybach Suspension repair,/brands/maybach-service-dubai/suspension-repair,/brands/maybach-service-dubai,EXISTING OWNER,Existing brand-specific service; exact vehicle scope confirmed,Suspension
maybach strut replacement dubai,maybach strut replacement dubai,Maybach,Master Keywords!A1786,DIGI-TEC_SEO_Keyword_Universe_Dubai.xlsx,,GENERATED TAXONOMY,,,,,Broad commercial,Maybach service/repair discovery,/brands/maybach-service-dubai,,EXISTING OWNER,One broad booking and directory owner,Suspension
maybach suspension noise repair dubai,maybach suspension noise repair dubai,Maybach,Master Keywords!A1787,DIGI-TEC_SEO_Keyword_Universe_Dubai.xlsx,,GENERATED TAXONOMY,,,,,Commercial service,Maybach Suspension repair,/brands/maybach-service-dubai/suspension-repair,/brands/maybach-service-dubai,EXISTING OWNER,Existing brand-specific service; exact vehicle scope confirmed,Suspension
maybach suspension repair dubai,maybach suspension repair dubai,Maybach,Master Keywords!A1788,DIGI-TEC_SEO_Keyword_Universe_Dubai.xlsx,,GENERATED TAXONOMY,,,,,Commercial service,Maybach Suspension repair,/brands/maybach-service-dubai/suspension-repair,/brands/maybach-service-dubai,EXISTING OWNER,Existing brand-specific service; exact vehicle scope confirmed,Suspension
maybach suspension warning light dubai,maybach suspension warning light dubai,Maybach,Master Keywords!A1789,DIGI-TEC_SEO_Keyword_Universe_Dubai.xlsx,,GENERATED TAXONOMY,,,,,Service section,Symptom assessment,/brands/maybach-service-dubai/suspension-repair,/brands/maybach-service-dubai,EXISTING OWNER,Existing service provides diagnostic path; no thin symptom URL,Suspension
maybach gear shifting problem dubai,maybach gear shifting problem dubai,Maybach,Master Keywords!A1790,DIGI-TEC_SEO_Keyword_Universe_Dubai.xlsx,,GENERATED TAXONOMY,,,,,Broad commercial,Maybach service/repair discovery,/brands/maybach-service-dubai,,EXISTING OWNER,One broad booking and directory owner,Transmission & gearbox
maybach gearbox oil change dubai,maybach gearbox oil change dubai,Maybach,Master Keywords!A1791,DIGI-TEC_SEO_Keyword_Universe_Dubai.xlsx,,GENERATED TAXONOMY,,,,,Commercial service,Maybach Gearbox repair,/brands/maybach-service-dubai/transmission-repair,/brands/maybach-service-dubai,EXISTING OWNER,Existing brand-specific service; exact vehicle scope confirmed,Transmission & gearbox
maybach gearbox rebuild dubai,maybach gearbox rebuild dubai,Maybach,Master Keywords!A1792,DIGI-TEC_SEO_Keyword_Universe_Dubai.xlsx,,GENERATED TAXONOMY,,,,,Commercial service,Maybach Gearbox repair,/brands/maybach-service-dubai/transmission-repair,/brands/maybach-service-dubai,EXISTING OWNER,Existing brand-specific service; exact vehicle scope confirmed,Transmission & gearbox
maybach gearbox repair dubai,maybach gearbox repair dubai,Maybach,Master Keywords!A1793,DIGI-TEC_SEO_Keyword_Universe_Dubai.xlsx,,GENERATED TAXONOMY,,,,,Commercial service,Maybach Gearbox repair,/brands/maybach-service-dubai/transmission-repair,/brands/maybach-service-dubai,EXISTING OWNER,Existing brand-specific service; exact vehicle scope confirmed,Transmission & gearbox
maybach gearbox replacement dubai,maybach gearbox replacement dubai,Maybach,Master Keywords!A1794,DIGI-TEC_SEO_Keyword_Universe_Dubai.xlsx,,GENERATED TAXONOMY,,,,,Commercial service,Maybach Gearbox repair,/brands/maybach-service-dubai/transmission-repair,/brands/maybach-service-dubai,EXISTING OWNER,Existing brand-specific service; exact vehicle scope confirmed,Transmission & gearbox
maybach gearbox service dubai,maybach gearbox service dubai,Maybach,Master Keywords!A1795,DIGI-TEC_SEO_Keyword_Universe_Dubai.xlsx,,GENERATED TAXONOMY,,,,,Commercial service,Maybach Gearbox repair,/brands/maybach-service-dubai/transmission-repair,/brands/maybach-service-dubai,EXISTING OWNER,Existing brand-specific service; exact vehicle scope confirmed,Transmission & gearbox
maybach transmission leak repair dubai,maybach gearbox leak repair dubai,Maybach,Master Keywords!A1796,DIGI-TEC_SEO_Keyword_Universe_Dubai.xlsx,,GENERATED TAXONOMY,,,,,Commercial service,Maybach Gearbox repair,/brands/maybach-service-dubai/transmission-repair,/brands/maybach-service-dubai,EXISTING OWNER,Existing brand-specific service; exact vehicle scope confirmed,Transmission & gearbox
maybach transmission oil change dubai,maybach gearbox oil change dubai,Maybach,Master Keywords!A1797,DIGI-TEC_SEO_Keyword_Universe_Dubai.xlsx,,GENERATED TAXONOMY,,,,,Commercial service,Maybach Gearbox repair,/brands/maybach-service-dubai/transmission-repair,/brands/maybach-service-dubai,EXISTING OWNER,Existing brand-specific service; exact vehicle scope confirmed,Transmission & gearbox
maybach transmission rebuild dubai,maybach gearbox rebuild dubai,Maybach,Master Keywords!A1798,DIGI-TEC_SEO_Keyword_Universe_Dubai.xlsx,,GENERATED TAXONOMY,,,,,Commercial service,Maybach Gearbox repair,/brands/maybach-service-dubai/transmission-repair,/brands/maybach-service-dubai,EXISTING OWNER,Existing brand-specific service; exact vehicle scope confirmed,Transmission & gearbox
maybach transmission repair dubai,maybach gearbox repair dubai,Maybach,Master Keywords!A1799,DIGI-TEC_SEO_Keyword_Universe_Dubai.xlsx,,GENERATED TAXONOMY,,,,,Commercial service,Maybach Gearbox repair,/brands/maybach-service-dubai/transmission-repair,/brands/maybach-service-dubai,EXISTING OWNER,Existing brand-specific service; exact vehicle scope confirmed,Transmission & gearbox
maybach transmission replacement dubai,maybach gearbox replacement dubai,Maybach,Master Keywords!A1800,DIGI-TEC_SEO_Keyword_Universe_Dubai.xlsx,,GENERATED TAXONOMY,,,,,Commercial service,Maybach Gearbox repair,/brands/maybach-service-dubai/transmission-repair,/brands/maybach-service-dubai,EXISTING OWNER,Existing brand-specific service; exact vehicle scope confirmed,Transmission & gearbox
maybach transmission service dubai,maybach gearbox service dubai,Maybach,Master Keywords!A1801,DIGI-TEC_SEO_Keyword_Universe_Dubai.xlsx,,GENERATED TAXONOMY,,,,,Commercial service,Maybach Gearbox repair,/brands/maybach-service-dubai/transmission-repair,/brands/maybach-service-dubai,EXISTING OWNER,Existing brand-specific service; exact vehicle scope confirmed,Transmission & gearbox
maybach ac compressor replacement,maybach ac compressor replacement,Maybach,Master Keywords!A5065,DIGI-TEC_SEO_Keyword_Universe_Dubai.xlsx,,GENERATED TAXONOMY,,,,,Commercial service,Maybach Suspension repair,/brands/maybach-service-dubai/suspension-repair,/brands/maybach-service-dubai,EXISTING OWNER,Existing brand-specific service; exact vehicle scope confirmed,AC & cooling
maybach ac condenser replacement,maybach ac condenser replacement,Maybach,Master Keywords!A5066,DIGI-TEC_SEO_Keyword_Universe_Dubai.xlsx,,GENERATED TAXONOMY,,,,,Commercial service,Maybach AC repair,/brands/maybach-service-dubai/ac-repair,/brands/maybach-service-dubai,EXISTING OWNER,Existing brand-specific service; exact vehicle scope confirmed,AC & cooling
maybach ac gas refill,maybach ac gas refill,Maybach,Master Keywords!A5067,DIGI-TEC_SEO_Keyword_Universe_Dubai.xlsx,,GENERATED TAXONOMY,,,,,Commercial service,Maybach AC repair,/brands/maybach-service-dubai/ac-repair,/brands/maybach-service-dubai,EXISTING OWNER,Existing brand-specific service; exact vehicle scope confirmed,AC & cooling
maybach ac leak repair,maybach ac leak repair,Maybach,Master Keywords!A5068,DIGI-TEC_SEO_Keyword_Universe_Dubai.xlsx,,GENERATED TAXONOMY,,,,,Commercial service,Maybach AC repair,/brands/maybach-service-dubai/ac-repair,/brands/maybach-service-dubai,EXISTING OWNER,Existing brand-specific service; exact vehicle scope confirmed,AC & cooling
maybach ac not cooling,maybach ac not cooling,Maybach,Master Keywords!A5069,DIGI-TEC_SEO_Keyword_Universe_Dubai.xlsx,,GENERATED TAXONOMY,,,,,Service section,Symptom assessment,/brands/maybach-service-dubai/ac-repair,/brands/maybach-service-dubai,EXISTING OWNER,Existing service provides diagnostic path; no thin symptom URL,AC & cooling
maybach ac repair,maybach ac repair,Maybach,Master Keywords!A5070,DIGI-TEC_SEO_Keyword_Universe_Dubai.xlsx,,GENERATED TAXONOMY,,,,,Commercial service,Maybach AC repair,/brands/maybach-service-dubai/ac-repair,/brands/maybach-service-dubai,EXISTING OWNER,Existing brand-specific service; exact vehicle scope confirmed,AC & cooling
maybach ac repair near me,maybach ac repair near me,Maybach,Master Keywords!A5071,DIGI-TEC_SEO_Keyword_Universe_Dubai.xlsx,,GENERATED TAXONOMY,,,,,Commercial service,Maybach AC repair,/brands/maybach-service-dubai/ac-repair,/brands/maybach-service-dubai,EXISTING OWNER,Existing brand-specific service; exact vehicle scope confirmed,AC & cooling
maybach air conditioning repair,maybach air conditioning repair,Maybach,Master Keywords!A5072,DIGI-TEC_SEO_Keyword_Universe_Dubai.xlsx,,GENERATED TAXONOMY,,,,,Commercial service,Maybach AC repair,/brands/maybach-service-dubai/ac-repair,/brands/maybach-service-dubai,EXISTING OWNER,Existing brand-specific service; exact vehicle scope confirmed,AC & cooling
maybach coolant leak repair,maybach coolant leak repair,Maybach,Master Keywords!A5073,DIGI-TEC_SEO_Keyword_Universe_Dubai.xlsx,,GENERATED TAXONOMY,,,,,Service section,Symptom assessment,/brands/maybach-service-dubai/mechanical-repair,/brands/maybach-service-dubai,EXISTING OWNER,Existing service provides diagnostic path; no thin symptom URL,AC & cooling
maybach cooling system repair,maybach cooling system repair,Maybach,Master Keywords!A5074,DIGI-TEC_SEO_Keyword_Universe_Dubai.xlsx,,GENERATED TAXONOMY,,,,,Commercial service,Maybach Mechanical repair,/brands/maybach-service-dubai/mechanical-repair,/brands/maybach-service-dubai,EXISTING OWNER,Existing brand-specific service; exact vehicle scope confirmed,AC & cooling
maybach overheating repair,maybach overheating repair,Maybach,Master Keywords!A5075,DIGI-TEC_SEO_Keyword_Universe_Dubai.xlsx,,GENERATED TAXONOMY,,,,,Service section,Symptom assessment,/brands/maybach-service-dubai/mechanical-repair,/brands/maybach-service-dubai,EXISTING OWNER,Existing service provides diagnostic path; no thin symptom URL,AC & cooling
maybach radiator repair,maybach radiator repair,Maybach,Master Keywords!A5076,DIGI-TEC_SEO_Keyword_Universe_Dubai.xlsx,,GENERATED TAXONOMY,,,,,Commercial service,Maybach Mechanical repair,/brands/maybach-service-dubai/mechanical-repair,/brands/maybach-service-dubai,EXISTING OWNER,Existing brand-specific service; exact vehicle scope confirmed,AC & cooling
maybach thermostat replacement,maybach thermostat replacement,Maybach,Master Keywords!A5077,DIGI-TEC_SEO_Keyword_Universe_Dubai.xlsx,,GENERATED TAXONOMY,,,,,Commercial service,Maybach Mechanical repair,/brands/maybach-service-dubai/mechanical-repair,/brands/maybach-service-dubai,EXISTING OWNER,Existing brand-specific service; exact vehicle scope confirmed,AC & cooling
maybach water pump replacement,maybach water pump replacement,Maybach,Master Keywords!A5078,DIGI-TEC_SEO_Keyword_Universe_Dubai.xlsx,,GENERATED TAXONOMY,,,,,Commercial service,Maybach Mechanical repair,/brands/maybach-service-dubai/mechanical-repair,/brands/maybach-service-dubai,EXISTING OWNER,Existing brand-specific service; exact vehicle scope confirmed,AC & cooling
maybach accident repair,maybach accident repair,Maybach,Master Keywords!A5079,DIGI-TEC_SEO_Keyword_Universe_Dubai.xlsx,,GENERATED TAXONOMY,,,,,Commercial service,Maybach Body repair,/brands/maybach-service-dubai/body-repair,/brands/maybach-service-dubai,EXISTING OWNER,Existing brand-specific service; exact vehicle scope confirmed,Body & paint
maybach accident repair dubai,maybach accident repair dubai,Maybach,Master Keywords!A5080,DIGI-TEC_SEO_Keyword_Universe_Dubai.xlsx,,GENERATED TAXONOMY,,,,,Commercial service,Maybach Body repair,/brands/maybach-service-dubai/body-repair,/brands/maybach-service-dubai,EXISTING OWNER,Existing brand-specific service; exact vehicle scope confirmed,Body & paint
maybach body repair,maybach body repair,Maybach,Master Keywords!A5081,DIGI-TEC_SEO_Keyword_Universe_Dubai.xlsx,,GENERATED TAXONOMY,,,,,Commercial service,Maybach Body repair,/brands/maybach-service-dubai/body-repair,/brands/maybach-service-dubai,EXISTING OWNER,Existing brand-specific service; exact vehicle scope confirmed,Body & paint
maybach body repair dubai,maybach body repair dubai,Maybach,Master Keywords!A5082,DIGI-TEC_SEO_Keyword_Universe_Dubai.xlsx,,GENERATED TAXONOMY,,,,,Commercial service,Maybach Body repair,/brands/maybach-service-dubai/body-repair,/brands/maybach-service-dubai,EXISTING OWNER,Existing brand-specific service; exact vehicle scope confirmed,Body & paint
maybach body shop,maybach body shop,Maybach,Master Keywords!A5083,DIGI-TEC_SEO_Keyword_Universe_Dubai.xlsx,,GENERATED TAXONOMY,,,,,Commercial service,Maybach Body repair,/brands/maybach-service-dubai/body-repair,/brands/maybach-service-dubai,EXISTING OWNER,Existing brand-specific service; exact vehicle scope confirmed,Body & paint
maybach body shop dubai,maybach body shop dubai,Maybach,Master Keywords!A5084,DIGI-TEC_SEO_Keyword_Universe_Dubai.xlsx,,GENERATED TAXONOMY,,,,,Commercial service,Maybach Body repair,/brands/maybach-service-dubai/body-repair,/brands/maybach-service-dubai,EXISTING OWNER,Existing brand-specific service; exact vehicle scope confirmed,Body & paint
maybach bumper repair,maybach bumper repair,Maybach,Master Keywords!A5085,DIGI-TEC_SEO_Keyword_Universe_Dubai.xlsx,,GENERATED TAXONOMY,,,,,Commercial service,Maybach Body repair,/brands/maybach-service-dubai/body-repair,/brands/maybach-service-dubai,EXISTING OWNER,Existing brand-specific service; exact vehicle scope confirmed,Body & paint
maybach bumper repair dubai,maybach bumper repair dubai,Maybach,Master Keywords!A5086,DIGI-TEC_SEO_Keyword_Universe_Dubai.xlsx,,GENERATED TAXONOMY,,,,,Commercial service,Maybach Body repair,/brands/maybach-service-dubai/body-repair,/brands/maybach-service-dubai,EXISTING OWNER,Existing brand-specific service; exact vehicle scope confirmed,Body & paint
maybach car painting,maybach car painting,Maybach,Master Keywords!A5087,DIGI-TEC_SEO_Keyword_Universe_Dubai.xlsx,,GENERATED TAXONOMY,,,,,Commercial service,Maybach Body repair,/brands/maybach-service-dubai/body-repair,/brands/maybach-service-dubai,EXISTING OWNER,Existing brand-specific service; exact vehicle scope confirmed,Body & paint
maybach car painting dubai,maybach car painting dubai,Maybach,Master Keywords!A5088,DIGI-TEC_SEO_Keyword_Universe_Dubai.xlsx,,GENERATED TAXONOMY,,,,,Commercial service,Maybach Body repair,/brands/maybach-service-dubai/body-repair,/brands/maybach-service-dubai,EXISTING OWNER,Existing brand-specific service; exact vehicle scope confirmed,Body & paint
maybach dent repair,maybach dent repair,Maybach,Master Keywords!A5089,DIGI-TEC_SEO_Keyword_Universe_Dubai.xlsx,,GENERATED TAXONOMY,,,,,Commercial service,Maybach Body repair,/brands/maybach-service-dubai/body-repair,/brands/maybach-service-dubai,EXISTING OWNER,Existing brand-specific service; exact vehicle scope confirmed,Body & paint
maybach dent repair dubai,maybach dent repair dubai,Maybach,Master Keywords!A5090,DIGI-TEC_SEO_Keyword_Universe_Dubai.xlsx,,GENERATED TAXONOMY,,,,,Commercial service,Maybach Body repair,/brands/maybach-service-dubai/body-repair,/brands/maybach-service-dubai,EXISTING OWNER,Existing brand-specific service; exact vehicle scope confirmed,Body & paint
maybach paint repair,maybach paint repair,Maybach,Master Keywords!A5091,DIGI-TEC_SEO_Keyword_Universe_Dubai.xlsx,,GENERATED TAXONOMY,,,,,Commercial service,Maybach Body repair,/brands/maybach-service-dubai/body-repair,/brands/maybach-service-dubai,EXISTING OWNER,Existing brand-specific service; exact vehicle scope confirmed,Body & paint
maybach paint repair dubai,maybach paint repair dubai,Maybach,Master Keywords!A5092,DIGI-TEC_SEO_Keyword_Universe_Dubai.xlsx,,GENERATED TAXONOMY,,,,,Commercial service,Maybach Body repair,/brands/maybach-service-dubai/body-repair,/brands/maybach-service-dubai,EXISTING OWNER,Existing brand-specific service; exact vehicle scope confirmed,Body & paint
maybach panel repair,maybach panel repair,Maybach,Master Keywords!A5093,DIGI-TEC_SEO_Keyword_Universe_Dubai.xlsx,,GENERATED TAXONOMY,,,,,Commercial service,Maybach Body repair,/brands/maybach-service-dubai/body-repair,/brands/maybach-service-dubai,EXISTING OWNER,Existing brand-specific service; exact vehicle scope confirmed,Body & paint
maybach panel repair dubai,maybach panel repair dubai,Maybach,Master Keywords!A5094,DIGI-TEC_SEO_Keyword_Universe_Dubai.xlsx,,GENERATED TAXONOMY,,,,,Commercial service,Maybach Body repair,/brands/maybach-service-dubai/body-repair,/brands/maybach-service-dubai,EXISTING OWNER,Existing brand-specific service; exact vehicle scope confirmed,Body & paint
maybach scratch repair,maybach scratch repair,Maybach,Master Keywords!A5095,DIGI-TEC_SEO_Keyword_Universe_Dubai.xlsx,,GENERATED TAXONOMY,,,,,Broad commercial,Maybach service/repair discovery,/brands/maybach-service-dubai,,EXISTING OWNER,One broad booking and directory owner,Body & paint
maybach scratch repair dubai,maybach scratch repair dubai,Maybach,Master Keywords!A5096,DIGI-TEC_SEO_Keyword_Universe_Dubai.xlsx,,GENERATED TAXONOMY,,,,,Broad commercial,Maybach service/repair discovery,/brands/maybach-service-dubai,,EXISTING OWNER,One broad booking and directory owner,Body & paint
maybach abs repair,maybach abs repair,Maybach,Master Keywords!A5097,DIGI-TEC_SEO_Keyword_Universe_Dubai.xlsx,,GENERATED TAXONOMY,,,,,Commercial service,Maybach Brake repair,/brands/maybach-service-dubai/brake-repair,/brands/maybach-service-dubai,EXISTING OWNER,Existing brand-specific service; exact vehicle scope confirmed,Brakes
maybach abs warning light,maybach abs warning light,Maybach,Master Keywords!A5098,DIGI-TEC_SEO_Keyword_Universe_Dubai.xlsx,,GENERATED TAXONOMY,,,,,Commercial service,Maybach Diagnostics,/brands/maybach-service-dubai/engine-diagnostics,/brands/maybach-service-dubai,EXISTING OWNER,Existing brand-specific service; exact vehicle scope confirmed,Brakes
maybach brake disc replacement,maybach brake disc replacement,Maybach,Master Keywords!A5099,DIGI-TEC_SEO_Keyword_Universe_Dubai.xlsx,,GENERATED TAXONOMY,,,,,Commercial service,Maybach Brake repair,/brands/maybach-service-dubai/brake-repair,/brands/maybach-service-dubai,EXISTING OWNER,Existing brand-specific service; exact vehicle scope confirmed,Brakes
maybach brake fluid change,maybach brake fluid change,Maybach,Master Keywords!A5100,DIGI-TEC_SEO_Keyword_Universe_Dubai.xlsx,,GENERATED TAXONOMY,,,,,Commercial service,Maybach Brake repair,/brands/maybach-service-dubai/brake-repair,/brands/maybach-service-dubai,EXISTING OWNER,Existing brand-specific service; exact vehicle scope confirmed,Brakes
maybach brake pad replacement,maybach brake pad replacement,Maybach,Master Keywords!A5101,DIGI-TEC_SEO_Keyword_Universe_Dubai.xlsx,,GENERATED TAXONOMY,,,,,Commercial service,Maybach Brake repair,/brands/maybach-service-dubai/brake-repair,/brands/maybach-service-dubai,EXISTING OWNER,Existing brand-specific service; exact vehicle scope confirmed,Brakes
maybach brake repair,maybach brake repair,Maybach,Master Keywords!A5102,DIGI-TEC_SEO_Keyword_Universe_Dubai.xlsx,,GENERATED TAXONOMY,,,,,Commercial service,Maybach Brake repair,/brands/maybach-service-dubai/brake-repair,/brands/maybach-service-dubai,EXISTING OWNER,Existing brand-specific service; exact vehicle scope confirmed,Brakes
maybach brake repair near me,maybach brake repair near me,Maybach,Master Keywords!A5103,DIGI-TEC_SEO_Keyword_Universe_Dubai.xlsx,,GENERATED TAXONOMY,,,,,Commercial service,Maybach Brake repair,/brands/maybach-service-dubai/brake-repair,/brands/maybach-service-dubai,EXISTING OWNER,Existing brand-specific service; exact vehicle scope confirmed,Brakes
maybach brake rotor replacement,maybach brake rotor replacement,Maybach,Master Keywords!A5104,DIGI-TEC_SEO_Keyword_Universe_Dubai.xlsx,,GENERATED TAXONOMY,,,,,Commercial service,Maybach Brake repair,/brands/maybach-service-dubai/brake-repair,/brands/maybach-service-dubai,EXISTING OWNER,Existing brand-specific service; exact vehicle scope confirmed,Brakes
maybach brake service,maybach brake service,Maybach,Master Keywords!A5105,DIGI-TEC_SEO_Keyword_Universe_Dubai.xlsx,,GENERATED TAXONOMY,,,,,Commercial service,Maybach Brake repair,/brands/maybach-service-dubai/brake-repair,/brands/maybach-service-dubai,EXISTING OWNER,Existing brand-specific service; exact vehicle scope confirmed,Brakes
maybach brake squeaking repair,maybach brake squeaking repair,Maybach,Master Keywords!A5106,DIGI-TEC_SEO_Keyword_Universe_Dubai.xlsx,,GENERATED TAXONOMY,,,,,Commercial service,Maybach Brake repair,/brands/maybach-service-dubai/brake-repair,/brands/maybach-service-dubai,EXISTING OWNER,Existing brand-specific service; exact vehicle scope confirmed,Brakes
maybach brake vibration repair,maybach brake vibration repair,Maybach,Master Keywords!A5107,DIGI-TEC_SEO_Keyword_Universe_Dubai.xlsx,,GENERATED TAXONOMY,,,,,Commercial service,Maybach Brake repair,/brands/maybach-service-dubai/brake-repair,/brands/maybach-service-dubai,EXISTING OWNER,Existing brand-specific service; exact vehicle scope confirmed,Brakes
airmatic repair,airmatic repair,Maybach,Master Keywords!A5108,DIGI-TEC_SEO_Keyword_Universe_Dubai.xlsx,,RESEARCH KEYWORD,,,,,Commercial service,Maybach Suspension repair,/brands/maybach-service-dubai/suspension-repair,/brands/maybach-service-dubai,EXISTING OWNER,Existing brand-specific service; exact vehicle scope confirmed,Brand-specific systems
airmatic repair dubai,airmatic repair dubai,Maybach,Master Keywords!A5109,DIGI-TEC_SEO_Keyword_Universe_Dubai.xlsx,,RESEARCH KEYWORD,,,,,Commercial service,Maybach Suspension repair,/brands/maybach-service-dubai/suspension-repair,/brands/maybach-service-dubai,EXISTING OWNER,Existing brand-specific service; exact vehicle scope confirmed,Brand-specific systems
rear entertainment repair,rear entertainment repair,Maybach,Master Keywords!A5110,DIGI-TEC_SEO_Keyword_Universe_Dubai.xlsx,,RESEARCH KEYWORD,,,,,Broad commercial,Maybach service/repair discovery,/brands/maybach-service-dubai,,EXISTING OWNER,One broad booking and directory owner,Brand-specific systems
rear entertainment repair dubai,rear entertainment repair dubai,Maybach,Master Keywords!A5111,DIGI-TEC_SEO_Keyword_Universe_Dubai.xlsx,,RESEARCH KEYWORD,,,,,Broad commercial,Maybach service/repair discovery,/brands/maybach-service-dubai,,EXISTING OWNER,One broad booking and directory owner,Brand-specific systems
maybach boot repair,maybach boot repair,Maybach,Master Keywords!A5112,DIGI-TEC_SEO_Keyword_Universe_Dubai.xlsx,,GENERATED TAXONOMY,,,,,Broad commercial,Maybach service/repair discovery,/brands/maybach-service-dubai,,EXISTING OWNER,One broad booking and directory owner,Convenience/body electronics
maybach boot repair dubai,maybach boot repair dubai,Maybach,Master Keywords!A5113,DIGI-TEC_SEO_Keyword_Universe_Dubai.xlsx,,GENERATED TAXONOMY,,,,,Broad commercial,Maybach service/repair discovery,/brands/maybach-service-dubai,,EXISTING OWNER,One broad booking and directory owner,Convenience/body electronics
maybach door lock repair,maybach door lock repair,Maybach,Master Keywords!A5114,DIGI-TEC_SEO_Keyword_Universe_Dubai.xlsx,,GENERATED TAXONOMY,,,,,Broad commercial,Maybach service/repair discovery,/brands/maybach-service-dubai,,EXISTING OWNER,One broad booking and directory owner,Convenience/body electronics
maybach door lock repair dubai,maybach door lock repair dubai,Maybach,Master Keywords!A5115,DIGI-TEC_SEO_Keyword_Universe_Dubai.xlsx,,GENERATED TAXONOMY,,,,,Broad commercial,Maybach service/repair discovery,/brands/maybach-service-dubai,,EXISTING OWNER,One broad booking and directory owner,Convenience/body electronics
maybach power window repair,maybach power window repair,Maybach,Master Keywords!A5116,DIGI-TEC_SEO_Keyword_Universe_Dubai.xlsx,,GENERATED TAXONOMY,,,,,Broad commercial,Maybach service/repair discovery,/brands/maybach-service-dubai,,EXISTING OWNER,One broad booking and directory owner,Convenience/body electronics
maybach power window repair dubai,maybach power window repair dubai,Maybach,Master Keywords!A5117,DIGI-TEC_SEO_Keyword_Universe_Dubai.xlsx,,GENERATED TAXONOMY,,,,,Broad commercial,Maybach service/repair discovery,/brands/maybach-service-dubai,,EXISTING OWNER,One broad booking and directory owner,Convenience/body electronics
maybach seat motor repair,maybach seat motor repair,Maybach,Master Keywords!A5118,DIGI-TEC_SEO_Keyword_Universe_Dubai.xlsx,,GENERATED TAXONOMY,,,,,Broad commercial,Maybach service/repair discovery,/brands/maybach-service-dubai,,EXISTING OWNER,One broad booking and directory owner,Convenience/body electronics
maybach seat motor repair dubai,maybach seat motor repair dubai,Maybach,Master Keywords!A5119,DIGI-TEC_SEO_Keyword_Universe_Dubai.xlsx,,GENERATED TAXONOMY,,,,,Broad commercial,Maybach service/repair discovery,/brands/maybach-service-dubai,,EXISTING OWNER,One broad booking and directory owner,Convenience/body electronics
maybach seat repair,maybach seat repair,Maybach,Master Keywords!A5120,DIGI-TEC_SEO_Keyword_Universe_Dubai.xlsx,,GENERATED TAXONOMY,,,,,Unverified service,Unverified exact function,,,NOT TARGETED — INTENTIONALLY,Keyword evidence does not establish exact workshop capability,Convenience/body electronics
maybach seat repair dubai,maybach seat repair dubai,Maybach,Master Keywords!A5121,DIGI-TEC_SEO_Keyword_Universe_Dubai.xlsx,,GENERATED TAXONOMY,,,,,Unverified service,Unverified exact function,,,NOT TARGETED — INTENTIONALLY,Keyword evidence does not establish exact workshop capability,Convenience/body electronics
maybach soft close door repair,maybach soft close door repair,Maybach,Master Keywords!A5122,DIGI-TEC_SEO_Keyword_Universe_Dubai.xlsx,,GENERATED TAXONOMY,,,,,Unverified service,Unverified exact function,,,NOT TARGETED — INTENTIONALLY,Keyword evidence does not establish exact workshop capability,Convenience/body electronics
maybach soft close door repair dubai,maybach soft close door repair dubai,Maybach,Master Keywords!A5123,DIGI-TEC_SEO_Keyword_Universe_Dubai.xlsx,,GENERATED TAXONOMY,,,,,Unverified service,Unverified exact function,,,NOT TARGETED — INTENTIONALLY,Keyword evidence does not establish exact workshop capability,Convenience/body electronics
maybach sunroof repair,maybach sunroof repair,Maybach,Master Keywords!A5124,DIGI-TEC_SEO_Keyword_Universe_Dubai.xlsx,,GENERATED TAXONOMY,,,,,Unverified service,Unverified exact function,,,NOT TARGETED — INTENTIONALLY,Keyword evidence does not establish exact workshop capability,Convenience/body electronics
maybach sunroof repair dubai,maybach sunroof repair dubai,Maybach,Master Keywords!A5125,DIGI-TEC_SEO_Keyword_Universe_Dubai.xlsx,,GENERATED TAXONOMY,,,,,Unverified service,Unverified exact function,,,NOT TARGETED — INTENTIONALLY,Keyword evidence does not establish exact workshop capability,Convenience/body electronics
maybach tailgate repair,maybach tailgate repair,Maybach,Master Keywords!A5126,DIGI-TEC_SEO_Keyword_Universe_Dubai.xlsx,,GENERATED TAXONOMY,,,,,Unverified service,Unverified exact function,,,NOT TARGETED — INTENTIONALLY,Keyword evidence does not establish exact workshop capability,Convenience/body electronics
maybach tailgate repair dubai,maybach tailgate repair dubai,Maybach,Master Keywords!A5127,DIGI-TEC_SEO_Keyword_Universe_Dubai.xlsx,,GENERATED TAXONOMY,,,,,Unverified service,Unverified exact function,,,NOT TARGETED — INTENTIONALLY,Keyword evidence does not establish exact workshop capability,Convenience/body electronics
maybach window regulator replacement,maybach window regulator replacement,Maybach,Master Keywords!A5128,DIGI-TEC_SEO_Keyword_Universe_Dubai.xlsx,,GENERATED TAXONOMY,,,,,Broad commercial,Maybach service/repair discovery,/brands/maybach-service-dubai,,EXISTING OWNER,One broad booking and directory owner,Convenience/body electronics
maybach window regulator replacement dubai,maybach window regulator replacement dubai,Maybach,Master Keywords!A5129,DIGI-TEC_SEO_Keyword_Universe_Dubai.xlsx,,GENERATED TAXONOMY,,,,,Broad commercial,Maybach service/repair discovery,/brands/maybach-service-dubai,,EXISTING OWNER,One broad booking and directory owner,Convenience/body electronics
maybach check engine light,maybach check engine light,Maybach,Master Keywords!A5130,DIGI-TEC_SEO_Keyword_Universe_Dubai.xlsx,,GENERATED TAXONOMY,,,,,Service section,Symptom assessment,/brands/maybach-service-dubai/engine-diagnostics,/brands/maybach-service-dubai,EXISTING OWNER,Existing service provides diagnostic path; no thin symptom URL,Diagnostics & warning lights
maybach computer diagnostics,maybach computer diagnostics,Maybach,Master Keywords!A5131,DIGI-TEC_SEO_Keyword_Universe_Dubai.xlsx,,GENERATED TAXONOMY,,,,,Commercial service,Maybach Diagnostics,/brands/maybach-service-dubai/engine-diagnostics,/brands/maybach-service-dubai,EXISTING OWNER,Existing brand-specific service; exact vehicle scope confirmed,Diagnostics & warning lights
maybach dashboard warning light,maybach dashboard warning light,Maybach,Master Keywords!A5132,DIGI-TEC_SEO_Keyword_Universe_Dubai.xlsx,,GENERATED TAXONOMY,,,,,Commercial service,Maybach Diagnostics,/brands/maybach-service-dubai/engine-diagnostics,/brands/maybach-service-dubai,EXISTING OWNER,Existing brand-specific service; exact vehicle scope confirmed,Diagnostics & warning lights
maybach diagnostic scan,maybach diagnostic scan,Maybach,Master Keywords!A5133,DIGI-TEC_SEO_Keyword_Universe_Dubai.xlsx,,GENERATED TAXONOMY,,,,,Commercial service,Maybach Diagnostics,/brands/maybach-service-dubai/engine-diagnostics,/brands/maybach-service-dubai,EXISTING OWNER,Existing brand-specific service; exact vehicle scope confirmed,Diagnostics & warning lights
maybach diagnostics,maybach diagnostics,Maybach,Master Keywords!A5134,DIGI-TEC_SEO_Keyword_Universe_Dubai.xlsx,,GENERATED TAXONOMY,,,,,Commercial service,Maybach Diagnostics,/brands/maybach-service-dubai/engine-diagnostics,/brands/maybach-service-dubai,EXISTING OWNER,Existing brand-specific service; exact vehicle scope confirmed,Diagnostics & warning lights
maybach engine warning light,maybach engine warning light,Maybach,Master Keywords!A5135,DIGI-TEC_SEO_Keyword_Universe_Dubai.xlsx,,GENERATED TAXONOMY,,,,,Commercial service,Maybach Diagnostics,/brands/maybach-service-dubai/engine-diagnostics,/brands/maybach-service-dubai,EXISTING OWNER,Existing brand-specific service; exact vehicle scope confirmed,Diagnostics & warning lights
maybach fault code scanning,maybach fault code scanning,Maybach,Master Keywords!A5136,DIGI-TEC_SEO_Keyword_Universe_Dubai.xlsx,,GENERATED TAXONOMY,,,,,Commercial service,Maybach Diagnostics,/brands/maybach-service-dubai/engine-diagnostics,/brands/maybach-service-dubai,EXISTING OWNER,Existing brand-specific service; exact vehicle scope confirmed,Diagnostics & warning lights
maybach fault diagnosis,maybach fault diagnosis,Maybach,Master Keywords!A5137,DIGI-TEC_SEO_Keyword_Universe_Dubai.xlsx,,GENERATED TAXONOMY,,,,,Commercial service,Maybach Diagnostics,/brands/maybach-service-dubai/engine-diagnostics,/brands/maybach-service-dubai,EXISTING OWNER,Existing brand-specific service; exact vehicle scope confirmed,Diagnostics & warning lights
maybach alternator repair,maybach alternator repair,Maybach,Master Keywords!A5138,DIGI-TEC_SEO_Keyword_Universe_Dubai.xlsx,,GENERATED TAXONOMY,,,,,Commercial service,Maybach Electrical assessment,/brands/maybach-service-dubai/electrical-repair,/brands/maybach-service-dubai,EXISTING OWNER,Existing brand-specific service; exact vehicle scope confirmed,Electrical
maybach alternator replacement,maybach alternator replacement,Maybach,Master Keywords!A5139,DIGI-TEC_SEO_Keyword_Universe_Dubai.xlsx,,GENERATED TAXONOMY,,,,,Commercial service,Maybach Electrical assessment,/brands/maybach-service-dubai/electrical-repair,/brands/maybach-service-dubai,EXISTING OWNER,Existing brand-specific service; exact vehicle scope confirmed,Electrical
maybach battery drain repair,maybach battery drain repair,Maybach,Master Keywords!A5140,DIGI-TEC_SEO_Keyword_Universe_Dubai.xlsx,,GENERATED TAXONOMY,,,,,Commercial service,Maybach Low-voltage battery assessment,/brands/maybach-service-dubai/battery-replacement,/brands/maybach-service-dubai,EXISTING OWNER,Existing brand-specific service; exact vehicle scope confirmed,Electrical
maybach battery replacement,maybach battery replacement,Maybach,Master Keywords!A5141,DIGI-TEC_SEO_Keyword_Universe_Dubai.xlsx,,GENERATED TAXONOMY,,,,,Commercial service,Maybach Low-voltage battery assessment,/brands/maybach-service-dubai/battery-replacement,/brands/maybach-service-dubai,EXISTING OWNER,Existing brand-specific service; exact vehicle scope confirmed,Electrical
maybach battery replacement near me,maybach battery replacement near me,Maybach,Master Keywords!A5142,DIGI-TEC_SEO_Keyword_Universe_Dubai.xlsx,,GENERATED TAXONOMY,,,,,Commercial service,Maybach Low-voltage battery assessment,/brands/maybach-service-dubai/battery-replacement,/brands/maybach-service-dubai,EXISTING OWNER,Existing brand-specific service; exact vehicle scope confirmed,Electrical
maybach coding service,maybach coding service,Maybach,Master Keywords!A5143,DIGI-TEC_SEO_Keyword_Universe_Dubai.xlsx,,GENERATED TAXONOMY,,,,,Commercial service,Maybach Diagnostics,/brands/maybach-service-dubai/engine-diagnostics,/brands/maybach-service-dubai,EXISTING OWNER,Existing brand-specific service; exact vehicle scope confirmed,Electrical
maybach ecu programming,maybach ecu programming,Maybach,Master Keywords!A5144,DIGI-TEC_SEO_Keyword_Universe_Dubai.xlsx,,GENERATED TAXONOMY,,,,,Commercial service,Maybach Diagnostics,/brands/maybach-service-dubai/engine-diagnostics,/brands/maybach-service-dubai,EXISTING OWNER,Existing brand-specific service; exact vehicle scope confirmed,Electrical
maybach ecu repair,maybach ecu repair,Maybach,Master Keywords!A5145,DIGI-TEC_SEO_Keyword_Universe_Dubai.xlsx,,GENERATED TAXONOMY,,,,,Commercial service,Maybach Electrical assessment,/brands/maybach-service-dubai/electrical-repair,/brands/maybach-service-dubai,EXISTING OWNER,Existing brand-specific service; exact vehicle scope confirmed,Electrical
maybach electrical diagnostics,maybach electrical diagnostics,Maybach,Master Keywords!A5146,DIGI-TEC_SEO_Keyword_Universe_Dubai.xlsx,,GENERATED TAXONOMY,,,,,Commercial service,Maybach Diagnostics,/brands/maybach-service-dubai/engine-diagnostics,/brands/maybach-service-dubai,EXISTING OWNER,Existing brand-specific service; exact vehicle scope confirmed,Electrical
maybach electrical repair,maybach electrical repair,Maybach,Master Keywords!A5147,DIGI-TEC_SEO_Keyword_Universe_Dubai.xlsx,,GENERATED TAXONOMY,,,,,Commercial service,Maybach Electrical assessment,/brands/maybach-service-dubai/electrical-repair,/brands/maybach-service-dubai,EXISTING OWNER,Existing brand-specific service; exact vehicle scope confirmed,Electrical
maybach electrical repair near me,maybach electrical repair near me,Maybach,Master Keywords!A5148,DIGI-TEC_SEO_Keyword_Universe_Dubai.xlsx,,GENERATED TAXONOMY,,,,,Commercial service,Maybach Electrical assessment,/brands/maybach-service-dubai/electrical-repair,/brands/maybach-service-dubai,EXISTING OWNER,Existing brand-specific service; exact vehicle scope confirmed,Electrical
maybach key programming,maybach key programming,Maybach,Master Keywords!A5149,DIGI-TEC_SEO_Keyword_Universe_Dubai.xlsx,,GENERATED TAXONOMY,,,,,Unverified service,Unverified exact function,,,NOT TARGETED — INTENTIONALLY,Keyword evidence does not establish exact workshop capability,Electrical
maybach keyless entry repair,maybach keyless entry repair,Maybach,Master Keywords!A5150,DIGI-TEC_SEO_Keyword_Universe_Dubai.xlsx,,GENERATED TAXONOMY,,,,,Broad commercial,Maybach service/repair discovery,/brands/maybach-service-dubai,,EXISTING OWNER,One broad booking and directory owner,Electrical
maybach module programming,maybach module programming,Maybach,Master Keywords!A5151,DIGI-TEC_SEO_Keyword_Universe_Dubai.xlsx,,GENERATED TAXONOMY,,,,,Commercial service,Maybach Diagnostics,/brands/maybach-service-dubai/engine-diagnostics,/brands/maybach-service-dubai,EXISTING OWNER,Existing brand-specific service; exact vehicle scope confirmed,Electrical
maybach module repair,maybach module repair,Maybach,Master Keywords!A5152,DIGI-TEC_SEO_Keyword_Universe_Dubai.xlsx,,GENERATED TAXONOMY,,,,,Commercial service,Maybach Electrical assessment,/brands/maybach-service-dubai/electrical-repair,/brands/maybach-service-dubai,EXISTING OWNER,Existing brand-specific service; exact vehicle scope confirmed,Electrical
maybach sensor replacement,maybach sensor replacement,Maybach,Master Keywords!A5153,DIGI-TEC_SEO_Keyword_Universe_Dubai.xlsx,,GENERATED TAXONOMY,,,,,Commercial service,Maybach Electrical assessment,/brands/maybach-service-dubai/electrical-repair,/brands/maybach-service-dubai,EXISTING OWNER,Existing brand-specific service; exact vehicle scope confirmed,Electrical
maybach starter motor repair,maybach starter motor repair,Maybach,Master Keywords!A5154,DIGI-TEC_SEO_Keyword_Universe_Dubai.xlsx,,GENERATED TAXONOMY,,,,,Commercial service,Maybach Low-voltage battery assessment,/brands/maybach-service-dubai/battery-replacement,/brands/maybach-service-dubai,EXISTING OWNER,Existing brand-specific service; exact vehicle scope confirmed,Electrical
maybach starter replacement,maybach starter replacement,Maybach,Master Keywords!A5155,DIGI-TEC_SEO_Keyword_Universe_Dubai.xlsx,,GENERATED TAXONOMY,,,,,Commercial service,Maybach Low-voltage battery assessment,/brands/maybach-service-dubai/battery-replacement,/brands/maybach-service-dubai,EXISTING OWNER,Existing brand-specific service; exact vehicle scope confirmed,Electrical
maybach wiring repair,maybach wiring repair,Maybach,Master Keywords!A5156,DIGI-TEC_SEO_Keyword_Universe_Dubai.xlsx,,GENERATED TAXONOMY,,,,,Commercial service,Maybach Electrical assessment,/brands/maybach-service-dubai/electrical-repair,/brands/maybach-service-dubai,EXISTING OWNER,Existing brand-specific service; exact vehicle scope confirmed,Electrical
maybach engine mount replacement,maybach engine mount replacement,Maybach,Master Keywords!A5157,DIGI-TEC_SEO_Keyword_Universe_Dubai.xlsx,,GENERATED TAXONOMY,,,,,Commercial service,Maybach Mechanical repair,/brands/maybach-service-dubai/mechanical-repair,/brands/maybach-service-dubai,EXISTING OWNER,Existing brand-specific service; exact vehicle scope confirmed,Engine
maybach engine oil leak repair,maybach engine oil leak repair,Maybach,Master Keywords!A5158,DIGI-TEC_SEO_Keyword_Universe_Dubai.xlsx,,GENERATED TAXONOMY,,,,,Service section,Symptom assessment,/brands/maybach-service-dubai/mechanical-repair,/brands/maybach-service-dubai,EXISTING OWNER,Existing service provides diagnostic path; no thin symptom URL,Engine
maybach engine overhaul,maybach engine overhaul,Maybach,Master Keywords!A5159,DIGI-TEC_SEO_Keyword_Universe_Dubai.xlsx,,GENERATED TAXONOMY,,,,,Commercial service,Maybach Mechanical repair,/brands/maybach-service-dubai/mechanical-repair,/brands/maybach-service-dubai,EXISTING OWNER,Existing brand-specific service; exact vehicle scope confirmed,Engine
maybach engine overheating repair,maybach engine overheating repair,Maybach,Master Keywords!A5160,DIGI-TEC_SEO_Keyword_Universe_Dubai.xlsx,,GENERATED TAXONOMY,,,,,Service section,Symptom assessment,/brands/maybach-service-dubai/mechanical-repair,/brands/maybach-service-dubai,EXISTING OWNER,Existing service provides diagnostic path; no thin symptom URL,Engine
maybach engine rebuild,maybach engine rebuild,Maybach,Master Keywords!A5161,DIGI-TEC_SEO_Keyword_Universe_Dubai.xlsx,,GENERATED TAXONOMY,,,,,Commercial service,Maybach Mechanical repair,/brands/maybach-service-dubai/mechanical-repair,/brands/maybach-service-dubai,EXISTING OWNER,Existing brand-specific service; exact vehicle scope confirmed,Engine
maybach engine repair,maybach engine repair,Maybach,Master Keywords!A5162,DIGI-TEC_SEO_Keyword_Universe_Dubai.xlsx,,GENERATED TAXONOMY,,,,,Commercial service,Maybach Mechanical repair,/brands/maybach-service-dubai/mechanical-repair,/brands/maybach-service-dubai,EXISTING OWNER,Existing brand-specific service; exact vehicle scope confirmed,Engine
maybach engine repair near me,maybach engine repair near me,Maybach,Master Keywords!A5163,DIGI-TEC_SEO_Keyword_Universe_Dubai.xlsx,,GENERATED TAXONOMY,,,,,Commercial service,Maybach Mechanical repair,/brands/maybach-service-dubai/mechanical-repair,/brands/maybach-service-dubai,EXISTING OWNER,Existing brand-specific service; exact vehicle scope confirmed,Engine
maybach engine replacement,maybach engine replacement,Maybach,Master Keywords!A5164,DIGI-TEC_SEO_Keyword_Universe_Dubai.xlsx,,GENERATED TAXONOMY,,,,,Commercial service,Maybach Mechanical repair,/brands/maybach-service-dubai/mechanical-repair,/brands/maybach-service-dubai,EXISTING OWNER,Existing brand-specific service; exact vehicle scope confirmed,Engine
maybach loss of power repair,maybach loss of power repair,Maybach,Master Keywords!A5165,DIGI-TEC_SEO_Keyword_Universe_Dubai.xlsx,,GENERATED TAXONOMY,,,,,Service section,Symptom assessment,/brands/maybach-service-dubai/engine-diagnostics,/brands/maybach-service-dubai,EXISTING OWNER,Existing service provides diagnostic path; no thin symptom URL,Engine
maybach misfire repair,maybach misfire repair,Maybach,Master Keywords!A5166,DIGI-TEC_SEO_Keyword_Universe_Dubai.xlsx,,GENERATED TAXONOMY,,,,,Broad commercial,Maybach service/repair discovery,/brands/maybach-service-dubai,,EXISTING OWNER,One broad booking and directory owner,Engine
maybach timing belt replacement,maybach timing belt replacement,Maybach,Master Keywords!A5167,DIGI-TEC_SEO_Keyword_Universe_Dubai.xlsx,,GENERATED TAXONOMY,,,,,Commercial service,Maybach Mechanical repair,/brands/maybach-service-dubai/mechanical-repair,/brands/maybach-service-dubai,EXISTING OWNER,Existing brand-specific service; exact vehicle scope confirmed,Engine
maybach timing chain repair,maybach timing chain repair,Maybach,Master Keywords!A5168,DIGI-TEC_SEO_Keyword_Universe_Dubai.xlsx,,GENERATED TAXONOMY,,,,,Commercial service,Maybach Mechanical repair,/brands/maybach-service-dubai/mechanical-repair,/brands/maybach-service-dubai,EXISTING OWNER,Existing brand-specific service; exact vehicle scope confirmed,Engine
maybach valve cover gasket replacement,maybach valve cover gasket replacement,Maybach,Master Keywords!A5169,DIGI-TEC_SEO_Keyword_Universe_Dubai.xlsx,,GENERATED TAXONOMY,,,,,Broad commercial,Maybach service/repair discovery,/brands/maybach-service-dubai,,EXISTING OWNER,One broad booking and directory owner,Engine
maybach catalytic converter repair,maybach catalytic converter repair,Maybach,Master Keywords!A5170,DIGI-TEC_SEO_Keyword_Universe_Dubai.xlsx,,GENERATED TAXONOMY,,,,,Commercial service,Maybach Exhaust repair,/brands/maybach-service-dubai/exhaust-repair,/brands/maybach-service-dubai,EXISTING OWNER,Existing brand-specific service; exact vehicle scope confirmed,Exhaust & emissions
maybach catalytic converter repair dubai,maybach catalytic converter repair dubai,Maybach,Master Keywords!A5171,DIGI-TEC_SEO_Keyword_Universe_Dubai.xlsx,,GENERATED TAXONOMY,,,,,Commercial service,Maybach Exhaust repair,/brands/maybach-service-dubai/exhaust-repair,/brands/maybach-service-dubai,EXISTING OWNER,Existing brand-specific service; exact vehicle scope confirmed,Exhaust & emissions
maybach emissions repair,maybach emissions repair,Maybach,Master Keywords!A5172,DIGI-TEC_SEO_Keyword_Universe_Dubai.xlsx,,GENERATED TAXONOMY,,,,,Commercial service,Maybach Exhaust repair,/brands/maybach-service-dubai/exhaust-repair,/brands/maybach-service-dubai,EXISTING OWNER,Existing brand-specific service; exact vehicle scope confirmed,Exhaust & emissions
maybach emissions repair dubai,maybach emissions repair dubai,Maybach,Master Keywords!A5173,DIGI-TEC_SEO_Keyword_Universe_Dubai.xlsx,,GENERATED TAXONOMY,,,,,Commercial service,Maybach Exhaust repair,/brands/maybach-service-dubai/exhaust-repair,/brands/maybach-service-dubai,EXISTING OWNER,Existing brand-specific service; exact vehicle scope confirmed,Exhaust & emissions
maybach exhaust leak repair,maybach exhaust leak repair,Maybach,Master Keywords!A5174,DIGI-TEC_SEO_Keyword_Universe_Dubai.xlsx,,GENERATED TAXONOMY,,,,,Commercial service,Maybach Exhaust repair,/brands/maybach-service-dubai/exhaust-repair,/brands/maybach-service-dubai,EXISTING OWNER,Existing brand-specific service; exact vehicle scope confirmed,Exhaust & emissions
maybach exhaust leak repair dubai,maybach exhaust leak repair dubai,Maybach,Master Keywords!A5175,DIGI-TEC_SEO_Keyword_Universe_Dubai.xlsx,,GENERATED TAXONOMY,,,,,Commercial service,Maybach Exhaust repair,/brands/maybach-service-dubai/exhaust-repair,/brands/maybach-service-dubai,EXISTING OWNER,Existing brand-specific service; exact vehicle scope confirmed,Exhaust & emissions
maybach exhaust repair,maybach exhaust repair,Maybach,Master Keywords!A5176,DIGI-TEC_SEO_Keyword_Universe_Dubai.xlsx,,GENERATED TAXONOMY,,,,,Commercial service,Maybach Exhaust repair,/brands/maybach-service-dubai/exhaust-repair,/brands/maybach-service-dubai,EXISTING OWNER,Existing brand-specific service; exact vehicle scope confirmed,Exhaust & emissions
maybach exhaust repair dubai,maybach exhaust repair dubai,Maybach,Master Keywords!A5177,DIGI-TEC_SEO_Keyword_Universe_Dubai.xlsx,,GENERATED TAXONOMY,,,,,Commercial service,Maybach Exhaust repair,/brands/maybach-service-dubai/exhaust-repair,/brands/maybach-service-dubai,EXISTING OWNER,Existing brand-specific service; exact vehicle scope confirmed,Exhaust & emissions
maybach exhaust replacement,maybach exhaust replacement,Maybach,Master Keywords!A5178,DIGI-TEC_SEO_Keyword_Universe_Dubai.xlsx,,GENERATED TAXONOMY,,,,,Commercial service,Maybach Exhaust repair,/brands/maybach-service-dubai/exhaust-repair,/brands/maybach-service-dubai,EXISTING OWNER,Existing brand-specific service; exact vehicle scope confirmed,Exhaust & emissions
maybach exhaust replacement dubai,maybach exhaust replacement dubai,Maybach,Master Keywords!A5179,DIGI-TEC_SEO_Keyword_Universe_Dubai.xlsx,,GENERATED TAXONOMY,,,,,Commercial service,Maybach Exhaust repair,/brands/maybach-service-dubai/exhaust-repair,/brands/maybach-service-dubai,EXISTING OWNER,Existing brand-specific service; exact vehicle scope confirmed,Exhaust & emissions
maybach exhaust upgrade,maybach exhaust upgrade,Maybach,Master Keywords!A5180,DIGI-TEC_SEO_Keyword_Universe_Dubai.xlsx,,GENERATED TAXONOMY,,,,,Commercial service,Maybach Exhaust repair,/brands/maybach-service-dubai/exhaust-repair,/brands/maybach-service-dubai,EXISTING OWNER,Existing brand-specific service; exact vehicle scope confirmed,Exhaust & emissions
maybach exhaust upgrade dubai,maybach exhaust upgrade dubai,Maybach,Master Keywords!A5181,DIGI-TEC_SEO_Keyword_Universe_Dubai.xlsx,,GENERATED TAXONOMY,,,,,Commercial service,Maybach Exhaust repair,/brands/maybach-service-dubai/exhaust-repair,/brands/maybach-service-dubai,EXISTING OWNER,Existing brand-specific service; exact vehicle scope confirmed,Exhaust & emissions
maybach muffler repair,maybach muffler repair,Maybach,Master Keywords!A5182,DIGI-TEC_SEO_Keyword_Universe_Dubai.xlsx,,GENERATED TAXONOMY,,,,,Commercial service,Maybach Exhaust repair,/brands/maybach-service-dubai/exhaust-repair,/brands/maybach-service-dubai,EXISTING OWNER,Existing brand-specific service; exact vehicle scope confirmed,Exhaust & emissions
maybach muffler repair dubai,maybach muffler repair dubai,Maybach,Master Keywords!A5183,DIGI-TEC_SEO_Keyword_Universe_Dubai.xlsx,,GENERATED TAXONOMY,,,,,Commercial service,Maybach Exhaust repair,/brands/maybach-service-dubai/exhaust-repair,/brands/maybach-service-dubai,EXISTING OWNER,Existing brand-specific service; exact vehicle scope confirmed,Exhaust & emissions
maybach oxygen sensor replacement,maybach oxygen sensor replacement,Maybach,Master Keywords!A5184,DIGI-TEC_SEO_Keyword_Universe_Dubai.xlsx,,GENERATED TAXONOMY,,,,,Commercial service,Maybach Electrical assessment,/brands/maybach-service-dubai/electrical-repair,/brands/maybach-service-dubai,EXISTING OWNER,Existing brand-specific service; exact vehicle scope confirmed,Exhaust & emissions
maybach oxygen sensor replacement dubai,maybach oxygen sensor replacement dubai,Maybach,Master Keywords!A5185,DIGI-TEC_SEO_Keyword_Universe_Dubai.xlsx,,GENERATED TAXONOMY,,,,,Commercial service,Maybach Electrical assessment,/brands/maybach-service-dubai/electrical-repair,/brands/maybach-service-dubai,EXISTING OWNER,Existing brand-specific service; exact vehicle scope confirmed,Exhaust & emissions
maybach car repair,maybach car repair,Maybach,Master Keywords!A5186,DIGI-TEC_SEO_Keyword_Universe_Dubai.xlsx,,GENERATED TAXONOMY,,,,,Broad commercial,Maybach service/repair discovery,/brands/maybach-service-dubai,,EXISTING OWNER,One broad booking and directory owner,General repair
maybach garage,maybach garage,Maybach,Master Keywords!A5187,DIGI-TEC_SEO_Keyword_Universe_Dubai.xlsx,,GENERATED TAXONOMY,,,,,Broad commercial,Maybach service/repair discovery,/brands/maybach-service-dubai,,EXISTING OWNER,One broad booking and directory owner,General repair
maybach garage near me,maybach garage near me,Maybach,Master Keywords!A5188,DIGI-TEC_SEO_Keyword_Universe_Dubai.xlsx,,GENERATED TAXONOMY,,,,,Broad commercial,Maybach service/repair discovery,/brands/maybach-service-dubai,,EXISTING OWNER,One broad booking and directory owner,General repair
maybach maintenance,maybach maintenance,Maybach,Master Keywords!A5189,DIGI-TEC_SEO_Keyword_Universe_Dubai.xlsx,,GENERATED TAXONOMY,,,,,Informational,Maintenance planning,/blog/maybach-best-workshop-dubai,/brands/maybach-service-dubai,EXISTING OWNER,Existing guide supports broad hub booking,General repair
maybach repair near me,maybach repair near me,Maybach,Master Keywords!A5190,DIGI-TEC_SEO_Keyword_Universe_Dubai.xlsx,,GENERATED TAXONOMY,,,,,Broad commercial,Maybach service/repair discovery,/brands/maybach-service-dubai,,EXISTING OWNER,One broad booking and directory owner,General repair
maybach service,maybach service,Maybach,Master Keywords!A5191,DIGI-TEC_SEO_Keyword_Universe_Dubai.xlsx,,GENERATED TAXONOMY,,,,,Broad commercial,Maybach service/repair discovery,/brands/maybach-service-dubai,,EXISTING OWNER,One broad booking and directory owner,General repair
maybach service centre,maybach service center,Maybach,Master Keywords!A5192,DIGI-TEC_SEO_Keyword_Universe_Dubai.xlsx,,GENERATED TAXONOMY,,,,,Broad commercial,Maybach service/repair discovery,/brands/maybach-service-dubai,,EXISTING OWNER,One broad booking and directory owner,General repair
maybach service near me,maybach service near me,Maybach,Master Keywords!A5193,DIGI-TEC_SEO_Keyword_Universe_Dubai.xlsx,,GENERATED TAXONOMY,,,,,Broad commercial,Maybach service/repair discovery,/brands/maybach-service-dubai,,EXISTING OWNER,One broad booking and directory owner,General repair
maybach specialist,maybach specialist,Maybach,Master Keywords!A5194,DIGI-TEC_SEO_Keyword_Universe_Dubai.xlsx,,GENERATED TAXONOMY,,,,,Broad commercial,Maybach service/repair discovery,/brands/maybach-service-dubai,,EXISTING OWNER,One broad booking and directory owner,General repair
maybach specialist near me,maybach specialist near me,Maybach,Master Keywords!A5195,DIGI-TEC_SEO_Keyword_Universe_Dubai.xlsx,,GENERATED TAXONOMY,,,,,Broad commercial,Maybach service/repair discovery,/brands/maybach-service-dubai,,EXISTING OWNER,One broad booking and directory owner,General repair
maybach workshop,maybach workshop,Maybach,Master Keywords!A5196,DIGI-TEC_SEO_Keyword_Universe_Dubai.xlsx,,GENERATED TAXONOMY,,,,,Broad commercial,Maybach service/repair discovery,/brands/maybach-service-dubai,,EXISTING OWNER,One broad booking and directory owner,General repair
maybach workshop near me,maybach workshop near me,Maybach,Master Keywords!A5197,DIGI-TEC_SEO_Keyword_Universe_Dubai.xlsx,,GENERATED TAXONOMY,,,,,Broad commercial,Maybach service/repair discovery,/brands/maybach-service-dubai,,EXISTING OWNER,One broad booking and directory owner,General repair
maybach android auto upgrade,maybach android auto upgrade,Maybach,Master Keywords!A5198,DIGI-TEC_SEO_Keyword_Universe_Dubai.xlsx,,GENERATED TAXONOMY,,,,,Broad commercial,Maybach service/repair discovery,/brands/maybach-service-dubai,,EXISTING OWNER,One broad booking and directory owner,Infotainment & electronics
maybach android auto upgrade dubai,maybach android auto upgrade dubai,Maybach,Master Keywords!A5199,DIGI-TEC_SEO_Keyword_Universe_Dubai.xlsx,,GENERATED TAXONOMY,,,,,Broad commercial,Maybach service/repair discovery,/brands/maybach-service-dubai,,EXISTING OWNER,One broad booking and directory owner,Infotainment & electronics
maybach apple carplay upgrade,maybach apple carplay upgrade,Maybach,Master Keywords!A5200,DIGI-TEC_SEO_Keyword_Universe_Dubai.xlsx,,GENERATED TAXONOMY,,,,,Broad commercial,Maybach service/repair discovery,/brands/maybach-service-dubai,,EXISTING OWNER,One broad booking and directory owner,Infotainment & electronics
maybach apple carplay upgrade dubai,maybach apple carplay upgrade dubai,Maybach,Master Keywords!A5201,DIGI-TEC_SEO_Keyword_Universe_Dubai.xlsx,,GENERATED TAXONOMY,,,,,Broad commercial,Maybach service/repair discovery,/brands/maybach-service-dubai,,EXISTING OWNER,One broad booking and directory owner,Infotainment & electronics
maybach camera not working,maybach camera not working,Maybach,Master Keywords!A5202,DIGI-TEC_SEO_Keyword_Universe_Dubai.xlsx,,GENERATED TAXONOMY,,,,,Service section,Symptom assessment,/brands/maybach-service-dubai/electrical-repair,/brands/maybach-service-dubai,EXISTING OWNER,Existing service provides diagnostic path; no thin symptom URL,Infotainment & electronics
maybach camera not working dubai,maybach camera not working dubai,Maybach,Master Keywords!A5203,DIGI-TEC_SEO_Keyword_Universe_Dubai.xlsx,,GENERATED TAXONOMY,,,,,Service section,Symptom assessment,/brands/maybach-service-dubai/electrical-repair,/brands/maybach-service-dubai,EXISTING OWNER,Existing service provides diagnostic path; no thin symptom URL,Infotainment & electronics
maybach head unit repair,maybach head unit repair,Maybach,Master Keywords!A5204,DIGI-TEC_SEO_Keyword_Universe_Dubai.xlsx,,GENERATED TAXONOMY,,,,,Broad commercial,Maybach service/repair discovery,/brands/maybach-service-dubai,,EXISTING OWNER,One broad booking and directory owner,Infotainment & electronics
maybach head unit repair dubai,maybach head unit repair dubai,Maybach,Master Keywords!A5205,DIGI-TEC_SEO_Keyword_Universe_Dubai.xlsx,,GENERATED TAXONOMY,,,,,Broad commercial,Maybach service/repair discovery,/brands/maybach-service-dubai,,EXISTING OWNER,One broad booking and directory owner,Infotainment & electronics
maybach infotainment repair,maybach infotainment repair,Maybach,Master Keywords!A5206,DIGI-TEC_SEO_Keyword_Universe_Dubai.xlsx,,GENERATED TAXONOMY,,,,,Commercial service,Maybach Electrical assessment,/brands/maybach-service-dubai/electrical-repair,/brands/maybach-service-dubai,EXISTING OWNER,Existing brand-specific service; exact vehicle scope confirmed,Infotainment & electronics
maybach infotainment repair dubai,maybach infotainment repair dubai,Maybach,Master Keywords!A5207,DIGI-TEC_SEO_Keyword_Universe_Dubai.xlsx,,GENERATED TAXONOMY,,,,,Commercial service,Maybach Electrical assessment,/brands/maybach-service-dubai/electrical-repair,/brands/maybach-service-dubai,EXISTING OWNER,Existing brand-specific service; exact vehicle scope confirmed,Infotainment & electronics
maybach instrument cluster repair,maybach instrument cluster repair,Maybach,Master Keywords!A5208,DIGI-TEC_SEO_Keyword_Universe_Dubai.xlsx,,GENERATED TAXONOMY,,,,,Broad commercial,Maybach service/repair discovery,/brands/maybach-service-dubai,,EXISTING OWNER,One broad booking and directory owner,Infotainment & electronics
maybach instrument cluster repair dubai,maybach instrument cluster repair dubai,Maybach,Master Keywords!A5209,DIGI-TEC_SEO_Keyword_Universe_Dubai.xlsx,,GENERATED TAXONOMY,,,,,Broad commercial,Maybach service/repair discovery,/brands/maybach-service-dubai,,EXISTING OWNER,One broad booking and directory owner,Infotainment & electronics
maybach navigation repair,maybach navigation repair,Maybach,Master Keywords!A5210,DIGI-TEC_SEO_Keyword_Universe_Dubai.xlsx,,GENERATED TAXONOMY,,,,,Broad commercial,Maybach service/repair discovery,/brands/maybach-service-dubai,,EXISTING OWNER,One broad booking and directory owner,Infotainment & electronics
maybach navigation repair dubai,maybach navigation repair dubai,Maybach,Master Keywords!A5211,DIGI-TEC_SEO_Keyword_Universe_Dubai.xlsx,,GENERATED TAXONOMY,,,,,Broad commercial,Maybach service/repair discovery,/brands/maybach-service-dubai,,EXISTING OWNER,One broad booking and directory owner,Infotainment & electronics
maybach reverse camera installation,maybach reverse camera installation,Maybach,Master Keywords!A5212,DIGI-TEC_SEO_Keyword_Universe_Dubai.xlsx,,GENERATED TAXONOMY,,,,,Commercial service,Maybach Electrical assessment,/brands/maybach-service-dubai/electrical-repair,/brands/maybach-service-dubai,EXISTING OWNER,Existing brand-specific service; exact vehicle scope confirmed,Infotainment & electronics
maybach reverse camera installation dubai,maybach reverse camera installation dubai,Maybach,Master Keywords!A5213,DIGI-TEC_SEO_Keyword_Universe_Dubai.xlsx,,GENERATED TAXONOMY,,,,,Commercial service,Maybach Electrical assessment,/brands/maybach-service-dubai/electrical-repair,/brands/maybach-service-dubai,EXISTING OWNER,Existing brand-specific service; exact vehicle scope confirmed,Infotainment & electronics
maybach reverse camera repair,maybach reverse camera repair,Maybach,Master Keywords!A5214,DIGI-TEC_SEO_Keyword_Universe_Dubai.xlsx,,GENERATED TAXONOMY,,,,,Commercial service,Maybach Electrical assessment,/brands/maybach-service-dubai/electrical-repair,/brands/maybach-service-dubai,EXISTING OWNER,Existing brand-specific service; exact vehicle scope confirmed,Infotainment & electronics
maybach reverse camera repair dubai,maybach reverse camera repair dubai,Maybach,Master Keywords!A5215,DIGI-TEC_SEO_Keyword_Universe_Dubai.xlsx,,GENERATED TAXONOMY,,,,,Commercial service,Maybach Electrical assessment,/brands/maybach-service-dubai/electrical-repair,/brands/maybach-service-dubai,EXISTING OWNER,Existing brand-specific service; exact vehicle scope confirmed,Infotainment & electronics
maybach screen repair,maybach screen repair,Maybach,Master Keywords!A5216,DIGI-TEC_SEO_Keyword_Universe_Dubai.xlsx,,GENERATED TAXONOMY,,,,,Commercial service,Maybach Electrical assessment,/brands/maybach-service-dubai/electrical-repair,/brands/maybach-service-dubai,EXISTING OWNER,Existing brand-specific service; exact vehicle scope confirmed,Infotainment & electronics
maybach screen repair dubai,maybach screen repair dubai,Maybach,Master Keywords!A5217,DIGI-TEC_SEO_Keyword_Universe_Dubai.xlsx,,GENERATED TAXONOMY,,,,,Commercial service,Maybach Electrical assessment,/brands/maybach-service-dubai/electrical-repair,/brands/maybach-service-dubai,EXISTING OWNER,Existing brand-specific service; exact vehicle scope confirmed,Infotainment & electronics
maybach screen replacement,maybach screen replacement,Maybach,Master Keywords!A5218,DIGI-TEC_SEO_Keyword_Universe_Dubai.xlsx,,GENERATED TAXONOMY,,,,,Commercial service,Maybach Electrical assessment,/brands/maybach-service-dubai/electrical-repair,/brands/maybach-service-dubai,EXISTING OWNER,Existing brand-specific service; exact vehicle scope confirmed,Infotainment & electronics
maybach screen replacement dubai,maybach screen replacement dubai,Maybach,Master Keywords!A5219,DIGI-TEC_SEO_Keyword_Universe_Dubai.xlsx,,GENERATED TAXONOMY,,,,,Commercial service,Maybach Electrical assessment,/brands/maybach-service-dubai/electrical-repair,/brands/maybach-service-dubai,EXISTING OWNER,Existing brand-specific service; exact vehicle scope confirmed,Infotainment & electronics
maybach sound system upgrade,maybach sound system upgrade,Maybach,Master Keywords!A5220,DIGI-TEC_SEO_Keyword_Universe_Dubai.xlsx,,GENERATED TAXONOMY,,,,,Broad commercial,Maybach service/repair discovery,/brands/maybach-service-dubai,,EXISTING OWNER,One broad booking and directory owner,Infotainment & electronics
maybach sound system upgrade dubai,maybach sound system upgrade dubai,Maybach,Master Keywords!A5221,DIGI-TEC_SEO_Keyword_Universe_Dubai.xlsx,,GENERATED TAXONOMY,,,,,Broad commercial,Maybach service/repair discovery,/brands/maybach-service-dubai,,EXISTING OWNER,One broad booking and directory owner,Infotainment & electronics
maybach stereo repair,maybach stereo repair,Maybach,Master Keywords!A5222,DIGI-TEC_SEO_Keyword_Universe_Dubai.xlsx,,GENERATED TAXONOMY,,,,,Broad commercial,Maybach service/repair discovery,/brands/maybach-service-dubai,,EXISTING OWNER,One broad booking and directory owner,Infotainment & electronics
maybach stereo repair dubai,maybach stereo repair dubai,Maybach,Master Keywords!A5223,DIGI-TEC_SEO_Keyword_Universe_Dubai.xlsx,,GENERATED TAXONOMY,,,,,Broad commercial,Maybach service/repair discovery,/brands/maybach-service-dubai,,EXISTING OWNER,One broad booking and directory owner,Infotainment & electronics
maybach stereo upgrade,maybach stereo upgrade,Maybach,Master Keywords!A5224,DIGI-TEC_SEO_Keyword_Universe_Dubai.xlsx,,GENERATED TAXONOMY,,,,,Broad commercial,Maybach service/repair discovery,/brands/maybach-service-dubai,,EXISTING OWNER,One broad booking and directory owner,Infotainment & electronics
maybach stereo upgrade dubai,maybach stereo upgrade dubai,Maybach,Master Keywords!A5225,DIGI-TEC_SEO_Keyword_Universe_Dubai.xlsx,,GENERATED TAXONOMY,,,,,Broad commercial,Maybach service/repair discovery,/brands/maybach-service-dubai,,EXISTING OWNER,One broad booking and directory owner,Infotainment & electronics
maybach touch screen repair,maybach touch screen repair,Maybach,Master Keywords!A5226,DIGI-TEC_SEO_Keyword_Universe_Dubai.xlsx,,GENERATED TAXONOMY,,,,,Commercial service,Maybach Electrical assessment,/brands/maybach-service-dubai/electrical-repair,/brands/maybach-service-dubai,EXISTING OWNER,Existing brand-specific service; exact vehicle scope confirmed,Infotainment & electronics
maybach touch screen repair dubai,maybach touch screen repair dubai,Maybach,Master Keywords!A5227,DIGI-TEC_SEO_Keyword_Universe_Dubai.xlsx,,GENERATED TAXONOMY,,,,,Commercial service,Maybach Electrical assessment,/brands/maybach-service-dubai/electrical-repair,/brands/maybach-service-dubai,EXISTING OWNER,Existing brand-specific service; exact vehicle scope confirmed,Infotainment & electronics
maybach car inspection,maybach car inspection,Maybach,Master Keywords!A5228,DIGI-TEC_SEO_Keyword_Universe_Dubai.xlsx,,GENERATED TAXONOMY,,,,,Broad commercial,Maybach service/repair discovery,/brands/maybach-service-dubai,,EXISTING OWNER,One broad booking and directory owner,Inspection
maybach car inspection dubai,maybach car inspection dubai,Maybach,Master Keywords!A5229,DIGI-TEC_SEO_Keyword_Universe_Dubai.xlsx,,GENERATED TAXONOMY,,,,,Broad commercial,Maybach service/repair discovery,/brands/maybach-service-dubai,,EXISTING OWNER,One broad booking and directory owner,Inspection
maybach ppi,maybach ppi,Maybach,Master Keywords!A5230,DIGI-TEC_SEO_Keyword_Universe_Dubai.xlsx,,GENERATED TAXONOMY,,,,,Broad commercial,Maybach service/repair discovery,/brands/maybach-service-dubai,,EXISTING OWNER,One broad booking and directory owner,Inspection
maybach ppi dubai,maybach ppi dubai,Maybach,Master Keywords!A5231,DIGI-TEC_SEO_Keyword_Universe_Dubai.xlsx,,GENERATED TAXONOMY,,,,,Broad commercial,Maybach service/repair discovery,/brands/maybach-service-dubai,,EXISTING OWNER,One broad booking and directory owner,Inspection
maybach pre purchase inspection,maybach pre purchase inspection,Maybach,Master Keywords!A5232,DIGI-TEC_SEO_Keyword_Universe_Dubai.xlsx,,GENERATED TAXONOMY,,,,,Broad commercial,Maybach service/repair discovery,/brands/maybach-service-dubai,,EXISTING OWNER,One broad booking and directory owner,Inspection
maybach pre purchase inspection dubai,maybach pre purchase inspection dubai,Maybach,Master Keywords!A5233,DIGI-TEC_SEO_Keyword_Universe_Dubai.xlsx,,GENERATED TAXONOMY,,,,,Broad commercial,Maybach service/repair discovery,/brands/maybach-service-dubai,,EXISTING OWNER,One broad booking and directory owner,Inspection
maybach used car inspection,maybach used car inspection,Maybach,Master Keywords!A5234,DIGI-TEC_SEO_Keyword_Universe_Dubai.xlsx,,GENERATED TAXONOMY,,,,,Broad commercial,Maybach service/repair discovery,/brands/maybach-service-dubai,,EXISTING OWNER,One broad booking and directory owner,Inspection
maybach used car inspection dubai,maybach used car inspection dubai,Maybach,Master Keywords!A5235,DIGI-TEC_SEO_Keyword_Universe_Dubai.xlsx,,GENERATED TAXONOMY,,,,,Broad commercial,Maybach service/repair discovery,/brands/maybach-service-dubai,,EXISTING OWNER,One broad booking and directory owner,Inspection
maybach vehicle inspection,maybach vehicle inspection,Maybach,Master Keywords!A5236,DIGI-TEC_SEO_Keyword_Universe_Dubai.xlsx,,GENERATED TAXONOMY,,,,,Broad commercial,Maybach service/repair discovery,/brands/maybach-service-dubai,,EXISTING OWNER,One broad booking and directory owner,Inspection
maybach vehicle inspection dubai,maybach vehicle inspection dubai,Maybach,Master Keywords!A5237,DIGI-TEC_SEO_Keyword_Universe_Dubai.xlsx,,GENERATED TAXONOMY,,,,,Broad commercial,Maybach service/repair discovery,/brands/maybach-service-dubai,,EXISTING OWNER,One broad booking and directory owner,Inspection
maybach dyno tuning,maybach dyno tuning,Maybach,Master Keywords!A5238,DIGI-TEC_SEO_Keyword_Universe_Dubai.xlsx,,GENERATED TAXONOMY,,,,,Cross-brand commercial,Performance project,/tuning,/brands/maybach-service-dubai,EXISTING OWNER,Existing tuning enquiry; exact application and gains unpromised,Performance
maybach dyno tuning dubai,maybach dyno tuning dubai,Maybach,Master Keywords!A5239,DIGI-TEC_SEO_Keyword_Universe_Dubai.xlsx,,GENERATED TAXONOMY,,,,,Cross-brand commercial,Performance project,/tuning,/brands/maybach-service-dubai,EXISTING OWNER,Existing tuning enquiry; exact application and gains unpromised,Performance
maybach ecu remap,maybach ecu remap,Maybach,Master Keywords!A5240,DIGI-TEC_SEO_Keyword_Universe_Dubai.xlsx,,GENERATED TAXONOMY,,,,,Cross-brand commercial,Performance project,/tuning,/brands/maybach-service-dubai,EXISTING OWNER,Existing tuning enquiry; exact application and gains unpromised,Performance
maybach ecu remap dubai,maybach ecu remap dubai,Maybach,Master Keywords!A5241,DIGI-TEC_SEO_Keyword_Universe_Dubai.xlsx,,GENERATED TAXONOMY,,,,,Cross-brand commercial,Performance project,/tuning,/brands/maybach-service-dubai,EXISTING OWNER,Existing tuning enquiry; exact application and gains unpromised,Performance
maybach ecu tuning,maybach ecu tuning,Maybach,Master Keywords!A5242,DIGI-TEC_SEO_Keyword_Universe_Dubai.xlsx,,GENERATED TAXONOMY,,,,,Cross-brand commercial,Performance project,/tuning,/brands/maybach-service-dubai,EXISTING OWNER,Existing tuning enquiry; exact application and gains unpromised,Performance
maybach ecu tuning dubai,maybach ecu tuning dubai,Maybach,Master Keywords!A5243,DIGI-TEC_SEO_Keyword_Universe_Dubai.xlsx,,GENERATED TAXONOMY,,,,,Cross-brand commercial,Performance project,/tuning,/brands/maybach-service-dubai,EXISTING OWNER,Existing tuning enquiry; exact application and gains unpromised,Performance
maybach performance tuning,maybach performance tuning,Maybach,Master Keywords!A5244,DIGI-TEC_SEO_Keyword_Universe_Dubai.xlsx,,GENERATED TAXONOMY,,,,,Cross-brand commercial,Performance project,/tuning,/brands/maybach-service-dubai,EXISTING OWNER,Existing tuning enquiry; exact application and gains unpromised,Performance
maybach performance tuning dubai,maybach performance tuning dubai,Maybach,Master Keywords!A5245,DIGI-TEC_SEO_Keyword_Universe_Dubai.xlsx,,GENERATED TAXONOMY,,,,,Cross-brand commercial,Performance project,/tuning,/brands/maybach-service-dubai,EXISTING OWNER,Existing tuning enquiry; exact application and gains unpromised,Performance
maybach performance upgrade,maybach performance upgrade,Maybach,Master Keywords!A5246,DIGI-TEC_SEO_Keyword_Universe_Dubai.xlsx,,GENERATED TAXONOMY,,,,,Broad commercial,Maybach service/repair discovery,/brands/maybach-service-dubai,,EXISTING OWNER,One broad booking and directory owner,Performance
maybach performance upgrade dubai,maybach performance upgrade dubai,Maybach,Master Keywords!A5247,DIGI-TEC_SEO_Keyword_Universe_Dubai.xlsx,,GENERATED TAXONOMY,,,,,Broad commercial,Maybach service/repair discovery,/brands/maybach-service-dubai,,EXISTING OWNER,One broad booking and directory owner,Performance
maybach stage 1 tuning,maybach stage 1 tuning,Maybach,Master Keywords!A5248,DIGI-TEC_SEO_Keyword_Universe_Dubai.xlsx,,GENERATED TAXONOMY,,,,,Cross-brand commercial,Performance project,/tuning,/brands/maybach-service-dubai,EXISTING OWNER,Existing tuning enquiry; exact application and gains unpromised,Performance
maybach stage 1 tuning dubai,maybach stage 1 tuning dubai,Maybach,Master Keywords!A5249,DIGI-TEC_SEO_Keyword_Universe_Dubai.xlsx,,GENERATED TAXONOMY,,,,,Cross-brand commercial,Performance project,/tuning,/brands/maybach-service-dubai,EXISTING OWNER,Existing tuning enquiry; exact application and gains unpromised,Performance
maybach stage 2 tuning,maybach stage 2 tuning,Maybach,Master Keywords!A5250,DIGI-TEC_SEO_Keyword_Universe_Dubai.xlsx,,GENERATED TAXONOMY,,,,,Cross-brand commercial,Performance project,/tuning,/brands/maybach-service-dubai,EXISTING OWNER,Existing tuning enquiry; exact application and gains unpromised,Performance
maybach stage 2 tuning dubai,maybach stage 2 tuning dubai,Maybach,Master Keywords!A5251,DIGI-TEC_SEO_Keyword_Universe_Dubai.xlsx,,GENERATED TAXONOMY,,,,,Cross-brand commercial,Performance project,/tuning,/brands/maybach-service-dubai,EXISTING OWNER,Existing tuning enquiry; exact application and gains unpromised,Performance
maybach turbo repair,maybach turbo repair,Maybach,Master Keywords!A5252,DIGI-TEC_SEO_Keyword_Universe_Dubai.xlsx,,GENERATED TAXONOMY,,,,,Commercial service,Maybach Mechanical repair,/brands/maybach-service-dubai/mechanical-repair,/brands/maybach-service-dubai,EXISTING OWNER,Existing brand-specific service; exact vehicle scope confirmed,Performance
maybach turbo repair dubai,maybach turbo repair dubai,Maybach,Master Keywords!A5253,DIGI-TEC_SEO_Keyword_Universe_Dubai.xlsx,,GENERATED TAXONOMY,,,,,Commercial service,Maybach Mechanical repair,/brands/maybach-service-dubai/mechanical-repair,/brands/maybach-service-dubai,EXISTING OWNER,Existing brand-specific service; exact vehicle scope confirmed,Performance
maybach turbo replacement,maybach turbo replacement,Maybach,Master Keywords!A5254,DIGI-TEC_SEO_Keyword_Universe_Dubai.xlsx,,GENERATED TAXONOMY,,,,,Commercial service,Maybach Mechanical repair,/brands/maybach-service-dubai/mechanical-repair,/brands/maybach-service-dubai,EXISTING OWNER,Existing brand-specific service; exact vehicle scope confirmed,Performance
maybach turbo replacement dubai,maybach turbo replacement dubai,Maybach,Master Keywords!A5255,DIGI-TEC_SEO_Keyword_Universe_Dubai.xlsx,,GENERATED TAXONOMY,,,,,Commercial service,Maybach Mechanical repair,/brands/maybach-service-dubai/mechanical-repair,/brands/maybach-service-dubai,EXISTING OWNER,Existing brand-specific service; exact vehicle scope confirmed,Performance
maybach turbo upgrade,maybach turbo upgrade,Maybach,Master Keywords!A5256,DIGI-TEC_SEO_Keyword_Universe_Dubai.xlsx,,GENERATED TAXONOMY,,,,,Commercial service,Maybach Mechanical repair,/brands/maybach-service-dubai/mechanical-repair,/brands/maybach-service-dubai,EXISTING OWNER,Existing brand-specific service; exact vehicle scope confirmed,Performance
maybach turbo upgrade dubai,maybach turbo upgrade dubai,Maybach,Master Keywords!A5257,DIGI-TEC_SEO_Keyword_Universe_Dubai.xlsx,,GENERATED TAXONOMY,,,,,Commercial service,Maybach Mechanical repair,/brands/maybach-service-dubai/mechanical-repair,/brands/maybach-service-dubai,EXISTING OWNER,Existing brand-specific service; exact vehicle scope confirmed,Performance
maybach car detailing,maybach car detailing,Maybach,Master Keywords!A5258,DIGI-TEC_SEO_Keyword_Universe_Dubai.xlsx,,GENERATED TAXONOMY,,,,,Broad commercial,Maybach service/repair discovery,/brands/maybach-service-dubai,,EXISTING OWNER,One broad booking and directory owner,Protection & detailing
maybach car detailing dubai,maybach car detailing dubai,Maybach,Master Keywords!A5259,DIGI-TEC_SEO_Keyword_Universe_Dubai.xlsx,,GENERATED TAXONOMY,,,,,Broad commercial,Maybach service/repair discovery,/brands/maybach-service-dubai,,EXISTING OWNER,One broad booking and directory owner,Protection & detailing
maybach car polishing,maybach car polishing,Maybach,Master Keywords!A5260,DIGI-TEC_SEO_Keyword_Universe_Dubai.xlsx,,GENERATED TAXONOMY,,,,,Cross-brand commercial,Paint/protection task,/services/car-polishing-dubai,/brands/maybach-service-dubai,EXISTING OWNER,Existing treatment owner; no brand × protection URL,Protection & detailing
maybach car polishing dubai,maybach car polishing dubai,Maybach,Master Keywords!A5261,DIGI-TEC_SEO_Keyword_Universe_Dubai.xlsx,,GENERATED TAXONOMY,,,,,Cross-brand commercial,Paint/protection task,/services/car-polishing-dubai,/brands/maybach-service-dubai,EXISTING OWNER,Existing treatment owner; no brand × protection URL,Protection & detailing
maybach ceramic coating,maybach ceramic coating,Maybach,Master Keywords!A5262,DIGI-TEC_SEO_Keyword_Universe_Dubai.xlsx,,GENERATED TAXONOMY,,,,,Cross-brand commercial,Paint/protection task,/services/ceramic-coating,/brands/maybach-service-dubai,EXISTING OWNER,Existing treatment owner; no brand × protection URL,Protection & detailing
maybach ceramic coating dubai,maybach ceramic coating dubai,Maybach,Master Keywords!A5263,DIGI-TEC_SEO_Keyword_Universe_Dubai.xlsx,,GENERATED TAXONOMY,,,,,Cross-brand commercial,Paint/protection task,/services/ceramic-coating,/brands/maybach-service-dubai,EXISTING OWNER,Existing treatment owner; no brand × protection URL,Protection & detailing
maybach paint correction,maybach paint correction,Maybach,Master Keywords!A5264,DIGI-TEC_SEO_Keyword_Universe_Dubai.xlsx,,GENERATED TAXONOMY,,,,,Cross-brand commercial,Paint/protection task,/services/car-polishing-dubai,/brands/maybach-service-dubai,EXISTING OWNER,Existing treatment owner; no brand × protection URL,Protection & detailing
maybach paint correction dubai,maybach paint correction dubai,Maybach,Master Keywords!A5265,DIGI-TEC_SEO_Keyword_Universe_Dubai.xlsx,,GENERATED TAXONOMY,,,,,Cross-brand commercial,Paint/protection task,/services/car-polishing-dubai,/brands/maybach-service-dubai,EXISTING OWNER,Existing treatment owner; no brand × protection URL,Protection & detailing
maybach paint protection coating,maybach paint protection coating,Maybach,Master Keywords!A5266,DIGI-TEC_SEO_Keyword_Universe_Dubai.xlsx,,GENERATED TAXONOMY,,,,,Cross-brand commercial,Paint/protection task,/services/paint-protection-dubai,/brands/maybach-service-dubai,EXISTING OWNER,Existing treatment owner; no brand × protection URL,Protection & detailing
maybach paint protection coating dubai,maybach paint protection coating dubai,Maybach,Master Keywords!A5267,DIGI-TEC_SEO_Keyword_Universe_Dubai.xlsx,,GENERATED TAXONOMY,,,,,Cross-brand commercial,Paint/protection task,/services/paint-protection-dubai,/brands/maybach-service-dubai,EXISTING OWNER,Existing treatment owner; no brand × protection URL,Protection & detailing
maybach paint protection film,maybach paint protection film,Maybach,Master Keywords!A5268,DIGI-TEC_SEO_Keyword_Universe_Dubai.xlsx,,GENERATED TAXONOMY,,,,,Cross-brand commercial,Paint/protection task,/services/paint-protection-dubai,/brands/maybach-service-dubai,EXISTING OWNER,Existing treatment owner; no brand × protection URL,Protection & detailing
maybach paint protection film dubai,maybach paint protection film dubai,Maybach,Master Keywords!A5269,DIGI-TEC_SEO_Keyword_Universe_Dubai.xlsx,,GENERATED TAXONOMY,,,,,Cross-brand commercial,Paint/protection task,/services/paint-protection-dubai,/brands/maybach-service-dubai,EXISTING OWNER,Existing treatment owner; no brand × protection URL,Protection & detailing
maybach ppf,maybach ppf,Maybach,Master Keywords!A5270,DIGI-TEC_SEO_Keyword_Universe_Dubai.xlsx,,GENERATED TAXONOMY,,,,,Cross-brand commercial,Paint/protection task,/services/paint-protection-dubai,/brands/maybach-service-dubai,EXISTING OWNER,Existing treatment owner; no brand × protection URL,Protection & detailing
maybach ppf dubai,maybach ppf dubai,Maybach,Master Keywords!A5271,DIGI-TEC_SEO_Keyword_Universe_Dubai.xlsx,,GENERATED TAXONOMY,,,,,Cross-brand commercial,Paint/protection task,/services/paint-protection-dubai,/brands/maybach-service-dubai,EXISTING OWNER,Existing treatment owner; no brand × protection URL,Protection & detailing
maybach ppf installation,maybach ppf installation,Maybach,Master Keywords!A5272,DIGI-TEC_SEO_Keyword_Universe_Dubai.xlsx,,GENERATED TAXONOMY,,,,,Cross-brand commercial,Paint/protection task,/services/paint-protection-dubai,/brands/maybach-service-dubai,EXISTING OWNER,Existing treatment owner; no brand × protection URL,Protection & detailing
maybach ppf installation dubai,maybach ppf installation dubai,Maybach,Master Keywords!A5273,DIGI-TEC_SEO_Keyword_Universe_Dubai.xlsx,,GENERATED TAXONOMY,,,,,Cross-brand commercial,Paint/protection task,/services/paint-protection-dubai,/brands/maybach-service-dubai,EXISTING OWNER,Existing treatment owner; no brand × protection URL,Protection & detailing
maybach window tinting,maybach window tinting,Maybach,Master Keywords!A5274,DIGI-TEC_SEO_Keyword_Universe_Dubai.xlsx,,GENERATED TAXONOMY,,,,,Broad commercial,Maybach service/repair discovery,/brands/maybach-service-dubai,,EXISTING OWNER,One broad booking and directory owner,Protection & detailing
maybach window tinting dubai,maybach window tinting dubai,Maybach,Master Keywords!A5275,DIGI-TEC_SEO_Keyword_Universe_Dubai.xlsx,,GENERATED TAXONOMY,,,,,Broad commercial,Maybach service/repair discovery,/brands/maybach-service-dubai,,EXISTING OWNER,One broad booking and directory owner,Protection & detailing
maybach air filter replacement,maybach air filter replacement,Maybach,Master Keywords!A5276,DIGI-TEC_SEO_Keyword_Universe_Dubai.xlsx,,GENERATED TAXONOMY,,,,,Broad commercial,Maybach service/repair discovery,/brands/maybach-service-dubai,,EXISTING OWNER,One broad booking and directory owner,Scheduled service
maybach air filter replacement dubai,maybach air filter replacement dubai,Maybach,Master Keywords!A5277,DIGI-TEC_SEO_Keyword_Universe_Dubai.xlsx,,GENERATED TAXONOMY,,,,,Broad commercial,Maybach service/repair discovery,/brands/maybach-service-dubai,,EXISTING OWNER,One broad booking and directory owner,Scheduled service
maybach cabin filter replacement,maybach cabin filter replacement,Maybach,Master Keywords!A5278,DIGI-TEC_SEO_Keyword_Universe_Dubai.xlsx,,GENERATED TAXONOMY,,,,,Broad commercial,Maybach service/repair discovery,/brands/maybach-service-dubai,,EXISTING OWNER,One broad booking and directory owner,Scheduled service
maybach cabin filter replacement dubai,maybach cabin filter replacement dubai,Maybach,Master Keywords!A5279,DIGI-TEC_SEO_Keyword_Universe_Dubai.xlsx,,GENERATED TAXONOMY,,,,,Broad commercial,Maybach service/repair discovery,/brands/maybach-service-dubai,,EXISTING OWNER,One broad booking and directory owner,Scheduled service
maybach major service,maybach major service,Maybach,Master Keywords!A5280,DIGI-TEC_SEO_Keyword_Universe_Dubai.xlsx,,GENERATED TAXONOMY,,,,,Broad commercial,Maybach service/repair discovery,/brands/maybach-service-dubai,,EXISTING OWNER,One broad booking and directory owner,Scheduled service
maybach major service dubai,maybach major service dubai,Maybach,Master Keywords!A5281,DIGI-TEC_SEO_Keyword_Universe_Dubai.xlsx,,GENERATED TAXONOMY,,,,,Broad commercial,Maybach service/repair discovery,/brands/maybach-service-dubai,,EXISTING OWNER,One broad booking and directory owner,Scheduled service
maybach minor service,maybach minor service,Maybach,Master Keywords!A5282,DIGI-TEC_SEO_Keyword_Universe_Dubai.xlsx,,GENERATED TAXONOMY,,,,,Broad commercial,Maybach service/repair discovery,/brands/maybach-service-dubai,,EXISTING OWNER,One broad booking and directory owner,Scheduled service
maybach minor service dubai,maybach minor service dubai,Maybach,Master Keywords!A5283,DIGI-TEC_SEO_Keyword_Universe_Dubai.xlsx,,GENERATED TAXONOMY,,,,,Broad commercial,Maybach service/repair discovery,/brands/maybach-service-dubai,,EXISTING OWNER,One broad booking and directory owner,Scheduled service
maybach oil change,maybach oil change,Maybach,Master Keywords!A5284,DIGI-TEC_SEO_Keyword_Universe_Dubai.xlsx,,GENERATED TAXONOMY,,,,,Commercial service,Maybach Oil service,/brands/maybach-service-dubai/oil-change,/brands/maybach-service-dubai,EXISTING OWNER,Existing brand-specific service; exact vehicle scope confirmed,Scheduled service
maybach oil change dubai,maybach oil change dubai,Maybach,Master Keywords!A5285,DIGI-TEC_SEO_Keyword_Universe_Dubai.xlsx,,GENERATED TAXONOMY,,,,,Commercial service,Maybach Oil service,/brands/maybach-service-dubai/oil-change,/brands/maybach-service-dubai,EXISTING OWNER,Existing brand-specific service; exact vehicle scope confirmed,Scheduled service
maybach oil change near me,maybach oil change near me,Maybach,Master Keywords!A5286,DIGI-TEC_SEO_Keyword_Universe_Dubai.xlsx,,GENERATED TAXONOMY,,,,,Commercial service,Maybach Oil service,/brands/maybach-service-dubai/oil-change,/brands/maybach-service-dubai,EXISTING OWNER,Existing brand-specific service; exact vehicle scope confirmed,Scheduled service
maybach oil filter replacement,maybach oil filter replacement,Maybach,Master Keywords!A5287,DIGI-TEC_SEO_Keyword_Universe_Dubai.xlsx,,GENERATED TAXONOMY,,,,,Commercial service,Maybach Oil service,/brands/maybach-service-dubai/oil-change,/brands/maybach-service-dubai,EXISTING OWNER,Existing brand-specific service; exact vehicle scope confirmed,Scheduled service
maybach oil filter replacement dubai,maybach oil filter replacement dubai,Maybach,Master Keywords!A5288,DIGI-TEC_SEO_Keyword_Universe_Dubai.xlsx,,GENERATED TAXONOMY,,,,,Commercial service,Maybach Oil service,/brands/maybach-service-dubai/oil-change,/brands/maybach-service-dubai,EXISTING OWNER,Existing brand-specific service; exact vehicle scope confirmed,Scheduled service
maybach periodic service,maybach periodic service,Maybach,Master Keywords!A5289,DIGI-TEC_SEO_Keyword_Universe_Dubai.xlsx,,GENERATED TAXONOMY,,,,,Broad commercial,Maybach service/repair discovery,/brands/maybach-service-dubai,,EXISTING OWNER,One broad booking and directory owner,Scheduled service
maybach periodic service dubai,maybach periodic service dubai,Maybach,Master Keywords!A5290,DIGI-TEC_SEO_Keyword_Universe_Dubai.xlsx,,GENERATED TAXONOMY,,,,,Broad commercial,Maybach service/repair discovery,/brands/maybach-service-dubai,,EXISTING OWNER,One broad booking and directory owner,Scheduled service
maybach scheduled maintenance,maybach scheduled maintenance,Maybach,Master Keywords!A5291,DIGI-TEC_SEO_Keyword_Universe_Dubai.xlsx,,GENERATED TAXONOMY,,,,,Informational,Maintenance planning,/blog/maybach-best-workshop-dubai,/brands/maybach-service-dubai,EXISTING OWNER,Existing guide supports broad hub booking,Scheduled service
maybach scheduled maintenance dubai,maybach scheduled maintenance dubai,Maybach,Master Keywords!A5292,DIGI-TEC_SEO_Keyword_Universe_Dubai.xlsx,,GENERATED TAXONOMY,,,,,Informational,Maintenance planning,/blog/maybach-best-workshop-dubai,/brands/maybach-service-dubai,EXISTING OWNER,Existing guide supports broad hub booking,Scheduled service
maybach service package,maybach service package,Maybach,Master Keywords!A5293,DIGI-TEC_SEO_Keyword_Universe_Dubai.xlsx,,GENERATED TAXONOMY,,,,,Broad commercial,Maybach service/repair discovery,/brands/maybach-service-dubai,,EXISTING OWNER,One broad booking and directory owner,Scheduled service
maybach service package dubai,maybach service package dubai,Maybach,Master Keywords!A5294,DIGI-TEC_SEO_Keyword_Universe_Dubai.xlsx,,GENERATED TAXONOMY,,,,,Broad commercial,Maybach service/repair discovery,/brands/maybach-service-dubai,,EXISTING OWNER,One broad booking and directory owner,Scheduled service
maybach spark plug replacement,maybach spark plug replacement,Maybach,Master Keywords!A5295,DIGI-TEC_SEO_Keyword_Universe_Dubai.xlsx,,GENERATED TAXONOMY,,,,,Broad commercial,Maybach service/repair discovery,/brands/maybach-service-dubai,,EXISTING OWNER,One broad booking and directory owner,Scheduled service
maybach spark plug replacement dubai,maybach spark plug replacement dubai,Maybach,Master Keywords!A5296,DIGI-TEC_SEO_Keyword_Universe_Dubai.xlsx,,GENERATED TAXONOMY,,,,,Broad commercial,Maybach service/repair discovery,/brands/maybach-service-dubai,,EXISTING OWNER,One broad booking and directory owner,Scheduled service
maybach power steering pump replacement,maybach power steering pump replacement,Maybach,Master Keywords!A5297,DIGI-TEC_SEO_Keyword_Universe_Dubai.xlsx,,GENERATED TAXONOMY,,,,,Commercial service,Maybach Steering repair,/brands/maybach-service-dubai/steering-repair,/brands/maybach-service-dubai,EXISTING OWNER,Existing brand-specific service; exact vehicle scope confirmed,Steering
maybach power steering pump replacement dubai,maybach power steering pump replacement dubai,Maybach,Master Keywords!A5298,DIGI-TEC_SEO_Keyword_Universe_Dubai.xlsx,,GENERATED TAXONOMY,,,,,Commercial service,Maybach Steering repair,/brands/maybach-service-dubai/steering-repair,/brands/maybach-service-dubai,EXISTING OWNER,Existing brand-specific service; exact vehicle scope confirmed,Steering
maybach power steering repair,maybach power steering repair,Maybach,Master Keywords!A5299,DIGI-TEC_SEO_Keyword_Universe_Dubai.xlsx,,GENERATED TAXONOMY,,,,,Commercial service,Maybach Steering repair,/brands/maybach-service-dubai/steering-repair,/brands/maybach-service-dubai,EXISTING OWNER,Existing brand-specific service; exact vehicle scope confirmed,Steering
maybach power steering repair dubai,maybach power steering repair dubai,Maybach,Master Keywords!A5300,DIGI-TEC_SEO_Keyword_Universe_Dubai.xlsx,,GENERATED TAXONOMY,,,,,Commercial service,Maybach Steering repair,/brands/maybach-service-dubai/steering-repair,/brands/maybach-service-dubai,EXISTING OWNER,Existing brand-specific service; exact vehicle scope confirmed,Steering
maybach steering noise repair,maybach steering noise repair,Maybach,Master Keywords!A5301,DIGI-TEC_SEO_Keyword_Universe_Dubai.xlsx,,GENERATED TAXONOMY,,,,,Commercial service,Maybach Steering repair,/brands/maybach-service-dubai/steering-repair,/brands/maybach-service-dubai,EXISTING OWNER,Existing brand-specific service; exact vehicle scope confirmed,Steering
maybach steering noise repair dubai,maybach steering noise repair dubai,Maybach,Master Keywords!A5302,DIGI-TEC_SEO_Keyword_Universe_Dubai.xlsx,,GENERATED TAXONOMY,,,,,Commercial service,Maybach Steering repair,/brands/maybach-service-dubai/steering-repair,/brands/maybach-service-dubai,EXISTING OWNER,Existing brand-specific service; exact vehicle scope confirmed,Steering
maybach steering rack repair,maybach steering rack repair,Maybach,Master Keywords!A5303,DIGI-TEC_SEO_Keyword_Universe_Dubai.xlsx,,GENERATED TAXONOMY,,,,,Commercial service,Maybach Steering repair,/brands/maybach-service-dubai/steering-repair,/brands/maybach-service-dubai,EXISTING OWNER,Existing brand-specific service; exact vehicle scope confirmed,Steering
maybach steering rack repair dubai,maybach steering rack repair dubai,Maybach,Master Keywords!A5304,DIGI-TEC_SEO_Keyword_Universe_Dubai.xlsx,,GENERATED TAXONOMY,,,,,Commercial service,Maybach Steering repair,/brands/maybach-service-dubai/steering-repair,/brands/maybach-service-dubai,EXISTING OWNER,Existing brand-specific service; exact vehicle scope confirmed,Steering
maybach steering rack replacement,maybach steering rack replacement,Maybach,Master Keywords!A5305,DIGI-TEC_SEO_Keyword_Universe_Dubai.xlsx,,GENERATED TAXONOMY,,,,,Commercial service,Maybach Steering repair,/brands/maybach-service-dubai/steering-repair,/brands/maybach-service-dubai,EXISTING OWNER,Existing brand-specific service; exact vehicle scope confirmed,Steering
maybach steering rack replacement dubai,maybach steering rack replacement dubai,Maybach,Master Keywords!A5306,DIGI-TEC_SEO_Keyword_Universe_Dubai.xlsx,,GENERATED TAXONOMY,,,,,Commercial service,Maybach Steering repair,/brands/maybach-service-dubai/steering-repair,/brands/maybach-service-dubai,EXISTING OWNER,Existing brand-specific service; exact vehicle scope confirmed,Steering
maybach steering repair,maybach steering repair,Maybach,Master Keywords!A5307,DIGI-TEC_SEO_Keyword_Universe_Dubai.xlsx,,GENERATED TAXONOMY,,,,,Commercial service,Maybach Steering repair,/brands/maybach-service-dubai/steering-repair,/brands/maybach-service-dubai,EXISTING OWNER,Existing brand-specific service; exact vehicle scope confirmed,Steering
maybach steering repair dubai,maybach steering repair dubai,Maybach,Master Keywords!A5308,DIGI-TEC_SEO_Keyword_Universe_Dubai.xlsx,,GENERATED TAXONOMY,,,,,Commercial service,Maybach Steering repair,/brands/maybach-service-dubai/steering-repair,/brands/maybach-service-dubai,EXISTING OWNER,Existing brand-specific service; exact vehicle scope confirmed,Steering
maybach wheel alignment,maybach wheel alignment,Maybach,Master Keywords!A5309,DIGI-TEC_SEO_Keyword_Universe_Dubai.xlsx,,GENERATED TAXONOMY,,,,,Commercial service,Maybach Tyre/wheel service,/brands/maybach-service-dubai/tire-repair,/brands/maybach-service-dubai,EXISTING OWNER,Existing brand-specific service; exact vehicle scope confirmed,Steering
maybach wheel alignment dubai,maybach wheel alignment dubai,Maybach,Master Keywords!A5310,DIGI-TEC_SEO_Keyword_Universe_Dubai.xlsx,,GENERATED TAXONOMY,,,,,Commercial service,Maybach Tyre/wheel service,/brands/maybach-service-dubai/tire-repair,/brands/maybach-service-dubai,EXISTING OWNER,Existing brand-specific service; exact vehicle scope confirmed,Steering
maybach air suspension compressor replacement,maybach air suspension compressor replacement,Maybach,Master Keywords!A5311,DIGI-TEC_SEO_Keyword_Universe_Dubai.xlsx,,GENERATED TAXONOMY,,,,,Commercial service,Maybach Suspension repair,/brands/maybach-service-dubai/suspension-repair,/brands/maybach-service-dubai,EXISTING OWNER,Existing brand-specific service; exact vehicle scope confirmed,Suspension
maybach air suspension repair,maybach air suspension repair,Maybach,Master Keywords!A5312,DIGI-TEC_SEO_Keyword_Universe_Dubai.xlsx,,GENERATED TAXONOMY,,,,,Commercial service,Maybach Suspension repair,/brands/maybach-service-dubai/suspension-repair,/brands/maybach-service-dubai,EXISTING OWNER,Existing brand-specific service; exact vehicle scope confirmed,Suspension
maybach bushing replacement,maybach bushing replacement,Maybach,Master Keywords!A5313,DIGI-TEC_SEO_Keyword_Universe_Dubai.xlsx,,GENERATED TAXONOMY,,,,,Commercial service,Maybach Suspension repair,/brands/maybach-service-dubai/suspension-repair,/brands/maybach-service-dubai,EXISTING OWNER,Existing brand-specific service; exact vehicle scope confirmed,Suspension
maybach control arm replacement,maybach control arm replacement,Maybach,Master Keywords!A5314,DIGI-TEC_SEO_Keyword_Universe_Dubai.xlsx,,GENERATED TAXONOMY,,,,,Commercial service,Maybach Suspension repair,/brands/maybach-service-dubai/suspension-repair,/brands/maybach-service-dubai,EXISTING OWNER,Existing brand-specific service; exact vehicle scope confirmed,Suspension
maybach ride height adjustment,maybach ride height adjustment,Maybach,Master Keywords!A5315,DIGI-TEC_SEO_Keyword_Universe_Dubai.xlsx,,GENERATED TAXONOMY,,,,,Commercial service,Maybach Suspension repair,/brands/maybach-service-dubai/suspension-repair,/brands/maybach-service-dubai,EXISTING OWNER,Existing brand-specific service; exact vehicle scope confirmed,Suspension
maybach shock absorber replacement,maybach shock absorber replacement,Maybach,Master Keywords!A5316,DIGI-TEC_SEO_Keyword_Universe_Dubai.xlsx,,GENERATED TAXONOMY,,,,,Commercial service,Maybach Suspension repair,/brands/maybach-service-dubai/suspension-repair,/brands/maybach-service-dubai,EXISTING OWNER,Existing brand-specific service; exact vehicle scope confirmed,Suspension
maybach strut replacement,maybach strut replacement,Maybach,Master Keywords!A5317,DIGI-TEC_SEO_Keyword_Universe_Dubai.xlsx,,GENERATED TAXONOMY,,,,,Broad commercial,Maybach service/repair discovery,/brands/maybach-service-dubai,,EXISTING OWNER,One broad booking and directory owner,Suspension
maybach suspension noise repair,maybach suspension noise repair,Maybach,Master Keywords!A5318,DIGI-TEC_SEO_Keyword_Universe_Dubai.xlsx,,GENERATED TAXONOMY,,,,,Commercial service,Maybach Suspension repair,/brands/maybach-service-dubai/suspension-repair,/brands/maybach-service-dubai,EXISTING OWNER,Existing brand-specific service; exact vehicle scope confirmed,Suspension
maybach suspension repair,maybach suspension repair,Maybach,Master Keywords!A5319,DIGI-TEC_SEO_Keyword_Universe_Dubai.xlsx,,GENERATED TAXONOMY,,,,,Commercial service,Maybach Suspension repair,/brands/maybach-service-dubai/suspension-repair,/brands/maybach-service-dubai,EXISTING OWNER,Existing brand-specific service; exact vehicle scope confirmed,Suspension
maybach suspension repair near me,maybach suspension repair near me,Maybach,Master Keywords!A5320,DIGI-TEC_SEO_Keyword_Universe_Dubai.xlsx,,GENERATED TAXONOMY,,,,,Commercial service,Maybach Suspension repair,/brands/maybach-service-dubai/suspension-repair,/brands/maybach-service-dubai,EXISTING OWNER,Existing brand-specific service; exact vehicle scope confirmed,Suspension
maybach suspension warning light,maybach suspension warning light,Maybach,Master Keywords!A5321,DIGI-TEC_SEO_Keyword_Universe_Dubai.xlsx,,GENERATED TAXONOMY,,,,,Service section,Symptom assessment,/brands/maybach-service-dubai/suspension-repair,/brands/maybach-service-dubai,EXISTING OWNER,Existing service provides diagnostic path; no thin symptom URL,Suspension
maybach gear shifting problem,maybach gear shifting problem,Maybach,Master Keywords!A5322,DIGI-TEC_SEO_Keyword_Universe_Dubai.xlsx,,GENERATED TAXONOMY,,,,,Broad commercial,Maybach service/repair discovery,/brands/maybach-service-dubai,,EXISTING OWNER,One broad booking and directory owner,Transmission & gearbox
maybach gearbox oil change,maybach gearbox oil change,Maybach,Master Keywords!A5323,DIGI-TEC_SEO_Keyword_Universe_Dubai.xlsx,,GENERATED TAXONOMY,,,,,Commercial service,Maybach Gearbox repair,/brands/maybach-service-dubai/transmission-repair,/brands/maybach-service-dubai,EXISTING OWNER,Existing brand-specific service; exact vehicle scope confirmed,Transmission & gearbox
maybach gearbox rebuild,maybach gearbox rebuild,Maybach,Master Keywords!A5324,DIGI-TEC_SEO_Keyword_Universe_Dubai.xlsx,,GENERATED TAXONOMY,,,,,Commercial service,Maybach Gearbox repair,/brands/maybach-service-dubai/transmission-repair,/brands/maybach-service-dubai,EXISTING OWNER,Existing brand-specific service; exact vehicle scope confirmed,Transmission & gearbox
maybach gearbox repair,maybach gearbox repair,Maybach,Master Keywords!A5325,DIGI-TEC_SEO_Keyword_Universe_Dubai.xlsx,,GENERATED TAXONOMY,,,,,Commercial service,Maybach Gearbox repair,/brands/maybach-service-dubai/transmission-repair,/brands/maybach-service-dubai,EXISTING OWNER,Existing brand-specific service; exact vehicle scope confirmed,Transmission & gearbox
maybach gearbox replacement,maybach gearbox replacement,Maybach,Master Keywords!A5326,DIGI-TEC_SEO_Keyword_Universe_Dubai.xlsx,,GENERATED TAXONOMY,,,,,Commercial service,Maybach Gearbox repair,/brands/maybach-service-dubai/transmission-repair,/brands/maybach-service-dubai,EXISTING OWNER,Existing brand-specific service; exact vehicle scope confirmed,Transmission & gearbox
maybach gearbox service,maybach gearbox service,Maybach,Master Keywords!A5327,DIGI-TEC_SEO_Keyword_Universe_Dubai.xlsx,,GENERATED TAXONOMY,,,,,Commercial service,Maybach Gearbox repair,/brands/maybach-service-dubai/transmission-repair,/brands/maybach-service-dubai,EXISTING OWNER,Existing brand-specific service; exact vehicle scope confirmed,Transmission & gearbox
maybach transmission leak repair,maybach gearbox leak repair,Maybach,Master Keywords!A5328,DIGI-TEC_SEO_Keyword_Universe_Dubai.xlsx,,GENERATED TAXONOMY,,,,,Commercial service,Maybach Gearbox repair,/brands/maybach-service-dubai/transmission-repair,/brands/maybach-service-dubai,EXISTING OWNER,Existing brand-specific service; exact vehicle scope confirmed,Transmission & gearbox
maybach transmission oil change,maybach gearbox oil change,Maybach,Master Keywords!A5329,DIGI-TEC_SEO_Keyword_Universe_Dubai.xlsx,,GENERATED TAXONOMY,,,,,Commercial service,Maybach Gearbox repair,/brands/maybach-service-dubai/transmission-repair,/brands/maybach-service-dubai,EXISTING OWNER,Existing brand-specific service; exact vehicle scope confirmed,Transmission & gearbox
maybach transmission rebuild,maybach gearbox rebuild,Maybach,Master Keywords!A5330,DIGI-TEC_SEO_Keyword_Universe_Dubai.xlsx,,GENERATED TAXONOMY,,,,,Commercial service,Maybach Gearbox repair,/brands/maybach-service-dubai/transmission-repair,/brands/maybach-service-dubai,EXISTING OWNER,Existing brand-specific service; exact vehicle scope confirmed,Transmission & gearbox
maybach transmission repair,maybach gearbox repair,Maybach,Master Keywords!A5331,DIGI-TEC_SEO_Keyword_Universe_Dubai.xlsx,,GENERATED TAXONOMY,,,,,Commercial service,Maybach Gearbox repair,/brands/maybach-service-dubai/transmission-repair,/brands/maybach-service-dubai,EXISTING OWNER,Existing brand-specific service; exact vehicle scope confirmed,Transmission & gearbox
maybach transmission repair near me,maybach gearbox repair near me,Maybach,Master Keywords!A5332,DIGI-TEC_SEO_Keyword_Universe_Dubai.xlsx,,GENERATED TAXONOMY,,,,,Commercial service,Maybach Gearbox repair,/brands/maybach-service-dubai/transmission-repair,/brands/maybach-service-dubai,EXISTING OWNER,Existing brand-specific service; exact vehicle scope confirmed,Transmission & gearbox
maybach transmission replacement,maybach gearbox replacement,Maybach,Master Keywords!A5333,DIGI-TEC_SEO_Keyword_Universe_Dubai.xlsx,,GENERATED TAXONOMY,,,,,Commercial service,Maybach Gearbox repair,/brands/maybach-service-dubai/transmission-repair,/brands/maybach-service-dubai,EXISTING OWNER,Existing brand-specific service; exact vehicle scope confirmed,Transmission & gearbox
maybach transmission service,maybach gearbox service,Maybach,Master Keywords!A5334,DIGI-TEC_SEO_Keyword_Universe_Dubai.xlsx,,GENERATED TAXONOMY,,,,,Commercial service,Maybach Gearbox repair,/brands/maybach-service-dubai/transmission-repair,/brands/maybach-service-dubai,EXISTING OWNER,Existing brand-specific service; exact vehicle scope confirmed,Transmission & gearbox
maybach puncture repair,maybach puncture repair,Maybach,Master Keywords!A5335,DIGI-TEC_SEO_Keyword_Universe_Dubai.xlsx,,GENERATED TAXONOMY,,,,,Commercial service,Maybach Tyre/wheel service,/brands/maybach-service-dubai/tire-repair,/brands/maybach-service-dubai,EXISTING OWNER,Existing brand-specific service; exact vehicle scope confirmed,Tyres & wheels
maybach puncture repair dubai,maybach puncture repair dubai,Maybach,Master Keywords!A5336,DIGI-TEC_SEO_Keyword_Universe_Dubai.xlsx,,GENERATED TAXONOMY,,,,,Commercial service,Maybach Tyre/wheel service,/brands/maybach-service-dubai/tire-repair,/brands/maybach-service-dubai,EXISTING OWNER,Existing brand-specific service; exact vehicle scope confirmed,Tyres & wheels
maybach rim repair,maybach rim repair,Maybach,Master Keywords!A5337,DIGI-TEC_SEO_Keyword_Universe_Dubai.xlsx,,GENERATED TAXONOMY,,,,,Commercial service,Maybach Tyre/wheel service,/brands/maybach-service-dubai/tire-repair,/brands/maybach-service-dubai,EXISTING OWNER,Existing brand-specific service; exact vehicle scope confirmed,Tyres & wheels
maybach rim repair dubai,maybach rim repair dubai,Maybach,Master Keywords!A5338,DIGI-TEC_SEO_Keyword_Universe_Dubai.xlsx,,GENERATED TAXONOMY,,,,,Commercial service,Maybach Tyre/wheel service,/brands/maybach-service-dubai/tire-repair,/brands/maybach-service-dubai,EXISTING OWNER,Existing brand-specific service; exact vehicle scope confirmed,Tyres & wheels
maybach tire repair,maybach tire repair,Maybach,Master Keywords!A5339,DIGI-TEC_SEO_Keyword_Universe_Dubai.xlsx,,GENERATED TAXONOMY,,,,,Commercial service,Maybach Tyre/wheel service,/brands/maybach-service-dubai/tire-repair,/brands/maybach-service-dubai,EXISTING OWNER,Existing brand-specific service; exact vehicle scope confirmed,Tyres & wheels
maybach tire repair dubai,maybach tire repair dubai,Maybach,Master Keywords!A5340,DIGI-TEC_SEO_Keyword_Universe_Dubai.xlsx,,GENERATED TAXONOMY,,,,,Commercial service,Maybach Tyre/wheel service,/brands/maybach-service-dubai/tire-repair,/brands/maybach-service-dubai,EXISTING OWNER,Existing brand-specific service; exact vehicle scope confirmed,Tyres & wheels
maybach tire replacement,maybach tire replacement,Maybach,Master Keywords!A5341,DIGI-TEC_SEO_Keyword_Universe_Dubai.xlsx,,GENERATED TAXONOMY,,,,,Commercial service,Maybach Tyre/wheel service,/brands/maybach-service-dubai/tire-repair,/brands/maybach-service-dubai,EXISTING OWNER,Existing brand-specific service; exact vehicle scope confirmed,Tyres & wheels
maybach tire replacement dubai,maybach tire replacement dubai,Maybach,Master Keywords!A5342,DIGI-TEC_SEO_Keyword_Universe_Dubai.xlsx,,GENERATED TAXONOMY,,,,,Commercial service,Maybach Tyre/wheel service,/brands/maybach-service-dubai/tire-repair,/brands/maybach-service-dubai,EXISTING OWNER,Existing brand-specific service; exact vehicle scope confirmed,Tyres & wheels
maybach tyre repair,maybach tyre repair,Maybach,Master Keywords!A5343,DIGI-TEC_SEO_Keyword_Universe_Dubai.xlsx,,GENERATED TAXONOMY,,,,,Commercial service,Maybach Tyre/wheel service,/brands/maybach-service-dubai/tire-repair,/brands/maybach-service-dubai,EXISTING OWNER,Existing brand-specific service; exact vehicle scope confirmed,Tyres & wheels
maybach tyre repair dubai,maybach tyre repair dubai,Maybach,Master Keywords!A5344,DIGI-TEC_SEO_Keyword_Universe_Dubai.xlsx,,GENERATED TAXONOMY,,,,,Commercial service,Maybach Tyre/wheel service,/brands/maybach-service-dubai/tire-repair,/brands/maybach-service-dubai,EXISTING OWNER,Existing brand-specific service; exact vehicle scope confirmed,Tyres & wheels
maybach tyre replacement,maybach tyre replacement,Maybach,Master Keywords!A5345,DIGI-TEC_SEO_Keyword_Universe_Dubai.xlsx,,GENERATED TAXONOMY,,,,,Commercial service,Maybach Tyre/wheel service,/brands/maybach-service-dubai/tire-repair,/brands/maybach-service-dubai,EXISTING OWNER,Existing brand-specific service; exact vehicle scope confirmed,Tyres & wheels
maybach tyre replacement dubai,maybach tyre replacement dubai,Maybach,Master Keywords!A5346,DIGI-TEC_SEO_Keyword_Universe_Dubai.xlsx,,GENERATED TAXONOMY,,,,,Commercial service,Maybach Tyre/wheel service,/brands/maybach-service-dubai/tire-repair,/brands/maybach-service-dubai,EXISTING OWNER,Existing brand-specific service; exact vehicle scope confirmed,Tyres & wheels
maybach wheel balancing,maybach wheel balancing,Maybach,Master Keywords!A5347,DIGI-TEC_SEO_Keyword_Universe_Dubai.xlsx,,GENERATED TAXONOMY,,,,,Commercial service,Maybach Tyre/wheel service,/brands/maybach-service-dubai/tire-repair,/brands/maybach-service-dubai,EXISTING OWNER,Existing brand-specific service; exact vehicle scope confirmed,Tyres & wheels
maybach wheel balancing dubai,maybach wheel balancing dubai,Maybach,Master Keywords!A5348,DIGI-TEC_SEO_Keyword_Universe_Dubai.xlsx,,GENERATED TAXONOMY,,,,,Commercial service,Maybach Tyre/wheel service,/brands/maybach-service-dubai/tire-repair,/brands/maybach-service-dubai,EXISTING OWNER,Existing brand-specific service; exact vehicle scope confirmed,Tyres & wheels
maybach wheel repair,maybach wheel repair,Maybach,Master Keywords!A5349,DIGI-TEC_SEO_Keyword_Universe_Dubai.xlsx,,GENERATED TAXONOMY,,,,,Commercial service,Maybach Tyre/wheel service,/brands/maybach-service-dubai/tire-repair,/brands/maybach-service-dubai,EXISTING OWNER,Existing brand-specific service; exact vehicle scope confirmed,Tyres & wheels
maybach wheel repair dubai,maybach wheel repair dubai,Maybach,Master Keywords!A5350,DIGI-TEC_SEO_Keyword_Universe_Dubai.xlsx,,GENERATED TAXONOMY,,,,,Commercial service,Maybach Tyre/wheel service,/brands/maybach-service-dubai/tire-repair,/brands/maybach-service-dubai,EXISTING OWNER,Existing brand-specific service; exact vehicle scope confirmed,Tyres & wheels
maybach service center dubai,maybach service center dubai,Maybach,GSC Opportunities!A382,DIGI-TEC_SEO_Keyword_Universe_Dubai.xlsx,2026-04-12 to 2026-09-25,MEASURED WORKBOOK,0,48,0,16.4,Broad commercial,Maybach service/repair discovery,/brands/maybach-service-dubai,,EXISTING OWNER,One broad booking and directory owner,Opportunity sheet copy
maybach service center,maybach service center,Maybach,GSC Opportunities!A498,DIGI-TEC_SEO_Keyword_Universe_Dubai.xlsx,2026-04-12 to 2026-09-25,MEASURED WORKBOOK,0,36,0,15.03,Broad commercial,Maybach service/repair discovery,/brands/maybach-service-dubai,,EXISTING OWNER,One broad booking and directory owner,Opportunity sheet copy
maybach repair,maybach repair,Maybach,GSC Opportunities!A596,DIGI-TEC_SEO_Keyword_Universe_Dubai.xlsx,2026-04-12 to 2026-09-25,MEASURED WORKBOOK,0,29,0,20.86,Broad commercial,Maybach service/repair discovery,/brands/maybach-service-dubai,,EXISTING OWNER,One broad booking and directory owner,Opportunity sheet copy
maybach repair dubai,maybach repair dubai,Maybach,GSC Opportunities!A769,DIGI-TEC_SEO_Keyword_Universe_Dubai.xlsx,2026-04-12 to 2026-09-25,MEASURED WORKBOOK,1,21,0.047599999999999996,6.57,Broad commercial,Maybach service/repair discovery,/brands/maybach-service-dubai,,EXISTING OWNER,One broad booking and directory owner,Opportunity sheet copy
maybach airmatic repair,maybach airmatic repair,Maybach,Brand Specific Systems!B41,DIGI-TEC_SEO_Keyword_Universe_Dubai.xlsx,,RESEARCH KEYWORD,,,,,Commercial service,Maybach Suspension repair,/brands/maybach-service-dubai/suspension-repair,/brands/maybach-service-dubai,EXISTING OWNER,Existing brand-specific service; exact vehicle scope confirmed,System research suggestion
maybach mbux repair,maybach mbux repair,Maybach,Brand Specific Systems!B42,DIGI-TEC_SEO_Keyword_Universe_Dubai.xlsx,,RESEARCH KEYWORD,,,,,Commercial service,Maybach Electrical assessment,/brands/maybach-service-dubai/electrical-repair,/brands/maybach-service-dubai,EXISTING OWNER,Existing brand-specific service; exact vehicle scope confirmed,System research suggestion
maybach rear entertainment repair,maybach rear entertainment repair,Maybach,Brand Specific Systems!B43,DIGI-TEC_SEO_Keyword_Universe_Dubai.xlsx,,RESEARCH KEYWORD,,,,,Broad commercial,Maybach service/repair discovery,/brands/maybach-service-dubai,,EXISTING OWNER,One broad booking and directory owner,System research suggestion
maybach soft close door repair,maybach soft close door repair,Maybach,Brand Specific Systems!B44,DIGI-TEC_SEO_Keyword_Universe_Dubai.xlsx,,RESEARCH KEYWORD,,,,,Unverified service,Unverified exact function,,,NOT TARGETED — INTENTIONALLY,Keyword evidence does not establish exact workshop capability,System research suggestion
maybach maybach diagnostics,maybach maybach diagnostics,Maybach,Brand Specific Systems!B45,DIGI-TEC_SEO_Keyword_Universe_Dubai.xlsx,,RESEARCH KEYWORD,,,,,Commercial service,Maybach Diagnostics,/brands/maybach-service-dubai/engine-diagnostics,/brands/maybach-service-dubai,EXISTING OWNER,Existing brand-specific service; exact vehicle scope confirmed,System research suggestion
Maybach service Dubai,maybach service dubai,Maybach,B5 brief example #1,B5 user brief,,OTHER SOURCE — USER BRIEF EXAMPLE,,,,,Broad commercial,Maybach service/repair discovery,/brands/maybach-service-dubai,,EXISTING OWNER,One broad booking and directory owner,"Candidate task, not measured demand"
Mercedes Maybach repair Dubai,mercedes-maybach repair dubai,Maybach,B5 brief example #2,B5 user brief,,OTHER SOURCE — USER BRIEF EXAMPLE,,,,,Broad commercial,Maybach service/repair discovery,/brands/maybach-service-dubai,,EXISTING OWNER,One broad booking and directory owner,"Candidate task, not measured demand"
Maybach workshop Dubai,maybach workshop dubai,Maybach,B5 brief example #3,B5 user brief,,OTHER SOURCE — USER BRIEF EXAMPLE,,,,,Broad commercial,Maybach service/repair discovery,/brands/maybach-service-dubai,,EXISTING OWNER,One broad booking and directory owner,"Candidate task, not measured demand"
Maybach diagnostics Dubai,maybach diagnostics dubai,Maybach,B5 brief example #4,B5 user brief,,OTHER SOURCE — USER BRIEF EXAMPLE,,,,,Commercial service,Maybach Diagnostics,/brands/maybach-service-dubai/engine-diagnostics,/brands/maybach-service-dubai,EXISTING OWNER,Existing brand-specific service; exact vehicle scope confirmed,"Candidate task, not measured demand"
Maybach AIRMATIC repair Dubai,maybach airmatic repair dubai,Maybach,B5 brief example #5,B5 user brief,,OTHER SOURCE — USER BRIEF EXAMPLE,,,,,Commercial service,Maybach Suspension repair,/brands/maybach-service-dubai/suspension-repair,/brands/maybach-service-dubai,EXISTING OWNER,Existing brand-specific service; exact vehicle scope confirmed,"Candidate task, not measured demand"
Maybach suspension warning,maybach suspension warning,Maybach,B5 brief example #6,B5 user brief,,OTHER SOURCE — USER BRIEF EXAMPLE,,,,,Service section,Symptom assessment,/brands/maybach-service-dubai/suspension-repair,/brands/maybach-service-dubai,EXISTING OWNER,Existing service provides diagnostic path; no thin symptom URL,"Candidate task, not measured demand"
Maybach transmission repair Dubai,maybach gearbox repair dubai,Maybach,B5 brief example #7,B5 user brief,,OTHER SOURCE — USER BRIEF EXAMPLE,,,,,Commercial service,Maybach Gearbox repair,/brands/maybach-service-dubai/transmission-repair,/brands/maybach-service-dubai,EXISTING OWNER,Existing brand-specific service; exact vehicle scope confirmed,"Candidate task, not measured demand"
Maybach MBUX repair,maybach mbux repair,Maybach,B5 brief example #8,B5 user brief,,OTHER SOURCE — USER BRIEF EXAMPLE,,,,,Commercial service,Maybach Electrical assessment,/brands/maybach-service-dubai/electrical-repair,/brands/maybach-service-dubai,EXISTING OWNER,Existing brand-specific service; exact vehicle scope confirmed,"Candidate task, not measured demand"
Maybach screen repair,maybach screen repair,Maybach,B5 brief example #9,B5 user brief,,OTHER SOURCE — USER BRIEF EXAMPLE,,,,,Commercial service,Maybach Electrical assessment,/brands/maybach-service-dubai/electrical-repair,/brands/maybach-service-dubai,EXISTING OWNER,Existing brand-specific service; exact vehicle scope confirmed,"Candidate task, not measured demand"
Maybach brake repair Dubai,maybach brake repair dubai,Maybach,B5 brief example #10,B5 user brief,,OTHER SOURCE — USER BRIEF EXAMPLE,,,,,Commercial service,Maybach Brake repair,/brands/maybach-service-dubai/brake-repair,/brands/maybach-service-dubai,EXISTING OWNER,Existing brand-specific service; exact vehicle scope confirmed,"Candidate task, not measured demand"
Maybach AC repair Dubai,maybach ac repair dubai,Maybach,B5 brief example #11,B5 user brief,,OTHER SOURCE — USER BRIEF EXAMPLE,,,,,Commercial service,Maybach AC repair,/brands/maybach-service-dubai/ac-repair,/brands/maybach-service-dubai,EXISTING OWNER,Existing brand-specific service; exact vehicle scope confirmed,"Candidate task, not measured demand"
Maybach battery replacement,maybach battery replacement,Maybach,B5 brief example #12,B5 user brief,,OTHER SOURCE — USER BRIEF EXAMPLE,,,,,Commercial service,Maybach Low-voltage battery assessment,/brands/maybach-service-dubai/battery-replacement,/brands/maybach-service-dubai,EXISTING OWNER,Existing brand-specific service; exact vehicle scope confirmed,"Candidate task, not measured demand"
Maybach S580 service Dubai,maybach s580 service dubai,Maybach,B5 brief example #13,B5 user brief,,OTHER SOURCE — USER BRIEF EXAMPLE,,,,,Model informational,Mercedes-Maybach S-Class service,/blog/maybach-s580-service-dubai-guide,/brands/maybach-service-dubai,EXISTING OWNER,"Existing S580 guide supports Maybach commercial owners, not generic Mercedes intent","Candidate task, not measured demand"
Maybach S680 service Dubai,maybach s680 service dubai,Maybach,B5 brief example #14,B5 user brief,,OTHER SOURCE — USER BRIEF EXAMPLE,,,,,Model informational,Mercedes-Maybach S-Class service,/blog/maybach-s580-service-dubai-guide,/brands/maybach-service-dubai,EXISTING OWNER,"Existing S580 guide supports Maybach commercial owners, not generic Mercedes intent","Candidate task, not measured demand"
Maybach GLS 600 service Dubai,maybach gls 600 service dubai,Maybach,B5 brief example #15,B5 user brief,,OTHER SOURCE — USER BRIEF EXAMPLE,,,,,Broad hub section,Mercedes-Maybach GLS enquiry,/brands/maybach-service-dubai,,EXISTING OWNER,No separate Maybach GLS route; distinguish from generic Mercedes GLS,"Candidate task, not measured demand"
Maybach service cost Dubai,maybach service cost dubai,Maybach,B5 brief example #16,B5 user brief,,OTHER SOURCE — USER BRIEF EXAMPLE,,,,,Informational,Maintenance/cost planning,/blog/maybach-best-workshop-dubai,/brands/maybach-service-dubai,EXISTING OWNER,Existing informational guide explains cost factors and vehicle-specific schedules,"Candidate task, not measured demand"
maybach repair dubai,maybach repair dubai,Maybach,Queries!A21,digitecme.com-Performance-on-Search-2026-09-05.xlsx,2026-08-06 to 2026-09-02,MEASURED ORIGINAL GSC,1.0,6.0,0.16670000000000001,3.83,Broad commercial,Maybach service/repair discovery,/brands/maybach-service-dubai,,EXISTING OWNER,One broad booking and directory owner,Original GSC query export
maybach service center,maybach service center,Maybach,Queries!A259,digitecme.com-Performance-on-Search-2026-09-05.xlsx,2026-08-06 to 2026-09-02,MEASURED ORIGINAL GSC,0.0,25.0,0.0,14.16,Broad commercial,Maybach service/repair discovery,/brands/maybach-service-dubai,,EXISTING OWNER,One broad booking and directory owner,Original GSC query export
maybach service center dubai,maybach service center dubai,Maybach,Queries!A289,digitecme.com-Performance-on-Search-2026-09-05.xlsx,2026-08-06 to 2026-09-02,MEASURED ORIGINAL GSC,0.0,21.0,0.0,18.86,Broad commercial,Maybach service/repair discovery,/brands/maybach-service-dubai,,EXISTING OWNER,One broad booking and directory owner,Original GSC query export
maybach repair,maybach repair,Maybach,Queries!A370,digitecme.com-Performance-on-Search-2026-09-05.xlsx,2026-08-06 to 2026-09-02,MEASURED ORIGINAL GSC,0.0,16.0,0.0,19.5,Broad commercial,Maybach service/repair discovery,/brands/maybach-service-dubai,,EXISTING OWNER,One broad booking and directory owner,Original GSC query export
mercedes benz s class maybach service dubai,mercedes benz s class maybach service dubai,Maybach,Queries!A880,digitecme.com-Performance-on-Search-2026-09-05.xlsx,2026-08-06 to 2026-09-02,MEASURED ORIGINAL GSC,0.0,5.0,0.0,22.0,Model informational,Mercedes-Maybach S-Class service,/blog/maybach-s580-service-dubai-guide,/brands/maybach-service-dubai,EXISTING OWNER,"Existing S580 guide supports Maybach commercial owners, not generic Mercedes intent",Original GSC query export
maybach repair dubai,maybach repair dubai,Maybach,Queries!A41,digitecme.com-Performance-on-Search-2026-09-08.xlsx,2026-06-07 to 2026-09-06,MEASURED ORIGINAL GSC,1.0,10.0,0.1,4.2,Broad commercial,Maybach service/repair discovery,/brands/maybach-service-dubai,,EXISTING OWNER,One broad booking and directory owner,Original GSC query export
maybach service center dubai,maybach service center dubai,Maybach,Queries!A407,digitecme.com-Performance-on-Search-2026-09-08.xlsx,2026-06-07 to 2026-09-06,MEASURED ORIGINAL GSC,0.0,34.0,0.0,16.79,Broad commercial,Maybach service/repair discovery,/brands/maybach-service-dubai,,EXISTING OWNER,One broad booking and directory owner,Original GSC query export
maybach service center,maybach service center,Maybach,Queries!A451,digitecme.com-Performance-on-Search-2026-09-08.xlsx,2026-06-07 to 2026-09-06,MEASURED ORIGINAL GSC,0.0,30.0,0.0,15.87,Broad commercial,Maybach service/repair discovery,/brands/maybach-service-dubai,,EXISTING OWNER,One broad booking and directory owner,Original GSC query export
maybach repair,maybach repair,Maybach,Queries!A660,digitecme.com-Performance-on-Search-2026-09-08.xlsx,2026-06-07 to 2026-09-06,MEASURED ORIGINAL GSC,0.0,19.0,0.0,18.42,Broad commercial,Maybach service/repair discovery,/brands/maybach-service-dubai,,EXISTING OWNER,One broad booking and directory owner,Original GSC query export
maybach service center,maybach service center,Maybach,Queries!A361,digitecme.com-Performance-on-Search-2026-09-13.xlsx,2026-09-05 to 2026-09-11,MEASURED ORIGINAL GSC,0.0,5.0,0.0,7.0,Broad commercial,Maybach service/repair discovery,/brands/maybach-service-dubai,,EXISTING OWNER,One broad booking and directory owner,Original GSC query export
maybach repair dubai,maybach repair dubai,Maybach,Queries!A510,digitecme.com-Performance-on-Search-2026-09-13.xlsx,2026-09-05 to 2026-09-11,MEASURED ORIGINAL GSC,0.0,3.0,0.0,6.67,Broad commercial,Maybach service/repair discovery,/brands/maybach-service-dubai,,EXISTING OWNER,One broad booking and directory owner,Original GSC query export
maybach repair,maybach repair,Maybach,Queries!A524,digitecme.com-Performance-on-Search-2026-09-13.xlsx,2026-09-05 to 2026-09-11,MEASURED ORIGINAL GSC,0.0,3.0,0.0,9.33,Broad commercial,Maybach service/repair discovery,/brands/maybach-service-dubai,,EXISTING OWNER,One broad booking and directory owner,Original GSC query export
maybach service center dubai,maybach service center dubai,Maybach,Queries!A668,digitecme.com-Performance-on-Search-2026-09-13.xlsx,2026-09-05 to 2026-09-11,MEASURED ORIGINAL GSC,0.0,2.0,0.0,9.0,Broad commercial,Maybach service/repair discovery,/brands/maybach-service-dubai,,EXISTING OWNER,One broad booking and directory owner,Original GSC query export
maybach service center,maybach service center,Maybach,Queries!A503,digitecme.com-Performance-on-Search-2026-09-16.xlsx,2026-09-07 to 2026-09-13,MEASURED ORIGINAL GSC,0.0,3.0,0.0,8.0,Broad commercial,Maybach service/repair discovery,/brands/maybach-service-dubai,,EXISTING OWNER,One broad booking and directory owner,Original GSC query export
maybach repair,maybach repair,Maybach,Queries!A533,digitecme.com-Performance-on-Search-2026-09-16.xlsx,2026-09-07 to 2026-09-13,MEASURED ORIGINAL GSC,0.0,3.0,0.0,12.0,Broad commercial,Maybach service/repair discovery,/brands/maybach-service-dubai,,EXISTING OWNER,One broad booking and directory owner,Original GSC query export
maybach repair dubai,maybach repair dubai,Maybach,Queries!A636,digitecme.com-Performance-on-Search-2026-09-16.xlsx,2026-09-07 to 2026-09-13,MEASURED ORIGINAL GSC,0.0,2.0,0.0,6.5,Broad commercial,Maybach service/repair discovery,/brands/maybach-service-dubai,,EXISTING OWNER,One broad booking and directory owner,Original GSC query export
maybach service center dubai,maybach service center dubai,Maybach,Queries!A653,digitecme.com-Performance-on-Search-2026-09-16.xlsx,2026-09-07 to 2026-09-13,MEASURED ORIGINAL GSC,0.0,2.0,0.0,9.0,Broad commercial,Maybach service/repair discovery,/brands/maybach-service-dubai,,EXISTING OWNER,One broad booking and directory owner,Original GSC query export
maybach repair dubai,maybach repair dubai,Maybach,Queries!A435,digitecme.com-Performance-on-Search-2026-09-18.xlsx,2026-09-09 to 2026-09-15,MEASURED ORIGINAL GSC,0.0,4.0,0.0,8.25,Broad commercial,Maybach service/repair discovery,/brands/maybach-service-dubai,,EXISTING OWNER,One broad booking and directory owner,Original GSC query export
maybach service center,maybach service center,Maybach,Queries!A534,digitecme.com-Performance-on-Search-2026-09-18.xlsx,2026-09-09 to 2026-09-15,MEASURED ORIGINAL GSC,0.0,3.0,0.0,6.67,Broad commercial,Maybach service/repair discovery,/brands/maybach-service-dubai,,EXISTING OWNER,One broad booking and directory owner,Original GSC query export
maybach repair,maybach repair,Maybach,Queries!A565,digitecme.com-Performance-on-Search-2026-09-18.xlsx,2026-09-09 to 2026-09-15,MEASURED ORIGINAL GSC,0.0,3.0,0.0,14.33,Broad commercial,Maybach service/repair discovery,/brands/maybach-service-dubai,,EXISTING OWNER,One broad booking and directory owner,Original GSC query export
maybach repair dubai,maybach repair dubai,Maybach,Queries!A58,digitecme.com-Performance-on-Search-2026-09-27.xlsx,2026-04-12 to 2026-09-25,MEASURED ORIGINAL GSC,1.0,21.0,0.047599999999999996,6.57,Broad commercial,Maybach service/repair discovery,/brands/maybach-service-dubai,,EXISTING OWNER,One broad booking and directory owner,Original GSC query export
maybach service center dubai,maybach service center dubai,Maybach,Queries!A473,digitecme.com-Performance-on-Search-2026-09-27.xlsx,2026-04-12 to 2026-09-25,MEASURED ORIGINAL GSC,0.0,48.0,0.0,16.4,Broad commercial,Maybach service/repair discovery,/brands/maybach-service-dubai,,EXISTING OWNER,One broad booking and directory owner,Original GSC query export
maybach service center,maybach service center,Maybach,Queries!A605,digitecme.com-Performance-on-Search-2026-09-27.xlsx,2026-04-12 to 2026-09-25,MEASURED ORIGINAL GSC,0.0,36.0,0.0,15.03,Broad commercial,Maybach service/repair discovery,/brands/maybach-service-dubai,,EXISTING OWNER,One broad booking and directory owner,Original GSC query export
maybach repair,maybach repair,Maybach,Queries!A717,digitecme.com-Performance-on-Search-2026-09-27.xlsx,2026-04-12 to 2026-09-25,MEASURED ORIGINAL GSC,0.0,29.0,0.0,20.86,Broad commercial,Maybach service/repair discovery,/brands/maybach-service-dubai,,EXISTING OWNER,One broad booking and directory owner,Original GSC query export
