raw_keyword,normalized_keyword,brand,source,source_file,source_period,measured_or_generated,gsc_clicks,gsc_impressions,gsc_ctr,gsc_position,search_intent,cluster,primary_owner,secondary_supporting_owner,coverage_type,reason,source_context
rolls royce service dubai,rolls-royce service dubai,Rolls-Royce,Master Keywords!A35,DIGI-TEC_SEO_Keyword_Universe_Dubai.xlsx,2026-04-12 to 2026-09-25,MEASURED WORKBOOK,0,360,0,20.67,Broad commercial,Rolls-Royce service/repair discovery,/brands/rolls-royce-service-dubai,,EXISTING OWNER,One broad booking and directory owner,General repair
rolls royce repair dubai,rolls-royce repair dubai,Rolls-Royce,Master Keywords!A59,DIGI-TEC_SEO_Keyword_Universe_Dubai.xlsx,2026-04-12 to 2026-09-25,MEASURED WORKBOOK,1,264,0.0038,22.66,Broad commercial,Rolls-Royce service/repair discovery,/brands/rolls-royce-service-dubai,,EXISTING OWNER,One broad booking and directory owner,General repair
rolls royce service,rolls-royce service,Rolls-Royce,Master Keywords!A121,DIGI-TEC_SEO_Keyword_Universe_Dubai.xlsx,2026-04-12 to 2026-09-25,MEASURED WORKBOOK,1,154,0.006500000000000001,16.75,Broad commercial,Rolls-Royce service/repair discovery,/brands/rolls-royce-service-dubai,,EXISTING OWNER,One broad booking and directory owner,General repair
rolls royce maintenance dubai,rolls-royce maintenance dubai,Rolls-Royce,Master Keywords!A165,DIGI-TEC_SEO_Keyword_Universe_Dubai.xlsx,2026-04-12 to 2026-09-25,MEASURED WORKBOOK,0,112,0,19.24,Informational,Maintenance planning,/blog/rolls-royce-best-workshop-dubai,/brands/rolls-royce-service-dubai,EXISTING OWNER,Existing guide supports broad hub booking,General repair
air suspension repair,air suspension repair,Rolls-Royce,Master Keywords!A176,DIGI-TEC_SEO_Keyword_Universe_Dubai.xlsx,2026-04-12 to 2026-09-25,MEASURED WORKBOOK,0,106,0,13.56,Commercial service,Rolls-Royce Suspension repair,/brands/rolls-royce-service-dubai/suspension-repair,/brands/rolls-royce-service-dubai,EXISTING OWNER,Existing brand-specific service; exact vehicle scope confirmed,Brand-specific systems
rolls royce workshop dubai,rolls-royce workshop dubai,Rolls-Royce,Master Keywords!A177,DIGI-TEC_SEO_Keyword_Universe_Dubai.xlsx,2026-04-12 to 2026-09-25,MEASURED WORKBOOK,0,105,0,21.08,Broad commercial,Rolls-Royce service/repair discovery,/brands/rolls-royce-service-dubai,,EXISTING OWNER,One broad booking and directory owner,General repair
rolls royce service center dubai,rolls-royce service center dubai,Rolls-Royce,Master Keywords!A183,DIGI-TEC_SEO_Keyword_Universe_Dubai.xlsx,2026-04-12 to 2026-09-25,MEASURED WORKBOOK,0,102,0,19.06,Broad commercial,Rolls-Royce service/repair discovery,/brands/rolls-royce-service-dubai,,EXISTING OWNER,One broad booking and directory owner,General repair
rolls royce service center,rolls-royce service center,Rolls-Royce,Master Keywords!A193,DIGI-TEC_SEO_Keyword_Universe_Dubai.xlsx,2026-04-12 to 2026-09-25,MEASURED WORKBOOK,0,96,0,16.01,Broad commercial,Rolls-Royce service/repair discovery,/brands/rolls-royce-service-dubai,,EXISTING OWNER,One broad booking and directory owner,General repair
rolls royce engine repair dubai,rolls-royce engine repair dubai,Rolls-Royce,Master Keywords!A197,DIGI-TEC_SEO_Keyword_Universe_Dubai.xlsx,2026-04-12 to 2026-09-25,MEASURED WORKBOOK,0,94,0,27.14,Commercial service,Rolls-Royce Mechanical repair,/brands/rolls-royce-service-dubai/mechanical-repair,/brands/rolls-royce-service-dubai,EXISTING OWNER,Existing brand-specific service; exact vehicle scope confirmed,Engine
rolls royce repair in dubai,rolls-royce repair in dubai,Rolls-Royce,Master Keywords!A241,DIGI-TEC_SEO_Keyword_Universe_Dubai.xlsx,2026-04-12 to 2026-09-25,MEASURED WORKBOOK,0,81,0,26.36,Broad commercial,Rolls-Royce service/repair discovery,/brands/rolls-royce-service-dubai,,EXISTING OWNER,One broad booking and directory owner,Observed GSC long-tail
rolls royce suspension repair dubai,rolls-royce suspension repair dubai,Rolls-Royce,Master Keywords!A463,DIGI-TEC_SEO_Keyword_Universe_Dubai.xlsx,2026-04-12 to 2026-09-25,MEASURED WORKBOOK,0,41,0,22.76,Commercial service,Rolls-Royce Suspension repair,/brands/rolls-royce-service-dubai/suspension-repair,/brands/rolls-royce-service-dubai,EXISTING OWNER,Existing brand-specific service; exact vehicle scope confirmed,Suspension
rolls royce repair,rolls-royce repair,Rolls-Royce,Master Keywords!A567,DIGI-TEC_SEO_Keyword_Universe_Dubai.xlsx,2026-04-12 to 2026-09-25,MEASURED WORKBOOK,0,32,0,21.41,Broad commercial,Rolls-Royce service/repair discovery,/brands/rolls-royce-service-dubai,,EXISTING OWNER,One broad booking and directory owner,General repair
rolls royce transmission repair dubai,rolls-royce gearbox repair dubai,Rolls-Royce,Master Keywords!A619,DIGI-TEC_SEO_Keyword_Universe_Dubai.xlsx,2026-04-12 to 2026-09-25,MEASURED WORKBOOK,0,29,0,13.1,Commercial service,Rolls-Royce Gearbox repair,/brands/rolls-royce-service-dubai/transmission-repair,/brands/rolls-royce-service-dubai,EXISTING OWNER,Existing brand-specific service; exact vehicle scope confirmed,Transmission & gearbox
rolls royce car battery uae,rolls-royce car battery uae,Rolls-Royce,Master Keywords!A846,DIGI-TEC_SEO_Keyword_Universe_Dubai.xlsx,2026-04-12 to 2026-09-25,MEASURED WORKBOOK,0,20,0,66.95,Commercial service,Rolls-Royce Low-voltage battery assessment,/brands/rolls-royce-service-dubai/battery-replacement,/brands/rolls-royce-service-dubai,EXISTING OWNER,Existing brand-specific service; exact vehicle scope confirmed,Observed GSC long-tail
rolls royce ac compressor replacement dubai,rolls-royce ac compressor replacement dubai,Rolls-Royce,Master Keywords!A2055,DIGI-TEC_SEO_Keyword_Universe_Dubai.xlsx,,GENERATED TAXONOMY,,,,,Commercial service,Rolls-Royce Suspension repair,/brands/rolls-royce-service-dubai/suspension-repair,/brands/rolls-royce-service-dubai,EXISTING OWNER,Existing brand-specific service; exact vehicle scope confirmed,AC & cooling
rolls royce ac condenser replacement dubai,rolls-royce ac condenser replacement dubai,Rolls-Royce,Master Keywords!A2056,DIGI-TEC_SEO_Keyword_Universe_Dubai.xlsx,,GENERATED TAXONOMY,,,,,Commercial service,Rolls-Royce AC repair,/brands/rolls-royce-service-dubai/ac-repair,/brands/rolls-royce-service-dubai,EXISTING OWNER,Existing brand-specific service; exact vehicle scope confirmed,AC & cooling
rolls royce ac gas refill dubai,rolls-royce ac gas refill dubai,Rolls-Royce,Master Keywords!A2057,DIGI-TEC_SEO_Keyword_Universe_Dubai.xlsx,,GENERATED TAXONOMY,,,,,Commercial service,Rolls-Royce AC repair,/brands/rolls-royce-service-dubai/ac-repair,/brands/rolls-royce-service-dubai,EXISTING OWNER,Existing brand-specific service; exact vehicle scope confirmed,AC & cooling
rolls royce ac leak repair dubai,rolls-royce ac leak repair dubai,Rolls-Royce,Master Keywords!A2058,DIGI-TEC_SEO_Keyword_Universe_Dubai.xlsx,,GENERATED TAXONOMY,,,,,Commercial service,Rolls-Royce AC repair,/brands/rolls-royce-service-dubai/ac-repair,/brands/rolls-royce-service-dubai,EXISTING OWNER,Existing brand-specific service; exact vehicle scope confirmed,AC & cooling
rolls royce ac not cooling dubai,rolls-royce ac not cooling dubai,Rolls-Royce,Master Keywords!A2059,DIGI-TEC_SEO_Keyword_Universe_Dubai.xlsx,,GENERATED TAXONOMY,,,,,Service section,Symptom assessment,/brands/rolls-royce-service-dubai/ac-repair,/brands/rolls-royce-service-dubai,EXISTING OWNER,Existing service provides diagnostic path; no thin symptom URL,AC & cooling
rolls royce ac repair dubai,rolls-royce ac repair dubai,Rolls-Royce,Master Keywords!A2060,DIGI-TEC_SEO_Keyword_Universe_Dubai.xlsx,,GENERATED TAXONOMY,,,,,Commercial service,Rolls-Royce AC repair,/brands/rolls-royce-service-dubai/ac-repair,/brands/rolls-royce-service-dubai,EXISTING OWNER,Existing brand-specific service; exact vehicle scope confirmed,AC & cooling
rolls royce air conditioning repair dubai,rolls-royce air conditioning repair dubai,Rolls-Royce,Master Keywords!A2061,DIGI-TEC_SEO_Keyword_Universe_Dubai.xlsx,,GENERATED TAXONOMY,,,,,Commercial service,Rolls-Royce AC repair,/brands/rolls-royce-service-dubai/ac-repair,/brands/rolls-royce-service-dubai,EXISTING OWNER,Existing brand-specific service; exact vehicle scope confirmed,AC & cooling
rolls royce coolant leak repair dubai,rolls-royce coolant leak repair dubai,Rolls-Royce,Master Keywords!A2062,DIGI-TEC_SEO_Keyword_Universe_Dubai.xlsx,,GENERATED TAXONOMY,,,,,Service section,Symptom assessment,/brands/rolls-royce-service-dubai/mechanical-repair,/brands/rolls-royce-service-dubai,EXISTING OWNER,Existing service provides diagnostic path; no thin symptom URL,AC & cooling
rolls royce cooling system repair dubai,rolls-royce cooling system repair dubai,Rolls-Royce,Master Keywords!A2063,DIGI-TEC_SEO_Keyword_Universe_Dubai.xlsx,,GENERATED TAXONOMY,,,,,Commercial service,Rolls-Royce Mechanical repair,/brands/rolls-royce-service-dubai/mechanical-repair,/brands/rolls-royce-service-dubai,EXISTING OWNER,Existing brand-specific service; exact vehicle scope confirmed,AC & cooling
rolls royce overheating repair dubai,rolls-royce overheating repair dubai,Rolls-Royce,Master Keywords!A2064,DIGI-TEC_SEO_Keyword_Universe_Dubai.xlsx,,GENERATED TAXONOMY,,,,,Service section,Symptom assessment,/brands/rolls-royce-service-dubai/mechanical-repair,/brands/rolls-royce-service-dubai,EXISTING OWNER,Existing service provides diagnostic path; no thin symptom URL,AC & cooling
rolls royce radiator repair dubai,rolls-royce radiator repair dubai,Rolls-Royce,Master Keywords!A2065,DIGI-TEC_SEO_Keyword_Universe_Dubai.xlsx,,GENERATED TAXONOMY,,,,,Commercial service,Rolls-Royce Mechanical repair,/brands/rolls-royce-service-dubai/mechanical-repair,/brands/rolls-royce-service-dubai,EXISTING OWNER,Existing brand-specific service; exact vehicle scope confirmed,AC & cooling
rolls royce thermostat replacement dubai,rolls-royce thermostat replacement dubai,Rolls-Royce,Master Keywords!A2066,DIGI-TEC_SEO_Keyword_Universe_Dubai.xlsx,,GENERATED TAXONOMY,,,,,Commercial service,Rolls-Royce Mechanical repair,/brands/rolls-royce-service-dubai/mechanical-repair,/brands/rolls-royce-service-dubai,EXISTING OWNER,Existing brand-specific service; exact vehicle scope confirmed,AC & cooling
rolls royce water pump replacement dubai,rolls-royce water pump replacement dubai,Rolls-Royce,Master Keywords!A2067,DIGI-TEC_SEO_Keyword_Universe_Dubai.xlsx,,GENERATED TAXONOMY,,,,,Commercial service,Rolls-Royce Mechanical repair,/brands/rolls-royce-service-dubai/mechanical-repair,/brands/rolls-royce-service-dubai,EXISTING OWNER,Existing brand-specific service; exact vehicle scope confirmed,AC & cooling
rolls royce abs repair dubai,rolls-royce abs repair dubai,Rolls-Royce,Master Keywords!A2068,DIGI-TEC_SEO_Keyword_Universe_Dubai.xlsx,,GENERATED TAXONOMY,,,,,Commercial service,Rolls-Royce Brake repair,/brands/rolls-royce-service-dubai/brake-repair,/brands/rolls-royce-service-dubai,EXISTING OWNER,Existing brand-specific service; exact vehicle scope confirmed,Brakes
rolls royce abs warning light dubai,rolls-royce abs warning light dubai,Rolls-Royce,Master Keywords!A2069,DIGI-TEC_SEO_Keyword_Universe_Dubai.xlsx,,GENERATED TAXONOMY,,,,,Commercial service,Rolls-Royce Diagnostics,/brands/rolls-royce-service-dubai/engine-diagnostics,/brands/rolls-royce-service-dubai,EXISTING OWNER,Existing brand-specific service; exact vehicle scope confirmed,Brakes
rolls royce brake disc replacement dubai,rolls-royce brake disc replacement dubai,Rolls-Royce,Master Keywords!A2070,DIGI-TEC_SEO_Keyword_Universe_Dubai.xlsx,,GENERATED TAXONOMY,,,,,Commercial service,Rolls-Royce Brake repair,/brands/rolls-royce-service-dubai/brake-repair,/brands/rolls-royce-service-dubai,EXISTING OWNER,Existing brand-specific service; exact vehicle scope confirmed,Brakes
rolls royce brake fluid change dubai,rolls-royce brake fluid change dubai,Rolls-Royce,Master Keywords!A2071,DIGI-TEC_SEO_Keyword_Universe_Dubai.xlsx,,GENERATED TAXONOMY,,,,,Commercial service,Rolls-Royce Brake repair,/brands/rolls-royce-service-dubai/brake-repair,/brands/rolls-royce-service-dubai,EXISTING OWNER,Existing brand-specific service; exact vehicle scope confirmed,Brakes
rolls royce brake pad replacement dubai,rolls-royce brake pad replacement dubai,Rolls-Royce,Master Keywords!A2072,DIGI-TEC_SEO_Keyword_Universe_Dubai.xlsx,,GENERATED TAXONOMY,,,,,Commercial service,Rolls-Royce Brake repair,/brands/rolls-royce-service-dubai/brake-repair,/brands/rolls-royce-service-dubai,EXISTING OWNER,Existing brand-specific service; exact vehicle scope confirmed,Brakes
rolls royce brake repair dubai,rolls-royce brake repair dubai,Rolls-Royce,Master Keywords!A2073,DIGI-TEC_SEO_Keyword_Universe_Dubai.xlsx,,GENERATED TAXONOMY,,,,,Commercial service,Rolls-Royce Brake repair,/brands/rolls-royce-service-dubai/brake-repair,/brands/rolls-royce-service-dubai,EXISTING OWNER,Existing brand-specific service; exact vehicle scope confirmed,Brakes
rolls royce brake rotor replacement dubai,rolls-royce brake rotor replacement dubai,Rolls-Royce,Master Keywords!A2074,DIGI-TEC_SEO_Keyword_Universe_Dubai.xlsx,,GENERATED TAXONOMY,,,,,Commercial service,Rolls-Royce Brake repair,/brands/rolls-royce-service-dubai/brake-repair,/brands/rolls-royce-service-dubai,EXISTING OWNER,Existing brand-specific service; exact vehicle scope confirmed,Brakes
rolls royce brake service dubai,rolls-royce brake service dubai,Rolls-Royce,Master Keywords!A2075,DIGI-TEC_SEO_Keyword_Universe_Dubai.xlsx,,GENERATED TAXONOMY,,,,,Commercial service,Rolls-Royce Brake repair,/brands/rolls-royce-service-dubai/brake-repair,/brands/rolls-royce-service-dubai,EXISTING OWNER,Existing brand-specific service; exact vehicle scope confirmed,Brakes
rolls royce brake squeaking repair dubai,rolls-royce brake squeaking repair dubai,Rolls-Royce,Master Keywords!A2076,DIGI-TEC_SEO_Keyword_Universe_Dubai.xlsx,,GENERATED TAXONOMY,,,,,Commercial service,Rolls-Royce Brake repair,/brands/rolls-royce-service-dubai/brake-repair,/brands/rolls-royce-service-dubai,EXISTING OWNER,Existing brand-specific service; exact vehicle scope confirmed,Brakes
rolls royce brake vibration repair dubai,rolls-royce brake vibration repair dubai,Rolls-Royce,Master Keywords!A2077,DIGI-TEC_SEO_Keyword_Universe_Dubai.xlsx,,GENERATED TAXONOMY,,,,,Commercial service,Rolls-Royce Brake repair,/brands/rolls-royce-service-dubai/brake-repair,/brands/rolls-royce-service-dubai,EXISTING OWNER,Existing brand-specific service; exact vehicle scope confirmed,Brakes
rolls royce check engine light dubai,rolls-royce check engine light dubai,Rolls-Royce,Master Keywords!A2078,DIGI-TEC_SEO_Keyword_Universe_Dubai.xlsx,,GENERATED TAXONOMY,,,,,Service section,Symptom assessment,/brands/rolls-royce-service-dubai/engine-diagnostics,/brands/rolls-royce-service-dubai,EXISTING OWNER,Existing service provides diagnostic path; no thin symptom URL,Diagnostics & warning lights
rolls royce computer diagnostics dubai,rolls-royce computer diagnostics dubai,Rolls-Royce,Master Keywords!A2079,DIGI-TEC_SEO_Keyword_Universe_Dubai.xlsx,,GENERATED TAXONOMY,,,,,Commercial service,Rolls-Royce Diagnostics,/brands/rolls-royce-service-dubai/engine-diagnostics,/brands/rolls-royce-service-dubai,EXISTING OWNER,Existing brand-specific service; exact vehicle scope confirmed,Diagnostics & warning lights
rolls royce dashboard warning light dubai,rolls-royce dashboard warning light dubai,Rolls-Royce,Master Keywords!A2080,DIGI-TEC_SEO_Keyword_Universe_Dubai.xlsx,,GENERATED TAXONOMY,,,,,Commercial service,Rolls-Royce Diagnostics,/brands/rolls-royce-service-dubai/engine-diagnostics,/brands/rolls-royce-service-dubai,EXISTING OWNER,Existing brand-specific service; exact vehicle scope confirmed,Diagnostics & warning lights
rolls royce diagnostic scan dubai,rolls-royce diagnostic scan dubai,Rolls-Royce,Master Keywords!A2081,DIGI-TEC_SEO_Keyword_Universe_Dubai.xlsx,,GENERATED TAXONOMY,,,,,Commercial service,Rolls-Royce Diagnostics,/brands/rolls-royce-service-dubai/engine-diagnostics,/brands/rolls-royce-service-dubai,EXISTING OWNER,Existing brand-specific service; exact vehicle scope confirmed,Diagnostics & warning lights
rolls royce diagnostics dubai,rolls-royce diagnostics dubai,Rolls-Royce,Master Keywords!A2082,DIGI-TEC_SEO_Keyword_Universe_Dubai.xlsx,,GENERATED TAXONOMY,,,,,Commercial service,Rolls-Royce Diagnostics,/brands/rolls-royce-service-dubai/engine-diagnostics,/brands/rolls-royce-service-dubai,EXISTING OWNER,Existing brand-specific service; exact vehicle scope confirmed,Diagnostics & warning lights
rolls royce engine warning light dubai,rolls-royce engine warning light dubai,Rolls-Royce,Master Keywords!A2083,DIGI-TEC_SEO_Keyword_Universe_Dubai.xlsx,,GENERATED TAXONOMY,,,,,Commercial service,Rolls-Royce Diagnostics,/brands/rolls-royce-service-dubai/engine-diagnostics,/brands/rolls-royce-service-dubai,EXISTING OWNER,Existing brand-specific service; exact vehicle scope confirmed,Diagnostics & warning lights
rolls royce fault code scanning dubai,rolls-royce fault code scanning dubai,Rolls-Royce,Master Keywords!A2084,DIGI-TEC_SEO_Keyword_Universe_Dubai.xlsx,,GENERATED TAXONOMY,,,,,Commercial service,Rolls-Royce Diagnostics,/brands/rolls-royce-service-dubai/engine-diagnostics,/brands/rolls-royce-service-dubai,EXISTING OWNER,Existing brand-specific service; exact vehicle scope confirmed,Diagnostics & warning lights
rolls royce fault diagnosis dubai,rolls-royce fault diagnosis dubai,Rolls-Royce,Master Keywords!A2085,DIGI-TEC_SEO_Keyword_Universe_Dubai.xlsx,,GENERATED TAXONOMY,,,,,Commercial service,Rolls-Royce Diagnostics,/brands/rolls-royce-service-dubai/engine-diagnostics,/brands/rolls-royce-service-dubai,EXISTING OWNER,Existing brand-specific service; exact vehicle scope confirmed,Diagnostics & warning lights
rolls royce alternator repair dubai,rolls-royce alternator repair dubai,Rolls-Royce,Master Keywords!A2086,DIGI-TEC_SEO_Keyword_Universe_Dubai.xlsx,,GENERATED TAXONOMY,,,,,Commercial service,Rolls-Royce Electrical assessment,/brands/rolls-royce-service-dubai/electrical-repair,/brands/rolls-royce-service-dubai,EXISTING OWNER,Existing brand-specific service; exact vehicle scope confirmed,Electrical
rolls royce alternator replacement dubai,rolls-royce alternator replacement dubai,Rolls-Royce,Master Keywords!A2087,DIGI-TEC_SEO_Keyword_Universe_Dubai.xlsx,,GENERATED TAXONOMY,,,,,Commercial service,Rolls-Royce Electrical assessment,/brands/rolls-royce-service-dubai/electrical-repair,/brands/rolls-royce-service-dubai,EXISTING OWNER,Existing brand-specific service; exact vehicle scope confirmed,Electrical
rolls royce battery drain repair dubai,rolls-royce battery drain repair dubai,Rolls-Royce,Master Keywords!A2088,DIGI-TEC_SEO_Keyword_Universe_Dubai.xlsx,,GENERATED TAXONOMY,,,,,Commercial service,Rolls-Royce Low-voltage battery assessment,/brands/rolls-royce-service-dubai/battery-replacement,/brands/rolls-royce-service-dubai,EXISTING OWNER,Existing brand-specific service; exact vehicle scope confirmed,Electrical
rolls royce battery replacement dubai,rolls-royce battery replacement dubai,Rolls-Royce,Master Keywords!A2089,DIGI-TEC_SEO_Keyword_Universe_Dubai.xlsx,,GENERATED TAXONOMY,,,,,Commercial service,Rolls-Royce Low-voltage battery assessment,/brands/rolls-royce-service-dubai/battery-replacement,/brands/rolls-royce-service-dubai,EXISTING OWNER,Existing brand-specific service; exact vehicle scope confirmed,Electrical
rolls royce coding service dubai,rolls-royce coding service dubai,Rolls-Royce,Master Keywords!A2090,DIGI-TEC_SEO_Keyword_Universe_Dubai.xlsx,,GENERATED TAXONOMY,,,,,Commercial service,Rolls-Royce Diagnostics,/brands/rolls-royce-service-dubai/engine-diagnostics,/brands/rolls-royce-service-dubai,EXISTING OWNER,Existing brand-specific service; exact vehicle scope confirmed,Electrical
rolls royce ecu programming dubai,rolls-royce ecu programming dubai,Rolls-Royce,Master Keywords!A2091,DIGI-TEC_SEO_Keyword_Universe_Dubai.xlsx,,GENERATED TAXONOMY,,,,,Commercial service,Rolls-Royce Diagnostics,/brands/rolls-royce-service-dubai/engine-diagnostics,/brands/rolls-royce-service-dubai,EXISTING OWNER,Existing brand-specific service; exact vehicle scope confirmed,Electrical
rolls royce ecu repair dubai,rolls-royce ecu repair dubai,Rolls-Royce,Master Keywords!A2092,DIGI-TEC_SEO_Keyword_Universe_Dubai.xlsx,,GENERATED TAXONOMY,,,,,Commercial service,Rolls-Royce Electrical assessment,/brands/rolls-royce-service-dubai/electrical-repair,/brands/rolls-royce-service-dubai,EXISTING OWNER,Existing brand-specific service; exact vehicle scope confirmed,Electrical
rolls royce electrical diagnostics dubai,rolls-royce electrical diagnostics dubai,Rolls-Royce,Master Keywords!A2093,DIGI-TEC_SEO_Keyword_Universe_Dubai.xlsx,,GENERATED TAXONOMY,,,,,Commercial service,Rolls-Royce Diagnostics,/brands/rolls-royce-service-dubai/engine-diagnostics,/brands/rolls-royce-service-dubai,EXISTING OWNER,Existing brand-specific service; exact vehicle scope confirmed,Electrical
rolls royce electrical repair dubai,rolls-royce electrical repair dubai,Rolls-Royce,Master Keywords!A2094,DIGI-TEC_SEO_Keyword_Universe_Dubai.xlsx,,GENERATED TAXONOMY,,,,,Commercial service,Rolls-Royce Electrical assessment,/brands/rolls-royce-service-dubai/electrical-repair,/brands/rolls-royce-service-dubai,EXISTING OWNER,Existing brand-specific service; exact vehicle scope confirmed,Electrical
rolls royce key programming dubai,rolls-royce key programming dubai,Rolls-Royce,Master Keywords!A2095,DIGI-TEC_SEO_Keyword_Universe_Dubai.xlsx,,GENERATED TAXONOMY,,,,,Unverified service,Unverified exact function,,,NOT TARGETED — INTENTIONALLY,Keyword evidence does not establish exact workshop capability,Electrical
rolls royce keyless entry repair dubai,rolls-royce keyless entry repair dubai,Rolls-Royce,Master Keywords!A2096,DIGI-TEC_SEO_Keyword_Universe_Dubai.xlsx,,GENERATED TAXONOMY,,,,,Broad commercial,Rolls-Royce service/repair discovery,/brands/rolls-royce-service-dubai,,EXISTING OWNER,One broad booking and directory owner,Electrical
rolls royce module programming dubai,rolls-royce module programming dubai,Rolls-Royce,Master Keywords!A2097,DIGI-TEC_SEO_Keyword_Universe_Dubai.xlsx,,GENERATED TAXONOMY,,,,,Commercial service,Rolls-Royce Diagnostics,/brands/rolls-royce-service-dubai/engine-diagnostics,/brands/rolls-royce-service-dubai,EXISTING OWNER,Existing brand-specific service; exact vehicle scope confirmed,Electrical
rolls royce module repair dubai,rolls-royce module repair dubai,Rolls-Royce,Master Keywords!A2098,DIGI-TEC_SEO_Keyword_Universe_Dubai.xlsx,,GENERATED TAXONOMY,,,,,Commercial service,Rolls-Royce Electrical assessment,/brands/rolls-royce-service-dubai/electrical-repair,/brands/rolls-royce-service-dubai,EXISTING OWNER,Existing brand-specific service; exact vehicle scope confirmed,Electrical
rolls royce sensor replacement dubai,rolls-royce sensor replacement dubai,Rolls-Royce,Master Keywords!A2099,DIGI-TEC_SEO_Keyword_Universe_Dubai.xlsx,,GENERATED TAXONOMY,,,,,Commercial service,Rolls-Royce Electrical assessment,/brands/rolls-royce-service-dubai/electrical-repair,/brands/rolls-royce-service-dubai,EXISTING OWNER,Existing brand-specific service; exact vehicle scope confirmed,Electrical
rolls royce starter motor repair dubai,rolls-royce starter motor repair dubai,Rolls-Royce,Master Keywords!A2100,DIGI-TEC_SEO_Keyword_Universe_Dubai.xlsx,,GENERATED TAXONOMY,,,,,Commercial service,Rolls-Royce Low-voltage battery assessment,/brands/rolls-royce-service-dubai/battery-replacement,/brands/rolls-royce-service-dubai,EXISTING OWNER,Existing brand-specific service; exact vehicle scope confirmed,Electrical
rolls royce starter replacement dubai,rolls-royce starter replacement dubai,Rolls-Royce,Master Keywords!A2101,DIGI-TEC_SEO_Keyword_Universe_Dubai.xlsx,,GENERATED TAXONOMY,,,,,Commercial service,Rolls-Royce Low-voltage battery assessment,/brands/rolls-royce-service-dubai/battery-replacement,/brands/rolls-royce-service-dubai,EXISTING OWNER,Existing brand-specific service; exact vehicle scope confirmed,Electrical
rolls royce wiring repair dubai,rolls-royce wiring repair dubai,Rolls-Royce,Master Keywords!A2102,DIGI-TEC_SEO_Keyword_Universe_Dubai.xlsx,,GENERATED TAXONOMY,,,,,Commercial service,Rolls-Royce Electrical assessment,/brands/rolls-royce-service-dubai/electrical-repair,/brands/rolls-royce-service-dubai,EXISTING OWNER,Existing brand-specific service; exact vehicle scope confirmed,Electrical
rolls royce engine mount replacement dubai,rolls-royce engine mount replacement dubai,Rolls-Royce,Master Keywords!A2103,DIGI-TEC_SEO_Keyword_Universe_Dubai.xlsx,,GENERATED TAXONOMY,,,,,Commercial service,Rolls-Royce Mechanical repair,/brands/rolls-royce-service-dubai/mechanical-repair,/brands/rolls-royce-service-dubai,EXISTING OWNER,Existing brand-specific service; exact vehicle scope confirmed,Engine
rolls royce engine oil leak repair dubai,rolls-royce engine oil leak repair dubai,Rolls-Royce,Master Keywords!A2104,DIGI-TEC_SEO_Keyword_Universe_Dubai.xlsx,,GENERATED TAXONOMY,,,,,Service section,Symptom assessment,/brands/rolls-royce-service-dubai/mechanical-repair,/brands/rolls-royce-service-dubai,EXISTING OWNER,Existing service provides diagnostic path; no thin symptom URL,Engine
rolls royce engine overhaul dubai,rolls-royce engine overhaul dubai,Rolls-Royce,Master Keywords!A2105,DIGI-TEC_SEO_Keyword_Universe_Dubai.xlsx,,GENERATED TAXONOMY,,,,,Commercial service,Rolls-Royce Mechanical repair,/brands/rolls-royce-service-dubai/mechanical-repair,/brands/rolls-royce-service-dubai,EXISTING OWNER,Existing brand-specific service; exact vehicle scope confirmed,Engine
rolls royce engine overheating repair dubai,rolls-royce engine overheating repair dubai,Rolls-Royce,Master Keywords!A2106,DIGI-TEC_SEO_Keyword_Universe_Dubai.xlsx,,GENERATED TAXONOMY,,,,,Service section,Symptom assessment,/brands/rolls-royce-service-dubai/mechanical-repair,/brands/rolls-royce-service-dubai,EXISTING OWNER,Existing service provides diagnostic path; no thin symptom URL,Engine
rolls royce engine rebuild dubai,rolls-royce engine rebuild dubai,Rolls-Royce,Master Keywords!A2107,DIGI-TEC_SEO_Keyword_Universe_Dubai.xlsx,,GENERATED TAXONOMY,,,,,Commercial service,Rolls-Royce Mechanical repair,/brands/rolls-royce-service-dubai/mechanical-repair,/brands/rolls-royce-service-dubai,EXISTING OWNER,Existing brand-specific service; exact vehicle scope confirmed,Engine
rolls royce engine replacement dubai,rolls-royce engine replacement dubai,Rolls-Royce,Master Keywords!A2108,DIGI-TEC_SEO_Keyword_Universe_Dubai.xlsx,,GENERATED TAXONOMY,,,,,Commercial service,Rolls-Royce Mechanical repair,/brands/rolls-royce-service-dubai/mechanical-repair,/brands/rolls-royce-service-dubai,EXISTING OWNER,Existing brand-specific service; exact vehicle scope confirmed,Engine
rolls royce loss of power repair dubai,rolls-royce loss of power repair dubai,Rolls-Royce,Master Keywords!A2109,DIGI-TEC_SEO_Keyword_Universe_Dubai.xlsx,,GENERATED TAXONOMY,,,,,Service section,Symptom assessment,/brands/rolls-royce-service-dubai/engine-diagnostics,/brands/rolls-royce-service-dubai,EXISTING OWNER,Existing service provides diagnostic path; no thin symptom URL,Engine
rolls royce misfire repair dubai,rolls-royce misfire repair dubai,Rolls-Royce,Master Keywords!A2110,DIGI-TEC_SEO_Keyword_Universe_Dubai.xlsx,,GENERATED TAXONOMY,,,,,Broad commercial,Rolls-Royce service/repair discovery,/brands/rolls-royce-service-dubai,,EXISTING OWNER,One broad booking and directory owner,Engine
rolls royce timing belt replacement dubai,rolls-royce timing belt replacement dubai,Rolls-Royce,Master Keywords!A2111,DIGI-TEC_SEO_Keyword_Universe_Dubai.xlsx,,GENERATED TAXONOMY,,,,,Commercial service,Rolls-Royce Mechanical repair,/brands/rolls-royce-service-dubai/mechanical-repair,/brands/rolls-royce-service-dubai,EXISTING OWNER,Existing brand-specific service; exact vehicle scope confirmed,Engine
rolls royce timing chain repair dubai,rolls-royce timing chain repair dubai,Rolls-Royce,Master Keywords!A2112,DIGI-TEC_SEO_Keyword_Universe_Dubai.xlsx,,GENERATED TAXONOMY,,,,,Commercial service,Rolls-Royce Mechanical repair,/brands/rolls-royce-service-dubai/mechanical-repair,/brands/rolls-royce-service-dubai,EXISTING OWNER,Existing brand-specific service; exact vehicle scope confirmed,Engine
rolls royce valve cover gasket replacement dubai,rolls-royce valve cover gasket replacement dubai,Rolls-Royce,Master Keywords!A2113,DIGI-TEC_SEO_Keyword_Universe_Dubai.xlsx,,GENERATED TAXONOMY,,,,,Broad commercial,Rolls-Royce service/repair discovery,/brands/rolls-royce-service-dubai,,EXISTING OWNER,One broad booking and directory owner,Engine
rolls royce car repair dubai,rolls-royce car repair dubai,Rolls-Royce,Master Keywords!A2114,DIGI-TEC_SEO_Keyword_Universe_Dubai.xlsx,,GENERATED TAXONOMY,,,,,Broad commercial,Rolls-Royce service/repair discovery,/brands/rolls-royce-service-dubai,,EXISTING OWNER,One broad booking and directory owner,General repair
rolls royce garage dubai,rolls-royce garage dubai,Rolls-Royce,Master Keywords!A2115,DIGI-TEC_SEO_Keyword_Universe_Dubai.xlsx,,GENERATED TAXONOMY,,,,,Broad commercial,Rolls-Royce service/repair discovery,/brands/rolls-royce-service-dubai,,EXISTING OWNER,One broad booking and directory owner,General repair
rolls royce service centre dubai,rolls-royce service center dubai,Rolls-Royce,Master Keywords!A2116,DIGI-TEC_SEO_Keyword_Universe_Dubai.xlsx,,GENERATED TAXONOMY,,,,,Broad commercial,Rolls-Royce service/repair discovery,/brands/rolls-royce-service-dubai,,EXISTING OWNER,One broad booking and directory owner,General repair
rolls royce specialist dubai,rolls-royce specialist dubai,Rolls-Royce,Master Keywords!A2117,DIGI-TEC_SEO_Keyword_Universe_Dubai.xlsx,,GENERATED TAXONOMY,,,,,Broad commercial,Rolls-Royce service/repair discovery,/brands/rolls-royce-service-dubai,,EXISTING OWNER,One broad booking and directory owner,General repair
rolls royce air suspension compressor replacement dubai,rolls-royce air suspension compressor replacement dubai,Rolls-Royce,Master Keywords!A2118,DIGI-TEC_SEO_Keyword_Universe_Dubai.xlsx,,GENERATED TAXONOMY,,,,,Commercial service,Rolls-Royce Suspension repair,/brands/rolls-royce-service-dubai/suspension-repair,/brands/rolls-royce-service-dubai,EXISTING OWNER,Existing brand-specific service; exact vehicle scope confirmed,Suspension
rolls royce air suspension repair dubai,rolls-royce air suspension repair dubai,Rolls-Royce,Master Keywords!A2119,DIGI-TEC_SEO_Keyword_Universe_Dubai.xlsx,,GENERATED TAXONOMY,,,,,Commercial service,Rolls-Royce Suspension repair,/brands/rolls-royce-service-dubai/suspension-repair,/brands/rolls-royce-service-dubai,EXISTING OWNER,Existing brand-specific service; exact vehicle scope confirmed,Suspension
rolls royce bushing replacement dubai,rolls-royce bushing replacement dubai,Rolls-Royce,Master Keywords!A2120,DIGI-TEC_SEO_Keyword_Universe_Dubai.xlsx,,GENERATED TAXONOMY,,,,,Commercial service,Rolls-Royce Suspension repair,/brands/rolls-royce-service-dubai/suspension-repair,/brands/rolls-royce-service-dubai,EXISTING OWNER,Existing brand-specific service; exact vehicle scope confirmed,Suspension
rolls royce control arm replacement dubai,rolls-royce control arm replacement dubai,Rolls-Royce,Master Keywords!A2121,DIGI-TEC_SEO_Keyword_Universe_Dubai.xlsx,,GENERATED TAXONOMY,,,,,Commercial service,Rolls-Royce Suspension repair,/brands/rolls-royce-service-dubai/suspension-repair,/brands/rolls-royce-service-dubai,EXISTING OWNER,Existing brand-specific service; exact vehicle scope confirmed,Suspension
rolls royce ride height adjustment dubai,rolls-royce ride height adjustment dubai,Rolls-Royce,Master Keywords!A2122,DIGI-TEC_SEO_Keyword_Universe_Dubai.xlsx,,GENERATED TAXONOMY,,,,,Commercial service,Rolls-Royce Suspension repair,/brands/rolls-royce-service-dubai/suspension-repair,/brands/rolls-royce-service-dubai,EXISTING OWNER,Existing brand-specific service; exact vehicle scope confirmed,Suspension
rolls royce shock absorber replacement dubai,rolls-royce shock absorber replacement dubai,Rolls-Royce,Master Keywords!A2123,DIGI-TEC_SEO_Keyword_Universe_Dubai.xlsx,,GENERATED TAXONOMY,,,,,Commercial service,Rolls-Royce Suspension repair,/brands/rolls-royce-service-dubai/suspension-repair,/brands/rolls-royce-service-dubai,EXISTING OWNER,Existing brand-specific service; exact vehicle scope confirmed,Suspension
rolls royce strut replacement dubai,rolls-royce strut replacement dubai,Rolls-Royce,Master Keywords!A2124,DIGI-TEC_SEO_Keyword_Universe_Dubai.xlsx,,GENERATED TAXONOMY,,,,,Broad commercial,Rolls-Royce service/repair discovery,/brands/rolls-royce-service-dubai,,EXISTING OWNER,One broad booking and directory owner,Suspension
rolls royce suspension noise repair dubai,rolls-royce suspension noise repair dubai,Rolls-Royce,Master Keywords!A2125,DIGI-TEC_SEO_Keyword_Universe_Dubai.xlsx,,GENERATED TAXONOMY,,,,,Commercial service,Rolls-Royce Suspension repair,/brands/rolls-royce-service-dubai/suspension-repair,/brands/rolls-royce-service-dubai,EXISTING OWNER,Existing brand-specific service; exact vehicle scope confirmed,Suspension
rolls royce suspension warning light dubai,rolls-royce suspension warning light dubai,Rolls-Royce,Master Keywords!A2126,DIGI-TEC_SEO_Keyword_Universe_Dubai.xlsx,,GENERATED TAXONOMY,,,,,Service section,Symptom assessment,/brands/rolls-royce-service-dubai/suspension-repair,/brands/rolls-royce-service-dubai,EXISTING OWNER,Existing service provides diagnostic path; no thin symptom URL,Suspension
rolls royce gear shifting problem dubai,rolls-royce gear shifting problem dubai,Rolls-Royce,Master Keywords!A2127,DIGI-TEC_SEO_Keyword_Universe_Dubai.xlsx,,GENERATED TAXONOMY,,,,,Broad commercial,Rolls-Royce service/repair discovery,/brands/rolls-royce-service-dubai,,EXISTING OWNER,One broad booking and directory owner,Transmission & gearbox
rolls royce gearbox oil change dubai,rolls-royce gearbox oil change dubai,Rolls-Royce,Master Keywords!A2128,DIGI-TEC_SEO_Keyword_Universe_Dubai.xlsx,,GENERATED TAXONOMY,,,,,Commercial service,Rolls-Royce Gearbox repair,/brands/rolls-royce-service-dubai/transmission-repair,/brands/rolls-royce-service-dubai,EXISTING OWNER,Existing brand-specific service; exact vehicle scope confirmed,Transmission & gearbox
rolls royce gearbox rebuild dubai,rolls-royce gearbox rebuild dubai,Rolls-Royce,Master Keywords!A2129,DIGI-TEC_SEO_Keyword_Universe_Dubai.xlsx,,GENERATED TAXONOMY,,,,,Commercial service,Rolls-Royce Gearbox repair,/brands/rolls-royce-service-dubai/transmission-repair,/brands/rolls-royce-service-dubai,EXISTING OWNER,Existing brand-specific service; exact vehicle scope confirmed,Transmission & gearbox
rolls royce gearbox repair dubai,rolls-royce gearbox repair dubai,Rolls-Royce,Master Keywords!A2130,DIGI-TEC_SEO_Keyword_Universe_Dubai.xlsx,,GENERATED TAXONOMY,,,,,Commercial service,Rolls-Royce Gearbox repair,/brands/rolls-royce-service-dubai/transmission-repair,/brands/rolls-royce-service-dubai,EXISTING OWNER,Existing brand-specific service; exact vehicle scope confirmed,Transmission & gearbox
rolls royce gearbox replacement dubai,rolls-royce gearbox replacement dubai,Rolls-Royce,Master Keywords!A2131,DIGI-TEC_SEO_Keyword_Universe_Dubai.xlsx,,GENERATED TAXONOMY,,,,,Commercial service,Rolls-Royce Gearbox repair,/brands/rolls-royce-service-dubai/transmission-repair,/brands/rolls-royce-service-dubai,EXISTING OWNER,Existing brand-specific service; exact vehicle scope confirmed,Transmission & gearbox
rolls royce gearbox service dubai,rolls-royce gearbox service dubai,Rolls-Royce,Master Keywords!A2132,DIGI-TEC_SEO_Keyword_Universe_Dubai.xlsx,,GENERATED TAXONOMY,,,,,Commercial service,Rolls-Royce Gearbox repair,/brands/rolls-royce-service-dubai/transmission-repair,/brands/rolls-royce-service-dubai,EXISTING OWNER,Existing brand-specific service; exact vehicle scope confirmed,Transmission & gearbox
rolls royce transmission leak repair dubai,rolls-royce gearbox leak repair dubai,Rolls-Royce,Master Keywords!A2133,DIGI-TEC_SEO_Keyword_Universe_Dubai.xlsx,,GENERATED TAXONOMY,,,,,Commercial service,Rolls-Royce Gearbox repair,/brands/rolls-royce-service-dubai/transmission-repair,/brands/rolls-royce-service-dubai,EXISTING OWNER,Existing brand-specific service; exact vehicle scope confirmed,Transmission & gearbox
rolls royce transmission oil change dubai,rolls-royce gearbox oil change dubai,Rolls-Royce,Master Keywords!A2134,DIGI-TEC_SEO_Keyword_Universe_Dubai.xlsx,,GENERATED TAXONOMY,,,,,Commercial service,Rolls-Royce Gearbox repair,/brands/rolls-royce-service-dubai/transmission-repair,/brands/rolls-royce-service-dubai,EXISTING OWNER,Existing brand-specific service; exact vehicle scope confirmed,Transmission & gearbox
rolls royce transmission rebuild dubai,rolls-royce gearbox rebuild dubai,Rolls-Royce,Master Keywords!A2135,DIGI-TEC_SEO_Keyword_Universe_Dubai.xlsx,,GENERATED TAXONOMY,,,,,Commercial service,Rolls-Royce Gearbox repair,/brands/rolls-royce-service-dubai/transmission-repair,/brands/rolls-royce-service-dubai,EXISTING OWNER,Existing brand-specific service; exact vehicle scope confirmed,Transmission & gearbox
rolls royce transmission replacement dubai,rolls-royce gearbox replacement dubai,Rolls-Royce,Master Keywords!A2136,DIGI-TEC_SEO_Keyword_Universe_Dubai.xlsx,,GENERATED TAXONOMY,,,,,Commercial service,Rolls-Royce Gearbox repair,/brands/rolls-royce-service-dubai/transmission-repair,/brands/rolls-royce-service-dubai,EXISTING OWNER,Existing brand-specific service; exact vehicle scope confirmed,Transmission & gearbox
rolls royce transmission service dubai,rolls-royce gearbox service dubai,Rolls-Royce,Master Keywords!A2137,DIGI-TEC_SEO_Keyword_Universe_Dubai.xlsx,,GENERATED TAXONOMY,,,,,Commercial service,Rolls-Royce Gearbox repair,/brands/rolls-royce-service-dubai/transmission-repair,/brands/rolls-royce-service-dubai,EXISTING OWNER,Existing brand-specific service; exact vehicle scope confirmed,Transmission & gearbox
rolls royce ac compressor replacement,rolls-royce ac compressor replacement,Rolls-Royce,Master Keywords!A6213,DIGI-TEC_SEO_Keyword_Universe_Dubai.xlsx,,GENERATED TAXONOMY,,,,,Commercial service,Rolls-Royce Suspension repair,/brands/rolls-royce-service-dubai/suspension-repair,/brands/rolls-royce-service-dubai,EXISTING OWNER,Existing brand-specific service; exact vehicle scope confirmed,AC & cooling
rolls royce ac condenser replacement,rolls-royce ac condenser replacement,Rolls-Royce,Master Keywords!A6214,DIGI-TEC_SEO_Keyword_Universe_Dubai.xlsx,,GENERATED TAXONOMY,,,,,Commercial service,Rolls-Royce AC repair,/brands/rolls-royce-service-dubai/ac-repair,/brands/rolls-royce-service-dubai,EXISTING OWNER,Existing brand-specific service; exact vehicle scope confirmed,AC & cooling
rolls royce ac gas refill,rolls-royce ac gas refill,Rolls-Royce,Master Keywords!A6215,DIGI-TEC_SEO_Keyword_Universe_Dubai.xlsx,,GENERATED TAXONOMY,,,,,Commercial service,Rolls-Royce AC repair,/brands/rolls-royce-service-dubai/ac-repair,/brands/rolls-royce-service-dubai,EXISTING OWNER,Existing brand-specific service; exact vehicle scope confirmed,AC & cooling
rolls royce ac leak repair,rolls-royce ac leak repair,Rolls-Royce,Master Keywords!A6216,DIGI-TEC_SEO_Keyword_Universe_Dubai.xlsx,,GENERATED TAXONOMY,,,,,Commercial service,Rolls-Royce AC repair,/brands/rolls-royce-service-dubai/ac-repair,/brands/rolls-royce-service-dubai,EXISTING OWNER,Existing brand-specific service; exact vehicle scope confirmed,AC & cooling
rolls royce ac not cooling,rolls-royce ac not cooling,Rolls-Royce,Master Keywords!A6217,DIGI-TEC_SEO_Keyword_Universe_Dubai.xlsx,,GENERATED TAXONOMY,,,,,Service section,Symptom assessment,/brands/rolls-royce-service-dubai/ac-repair,/brands/rolls-royce-service-dubai,EXISTING OWNER,Existing service provides diagnostic path; no thin symptom URL,AC & cooling
rolls royce ac repair,rolls-royce ac repair,Rolls-Royce,Master Keywords!A6218,DIGI-TEC_SEO_Keyword_Universe_Dubai.xlsx,,GENERATED TAXONOMY,,,,,Commercial service,Rolls-Royce AC repair,/brands/rolls-royce-service-dubai/ac-repair,/brands/rolls-royce-service-dubai,EXISTING OWNER,Existing brand-specific service; exact vehicle scope confirmed,AC & cooling
rolls royce ac repair near me,rolls-royce ac repair near me,Rolls-Royce,Master Keywords!A6219,DIGI-TEC_SEO_Keyword_Universe_Dubai.xlsx,,GENERATED TAXONOMY,,,,,Commercial service,Rolls-Royce AC repair,/brands/rolls-royce-service-dubai/ac-repair,/brands/rolls-royce-service-dubai,EXISTING OWNER,Existing brand-specific service; exact vehicle scope confirmed,AC & cooling
rolls royce air conditioning repair,rolls-royce air conditioning repair,Rolls-Royce,Master Keywords!A6220,DIGI-TEC_SEO_Keyword_Universe_Dubai.xlsx,,GENERATED TAXONOMY,,,,,Commercial service,Rolls-Royce AC repair,/brands/rolls-royce-service-dubai/ac-repair,/brands/rolls-royce-service-dubai,EXISTING OWNER,Existing brand-specific service; exact vehicle scope confirmed,AC & cooling
rolls royce coolant leak repair,rolls-royce coolant leak repair,Rolls-Royce,Master Keywords!A6221,DIGI-TEC_SEO_Keyword_Universe_Dubai.xlsx,,GENERATED TAXONOMY,,,,,Service section,Symptom assessment,/brands/rolls-royce-service-dubai/mechanical-repair,/brands/rolls-royce-service-dubai,EXISTING OWNER,Existing service provides diagnostic path; no thin symptom URL,AC & cooling
rolls royce cooling system repair,rolls-royce cooling system repair,Rolls-Royce,Master Keywords!A6222,DIGI-TEC_SEO_Keyword_Universe_Dubai.xlsx,,GENERATED TAXONOMY,,,,,Commercial service,Rolls-Royce Mechanical repair,/brands/rolls-royce-service-dubai/mechanical-repair,/brands/rolls-royce-service-dubai,EXISTING OWNER,Existing brand-specific service; exact vehicle scope confirmed,AC & cooling
rolls royce overheating repair,rolls-royce overheating repair,Rolls-Royce,Master Keywords!A6223,DIGI-TEC_SEO_Keyword_Universe_Dubai.xlsx,,GENERATED TAXONOMY,,,,,Service section,Symptom assessment,/brands/rolls-royce-service-dubai/mechanical-repair,/brands/rolls-royce-service-dubai,EXISTING OWNER,Existing service provides diagnostic path; no thin symptom URL,AC & cooling
rolls royce radiator repair,rolls-royce radiator repair,Rolls-Royce,Master Keywords!A6224,DIGI-TEC_SEO_Keyword_Universe_Dubai.xlsx,,GENERATED TAXONOMY,,,,,Commercial service,Rolls-Royce Mechanical repair,/brands/rolls-royce-service-dubai/mechanical-repair,/brands/rolls-royce-service-dubai,EXISTING OWNER,Existing brand-specific service; exact vehicle scope confirmed,AC & cooling
rolls royce thermostat replacement,rolls-royce thermostat replacement,Rolls-Royce,Master Keywords!A6225,DIGI-TEC_SEO_Keyword_Universe_Dubai.xlsx,,GENERATED TAXONOMY,,,,,Commercial service,Rolls-Royce Mechanical repair,/brands/rolls-royce-service-dubai/mechanical-repair,/brands/rolls-royce-service-dubai,EXISTING OWNER,Existing brand-specific service; exact vehicle scope confirmed,AC & cooling
rolls royce water pump replacement,rolls-royce water pump replacement,Rolls-Royce,Master Keywords!A6226,DIGI-TEC_SEO_Keyword_Universe_Dubai.xlsx,,GENERATED TAXONOMY,,,,,Commercial service,Rolls-Royce Mechanical repair,/brands/rolls-royce-service-dubai/mechanical-repair,/brands/rolls-royce-service-dubai,EXISTING OWNER,Existing brand-specific service; exact vehicle scope confirmed,AC & cooling
rolls royce accident repair,rolls-royce accident repair,Rolls-Royce,Master Keywords!A6227,DIGI-TEC_SEO_Keyword_Universe_Dubai.xlsx,,GENERATED TAXONOMY,,,,,Commercial service,Rolls-Royce Body repair,/brands/rolls-royce-service-dubai/body-repair,/brands/rolls-royce-service-dubai,EXISTING OWNER,Existing brand-specific service; exact vehicle scope confirmed,Body & paint
rolls royce accident repair dubai,rolls-royce accident repair dubai,Rolls-Royce,Master Keywords!A6228,DIGI-TEC_SEO_Keyword_Universe_Dubai.xlsx,,GENERATED TAXONOMY,,,,,Commercial service,Rolls-Royce Body repair,/brands/rolls-royce-service-dubai/body-repair,/brands/rolls-royce-service-dubai,EXISTING OWNER,Existing brand-specific service; exact vehicle scope confirmed,Body & paint
rolls royce body repair,rolls-royce body repair,Rolls-Royce,Master Keywords!A6229,DIGI-TEC_SEO_Keyword_Universe_Dubai.xlsx,,GENERATED TAXONOMY,,,,,Commercial service,Rolls-Royce Body repair,/brands/rolls-royce-service-dubai/body-repair,/brands/rolls-royce-service-dubai,EXISTING OWNER,Existing brand-specific service; exact vehicle scope confirmed,Body & paint
rolls royce body repair dubai,rolls-royce body repair dubai,Rolls-Royce,Master Keywords!A6230,DIGI-TEC_SEO_Keyword_Universe_Dubai.xlsx,,GENERATED TAXONOMY,,,,,Commercial service,Rolls-Royce Body repair,/brands/rolls-royce-service-dubai/body-repair,/brands/rolls-royce-service-dubai,EXISTING OWNER,Existing brand-specific service; exact vehicle scope confirmed,Body & paint
rolls royce body shop,rolls-royce body shop,Rolls-Royce,Master Keywords!A6231,DIGI-TEC_SEO_Keyword_Universe_Dubai.xlsx,,GENERATED TAXONOMY,,,,,Commercial service,Rolls-Royce Body repair,/brands/rolls-royce-service-dubai/body-repair,/brands/rolls-royce-service-dubai,EXISTING OWNER,Existing brand-specific service; exact vehicle scope confirmed,Body & paint
rolls royce body shop dubai,rolls-royce body shop dubai,Rolls-Royce,Master Keywords!A6232,DIGI-TEC_SEO_Keyword_Universe_Dubai.xlsx,,GENERATED TAXONOMY,,,,,Commercial service,Rolls-Royce Body repair,/brands/rolls-royce-service-dubai/body-repair,/brands/rolls-royce-service-dubai,EXISTING OWNER,Existing brand-specific service; exact vehicle scope confirmed,Body & paint
rolls royce bumper repair,rolls-royce bumper repair,Rolls-Royce,Master Keywords!A6233,DIGI-TEC_SEO_Keyword_Universe_Dubai.xlsx,,GENERATED TAXONOMY,,,,,Commercial service,Rolls-Royce Body repair,/brands/rolls-royce-service-dubai/body-repair,/brands/rolls-royce-service-dubai,EXISTING OWNER,Existing brand-specific service; exact vehicle scope confirmed,Body & paint
rolls royce bumper repair dubai,rolls-royce bumper repair dubai,Rolls-Royce,Master Keywords!A6234,DIGI-TEC_SEO_Keyword_Universe_Dubai.xlsx,,GENERATED TAXONOMY,,,,,Commercial service,Rolls-Royce Body repair,/brands/rolls-royce-service-dubai/body-repair,/brands/rolls-royce-service-dubai,EXISTING OWNER,Existing brand-specific service; exact vehicle scope confirmed,Body & paint
rolls royce car painting,rolls-royce car painting,Rolls-Royce,Master Keywords!A6235,DIGI-TEC_SEO_Keyword_Universe_Dubai.xlsx,,GENERATED TAXONOMY,,,,,Commercial service,Rolls-Royce Body repair,/brands/rolls-royce-service-dubai/body-repair,/brands/rolls-royce-service-dubai,EXISTING OWNER,Existing brand-specific service; exact vehicle scope confirmed,Body & paint
rolls royce car painting dubai,rolls-royce car painting dubai,Rolls-Royce,Master Keywords!A6236,DIGI-TEC_SEO_Keyword_Universe_Dubai.xlsx,,GENERATED TAXONOMY,,,,,Commercial service,Rolls-Royce Body repair,/brands/rolls-royce-service-dubai/body-repair,/brands/rolls-royce-service-dubai,EXISTING OWNER,Existing brand-specific service; exact vehicle scope confirmed,Body & paint
rolls royce dent repair,rolls-royce dent repair,Rolls-Royce,Master Keywords!A6237,DIGI-TEC_SEO_Keyword_Universe_Dubai.xlsx,,GENERATED TAXONOMY,,,,,Commercial service,Rolls-Royce Body repair,/brands/rolls-royce-service-dubai/body-repair,/brands/rolls-royce-service-dubai,EXISTING OWNER,Existing brand-specific service; exact vehicle scope confirmed,Body & paint
rolls royce dent repair dubai,rolls-royce dent repair dubai,Rolls-Royce,Master Keywords!A6238,DIGI-TEC_SEO_Keyword_Universe_Dubai.xlsx,,GENERATED TAXONOMY,,,,,Commercial service,Rolls-Royce Body repair,/brands/rolls-royce-service-dubai/body-repair,/brands/rolls-royce-service-dubai,EXISTING OWNER,Existing brand-specific service; exact vehicle scope confirmed,Body & paint
rolls royce paint repair,rolls-royce paint repair,Rolls-Royce,Master Keywords!A6239,DIGI-TEC_SEO_Keyword_Universe_Dubai.xlsx,,GENERATED TAXONOMY,,,,,Commercial service,Rolls-Royce Body repair,/brands/rolls-royce-service-dubai/body-repair,/brands/rolls-royce-service-dubai,EXISTING OWNER,Existing brand-specific service; exact vehicle scope confirmed,Body & paint
rolls royce paint repair dubai,rolls-royce paint repair dubai,Rolls-Royce,Master Keywords!A6240,DIGI-TEC_SEO_Keyword_Universe_Dubai.xlsx,,GENERATED TAXONOMY,,,,,Commercial service,Rolls-Royce Body repair,/brands/rolls-royce-service-dubai/body-repair,/brands/rolls-royce-service-dubai,EXISTING OWNER,Existing brand-specific service; exact vehicle scope confirmed,Body & paint
rolls royce panel repair,rolls-royce panel repair,Rolls-Royce,Master Keywords!A6241,DIGI-TEC_SEO_Keyword_Universe_Dubai.xlsx,,GENERATED TAXONOMY,,,,,Commercial service,Rolls-Royce Body repair,/brands/rolls-royce-service-dubai/body-repair,/brands/rolls-royce-service-dubai,EXISTING OWNER,Existing brand-specific service; exact vehicle scope confirmed,Body & paint
rolls royce panel repair dubai,rolls-royce panel repair dubai,Rolls-Royce,Master Keywords!A6242,DIGI-TEC_SEO_Keyword_Universe_Dubai.xlsx,,GENERATED TAXONOMY,,,,,Commercial service,Rolls-Royce Body repair,/brands/rolls-royce-service-dubai/body-repair,/brands/rolls-royce-service-dubai,EXISTING OWNER,Existing brand-specific service; exact vehicle scope confirmed,Body & paint
rolls royce scratch repair,rolls-royce scratch repair,Rolls-Royce,Master Keywords!A6243,DIGI-TEC_SEO_Keyword_Universe_Dubai.xlsx,,GENERATED TAXONOMY,,,,,Broad commercial,Rolls-Royce service/repair discovery,/brands/rolls-royce-service-dubai,,EXISTING OWNER,One broad booking and directory owner,Body & paint
rolls royce scratch repair dubai,rolls-royce scratch repair dubai,Rolls-Royce,Master Keywords!A6244,DIGI-TEC_SEO_Keyword_Universe_Dubai.xlsx,,GENERATED TAXONOMY,,,,,Broad commercial,Rolls-Royce service/repair discovery,/brands/rolls-royce-service-dubai,,EXISTING OWNER,One broad booking and directory owner,Body & paint
rolls royce abs repair,rolls-royce abs repair,Rolls-Royce,Master Keywords!A6245,DIGI-TEC_SEO_Keyword_Universe_Dubai.xlsx,,GENERATED TAXONOMY,,,,,Commercial service,Rolls-Royce Brake repair,/brands/rolls-royce-service-dubai/brake-repair,/brands/rolls-royce-service-dubai,EXISTING OWNER,Existing brand-specific service; exact vehicle scope confirmed,Brakes
rolls royce abs warning light,rolls-royce abs warning light,Rolls-Royce,Master Keywords!A6246,DIGI-TEC_SEO_Keyword_Universe_Dubai.xlsx,,GENERATED TAXONOMY,,,,,Commercial service,Rolls-Royce Diagnostics,/brands/rolls-royce-service-dubai/engine-diagnostics,/brands/rolls-royce-service-dubai,EXISTING OWNER,Existing brand-specific service; exact vehicle scope confirmed,Brakes
rolls royce brake disc replacement,rolls-royce brake disc replacement,Rolls-Royce,Master Keywords!A6247,DIGI-TEC_SEO_Keyword_Universe_Dubai.xlsx,,GENERATED TAXONOMY,,,,,Commercial service,Rolls-Royce Brake repair,/brands/rolls-royce-service-dubai/brake-repair,/brands/rolls-royce-service-dubai,EXISTING OWNER,Existing brand-specific service; exact vehicle scope confirmed,Brakes
rolls royce brake fluid change,rolls-royce brake fluid change,Rolls-Royce,Master Keywords!A6248,DIGI-TEC_SEO_Keyword_Universe_Dubai.xlsx,,GENERATED TAXONOMY,,,,,Commercial service,Rolls-Royce Brake repair,/brands/rolls-royce-service-dubai/brake-repair,/brands/rolls-royce-service-dubai,EXISTING OWNER,Existing brand-specific service; exact vehicle scope confirmed,Brakes
rolls royce brake pad replacement,rolls-royce brake pad replacement,Rolls-Royce,Master Keywords!A6249,DIGI-TEC_SEO_Keyword_Universe_Dubai.xlsx,,GENERATED TAXONOMY,,,,,Commercial service,Rolls-Royce Brake repair,/brands/rolls-royce-service-dubai/brake-repair,/brands/rolls-royce-service-dubai,EXISTING OWNER,Existing brand-specific service; exact vehicle scope confirmed,Brakes
rolls royce brake repair,rolls-royce brake repair,Rolls-Royce,Master Keywords!A6250,DIGI-TEC_SEO_Keyword_Universe_Dubai.xlsx,,GENERATED TAXONOMY,,,,,Commercial service,Rolls-Royce Brake repair,/brands/rolls-royce-service-dubai/brake-repair,/brands/rolls-royce-service-dubai,EXISTING OWNER,Existing brand-specific service; exact vehicle scope confirmed,Brakes
rolls royce brake repair near me,rolls-royce brake repair near me,Rolls-Royce,Master Keywords!A6251,DIGI-TEC_SEO_Keyword_Universe_Dubai.xlsx,,GENERATED TAXONOMY,,,,,Commercial service,Rolls-Royce Brake repair,/brands/rolls-royce-service-dubai/brake-repair,/brands/rolls-royce-service-dubai,EXISTING OWNER,Existing brand-specific service; exact vehicle scope confirmed,Brakes
rolls royce brake rotor replacement,rolls-royce brake rotor replacement,Rolls-Royce,Master Keywords!A6252,DIGI-TEC_SEO_Keyword_Universe_Dubai.xlsx,,GENERATED TAXONOMY,,,,,Commercial service,Rolls-Royce Brake repair,/brands/rolls-royce-service-dubai/brake-repair,/brands/rolls-royce-service-dubai,EXISTING OWNER,Existing brand-specific service; exact vehicle scope confirmed,Brakes
rolls royce brake service,rolls-royce brake service,Rolls-Royce,Master Keywords!A6253,DIGI-TEC_SEO_Keyword_Universe_Dubai.xlsx,,GENERATED TAXONOMY,,,,,Commercial service,Rolls-Royce Brake repair,/brands/rolls-royce-service-dubai/brake-repair,/brands/rolls-royce-service-dubai,EXISTING OWNER,Existing brand-specific service; exact vehicle scope confirmed,Brakes
rolls royce brake squeaking repair,rolls-royce brake squeaking repair,Rolls-Royce,Master Keywords!A6254,DIGI-TEC_SEO_Keyword_Universe_Dubai.xlsx,,GENERATED TAXONOMY,,,,,Commercial service,Rolls-Royce Brake repair,/brands/rolls-royce-service-dubai/brake-repair,/brands/rolls-royce-service-dubai,EXISTING OWNER,Existing brand-specific service; exact vehicle scope confirmed,Brakes
rolls royce brake vibration repair,rolls-royce brake vibration repair,Rolls-Royce,Master Keywords!A6255,DIGI-TEC_SEO_Keyword_Universe_Dubai.xlsx,,GENERATED TAXONOMY,,,,,Commercial service,Rolls-Royce Brake repair,/brands/rolls-royce-service-dubai/brake-repair,/brands/rolls-royce-service-dubai,EXISTING OWNER,Existing brand-specific service; exact vehicle scope confirmed,Brakes
air suspension repair dubai,air suspension repair dubai,Rolls-Royce,Master Keywords!A6256,DIGI-TEC_SEO_Keyword_Universe_Dubai.xlsx,,RESEARCH KEYWORD,,,,,Commercial service,Rolls-Royce Suspension repair,/brands/rolls-royce-service-dubai/suspension-repair,/brands/rolls-royce-service-dubai,EXISTING OWNER,Existing brand-specific service; exact vehicle scope confirmed,Brand-specific systems
soft close door repair,soft close door repair,Rolls-Royce,Master Keywords!A6257,DIGI-TEC_SEO_Keyword_Universe_Dubai.xlsx,,RESEARCH KEYWORD,,,,,Unverified service,Unverified exact function,,,NOT TARGETED — INTENTIONALLY,Keyword evidence does not establish exact workshop capability,Brand-specific systems
soft close door repair dubai,soft close door repair dubai,Rolls-Royce,Master Keywords!A6258,DIGI-TEC_SEO_Keyword_Universe_Dubai.xlsx,,RESEARCH KEYWORD,,,,,Unverified service,Unverified exact function,,,NOT TARGETED — INTENTIONALLY,Keyword evidence does not establish exact workshop capability,Brand-specific systems
spirit of ecstasy repair,spirit of ecstasy repair,Rolls-Royce,Master Keywords!A6259,DIGI-TEC_SEO_Keyword_Universe_Dubai.xlsx,,RESEARCH KEYWORD,,,,,Broad commercial,Rolls-Royce service/repair discovery,/brands/rolls-royce-service-dubai,,EXISTING OWNER,One broad booking and directory owner,Brand-specific systems
spirit of ecstasy repair dubai,spirit of ecstasy repair dubai,Rolls-Royce,Master Keywords!A6260,DIGI-TEC_SEO_Keyword_Universe_Dubai.xlsx,,RESEARCH KEYWORD,,,,,Broad commercial,Rolls-Royce service/repair discovery,/brands/rolls-royce-service-dubai,,EXISTING OWNER,One broad booking and directory owner,Brand-specific systems
starlight headliner repair,starlight headliner repair,Rolls-Royce,Master Keywords!A6261,DIGI-TEC_SEO_Keyword_Universe_Dubai.xlsx,,RESEARCH KEYWORD,,,,,Broad commercial,Rolls-Royce service/repair discovery,/brands/rolls-royce-service-dubai,,EXISTING OWNER,One broad booking and directory owner,Brand-specific systems
starlight headliner repair dubai,starlight headliner repair dubai,Rolls-Royce,Master Keywords!A6262,DIGI-TEC_SEO_Keyword_Universe_Dubai.xlsx,,RESEARCH KEYWORD,,,,,Broad commercial,Rolls-Royce service/repair discovery,/brands/rolls-royce-service-dubai,,EXISTING OWNER,One broad booking and directory owner,Brand-specific systems
rolls royce boot repair,rolls-royce boot repair,Rolls-Royce,Master Keywords!A6263,DIGI-TEC_SEO_Keyword_Universe_Dubai.xlsx,,GENERATED TAXONOMY,,,,,Broad commercial,Rolls-Royce service/repair discovery,/brands/rolls-royce-service-dubai,,EXISTING OWNER,One broad booking and directory owner,Convenience/body electronics
rolls royce boot repair dubai,rolls-royce boot repair dubai,Rolls-Royce,Master Keywords!A6264,DIGI-TEC_SEO_Keyword_Universe_Dubai.xlsx,,GENERATED TAXONOMY,,,,,Broad commercial,Rolls-Royce service/repair discovery,/brands/rolls-royce-service-dubai,,EXISTING OWNER,One broad booking and directory owner,Convenience/body electronics
rolls royce door lock repair,rolls-royce door lock repair,Rolls-Royce,Master Keywords!A6265,DIGI-TEC_SEO_Keyword_Universe_Dubai.xlsx,,GENERATED TAXONOMY,,,,,Broad commercial,Rolls-Royce service/repair discovery,/brands/rolls-royce-service-dubai,,EXISTING OWNER,One broad booking and directory owner,Convenience/body electronics
rolls royce door lock repair dubai,rolls-royce door lock repair dubai,Rolls-Royce,Master Keywords!A6266,DIGI-TEC_SEO_Keyword_Universe_Dubai.xlsx,,GENERATED TAXONOMY,,,,,Broad commercial,Rolls-Royce service/repair discovery,/brands/rolls-royce-service-dubai,,EXISTING OWNER,One broad booking and directory owner,Convenience/body electronics
rolls royce power window repair,rolls-royce power window repair,Rolls-Royce,Master Keywords!A6267,DIGI-TEC_SEO_Keyword_Universe_Dubai.xlsx,,GENERATED TAXONOMY,,,,,Broad commercial,Rolls-Royce service/repair discovery,/brands/rolls-royce-service-dubai,,EXISTING OWNER,One broad booking and directory owner,Convenience/body electronics
rolls royce power window repair dubai,rolls-royce power window repair dubai,Rolls-Royce,Master Keywords!A6268,DIGI-TEC_SEO_Keyword_Universe_Dubai.xlsx,,GENERATED TAXONOMY,,,,,Broad commercial,Rolls-Royce service/repair discovery,/brands/rolls-royce-service-dubai,,EXISTING OWNER,One broad booking and directory owner,Convenience/body electronics
rolls royce seat motor repair,rolls-royce seat motor repair,Rolls-Royce,Master Keywords!A6269,DIGI-TEC_SEO_Keyword_Universe_Dubai.xlsx,,GENERATED TAXONOMY,,,,,Broad commercial,Rolls-Royce service/repair discovery,/brands/rolls-royce-service-dubai,,EXISTING OWNER,One broad booking and directory owner,Convenience/body electronics
rolls royce seat motor repair dubai,rolls-royce seat motor repair dubai,Rolls-Royce,Master Keywords!A6270,DIGI-TEC_SEO_Keyword_Universe_Dubai.xlsx,,GENERATED TAXONOMY,,,,,Broad commercial,Rolls-Royce service/repair discovery,/brands/rolls-royce-service-dubai,,EXISTING OWNER,One broad booking and directory owner,Convenience/body electronics
rolls royce seat repair,rolls-royce seat repair,Rolls-Royce,Master Keywords!A6271,DIGI-TEC_SEO_Keyword_Universe_Dubai.xlsx,,GENERATED TAXONOMY,,,,,Unverified service,Unverified exact function,,,NOT TARGETED — INTENTIONALLY,Keyword evidence does not establish exact workshop capability,Convenience/body electronics
rolls royce seat repair dubai,rolls-royce seat repair dubai,Rolls-Royce,Master Keywords!A6272,DIGI-TEC_SEO_Keyword_Universe_Dubai.xlsx,,GENERATED TAXONOMY,,,,,Unverified service,Unverified exact function,,,NOT TARGETED — INTENTIONALLY,Keyword evidence does not establish exact workshop capability,Convenience/body electronics
rolls royce soft close door repair,rolls-royce soft close door repair,Rolls-Royce,Master Keywords!A6273,DIGI-TEC_SEO_Keyword_Universe_Dubai.xlsx,,GENERATED TAXONOMY,,,,,Unverified service,Unverified exact function,,,NOT TARGETED — INTENTIONALLY,Keyword evidence does not establish exact workshop capability,Convenience/body electronics
rolls royce soft close door repair dubai,rolls-royce soft close door repair dubai,Rolls-Royce,Master Keywords!A6274,DIGI-TEC_SEO_Keyword_Universe_Dubai.xlsx,,GENERATED TAXONOMY,,,,,Unverified service,Unverified exact function,,,NOT TARGETED — INTENTIONALLY,Keyword evidence does not establish exact workshop capability,Convenience/body electronics
rolls royce sunroof repair,rolls-royce sunroof repair,Rolls-Royce,Master Keywords!A6275,DIGI-TEC_SEO_Keyword_Universe_Dubai.xlsx,,GENERATED TAXONOMY,,,,,Unverified service,Unverified exact function,,,NOT TARGETED — INTENTIONALLY,Keyword evidence does not establish exact workshop capability,Convenience/body electronics
rolls royce sunroof repair dubai,rolls-royce sunroof repair dubai,Rolls-Royce,Master Keywords!A6276,DIGI-TEC_SEO_Keyword_Universe_Dubai.xlsx,,GENERATED TAXONOMY,,,,,Unverified service,Unverified exact function,,,NOT TARGETED — INTENTIONALLY,Keyword evidence does not establish exact workshop capability,Convenience/body electronics
rolls royce tailgate repair,rolls-royce tailgate repair,Rolls-Royce,Master Keywords!A6277,DIGI-TEC_SEO_Keyword_Universe_Dubai.xlsx,,GENERATED TAXONOMY,,,,,Unverified service,Unverified exact function,,,NOT TARGETED — INTENTIONALLY,Keyword evidence does not establish exact workshop capability,Convenience/body electronics
rolls royce tailgate repair dubai,rolls-royce tailgate repair dubai,Rolls-Royce,Master Keywords!A6278,DIGI-TEC_SEO_Keyword_Universe_Dubai.xlsx,,GENERATED TAXONOMY,,,,,Unverified service,Unverified exact function,,,NOT TARGETED — INTENTIONALLY,Keyword evidence does not establish exact workshop capability,Convenience/body electronics
rolls royce window regulator replacement,rolls-royce window regulator replacement,Rolls-Royce,Master Keywords!A6279,DIGI-TEC_SEO_Keyword_Universe_Dubai.xlsx,,GENERATED TAXONOMY,,,,,Broad commercial,Rolls-Royce service/repair discovery,/brands/rolls-royce-service-dubai,,EXISTING OWNER,One broad booking and directory owner,Convenience/body electronics
rolls royce window regulator replacement dubai,rolls-royce window regulator replacement dubai,Rolls-Royce,Master Keywords!A6280,DIGI-TEC_SEO_Keyword_Universe_Dubai.xlsx,,GENERATED TAXONOMY,,,,,Broad commercial,Rolls-Royce service/repair discovery,/brands/rolls-royce-service-dubai,,EXISTING OWNER,One broad booking and directory owner,Convenience/body electronics
rolls royce check engine light,rolls-royce check engine light,Rolls-Royce,Master Keywords!A6281,DIGI-TEC_SEO_Keyword_Universe_Dubai.xlsx,,GENERATED TAXONOMY,,,,,Service section,Symptom assessment,/brands/rolls-royce-service-dubai/engine-diagnostics,/brands/rolls-royce-service-dubai,EXISTING OWNER,Existing service provides diagnostic path; no thin symptom URL,Diagnostics & warning lights
rolls royce computer diagnostics,rolls-royce computer diagnostics,Rolls-Royce,Master Keywords!A6282,DIGI-TEC_SEO_Keyword_Universe_Dubai.xlsx,,GENERATED TAXONOMY,,,,,Commercial service,Rolls-Royce Diagnostics,/brands/rolls-royce-service-dubai/engine-diagnostics,/brands/rolls-royce-service-dubai,EXISTING OWNER,Existing brand-specific service; exact vehicle scope confirmed,Diagnostics & warning lights
rolls royce dashboard warning light,rolls-royce dashboard warning light,Rolls-Royce,Master Keywords!A6283,DIGI-TEC_SEO_Keyword_Universe_Dubai.xlsx,,GENERATED TAXONOMY,,,,,Commercial service,Rolls-Royce Diagnostics,/brands/rolls-royce-service-dubai/engine-diagnostics,/brands/rolls-royce-service-dubai,EXISTING OWNER,Existing brand-specific service; exact vehicle scope confirmed,Diagnostics & warning lights
rolls royce diagnostic scan,rolls-royce diagnostic scan,Rolls-Royce,Master Keywords!A6284,DIGI-TEC_SEO_Keyword_Universe_Dubai.xlsx,,GENERATED TAXONOMY,,,,,Commercial service,Rolls-Royce Diagnostics,/brands/rolls-royce-service-dubai/engine-diagnostics,/brands/rolls-royce-service-dubai,EXISTING OWNER,Existing brand-specific service; exact vehicle scope confirmed,Diagnostics & warning lights
rolls royce diagnostics,rolls-royce diagnostics,Rolls-Royce,Master Keywords!A6285,DIGI-TEC_SEO_Keyword_Universe_Dubai.xlsx,,GENERATED TAXONOMY,,,,,Commercial service,Rolls-Royce Diagnostics,/brands/rolls-royce-service-dubai/engine-diagnostics,/brands/rolls-royce-service-dubai,EXISTING OWNER,Existing brand-specific service; exact vehicle scope confirmed,Diagnostics & warning lights
rolls royce engine warning light,rolls-royce engine warning light,Rolls-Royce,Master Keywords!A6286,DIGI-TEC_SEO_Keyword_Universe_Dubai.xlsx,,GENERATED TAXONOMY,,,,,Commercial service,Rolls-Royce Diagnostics,/brands/rolls-royce-service-dubai/engine-diagnostics,/brands/rolls-royce-service-dubai,EXISTING OWNER,Existing brand-specific service; exact vehicle scope confirmed,Diagnostics & warning lights
rolls royce fault code scanning,rolls-royce fault code scanning,Rolls-Royce,Master Keywords!A6287,DIGI-TEC_SEO_Keyword_Universe_Dubai.xlsx,,GENERATED TAXONOMY,,,,,Commercial service,Rolls-Royce Diagnostics,/brands/rolls-royce-service-dubai/engine-diagnostics,/brands/rolls-royce-service-dubai,EXISTING OWNER,Existing brand-specific service; exact vehicle scope confirmed,Diagnostics & warning lights
rolls royce fault diagnosis,rolls-royce fault diagnosis,Rolls-Royce,Master Keywords!A6288,DIGI-TEC_SEO_Keyword_Universe_Dubai.xlsx,,GENERATED TAXONOMY,,,,,Commercial service,Rolls-Royce Diagnostics,/brands/rolls-royce-service-dubai/engine-diagnostics,/brands/rolls-royce-service-dubai,EXISTING OWNER,Existing brand-specific service; exact vehicle scope confirmed,Diagnostics & warning lights
rolls royce alternator repair,rolls-royce alternator repair,Rolls-Royce,Master Keywords!A6289,DIGI-TEC_SEO_Keyword_Universe_Dubai.xlsx,,GENERATED TAXONOMY,,,,,Commercial service,Rolls-Royce Electrical assessment,/brands/rolls-royce-service-dubai/electrical-repair,/brands/rolls-royce-service-dubai,EXISTING OWNER,Existing brand-specific service; exact vehicle scope confirmed,Electrical
rolls royce alternator replacement,rolls-royce alternator replacement,Rolls-Royce,Master Keywords!A6290,DIGI-TEC_SEO_Keyword_Universe_Dubai.xlsx,,GENERATED TAXONOMY,,,,,Commercial service,Rolls-Royce Electrical assessment,/brands/rolls-royce-service-dubai/electrical-repair,/brands/rolls-royce-service-dubai,EXISTING OWNER,Existing brand-specific service; exact vehicle scope confirmed,Electrical
rolls royce battery drain repair,rolls-royce battery drain repair,Rolls-Royce,Master Keywords!A6291,DIGI-TEC_SEO_Keyword_Universe_Dubai.xlsx,,GENERATED TAXONOMY,,,,,Commercial service,Rolls-Royce Low-voltage battery assessment,/brands/rolls-royce-service-dubai/battery-replacement,/brands/rolls-royce-service-dubai,EXISTING OWNER,Existing brand-specific service; exact vehicle scope confirmed,Electrical
rolls royce battery replacement,rolls-royce battery replacement,Rolls-Royce,Master Keywords!A6292,DIGI-TEC_SEO_Keyword_Universe_Dubai.xlsx,,GENERATED TAXONOMY,,,,,Commercial service,Rolls-Royce Low-voltage battery assessment,/brands/rolls-royce-service-dubai/battery-replacement,/brands/rolls-royce-service-dubai,EXISTING OWNER,Existing brand-specific service; exact vehicle scope confirmed,Electrical
rolls royce battery replacement near me,rolls-royce battery replacement near me,Rolls-Royce,Master Keywords!A6293,DIGI-TEC_SEO_Keyword_Universe_Dubai.xlsx,,GENERATED TAXONOMY,,,,,Commercial service,Rolls-Royce Low-voltage battery assessment,/brands/rolls-royce-service-dubai/battery-replacement,/brands/rolls-royce-service-dubai,EXISTING OWNER,Existing brand-specific service; exact vehicle scope confirmed,Electrical
rolls royce coding service,rolls-royce coding service,Rolls-Royce,Master Keywords!A6294,DIGI-TEC_SEO_Keyword_Universe_Dubai.xlsx,,GENERATED TAXONOMY,,,,,Commercial service,Rolls-Royce Diagnostics,/brands/rolls-royce-service-dubai/engine-diagnostics,/brands/rolls-royce-service-dubai,EXISTING OWNER,Existing brand-specific service; exact vehicle scope confirmed,Electrical
rolls royce ecu programming,rolls-royce ecu programming,Rolls-Royce,Master Keywords!A6295,DIGI-TEC_SEO_Keyword_Universe_Dubai.xlsx,,GENERATED TAXONOMY,,,,,Commercial service,Rolls-Royce Diagnostics,/brands/rolls-royce-service-dubai/engine-diagnostics,/brands/rolls-royce-service-dubai,EXISTING OWNER,Existing brand-specific service; exact vehicle scope confirmed,Electrical
rolls royce ecu repair,rolls-royce ecu repair,Rolls-Royce,Master Keywords!A6296,DIGI-TEC_SEO_Keyword_Universe_Dubai.xlsx,,GENERATED TAXONOMY,,,,,Commercial service,Rolls-Royce Electrical assessment,/brands/rolls-royce-service-dubai/electrical-repair,/brands/rolls-royce-service-dubai,EXISTING OWNER,Existing brand-specific service; exact vehicle scope confirmed,Electrical
rolls royce electrical diagnostics,rolls-royce electrical diagnostics,Rolls-Royce,Master Keywords!A6297,DIGI-TEC_SEO_Keyword_Universe_Dubai.xlsx,,GENERATED TAXONOMY,,,,,Commercial service,Rolls-Royce Diagnostics,/brands/rolls-royce-service-dubai/engine-diagnostics,/brands/rolls-royce-service-dubai,EXISTING OWNER,Existing brand-specific service; exact vehicle scope confirmed,Electrical
rolls royce electrical repair,rolls-royce electrical repair,Rolls-Royce,Master Keywords!A6298,DIGI-TEC_SEO_Keyword_Universe_Dubai.xlsx,,GENERATED TAXONOMY,,,,,Commercial service,Rolls-Royce Electrical assessment,/brands/rolls-royce-service-dubai/electrical-repair,/brands/rolls-royce-service-dubai,EXISTING OWNER,Existing brand-specific service; exact vehicle scope confirmed,Electrical
rolls royce electrical repair near me,rolls-royce electrical repair near me,Rolls-Royce,Master Keywords!A6299,DIGI-TEC_SEO_Keyword_Universe_Dubai.xlsx,,GENERATED TAXONOMY,,,,,Commercial service,Rolls-Royce Electrical assessment,/brands/rolls-royce-service-dubai/electrical-repair,/brands/rolls-royce-service-dubai,EXISTING OWNER,Existing brand-specific service; exact vehicle scope confirmed,Electrical
rolls royce key programming,rolls-royce key programming,Rolls-Royce,Master Keywords!A6300,DIGI-TEC_SEO_Keyword_Universe_Dubai.xlsx,,GENERATED TAXONOMY,,,,,Unverified service,Unverified exact function,,,NOT TARGETED — INTENTIONALLY,Keyword evidence does not establish exact workshop capability,Electrical
rolls royce keyless entry repair,rolls-royce keyless entry repair,Rolls-Royce,Master Keywords!A6301,DIGI-TEC_SEO_Keyword_Universe_Dubai.xlsx,,GENERATED TAXONOMY,,,,,Broad commercial,Rolls-Royce service/repair discovery,/brands/rolls-royce-service-dubai,,EXISTING OWNER,One broad booking and directory owner,Electrical
rolls royce module programming,rolls-royce module programming,Rolls-Royce,Master Keywords!A6302,DIGI-TEC_SEO_Keyword_Universe_Dubai.xlsx,,GENERATED TAXONOMY,,,,,Commercial service,Rolls-Royce Diagnostics,/brands/rolls-royce-service-dubai/engine-diagnostics,/brands/rolls-royce-service-dubai,EXISTING OWNER,Existing brand-specific service; exact vehicle scope confirmed,Electrical
rolls royce module repair,rolls-royce module repair,Rolls-Royce,Master Keywords!A6303,DIGI-TEC_SEO_Keyword_Universe_Dubai.xlsx,,GENERATED TAXONOMY,,,,,Commercial service,Rolls-Royce Electrical assessment,/brands/rolls-royce-service-dubai/electrical-repair,/brands/rolls-royce-service-dubai,EXISTING OWNER,Existing brand-specific service; exact vehicle scope confirmed,Electrical
rolls royce sensor replacement,rolls-royce sensor replacement,Rolls-Royce,Master Keywords!A6304,DIGI-TEC_SEO_Keyword_Universe_Dubai.xlsx,,GENERATED TAXONOMY,,,,,Commercial service,Rolls-Royce Electrical assessment,/brands/rolls-royce-service-dubai/electrical-repair,/brands/rolls-royce-service-dubai,EXISTING OWNER,Existing brand-specific service; exact vehicle scope confirmed,Electrical
rolls royce starter motor repair,rolls-royce starter motor repair,Rolls-Royce,Master Keywords!A6305,DIGI-TEC_SEO_Keyword_Universe_Dubai.xlsx,,GENERATED TAXONOMY,,,,,Commercial service,Rolls-Royce Low-voltage battery assessment,/brands/rolls-royce-service-dubai/battery-replacement,/brands/rolls-royce-service-dubai,EXISTING OWNER,Existing brand-specific service; exact vehicle scope confirmed,Electrical
rolls royce starter replacement,rolls-royce starter replacement,Rolls-Royce,Master Keywords!A6306,DIGI-TEC_SEO_Keyword_Universe_Dubai.xlsx,,GENERATED TAXONOMY,,,,,Commercial service,Rolls-Royce Low-voltage battery assessment,/brands/rolls-royce-service-dubai/battery-replacement,/brands/rolls-royce-service-dubai,EXISTING OWNER,Existing brand-specific service; exact vehicle scope confirmed,Electrical
rolls royce wiring repair,rolls-royce wiring repair,Rolls-Royce,Master Keywords!A6307,DIGI-TEC_SEO_Keyword_Universe_Dubai.xlsx,,GENERATED TAXONOMY,,,,,Commercial service,Rolls-Royce Electrical assessment,/brands/rolls-royce-service-dubai/electrical-repair,/brands/rolls-royce-service-dubai,EXISTING OWNER,Existing brand-specific service; exact vehicle scope confirmed,Electrical
rolls royce engine mount replacement,rolls-royce engine mount replacement,Rolls-Royce,Master Keywords!A6308,DIGI-TEC_SEO_Keyword_Universe_Dubai.xlsx,,GENERATED TAXONOMY,,,,,Commercial service,Rolls-Royce Mechanical repair,/brands/rolls-royce-service-dubai/mechanical-repair,/brands/rolls-royce-service-dubai,EXISTING OWNER,Existing brand-specific service; exact vehicle scope confirmed,Engine
rolls royce engine oil leak repair,rolls-royce engine oil leak repair,Rolls-Royce,Master Keywords!A6309,DIGI-TEC_SEO_Keyword_Universe_Dubai.xlsx,,GENERATED TAXONOMY,,,,,Service section,Symptom assessment,/brands/rolls-royce-service-dubai/mechanical-repair,/brands/rolls-royce-service-dubai,EXISTING OWNER,Existing service provides diagnostic path; no thin symptom URL,Engine
rolls royce engine overhaul,rolls-royce engine overhaul,Rolls-Royce,Master Keywords!A6310,DIGI-TEC_SEO_Keyword_Universe_Dubai.xlsx,,GENERATED TAXONOMY,,,,,Commercial service,Rolls-Royce Mechanical repair,/brands/rolls-royce-service-dubai/mechanical-repair,/brands/rolls-royce-service-dubai,EXISTING OWNER,Existing brand-specific service; exact vehicle scope confirmed,Engine
rolls royce engine overheating repair,rolls-royce engine overheating repair,Rolls-Royce,Master Keywords!A6311,DIGI-TEC_SEO_Keyword_Universe_Dubai.xlsx,,GENERATED TAXONOMY,,,,,Service section,Symptom assessment,/brands/rolls-royce-service-dubai/mechanical-repair,/brands/rolls-royce-service-dubai,EXISTING OWNER,Existing service provides diagnostic path; no thin symptom URL,Engine
rolls royce engine rebuild,rolls-royce engine rebuild,Rolls-Royce,Master Keywords!A6312,DIGI-TEC_SEO_Keyword_Universe_Dubai.xlsx,,GENERATED TAXONOMY,,,,,Commercial service,Rolls-Royce Mechanical repair,/brands/rolls-royce-service-dubai/mechanical-repair,/brands/rolls-royce-service-dubai,EXISTING OWNER,Existing brand-specific service; exact vehicle scope confirmed,Engine
rolls royce engine repair,rolls-royce engine repair,Rolls-Royce,Master Keywords!A6313,DIGI-TEC_SEO_Keyword_Universe_Dubai.xlsx,,GENERATED TAXONOMY,,,,,Commercial service,Rolls-Royce Mechanical repair,/brands/rolls-royce-service-dubai/mechanical-repair,/brands/rolls-royce-service-dubai,EXISTING OWNER,Existing brand-specific service; exact vehicle scope confirmed,Engine
rolls royce engine repair near me,rolls-royce engine repair near me,Rolls-Royce,Master Keywords!A6314,DIGI-TEC_SEO_Keyword_Universe_Dubai.xlsx,,GENERATED TAXONOMY,,,,,Commercial service,Rolls-Royce Mechanical repair,/brands/rolls-royce-service-dubai/mechanical-repair,/brands/rolls-royce-service-dubai,EXISTING OWNER,Existing brand-specific service; exact vehicle scope confirmed,Engine
rolls royce engine replacement,rolls-royce engine replacement,Rolls-Royce,Master Keywords!A6315,DIGI-TEC_SEO_Keyword_Universe_Dubai.xlsx,,GENERATED TAXONOMY,,,,,Commercial service,Rolls-Royce Mechanical repair,/brands/rolls-royce-service-dubai/mechanical-repair,/brands/rolls-royce-service-dubai,EXISTING OWNER,Existing brand-specific service; exact vehicle scope confirmed,Engine
rolls royce loss of power repair,rolls-royce loss of power repair,Rolls-Royce,Master Keywords!A6316,DIGI-TEC_SEO_Keyword_Universe_Dubai.xlsx,,GENERATED TAXONOMY,,,,,Service section,Symptom assessment,/brands/rolls-royce-service-dubai/engine-diagnostics,/brands/rolls-royce-service-dubai,EXISTING OWNER,Existing service provides diagnostic path; no thin symptom URL,Engine
rolls royce misfire repair,rolls-royce misfire repair,Rolls-Royce,Master Keywords!A6317,DIGI-TEC_SEO_Keyword_Universe_Dubai.xlsx,,GENERATED TAXONOMY,,,,,Broad commercial,Rolls-Royce service/repair discovery,/brands/rolls-royce-service-dubai,,EXISTING OWNER,One broad booking and directory owner,Engine
rolls royce timing belt replacement,rolls-royce timing belt replacement,Rolls-Royce,Master Keywords!A6318,DIGI-TEC_SEO_Keyword_Universe_Dubai.xlsx,,GENERATED TAXONOMY,,,,,Commercial service,Rolls-Royce Mechanical repair,/brands/rolls-royce-service-dubai/mechanical-repair,/brands/rolls-royce-service-dubai,EXISTING OWNER,Existing brand-specific service; exact vehicle scope confirmed,Engine
rolls royce timing chain repair,rolls-royce timing chain repair,Rolls-Royce,Master Keywords!A6319,DIGI-TEC_SEO_Keyword_Universe_Dubai.xlsx,,GENERATED TAXONOMY,,,,,Commercial service,Rolls-Royce Mechanical repair,/brands/rolls-royce-service-dubai/mechanical-repair,/brands/rolls-royce-service-dubai,EXISTING OWNER,Existing brand-specific service; exact vehicle scope confirmed,Engine
rolls royce valve cover gasket replacement,rolls-royce valve cover gasket replacement,Rolls-Royce,Master Keywords!A6320,DIGI-TEC_SEO_Keyword_Universe_Dubai.xlsx,,GENERATED TAXONOMY,,,,,Broad commercial,Rolls-Royce service/repair discovery,/brands/rolls-royce-service-dubai,,EXISTING OWNER,One broad booking and directory owner,Engine
rolls royce catalytic converter repair,rolls-royce catalytic converter repair,Rolls-Royce,Master Keywords!A6321,DIGI-TEC_SEO_Keyword_Universe_Dubai.xlsx,,GENERATED TAXONOMY,,,,,Commercial service,Rolls-Royce Exhaust repair,/brands/rolls-royce-service-dubai/exhaust-repair,/brands/rolls-royce-service-dubai,EXISTING OWNER,Existing brand-specific service; exact vehicle scope confirmed,Exhaust & emissions
rolls royce catalytic converter repair dubai,rolls-royce catalytic converter repair dubai,Rolls-Royce,Master Keywords!A6322,DIGI-TEC_SEO_Keyword_Universe_Dubai.xlsx,,GENERATED TAXONOMY,,,,,Commercial service,Rolls-Royce Exhaust repair,/brands/rolls-royce-service-dubai/exhaust-repair,/brands/rolls-royce-service-dubai,EXISTING OWNER,Existing brand-specific service; exact vehicle scope confirmed,Exhaust & emissions
rolls royce emissions repair,rolls-royce emissions repair,Rolls-Royce,Master Keywords!A6323,DIGI-TEC_SEO_Keyword_Universe_Dubai.xlsx,,GENERATED TAXONOMY,,,,,Commercial service,Rolls-Royce Exhaust repair,/brands/rolls-royce-service-dubai/exhaust-repair,/brands/rolls-royce-service-dubai,EXISTING OWNER,Existing brand-specific service; exact vehicle scope confirmed,Exhaust & emissions
rolls royce emissions repair dubai,rolls-royce emissions repair dubai,Rolls-Royce,Master Keywords!A6324,DIGI-TEC_SEO_Keyword_Universe_Dubai.xlsx,,GENERATED TAXONOMY,,,,,Commercial service,Rolls-Royce Exhaust repair,/brands/rolls-royce-service-dubai/exhaust-repair,/brands/rolls-royce-service-dubai,EXISTING OWNER,Existing brand-specific service; exact vehicle scope confirmed,Exhaust & emissions
rolls royce exhaust leak repair,rolls-royce exhaust leak repair,Rolls-Royce,Master Keywords!A6325,DIGI-TEC_SEO_Keyword_Universe_Dubai.xlsx,,GENERATED TAXONOMY,,,,,Commercial service,Rolls-Royce Exhaust repair,/brands/rolls-royce-service-dubai/exhaust-repair,/brands/rolls-royce-service-dubai,EXISTING OWNER,Existing brand-specific service; exact vehicle scope confirmed,Exhaust & emissions
rolls royce exhaust leak repair dubai,rolls-royce exhaust leak repair dubai,Rolls-Royce,Master Keywords!A6326,DIGI-TEC_SEO_Keyword_Universe_Dubai.xlsx,,GENERATED TAXONOMY,,,,,Commercial service,Rolls-Royce Exhaust repair,/brands/rolls-royce-service-dubai/exhaust-repair,/brands/rolls-royce-service-dubai,EXISTING OWNER,Existing brand-specific service; exact vehicle scope confirmed,Exhaust & emissions
rolls royce exhaust repair,rolls-royce exhaust repair,Rolls-Royce,Master Keywords!A6327,DIGI-TEC_SEO_Keyword_Universe_Dubai.xlsx,,GENERATED TAXONOMY,,,,,Commercial service,Rolls-Royce Exhaust repair,/brands/rolls-royce-service-dubai/exhaust-repair,/brands/rolls-royce-service-dubai,EXISTING OWNER,Existing brand-specific service; exact vehicle scope confirmed,Exhaust & emissions
rolls royce exhaust repair dubai,rolls-royce exhaust repair dubai,Rolls-Royce,Master Keywords!A6328,DIGI-TEC_SEO_Keyword_Universe_Dubai.xlsx,,GENERATED TAXONOMY,,,,,Commercial service,Rolls-Royce Exhaust repair,/brands/rolls-royce-service-dubai/exhaust-repair,/brands/rolls-royce-service-dubai,EXISTING OWNER,Existing brand-specific service; exact vehicle scope confirmed,Exhaust & emissions
rolls royce exhaust replacement,rolls-royce exhaust replacement,Rolls-Royce,Master Keywords!A6329,DIGI-TEC_SEO_Keyword_Universe_Dubai.xlsx,,GENERATED TAXONOMY,,,,,Commercial service,Rolls-Royce Exhaust repair,/brands/rolls-royce-service-dubai/exhaust-repair,/brands/rolls-royce-service-dubai,EXISTING OWNER,Existing brand-specific service; exact vehicle scope confirmed,Exhaust & emissions
rolls royce exhaust replacement dubai,rolls-royce exhaust replacement dubai,Rolls-Royce,Master Keywords!A6330,DIGI-TEC_SEO_Keyword_Universe_Dubai.xlsx,,GENERATED TAXONOMY,,,,,Commercial service,Rolls-Royce Exhaust repair,/brands/rolls-royce-service-dubai/exhaust-repair,/brands/rolls-royce-service-dubai,EXISTING OWNER,Existing brand-specific service; exact vehicle scope confirmed,Exhaust & emissions
rolls royce exhaust upgrade,rolls-royce exhaust upgrade,Rolls-Royce,Master Keywords!A6331,DIGI-TEC_SEO_Keyword_Universe_Dubai.xlsx,,GENERATED TAXONOMY,,,,,Commercial service,Rolls-Royce Exhaust repair,/brands/rolls-royce-service-dubai/exhaust-repair,/brands/rolls-royce-service-dubai,EXISTING OWNER,Existing brand-specific service; exact vehicle scope confirmed,Exhaust & emissions
rolls royce exhaust upgrade dubai,rolls-royce exhaust upgrade dubai,Rolls-Royce,Master Keywords!A6332,DIGI-TEC_SEO_Keyword_Universe_Dubai.xlsx,,GENERATED TAXONOMY,,,,,Commercial service,Rolls-Royce Exhaust repair,/brands/rolls-royce-service-dubai/exhaust-repair,/brands/rolls-royce-service-dubai,EXISTING OWNER,Existing brand-specific service; exact vehicle scope confirmed,Exhaust & emissions
rolls royce muffler repair,rolls-royce muffler repair,Rolls-Royce,Master Keywords!A6333,DIGI-TEC_SEO_Keyword_Universe_Dubai.xlsx,,GENERATED TAXONOMY,,,,,Commercial service,Rolls-Royce Exhaust repair,/brands/rolls-royce-service-dubai/exhaust-repair,/brands/rolls-royce-service-dubai,EXISTING OWNER,Existing brand-specific service; exact vehicle scope confirmed,Exhaust & emissions
rolls royce muffler repair dubai,rolls-royce muffler repair dubai,Rolls-Royce,Master Keywords!A6334,DIGI-TEC_SEO_Keyword_Universe_Dubai.xlsx,,GENERATED TAXONOMY,,,,,Commercial service,Rolls-Royce Exhaust repair,/brands/rolls-royce-service-dubai/exhaust-repair,/brands/rolls-royce-service-dubai,EXISTING OWNER,Existing brand-specific service; exact vehicle scope confirmed,Exhaust & emissions
rolls royce oxygen sensor replacement,rolls-royce oxygen sensor replacement,Rolls-Royce,Master Keywords!A6335,DIGI-TEC_SEO_Keyword_Universe_Dubai.xlsx,,GENERATED TAXONOMY,,,,,Commercial service,Rolls-Royce Electrical assessment,/brands/rolls-royce-service-dubai/electrical-repair,/brands/rolls-royce-service-dubai,EXISTING OWNER,Existing brand-specific service; exact vehicle scope confirmed,Exhaust & emissions
rolls royce oxygen sensor replacement dubai,rolls-royce oxygen sensor replacement dubai,Rolls-Royce,Master Keywords!A6336,DIGI-TEC_SEO_Keyword_Universe_Dubai.xlsx,,GENERATED TAXONOMY,,,,,Commercial service,Rolls-Royce Electrical assessment,/brands/rolls-royce-service-dubai/electrical-repair,/brands/rolls-royce-service-dubai,EXISTING OWNER,Existing brand-specific service; exact vehicle scope confirmed,Exhaust & emissions
rolls royce car repair,rolls-royce car repair,Rolls-Royce,Master Keywords!A6337,DIGI-TEC_SEO_Keyword_Universe_Dubai.xlsx,,GENERATED TAXONOMY,,,,,Broad commercial,Rolls-Royce service/repair discovery,/brands/rolls-royce-service-dubai,,EXISTING OWNER,One broad booking and directory owner,General repair
rolls royce garage,rolls-royce garage,Rolls-Royce,Master Keywords!A6338,DIGI-TEC_SEO_Keyword_Universe_Dubai.xlsx,,GENERATED TAXONOMY,,,,,Broad commercial,Rolls-Royce service/repair discovery,/brands/rolls-royce-service-dubai,,EXISTING OWNER,One broad booking and directory owner,General repair
rolls royce garage near me,rolls-royce garage near me,Rolls-Royce,Master Keywords!A6339,DIGI-TEC_SEO_Keyword_Universe_Dubai.xlsx,,GENERATED TAXONOMY,,,,,Broad commercial,Rolls-Royce service/repair discovery,/brands/rolls-royce-service-dubai,,EXISTING OWNER,One broad booking and directory owner,General repair
rolls royce maintenance,rolls-royce maintenance,Rolls-Royce,Master Keywords!A6340,DIGI-TEC_SEO_Keyword_Universe_Dubai.xlsx,,GENERATED TAXONOMY,,,,,Informational,Maintenance planning,/blog/rolls-royce-best-workshop-dubai,/brands/rolls-royce-service-dubai,EXISTING OWNER,Existing guide supports broad hub booking,General repair
rolls royce repair near me,rolls-royce repair near me,Rolls-Royce,Master Keywords!A6341,DIGI-TEC_SEO_Keyword_Universe_Dubai.xlsx,,GENERATED TAXONOMY,,,,,Broad commercial,Rolls-Royce service/repair discovery,/brands/rolls-royce-service-dubai,,EXISTING OWNER,One broad booking and directory owner,General repair
rolls royce service centre,rolls-royce service center,Rolls-Royce,Master Keywords!A6342,DIGI-TEC_SEO_Keyword_Universe_Dubai.xlsx,,GENERATED TAXONOMY,,,,,Broad commercial,Rolls-Royce service/repair discovery,/brands/rolls-royce-service-dubai,,EXISTING OWNER,One broad booking and directory owner,General repair
rolls royce service near me,rolls-royce service near me,Rolls-Royce,Master Keywords!A6343,DIGI-TEC_SEO_Keyword_Universe_Dubai.xlsx,,GENERATED TAXONOMY,,,,,Broad commercial,Rolls-Royce service/repair discovery,/brands/rolls-royce-service-dubai,,EXISTING OWNER,One broad booking and directory owner,General repair
rolls royce specialist,rolls-royce specialist,Rolls-Royce,Master Keywords!A6344,DIGI-TEC_SEO_Keyword_Universe_Dubai.xlsx,,GENERATED TAXONOMY,,,,,Broad commercial,Rolls-Royce service/repair discovery,/brands/rolls-royce-service-dubai,,EXISTING OWNER,One broad booking and directory owner,General repair
rolls royce specialist near me,rolls-royce specialist near me,Rolls-Royce,Master Keywords!A6345,DIGI-TEC_SEO_Keyword_Universe_Dubai.xlsx,,GENERATED TAXONOMY,,,,,Broad commercial,Rolls-Royce service/repair discovery,/brands/rolls-royce-service-dubai,,EXISTING OWNER,One broad booking and directory owner,General repair
rolls royce workshop,rolls-royce workshop,Rolls-Royce,Master Keywords!A6346,DIGI-TEC_SEO_Keyword_Universe_Dubai.xlsx,,GENERATED TAXONOMY,,,,,Broad commercial,Rolls-Royce service/repair discovery,/brands/rolls-royce-service-dubai,,EXISTING OWNER,One broad booking and directory owner,General repair
rolls royce workshop near me,rolls-royce workshop near me,Rolls-Royce,Master Keywords!A6347,DIGI-TEC_SEO_Keyword_Universe_Dubai.xlsx,,GENERATED TAXONOMY,,,,,Broad commercial,Rolls-Royce service/repair discovery,/brands/rolls-royce-service-dubai,,EXISTING OWNER,One broad booking and directory owner,General repair
rolls royce android auto upgrade,rolls-royce android auto upgrade,Rolls-Royce,Master Keywords!A6348,DIGI-TEC_SEO_Keyword_Universe_Dubai.xlsx,,GENERATED TAXONOMY,,,,,Broad commercial,Rolls-Royce service/repair discovery,/brands/rolls-royce-service-dubai,,EXISTING OWNER,One broad booking and directory owner,Infotainment & electronics
rolls royce android auto upgrade dubai,rolls-royce android auto upgrade dubai,Rolls-Royce,Master Keywords!A6349,DIGI-TEC_SEO_Keyword_Universe_Dubai.xlsx,,GENERATED TAXONOMY,,,,,Broad commercial,Rolls-Royce service/repair discovery,/brands/rolls-royce-service-dubai,,EXISTING OWNER,One broad booking and directory owner,Infotainment & electronics
rolls royce apple carplay upgrade,rolls-royce apple carplay upgrade,Rolls-Royce,Master Keywords!A6350,DIGI-TEC_SEO_Keyword_Universe_Dubai.xlsx,,GENERATED TAXONOMY,,,,,Broad commercial,Rolls-Royce service/repair discovery,/brands/rolls-royce-service-dubai,,EXISTING OWNER,One broad booking and directory owner,Infotainment & electronics
rolls royce apple carplay upgrade dubai,rolls-royce apple carplay upgrade dubai,Rolls-Royce,Master Keywords!A6351,DIGI-TEC_SEO_Keyword_Universe_Dubai.xlsx,,GENERATED TAXONOMY,,,,,Broad commercial,Rolls-Royce service/repair discovery,/brands/rolls-royce-service-dubai,,EXISTING OWNER,One broad booking and directory owner,Infotainment & electronics
rolls royce camera not working,rolls-royce camera not working,Rolls-Royce,Master Keywords!A6352,DIGI-TEC_SEO_Keyword_Universe_Dubai.xlsx,,GENERATED TAXONOMY,,,,,Service section,Symptom assessment,/brands/rolls-royce-service-dubai/electrical-repair,/brands/rolls-royce-service-dubai,EXISTING OWNER,Existing service provides diagnostic path; no thin symptom URL,Infotainment & electronics
rolls royce camera not working dubai,rolls-royce camera not working dubai,Rolls-Royce,Master Keywords!A6353,DIGI-TEC_SEO_Keyword_Universe_Dubai.xlsx,,GENERATED TAXONOMY,,,,,Service section,Symptom assessment,/brands/rolls-royce-service-dubai/electrical-repair,/brands/rolls-royce-service-dubai,EXISTING OWNER,Existing service provides diagnostic path; no thin symptom URL,Infotainment & electronics
rolls royce head unit repair,rolls-royce head unit repair,Rolls-Royce,Master Keywords!A6354,DIGI-TEC_SEO_Keyword_Universe_Dubai.xlsx,,GENERATED TAXONOMY,,,,,Broad commercial,Rolls-Royce service/repair discovery,/brands/rolls-royce-service-dubai,,EXISTING OWNER,One broad booking and directory owner,Infotainment & electronics
rolls royce head unit repair dubai,rolls-royce head unit repair dubai,Rolls-Royce,Master Keywords!A6355,DIGI-TEC_SEO_Keyword_Universe_Dubai.xlsx,,GENERATED TAXONOMY,,,,,Broad commercial,Rolls-Royce service/repair discovery,/brands/rolls-royce-service-dubai,,EXISTING OWNER,One broad booking and directory owner,Infotainment & electronics
rolls royce infotainment repair,rolls-royce infotainment repair,Rolls-Royce,Master Keywords!A6356,DIGI-TEC_SEO_Keyword_Universe_Dubai.xlsx,,GENERATED TAXONOMY,,,,,Commercial service,Rolls-Royce Electrical assessment,/brands/rolls-royce-service-dubai/electrical-repair,/brands/rolls-royce-service-dubai,EXISTING OWNER,Existing brand-specific service; exact vehicle scope confirmed,Infotainment & electronics
rolls royce infotainment repair dubai,rolls-royce infotainment repair dubai,Rolls-Royce,Master Keywords!A6357,DIGI-TEC_SEO_Keyword_Universe_Dubai.xlsx,,GENERATED TAXONOMY,,,,,Commercial service,Rolls-Royce Electrical assessment,/brands/rolls-royce-service-dubai/electrical-repair,/brands/rolls-royce-service-dubai,EXISTING OWNER,Existing brand-specific service; exact vehicle scope confirmed,Infotainment & electronics
rolls royce instrument cluster repair,rolls-royce instrument cluster repair,Rolls-Royce,Master Keywords!A6358,DIGI-TEC_SEO_Keyword_Universe_Dubai.xlsx,,GENERATED TAXONOMY,,,,,Broad commercial,Rolls-Royce service/repair discovery,/brands/rolls-royce-service-dubai,,EXISTING OWNER,One broad booking and directory owner,Infotainment & electronics
rolls royce instrument cluster repair dubai,rolls-royce instrument cluster repair dubai,Rolls-Royce,Master Keywords!A6359,DIGI-TEC_SEO_Keyword_Universe_Dubai.xlsx,,GENERATED TAXONOMY,,,,,Broad commercial,Rolls-Royce service/repair discovery,/brands/rolls-royce-service-dubai,,EXISTING OWNER,One broad booking and directory owner,Infotainment & electronics
rolls royce navigation repair,rolls-royce navigation repair,Rolls-Royce,Master Keywords!A6360,DIGI-TEC_SEO_Keyword_Universe_Dubai.xlsx,,GENERATED TAXONOMY,,,,,Broad commercial,Rolls-Royce service/repair discovery,/brands/rolls-royce-service-dubai,,EXISTING OWNER,One broad booking and directory owner,Infotainment & electronics
rolls royce navigation repair dubai,rolls-royce navigation repair dubai,Rolls-Royce,Master Keywords!A6361,DIGI-TEC_SEO_Keyword_Universe_Dubai.xlsx,,GENERATED TAXONOMY,,,,,Broad commercial,Rolls-Royce service/repair discovery,/brands/rolls-royce-service-dubai,,EXISTING OWNER,One broad booking and directory owner,Infotainment & electronics
rolls royce reverse camera installation,rolls-royce reverse camera installation,Rolls-Royce,Master Keywords!A6362,DIGI-TEC_SEO_Keyword_Universe_Dubai.xlsx,,GENERATED TAXONOMY,,,,,Commercial service,Rolls-Royce Electrical assessment,/brands/rolls-royce-service-dubai/electrical-repair,/brands/rolls-royce-service-dubai,EXISTING OWNER,Existing brand-specific service; exact vehicle scope confirmed,Infotainment & electronics
rolls royce reverse camera installation dubai,rolls-royce reverse camera installation dubai,Rolls-Royce,Master Keywords!A6363,DIGI-TEC_SEO_Keyword_Universe_Dubai.xlsx,,GENERATED TAXONOMY,,,,,Commercial service,Rolls-Royce Electrical assessment,/brands/rolls-royce-service-dubai/electrical-repair,/brands/rolls-royce-service-dubai,EXISTING OWNER,Existing brand-specific service; exact vehicle scope confirmed,Infotainment & electronics
rolls royce reverse camera repair,rolls-royce reverse camera repair,Rolls-Royce,Master Keywords!A6364,DIGI-TEC_SEO_Keyword_Universe_Dubai.xlsx,,GENERATED TAXONOMY,,,,,Commercial service,Rolls-Royce Electrical assessment,/brands/rolls-royce-service-dubai/electrical-repair,/brands/rolls-royce-service-dubai,EXISTING OWNER,Existing brand-specific service; exact vehicle scope confirmed,Infotainment & electronics
rolls royce reverse camera repair dubai,rolls-royce reverse camera repair dubai,Rolls-Royce,Master Keywords!A6365,DIGI-TEC_SEO_Keyword_Universe_Dubai.xlsx,,GENERATED TAXONOMY,,,,,Commercial service,Rolls-Royce Electrical assessment,/brands/rolls-royce-service-dubai/electrical-repair,/brands/rolls-royce-service-dubai,EXISTING OWNER,Existing brand-specific service; exact vehicle scope confirmed,Infotainment & electronics
rolls royce screen repair,rolls-royce screen repair,Rolls-Royce,Master Keywords!A6366,DIGI-TEC_SEO_Keyword_Universe_Dubai.xlsx,,GENERATED TAXONOMY,,,,,Commercial service,Rolls-Royce Electrical assessment,/brands/rolls-royce-service-dubai/electrical-repair,/brands/rolls-royce-service-dubai,EXISTING OWNER,Existing brand-specific service; exact vehicle scope confirmed,Infotainment & electronics
rolls royce screen repair dubai,rolls-royce screen repair dubai,Rolls-Royce,Master Keywords!A6367,DIGI-TEC_SEO_Keyword_Universe_Dubai.xlsx,,GENERATED TAXONOMY,,,,,Commercial service,Rolls-Royce Electrical assessment,/brands/rolls-royce-service-dubai/electrical-repair,/brands/rolls-royce-service-dubai,EXISTING OWNER,Existing brand-specific service; exact vehicle scope confirmed,Infotainment & electronics
rolls royce screen replacement,rolls-royce screen replacement,Rolls-Royce,Master Keywords!A6368,DIGI-TEC_SEO_Keyword_Universe_Dubai.xlsx,,GENERATED TAXONOMY,,,,,Commercial service,Rolls-Royce Electrical assessment,/brands/rolls-royce-service-dubai/electrical-repair,/brands/rolls-royce-service-dubai,EXISTING OWNER,Existing brand-specific service; exact vehicle scope confirmed,Infotainment & electronics
rolls royce screen replacement dubai,rolls-royce screen replacement dubai,Rolls-Royce,Master Keywords!A6369,DIGI-TEC_SEO_Keyword_Universe_Dubai.xlsx,,GENERATED TAXONOMY,,,,,Commercial service,Rolls-Royce Electrical assessment,/brands/rolls-royce-service-dubai/electrical-repair,/brands/rolls-royce-service-dubai,EXISTING OWNER,Existing brand-specific service; exact vehicle scope confirmed,Infotainment & electronics
rolls royce sound system upgrade,rolls-royce sound system upgrade,Rolls-Royce,Master Keywords!A6370,DIGI-TEC_SEO_Keyword_Universe_Dubai.xlsx,,GENERATED TAXONOMY,,,,,Broad commercial,Rolls-Royce service/repair discovery,/brands/rolls-royce-service-dubai,,EXISTING OWNER,One broad booking and directory owner,Infotainment & electronics
rolls royce sound system upgrade dubai,rolls-royce sound system upgrade dubai,Rolls-Royce,Master Keywords!A6371,DIGI-TEC_SEO_Keyword_Universe_Dubai.xlsx,,GENERATED TAXONOMY,,,,,Broad commercial,Rolls-Royce service/repair discovery,/brands/rolls-royce-service-dubai,,EXISTING OWNER,One broad booking and directory owner,Infotainment & electronics
rolls royce stereo repair,rolls-royce stereo repair,Rolls-Royce,Master Keywords!A6372,DIGI-TEC_SEO_Keyword_Universe_Dubai.xlsx,,GENERATED TAXONOMY,,,,,Broad commercial,Rolls-Royce service/repair discovery,/brands/rolls-royce-service-dubai,,EXISTING OWNER,One broad booking and directory owner,Infotainment & electronics
rolls royce stereo repair dubai,rolls-royce stereo repair dubai,Rolls-Royce,Master Keywords!A6373,DIGI-TEC_SEO_Keyword_Universe_Dubai.xlsx,,GENERATED TAXONOMY,,,,,Broad commercial,Rolls-Royce service/repair discovery,/brands/rolls-royce-service-dubai,,EXISTING OWNER,One broad booking and directory owner,Infotainment & electronics
rolls royce stereo upgrade,rolls-royce stereo upgrade,Rolls-Royce,Master Keywords!A6374,DIGI-TEC_SEO_Keyword_Universe_Dubai.xlsx,,GENERATED TAXONOMY,,,,,Broad commercial,Rolls-Royce service/repair discovery,/brands/rolls-royce-service-dubai,,EXISTING OWNER,One broad booking and directory owner,Infotainment & electronics
rolls royce stereo upgrade dubai,rolls-royce stereo upgrade dubai,Rolls-Royce,Master Keywords!A6375,DIGI-TEC_SEO_Keyword_Universe_Dubai.xlsx,,GENERATED TAXONOMY,,,,,Broad commercial,Rolls-Royce service/repair discovery,/brands/rolls-royce-service-dubai,,EXISTING OWNER,One broad booking and directory owner,Infotainment & electronics
rolls royce touch screen repair,rolls-royce touch screen repair,Rolls-Royce,Master Keywords!A6376,DIGI-TEC_SEO_Keyword_Universe_Dubai.xlsx,,GENERATED TAXONOMY,,,,,Commercial service,Rolls-Royce Electrical assessment,/brands/rolls-royce-service-dubai/electrical-repair,/brands/rolls-royce-service-dubai,EXISTING OWNER,Existing brand-specific service; exact vehicle scope confirmed,Infotainment & electronics
rolls royce touch screen repair dubai,rolls-royce touch screen repair dubai,Rolls-Royce,Master Keywords!A6377,DIGI-TEC_SEO_Keyword_Universe_Dubai.xlsx,,GENERATED TAXONOMY,,,,,Commercial service,Rolls-Royce Electrical assessment,/brands/rolls-royce-service-dubai/electrical-repair,/brands/rolls-royce-service-dubai,EXISTING OWNER,Existing brand-specific service; exact vehicle scope confirmed,Infotainment & electronics
rolls royce car inspection,rolls-royce car inspection,Rolls-Royce,Master Keywords!A6378,DIGI-TEC_SEO_Keyword_Universe_Dubai.xlsx,,GENERATED TAXONOMY,,,,,Broad commercial,Rolls-Royce service/repair discovery,/brands/rolls-royce-service-dubai,,EXISTING OWNER,One broad booking and directory owner,Inspection
rolls royce car inspection dubai,rolls-royce car inspection dubai,Rolls-Royce,Master Keywords!A6379,DIGI-TEC_SEO_Keyword_Universe_Dubai.xlsx,,GENERATED TAXONOMY,,,,,Broad commercial,Rolls-Royce service/repair discovery,/brands/rolls-royce-service-dubai,,EXISTING OWNER,One broad booking and directory owner,Inspection
rolls royce ppi,rolls-royce ppi,Rolls-Royce,Master Keywords!A6380,DIGI-TEC_SEO_Keyword_Universe_Dubai.xlsx,,GENERATED TAXONOMY,,,,,Broad commercial,Rolls-Royce service/repair discovery,/brands/rolls-royce-service-dubai,,EXISTING OWNER,One broad booking and directory owner,Inspection
rolls royce ppi dubai,rolls-royce ppi dubai,Rolls-Royce,Master Keywords!A6381,DIGI-TEC_SEO_Keyword_Universe_Dubai.xlsx,,GENERATED TAXONOMY,,,,,Broad commercial,Rolls-Royce service/repair discovery,/brands/rolls-royce-service-dubai,,EXISTING OWNER,One broad booking and directory owner,Inspection
rolls royce pre purchase inspection,rolls-royce pre purchase inspection,Rolls-Royce,Master Keywords!A6382,DIGI-TEC_SEO_Keyword_Universe_Dubai.xlsx,,GENERATED TAXONOMY,,,,,Broad commercial,Rolls-Royce service/repair discovery,/brands/rolls-royce-service-dubai,,EXISTING OWNER,One broad booking and directory owner,Inspection
rolls royce pre purchase inspection dubai,rolls-royce pre purchase inspection dubai,Rolls-Royce,Master Keywords!A6383,DIGI-TEC_SEO_Keyword_Universe_Dubai.xlsx,,GENERATED TAXONOMY,,,,,Broad commercial,Rolls-Royce service/repair discovery,/brands/rolls-royce-service-dubai,,EXISTING OWNER,One broad booking and directory owner,Inspection
rolls royce used car inspection,rolls-royce used car inspection,Rolls-Royce,Master Keywords!A6384,DIGI-TEC_SEO_Keyword_Universe_Dubai.xlsx,,GENERATED TAXONOMY,,,,,Broad commercial,Rolls-Royce service/repair discovery,/brands/rolls-royce-service-dubai,,EXISTING OWNER,One broad booking and directory owner,Inspection
rolls royce used car inspection dubai,rolls-royce used car inspection dubai,Rolls-Royce,Master Keywords!A6385,DIGI-TEC_SEO_Keyword_Universe_Dubai.xlsx,,GENERATED TAXONOMY,,,,,Broad commercial,Rolls-Royce service/repair discovery,/brands/rolls-royce-service-dubai,,EXISTING OWNER,One broad booking and directory owner,Inspection
rolls royce vehicle inspection,rolls-royce vehicle inspection,Rolls-Royce,Master Keywords!A6386,DIGI-TEC_SEO_Keyword_Universe_Dubai.xlsx,,GENERATED TAXONOMY,,,,,Broad commercial,Rolls-Royce service/repair discovery,/brands/rolls-royce-service-dubai,,EXISTING OWNER,One broad booking and directory owner,Inspection
rolls royce vehicle inspection dubai,rolls-royce vehicle inspection dubai,Rolls-Royce,Master Keywords!A6387,DIGI-TEC_SEO_Keyword_Universe_Dubai.xlsx,,GENERATED TAXONOMY,,,,,Broad commercial,Rolls-Royce service/repair discovery,/brands/rolls-royce-service-dubai,,EXISTING OWNER,One broad booking and directory owner,Inspection
rolls royce dyno tuning,rolls-royce dyno tuning,Rolls-Royce,Master Keywords!A6388,DIGI-TEC_SEO_Keyword_Universe_Dubai.xlsx,,GENERATED TAXONOMY,,,,,Cross-brand commercial,Performance project,/tuning,/brands/rolls-royce-service-dubai,EXISTING OWNER,Existing tuning enquiry; exact application and gains unpromised,Performance
rolls royce dyno tuning dubai,rolls-royce dyno tuning dubai,Rolls-Royce,Master Keywords!A6389,DIGI-TEC_SEO_Keyword_Universe_Dubai.xlsx,,GENERATED TAXONOMY,,,,,Cross-brand commercial,Performance project,/tuning,/brands/rolls-royce-service-dubai,EXISTING OWNER,Existing tuning enquiry; exact application and gains unpromised,Performance
rolls royce ecu remap,rolls-royce ecu remap,Rolls-Royce,Master Keywords!A6390,DIGI-TEC_SEO_Keyword_Universe_Dubai.xlsx,,GENERATED TAXONOMY,,,,,Cross-brand commercial,Performance project,/tuning,/brands/rolls-royce-service-dubai,EXISTING OWNER,Existing tuning enquiry; exact application and gains unpromised,Performance
rolls royce ecu remap dubai,rolls-royce ecu remap dubai,Rolls-Royce,Master Keywords!A6391,DIGI-TEC_SEO_Keyword_Universe_Dubai.xlsx,,GENERATED TAXONOMY,,,,,Cross-brand commercial,Performance project,/tuning,/brands/rolls-royce-service-dubai,EXISTING OWNER,Existing tuning enquiry; exact application and gains unpromised,Performance
rolls royce ecu tuning,rolls-royce ecu tuning,Rolls-Royce,Master Keywords!A6392,DIGI-TEC_SEO_Keyword_Universe_Dubai.xlsx,,GENERATED TAXONOMY,,,,,Cross-brand commercial,Performance project,/tuning,/brands/rolls-royce-service-dubai,EXISTING OWNER,Existing tuning enquiry; exact application and gains unpromised,Performance
rolls royce ecu tuning dubai,rolls-royce ecu tuning dubai,Rolls-Royce,Master Keywords!A6393,DIGI-TEC_SEO_Keyword_Universe_Dubai.xlsx,,GENERATED TAXONOMY,,,,,Cross-brand commercial,Performance project,/tuning,/brands/rolls-royce-service-dubai,EXISTING OWNER,Existing tuning enquiry; exact application and gains unpromised,Performance
rolls royce performance tuning,rolls-royce performance tuning,Rolls-Royce,Master Keywords!A6394,DIGI-TEC_SEO_Keyword_Universe_Dubai.xlsx,,GENERATED TAXONOMY,,,,,Cross-brand commercial,Performance project,/tuning,/brands/rolls-royce-service-dubai,EXISTING OWNER,Existing tuning enquiry; exact application and gains unpromised,Performance
rolls royce performance tuning dubai,rolls-royce performance tuning dubai,Rolls-Royce,Master Keywords!A6395,DIGI-TEC_SEO_Keyword_Universe_Dubai.xlsx,,GENERATED TAXONOMY,,,,,Cross-brand commercial,Performance project,/tuning,/brands/rolls-royce-service-dubai,EXISTING OWNER,Existing tuning enquiry; exact application and gains unpromised,Performance
rolls royce performance upgrade,rolls-royce performance upgrade,Rolls-Royce,Master Keywords!A6396,DIGI-TEC_SEO_Keyword_Universe_Dubai.xlsx,,GENERATED TAXONOMY,,,,,Broad commercial,Rolls-Royce service/repair discovery,/brands/rolls-royce-service-dubai,,EXISTING OWNER,One broad booking and directory owner,Performance
rolls royce performance upgrade dubai,rolls-royce performance upgrade dubai,Rolls-Royce,Master Keywords!A6397,DIGI-TEC_SEO_Keyword_Universe_Dubai.xlsx,,GENERATED TAXONOMY,,,,,Broad commercial,Rolls-Royce service/repair discovery,/brands/rolls-royce-service-dubai,,EXISTING OWNER,One broad booking and directory owner,Performance
rolls royce stage 1 tuning,rolls-royce stage 1 tuning,Rolls-Royce,Master Keywords!A6398,DIGI-TEC_SEO_Keyword_Universe_Dubai.xlsx,,GENERATED TAXONOMY,,,,,Cross-brand commercial,Performance project,/tuning,/brands/rolls-royce-service-dubai,EXISTING OWNER,Existing tuning enquiry; exact application and gains unpromised,Performance
rolls royce stage 1 tuning dubai,rolls-royce stage 1 tuning dubai,Rolls-Royce,Master Keywords!A6399,DIGI-TEC_SEO_Keyword_Universe_Dubai.xlsx,,GENERATED TAXONOMY,,,,,Cross-brand commercial,Performance project,/tuning,/brands/rolls-royce-service-dubai,EXISTING OWNER,Existing tuning enquiry; exact application and gains unpromised,Performance
rolls royce stage 2 tuning,rolls-royce stage 2 tuning,Rolls-Royce,Master Keywords!A6400,DIGI-TEC_SEO_Keyword_Universe_Dubai.xlsx,,GENERATED TAXONOMY,,,,,Cross-brand commercial,Performance project,/tuning,/brands/rolls-royce-service-dubai,EXISTING OWNER,Existing tuning enquiry; exact application and gains unpromised,Performance
rolls royce stage 2 tuning dubai,rolls-royce stage 2 tuning dubai,Rolls-Royce,Master Keywords!A6401,DIGI-TEC_SEO_Keyword_Universe_Dubai.xlsx,,GENERATED TAXONOMY,,,,,Cross-brand commercial,Performance project,/tuning,/brands/rolls-royce-service-dubai,EXISTING OWNER,Existing tuning enquiry; exact application and gains unpromised,Performance
rolls royce turbo repair,rolls-royce turbo repair,Rolls-Royce,Master Keywords!A6402,DIGI-TEC_SEO_Keyword_Universe_Dubai.xlsx,,GENERATED TAXONOMY,,,,,Commercial service,Rolls-Royce Mechanical repair,/brands/rolls-royce-service-dubai/mechanical-repair,/brands/rolls-royce-service-dubai,EXISTING OWNER,Existing brand-specific service; exact vehicle scope confirmed,Performance
rolls royce turbo repair dubai,rolls-royce turbo repair dubai,Rolls-Royce,Master Keywords!A6403,DIGI-TEC_SEO_Keyword_Universe_Dubai.xlsx,,GENERATED TAXONOMY,,,,,Commercial service,Rolls-Royce Mechanical repair,/brands/rolls-royce-service-dubai/mechanical-repair,/brands/rolls-royce-service-dubai,EXISTING OWNER,Existing brand-specific service; exact vehicle scope confirmed,Performance
rolls royce turbo replacement,rolls-royce turbo replacement,Rolls-Royce,Master Keywords!A6404,DIGI-TEC_SEO_Keyword_Universe_Dubai.xlsx,,GENERATED TAXONOMY,,,,,Commercial service,Rolls-Royce Mechanical repair,/brands/rolls-royce-service-dubai/mechanical-repair,/brands/rolls-royce-service-dubai,EXISTING OWNER,Existing brand-specific service; exact vehicle scope confirmed,Performance
rolls royce turbo replacement dubai,rolls-royce turbo replacement dubai,Rolls-Royce,Master Keywords!A6405,DIGI-TEC_SEO_Keyword_Universe_Dubai.xlsx,,GENERATED TAXONOMY,,,,,Commercial service,Rolls-Royce Mechanical repair,/brands/rolls-royce-service-dubai/mechanical-repair,/brands/rolls-royce-service-dubai,EXISTING OWNER,Existing brand-specific service; exact vehicle scope confirmed,Performance
rolls royce turbo upgrade,rolls-royce turbo upgrade,Rolls-Royce,Master Keywords!A6406,DIGI-TEC_SEO_Keyword_Universe_Dubai.xlsx,,GENERATED TAXONOMY,,,,,Commercial service,Rolls-Royce Mechanical repair,/brands/rolls-royce-service-dubai/mechanical-repair,/brands/rolls-royce-service-dubai,EXISTING OWNER,Existing brand-specific service; exact vehicle scope confirmed,Performance
rolls royce turbo upgrade dubai,rolls-royce turbo upgrade dubai,Rolls-Royce,Master Keywords!A6407,DIGI-TEC_SEO_Keyword_Universe_Dubai.xlsx,,GENERATED TAXONOMY,,,,,Commercial service,Rolls-Royce Mechanical repair,/brands/rolls-royce-service-dubai/mechanical-repair,/brands/rolls-royce-service-dubai,EXISTING OWNER,Existing brand-specific service; exact vehicle scope confirmed,Performance
rolls royce car detailing,rolls-royce car detailing,Rolls-Royce,Master Keywords!A6408,DIGI-TEC_SEO_Keyword_Universe_Dubai.xlsx,,GENERATED TAXONOMY,,,,,Broad commercial,Rolls-Royce service/repair discovery,/brands/rolls-royce-service-dubai,,EXISTING OWNER,One broad booking and directory owner,Protection & detailing
rolls royce car detailing dubai,rolls-royce car detailing dubai,Rolls-Royce,Master Keywords!A6409,DIGI-TEC_SEO_Keyword_Universe_Dubai.xlsx,,GENERATED TAXONOMY,,,,,Broad commercial,Rolls-Royce service/repair discovery,/brands/rolls-royce-service-dubai,,EXISTING OWNER,One broad booking and directory owner,Protection & detailing
rolls royce car polishing,rolls-royce car polishing,Rolls-Royce,Master Keywords!A6410,DIGI-TEC_SEO_Keyword_Universe_Dubai.xlsx,,GENERATED TAXONOMY,,,,,Cross-brand commercial,Paint/protection task,/services/car-polishing-dubai,/brands/rolls-royce-service-dubai,EXISTING OWNER,Existing treatment owner; no brand × protection URL,Protection & detailing
rolls royce car polishing dubai,rolls-royce car polishing dubai,Rolls-Royce,Master Keywords!A6411,DIGI-TEC_SEO_Keyword_Universe_Dubai.xlsx,,GENERATED TAXONOMY,,,,,Cross-brand commercial,Paint/protection task,/services/car-polishing-dubai,/brands/rolls-royce-service-dubai,EXISTING OWNER,Existing treatment owner; no brand × protection URL,Protection & detailing
rolls royce ceramic coating,rolls-royce ceramic coating,Rolls-Royce,Master Keywords!A6412,DIGI-TEC_SEO_Keyword_Universe_Dubai.xlsx,,GENERATED TAXONOMY,,,,,Cross-brand commercial,Paint/protection task,/services/ceramic-coating,/brands/rolls-royce-service-dubai,EXISTING OWNER,Existing treatment owner; no brand × protection URL,Protection & detailing
rolls royce ceramic coating dubai,rolls-royce ceramic coating dubai,Rolls-Royce,Master Keywords!A6413,DIGI-TEC_SEO_Keyword_Universe_Dubai.xlsx,,GENERATED TAXONOMY,,,,,Cross-brand commercial,Paint/protection task,/services/ceramic-coating,/brands/rolls-royce-service-dubai,EXISTING OWNER,Existing treatment owner; no brand × protection URL,Protection & detailing
rolls royce paint correction,rolls-royce paint correction,Rolls-Royce,Master Keywords!A6414,DIGI-TEC_SEO_Keyword_Universe_Dubai.xlsx,,GENERATED TAXONOMY,,,,,Cross-brand commercial,Paint/protection task,/services/car-polishing-dubai,/brands/rolls-royce-service-dubai,EXISTING OWNER,Existing treatment owner; no brand × protection URL,Protection & detailing
rolls royce paint correction dubai,rolls-royce paint correction dubai,Rolls-Royce,Master Keywords!A6415,DIGI-TEC_SEO_Keyword_Universe_Dubai.xlsx,,GENERATED TAXONOMY,,,,,Cross-brand commercial,Paint/protection task,/services/car-polishing-dubai,/brands/rolls-royce-service-dubai,EXISTING OWNER,Existing treatment owner; no brand × protection URL,Protection & detailing
rolls royce paint protection coating,rolls-royce paint protection coating,Rolls-Royce,Master Keywords!A6416,DIGI-TEC_SEO_Keyword_Universe_Dubai.xlsx,,GENERATED TAXONOMY,,,,,Cross-brand commercial,Paint/protection task,/services/paint-protection-dubai,/brands/rolls-royce-service-dubai,EXISTING OWNER,Existing treatment owner; no brand × protection URL,Protection & detailing
rolls royce paint protection coating dubai,rolls-royce paint protection coating dubai,Rolls-Royce,Master Keywords!A6417,DIGI-TEC_SEO_Keyword_Universe_Dubai.xlsx,,GENERATED TAXONOMY,,,,,Cross-brand commercial,Paint/protection task,/services/paint-protection-dubai,/brands/rolls-royce-service-dubai,EXISTING OWNER,Existing treatment owner; no brand × protection URL,Protection & detailing
rolls royce paint protection film,rolls-royce paint protection film,Rolls-Royce,Master Keywords!A6418,DIGI-TEC_SEO_Keyword_Universe_Dubai.xlsx,,GENERATED TAXONOMY,,,,,Cross-brand commercial,Paint/protection task,/services/paint-protection-dubai,/brands/rolls-royce-service-dubai,EXISTING OWNER,Existing treatment owner; no brand × protection URL,Protection & detailing
rolls royce paint protection film dubai,rolls-royce paint protection film dubai,Rolls-Royce,Master Keywords!A6419,DIGI-TEC_SEO_Keyword_Universe_Dubai.xlsx,,GENERATED TAXONOMY,,,,,Cross-brand commercial,Paint/protection task,/services/paint-protection-dubai,/brands/rolls-royce-service-dubai,EXISTING OWNER,Existing treatment owner; no brand × protection URL,Protection & detailing
rolls royce ppf,rolls-royce ppf,Rolls-Royce,Master Keywords!A6420,DIGI-TEC_SEO_Keyword_Universe_Dubai.xlsx,,GENERATED TAXONOMY,,,,,Cross-brand commercial,Paint/protection task,/services/paint-protection-dubai,/brands/rolls-royce-service-dubai,EXISTING OWNER,Existing treatment owner; no brand × protection URL,Protection & detailing
rolls royce ppf dubai,rolls-royce ppf dubai,Rolls-Royce,Master Keywords!A6421,DIGI-TEC_SEO_Keyword_Universe_Dubai.xlsx,,GENERATED TAXONOMY,,,,,Cross-brand commercial,Paint/protection task,/services/paint-protection-dubai,/brands/rolls-royce-service-dubai,EXISTING OWNER,Existing treatment owner; no brand × protection URL,Protection & detailing
rolls royce ppf installation,rolls-royce ppf installation,Rolls-Royce,Master Keywords!A6422,DIGI-TEC_SEO_Keyword_Universe_Dubai.xlsx,,GENERATED TAXONOMY,,,,,Cross-brand commercial,Paint/protection task,/services/paint-protection-dubai,/brands/rolls-royce-service-dubai,EXISTING OWNER,Existing treatment owner; no brand × protection URL,Protection & detailing
rolls royce ppf installation dubai,rolls-royce ppf installation dubai,Rolls-Royce,Master Keywords!A6423,DIGI-TEC_SEO_Keyword_Universe_Dubai.xlsx,,GENERATED TAXONOMY,,,,,Cross-brand commercial,Paint/protection task,/services/paint-protection-dubai,/brands/rolls-royce-service-dubai,EXISTING OWNER,Existing treatment owner; no brand × protection URL,Protection & detailing
rolls royce window tinting,rolls-royce window tinting,Rolls-Royce,Master Keywords!A6424,DIGI-TEC_SEO_Keyword_Universe_Dubai.xlsx,,GENERATED TAXONOMY,,,,,Broad commercial,Rolls-Royce service/repair discovery,/brands/rolls-royce-service-dubai,,EXISTING OWNER,One broad booking and directory owner,Protection & detailing
rolls royce window tinting dubai,rolls-royce window tinting dubai,Rolls-Royce,Master Keywords!A6425,DIGI-TEC_SEO_Keyword_Universe_Dubai.xlsx,,GENERATED TAXONOMY,,,,,Broad commercial,Rolls-Royce service/repair discovery,/brands/rolls-royce-service-dubai,,EXISTING OWNER,One broad booking and directory owner,Protection & detailing
rolls royce air filter replacement,rolls-royce air filter replacement,Rolls-Royce,Master Keywords!A6426,DIGI-TEC_SEO_Keyword_Universe_Dubai.xlsx,,GENERATED TAXONOMY,,,,,Broad commercial,Rolls-Royce service/repair discovery,/brands/rolls-royce-service-dubai,,EXISTING OWNER,One broad booking and directory owner,Scheduled service
rolls royce air filter replacement dubai,rolls-royce air filter replacement dubai,Rolls-Royce,Master Keywords!A6427,DIGI-TEC_SEO_Keyword_Universe_Dubai.xlsx,,GENERATED TAXONOMY,,,,,Broad commercial,Rolls-Royce service/repair discovery,/brands/rolls-royce-service-dubai,,EXISTING OWNER,One broad booking and directory owner,Scheduled service
rolls royce cabin filter replacement,rolls-royce cabin filter replacement,Rolls-Royce,Master Keywords!A6428,DIGI-TEC_SEO_Keyword_Universe_Dubai.xlsx,,GENERATED TAXONOMY,,,,,Broad commercial,Rolls-Royce service/repair discovery,/brands/rolls-royce-service-dubai,,EXISTING OWNER,One broad booking and directory owner,Scheduled service
rolls royce cabin filter replacement dubai,rolls-royce cabin filter replacement dubai,Rolls-Royce,Master Keywords!A6429,DIGI-TEC_SEO_Keyword_Universe_Dubai.xlsx,,GENERATED TAXONOMY,,,,,Broad commercial,Rolls-Royce service/repair discovery,/brands/rolls-royce-service-dubai,,EXISTING OWNER,One broad booking and directory owner,Scheduled service
rolls royce major service,rolls-royce major service,Rolls-Royce,Master Keywords!A6430,DIGI-TEC_SEO_Keyword_Universe_Dubai.xlsx,,GENERATED TAXONOMY,,,,,Broad commercial,Rolls-Royce service/repair discovery,/brands/rolls-royce-service-dubai,,EXISTING OWNER,One broad booking and directory owner,Scheduled service
rolls royce major service dubai,rolls-royce major service dubai,Rolls-Royce,Master Keywords!A6431,DIGI-TEC_SEO_Keyword_Universe_Dubai.xlsx,,GENERATED TAXONOMY,,,,,Broad commercial,Rolls-Royce service/repair discovery,/brands/rolls-royce-service-dubai,,EXISTING OWNER,One broad booking and directory owner,Scheduled service
rolls royce minor service,rolls-royce minor service,Rolls-Royce,Master Keywords!A6432,DIGI-TEC_SEO_Keyword_Universe_Dubai.xlsx,,GENERATED TAXONOMY,,,,,Broad commercial,Rolls-Royce service/repair discovery,/brands/rolls-royce-service-dubai,,EXISTING OWNER,One broad booking and directory owner,Scheduled service
rolls royce minor service dubai,rolls-royce minor service dubai,Rolls-Royce,Master Keywords!A6433,DIGI-TEC_SEO_Keyword_Universe_Dubai.xlsx,,GENERATED TAXONOMY,,,,,Broad commercial,Rolls-Royce service/repair discovery,/brands/rolls-royce-service-dubai,,EXISTING OWNER,One broad booking and directory owner,Scheduled service
rolls royce oil change,rolls-royce oil change,Rolls-Royce,Master Keywords!A6434,DIGI-TEC_SEO_Keyword_Universe_Dubai.xlsx,,GENERATED TAXONOMY,,,,,Commercial service,Rolls-Royce Oil service,/brands/rolls-royce-service-dubai/oil-change,/brands/rolls-royce-service-dubai,EXISTING OWNER,Existing brand-specific service; exact vehicle scope confirmed,Scheduled service
rolls royce oil change dubai,rolls-royce oil change dubai,Rolls-Royce,Master Keywords!A6435,DIGI-TEC_SEO_Keyword_Universe_Dubai.xlsx,,GENERATED TAXONOMY,,,,,Commercial service,Rolls-Royce Oil service,/brands/rolls-royce-service-dubai/oil-change,/brands/rolls-royce-service-dubai,EXISTING OWNER,Existing brand-specific service; exact vehicle scope confirmed,Scheduled service
rolls royce oil change near me,rolls-royce oil change near me,Rolls-Royce,Master Keywords!A6436,DIGI-TEC_SEO_Keyword_Universe_Dubai.xlsx,,GENERATED TAXONOMY,,,,,Commercial service,Rolls-Royce Oil service,/brands/rolls-royce-service-dubai/oil-change,/brands/rolls-royce-service-dubai,EXISTING OWNER,Existing brand-specific service; exact vehicle scope confirmed,Scheduled service
rolls royce oil filter replacement,rolls-royce oil filter replacement,Rolls-Royce,Master Keywords!A6437,DIGI-TEC_SEO_Keyword_Universe_Dubai.xlsx,,GENERATED TAXONOMY,,,,,Commercial service,Rolls-Royce Oil service,/brands/rolls-royce-service-dubai/oil-change,/brands/rolls-royce-service-dubai,EXISTING OWNER,Existing brand-specific service; exact vehicle scope confirmed,Scheduled service
rolls royce oil filter replacement dubai,rolls-royce oil filter replacement dubai,Rolls-Royce,Master Keywords!A6438,DIGI-TEC_SEO_Keyword_Universe_Dubai.xlsx,,GENERATED TAXONOMY,,,,,Commercial service,Rolls-Royce Oil service,/brands/rolls-royce-service-dubai/oil-change,/brands/rolls-royce-service-dubai,EXISTING OWNER,Existing brand-specific service; exact vehicle scope confirmed,Scheduled service
rolls royce periodic service,rolls-royce periodic service,Rolls-Royce,Master Keywords!A6439,DIGI-TEC_SEO_Keyword_Universe_Dubai.xlsx,,GENERATED TAXONOMY,,,,,Broad commercial,Rolls-Royce service/repair discovery,/brands/rolls-royce-service-dubai,,EXISTING OWNER,One broad booking and directory owner,Scheduled service
rolls royce periodic service dubai,rolls-royce periodic service dubai,Rolls-Royce,Master Keywords!A6440,DIGI-TEC_SEO_Keyword_Universe_Dubai.xlsx,,GENERATED TAXONOMY,,,,,Broad commercial,Rolls-Royce service/repair discovery,/brands/rolls-royce-service-dubai,,EXISTING OWNER,One broad booking and directory owner,Scheduled service
rolls royce scheduled maintenance,rolls-royce scheduled maintenance,Rolls-Royce,Master Keywords!A6441,DIGI-TEC_SEO_Keyword_Universe_Dubai.xlsx,,GENERATED TAXONOMY,,,,,Informational,Maintenance planning,/blog/rolls-royce-best-workshop-dubai,/brands/rolls-royce-service-dubai,EXISTING OWNER,Existing guide supports broad hub booking,Scheduled service
rolls royce scheduled maintenance dubai,rolls-royce scheduled maintenance dubai,Rolls-Royce,Master Keywords!A6442,DIGI-TEC_SEO_Keyword_Universe_Dubai.xlsx,,GENERATED TAXONOMY,,,,,Informational,Maintenance planning,/blog/rolls-royce-best-workshop-dubai,/brands/rolls-royce-service-dubai,EXISTING OWNER,Existing guide supports broad hub booking,Scheduled service
rolls royce service package,rolls-royce service package,Rolls-Royce,Master Keywords!A6443,DIGI-TEC_SEO_Keyword_Universe_Dubai.xlsx,,GENERATED TAXONOMY,,,,,Broad commercial,Rolls-Royce service/repair discovery,/brands/rolls-royce-service-dubai,,EXISTING OWNER,One broad booking and directory owner,Scheduled service
rolls royce service package dubai,rolls-royce service package dubai,Rolls-Royce,Master Keywords!A6444,DIGI-TEC_SEO_Keyword_Universe_Dubai.xlsx,,GENERATED TAXONOMY,,,,,Broad commercial,Rolls-Royce service/repair discovery,/brands/rolls-royce-service-dubai,,EXISTING OWNER,One broad booking and directory owner,Scheduled service
rolls royce spark plug replacement,rolls-royce spark plug replacement,Rolls-Royce,Master Keywords!A6445,DIGI-TEC_SEO_Keyword_Universe_Dubai.xlsx,,GENERATED TAXONOMY,,,,,Broad commercial,Rolls-Royce service/repair discovery,/brands/rolls-royce-service-dubai,,EXISTING OWNER,One broad booking and directory owner,Scheduled service
rolls royce spark plug replacement dubai,rolls-royce spark plug replacement dubai,Rolls-Royce,Master Keywords!A6446,DIGI-TEC_SEO_Keyword_Universe_Dubai.xlsx,,GENERATED TAXONOMY,,,,,Broad commercial,Rolls-Royce service/repair discovery,/brands/rolls-royce-service-dubai,,EXISTING OWNER,One broad booking and directory owner,Scheduled service
rolls royce power steering pump replacement,rolls-royce power steering pump replacement,Rolls-Royce,Master Keywords!A6447,DIGI-TEC_SEO_Keyword_Universe_Dubai.xlsx,,GENERATED TAXONOMY,,,,,Commercial service,Rolls-Royce Steering repair,/brands/rolls-royce-service-dubai/steering-repair,/brands/rolls-royce-service-dubai,EXISTING OWNER,Existing brand-specific service; exact vehicle scope confirmed,Steering
rolls royce power steering pump replacement dubai,rolls-royce power steering pump replacement dubai,Rolls-Royce,Master Keywords!A6448,DIGI-TEC_SEO_Keyword_Universe_Dubai.xlsx,,GENERATED TAXONOMY,,,,,Commercial service,Rolls-Royce Steering repair,/brands/rolls-royce-service-dubai/steering-repair,/brands/rolls-royce-service-dubai,EXISTING OWNER,Existing brand-specific service; exact vehicle scope confirmed,Steering
rolls royce power steering repair,rolls-royce power steering repair,Rolls-Royce,Master Keywords!A6449,DIGI-TEC_SEO_Keyword_Universe_Dubai.xlsx,,GENERATED TAXONOMY,,,,,Commercial service,Rolls-Royce Steering repair,/brands/rolls-royce-service-dubai/steering-repair,/brands/rolls-royce-service-dubai,EXISTING OWNER,Existing brand-specific service; exact vehicle scope confirmed,Steering
rolls royce power steering repair dubai,rolls-royce power steering repair dubai,Rolls-Royce,Master Keywords!A6450,DIGI-TEC_SEO_Keyword_Universe_Dubai.xlsx,,GENERATED TAXONOMY,,,,,Commercial service,Rolls-Royce Steering repair,/brands/rolls-royce-service-dubai/steering-repair,/brands/rolls-royce-service-dubai,EXISTING OWNER,Existing brand-specific service; exact vehicle scope confirmed,Steering
rolls royce steering noise repair,rolls-royce steering noise repair,Rolls-Royce,Master Keywords!A6451,DIGI-TEC_SEO_Keyword_Universe_Dubai.xlsx,,GENERATED TAXONOMY,,,,,Commercial service,Rolls-Royce Steering repair,/brands/rolls-royce-service-dubai/steering-repair,/brands/rolls-royce-service-dubai,EXISTING OWNER,Existing brand-specific service; exact vehicle scope confirmed,Steering
rolls royce steering noise repair dubai,rolls-royce steering noise repair dubai,Rolls-Royce,Master Keywords!A6452,DIGI-TEC_SEO_Keyword_Universe_Dubai.xlsx,,GENERATED TAXONOMY,,,,,Commercial service,Rolls-Royce Steering repair,/brands/rolls-royce-service-dubai/steering-repair,/brands/rolls-royce-service-dubai,EXISTING OWNER,Existing brand-specific service; exact vehicle scope confirmed,Steering
rolls royce steering rack repair,rolls-royce steering rack repair,Rolls-Royce,Master Keywords!A6453,DIGI-TEC_SEO_Keyword_Universe_Dubai.xlsx,,GENERATED TAXONOMY,,,,,Commercial service,Rolls-Royce Steering repair,/brands/rolls-royce-service-dubai/steering-repair,/brands/rolls-royce-service-dubai,EXISTING OWNER,Existing brand-specific service; exact vehicle scope confirmed,Steering
rolls royce steering rack repair dubai,rolls-royce steering rack repair dubai,Rolls-Royce,Master Keywords!A6454,DIGI-TEC_SEO_Keyword_Universe_Dubai.xlsx,,GENERATED TAXONOMY,,,,,Commercial service,Rolls-Royce Steering repair,/brands/rolls-royce-service-dubai/steering-repair,/brands/rolls-royce-service-dubai,EXISTING OWNER,Existing brand-specific service; exact vehicle scope confirmed,Steering
rolls royce steering rack replacement,rolls-royce steering rack replacement,Rolls-Royce,Master Keywords!A6455,DIGI-TEC_SEO_Keyword_Universe_Dubai.xlsx,,GENERATED TAXONOMY,,,,,Commercial service,Rolls-Royce Steering repair,/brands/rolls-royce-service-dubai/steering-repair,/brands/rolls-royce-service-dubai,EXISTING OWNER,Existing brand-specific service; exact vehicle scope confirmed,Steering
rolls royce steering rack replacement dubai,rolls-royce steering rack replacement dubai,Rolls-Royce,Master Keywords!A6456,DIGI-TEC_SEO_Keyword_Universe_Dubai.xlsx,,GENERATED TAXONOMY,,,,,Commercial service,Rolls-Royce Steering repair,/brands/rolls-royce-service-dubai/steering-repair,/brands/rolls-royce-service-dubai,EXISTING OWNER,Existing brand-specific service; exact vehicle scope confirmed,Steering
rolls royce steering repair,rolls-royce steering repair,Rolls-Royce,Master Keywords!A6457,DIGI-TEC_SEO_Keyword_Universe_Dubai.xlsx,,GENERATED TAXONOMY,,,,,Commercial service,Rolls-Royce Steering repair,/brands/rolls-royce-service-dubai/steering-repair,/brands/rolls-royce-service-dubai,EXISTING OWNER,Existing brand-specific service; exact vehicle scope confirmed,Steering
rolls royce steering repair dubai,rolls-royce steering repair dubai,Rolls-Royce,Master Keywords!A6458,DIGI-TEC_SEO_Keyword_Universe_Dubai.xlsx,,GENERATED TAXONOMY,,,,,Commercial service,Rolls-Royce Steering repair,/brands/rolls-royce-service-dubai/steering-repair,/brands/rolls-royce-service-dubai,EXISTING OWNER,Existing brand-specific service; exact vehicle scope confirmed,Steering
rolls royce wheel alignment,rolls-royce wheel alignment,Rolls-Royce,Master Keywords!A6459,DIGI-TEC_SEO_Keyword_Universe_Dubai.xlsx,,GENERATED TAXONOMY,,,,,Commercial service,Rolls-Royce Tyre/wheel service,/brands/rolls-royce-service-dubai/tire-repair,/brands/rolls-royce-service-dubai,EXISTING OWNER,Existing brand-specific service; exact vehicle scope confirmed,Steering
rolls royce wheel alignment dubai,rolls-royce wheel alignment dubai,Rolls-Royce,Master Keywords!A6460,DIGI-TEC_SEO_Keyword_Universe_Dubai.xlsx,,GENERATED TAXONOMY,,,,,Commercial service,Rolls-Royce Tyre/wheel service,/brands/rolls-royce-service-dubai/tire-repair,/brands/rolls-royce-service-dubai,EXISTING OWNER,Existing brand-specific service; exact vehicle scope confirmed,Steering
rolls royce air suspension compressor replacement,rolls-royce air suspension compressor replacement,Rolls-Royce,Master Keywords!A6461,DIGI-TEC_SEO_Keyword_Universe_Dubai.xlsx,,GENERATED TAXONOMY,,,,,Commercial service,Rolls-Royce Suspension repair,/brands/rolls-royce-service-dubai/suspension-repair,/brands/rolls-royce-service-dubai,EXISTING OWNER,Existing brand-specific service; exact vehicle scope confirmed,Suspension
rolls royce air suspension repair,rolls-royce air suspension repair,Rolls-Royce,Master Keywords!A6462,DIGI-TEC_SEO_Keyword_Universe_Dubai.xlsx,,GENERATED TAXONOMY,,,,,Commercial service,Rolls-Royce Suspension repair,/brands/rolls-royce-service-dubai/suspension-repair,/brands/rolls-royce-service-dubai,EXISTING OWNER,Existing brand-specific service; exact vehicle scope confirmed,Suspension
rolls royce bushing replacement,rolls-royce bushing replacement,Rolls-Royce,Master Keywords!A6463,DIGI-TEC_SEO_Keyword_Universe_Dubai.xlsx,,GENERATED TAXONOMY,,,,,Commercial service,Rolls-Royce Suspension repair,/brands/rolls-royce-service-dubai/suspension-repair,/brands/rolls-royce-service-dubai,EXISTING OWNER,Existing brand-specific service; exact vehicle scope confirmed,Suspension
rolls royce control arm replacement,rolls-royce control arm replacement,Rolls-Royce,Master Keywords!A6464,DIGI-TEC_SEO_Keyword_Universe_Dubai.xlsx,,GENERATED TAXONOMY,,,,,Commercial service,Rolls-Royce Suspension repair,/brands/rolls-royce-service-dubai/suspension-repair,/brands/rolls-royce-service-dubai,EXISTING OWNER,Existing brand-specific service; exact vehicle scope confirmed,Suspension
rolls royce ride height adjustment,rolls-royce ride height adjustment,Rolls-Royce,Master Keywords!A6465,DIGI-TEC_SEO_Keyword_Universe_Dubai.xlsx,,GENERATED TAXONOMY,,,,,Commercial service,Rolls-Royce Suspension repair,/brands/rolls-royce-service-dubai/suspension-repair,/brands/rolls-royce-service-dubai,EXISTING OWNER,Existing brand-specific service; exact vehicle scope confirmed,Suspension
rolls royce shock absorber replacement,rolls-royce shock absorber replacement,Rolls-Royce,Master Keywords!A6466,DIGI-TEC_SEO_Keyword_Universe_Dubai.xlsx,,GENERATED TAXONOMY,,,,,Commercial service,Rolls-Royce Suspension repair,/brands/rolls-royce-service-dubai/suspension-repair,/brands/rolls-royce-service-dubai,EXISTING OWNER,Existing brand-specific service; exact vehicle scope confirmed,Suspension
rolls royce strut replacement,rolls-royce strut replacement,Rolls-Royce,Master Keywords!A6467,DIGI-TEC_SEO_Keyword_Universe_Dubai.xlsx,,GENERATED TAXONOMY,,,,,Broad commercial,Rolls-Royce service/repair discovery,/brands/rolls-royce-service-dubai,,EXISTING OWNER,One broad booking and directory owner,Suspension
rolls royce suspension noise repair,rolls-royce suspension noise repair,Rolls-Royce,Master Keywords!A6468,DIGI-TEC_SEO_Keyword_Universe_Dubai.xlsx,,GENERATED TAXONOMY,,,,,Commercial service,Rolls-Royce Suspension repair,/brands/rolls-royce-service-dubai/suspension-repair,/brands/rolls-royce-service-dubai,EXISTING OWNER,Existing brand-specific service; exact vehicle scope confirmed,Suspension
rolls royce suspension repair,rolls-royce suspension repair,Rolls-Royce,Master Keywords!A6469,DIGI-TEC_SEO_Keyword_Universe_Dubai.xlsx,,GENERATED TAXONOMY,,,,,Commercial service,Rolls-Royce Suspension repair,/brands/rolls-royce-service-dubai/suspension-repair,/brands/rolls-royce-service-dubai,EXISTING OWNER,Existing brand-specific service; exact vehicle scope confirmed,Suspension
rolls royce suspension repair near me,rolls-royce suspension repair near me,Rolls-Royce,Master Keywords!A6470,DIGI-TEC_SEO_Keyword_Universe_Dubai.xlsx,,GENERATED TAXONOMY,,,,,Commercial service,Rolls-Royce Suspension repair,/brands/rolls-royce-service-dubai/suspension-repair,/brands/rolls-royce-service-dubai,EXISTING OWNER,Existing brand-specific service; exact vehicle scope confirmed,Suspension
rolls royce suspension warning light,rolls-royce suspension warning light,Rolls-Royce,Master Keywords!A6471,DIGI-TEC_SEO_Keyword_Universe_Dubai.xlsx,,GENERATED TAXONOMY,,,,,Service section,Symptom assessment,/brands/rolls-royce-service-dubai/suspension-repair,/brands/rolls-royce-service-dubai,EXISTING OWNER,Existing service provides diagnostic path; no thin symptom URL,Suspension
rolls royce gear shifting problem,rolls-royce gear shifting problem,Rolls-Royce,Master Keywords!A6472,DIGI-TEC_SEO_Keyword_Universe_Dubai.xlsx,,GENERATED TAXONOMY,,,,,Broad commercial,Rolls-Royce service/repair discovery,/brands/rolls-royce-service-dubai,,EXISTING OWNER,One broad booking and directory owner,Transmission & gearbox
rolls royce gearbox oil change,rolls-royce gearbox oil change,Rolls-Royce,Master Keywords!A6473,DIGI-TEC_SEO_Keyword_Universe_Dubai.xlsx,,GENERATED TAXONOMY,,,,,Commercial service,Rolls-Royce Gearbox repair,/brands/rolls-royce-service-dubai/transmission-repair,/brands/rolls-royce-service-dubai,EXISTING OWNER,Existing brand-specific service; exact vehicle scope confirmed,Transmission & gearbox
rolls royce gearbox rebuild,rolls-royce gearbox rebuild,Rolls-Royce,Master Keywords!A6474,DIGI-TEC_SEO_Keyword_Universe_Dubai.xlsx,,GENERATED TAXONOMY,,,,,Commercial service,Rolls-Royce Gearbox repair,/brands/rolls-royce-service-dubai/transmission-repair,/brands/rolls-royce-service-dubai,EXISTING OWNER,Existing brand-specific service; exact vehicle scope confirmed,Transmission & gearbox
rolls royce gearbox repair,rolls-royce gearbox repair,Rolls-Royce,Master Keywords!A6475,DIGI-TEC_SEO_Keyword_Universe_Dubai.xlsx,,GENERATED TAXONOMY,,,,,Commercial service,Rolls-Royce Gearbox repair,/brands/rolls-royce-service-dubai/transmission-repair,/brands/rolls-royce-service-dubai,EXISTING OWNER,Existing brand-specific service; exact vehicle scope confirmed,Transmission & gearbox
rolls royce gearbox replacement,rolls-royce gearbox replacement,Rolls-Royce,Master Keywords!A6476,DIGI-TEC_SEO_Keyword_Universe_Dubai.xlsx,,GENERATED TAXONOMY,,,,,Commercial service,Rolls-Royce Gearbox repair,/brands/rolls-royce-service-dubai/transmission-repair,/brands/rolls-royce-service-dubai,EXISTING OWNER,Existing brand-specific service; exact vehicle scope confirmed,Transmission & gearbox
rolls royce gearbox service,rolls-royce gearbox service,Rolls-Royce,Master Keywords!A6477,DIGI-TEC_SEO_Keyword_Universe_Dubai.xlsx,,GENERATED TAXONOMY,,,,,Commercial service,Rolls-Royce Gearbox repair,/brands/rolls-royce-service-dubai/transmission-repair,/brands/rolls-royce-service-dubai,EXISTING OWNER,Existing brand-specific service; exact vehicle scope confirmed,Transmission & gearbox
rolls royce transmission leak repair,rolls-royce gearbox leak repair,Rolls-Royce,Master Keywords!A6478,DIGI-TEC_SEO_Keyword_Universe_Dubai.xlsx,,GENERATED TAXONOMY,,,,,Commercial service,Rolls-Royce Gearbox repair,/brands/rolls-royce-service-dubai/transmission-repair,/brands/rolls-royce-service-dubai,EXISTING OWNER,Existing brand-specific service; exact vehicle scope confirmed,Transmission & gearbox
rolls royce transmission oil change,rolls-royce gearbox oil change,Rolls-Royce,Master Keywords!A6479,DIGI-TEC_SEO_Keyword_Universe_Dubai.xlsx,,GENERATED TAXONOMY,,,,,Commercial service,Rolls-Royce Gearbox repair,/brands/rolls-royce-service-dubai/transmission-repair,/brands/rolls-royce-service-dubai,EXISTING OWNER,Existing brand-specific service; exact vehicle scope confirmed,Transmission & gearbox
rolls royce transmission rebuild,rolls-royce gearbox rebuild,Rolls-Royce,Master Keywords!A6480,DIGI-TEC_SEO_Keyword_Universe_Dubai.xlsx,,GENERATED TAXONOMY,,,,,Commercial service,Rolls-Royce Gearbox repair,/brands/rolls-royce-service-dubai/transmission-repair,/brands/rolls-royce-service-dubai,EXISTING OWNER,Existing brand-specific service; exact vehicle scope confirmed,Transmission & gearbox
rolls royce transmission repair,rolls-royce gearbox repair,Rolls-Royce,Master Keywords!A6481,DIGI-TEC_SEO_Keyword_Universe_Dubai.xlsx,,GENERATED TAXONOMY,,,,,Commercial service,Rolls-Royce Gearbox repair,/brands/rolls-royce-service-dubai/transmission-repair,/brands/rolls-royce-service-dubai,EXISTING OWNER,Existing brand-specific service; exact vehicle scope confirmed,Transmission & gearbox
rolls royce transmission repair near me,rolls-royce gearbox repair near me,Rolls-Royce,Master Keywords!A6482,DIGI-TEC_SEO_Keyword_Universe_Dubai.xlsx,,GENERATED TAXONOMY,,,,,Commercial service,Rolls-Royce Gearbox repair,/brands/rolls-royce-service-dubai/transmission-repair,/brands/rolls-royce-service-dubai,EXISTING OWNER,Existing brand-specific service; exact vehicle scope confirmed,Transmission & gearbox
rolls royce transmission replacement,rolls-royce gearbox replacement,Rolls-Royce,Master Keywords!A6483,DIGI-TEC_SEO_Keyword_Universe_Dubai.xlsx,,GENERATED TAXONOMY,,,,,Commercial service,Rolls-Royce Gearbox repair,/brands/rolls-royce-service-dubai/transmission-repair,/brands/rolls-royce-service-dubai,EXISTING OWNER,Existing brand-specific service; exact vehicle scope confirmed,Transmission & gearbox
rolls royce transmission service,rolls-royce gearbox service,Rolls-Royce,Master Keywords!A6484,DIGI-TEC_SEO_Keyword_Universe_Dubai.xlsx,,GENERATED TAXONOMY,,,,,Commercial service,Rolls-Royce Gearbox repair,/brands/rolls-royce-service-dubai/transmission-repair,/brands/rolls-royce-service-dubai,EXISTING OWNER,Existing brand-specific service; exact vehicle scope confirmed,Transmission & gearbox
rolls royce puncture repair,rolls-royce puncture repair,Rolls-Royce,Master Keywords!A6485,DIGI-TEC_SEO_Keyword_Universe_Dubai.xlsx,,GENERATED TAXONOMY,,,,,Commercial service,Rolls-Royce Tyre/wheel service,/brands/rolls-royce-service-dubai/tire-repair,/brands/rolls-royce-service-dubai,EXISTING OWNER,Existing brand-specific service; exact vehicle scope confirmed,Tyres & wheels
rolls royce puncture repair dubai,rolls-royce puncture repair dubai,Rolls-Royce,Master Keywords!A6486,DIGI-TEC_SEO_Keyword_Universe_Dubai.xlsx,,GENERATED TAXONOMY,,,,,Commercial service,Rolls-Royce Tyre/wheel service,/brands/rolls-royce-service-dubai/tire-repair,/brands/rolls-royce-service-dubai,EXISTING OWNER,Existing brand-specific service; exact vehicle scope confirmed,Tyres & wheels
rolls royce rim repair,rolls-royce rim repair,Rolls-Royce,Master Keywords!A6487,DIGI-TEC_SEO_Keyword_Universe_Dubai.xlsx,,GENERATED TAXONOMY,,,,,Commercial service,Rolls-Royce Tyre/wheel service,/brands/rolls-royce-service-dubai/tire-repair,/brands/rolls-royce-service-dubai,EXISTING OWNER,Existing brand-specific service; exact vehicle scope confirmed,Tyres & wheels
rolls royce rim repair dubai,rolls-royce rim repair dubai,Rolls-Royce,Master Keywords!A6488,DIGI-TEC_SEO_Keyword_Universe_Dubai.xlsx,,GENERATED TAXONOMY,,,,,Commercial service,Rolls-Royce Tyre/wheel service,/brands/rolls-royce-service-dubai/tire-repair,/brands/rolls-royce-service-dubai,EXISTING OWNER,Existing brand-specific service; exact vehicle scope confirmed,Tyres & wheels
rolls royce tire repair,rolls-royce tire repair,Rolls-Royce,Master Keywords!A6489,DIGI-TEC_SEO_Keyword_Universe_Dubai.xlsx,,GENERATED TAXONOMY,,,,,Commercial service,Rolls-Royce Tyre/wheel service,/brands/rolls-royce-service-dubai/tire-repair,/brands/rolls-royce-service-dubai,EXISTING OWNER,Existing brand-specific service; exact vehicle scope confirmed,Tyres & wheels
rolls royce tire repair dubai,rolls-royce tire repair dubai,Rolls-Royce,Master Keywords!A6490,DIGI-TEC_SEO_Keyword_Universe_Dubai.xlsx,,GENERATED TAXONOMY,,,,,Commercial service,Rolls-Royce Tyre/wheel service,/brands/rolls-royce-service-dubai/tire-repair,/brands/rolls-royce-service-dubai,EXISTING OWNER,Existing brand-specific service; exact vehicle scope confirmed,Tyres & wheels
rolls royce tire replacement,rolls-royce tire replacement,Rolls-Royce,Master Keywords!A6491,DIGI-TEC_SEO_Keyword_Universe_Dubai.xlsx,,GENERATED TAXONOMY,,,,,Commercial service,Rolls-Royce Tyre/wheel service,/brands/rolls-royce-service-dubai/tire-repair,/brands/rolls-royce-service-dubai,EXISTING OWNER,Existing brand-specific service; exact vehicle scope confirmed,Tyres & wheels
rolls royce tire replacement dubai,rolls-royce tire replacement dubai,Rolls-Royce,Master Keywords!A6492,DIGI-TEC_SEO_Keyword_Universe_Dubai.xlsx,,GENERATED TAXONOMY,,,,,Commercial service,Rolls-Royce Tyre/wheel service,/brands/rolls-royce-service-dubai/tire-repair,/brands/rolls-royce-service-dubai,EXISTING OWNER,Existing brand-specific service; exact vehicle scope confirmed,Tyres & wheels
rolls royce tyre repair,rolls-royce tyre repair,Rolls-Royce,Master Keywords!A6493,DIGI-TEC_SEO_Keyword_Universe_Dubai.xlsx,,GENERATED TAXONOMY,,,,,Commercial service,Rolls-Royce Tyre/wheel service,/brands/rolls-royce-service-dubai/tire-repair,/brands/rolls-royce-service-dubai,EXISTING OWNER,Existing brand-specific service; exact vehicle scope confirmed,Tyres & wheels
rolls royce tyre repair dubai,rolls-royce tyre repair dubai,Rolls-Royce,Master Keywords!A6494,DIGI-TEC_SEO_Keyword_Universe_Dubai.xlsx,,GENERATED TAXONOMY,,,,,Commercial service,Rolls-Royce Tyre/wheel service,/brands/rolls-royce-service-dubai/tire-repair,/brands/rolls-royce-service-dubai,EXISTING OWNER,Existing brand-specific service; exact vehicle scope confirmed,Tyres & wheels
rolls royce tyre replacement,rolls-royce tyre replacement,Rolls-Royce,Master Keywords!A6495,DIGI-TEC_SEO_Keyword_Universe_Dubai.xlsx,,GENERATED TAXONOMY,,,,,Commercial service,Rolls-Royce Tyre/wheel service,/brands/rolls-royce-service-dubai/tire-repair,/brands/rolls-royce-service-dubai,EXISTING OWNER,Existing brand-specific service; exact vehicle scope confirmed,Tyres & wheels
rolls royce tyre replacement dubai,rolls-royce tyre replacement dubai,Rolls-Royce,Master Keywords!A6496,DIGI-TEC_SEO_Keyword_Universe_Dubai.xlsx,,GENERATED TAXONOMY,,,,,Commercial service,Rolls-Royce Tyre/wheel service,/brands/rolls-royce-service-dubai/tire-repair,/brands/rolls-royce-service-dubai,EXISTING OWNER,Existing brand-specific service; exact vehicle scope confirmed,Tyres & wheels
rolls royce wheel balancing,rolls-royce wheel balancing,Rolls-Royce,Master Keywords!A6497,DIGI-TEC_SEO_Keyword_Universe_Dubai.xlsx,,GENERATED TAXONOMY,,,,,Commercial service,Rolls-Royce Tyre/wheel service,/brands/rolls-royce-service-dubai/tire-repair,/brands/rolls-royce-service-dubai,EXISTING OWNER,Existing brand-specific service; exact vehicle scope confirmed,Tyres & wheels
rolls royce wheel balancing dubai,rolls-royce wheel balancing dubai,Rolls-Royce,Master Keywords!A6498,DIGI-TEC_SEO_Keyword_Universe_Dubai.xlsx,,GENERATED TAXONOMY,,,,,Commercial service,Rolls-Royce Tyre/wheel service,/brands/rolls-royce-service-dubai/tire-repair,/brands/rolls-royce-service-dubai,EXISTING OWNER,Existing brand-specific service; exact vehicle scope confirmed,Tyres & wheels
rolls royce wheel repair,rolls-royce wheel repair,Rolls-Royce,Master Keywords!A6499,DIGI-TEC_SEO_Keyword_Universe_Dubai.xlsx,,GENERATED TAXONOMY,,,,,Commercial service,Rolls-Royce Tyre/wheel service,/brands/rolls-royce-service-dubai/tire-repair,/brands/rolls-royce-service-dubai,EXISTING OWNER,Existing brand-specific service; exact vehicle scope confirmed,Tyres & wheels
rolls royce wheel repair dubai,rolls-royce wheel repair dubai,Rolls-Royce,Master Keywords!A6500,DIGI-TEC_SEO_Keyword_Universe_Dubai.xlsx,,GENERATED TAXONOMY,,,,,Commercial service,Rolls-Royce Tyre/wheel service,/brands/rolls-royce-service-dubai/tire-repair,/brands/rolls-royce-service-dubai,EXISTING OWNER,Existing brand-specific service; exact vehicle scope confirmed,Tyres & wheels
rolls royce service dubai,rolls-royce service dubai,Rolls-Royce,GSC Opportunities!A33,DIGI-TEC_SEO_Keyword_Universe_Dubai.xlsx,2026-04-12 to 2026-09-25,MEASURED WORKBOOK,0,360,0,20.67,Broad commercial,Rolls-Royce service/repair discovery,/brands/rolls-royce-service-dubai,,EXISTING OWNER,One broad booking and directory owner,Opportunity sheet copy
rolls royce repair dubai,rolls-royce repair dubai,Rolls-Royce,GSC Opportunities!A56,DIGI-TEC_SEO_Keyword_Universe_Dubai.xlsx,2026-04-12 to 2026-09-25,MEASURED WORKBOOK,1,264,0.0038,22.66,Broad commercial,Rolls-Royce service/repair discovery,/brands/rolls-royce-service-dubai,,EXISTING OWNER,One broad booking and directory owner,Opportunity sheet copy
rolls royce service,rolls-royce service,Rolls-Royce,GSC Opportunities!A116,DIGI-TEC_SEO_Keyword_Universe_Dubai.xlsx,2026-04-12 to 2026-09-25,MEASURED WORKBOOK,1,154,0.006500000000000001,16.75,Broad commercial,Rolls-Royce service/repair discovery,/brands/rolls-royce-service-dubai,,EXISTING OWNER,One broad booking and directory owner,Opportunity sheet copy
rolls royce maintenance dubai,rolls-royce maintenance dubai,Rolls-Royce,GSC Opportunities!A159,DIGI-TEC_SEO_Keyword_Universe_Dubai.xlsx,2026-04-12 to 2026-09-25,MEASURED WORKBOOK,0,112,0,19.24,Informational,Maintenance planning,/blog/rolls-royce-best-workshop-dubai,/brands/rolls-royce-service-dubai,EXISTING OWNER,Existing guide supports broad hub booking,Opportunity sheet copy
rolls royce workshop dubai,rolls-royce workshop dubai,Rolls-Royce,GSC Opportunities!A173,DIGI-TEC_SEO_Keyword_Universe_Dubai.xlsx,2026-04-12 to 2026-09-25,MEASURED WORKBOOK,0,105,0,21.08,Broad commercial,Rolls-Royce service/repair discovery,/brands/rolls-royce-service-dubai,,EXISTING OWNER,One broad booking and directory owner,Opportunity sheet copy
rolls royce service center dubai,rolls-royce service center dubai,Rolls-Royce,GSC Opportunities!A178,DIGI-TEC_SEO_Keyword_Universe_Dubai.xlsx,2026-04-12 to 2026-09-25,MEASURED WORKBOOK,0,102,0,19.06,Broad commercial,Rolls-Royce service/repair discovery,/brands/rolls-royce-service-dubai,,EXISTING OWNER,One broad booking and directory owner,Opportunity sheet copy
rolls royce service center,rolls-royce service center,Rolls-Royce,GSC Opportunities!A188,DIGI-TEC_SEO_Keyword_Universe_Dubai.xlsx,2026-04-12 to 2026-09-25,MEASURED WORKBOOK,0,96,0,16.01,Broad commercial,Rolls-Royce service/repair discovery,/brands/rolls-royce-service-dubai,,EXISTING OWNER,One broad booking and directory owner,Opportunity sheet copy
rolls royce engine repair dubai,rolls-royce engine repair dubai,Rolls-Royce,GSC Opportunities!A193,DIGI-TEC_SEO_Keyword_Universe_Dubai.xlsx,2026-04-12 to 2026-09-25,MEASURED WORKBOOK,0,94,0,27.14,Commercial service,Rolls-Royce Mechanical repair,/brands/rolls-royce-service-dubai/mechanical-repair,/brands/rolls-royce-service-dubai,EXISTING OWNER,Existing brand-specific service; exact vehicle scope confirmed,Opportunity sheet copy
rolls royce repair in dubai,rolls-royce repair in dubai,Rolls-Royce,GSC Opportunities!A238,DIGI-TEC_SEO_Keyword_Universe_Dubai.xlsx,2026-04-12 to 2026-09-25,MEASURED WORKBOOK,0,81,0,26.36,Broad commercial,Rolls-Royce service/repair discovery,/brands/rolls-royce-service-dubai,,EXISTING OWNER,One broad booking and directory owner,Opportunity sheet copy
rolls royce suspension repair dubai,rolls-royce suspension repair dubai,Rolls-Royce,GSC Opportunities!A448,DIGI-TEC_SEO_Keyword_Universe_Dubai.xlsx,2026-04-12 to 2026-09-25,MEASURED WORKBOOK,0,41,0,22.76,Commercial service,Rolls-Royce Suspension repair,/brands/rolls-royce-service-dubai/suspension-repair,/brands/rolls-royce-service-dubai,EXISTING OWNER,Existing brand-specific service; exact vehicle scope confirmed,Opportunity sheet copy
rolls royce repair,rolls-royce repair,Rolls-Royce,GSC Opportunities!A547,DIGI-TEC_SEO_Keyword_Universe_Dubai.xlsx,2026-04-12 to 2026-09-25,MEASURED WORKBOOK,0,32,0,21.41,Broad commercial,Rolls-Royce service/repair discovery,/brands/rolls-royce-service-dubai,,EXISTING OWNER,One broad booking and directory owner,Opportunity sheet copy
rolls royce transmission repair dubai,rolls-royce gearbox repair dubai,Rolls-Royce,GSC Opportunities!A592,DIGI-TEC_SEO_Keyword_Universe_Dubai.xlsx,2026-04-12 to 2026-09-25,MEASURED WORKBOOK,0,29,0,13.1,Commercial service,Rolls-Royce Gearbox repair,/brands/rolls-royce-service-dubai/transmission-repair,/brands/rolls-royce-service-dubai,EXISTING OWNER,Existing brand-specific service; exact vehicle scope confirmed,Opportunity sheet copy
rolls royce car battery uae,rolls-royce car battery uae,Rolls-Royce,GSC Opportunities!A835,DIGI-TEC_SEO_Keyword_Universe_Dubai.xlsx,2026-04-12 to 2026-09-25,MEASURED WORKBOOK,0,20,0,66.95,Commercial service,Rolls-Royce Low-voltage battery assessment,/brands/rolls-royce-service-dubai/battery-replacement,/brands/rolls-royce-service-dubai,EXISTING OWNER,Existing brand-specific service; exact vehicle scope confirmed,Opportunity sheet copy
rolls-royce air suspension repair,rolls-royce air suspension repair,Rolls-Royce,Brand Specific Systems!B31,DIGI-TEC_SEO_Keyword_Universe_Dubai.xlsx,,RESEARCH KEYWORD,,,,,Commercial service,Rolls-Royce Suspension repair,/brands/rolls-royce-service-dubai/suspension-repair,/brands/rolls-royce-service-dubai,EXISTING OWNER,Existing brand-specific service; exact vehicle scope confirmed,System research suggestion
rolls-royce starlight headliner repair,rolls-royce starlight headliner repair,Rolls-Royce,Brand Specific Systems!B32,DIGI-TEC_SEO_Keyword_Universe_Dubai.xlsx,,RESEARCH KEYWORD,,,,,Broad commercial,Rolls-Royce service/repair discovery,/brands/rolls-royce-service-dubai,,EXISTING OWNER,One broad booking and directory owner,System research suggestion
rolls-royce spirit of ecstasy repair,rolls-royce spirit of ecstasy repair,Rolls-Royce,Brand Specific Systems!B33,DIGI-TEC_SEO_Keyword_Universe_Dubai.xlsx,,RESEARCH KEYWORD,,,,,Broad commercial,Rolls-Royce service/repair discovery,/brands/rolls-royce-service-dubai,,EXISTING OWNER,One broad booking and directory owner,System research suggestion
rolls-royce rolls royce diagnostic scan,rolls-royce rolls-royce diagnostic scan,Rolls-Royce,Brand Specific Systems!B34,DIGI-TEC_SEO_Keyword_Universe_Dubai.xlsx,,RESEARCH KEYWORD,,,,,Commercial service,Rolls-Royce Diagnostics,/brands/rolls-royce-service-dubai/engine-diagnostics,/brands/rolls-royce-service-dubai,EXISTING OWNER,Existing brand-specific service; exact vehicle scope confirmed,System research suggestion
rolls-royce soft close door repair,rolls-royce soft close door repair,Rolls-Royce,Brand Specific Systems!B35,DIGI-TEC_SEO_Keyword_Universe_Dubai.xlsx,,RESEARCH KEYWORD,,,,,Unverified service,Unverified exact function,,,NOT TARGETED — INTENTIONALLY,Keyword evidence does not establish exact workshop capability,System research suggestion
Rolls Royce service Dubai,rolls-royce service dubai,Rolls-Royce,B5 brief example #1,B5 user brief,,OTHER SOURCE — USER BRIEF EXAMPLE,,,,,Broad commercial,Rolls-Royce service/repair discovery,/brands/rolls-royce-service-dubai,,EXISTING OWNER,One broad booking and directory owner,"Candidate task, not measured demand"
Rolls-Royce repair Dubai,rolls-royce repair dubai,Rolls-Royce,B5 brief example #2,B5 user brief,,OTHER SOURCE — USER BRIEF EXAMPLE,,,,,Broad commercial,Rolls-Royce service/repair discovery,/brands/rolls-royce-service-dubai,,EXISTING OWNER,One broad booking and directory owner,"Candidate task, not measured demand"
Rolls Royce workshop Dubai,rolls-royce workshop dubai,Rolls-Royce,B5 brief example #3,B5 user brief,,OTHER SOURCE — USER BRIEF EXAMPLE,,,,,Broad commercial,Rolls-Royce service/repair discovery,/brands/rolls-royce-service-dubai,,EXISTING OWNER,One broad booking and directory owner,"Candidate task, not measured demand"
Rolls Royce diagnostics Dubai,rolls-royce diagnostics dubai,Rolls-Royce,B5 brief example #4,B5 user brief,,OTHER SOURCE — USER BRIEF EXAMPLE,,,,,Commercial service,Rolls-Royce Diagnostics,/brands/rolls-royce-service-dubai/engine-diagnostics,/brands/rolls-royce-service-dubai,EXISTING OWNER,Existing brand-specific service; exact vehicle scope confirmed,"Candidate task, not measured demand"
Rolls Royce suspension repair Dubai,rolls-royce suspension repair dubai,Rolls-Royce,B5 brief example #5,B5 user brief,,OTHER SOURCE — USER BRIEF EXAMPLE,,,,,Commercial service,Rolls-Royce Suspension repair,/brands/rolls-royce-service-dubai/suspension-repair,/brands/rolls-royce-service-dubai,EXISTING OWNER,Existing brand-specific service; exact vehicle scope confirmed,"Candidate task, not measured demand"
Rolls Royce air suspension repair,rolls-royce air suspension repair,Rolls-Royce,B5 brief example #6,B5 user brief,,OTHER SOURCE — USER BRIEF EXAMPLE,,,,,Commercial service,Rolls-Royce Suspension repair,/brands/rolls-royce-service-dubai/suspension-repair,/brands/rolls-royce-service-dubai,EXISTING OWNER,Existing brand-specific service; exact vehicle scope confirmed,"Candidate task, not measured demand"
Rolls Royce transmission repair Dubai,rolls-royce gearbox repair dubai,Rolls-Royce,B5 brief example #7,B5 user brief,,OTHER SOURCE — USER BRIEF EXAMPLE,,,,,Commercial service,Rolls-Royce Gearbox repair,/brands/rolls-royce-service-dubai/transmission-repair,/brands/rolls-royce-service-dubai,EXISTING OWNER,Existing brand-specific service; exact vehicle scope confirmed,"Candidate task, not measured demand"
Rolls Royce brake repair Dubai,rolls-royce brake repair dubai,Rolls-Royce,B5 brief example #8,B5 user brief,,OTHER SOURCE — USER BRIEF EXAMPLE,,,,,Commercial service,Rolls-Royce Brake repair,/brands/rolls-royce-service-dubai/brake-repair,/brands/rolls-royce-service-dubai,EXISTING OWNER,Existing brand-specific service; exact vehicle scope confirmed,"Candidate task, not measured demand"
Rolls Royce AC repair Dubai,rolls-royce ac repair dubai,Rolls-Royce,B5 brief example #9,B5 user brief,,OTHER SOURCE — USER BRIEF EXAMPLE,,,,,Commercial service,Rolls-Royce AC repair,/brands/rolls-royce-service-dubai/ac-repair,/brands/rolls-royce-service-dubai,EXISTING OWNER,Existing brand-specific service; exact vehicle scope confirmed,"Candidate task, not measured demand"
Rolls Royce battery replacement,rolls-royce battery replacement,Rolls-Royce,B5 brief example #10,B5 user brief,,OTHER SOURCE — USER BRIEF EXAMPLE,,,,,Commercial service,Rolls-Royce Low-voltage battery assessment,/brands/rolls-royce-service-dubai/battery-replacement,/brands/rolls-royce-service-dubai,EXISTING OWNER,Existing brand-specific service; exact vehicle scope confirmed,"Candidate task, not measured demand"
Rolls Royce camera fault,rolls-royce camera fault,Rolls-Royce,B5 brief example #11,B5 user brief,,OTHER SOURCE — USER BRIEF EXAMPLE,,,,,Commercial service,Rolls-Royce Electrical assessment,/brands/rolls-royce-service-dubai/electrical-repair,/brands/rolls-royce-service-dubai,EXISTING OWNER,Existing brand-specific service; exact vehicle scope confirmed,"Candidate task, not measured demand"
Rolls Royce Ghost service Dubai,rolls-royce ghost service dubai,Rolls-Royce,B5 brief example #12,B5 user brief,,OTHER SOURCE — USER BRIEF EXAMPLE,,,,,Model informational,Ghost model service,/blog/rolls-royce-ghost-service-dubai-guide,/brands/rolls-royce-service-dubai,EXISTING OWNER,Existing Ghost guide and contextual service links,"Candidate task, not measured demand"
Rolls Royce Cullinan service Dubai,rolls-royce cullinan service dubai,Rolls-Royce,B5 brief example #13,B5 user brief,,OTHER SOURCE — USER BRIEF EXAMPLE,,,,,Broad hub section,Other Rolls-Royce model enquiry,/brands/rolls-royce-service-dubai,,EXISTING OWNER,No dedicated model route; confirm exact powertrain and service scope,"Candidate task, not measured demand"
Rolls Royce Spectre service Dubai,rolls-royce spectre service dubai,Rolls-Royce,B5 brief example #14,B5 user brief,,OTHER SOURCE — USER BRIEF EXAMPLE,,,,,Broad hub section,Other Rolls-Royce model enquiry,/brands/rolls-royce-service-dubai,,EXISTING OWNER,No dedicated model route; confirm exact powertrain and service scope,"Candidate task, not measured demand"
Rolls Royce service cost Dubai,rolls-royce service cost dubai,Rolls-Royce,B5 brief example #15,B5 user brief,,OTHER SOURCE — USER BRIEF EXAMPLE,,,,,Informational,Maintenance/cost planning,/blog/rolls-royce-best-workshop-dubai,/brands/rolls-royce-service-dubai,EXISTING OWNER,Existing informational guide explains cost factors and vehicle-specific schedules,"Candidate task, not measured demand"
Rolls Royce maintenance interval,rolls-royce maintenance interval,Rolls-Royce,B5 brief example #16,B5 user brief,,OTHER SOURCE — USER BRIEF EXAMPLE,,,,,Informational,Maintenance/cost planning,/blog/rolls-royce-best-workshop-dubai,/brands/rolls-royce-service-dubai,EXISTING OWNER,Existing informational guide explains cost factors and vehicle-specific schedules,"Candidate task, not measured demand"
rolls royce service dubai,rolls-royce service dubai,Rolls-Royce,Queries!A36,digitecme.com-Performance-on-Search-2026-09-05.xlsx,2026-08-06 to 2026-09-02,MEASURED ORIGINAL GSC,0.0,155.0,0.0,19.21,Broad commercial,Rolls-Royce service/repair discovery,/brands/rolls-royce-service-dubai,,EXISTING OWNER,One broad booking and directory owner,Original GSC query export
rolls royce repair dubai,rolls-royce repair dubai,Rolls-Royce,Queries!A53,digitecme.com-Performance-on-Search-2026-09-05.xlsx,2026-08-06 to 2026-09-02,MEASURED ORIGINAL GSC,0.0,108.0,0.0,20.56,Broad commercial,Rolls-Royce service/repair discovery,/brands/rolls-royce-service-dubai,,EXISTING OWNER,One broad booking and directory owner,Original GSC query export
rolls royce service,rolls-royce service,Rolls-Royce,Queries!A82,digitecme.com-Performance-on-Search-2026-09-05.xlsx,2026-08-06 to 2026-09-02,MEASURED ORIGINAL GSC,0.0,67.0,0.0,19.27,Broad commercial,Rolls-Royce service/repair discovery,/brands/rolls-royce-service-dubai,,EXISTING OWNER,One broad booking and directory owner,Original GSC query export
rolls royce maintenance dubai,rolls-royce maintenance dubai,Rolls-Royce,Queries!A112,digitecme.com-Performance-on-Search-2026-09-05.xlsx,2026-08-06 to 2026-09-02,MEASURED ORIGINAL GSC,0.0,51.0,0.0,17.02,Informational,Maintenance planning,/blog/rolls-royce-best-workshop-dubai,/brands/rolls-royce-service-dubai,EXISTING OWNER,Existing guide supports broad hub booking,Original GSC query export
rolls royce service center,rolls-royce service center,Rolls-Royce,Queries!A168,digitecme.com-Performance-on-Search-2026-09-05.xlsx,2026-08-06 to 2026-09-02,MEASURED ORIGINAL GSC,0.0,37.0,0.0,16.38,Broad commercial,Rolls-Royce service/repair discovery,/brands/rolls-royce-service-dubai,,EXISTING OWNER,One broad booking and directory owner,Original GSC query export
rolls royce workshop dubai,rolls-royce workshop dubai,Rolls-Royce,Queries!A172,digitecme.com-Performance-on-Search-2026-09-05.xlsx,2026-08-06 to 2026-09-02,MEASURED ORIGINAL GSC,0.0,36.0,0.0,19.94,Broad commercial,Rolls-Royce service/repair discovery,/brands/rolls-royce-service-dubai,,EXISTING OWNER,One broad booking and directory owner,Original GSC query export
rolls royce service center dubai,rolls-royce service center dubai,Rolls-Royce,Queries!A173,digitecme.com-Performance-on-Search-2026-09-05.xlsx,2026-08-06 to 2026-09-02,MEASURED ORIGINAL GSC,0.0,36.0,0.0,23.47,Broad commercial,Rolls-Royce service/repair discovery,/brands/rolls-royce-service-dubai,,EXISTING OWNER,One broad booking and directory owner,Original GSC query export
rolls royce engine repair dubai,rolls-royce engine repair dubai,Rolls-Royce,Queries!A208,digitecme.com-Performance-on-Search-2026-09-05.xlsx,2026-08-06 to 2026-09-02,MEASURED ORIGINAL GSC,0.0,31.0,0.0,18.9,Commercial service,Rolls-Royce Mechanical repair,/brands/rolls-royce-service-dubai/mechanical-repair,/brands/rolls-royce-service-dubai,EXISTING OWNER,Existing brand-specific service; exact vehicle scope confirmed,Original GSC query export
rolls royce repair in dubai,rolls-royce repair in dubai,Rolls-Royce,Queries!A209,digitecme.com-Performance-on-Search-2026-09-05.xlsx,2026-08-06 to 2026-09-02,MEASURED ORIGINAL GSC,0.0,31.0,0.0,22.06,Broad commercial,Rolls-Royce service/repair discovery,/brands/rolls-royce-service-dubai,,EXISTING OWNER,One broad booking and directory owner,Original GSC query export
rolls royce transmission repair dubai,rolls-royce gearbox repair dubai,Rolls-Royce,Queries!A421,digitecme.com-Performance-on-Search-2026-09-05.xlsx,2026-08-06 to 2026-09-02,MEASURED ORIGINAL GSC,0.0,13.0,0.0,10.23,Commercial service,Rolls-Royce Gearbox repair,/brands/rolls-royce-service-dubai/transmission-repair,/brands/rolls-royce-service-dubai,EXISTING OWNER,Existing brand-specific service; exact vehicle scope confirmed,Original GSC query export
rolls royce suspension repair,rolls-royce suspension repair,Rolls-Royce,Queries!A958,digitecme.com-Performance-on-Search-2026-09-05.xlsx,2026-08-06 to 2026-09-02,MEASURED ORIGINAL GSC,0.0,4.0,0.0,6.75,Commercial service,Rolls-Royce Suspension repair,/brands/rolls-royce-service-dubai/suspension-repair,/brands/rolls-royce-service-dubai,EXISTING OWNER,Existing brand-specific service; exact vehicle scope confirmed,Original GSC query export
rolls royce repair,rolls-royce repair,Rolls-Royce,Queries!A989,digitecme.com-Performance-on-Search-2026-09-05.xlsx,2026-08-06 to 2026-09-02,MEASURED ORIGINAL GSC,0.0,4.0,0.0,10.5,Broad commercial,Rolls-Royce service/repair discovery,/brands/rolls-royce-service-dubai,,EXISTING OWNER,One broad booking and directory owner,Original GSC query export
rolls royce repair dubai,rolls-royce repair dubai,Rolls-Royce,Queries!A21,digitecme.com-Performance-on-Search-2026-09-08.xlsx,2026-06-07 to 2026-09-06,MEASURED ORIGINAL GSC,1.0,174.0,0.005699999999999999,25.63,Broad commercial,Rolls-Royce service/repair discovery,/brands/rolls-royce-service-dubai,,EXISTING OWNER,One broad booking and directory owner,Original GSC query export
rolls royce service dubai,rolls-royce service dubai,Rolls-Royce,Queries!A74,digitecme.com-Performance-on-Search-2026-09-08.xlsx,2026-06-07 to 2026-09-06,MEASURED ORIGINAL GSC,0.0,247.0,0.0,22.84,Broad commercial,Rolls-Royce service/repair discovery,/brands/rolls-royce-service-dubai,,EXISTING OWNER,One broad booking and directory owner,Original GSC query export
rolls royce service,rolls-royce service,Rolls-Royce,Queries!A179,digitecme.com-Performance-on-Search-2026-09-08.xlsx,2026-06-07 to 2026-09-06,MEASURED ORIGINAL GSC,0.0,89.0,0.0,19.29,Broad commercial,Rolls-Royce service/repair discovery,/brands/rolls-royce-service-dubai,,EXISTING OWNER,One broad booking and directory owner,Original GSC query export
rolls royce maintenance dubai,rolls-royce maintenance dubai,Rolls-Royce,Queries!A189,digitecme.com-Performance-on-Search-2026-09-08.xlsx,2026-06-07 to 2026-09-06,MEASURED ORIGINAL GSC,0.0,83.0,0.0,19.81,Informational,Maintenance planning,/blog/rolls-royce-best-workshop-dubai,/brands/rolls-royce-service-dubai,EXISTING OWNER,Existing guide supports broad hub booking,Original GSC query export
rolls royce engine repair dubai,rolls-royce engine repair dubai,Rolls-Royce,Queries!A213,digitecme.com-Performance-on-Search-2026-09-08.xlsx,2026-06-07 to 2026-09-06,MEASURED ORIGINAL GSC,0.0,73.0,0.0,28.04,Commercial service,Rolls-Royce Mechanical repair,/brands/rolls-royce-service-dubai/mechanical-repair,/brands/rolls-royce-service-dubai,EXISTING OWNER,Existing brand-specific service; exact vehicle scope confirmed,Original GSC query export
rolls royce workshop dubai,rolls-royce workshop dubai,Rolls-Royce,Queries!A221,digitecme.com-Performance-on-Search-2026-09-08.xlsx,2026-06-07 to 2026-09-06,MEASURED ORIGINAL GSC,0.0,69.0,0.0,23.39,Broad commercial,Rolls-Royce service/repair discovery,/brands/rolls-royce-service-dubai,,EXISTING OWNER,One broad booking and directory owner,Original GSC query export
rolls royce repair in dubai,rolls-royce repair in dubai,Rolls-Royce,Queries!A267,digitecme.com-Performance-on-Search-2026-09-08.xlsx,2026-06-07 to 2026-09-06,MEASURED ORIGINAL GSC,0.0,55.0,0.0,27.91,Broad commercial,Rolls-Royce service/repair discovery,/brands/rolls-royce-service-dubai,,EXISTING OWNER,One broad booking and directory owner,Original GSC query export
rolls royce service center,rolls-royce service center,Rolls-Royce,Queries!A279,digitecme.com-Performance-on-Search-2026-09-08.xlsx,2026-06-07 to 2026-09-06,MEASURED ORIGINAL GSC,0.0,53.0,0.0,16.53,Broad commercial,Rolls-Royce service/repair discovery,/brands/rolls-royce-service-dubai,,EXISTING OWNER,One broad booking and directory owner,Original GSC query export
rolls royce service center dubai,rolls-royce service center dubai,Rolls-Royce,Queries!A317,digitecme.com-Performance-on-Search-2026-09-08.xlsx,2026-06-07 to 2026-09-06,MEASURED ORIGINAL GSC,0.0,46.0,0.0,22.48,Broad commercial,Rolls-Royce service/repair discovery,/brands/rolls-royce-service-dubai,,EXISTING OWNER,One broad booking and directory owner,Original GSC query export
rolls royce transmission repair dubai,rolls-royce gearbox repair dubai,Rolls-Royce,Queries!A615,digitecme.com-Performance-on-Search-2026-09-08.xlsx,2026-06-07 to 2026-09-06,MEASURED ORIGINAL GSC,0.0,21.0,0.0,12.67,Commercial service,Rolls-Royce Gearbox repair,/brands/rolls-royce-service-dubai/transmission-repair,/brands/rolls-royce-service-dubai,EXISTING OWNER,Existing brand-specific service; exact vehicle scope confirmed,Original GSC query export
rolls royce repair,rolls-royce repair,Rolls-Royce,Queries!A854,digitecme.com-Performance-on-Search-2026-09-08.xlsx,2026-06-07 to 2026-09-06,MEASURED ORIGINAL GSC,0.0,14.0,0.0,37.71,Broad commercial,Rolls-Royce service/repair discovery,/brands/rolls-royce-service-dubai,,EXISTING OWNER,One broad booking and directory owner,Original GSC query export
rolls royce suspension repair dubai,rolls-royce suspension repair dubai,Rolls-Royce,Queries!A863,digitecme.com-Performance-on-Search-2026-09-08.xlsx,2026-06-07 to 2026-09-06,MEASURED ORIGINAL GSC,0.0,14.0,0.0,45.21,Commercial service,Rolls-Royce Suspension repair,/brands/rolls-royce-service-dubai/suspension-repair,/brands/rolls-royce-service-dubai,EXISTING OWNER,Existing brand-specific service; exact vehicle scope confirmed,Original GSC query export
rolls royce service dubai,rolls-royce service dubai,Rolls-Royce,Queries!A16,digitecme.com-Performance-on-Search-2026-09-13.xlsx,2026-09-05 to 2026-09-11,MEASURED ORIGINAL GSC,0.0,53.0,0.0,17.6,Broad commercial,Rolls-Royce service/repair discovery,/brands/rolls-royce-service-dubai,,EXISTING OWNER,One broad booking and directory owner,Original GSC query export
rolls royce service,rolls-royce service,Rolls-Royce,Queries!A55,digitecme.com-Performance-on-Search-2026-09-13.xlsx,2026-09-05 to 2026-09-11,MEASURED ORIGINAL GSC,0.0,25.0,0.0,18.12,Broad commercial,Rolls-Royce service/repair discovery,/brands/rolls-royce-service-dubai,,EXISTING OWNER,One broad booking and directory owner,Original GSC query export
rolls royce repair dubai,rolls-royce repair dubai,Rolls-Royce,Queries!A62,digitecme.com-Performance-on-Search-2026-09-13.xlsx,2026-09-05 to 2026-09-11,MEASURED ORIGINAL GSC,0.0,23.0,0.0,21.52,Broad commercial,Rolls-Royce service/repair discovery,/brands/rolls-royce-service-dubai,,EXISTING OWNER,One broad booking and directory owner,Original GSC query export
rolls royce service center,rolls-royce service center,Rolls-Royce,Queries!A88,digitecme.com-Performance-on-Search-2026-09-13.xlsx,2026-09-05 to 2026-09-11,MEASURED ORIGINAL GSC,0.0,17.0,0.0,16.06,Broad commercial,Rolls-Royce service/repair discovery,/brands/rolls-royce-service-dubai,,EXISTING OWNER,One broad booking and directory owner,Original GSC query export
rolls royce maintenance dubai,rolls-royce maintenance dubai,Rolls-Royce,Queries!A89,digitecme.com-Performance-on-Search-2026-09-13.xlsx,2026-09-05 to 2026-09-11,MEASURED ORIGINAL GSC,0.0,17.0,0.0,16.76,Informational,Maintenance planning,/blog/rolls-royce-best-workshop-dubai,/brands/rolls-royce-service-dubai,EXISTING OWNER,Existing guide supports broad hub booking,Original GSC query export
rolls royce service center dubai,rolls-royce service center dubai,Rolls-Royce,Queries!A90,digitecme.com-Performance-on-Search-2026-09-13.xlsx,2026-09-05 to 2026-09-11,MEASURED ORIGINAL GSC,0.0,17.0,0.0,20.65,Broad commercial,Rolls-Royce service/repair discovery,/brands/rolls-royce-service-dubai,,EXISTING OWNER,One broad booking and directory owner,Original GSC query export
rolls royce workshop dubai,rolls-royce workshop dubai,Rolls-Royce,Queries!A152,digitecme.com-Performance-on-Search-2026-09-13.xlsx,2026-09-05 to 2026-09-11,MEASURED ORIGINAL GSC,0.0,11.0,0.0,19.55,Broad commercial,Rolls-Royce service/repair discovery,/brands/rolls-royce-service-dubai,,EXISTING OWNER,One broad booking and directory owner,Original GSC query export
rolls royce repair in dubai,rolls-royce repair in dubai,Rolls-Royce,Queries!A174,digitecme.com-Performance-on-Search-2026-09-13.xlsx,2026-09-05 to 2026-09-11,MEASURED ORIGINAL GSC,0.0,10.0,0.0,27.0,Broad commercial,Rolls-Royce service/repair discovery,/brands/rolls-royce-service-dubai,,EXISTING OWNER,One broad booking and directory owner,Original GSC query export
rolls royce engine repair dubai,rolls-royce engine repair dubai,Rolls-Royce,Queries!A195,digitecme.com-Performance-on-Search-2026-09-13.xlsx,2026-09-05 to 2026-09-11,MEASURED ORIGINAL GSC,0.0,9.0,0.0,22.33,Commercial service,Rolls-Royce Mechanical repair,/brands/rolls-royce-service-dubai/mechanical-repair,/brands/rolls-royce-service-dubai,EXISTING OWNER,Existing brand-specific service; exact vehicle scope confirmed,Original GSC query export
rolls royce repair,rolls-royce repair,Rolls-Royce,Queries!A227,digitecme.com-Performance-on-Search-2026-09-13.xlsx,2026-09-05 to 2026-09-11,MEASURED ORIGINAL GSC,0.0,8.0,0.0,14.75,Broad commercial,Rolls-Royce service/repair discovery,/brands/rolls-royce-service-dubai,,EXISTING OWNER,One broad booking and directory owner,Original GSC query export
rolls royce suspension repair dubai,rolls-royce suspension repair dubai,Rolls-Royce,Queries!A321,digitecme.com-Performance-on-Search-2026-09-13.xlsx,2026-09-05 to 2026-09-11,MEASURED ORIGINAL GSC,0.0,6.0,0.0,13.33,Commercial service,Rolls-Royce Suspension repair,/brands/rolls-royce-service-dubai/suspension-repair,/brands/rolls-royce-service-dubai,EXISTING OWNER,Existing brand-specific service; exact vehicle scope confirmed,Original GSC query export
rolls royce transmission repair dubai,rolls-royce gearbox repair dubai,Rolls-Royce,Queries!A371,digitecme.com-Performance-on-Search-2026-09-13.xlsx,2026-09-05 to 2026-09-11,MEASURED ORIGINAL GSC,0.0,5.0,0.0,12.2,Commercial service,Rolls-Royce Gearbox repair,/brands/rolls-royce-service-dubai/transmission-repair,/brands/rolls-royce-service-dubai,EXISTING OWNER,Existing brand-specific service; exact vehicle scope confirmed,Original GSC query export
rolls royce oil change,rolls-royce oil change,Rolls-Royce,Queries!A446,digitecme.com-Performance-on-Search-2026-09-13.xlsx,2026-09-05 to 2026-09-11,MEASURED ORIGINAL GSC,0.0,4.0,0.0,12.25,Commercial service,Rolls-Royce Oil service,/brands/rolls-royce-service-dubai/oil-change,/brands/rolls-royce-service-dubai,EXISTING OWNER,Existing brand-specific service; exact vehicle scope confirmed,Original GSC query export
rolls royce suspension repair,rolls-royce suspension repair,Rolls-Royce,Queries!A769,digitecme.com-Performance-on-Search-2026-09-13.xlsx,2026-09-05 to 2026-09-11,MEASURED ORIGINAL GSC,0.0,2.0,0.0,27.0,Commercial service,Rolls-Royce Suspension repair,/brands/rolls-royce-service-dubai/suspension-repair,/brands/rolls-royce-service-dubai,EXISTING OWNER,Existing brand-specific service; exact vehicle scope confirmed,Original GSC query export
rolls royce service dubai,rolls-royce service dubai,Rolls-Royce,Queries!A16,digitecme.com-Performance-on-Search-2026-09-16.xlsx,2026-09-07 to 2026-09-13,MEASURED ORIGINAL GSC,0.0,50.0,0.0,18.32,Broad commercial,Rolls-Royce service/repair discovery,/brands/rolls-royce-service-dubai,,EXISTING OWNER,One broad booking and directory owner,Original GSC query export
rolls royce service,rolls-royce service,Rolls-Royce,Queries!A48,digitecme.com-Performance-on-Search-2026-09-16.xlsx,2026-09-07 to 2026-09-13,MEASURED ORIGINAL GSC,0.0,26.0,0.0,17.58,Broad commercial,Rolls-Royce service/repair discovery,/brands/rolls-royce-service-dubai,,EXISTING OWNER,One broad booking and directory owner,Original GSC query export
rolls royce repair dubai,rolls-royce repair dubai,Rolls-Royce,Queries!A49,digitecme.com-Performance-on-Search-2026-09-16.xlsx,2026-09-07 to 2026-09-13,MEASURED ORIGINAL GSC,0.0,26.0,0.0,20.42,Broad commercial,Rolls-Royce service/repair discovery,/brands/rolls-royce-service-dubai,,EXISTING OWNER,One broad booking and directory owner,Original GSC query export
rolls royce service center dubai,rolls-royce service center dubai,Rolls-Royce,Queries!A65,digitecme.com-Performance-on-Search-2026-09-16.xlsx,2026-09-07 to 2026-09-13,MEASURED ORIGINAL GSC,0.0,20.0,0.0,20.0,Broad commercial,Rolls-Royce service/repair discovery,/brands/rolls-royce-service-dubai,,EXISTING OWNER,One broad booking and directory owner,Original GSC query export
rolls royce maintenance dubai,rolls-royce maintenance dubai,Rolls-Royce,Queries!A92,digitecme.com-Performance-on-Search-2026-09-16.xlsx,2026-09-07 to 2026-09-13,MEASURED ORIGINAL GSC,0.0,15.0,0.0,18.73,Informational,Maintenance planning,/blog/rolls-royce-best-workshop-dubai,/brands/rolls-royce-service-dubai,EXISTING OWNER,Existing guide supports broad hub booking,Original GSC query export
rolls royce service center,rolls-royce service center,Rolls-Royce,Queries!A108,digitecme.com-Performance-on-Search-2026-09-16.xlsx,2026-09-07 to 2026-09-13,MEASURED ORIGINAL GSC,0.0,14.0,0.0,15.36,Broad commercial,Rolls-Royce service/repair discovery,/brands/rolls-royce-service-dubai,,EXISTING OWNER,One broad booking and directory owner,Original GSC query export
rolls royce repair in dubai,rolls-royce repair in dubai,Rolls-Royce,Queries!A121,digitecme.com-Performance-on-Search-2026-09-16.xlsx,2026-09-07 to 2026-09-13,MEASURED ORIGINAL GSC,0.0,13.0,0.0,25.38,Broad commercial,Rolls-Royce service/repair discovery,/brands/rolls-royce-service-dubai,,EXISTING OWNER,One broad booking and directory owner,Original GSC query export
rolls royce workshop dubai,rolls-royce workshop dubai,Rolls-Royce,Queries!A146,digitecme.com-Performance-on-Search-2026-09-16.xlsx,2026-09-07 to 2026-09-13,MEASURED ORIGINAL GSC,0.0,11.0,0.0,18.45,Broad commercial,Rolls-Royce service/repair discovery,/brands/rolls-royce-service-dubai,,EXISTING OWNER,One broad booking and directory owner,Original GSC query export
rolls royce engine repair dubai,rolls-royce engine repair dubai,Rolls-Royce,Queries!A168,digitecme.com-Performance-on-Search-2026-09-16.xlsx,2026-09-07 to 2026-09-13,MEASURED ORIGINAL GSC,0.0,10.0,0.0,26.4,Commercial service,Rolls-Royce Mechanical repair,/brands/rolls-royce-service-dubai/mechanical-repair,/brands/rolls-royce-service-dubai,EXISTING OWNER,Existing brand-specific service; exact vehicle scope confirmed,Original GSC query export
rolls royce suspension repair dubai,rolls-royce suspension repair dubai,Rolls-Royce,Queries!A189,digitecme.com-Performance-on-Search-2026-09-16.xlsx,2026-09-07 to 2026-09-13,MEASURED ORIGINAL GSC,0.0,9.0,0.0,10.89,Commercial service,Rolls-Royce Suspension repair,/brands/rolls-royce-service-dubai/suspension-repair,/brands/rolls-royce-service-dubai,EXISTING OWNER,Existing brand-specific service; exact vehicle scope confirmed,Original GSC query export
rolls royce repair,rolls-royce repair,Rolls-Royce,Queries!A264,digitecme.com-Performance-on-Search-2026-09-16.xlsx,2026-09-07 to 2026-09-13,MEASURED ORIGINAL GSC,0.0,7.0,0.0,16.43,Broad commercial,Rolls-Royce service/repair discovery,/brands/rolls-royce-service-dubai,,EXISTING OWNER,One broad booking and directory owner,Original GSC query export
rolls royce oil change,rolls-royce oil change,Rolls-Royce,Queries!A309,digitecme.com-Performance-on-Search-2026-09-16.xlsx,2026-09-07 to 2026-09-13,MEASURED ORIGINAL GSC,0.0,6.0,0.0,11.67,Commercial service,Rolls-Royce Oil service,/brands/rolls-royce-service-dubai/oil-change,/brands/rolls-royce-service-dubai,EXISTING OWNER,Existing brand-specific service; exact vehicle scope confirmed,Original GSC query export
rolls royce transmission repair dubai,rolls-royce gearbox repair dubai,Rolls-Royce,Queries!A524,digitecme.com-Performance-on-Search-2026-09-16.xlsx,2026-09-07 to 2026-09-13,MEASURED ORIGINAL GSC,0.0,3.0,0.0,10.67,Commercial service,Rolls-Royce Gearbox repair,/brands/rolls-royce-service-dubai/transmission-repair,/brands/rolls-royce-service-dubai,EXISTING OWNER,Existing brand-specific service; exact vehicle scope confirmed,Original GSC query export
rolls royce engine repair,rolls-royce engine repair,Rolls-Royce,Queries!A579,digitecme.com-Performance-on-Search-2026-09-16.xlsx,2026-09-07 to 2026-09-13,MEASURED ORIGINAL GSC,0.0,3.0,0.0,35.33,Commercial service,Rolls-Royce Mechanical repair,/brands/rolls-royce-service-dubai/mechanical-repair,/brands/rolls-royce-service-dubai,EXISTING OWNER,Existing brand-specific service; exact vehicle scope confirmed,Original GSC query export
rolls royce suspension repair,rolls-royce suspension repair,Rolls-Royce,Queries!A753,digitecme.com-Performance-on-Search-2026-09-16.xlsx,2026-09-07 to 2026-09-13,MEASURED ORIGINAL GSC,0.0,2.0,0.0,27.0,Commercial service,Rolls-Royce Suspension repair,/brands/rolls-royce-service-dubai/suspension-repair,/brands/rolls-royce-service-dubai,EXISTING OWNER,Existing brand-specific service; exact vehicle scope confirmed,Original GSC query export
rolls royce service dubai,rolls-royce service dubai,Rolls-Royce,Queries!A12,digitecme.com-Performance-on-Search-2026-09-18.xlsx,2026-09-09 to 2026-09-15,MEASURED ORIGINAL GSC,0.0,49.0,0.0,17.78,Broad commercial,Rolls-Royce service/repair discovery,/brands/rolls-royce-service-dubai,,EXISTING OWNER,One broad booking and directory owner,Original GSC query export
rolls royce repair dubai,rolls-royce repair dubai,Rolls-Royce,Queries!A42,digitecme.com-Performance-on-Search-2026-09-18.xlsx,2026-09-09 to 2026-09-15,MEASURED ORIGINAL GSC,0.0,28.0,0.0,19.57,Broad commercial,Rolls-Royce service/repair discovery,/brands/rolls-royce-service-dubai,,EXISTING OWNER,One broad booking and directory owner,Original GSC query export
rolls royce service,rolls-royce service,Rolls-Royce,Queries!A44,digitecme.com-Performance-on-Search-2026-09-18.xlsx,2026-09-09 to 2026-09-15,MEASURED ORIGINAL GSC,0.0,27.0,0.0,16.15,Broad commercial,Rolls-Royce service/repair discovery,/brands/rolls-royce-service-dubai,,EXISTING OWNER,One broad booking and directory owner,Original GSC query export
rolls royce service center dubai,rolls-royce service center dubai,Rolls-Royce,Queries!A46,digitecme.com-Performance-on-Search-2026-09-18.xlsx,2026-09-09 to 2026-09-15,MEASURED ORIGINAL GSC,0.0,26.0,0.0,16.5,Broad commercial,Rolls-Royce service/repair discovery,/brands/rolls-royce-service-dubai,,EXISTING OWNER,One broad booking and directory owner,Original GSC query export
rolls royce service center,rolls-royce service center,Rolls-Royce,Queries!A66,digitecme.com-Performance-on-Search-2026-09-18.xlsx,2026-09-09 to 2026-09-15,MEASURED ORIGINAL GSC,0.0,18.0,0.0,15.17,Broad commercial,Rolls-Royce service/repair discovery,/brands/rolls-royce-service-dubai,,EXISTING OWNER,One broad booking and directory owner,Original GSC query export
rolls royce maintenance dubai,rolls-royce maintenance dubai,Rolls-Royce,Queries!A99,digitecme.com-Performance-on-Search-2026-09-18.xlsx,2026-09-09 to 2026-09-15,MEASURED ORIGINAL GSC,0.0,14.0,0.0,20.14,Informational,Maintenance planning,/blog/rolls-royce-best-workshop-dubai,/brands/rolls-royce-service-dubai,EXISTING OWNER,Existing guide supports broad hub booking,Original GSC query export
rolls royce workshop dubai,rolls-royce workshop dubai,Rolls-Royce,Queries!A105,digitecme.com-Performance-on-Search-2026-09-18.xlsx,2026-09-09 to 2026-09-15,MEASURED ORIGINAL GSC,0.0,13.0,0.0,19.46,Broad commercial,Rolls-Royce service/repair discovery,/brands/rolls-royce-service-dubai,,EXISTING OWNER,One broad booking and directory owner,Original GSC query export
rolls royce repair in dubai,rolls-royce repair in dubai,Rolls-Royce,Queries!A133,digitecme.com-Performance-on-Search-2026-09-18.xlsx,2026-09-09 to 2026-09-15,MEASURED ORIGINAL GSC,0.0,11.0,0.0,23.55,Broad commercial,Rolls-Royce service/repair discovery,/brands/rolls-royce-service-dubai,,EXISTING OWNER,One broad booking and directory owner,Original GSC query export
rolls royce suspension repair dubai,rolls-royce suspension repair dubai,Rolls-Royce,Queries!A147,digitecme.com-Performance-on-Search-2026-09-18.xlsx,2026-09-09 to 2026-09-15,MEASURED ORIGINAL GSC,0.0,10.0,0.0,10.5,Commercial service,Rolls-Royce Suspension repair,/brands/rolls-royce-service-dubai/suspension-repair,/brands/rolls-royce-service-dubai,EXISTING OWNER,Existing brand-specific service; exact vehicle scope confirmed,Original GSC query export
rolls royce engine repair dubai,rolls-royce engine repair dubai,Rolls-Royce,Queries!A192,digitecme.com-Performance-on-Search-2026-09-18.xlsx,2026-09-09 to 2026-09-15,MEASURED ORIGINAL GSC,0.0,9.0,0.0,28.44,Commercial service,Rolls-Royce Mechanical repair,/brands/rolls-royce-service-dubai/mechanical-repair,/brands/rolls-royce-service-dubai,EXISTING OWNER,Existing brand-specific service; exact vehicle scope confirmed,Original GSC query export
rolls royce oil change,rolls-royce oil change,Rolls-Royce,Queries!A371,digitecme.com-Performance-on-Search-2026-09-18.xlsx,2026-09-09 to 2026-09-15,MEASURED ORIGINAL GSC,0.0,5.0,0.0,12.8,Commercial service,Rolls-Royce Oil service,/brands/rolls-royce-service-dubai/oil-change,/brands/rolls-royce-service-dubai,EXISTING OWNER,Existing brand-specific service; exact vehicle scope confirmed,Original GSC query export
rolls royce suspension repair,rolls-royce suspension repair,Rolls-Royce,Queries!A376,digitecme.com-Performance-on-Search-2026-09-18.xlsx,2026-09-09 to 2026-09-15,MEASURED ORIGINAL GSC,0.0,5.0,0.0,15.2,Commercial service,Rolls-Royce Suspension repair,/brands/rolls-royce-service-dubai/suspension-repair,/brands/rolls-royce-service-dubai,EXISTING OWNER,Existing brand-specific service; exact vehicle scope confirmed,Original GSC query export
rolls royce repair,rolls-royce repair,Rolls-Royce,Queries!A381,digitecme.com-Performance-on-Search-2026-09-18.xlsx,2026-09-09 to 2026-09-15,MEASURED ORIGINAL GSC,0.0,5.0,0.0,17.0,Broad commercial,Rolls-Royce service/repair discovery,/brands/rolls-royce-service-dubai,,EXISTING OWNER,One broad booking and directory owner,Original GSC query export
rolls royce engine repair,rolls-royce engine repair,Rolls-Royce,Queries!A603,digitecme.com-Performance-on-Search-2026-09-18.xlsx,2026-09-09 to 2026-09-15,MEASURED ORIGINAL GSC,0.0,3.0,0.0,35.33,Commercial service,Rolls-Royce Mechanical repair,/brands/rolls-royce-service-dubai/mechanical-repair,/brands/rolls-royce-service-dubai,EXISTING OWNER,Existing brand-specific service; exact vehicle scope confirmed,Original GSC query export
rolls royce transmission repair dubai,rolls-royce gearbox repair dubai,Rolls-Royce,Queries!A704,digitecme.com-Performance-on-Search-2026-09-18.xlsx,2026-09-09 to 2026-09-15,MEASURED ORIGINAL GSC,0.0,2.0,0.0,11.5,Commercial service,Rolls-Royce Gearbox repair,/brands/rolls-royce-service-dubai/transmission-repair,/brands/rolls-royce-service-dubai,EXISTING OWNER,Existing brand-specific service; exact vehicle scope confirmed,Original GSC query export
rolls royce car repair dubai,rolls-royce car repair dubai,Rolls-Royce,Queries!A852,digitecme.com-Performance-on-Search-2026-09-18.xlsx,2026-09-09 to 2026-09-15,MEASURED ORIGINAL GSC,0.0,2.0,0.0,49.5,Broad commercial,Rolls-Royce service/repair discovery,/brands/rolls-royce-service-dubai,,EXISTING OWNER,One broad booking and directory owner,Original GSC query export
rolls royce repair dubai,rolls-royce repair dubai,Rolls-Royce,Queries!A32,digitecme.com-Performance-on-Search-2026-09-27.xlsx,2026-04-12 to 2026-09-25,MEASURED ORIGINAL GSC,1.0,264.0,0.0038,22.66,Broad commercial,Rolls-Royce service/repair discovery,/brands/rolls-royce-service-dubai,,EXISTING OWNER,One broad booking and directory owner,Original GSC query export
rolls royce service,rolls-royce service,Rolls-Royce,Queries!A37,digitecme.com-Performance-on-Search-2026-09-27.xlsx,2026-04-12 to 2026-09-25,MEASURED ORIGINAL GSC,1.0,154.0,0.006500000000000001,16.75,Broad commercial,Rolls-Royce service/repair discovery,/brands/rolls-royce-service-dubai,,EXISTING OWNER,One broad booking and directory owner,Original GSC query export
rolls royce service dubai,rolls-royce service dubai,Rolls-Royce,Queries!A113,digitecme.com-Performance-on-Search-2026-09-27.xlsx,2026-04-12 to 2026-09-25,MEASURED ORIGINAL GSC,0.0,360.0,0.0,20.67,Broad commercial,Rolls-Royce service/repair discovery,/brands/rolls-royce-service-dubai,,EXISTING OWNER,One broad booking and directory owner,Original GSC query export
rolls royce maintenance dubai,rolls-royce maintenance dubai,Rolls-Royce,Queries!A232,digitecme.com-Performance-on-Search-2026-09-27.xlsx,2026-04-12 to 2026-09-25,MEASURED ORIGINAL GSC,0.0,112.0,0.0,19.24,Informational,Maintenance planning,/blog/rolls-royce-best-workshop-dubai,/brands/rolls-royce-service-dubai,EXISTING OWNER,Existing guide supports broad hub booking,Original GSC query export
rolls royce workshop dubai,rolls-royce workshop dubai,Rolls-Royce,Queries!A246,digitecme.com-Performance-on-Search-2026-09-27.xlsx,2026-04-12 to 2026-09-25,MEASURED ORIGINAL GSC,0.0,105.0,0.0,21.08,Broad commercial,Rolls-Royce service/repair discovery,/brands/rolls-royce-service-dubai,,EXISTING OWNER,One broad booking and directory owner,Original GSC query export
rolls royce service center dubai,rolls-royce service center dubai,Rolls-Royce,Queries!A249,digitecme.com-Performance-on-Search-2026-09-27.xlsx,2026-04-12 to 2026-09-25,MEASURED ORIGINAL GSC,0.0,102.0,0.0,19.06,Broad commercial,Rolls-Royce service/repair discovery,/brands/rolls-royce-service-dubai,,EXISTING OWNER,One broad booking and directory owner,Original GSC query export
rolls royce service center,rolls-royce service center,Rolls-Royce,Queries!A259,digitecme.com-Performance-on-Search-2026-09-27.xlsx,2026-04-12 to 2026-09-25,MEASURED ORIGINAL GSC,0.0,96.0,0.0,16.01,Broad commercial,Rolls-Royce service/repair discovery,/brands/rolls-royce-service-dubai,,EXISTING OWNER,One broad booking and directory owner,Original GSC query export
rolls royce engine repair dubai,rolls-royce engine repair dubai,Rolls-Royce,Queries!A263,digitecme.com-Performance-on-Search-2026-09-27.xlsx,2026-04-12 to 2026-09-25,MEASURED ORIGINAL GSC,0.0,94.0,0.0,27.14,Commercial service,Rolls-Royce Mechanical repair,/brands/rolls-royce-service-dubai/mechanical-repair,/brands/rolls-royce-service-dubai,EXISTING OWNER,Existing brand-specific service; exact vehicle scope confirmed,Original GSC query export
rolls royce repair in dubai,rolls-royce repair in dubai,Rolls-Royce,Queries!A305,digitecme.com-Performance-on-Search-2026-09-27.xlsx,2026-04-12 to 2026-09-25,MEASURED ORIGINAL GSC,0.0,81.0,0.0,26.36,Broad commercial,Rolls-Royce service/repair discovery,/brands/rolls-royce-service-dubai,,EXISTING OWNER,One broad booking and directory owner,Original GSC query export
rolls royce suspension repair dubai,rolls-royce suspension repair dubai,Rolls-Royce,Queries!A548,digitecme.com-Performance-on-Search-2026-09-27.xlsx,2026-04-12 to 2026-09-25,MEASURED ORIGINAL GSC,0.0,41.0,0.0,22.76,Commercial service,Rolls-Royce Suspension repair,/brands/rolls-royce-service-dubai/suspension-repair,/brands/rolls-royce-service-dubai,EXISTING OWNER,Existing brand-specific service; exact vehicle scope confirmed,Original GSC query export
rolls royce repair,rolls-royce repair,Rolls-Royce,Queries!A661,digitecme.com-Performance-on-Search-2026-09-27.xlsx,2026-04-12 to 2026-09-25,MEASURED ORIGINAL GSC,0.0,32.0,0.0,21.41,Broad commercial,Rolls-Royce service/repair discovery,/brands/rolls-royce-service-dubai,,EXISTING OWNER,One broad booking and directory owner,Original GSC query export
rolls royce transmission repair dubai,rolls-royce gearbox repair dubai,Rolls-Royce,Queries!A713,digitecme.com-Performance-on-Search-2026-09-27.xlsx,2026-04-12 to 2026-09-25,MEASURED ORIGINAL GSC,0.0,29.0,0.0,13.1,Commercial service,Rolls-Royce Gearbox repair,/brands/rolls-royce-service-dubai/transmission-repair,/brands/rolls-royce-service-dubai,EXISTING OWNER,Existing brand-specific service; exact vehicle scope confirmed,Original GSC query export
rolls royce car battery uae,rolls-royce car battery uae,Rolls-Royce,Queries!A987,digitecme.com-Performance-on-Search-2026-09-27.xlsx,2026-04-12 to 2026-09-25,MEASURED ORIGINAL GSC,0.0,20.0,0.0,66.95,Commercial service,Rolls-Royce Low-voltage battery assessment,/brands/rolls-royce-service-dubai/battery-replacement,/brands/rolls-royce-service-dubai,EXISTING OWNER,Existing brand-specific service; exact vehicle scope confirmed,Original GSC query export
