raw_keyword,normalized_keyword,brand,source,source_file,source_period,measured_or_generated,gsc_clicks,gsc_impressions,gsc_ctr,gsc_position,search_intent,cluster,primary_owner,secondary_supporting_owner,coverage_type,reason,source_context
ferrari service dubai,ferrari service dubai,Ferrari,Master Keywords!A19,DIGI-TEC_SEO_Keyword_Universe_Dubai.xlsx,2026-04-12 to 2026-09-25,MEASURED WORKBOOK,0,434,0,15.85,Broad commercial,Ferrari service/repair discovery,/brands/ferrari-service-dubai,,EXISTING OWNER,Single broad booking and directory owner,General repair
ferrari repair dubai,ferrari repair dubai,Ferrari,Master Keywords!A36,DIGI-TEC_SEO_Keyword_Universe_Dubai.xlsx,2026-04-12 to 2026-09-25,MEASURED WORKBOOK,0,356,0,20.6,Broad commercial,Ferrari service/repair discovery,/brands/ferrari-service-dubai,,EXISTING OWNER,Single broad booking and directory owner,General repair
ferrari service,ferrari service,Ferrari,Master Keywords!A61,DIGI-TEC_SEO_Keyword_Universe_Dubai.xlsx,2026-04-12 to 2026-09-25,MEASURED WORKBOOK,0,262,0,14.73,Broad commercial,Ferrari service/repair discovery,/brands/ferrari-service-dubai,,EXISTING OWNER,Single broad booking and directory owner,General repair
ferrari service center dubai,ferrari service center dubai,Ferrari,Master Keywords!A67,DIGI-TEC_SEO_Keyword_Universe_Dubai.xlsx,2026-04-12 to 2026-09-25,MEASURED WORKBOOK,0,237,0,20.42,Broad commercial,Ferrari service/repair discovery,/brands/ferrari-service-dubai,,EXISTING OWNER,Single broad booking and directory owner,General repair
ferrari suspension repair dubai,ferrari suspension repair dubai,Ferrari,Master Keywords!A71,DIGI-TEC_SEO_Keyword_Universe_Dubai.xlsx,2026-04-12 to 2026-09-25,MEASURED WORKBOOK,0,221,0,23.21,Commercial service,Ferrari Suspension repair,/brands/ferrari-service-dubai/suspension-repair,/brands/ferrari-service-dubai,EXISTING OWNER,Existing brand-specific service; scope confirmed for vehicle,Suspension
ferrari service center,ferrari service center,Ferrari,Master Keywords!A77,DIGI-TEC_SEO_Keyword_Universe_Dubai.xlsx,2026-04-12 to 2026-09-25,MEASURED WORKBOOK,0,212,0,25.28,Broad commercial,Ferrari service/repair discovery,/brands/ferrari-service-dubai,,EXISTING OWNER,Single broad booking and directory owner,General repair
ferrari maintenance dubai,ferrari maintenance dubai,Ferrari,Master Keywords!A81,DIGI-TEC_SEO_Keyword_Universe_Dubai.xlsx,2026-04-12 to 2026-09-25,MEASURED WORKBOOK,0,210,0,15.6,Informational,Maintenance planning,/blog/ferrari-maintenance-guide-dubai,/brands/ferrari-service-dubai,EXISTING OWNER,Guide supports broad hub booking,General repair
ferrari brake repair dubai,ferrari brake repair dubai,Ferrari,Master Keywords!A100,DIGI-TEC_SEO_Keyword_Universe_Dubai.xlsx,2026-04-12 to 2026-09-25,MEASURED WORKBOOK,0,177,0,35.25,Commercial service,Ferrari Brake repair,/brands/ferrari-service-dubai/brake-repair,/brands/ferrari-service-dubai,EXISTING OWNER,Existing brand-specific service; scope confirmed for vehicle,Brakes
ferrari servicing,ferrari service,Ferrari,Master Keywords!A112,DIGI-TEC_SEO_Keyword_Universe_Dubai.xlsx,2026-04-12 to 2026-09-25,MEASURED WORKBOOK,0,162,0,14.42,Broad commercial,Ferrari service/repair discovery,/brands/ferrari-service-dubai,,EXISTING OWNER,Single broad booking and directory owner,Observed GSC long-tail
ferrari workshop dubai,ferrari workshop dubai,Ferrari,Master Keywords!A156,DIGI-TEC_SEO_Keyword_Universe_Dubai.xlsx,2026-04-12 to 2026-09-25,MEASURED WORKBOOK,0,116,0,24.12,Broad commercial,Ferrari service/repair discovery,/brands/ferrari-service-dubai,,EXISTING OWNER,Single broad booking and directory owner,General repair
ferrari specialist dubai,ferrari specialist dubai,Ferrari,Master Keywords!A163,DIGI-TEC_SEO_Keyword_Universe_Dubai.xlsx,2026-04-12 to 2026-09-25,MEASURED WORKBOOK,0,112,0,29.23,Broad commercial,Ferrari service/repair discovery,/brands/ferrari-service-dubai,,EXISTING OWNER,Single broad booking and directory owner,General repair
best ferrari garage in dubai,best ferrari garage in dubai,Ferrari,Master Keywords!A194,DIGI-TEC_SEO_Keyword_Universe_Dubai.xlsx,2026-04-12 to 2026-09-25,MEASURED WORKBOOK,1,95,0.0105,23.87,Comparison,Workshop selection,/best-ferrari-workshop-dubai,/brands/ferrari-service-dubai,EXISTING OWNER,"Selection checklist, distinct from broad service booking",Observed GSC long-tail
ferrari service centre dubai,ferrari service center dubai,Ferrari,Master Keywords!A204,DIGI-TEC_SEO_Keyword_Universe_Dubai.xlsx,2026-04-12 to 2026-09-25,MEASURED WORKBOOK,0,90,0,24.94,Broad commercial,Ferrari service/repair discovery,/brands/ferrari-service-dubai,,EXISTING OWNER,Single broad booking and directory owner,General repair
ferrari engine repair dubai,ferrari engine repair dubai,Ferrari,Master Keywords!A212,DIGI-TEC_SEO_Keyword_Universe_Dubai.xlsx,2026-04-12 to 2026-09-25,MEASURED WORKBOOK,0,88,0,30.58,Commercial service,Ferrari Mechanical repair,/brands/ferrari-service-dubai/mechanical-repair,/brands/ferrari-service-dubai,EXISTING OWNER,Existing brand-specific service; scope confirmed for vehicle,Engine
ferrari battery replacement dubai,ferrari battery replacement dubai,Ferrari,Master Keywords!A234,DIGI-TEC_SEO_Keyword_Universe_Dubai.xlsx,2026-04-12 to 2026-09-25,MEASURED WORKBOOK,0,82,0,28.79,Commercial service,Ferrari 12V battery assessment,/brands/ferrari-service-dubai/battery-replacement,/brands/ferrari-service-dubai,EXISTING OWNER,Existing brand-specific service; scope confirmed for vehicle,Electrical
ferrari oil change in dubai,ferrari oil change in dubai,Ferrari,Master Keywords!A245,DIGI-TEC_SEO_Keyword_Universe_Dubai.xlsx,2026-04-12 to 2026-09-25,MEASURED WORKBOOK,0,79,0,23.42,Commercial service,Ferrari Oil service,/brands/ferrari-service-dubai/oil-change,/brands/ferrari-service-dubai,EXISTING OWNER,Existing brand-specific service; scope confirmed for vehicle,Observed GSC long-tail
ferrari specialist,ferrari specialist,Ferrari,Master Keywords!A250,DIGI-TEC_SEO_Keyword_Universe_Dubai.xlsx,2026-04-12 to 2026-09-25,MEASURED WORKBOOK,0,77,0,30.69,Broad commercial,Ferrari service/repair discovery,/brands/ferrari-service-dubai,,EXISTING OWNER,Single broad booking and directory owner,General repair
ferrari repair,ferrari repair,Ferrari,Master Keywords!A280,DIGI-TEC_SEO_Keyword_Universe_Dubai.xlsx,2026-04-12 to 2026-09-25,MEASURED WORKBOOK,0,72,0,17.71,Broad commercial,Ferrari service/repair discovery,/brands/ferrari-service-dubai,,EXISTING OWNER,Single broad booking and directory owner,General repair
ferrari repair in dubai,ferrari repair in dubai,Ferrari,Master Keywords!A307,DIGI-TEC_SEO_Keyword_Universe_Dubai.xlsx,2026-04-12 to 2026-09-25,MEASURED WORKBOOK,0,65,0,27.12,Broad commercial,Ferrari service/repair discovery,/brands/ferrari-service-dubai,,EXISTING OWNER,Single broad booking and directory owner,Observed GSC long-tail
ferrari service centre,ferrari service center,Ferrari,Master Keywords!A325,DIGI-TEC_SEO_Keyword_Universe_Dubai.xlsx,2026-04-12 to 2026-09-25,MEASURED WORKBOOK,0,61,0,24.43,Broad commercial,Ferrari service/repair discovery,/brands/ferrari-service-dubai,,EXISTING OWNER,Single broad booking and directory owner,General repair
ferrari garage in dubai,ferrari garage in dubai,Ferrari,Master Keywords!A362,DIGI-TEC_SEO_Keyword_Universe_Dubai.xlsx,2026-04-12 to 2026-09-25,MEASURED WORKBOOK,0,53,0,42.74,Broad commercial,Ferrari service/repair discovery,/brands/ferrari-service-dubai,,EXISTING OWNER,Single broad booking and directory owner,Observed GSC long-tail
ferrari maintenance,ferrari maintenance,Ferrari,Master Keywords!A467,DIGI-TEC_SEO_Keyword_Universe_Dubai.xlsx,2026-04-12 to 2026-09-25,MEASURED WORKBOOK,0,40,0,10.35,Informational,Maintenance planning,/blog/ferrari-maintenance-guide-dubai,/brands/ferrari-service-dubai,EXISTING OWNER,Guide supports broad hub booking,General repair
ferrari brake repair,ferrari brake repair,Ferrari,Master Keywords!A622,DIGI-TEC_SEO_Keyword_Universe_Dubai.xlsx,2026-04-12 to 2026-09-25,MEASURED WORKBOOK,0,28,0,22.79,Commercial service,Ferrari Brake repair,/brands/ferrari-service-dubai/brake-repair,/brands/ferrari-service-dubai,EXISTING OWNER,Existing brand-specific service; scope confirmed for vehicle,Brakes
ferrari repair near me,ferrari repair near me,Ferrari,Master Keywords!A623,DIGI-TEC_SEO_Keyword_Universe_Dubai.xlsx,2026-04-12 to 2026-09-25,MEASURED WORKBOOK,0,28,0,67.64,Broad commercial,Ferrari service/repair discovery,/brands/ferrari-service-dubai,,EXISTING OWNER,Single broad booking and directory owner,General repair
ferrari auto body shop,ferrari auto body shop,Ferrari,Master Keywords!A667,DIGI-TEC_SEO_Keyword_Universe_Dubai.xlsx,2026-04-12 to 2026-09-25,MEASURED WORKBOOK,0,26,0,38.42,Commercial service,Ferrari Body repair,/brands/ferrari-service-dubai/body-repair,/brands/ferrari-service-dubai,EXISTING OWNER,Existing brand-specific service; scope confirmed for vehicle,Observed GSC long-tail
ferrari service center near me,ferrari service center near me,Ferrari,Master Keywords!A668,DIGI-TEC_SEO_Keyword_Universe_Dubai.xlsx,2026-04-12 to 2026-09-25,MEASURED WORKBOOK,0,26,0,32.58,Broad commercial,Ferrari service/repair discovery,/brands/ferrari-service-dubai,,EXISTING OWNER,Single broad booking and directory owner,Observed GSC long-tail
ferrari transmission repair dubai,ferrari gearbox repair dubai,Ferrari,Master Keywords!A693,DIGI-TEC_SEO_Keyword_Universe_Dubai.xlsx,2026-04-12 to 2026-09-25,MEASURED WORKBOOK,0,25,0,14.44,Commercial service,Ferrari Gearbox repair,/brands/ferrari-service-dubai/transmission-repair,/brands/ferrari-service-dubai,EXISTING OWNER,Existing brand-specific service; scope confirmed for vehicle,Transmission & gearbox
ferrari transmission repair,ferrari gearbox repair,Ferrari,Master Keywords!A737,DIGI-TEC_SEO_Keyword_Universe_Dubai.xlsx,2026-04-12 to 2026-09-25,MEASURED WORKBOOK,0,23,0,20.65,Commercial service,Ferrari Gearbox repair,/brands/ferrari-service-dubai/transmission-repair,/brands/ferrari-service-dubai,EXISTING OWNER,Existing brand-specific service; scope confirmed for vehicle,Transmission & gearbox
ferrari ac compressor replacement dubai,ferrari ac compressor replacement dubai,Ferrari,Master Keywords!A1208,DIGI-TEC_SEO_Keyword_Universe_Dubai.xlsx,,GENERATED TAXONOMY,,,,,Commercial service,Ferrari AC repair,/brands/ferrari-service-dubai/ac-repair,/brands/ferrari-service-dubai,EXISTING OWNER,Existing brand-specific service; scope confirmed for vehicle,AC & cooling
ferrari ac condenser replacement dubai,ferrari ac condenser replacement dubai,Ferrari,Master Keywords!A1209,DIGI-TEC_SEO_Keyword_Universe_Dubai.xlsx,,GENERATED TAXONOMY,,,,,Commercial service,Ferrari AC repair,/brands/ferrari-service-dubai/ac-repair,/brands/ferrari-service-dubai,EXISTING OWNER,Existing brand-specific service; scope confirmed for vehicle,AC & cooling
ferrari ac gas refill dubai,ferrari ac gas refill dubai,Ferrari,Master Keywords!A1210,DIGI-TEC_SEO_Keyword_Universe_Dubai.xlsx,,GENERATED TAXONOMY,,,,,Commercial service,Ferrari AC repair,/brands/ferrari-service-dubai/ac-repair,/brands/ferrari-service-dubai,EXISTING OWNER,Existing brand-specific service; scope confirmed for vehicle,AC & cooling
ferrari ac leak repair dubai,ferrari ac leak repair dubai,Ferrari,Master Keywords!A1211,DIGI-TEC_SEO_Keyword_Universe_Dubai.xlsx,,GENERATED TAXONOMY,,,,,Commercial service,Ferrari AC repair,/brands/ferrari-service-dubai/ac-repair,/brands/ferrari-service-dubai,EXISTING OWNER,Existing brand-specific service; scope confirmed for vehicle,AC & cooling
ferrari ac not cooling dubai,ferrari ac not cooling dubai,Ferrari,Master Keywords!A1212,DIGI-TEC_SEO_Keyword_Universe_Dubai.xlsx,,GENERATED TAXONOMY,,,,,Service section,Symptom assessment,/brands/ferrari-service-dubai/ac-repair,/brands/ferrari-service-dubai,EXISTING OWNER,Existing service supplies diagnostic path; no thin symptom URL,AC & cooling
ferrari ac repair dubai,ferrari ac repair dubai,Ferrari,Master Keywords!A1213,DIGI-TEC_SEO_Keyword_Universe_Dubai.xlsx,,GENERATED TAXONOMY,,,,,Commercial service,Ferrari AC repair,/brands/ferrari-service-dubai/ac-repair,/brands/ferrari-service-dubai,EXISTING OWNER,Existing brand-specific service; scope confirmed for vehicle,AC & cooling
ferrari air conditioning repair dubai,ferrari air conditioning repair dubai,Ferrari,Master Keywords!A1214,DIGI-TEC_SEO_Keyword_Universe_Dubai.xlsx,,GENERATED TAXONOMY,,,,,Commercial service,Ferrari AC repair,/brands/ferrari-service-dubai/ac-repair,/brands/ferrari-service-dubai,EXISTING OWNER,Existing brand-specific service; scope confirmed for vehicle,AC & cooling
ferrari coolant leak repair dubai,ferrari coolant leak repair dubai,Ferrari,Master Keywords!A1215,DIGI-TEC_SEO_Keyword_Universe_Dubai.xlsx,,GENERATED TAXONOMY,,,,,Service section,Symptom assessment,/brands/ferrari-service-dubai/mechanical-repair,/brands/ferrari-service-dubai,EXISTING OWNER,Existing service supplies diagnostic path; no thin symptom URL,AC & cooling
ferrari cooling system repair dubai,ferrari cooling system repair dubai,Ferrari,Master Keywords!A1216,DIGI-TEC_SEO_Keyword_Universe_Dubai.xlsx,,GENERATED TAXONOMY,,,,,Commercial service,Ferrari Mechanical repair,/brands/ferrari-service-dubai/mechanical-repair,/brands/ferrari-service-dubai,EXISTING OWNER,Existing brand-specific service; scope confirmed for vehicle,AC & cooling
ferrari overheating repair dubai,ferrari overheating repair dubai,Ferrari,Master Keywords!A1217,DIGI-TEC_SEO_Keyword_Universe_Dubai.xlsx,,GENERATED TAXONOMY,,,,,Service section,Symptom assessment,/brands/ferrari-service-dubai/mechanical-repair,/brands/ferrari-service-dubai,EXISTING OWNER,Existing service supplies diagnostic path; no thin symptom URL,AC & cooling
ferrari radiator repair dubai,ferrari radiator repair dubai,Ferrari,Master Keywords!A1218,DIGI-TEC_SEO_Keyword_Universe_Dubai.xlsx,,GENERATED TAXONOMY,,,,,Commercial service,Ferrari Mechanical repair,/brands/ferrari-service-dubai/mechanical-repair,/brands/ferrari-service-dubai,EXISTING OWNER,Existing brand-specific service; scope confirmed for vehicle,AC & cooling
ferrari thermostat replacement dubai,ferrari thermostat replacement dubai,Ferrari,Master Keywords!A1219,DIGI-TEC_SEO_Keyword_Universe_Dubai.xlsx,,GENERATED TAXONOMY,,,,,Commercial service,Ferrari Mechanical repair,/brands/ferrari-service-dubai/mechanical-repair,/brands/ferrari-service-dubai,EXISTING OWNER,Existing brand-specific service; scope confirmed for vehicle,AC & cooling
ferrari water pump replacement dubai,ferrari water pump replacement dubai,Ferrari,Master Keywords!A1220,DIGI-TEC_SEO_Keyword_Universe_Dubai.xlsx,,GENERATED TAXONOMY,,,,,Commercial service,Ferrari Mechanical repair,/brands/ferrari-service-dubai/mechanical-repair,/brands/ferrari-service-dubai,EXISTING OWNER,Existing brand-specific service; scope confirmed for vehicle,AC & cooling
ferrari abs repair dubai,ferrari abs repair dubai,Ferrari,Master Keywords!A1221,DIGI-TEC_SEO_Keyword_Universe_Dubai.xlsx,,GENERATED TAXONOMY,,,,,Commercial service,Ferrari Brake repair,/brands/ferrari-service-dubai/brake-repair,/brands/ferrari-service-dubai,EXISTING OWNER,Existing brand-specific service; scope confirmed for vehicle,Brakes
ferrari abs warning light dubai,ferrari abs warning light dubai,Ferrari,Master Keywords!A1222,DIGI-TEC_SEO_Keyword_Universe_Dubai.xlsx,,GENERATED TAXONOMY,,,,,Commercial service,Ferrari Diagnostics,/brands/ferrari-service-dubai/engine-diagnostics,/brands/ferrari-service-dubai,EXISTING OWNER,Existing brand-specific service; scope confirmed for vehicle,Brakes
ferrari brake disc replacement dubai,ferrari brake disc replacement dubai,Ferrari,Master Keywords!A1223,DIGI-TEC_SEO_Keyword_Universe_Dubai.xlsx,,GENERATED TAXONOMY,,,,,Commercial service,Ferrari Brake repair,/brands/ferrari-service-dubai/brake-repair,/brands/ferrari-service-dubai,EXISTING OWNER,Existing brand-specific service; scope confirmed for vehicle,Brakes
ferrari brake fluid change dubai,ferrari brake fluid change dubai,Ferrari,Master Keywords!A1224,DIGI-TEC_SEO_Keyword_Universe_Dubai.xlsx,,GENERATED TAXONOMY,,,,,Commercial service,Ferrari Brake repair,/brands/ferrari-service-dubai/brake-repair,/brands/ferrari-service-dubai,EXISTING OWNER,Existing brand-specific service; scope confirmed for vehicle,Brakes
ferrari brake pad replacement dubai,ferrari brake pad replacement dubai,Ferrari,Master Keywords!A1225,DIGI-TEC_SEO_Keyword_Universe_Dubai.xlsx,,GENERATED TAXONOMY,,,,,Commercial service,Ferrari Brake repair,/brands/ferrari-service-dubai/brake-repair,/brands/ferrari-service-dubai,EXISTING OWNER,Existing brand-specific service; scope confirmed for vehicle,Brakes
ferrari brake rotor replacement dubai,ferrari brake rotor replacement dubai,Ferrari,Master Keywords!A1226,DIGI-TEC_SEO_Keyword_Universe_Dubai.xlsx,,GENERATED TAXONOMY,,,,,Commercial service,Ferrari Brake repair,/brands/ferrari-service-dubai/brake-repair,/brands/ferrari-service-dubai,EXISTING OWNER,Existing brand-specific service; scope confirmed for vehicle,Brakes
ferrari brake service dubai,ferrari brake service dubai,Ferrari,Master Keywords!A1227,DIGI-TEC_SEO_Keyword_Universe_Dubai.xlsx,,GENERATED TAXONOMY,,,,,Commercial service,Ferrari Brake repair,/brands/ferrari-service-dubai/brake-repair,/brands/ferrari-service-dubai,EXISTING OWNER,Existing brand-specific service; scope confirmed for vehicle,Brakes
ferrari brake squeaking repair dubai,ferrari brake squeaking repair dubai,Ferrari,Master Keywords!A1228,DIGI-TEC_SEO_Keyword_Universe_Dubai.xlsx,,GENERATED TAXONOMY,,,,,Commercial service,Ferrari Brake repair,/brands/ferrari-service-dubai/brake-repair,/brands/ferrari-service-dubai,EXISTING OWNER,Existing brand-specific service; scope confirmed for vehicle,Brakes
ferrari brake vibration repair dubai,ferrari brake vibration repair dubai,Ferrari,Master Keywords!A1229,DIGI-TEC_SEO_Keyword_Universe_Dubai.xlsx,,GENERATED TAXONOMY,,,,,Commercial service,Ferrari Brake repair,/brands/ferrari-service-dubai/brake-repair,/brands/ferrari-service-dubai,EXISTING OWNER,Existing brand-specific service; scope confirmed for vehicle,Brakes
ferrari check engine light dubai,ferrari check engine light dubai,Ferrari,Master Keywords!A1230,DIGI-TEC_SEO_Keyword_Universe_Dubai.xlsx,,GENERATED TAXONOMY,,,,,Service section,Symptom assessment,/brands/ferrari-service-dubai/engine-diagnostics,/brands/ferrari-service-dubai,EXISTING OWNER,Existing service supplies diagnostic path; no thin symptom URL,Diagnostics & warning lights
ferrari computer diagnostics dubai,ferrari computer diagnostics dubai,Ferrari,Master Keywords!A1231,DIGI-TEC_SEO_Keyword_Universe_Dubai.xlsx,,GENERATED TAXONOMY,,,,,Commercial service,Ferrari Diagnostics,/brands/ferrari-service-dubai/engine-diagnostics,/brands/ferrari-service-dubai,EXISTING OWNER,Existing brand-specific service; scope confirmed for vehicle,Diagnostics & warning lights
ferrari dashboard warning light dubai,ferrari dashboard warning light dubai,Ferrari,Master Keywords!A1232,DIGI-TEC_SEO_Keyword_Universe_Dubai.xlsx,,GENERATED TAXONOMY,,,,,Commercial service,Ferrari Diagnostics,/brands/ferrari-service-dubai/engine-diagnostics,/brands/ferrari-service-dubai,EXISTING OWNER,Existing brand-specific service; scope confirmed for vehicle,Diagnostics & warning lights
ferrari diagnostic scan dubai,ferrari diagnostic scan dubai,Ferrari,Master Keywords!A1233,DIGI-TEC_SEO_Keyword_Universe_Dubai.xlsx,,GENERATED TAXONOMY,,,,,Commercial service,Ferrari Diagnostics,/brands/ferrari-service-dubai/engine-diagnostics,/brands/ferrari-service-dubai,EXISTING OWNER,Existing brand-specific service; scope confirmed for vehicle,Diagnostics & warning lights
ferrari diagnostics dubai,ferrari diagnostics dubai,Ferrari,Master Keywords!A1234,DIGI-TEC_SEO_Keyword_Universe_Dubai.xlsx,,GENERATED TAXONOMY,,,,,Commercial service,Ferrari Diagnostics,/brands/ferrari-service-dubai/engine-diagnostics,/brands/ferrari-service-dubai,EXISTING OWNER,Existing brand-specific service; scope confirmed for vehicle,Diagnostics & warning lights
ferrari engine warning light dubai,ferrari engine warning light dubai,Ferrari,Master Keywords!A1235,DIGI-TEC_SEO_Keyword_Universe_Dubai.xlsx,,GENERATED TAXONOMY,,,,,Commercial service,Ferrari Diagnostics,/brands/ferrari-service-dubai/engine-diagnostics,/brands/ferrari-service-dubai,EXISTING OWNER,Existing brand-specific service; scope confirmed for vehicle,Diagnostics & warning lights
ferrari fault code scanning dubai,ferrari fault code scanning dubai,Ferrari,Master Keywords!A1236,DIGI-TEC_SEO_Keyword_Universe_Dubai.xlsx,,GENERATED TAXONOMY,,,,,Commercial service,Ferrari Diagnostics,/brands/ferrari-service-dubai/engine-diagnostics,/brands/ferrari-service-dubai,EXISTING OWNER,Existing brand-specific service; scope confirmed for vehicle,Diagnostics & warning lights
ferrari fault diagnosis dubai,ferrari fault diagnosis dubai,Ferrari,Master Keywords!A1237,DIGI-TEC_SEO_Keyword_Universe_Dubai.xlsx,,GENERATED TAXONOMY,,,,,Commercial service,Ferrari Diagnostics,/brands/ferrari-service-dubai/engine-diagnostics,/brands/ferrari-service-dubai,EXISTING OWNER,Existing brand-specific service; scope confirmed for vehicle,Diagnostics & warning lights
ferrari alternator repair dubai,ferrari alternator repair dubai,Ferrari,Master Keywords!A1238,DIGI-TEC_SEO_Keyword_Universe_Dubai.xlsx,,GENERATED TAXONOMY,,,,,Commercial service,Ferrari Electrical assessment,/brands/ferrari-service-dubai/electrical-repair,/brands/ferrari-service-dubai,EXISTING OWNER,Existing brand-specific service; scope confirmed for vehicle,Electrical
ferrari alternator replacement dubai,ferrari alternator replacement dubai,Ferrari,Master Keywords!A1239,DIGI-TEC_SEO_Keyword_Universe_Dubai.xlsx,,GENERATED TAXONOMY,,,,,Commercial service,Ferrari Electrical assessment,/brands/ferrari-service-dubai/electrical-repair,/brands/ferrari-service-dubai,EXISTING OWNER,Existing brand-specific service; scope confirmed for vehicle,Electrical
ferrari battery drain repair dubai,ferrari battery drain repair dubai,Ferrari,Master Keywords!A1240,DIGI-TEC_SEO_Keyword_Universe_Dubai.xlsx,,GENERATED TAXONOMY,,,,,Commercial service,Ferrari 12V battery assessment,/brands/ferrari-service-dubai/battery-replacement,/brands/ferrari-service-dubai,EXISTING OWNER,Existing brand-specific service; scope confirmed for vehicle,Electrical
ferrari coding service dubai,ferrari coding service dubai,Ferrari,Master Keywords!A1241,DIGI-TEC_SEO_Keyword_Universe_Dubai.xlsx,,GENERATED TAXONOMY,,,,,Commercial service,Ferrari Diagnostics,/brands/ferrari-service-dubai/engine-diagnostics,/brands/ferrari-service-dubai,EXISTING OWNER,Existing brand-specific service; scope confirmed for vehicle,Electrical
ferrari ecu programming dubai,ferrari ecu programming dubai,Ferrari,Master Keywords!A1242,DIGI-TEC_SEO_Keyword_Universe_Dubai.xlsx,,GENERATED TAXONOMY,,,,,Commercial service,Ferrari Diagnostics,/brands/ferrari-service-dubai/engine-diagnostics,/brands/ferrari-service-dubai,EXISTING OWNER,Existing brand-specific service; scope confirmed for vehicle,Electrical
ferrari ecu repair dubai,ferrari ecu repair dubai,Ferrari,Master Keywords!A1243,DIGI-TEC_SEO_Keyword_Universe_Dubai.xlsx,,GENERATED TAXONOMY,,,,,Commercial service,Ferrari Electrical assessment,/brands/ferrari-service-dubai/electrical-repair,/brands/ferrari-service-dubai,EXISTING OWNER,Existing brand-specific service; scope confirmed for vehicle,Electrical
ferrari electrical diagnostics dubai,ferrari electrical diagnostics dubai,Ferrari,Master Keywords!A1244,DIGI-TEC_SEO_Keyword_Universe_Dubai.xlsx,,GENERATED TAXONOMY,,,,,Commercial service,Ferrari Diagnostics,/brands/ferrari-service-dubai/engine-diagnostics,/brands/ferrari-service-dubai,EXISTING OWNER,Existing brand-specific service; scope confirmed for vehicle,Electrical
ferrari electrical repair dubai,ferrari electrical repair dubai,Ferrari,Master Keywords!A1245,DIGI-TEC_SEO_Keyword_Universe_Dubai.xlsx,,GENERATED TAXONOMY,,,,,Commercial service,Ferrari Electrical assessment,/brands/ferrari-service-dubai/electrical-repair,/brands/ferrari-service-dubai,EXISTING OWNER,Existing brand-specific service; scope confirmed for vehicle,Electrical
ferrari key programming dubai,ferrari key programming dubai,Ferrari,Master Keywords!A1246,DIGI-TEC_SEO_Keyword_Universe_Dubai.xlsx,,GENERATED TAXONOMY,,,,,Unverified service,Unverified exact function,,,NOT TARGETED — INTENTIONALLY,Keyword evidence does not establish exact workshop capability,Electrical
ferrari keyless entry repair dubai,ferrari keyless entry repair dubai,Ferrari,Master Keywords!A1247,DIGI-TEC_SEO_Keyword_Universe_Dubai.xlsx,,GENERATED TAXONOMY,,,,,Broad commercial,Ferrari service/repair discovery,/brands/ferrari-service-dubai,,EXISTING OWNER,Single broad booking and directory owner,Electrical
ferrari module programming dubai,ferrari module programming dubai,Ferrari,Master Keywords!A1248,DIGI-TEC_SEO_Keyword_Universe_Dubai.xlsx,,GENERATED TAXONOMY,,,,,Commercial service,Ferrari Diagnostics,/brands/ferrari-service-dubai/engine-diagnostics,/brands/ferrari-service-dubai,EXISTING OWNER,Existing brand-specific service; scope confirmed for vehicle,Electrical
ferrari module repair dubai,ferrari module repair dubai,Ferrari,Master Keywords!A1249,DIGI-TEC_SEO_Keyword_Universe_Dubai.xlsx,,GENERATED TAXONOMY,,,,,Commercial service,Ferrari Electrical assessment,/brands/ferrari-service-dubai/electrical-repair,/brands/ferrari-service-dubai,EXISTING OWNER,Existing brand-specific service; scope confirmed for vehicle,Electrical
ferrari sensor replacement dubai,ferrari sensor replacement dubai,Ferrari,Master Keywords!A1250,DIGI-TEC_SEO_Keyword_Universe_Dubai.xlsx,,GENERATED TAXONOMY,,,,,Commercial service,Ferrari Electrical assessment,/brands/ferrari-service-dubai/electrical-repair,/brands/ferrari-service-dubai,EXISTING OWNER,Existing brand-specific service; scope confirmed for vehicle,Electrical
ferrari starter motor repair dubai,ferrari starter motor repair dubai,Ferrari,Master Keywords!A1251,DIGI-TEC_SEO_Keyword_Universe_Dubai.xlsx,,GENERATED TAXONOMY,,,,,Commercial service,Ferrari 12V battery assessment,/brands/ferrari-service-dubai/battery-replacement,/brands/ferrari-service-dubai,EXISTING OWNER,Existing brand-specific service; scope confirmed for vehicle,Electrical
ferrari starter replacement dubai,ferrari starter replacement dubai,Ferrari,Master Keywords!A1252,DIGI-TEC_SEO_Keyword_Universe_Dubai.xlsx,,GENERATED TAXONOMY,,,,,Commercial service,Ferrari 12V battery assessment,/brands/ferrari-service-dubai/battery-replacement,/brands/ferrari-service-dubai,EXISTING OWNER,Existing brand-specific service; scope confirmed for vehicle,Electrical
ferrari wiring repair dubai,ferrari wiring repair dubai,Ferrari,Master Keywords!A1253,DIGI-TEC_SEO_Keyword_Universe_Dubai.xlsx,,GENERATED TAXONOMY,,,,,Commercial service,Ferrari Electrical assessment,/brands/ferrari-service-dubai/electrical-repair,/brands/ferrari-service-dubai,EXISTING OWNER,Existing brand-specific service; scope confirmed for vehicle,Electrical
ferrari engine mount replacement dubai,ferrari engine mount replacement dubai,Ferrari,Master Keywords!A1254,DIGI-TEC_SEO_Keyword_Universe_Dubai.xlsx,,GENERATED TAXONOMY,,,,,Commercial service,Ferrari Mechanical repair,/brands/ferrari-service-dubai/mechanical-repair,/brands/ferrari-service-dubai,EXISTING OWNER,Existing brand-specific service; scope confirmed for vehicle,Engine
ferrari engine oil leak repair dubai,ferrari engine oil leak repair dubai,Ferrari,Master Keywords!A1255,DIGI-TEC_SEO_Keyword_Universe_Dubai.xlsx,,GENERATED TAXONOMY,,,,,Service section,Symptom assessment,/brands/ferrari-service-dubai/mechanical-repair,/brands/ferrari-service-dubai,EXISTING OWNER,Existing service supplies diagnostic path; no thin symptom URL,Engine
ferrari engine overhaul dubai,ferrari engine overhaul dubai,Ferrari,Master Keywords!A1256,DIGI-TEC_SEO_Keyword_Universe_Dubai.xlsx,,GENERATED TAXONOMY,,,,,Commercial service,Ferrari Mechanical repair,/brands/ferrari-service-dubai/mechanical-repair,/brands/ferrari-service-dubai,EXISTING OWNER,Existing brand-specific service; scope confirmed for vehicle,Engine
ferrari engine overheating repair dubai,ferrari engine overheating repair dubai,Ferrari,Master Keywords!A1257,DIGI-TEC_SEO_Keyword_Universe_Dubai.xlsx,,GENERATED TAXONOMY,,,,,Service section,Symptom assessment,/brands/ferrari-service-dubai/mechanical-repair,/brands/ferrari-service-dubai,EXISTING OWNER,Existing service supplies diagnostic path; no thin symptom URL,Engine
ferrari engine rebuild dubai,ferrari engine rebuild dubai,Ferrari,Master Keywords!A1258,DIGI-TEC_SEO_Keyword_Universe_Dubai.xlsx,,GENERATED TAXONOMY,,,,,Commercial service,Ferrari Mechanical repair,/brands/ferrari-service-dubai/mechanical-repair,/brands/ferrari-service-dubai,EXISTING OWNER,Existing brand-specific service; scope confirmed for vehicle,Engine
ferrari engine replacement dubai,ferrari engine replacement dubai,Ferrari,Master Keywords!A1259,DIGI-TEC_SEO_Keyword_Universe_Dubai.xlsx,,GENERATED TAXONOMY,,,,,Commercial service,Ferrari Mechanical repair,/brands/ferrari-service-dubai/mechanical-repair,/brands/ferrari-service-dubai,EXISTING OWNER,Existing brand-specific service; scope confirmed for vehicle,Engine
ferrari loss of power repair dubai,ferrari loss of power repair dubai,Ferrari,Master Keywords!A1260,DIGI-TEC_SEO_Keyword_Universe_Dubai.xlsx,,GENERATED TAXONOMY,,,,,Service section,Symptom assessment,/brands/ferrari-service-dubai/engine-diagnostics,/brands/ferrari-service-dubai,EXISTING OWNER,Existing service supplies diagnostic path; no thin symptom URL,Engine
ferrari misfire repair dubai,ferrari misfire repair dubai,Ferrari,Master Keywords!A1261,DIGI-TEC_SEO_Keyword_Universe_Dubai.xlsx,,GENERATED TAXONOMY,,,,,Broad commercial,Ferrari service/repair discovery,/brands/ferrari-service-dubai,,EXISTING OWNER,Single broad booking and directory owner,Engine
ferrari timing belt replacement dubai,ferrari timing belt replacement dubai,Ferrari,Master Keywords!A1262,DIGI-TEC_SEO_Keyword_Universe_Dubai.xlsx,,GENERATED TAXONOMY,,,,,Commercial service,Ferrari Mechanical repair,/brands/ferrari-service-dubai/mechanical-repair,/brands/ferrari-service-dubai,EXISTING OWNER,Existing brand-specific service; scope confirmed for vehicle,Engine
ferrari timing chain repair dubai,ferrari timing chain repair dubai,Ferrari,Master Keywords!A1263,DIGI-TEC_SEO_Keyword_Universe_Dubai.xlsx,,GENERATED TAXONOMY,,,,,Commercial service,Ferrari Mechanical repair,/brands/ferrari-service-dubai/mechanical-repair,/brands/ferrari-service-dubai,EXISTING OWNER,Existing brand-specific service; scope confirmed for vehicle,Engine
ferrari valve cover gasket replacement dubai,ferrari valve cover gasket replacement dubai,Ferrari,Master Keywords!A1264,DIGI-TEC_SEO_Keyword_Universe_Dubai.xlsx,,GENERATED TAXONOMY,,,,,Broad commercial,Ferrari service/repair discovery,/brands/ferrari-service-dubai,,EXISTING OWNER,Single broad booking and directory owner,Engine
ferrari car repair dubai,ferrari car repair dubai,Ferrari,Master Keywords!A1265,DIGI-TEC_SEO_Keyword_Universe_Dubai.xlsx,,GENERATED TAXONOMY,,,,,Broad commercial,Ferrari service/repair discovery,/brands/ferrari-service-dubai,,EXISTING OWNER,Single broad booking and directory owner,General repair
ferrari garage dubai,ferrari garage dubai,Ferrari,Master Keywords!A1266,DIGI-TEC_SEO_Keyword_Universe_Dubai.xlsx,,GENERATED TAXONOMY,,,,,Broad commercial,Ferrari service/repair discovery,/brands/ferrari-service-dubai,,EXISTING OWNER,Single broad booking and directory owner,General repair
ferrari air suspension compressor replacement dubai,ferrari air suspension compressor replacement dubai,Ferrari,Master Keywords!A1267,DIGI-TEC_SEO_Keyword_Universe_Dubai.xlsx,,GENERATED TAXONOMY,,,,,Commercial service,Ferrari Suspension repair,/brands/ferrari-service-dubai/suspension-repair,/brands/ferrari-service-dubai,EXISTING OWNER,Existing brand-specific service; scope confirmed for vehicle,Suspension
ferrari air suspension repair dubai,ferrari air suspension repair dubai,Ferrari,Master Keywords!A1268,DIGI-TEC_SEO_Keyword_Universe_Dubai.xlsx,,GENERATED TAXONOMY,,,,,Commercial service,Ferrari Suspension repair,/brands/ferrari-service-dubai/suspension-repair,/brands/ferrari-service-dubai,EXISTING OWNER,Existing brand-specific service; scope confirmed for vehicle,Suspension
ferrari bushing replacement dubai,ferrari bushing replacement dubai,Ferrari,Master Keywords!A1269,DIGI-TEC_SEO_Keyword_Universe_Dubai.xlsx,,GENERATED TAXONOMY,,,,,Commercial service,Ferrari Suspension repair,/brands/ferrari-service-dubai/suspension-repair,/brands/ferrari-service-dubai,EXISTING OWNER,Existing brand-specific service; scope confirmed for vehicle,Suspension
ferrari control arm replacement dubai,ferrari control arm replacement dubai,Ferrari,Master Keywords!A1270,DIGI-TEC_SEO_Keyword_Universe_Dubai.xlsx,,GENERATED TAXONOMY,,,,,Commercial service,Ferrari Suspension repair,/brands/ferrari-service-dubai/suspension-repair,/brands/ferrari-service-dubai,EXISTING OWNER,Existing brand-specific service; scope confirmed for vehicle,Suspension
ferrari ride height adjustment dubai,ferrari ride height adjustment dubai,Ferrari,Master Keywords!A1271,DIGI-TEC_SEO_Keyword_Universe_Dubai.xlsx,,GENERATED TAXONOMY,,,,,Commercial service,Ferrari Suspension repair,/brands/ferrari-service-dubai/suspension-repair,/brands/ferrari-service-dubai,EXISTING OWNER,Existing brand-specific service; scope confirmed for vehicle,Suspension
ferrari shock absorber replacement dubai,ferrari shock absorber replacement dubai,Ferrari,Master Keywords!A1272,DIGI-TEC_SEO_Keyword_Universe_Dubai.xlsx,,GENERATED TAXONOMY,,,,,Commercial service,Ferrari Suspension repair,/brands/ferrari-service-dubai/suspension-repair,/brands/ferrari-service-dubai,EXISTING OWNER,Existing brand-specific service; scope confirmed for vehicle,Suspension
ferrari strut replacement dubai,ferrari strut replacement dubai,Ferrari,Master Keywords!A1273,DIGI-TEC_SEO_Keyword_Universe_Dubai.xlsx,,GENERATED TAXONOMY,,,,,Broad commercial,Ferrari service/repair discovery,/brands/ferrari-service-dubai,,EXISTING OWNER,Single broad booking and directory owner,Suspension
ferrari suspension noise repair dubai,ferrari suspension noise repair dubai,Ferrari,Master Keywords!A1274,DIGI-TEC_SEO_Keyword_Universe_Dubai.xlsx,,GENERATED TAXONOMY,,,,,Commercial service,Ferrari Suspension repair,/brands/ferrari-service-dubai/suspension-repair,/brands/ferrari-service-dubai,EXISTING OWNER,Existing brand-specific service; scope confirmed for vehicle,Suspension
ferrari suspension warning light dubai,ferrari suspension warning light dubai,Ferrari,Master Keywords!A1275,DIGI-TEC_SEO_Keyword_Universe_Dubai.xlsx,,GENERATED TAXONOMY,,,,,Service section,Symptom assessment,/brands/ferrari-service-dubai/suspension-repair,/brands/ferrari-service-dubai,EXISTING OWNER,Existing service supplies diagnostic path; no thin symptom URL,Suspension
ferrari gear shifting problem dubai,ferrari gear shifting problem dubai,Ferrari,Master Keywords!A1276,DIGI-TEC_SEO_Keyword_Universe_Dubai.xlsx,,GENERATED TAXONOMY,,,,,Broad commercial,Ferrari service/repair discovery,/brands/ferrari-service-dubai,,EXISTING OWNER,Single broad booking and directory owner,Transmission & gearbox
ferrari gearbox oil change dubai,ferrari gearbox oil change dubai,Ferrari,Master Keywords!A1277,DIGI-TEC_SEO_Keyword_Universe_Dubai.xlsx,,GENERATED TAXONOMY,,,,,Commercial service,Ferrari Gearbox repair,/brands/ferrari-service-dubai/transmission-repair,/brands/ferrari-service-dubai,EXISTING OWNER,Existing brand-specific service; scope confirmed for vehicle,Transmission & gearbox
ferrari gearbox rebuild dubai,ferrari gearbox rebuild dubai,Ferrari,Master Keywords!A1278,DIGI-TEC_SEO_Keyword_Universe_Dubai.xlsx,,GENERATED TAXONOMY,,,,,Commercial service,Ferrari Gearbox repair,/brands/ferrari-service-dubai/transmission-repair,/brands/ferrari-service-dubai,EXISTING OWNER,Existing brand-specific service; scope confirmed for vehicle,Transmission & gearbox
ferrari gearbox repair dubai,ferrari gearbox repair dubai,Ferrari,Master Keywords!A1279,DIGI-TEC_SEO_Keyword_Universe_Dubai.xlsx,,GENERATED TAXONOMY,,,,,Commercial service,Ferrari Gearbox repair,/brands/ferrari-service-dubai/transmission-repair,/brands/ferrari-service-dubai,EXISTING OWNER,Existing brand-specific service; scope confirmed for vehicle,Transmission & gearbox
ferrari gearbox replacement dubai,ferrari gearbox replacement dubai,Ferrari,Master Keywords!A1280,DIGI-TEC_SEO_Keyword_Universe_Dubai.xlsx,,GENERATED TAXONOMY,,,,,Commercial service,Ferrari Gearbox repair,/brands/ferrari-service-dubai/transmission-repair,/brands/ferrari-service-dubai,EXISTING OWNER,Existing brand-specific service; scope confirmed for vehicle,Transmission & gearbox
ferrari gearbox service dubai,ferrari gearbox service dubai,Ferrari,Master Keywords!A1281,DIGI-TEC_SEO_Keyword_Universe_Dubai.xlsx,,GENERATED TAXONOMY,,,,,Commercial service,Ferrari Gearbox repair,/brands/ferrari-service-dubai/transmission-repair,/brands/ferrari-service-dubai,EXISTING OWNER,Existing brand-specific service; scope confirmed for vehicle,Transmission & gearbox
ferrari transmission leak repair dubai,ferrari gearbox leak repair dubai,Ferrari,Master Keywords!A1282,DIGI-TEC_SEO_Keyword_Universe_Dubai.xlsx,,GENERATED TAXONOMY,,,,,Commercial service,Ferrari Gearbox repair,/brands/ferrari-service-dubai/transmission-repair,/brands/ferrari-service-dubai,EXISTING OWNER,Existing brand-specific service; scope confirmed for vehicle,Transmission & gearbox
ferrari transmission oil change dubai,ferrari gearbox oil change dubai,Ferrari,Master Keywords!A1283,DIGI-TEC_SEO_Keyword_Universe_Dubai.xlsx,,GENERATED TAXONOMY,,,,,Commercial service,Ferrari Gearbox repair,/brands/ferrari-service-dubai/transmission-repair,/brands/ferrari-service-dubai,EXISTING OWNER,Existing brand-specific service; scope confirmed for vehicle,Transmission & gearbox
ferrari transmission rebuild dubai,ferrari gearbox rebuild dubai,Ferrari,Master Keywords!A1284,DIGI-TEC_SEO_Keyword_Universe_Dubai.xlsx,,GENERATED TAXONOMY,,,,,Commercial service,Ferrari Gearbox repair,/brands/ferrari-service-dubai/transmission-repair,/brands/ferrari-service-dubai,EXISTING OWNER,Existing brand-specific service; scope confirmed for vehicle,Transmission & gearbox
ferrari transmission replacement dubai,ferrari gearbox replacement dubai,Ferrari,Master Keywords!A1285,DIGI-TEC_SEO_Keyword_Universe_Dubai.xlsx,,GENERATED TAXONOMY,,,,,Commercial service,Ferrari Gearbox repair,/brands/ferrari-service-dubai/transmission-repair,/brands/ferrari-service-dubai,EXISTING OWNER,Existing brand-specific service; scope confirmed for vehicle,Transmission & gearbox
ferrari transmission service dubai,ferrari gearbox service dubai,Ferrari,Master Keywords!A1286,DIGI-TEC_SEO_Keyword_Universe_Dubai.xlsx,,GENERATED TAXONOMY,,,,,Commercial service,Ferrari Gearbox repair,/brands/ferrari-service-dubai/transmission-repair,/brands/ferrari-service-dubai,EXISTING OWNER,Existing brand-specific service; scope confirmed for vehicle,Transmission & gearbox
ferrari ac compressor replacement,ferrari ac compressor replacement,Ferrari,Master Keywords!A3365,DIGI-TEC_SEO_Keyword_Universe_Dubai.xlsx,,GENERATED TAXONOMY,,,,,Commercial service,Ferrari AC repair,/brands/ferrari-service-dubai/ac-repair,/brands/ferrari-service-dubai,EXISTING OWNER,Existing brand-specific service; scope confirmed for vehicle,AC & cooling
ferrari ac condenser replacement,ferrari ac condenser replacement,Ferrari,Master Keywords!A3366,DIGI-TEC_SEO_Keyword_Universe_Dubai.xlsx,,GENERATED TAXONOMY,,,,,Commercial service,Ferrari AC repair,/brands/ferrari-service-dubai/ac-repair,/brands/ferrari-service-dubai,EXISTING OWNER,Existing brand-specific service; scope confirmed for vehicle,AC & cooling
ferrari ac gas refill,ferrari ac gas refill,Ferrari,Master Keywords!A3367,DIGI-TEC_SEO_Keyword_Universe_Dubai.xlsx,,GENERATED TAXONOMY,,,,,Commercial service,Ferrari AC repair,/brands/ferrari-service-dubai/ac-repair,/brands/ferrari-service-dubai,EXISTING OWNER,Existing brand-specific service; scope confirmed for vehicle,AC & cooling
ferrari ac leak repair,ferrari ac leak repair,Ferrari,Master Keywords!A3368,DIGI-TEC_SEO_Keyword_Universe_Dubai.xlsx,,GENERATED TAXONOMY,,,,,Commercial service,Ferrari AC repair,/brands/ferrari-service-dubai/ac-repair,/brands/ferrari-service-dubai,EXISTING OWNER,Existing brand-specific service; scope confirmed for vehicle,AC & cooling
ferrari ac not cooling,ferrari ac not cooling,Ferrari,Master Keywords!A3369,DIGI-TEC_SEO_Keyword_Universe_Dubai.xlsx,,GENERATED TAXONOMY,,,,,Service section,Symptom assessment,/brands/ferrari-service-dubai/ac-repair,/brands/ferrari-service-dubai,EXISTING OWNER,Existing service supplies diagnostic path; no thin symptom URL,AC & cooling
ferrari ac repair,ferrari ac repair,Ferrari,Master Keywords!A3370,DIGI-TEC_SEO_Keyword_Universe_Dubai.xlsx,,GENERATED TAXONOMY,,,,,Commercial service,Ferrari AC repair,/brands/ferrari-service-dubai/ac-repair,/brands/ferrari-service-dubai,EXISTING OWNER,Existing brand-specific service; scope confirmed for vehicle,AC & cooling
ferrari ac repair near me,ferrari ac repair near me,Ferrari,Master Keywords!A3371,DIGI-TEC_SEO_Keyword_Universe_Dubai.xlsx,,GENERATED TAXONOMY,,,,,Commercial service,Ferrari AC repair,/brands/ferrari-service-dubai/ac-repair,/brands/ferrari-service-dubai,EXISTING OWNER,Existing brand-specific service; scope confirmed for vehicle,AC & cooling
ferrari air conditioning repair,ferrari air conditioning repair,Ferrari,Master Keywords!A3372,DIGI-TEC_SEO_Keyword_Universe_Dubai.xlsx,,GENERATED TAXONOMY,,,,,Commercial service,Ferrari AC repair,/brands/ferrari-service-dubai/ac-repair,/brands/ferrari-service-dubai,EXISTING OWNER,Existing brand-specific service; scope confirmed for vehicle,AC & cooling
ferrari coolant leak repair,ferrari coolant leak repair,Ferrari,Master Keywords!A3373,DIGI-TEC_SEO_Keyword_Universe_Dubai.xlsx,,GENERATED TAXONOMY,,,,,Service section,Symptom assessment,/brands/ferrari-service-dubai/mechanical-repair,/brands/ferrari-service-dubai,EXISTING OWNER,Existing service supplies diagnostic path; no thin symptom URL,AC & cooling
ferrari cooling system repair,ferrari cooling system repair,Ferrari,Master Keywords!A3374,DIGI-TEC_SEO_Keyword_Universe_Dubai.xlsx,,GENERATED TAXONOMY,,,,,Commercial service,Ferrari Mechanical repair,/brands/ferrari-service-dubai/mechanical-repair,/brands/ferrari-service-dubai,EXISTING OWNER,Existing brand-specific service; scope confirmed for vehicle,AC & cooling
ferrari overheating repair,ferrari overheating repair,Ferrari,Master Keywords!A3375,DIGI-TEC_SEO_Keyword_Universe_Dubai.xlsx,,GENERATED TAXONOMY,,,,,Service section,Symptom assessment,/brands/ferrari-service-dubai/mechanical-repair,/brands/ferrari-service-dubai,EXISTING OWNER,Existing service supplies diagnostic path; no thin symptom URL,AC & cooling
ferrari radiator repair,ferrari radiator repair,Ferrari,Master Keywords!A3376,DIGI-TEC_SEO_Keyword_Universe_Dubai.xlsx,,GENERATED TAXONOMY,,,,,Commercial service,Ferrari Mechanical repair,/brands/ferrari-service-dubai/mechanical-repair,/brands/ferrari-service-dubai,EXISTING OWNER,Existing brand-specific service; scope confirmed for vehicle,AC & cooling
ferrari thermostat replacement,ferrari thermostat replacement,Ferrari,Master Keywords!A3377,DIGI-TEC_SEO_Keyword_Universe_Dubai.xlsx,,GENERATED TAXONOMY,,,,,Commercial service,Ferrari Mechanical repair,/brands/ferrari-service-dubai/mechanical-repair,/brands/ferrari-service-dubai,EXISTING OWNER,Existing brand-specific service; scope confirmed for vehicle,AC & cooling
ferrari water pump replacement,ferrari water pump replacement,Ferrari,Master Keywords!A3378,DIGI-TEC_SEO_Keyword_Universe_Dubai.xlsx,,GENERATED TAXONOMY,,,,,Commercial service,Ferrari Mechanical repair,/brands/ferrari-service-dubai/mechanical-repair,/brands/ferrari-service-dubai,EXISTING OWNER,Existing brand-specific service; scope confirmed for vehicle,AC & cooling
ferrari accident repair,ferrari accident repair,Ferrari,Master Keywords!A3379,DIGI-TEC_SEO_Keyword_Universe_Dubai.xlsx,,GENERATED TAXONOMY,,,,,Commercial service,Ferrari Body repair,/brands/ferrari-service-dubai/body-repair,/brands/ferrari-service-dubai,EXISTING OWNER,Existing brand-specific service; scope confirmed for vehicle,Body & paint
ferrari accident repair dubai,ferrari accident repair dubai,Ferrari,Master Keywords!A3380,DIGI-TEC_SEO_Keyword_Universe_Dubai.xlsx,,GENERATED TAXONOMY,,,,,Commercial service,Ferrari Body repair,/brands/ferrari-service-dubai/body-repair,/brands/ferrari-service-dubai,EXISTING OWNER,Existing brand-specific service; scope confirmed for vehicle,Body & paint
ferrari body repair,ferrari body repair,Ferrari,Master Keywords!A3381,DIGI-TEC_SEO_Keyword_Universe_Dubai.xlsx,,GENERATED TAXONOMY,,,,,Commercial service,Ferrari Body repair,/brands/ferrari-service-dubai/body-repair,/brands/ferrari-service-dubai,EXISTING OWNER,Existing brand-specific service; scope confirmed for vehicle,Body & paint
ferrari body repair dubai,ferrari body repair dubai,Ferrari,Master Keywords!A3382,DIGI-TEC_SEO_Keyword_Universe_Dubai.xlsx,,GENERATED TAXONOMY,,,,,Commercial service,Ferrari Body repair,/brands/ferrari-service-dubai/body-repair,/brands/ferrari-service-dubai,EXISTING OWNER,Existing brand-specific service; scope confirmed for vehicle,Body & paint
ferrari body shop,ferrari body shop,Ferrari,Master Keywords!A3383,DIGI-TEC_SEO_Keyword_Universe_Dubai.xlsx,,GENERATED TAXONOMY,,,,,Commercial service,Ferrari Body repair,/brands/ferrari-service-dubai/body-repair,/brands/ferrari-service-dubai,EXISTING OWNER,Existing brand-specific service; scope confirmed for vehicle,Body & paint
ferrari body shop dubai,ferrari body shop dubai,Ferrari,Master Keywords!A3384,DIGI-TEC_SEO_Keyword_Universe_Dubai.xlsx,,GENERATED TAXONOMY,,,,,Commercial service,Ferrari Body repair,/brands/ferrari-service-dubai/body-repair,/brands/ferrari-service-dubai,EXISTING OWNER,Existing brand-specific service; scope confirmed for vehicle,Body & paint
ferrari bumper repair,ferrari bumper repair,Ferrari,Master Keywords!A3385,DIGI-TEC_SEO_Keyword_Universe_Dubai.xlsx,,GENERATED TAXONOMY,,,,,Commercial service,Ferrari Body repair,/brands/ferrari-service-dubai/body-repair,/brands/ferrari-service-dubai,EXISTING OWNER,Existing brand-specific service; scope confirmed for vehicle,Body & paint
ferrari bumper repair dubai,ferrari bumper repair dubai,Ferrari,Master Keywords!A3386,DIGI-TEC_SEO_Keyword_Universe_Dubai.xlsx,,GENERATED TAXONOMY,,,,,Commercial service,Ferrari Body repair,/brands/ferrari-service-dubai/body-repair,/brands/ferrari-service-dubai,EXISTING OWNER,Existing brand-specific service; scope confirmed for vehicle,Body & paint
ferrari car painting,ferrari car painting,Ferrari,Master Keywords!A3387,DIGI-TEC_SEO_Keyword_Universe_Dubai.xlsx,,GENERATED TAXONOMY,,,,,Commercial service,Ferrari Body repair,/brands/ferrari-service-dubai/body-repair,/brands/ferrari-service-dubai,EXISTING OWNER,Existing brand-specific service; scope confirmed for vehicle,Body & paint
ferrari car painting dubai,ferrari car painting dubai,Ferrari,Master Keywords!A3388,DIGI-TEC_SEO_Keyword_Universe_Dubai.xlsx,,GENERATED TAXONOMY,,,,,Commercial service,Ferrari Body repair,/brands/ferrari-service-dubai/body-repair,/brands/ferrari-service-dubai,EXISTING OWNER,Existing brand-specific service; scope confirmed for vehicle,Body & paint
ferrari dent repair,ferrari dent repair,Ferrari,Master Keywords!A3389,DIGI-TEC_SEO_Keyword_Universe_Dubai.xlsx,,GENERATED TAXONOMY,,,,,Commercial service,Ferrari Body repair,/brands/ferrari-service-dubai/body-repair,/brands/ferrari-service-dubai,EXISTING OWNER,Existing brand-specific service; scope confirmed for vehicle,Body & paint
ferrari dent repair dubai,ferrari dent repair dubai,Ferrari,Master Keywords!A3390,DIGI-TEC_SEO_Keyword_Universe_Dubai.xlsx,,GENERATED TAXONOMY,,,,,Commercial service,Ferrari Body repair,/brands/ferrari-service-dubai/body-repair,/brands/ferrari-service-dubai,EXISTING OWNER,Existing brand-specific service; scope confirmed for vehicle,Body & paint
ferrari paint repair,ferrari paint repair,Ferrari,Master Keywords!A3391,DIGI-TEC_SEO_Keyword_Universe_Dubai.xlsx,,GENERATED TAXONOMY,,,,,Commercial service,Ferrari Body repair,/brands/ferrari-service-dubai/body-repair,/brands/ferrari-service-dubai,EXISTING OWNER,Existing brand-specific service; scope confirmed for vehicle,Body & paint
ferrari paint repair dubai,ferrari paint repair dubai,Ferrari,Master Keywords!A3392,DIGI-TEC_SEO_Keyword_Universe_Dubai.xlsx,,GENERATED TAXONOMY,,,,,Commercial service,Ferrari Body repair,/brands/ferrari-service-dubai/body-repair,/brands/ferrari-service-dubai,EXISTING OWNER,Existing brand-specific service; scope confirmed for vehicle,Body & paint
ferrari panel repair,ferrari panel repair,Ferrari,Master Keywords!A3393,DIGI-TEC_SEO_Keyword_Universe_Dubai.xlsx,,GENERATED TAXONOMY,,,,,Commercial service,Ferrari Body repair,/brands/ferrari-service-dubai/body-repair,/brands/ferrari-service-dubai,EXISTING OWNER,Existing brand-specific service; scope confirmed for vehicle,Body & paint
ferrari panel repair dubai,ferrari panel repair dubai,Ferrari,Master Keywords!A3394,DIGI-TEC_SEO_Keyword_Universe_Dubai.xlsx,,GENERATED TAXONOMY,,,,,Commercial service,Ferrari Body repair,/brands/ferrari-service-dubai/body-repair,/brands/ferrari-service-dubai,EXISTING OWNER,Existing brand-specific service; scope confirmed for vehicle,Body & paint
ferrari scratch repair,ferrari scratch repair,Ferrari,Master Keywords!A3395,DIGI-TEC_SEO_Keyword_Universe_Dubai.xlsx,,GENERATED TAXONOMY,,,,,Broad commercial,Ferrari service/repair discovery,/brands/ferrari-service-dubai,,EXISTING OWNER,Single broad booking and directory owner,Body & paint
ferrari scratch repair dubai,ferrari scratch repair dubai,Ferrari,Master Keywords!A3396,DIGI-TEC_SEO_Keyword_Universe_Dubai.xlsx,,GENERATED TAXONOMY,,,,,Broad commercial,Ferrari service/repair discovery,/brands/ferrari-service-dubai,,EXISTING OWNER,Single broad booking and directory owner,Body & paint
ferrari abs repair,ferrari abs repair,Ferrari,Master Keywords!A3397,DIGI-TEC_SEO_Keyword_Universe_Dubai.xlsx,,GENERATED TAXONOMY,,,,,Commercial service,Ferrari Brake repair,/brands/ferrari-service-dubai/brake-repair,/brands/ferrari-service-dubai,EXISTING OWNER,Existing brand-specific service; scope confirmed for vehicle,Brakes
ferrari abs warning light,ferrari abs warning light,Ferrari,Master Keywords!A3398,DIGI-TEC_SEO_Keyword_Universe_Dubai.xlsx,,GENERATED TAXONOMY,,,,,Commercial service,Ferrari Diagnostics,/brands/ferrari-service-dubai/engine-diagnostics,/brands/ferrari-service-dubai,EXISTING OWNER,Existing brand-specific service; scope confirmed for vehicle,Brakes
ferrari brake disc replacement,ferrari brake disc replacement,Ferrari,Master Keywords!A3399,DIGI-TEC_SEO_Keyword_Universe_Dubai.xlsx,,GENERATED TAXONOMY,,,,,Commercial service,Ferrari Brake repair,/brands/ferrari-service-dubai/brake-repair,/brands/ferrari-service-dubai,EXISTING OWNER,Existing brand-specific service; scope confirmed for vehicle,Brakes
ferrari brake fluid change,ferrari brake fluid change,Ferrari,Master Keywords!A3400,DIGI-TEC_SEO_Keyword_Universe_Dubai.xlsx,,GENERATED TAXONOMY,,,,,Commercial service,Ferrari Brake repair,/brands/ferrari-service-dubai/brake-repair,/brands/ferrari-service-dubai,EXISTING OWNER,Existing brand-specific service; scope confirmed for vehicle,Brakes
ferrari brake pad replacement,ferrari brake pad replacement,Ferrari,Master Keywords!A3401,DIGI-TEC_SEO_Keyword_Universe_Dubai.xlsx,,GENERATED TAXONOMY,,,,,Commercial service,Ferrari Brake repair,/brands/ferrari-service-dubai/brake-repair,/brands/ferrari-service-dubai,EXISTING OWNER,Existing brand-specific service; scope confirmed for vehicle,Brakes
ferrari brake repair near me,ferrari brake repair near me,Ferrari,Master Keywords!A3402,DIGI-TEC_SEO_Keyword_Universe_Dubai.xlsx,,GENERATED TAXONOMY,,,,,Commercial service,Ferrari Brake repair,/brands/ferrari-service-dubai/brake-repair,/brands/ferrari-service-dubai,EXISTING OWNER,Existing brand-specific service; scope confirmed for vehicle,Brakes
ferrari brake rotor replacement,ferrari brake rotor replacement,Ferrari,Master Keywords!A3403,DIGI-TEC_SEO_Keyword_Universe_Dubai.xlsx,,GENERATED TAXONOMY,,,,,Commercial service,Ferrari Brake repair,/brands/ferrari-service-dubai/brake-repair,/brands/ferrari-service-dubai,EXISTING OWNER,Existing brand-specific service; scope confirmed for vehicle,Brakes
ferrari brake service,ferrari brake service,Ferrari,Master Keywords!A3404,DIGI-TEC_SEO_Keyword_Universe_Dubai.xlsx,,GENERATED TAXONOMY,,,,,Commercial service,Ferrari Brake repair,/brands/ferrari-service-dubai/brake-repair,/brands/ferrari-service-dubai,EXISTING OWNER,Existing brand-specific service; scope confirmed for vehicle,Brakes
ferrari brake squeaking repair,ferrari brake squeaking repair,Ferrari,Master Keywords!A3405,DIGI-TEC_SEO_Keyword_Universe_Dubai.xlsx,,GENERATED TAXONOMY,,,,,Commercial service,Ferrari Brake repair,/brands/ferrari-service-dubai/brake-repair,/brands/ferrari-service-dubai,EXISTING OWNER,Existing brand-specific service; scope confirmed for vehicle,Brakes
ferrari brake vibration repair,ferrari brake vibration repair,Ferrari,Master Keywords!A3406,DIGI-TEC_SEO_Keyword_Universe_Dubai.xlsx,,GENERATED TAXONOMY,,,,,Commercial service,Ferrari Brake repair,/brands/ferrari-service-dubai/brake-repair,/brands/ferrari-service-dubai,EXISTING OWNER,Existing brand-specific service; scope confirmed for vehicle,Brakes
f1 gearbox repair,f1 gearbox repair,Ferrari,Master Keywords!A3407,DIGI-TEC_SEO_Keyword_Universe_Dubai.xlsx,,RESEARCH KEYWORD,,,,,Commercial service,Ferrari Gearbox repair,/brands/ferrari-service-dubai/transmission-repair,/brands/ferrari-service-dubai,EXISTING OWNER,Existing brand-specific service; scope confirmed for vehicle,Brand-specific systems
f1 gearbox repair dubai,f1 gearbox repair dubai,Ferrari,Master Keywords!A3408,DIGI-TEC_SEO_Keyword_Universe_Dubai.xlsx,,RESEARCH KEYWORD,,,,,Commercial service,Ferrari Gearbox repair,/brands/ferrari-service-dubai/transmission-repair,/brands/ferrari-service-dubai,EXISTING OWNER,Existing brand-specific service; scope confirmed for vehicle,Brand-specific systems
f1 transmission service,f1 gearbox service,Ferrari,Master Keywords!A3409,DIGI-TEC_SEO_Keyword_Universe_Dubai.xlsx,,RESEARCH KEYWORD,,,,,Commercial service,Ferrari Gearbox repair,/brands/ferrari-service-dubai/transmission-repair,/brands/ferrari-service-dubai,EXISTING OWNER,Existing brand-specific service; scope confirmed for vehicle,Brand-specific systems
f1 transmission service dubai,f1 gearbox service dubai,Ferrari,Master Keywords!A3410,DIGI-TEC_SEO_Keyword_Universe_Dubai.xlsx,,RESEARCH KEYWORD,,,,,Commercial service,Ferrari Gearbox repair,/brands/ferrari-service-dubai/transmission-repair,/brands/ferrari-service-dubai,EXISTING OWNER,Existing brand-specific service; scope confirmed for vehicle,Brand-specific systems
magneride suspension repair,magneride suspension repair,Ferrari,Master Keywords!A3411,DIGI-TEC_SEO_Keyword_Universe_Dubai.xlsx,,RESEARCH KEYWORD,,,,,Commercial service,Ferrari Suspension repair,/brands/ferrari-service-dubai/suspension-repair,/brands/ferrari-service-dubai,EXISTING OWNER,Existing brand-specific service; scope confirmed for vehicle,Brand-specific systems
magneride suspension repair dubai,magneride suspension repair dubai,Ferrari,Master Keywords!A3412,DIGI-TEC_SEO_Keyword_Universe_Dubai.xlsx,,RESEARCH KEYWORD,,,,,Commercial service,Ferrari Suspension repair,/brands/ferrari-service-dubai/suspension-repair,/brands/ferrari-service-dubai,EXISTING OWNER,Existing brand-specific service; scope confirmed for vehicle,Brand-specific systems
manettino repair,manettino repair,Ferrari,Master Keywords!A3413,DIGI-TEC_SEO_Keyword_Universe_Dubai.xlsx,,RESEARCH KEYWORD,,,,,Broad commercial,Ferrari service/repair discovery,/brands/ferrari-service-dubai,,EXISTING OWNER,Single broad booking and directory owner,Brand-specific systems
manettino repair dubai,manettino repair dubai,Ferrari,Master Keywords!A3414,DIGI-TEC_SEO_Keyword_Universe_Dubai.xlsx,,RESEARCH KEYWORD,,,,,Broad commercial,Ferrari service/repair discovery,/brands/ferrari-service-dubai,,EXISTING OWNER,Single broad booking and directory owner,Brand-specific systems
sticky buttons repair,sticky buttons repair,Ferrari,Master Keywords!A3415,DIGI-TEC_SEO_Keyword_Universe_Dubai.xlsx,,RESEARCH KEYWORD,,,,,Broad commercial,Ferrari service/repair discovery,/brands/ferrari-service-dubai,,EXISTING OWNER,Single broad booking and directory owner,Brand-specific systems
sticky buttons repair dubai,sticky buttons repair dubai,Ferrari,Master Keywords!A3416,DIGI-TEC_SEO_Keyword_Universe_Dubai.xlsx,,RESEARCH KEYWORD,,,,,Broad commercial,Ferrari service/repair discovery,/brands/ferrari-service-dubai,,EXISTING OWNER,Single broad booking and directory owner,Brand-specific systems
ferrari boot repair,ferrari boot repair,Ferrari,Master Keywords!A3417,DIGI-TEC_SEO_Keyword_Universe_Dubai.xlsx,,GENERATED TAXONOMY,,,,,Broad commercial,Ferrari service/repair discovery,/brands/ferrari-service-dubai,,EXISTING OWNER,Single broad booking and directory owner,Convenience/body electronics
ferrari boot repair dubai,ferrari boot repair dubai,Ferrari,Master Keywords!A3418,DIGI-TEC_SEO_Keyword_Universe_Dubai.xlsx,,GENERATED TAXONOMY,,,,,Broad commercial,Ferrari service/repair discovery,/brands/ferrari-service-dubai,,EXISTING OWNER,Single broad booking and directory owner,Convenience/body electronics
ferrari door lock repair,ferrari door lock repair,Ferrari,Master Keywords!A3419,DIGI-TEC_SEO_Keyword_Universe_Dubai.xlsx,,GENERATED TAXONOMY,,,,,Broad commercial,Ferrari service/repair discovery,/brands/ferrari-service-dubai,,EXISTING OWNER,Single broad booking and directory owner,Convenience/body electronics
ferrari door lock repair dubai,ferrari door lock repair dubai,Ferrari,Master Keywords!A3420,DIGI-TEC_SEO_Keyword_Universe_Dubai.xlsx,,GENERATED TAXONOMY,,,,,Broad commercial,Ferrari service/repair discovery,/brands/ferrari-service-dubai,,EXISTING OWNER,Single broad booking and directory owner,Convenience/body electronics
ferrari power window repair,ferrari power window repair,Ferrari,Master Keywords!A3421,DIGI-TEC_SEO_Keyword_Universe_Dubai.xlsx,,GENERATED TAXONOMY,,,,,Broad commercial,Ferrari service/repair discovery,/brands/ferrari-service-dubai,,EXISTING OWNER,Single broad booking and directory owner,Convenience/body electronics
ferrari power window repair dubai,ferrari power window repair dubai,Ferrari,Master Keywords!A3422,DIGI-TEC_SEO_Keyword_Universe_Dubai.xlsx,,GENERATED TAXONOMY,,,,,Broad commercial,Ferrari service/repair discovery,/brands/ferrari-service-dubai,,EXISTING OWNER,Single broad booking and directory owner,Convenience/body electronics
ferrari seat motor repair,ferrari seat motor repair,Ferrari,Master Keywords!A3423,DIGI-TEC_SEO_Keyword_Universe_Dubai.xlsx,,GENERATED TAXONOMY,,,,,Broad commercial,Ferrari service/repair discovery,/brands/ferrari-service-dubai,,EXISTING OWNER,Single broad booking and directory owner,Convenience/body electronics
ferrari seat motor repair dubai,ferrari seat motor repair dubai,Ferrari,Master Keywords!A3424,DIGI-TEC_SEO_Keyword_Universe_Dubai.xlsx,,GENERATED TAXONOMY,,,,,Broad commercial,Ferrari service/repair discovery,/brands/ferrari-service-dubai,,EXISTING OWNER,Single broad booking and directory owner,Convenience/body electronics
ferrari seat repair,ferrari seat repair,Ferrari,Master Keywords!A3425,DIGI-TEC_SEO_Keyword_Universe_Dubai.xlsx,,GENERATED TAXONOMY,,,,,Unverified service,Unverified exact function,,,NOT TARGETED — INTENTIONALLY,Keyword evidence does not establish exact workshop capability,Convenience/body electronics
ferrari seat repair dubai,ferrari seat repair dubai,Ferrari,Master Keywords!A3426,DIGI-TEC_SEO_Keyword_Universe_Dubai.xlsx,,GENERATED TAXONOMY,,,,,Unverified service,Unverified exact function,,,NOT TARGETED — INTENTIONALLY,Keyword evidence does not establish exact workshop capability,Convenience/body electronics
ferrari soft close door repair,ferrari soft close door repair,Ferrari,Master Keywords!A3427,DIGI-TEC_SEO_Keyword_Universe_Dubai.xlsx,,GENERATED TAXONOMY,,,,,Unverified service,Unverified exact function,,,NOT TARGETED — INTENTIONALLY,Keyword evidence does not establish exact workshop capability,Convenience/body electronics
ferrari soft close door repair dubai,ferrari soft close door repair dubai,Ferrari,Master Keywords!A3428,DIGI-TEC_SEO_Keyword_Universe_Dubai.xlsx,,GENERATED TAXONOMY,,,,,Unverified service,Unverified exact function,,,NOT TARGETED — INTENTIONALLY,Keyword evidence does not establish exact workshop capability,Convenience/body electronics
ferrari sunroof repair,ferrari sunroof repair,Ferrari,Master Keywords!A3429,DIGI-TEC_SEO_Keyword_Universe_Dubai.xlsx,,GENERATED TAXONOMY,,,,,Unverified service,Unverified exact function,,,NOT TARGETED — INTENTIONALLY,Keyword evidence does not establish exact workshop capability,Convenience/body electronics
ferrari sunroof repair dubai,ferrari sunroof repair dubai,Ferrari,Master Keywords!A3430,DIGI-TEC_SEO_Keyword_Universe_Dubai.xlsx,,GENERATED TAXONOMY,,,,,Unverified service,Unverified exact function,,,NOT TARGETED — INTENTIONALLY,Keyword evidence does not establish exact workshop capability,Convenience/body electronics
ferrari tailgate repair,ferrari tailgate repair,Ferrari,Master Keywords!A3431,DIGI-TEC_SEO_Keyword_Universe_Dubai.xlsx,,GENERATED TAXONOMY,,,,,Unverified service,Unverified exact function,,,NOT TARGETED — INTENTIONALLY,Keyword evidence does not establish exact workshop capability,Convenience/body electronics
ferrari tailgate repair dubai,ferrari tailgate repair dubai,Ferrari,Master Keywords!A3432,DIGI-TEC_SEO_Keyword_Universe_Dubai.xlsx,,GENERATED TAXONOMY,,,,,Unverified service,Unverified exact function,,,NOT TARGETED — INTENTIONALLY,Keyword evidence does not establish exact workshop capability,Convenience/body electronics
ferrari window regulator replacement,ferrari window regulator replacement,Ferrari,Master Keywords!A3433,DIGI-TEC_SEO_Keyword_Universe_Dubai.xlsx,,GENERATED TAXONOMY,,,,,Broad commercial,Ferrari service/repair discovery,/brands/ferrari-service-dubai,,EXISTING OWNER,Single broad booking and directory owner,Convenience/body electronics
ferrari window regulator replacement dubai,ferrari window regulator replacement dubai,Ferrari,Master Keywords!A3434,DIGI-TEC_SEO_Keyword_Universe_Dubai.xlsx,,GENERATED TAXONOMY,,,,,Broad commercial,Ferrari service/repair discovery,/brands/ferrari-service-dubai,,EXISTING OWNER,Single broad booking and directory owner,Convenience/body electronics
ferrari check engine light,ferrari check engine light,Ferrari,Master Keywords!A3435,DIGI-TEC_SEO_Keyword_Universe_Dubai.xlsx,,GENERATED TAXONOMY,,,,,Service section,Symptom assessment,/brands/ferrari-service-dubai/engine-diagnostics,/brands/ferrari-service-dubai,EXISTING OWNER,Existing service supplies diagnostic path; no thin symptom URL,Diagnostics & warning lights
ferrari computer diagnostics,ferrari computer diagnostics,Ferrari,Master Keywords!A3436,DIGI-TEC_SEO_Keyword_Universe_Dubai.xlsx,,GENERATED TAXONOMY,,,,,Commercial service,Ferrari Diagnostics,/brands/ferrari-service-dubai/engine-diagnostics,/brands/ferrari-service-dubai,EXISTING OWNER,Existing brand-specific service; scope confirmed for vehicle,Diagnostics & warning lights
ferrari dashboard warning light,ferrari dashboard warning light,Ferrari,Master Keywords!A3437,DIGI-TEC_SEO_Keyword_Universe_Dubai.xlsx,,GENERATED TAXONOMY,,,,,Commercial service,Ferrari Diagnostics,/brands/ferrari-service-dubai/engine-diagnostics,/brands/ferrari-service-dubai,EXISTING OWNER,Existing brand-specific service; scope confirmed for vehicle,Diagnostics & warning lights
ferrari diagnostic scan,ferrari diagnostic scan,Ferrari,Master Keywords!A3438,DIGI-TEC_SEO_Keyword_Universe_Dubai.xlsx,,GENERATED TAXONOMY,,,,,Commercial service,Ferrari Diagnostics,/brands/ferrari-service-dubai/engine-diagnostics,/brands/ferrari-service-dubai,EXISTING OWNER,Existing brand-specific service; scope confirmed for vehicle,Diagnostics & warning lights
ferrari diagnostics,ferrari diagnostics,Ferrari,Master Keywords!A3439,DIGI-TEC_SEO_Keyword_Universe_Dubai.xlsx,,GENERATED TAXONOMY,,,,,Commercial service,Ferrari Diagnostics,/brands/ferrari-service-dubai/engine-diagnostics,/brands/ferrari-service-dubai,EXISTING OWNER,Existing brand-specific service; scope confirmed for vehicle,Diagnostics & warning lights
ferrari engine warning light,ferrari engine warning light,Ferrari,Master Keywords!A3440,DIGI-TEC_SEO_Keyword_Universe_Dubai.xlsx,,GENERATED TAXONOMY,,,,,Commercial service,Ferrari Diagnostics,/brands/ferrari-service-dubai/engine-diagnostics,/brands/ferrari-service-dubai,EXISTING OWNER,Existing brand-specific service; scope confirmed for vehicle,Diagnostics & warning lights
ferrari fault code scanning,ferrari fault code scanning,Ferrari,Master Keywords!A3441,DIGI-TEC_SEO_Keyword_Universe_Dubai.xlsx,,GENERATED TAXONOMY,,,,,Commercial service,Ferrari Diagnostics,/brands/ferrari-service-dubai/engine-diagnostics,/brands/ferrari-service-dubai,EXISTING OWNER,Existing brand-specific service; scope confirmed for vehicle,Diagnostics & warning lights
ferrari fault diagnosis,ferrari fault diagnosis,Ferrari,Master Keywords!A3442,DIGI-TEC_SEO_Keyword_Universe_Dubai.xlsx,,GENERATED TAXONOMY,,,,,Commercial service,Ferrari Diagnostics,/brands/ferrari-service-dubai/engine-diagnostics,/brands/ferrari-service-dubai,EXISTING OWNER,Existing brand-specific service; scope confirmed for vehicle,Diagnostics & warning lights
ferrari alternator repair,ferrari alternator repair,Ferrari,Master Keywords!A3443,DIGI-TEC_SEO_Keyword_Universe_Dubai.xlsx,,GENERATED TAXONOMY,,,,,Commercial service,Ferrari Electrical assessment,/brands/ferrari-service-dubai/electrical-repair,/brands/ferrari-service-dubai,EXISTING OWNER,Existing brand-specific service; scope confirmed for vehicle,Electrical
ferrari alternator replacement,ferrari alternator replacement,Ferrari,Master Keywords!A3444,DIGI-TEC_SEO_Keyword_Universe_Dubai.xlsx,,GENERATED TAXONOMY,,,,,Commercial service,Ferrari Electrical assessment,/brands/ferrari-service-dubai/electrical-repair,/brands/ferrari-service-dubai,EXISTING OWNER,Existing brand-specific service; scope confirmed for vehicle,Electrical
ferrari battery drain repair,ferrari battery drain repair,Ferrari,Master Keywords!A3445,DIGI-TEC_SEO_Keyword_Universe_Dubai.xlsx,,GENERATED TAXONOMY,,,,,Commercial service,Ferrari 12V battery assessment,/brands/ferrari-service-dubai/battery-replacement,/brands/ferrari-service-dubai,EXISTING OWNER,Existing brand-specific service; scope confirmed for vehicle,Electrical
ferrari battery replacement,ferrari battery replacement,Ferrari,Master Keywords!A3446,DIGI-TEC_SEO_Keyword_Universe_Dubai.xlsx,,GENERATED TAXONOMY,,,,,Commercial service,Ferrari 12V battery assessment,/brands/ferrari-service-dubai/battery-replacement,/brands/ferrari-service-dubai,EXISTING OWNER,Existing brand-specific service; scope confirmed for vehicle,Electrical
ferrari battery replacement near me,ferrari battery replacement near me,Ferrari,Master Keywords!A3447,DIGI-TEC_SEO_Keyword_Universe_Dubai.xlsx,,GENERATED TAXONOMY,,,,,Commercial service,Ferrari 12V battery assessment,/brands/ferrari-service-dubai/battery-replacement,/brands/ferrari-service-dubai,EXISTING OWNER,Existing brand-specific service; scope confirmed for vehicle,Electrical
ferrari coding service,ferrari coding service,Ferrari,Master Keywords!A3448,DIGI-TEC_SEO_Keyword_Universe_Dubai.xlsx,,GENERATED TAXONOMY,,,,,Commercial service,Ferrari Diagnostics,/brands/ferrari-service-dubai/engine-diagnostics,/brands/ferrari-service-dubai,EXISTING OWNER,Existing brand-specific service; scope confirmed for vehicle,Electrical
ferrari ecu programming,ferrari ecu programming,Ferrari,Master Keywords!A3449,DIGI-TEC_SEO_Keyword_Universe_Dubai.xlsx,,GENERATED TAXONOMY,,,,,Commercial service,Ferrari Diagnostics,/brands/ferrari-service-dubai/engine-diagnostics,/brands/ferrari-service-dubai,EXISTING OWNER,Existing brand-specific service; scope confirmed for vehicle,Electrical
ferrari ecu repair,ferrari ecu repair,Ferrari,Master Keywords!A3450,DIGI-TEC_SEO_Keyword_Universe_Dubai.xlsx,,GENERATED TAXONOMY,,,,,Commercial service,Ferrari Electrical assessment,/brands/ferrari-service-dubai/electrical-repair,/brands/ferrari-service-dubai,EXISTING OWNER,Existing brand-specific service; scope confirmed for vehicle,Electrical
ferrari electrical diagnostics,ferrari electrical diagnostics,Ferrari,Master Keywords!A3451,DIGI-TEC_SEO_Keyword_Universe_Dubai.xlsx,,GENERATED TAXONOMY,,,,,Commercial service,Ferrari Diagnostics,/brands/ferrari-service-dubai/engine-diagnostics,/brands/ferrari-service-dubai,EXISTING OWNER,Existing brand-specific service; scope confirmed for vehicle,Electrical
ferrari electrical repair,ferrari electrical repair,Ferrari,Master Keywords!A3452,DIGI-TEC_SEO_Keyword_Universe_Dubai.xlsx,,GENERATED TAXONOMY,,,,,Commercial service,Ferrari Electrical assessment,/brands/ferrari-service-dubai/electrical-repair,/brands/ferrari-service-dubai,EXISTING OWNER,Existing brand-specific service; scope confirmed for vehicle,Electrical
ferrari electrical repair near me,ferrari electrical repair near me,Ferrari,Master Keywords!A3453,DIGI-TEC_SEO_Keyword_Universe_Dubai.xlsx,,GENERATED TAXONOMY,,,,,Commercial service,Ferrari Electrical assessment,/brands/ferrari-service-dubai/electrical-repair,/brands/ferrari-service-dubai,EXISTING OWNER,Existing brand-specific service; scope confirmed for vehicle,Electrical
ferrari key programming,ferrari key programming,Ferrari,Master Keywords!A3454,DIGI-TEC_SEO_Keyword_Universe_Dubai.xlsx,,GENERATED TAXONOMY,,,,,Unverified service,Unverified exact function,,,NOT TARGETED — INTENTIONALLY,Keyword evidence does not establish exact workshop capability,Electrical
ferrari keyless entry repair,ferrari keyless entry repair,Ferrari,Master Keywords!A3455,DIGI-TEC_SEO_Keyword_Universe_Dubai.xlsx,,GENERATED TAXONOMY,,,,,Broad commercial,Ferrari service/repair discovery,/brands/ferrari-service-dubai,,EXISTING OWNER,Single broad booking and directory owner,Electrical
ferrari module programming,ferrari module programming,Ferrari,Master Keywords!A3456,DIGI-TEC_SEO_Keyword_Universe_Dubai.xlsx,,GENERATED TAXONOMY,,,,,Commercial service,Ferrari Diagnostics,/brands/ferrari-service-dubai/engine-diagnostics,/brands/ferrari-service-dubai,EXISTING OWNER,Existing brand-specific service; scope confirmed for vehicle,Electrical
ferrari module repair,ferrari module repair,Ferrari,Master Keywords!A3457,DIGI-TEC_SEO_Keyword_Universe_Dubai.xlsx,,GENERATED TAXONOMY,,,,,Commercial service,Ferrari Electrical assessment,/brands/ferrari-service-dubai/electrical-repair,/brands/ferrari-service-dubai,EXISTING OWNER,Existing brand-specific service; scope confirmed for vehicle,Electrical
ferrari sensor replacement,ferrari sensor replacement,Ferrari,Master Keywords!A3458,DIGI-TEC_SEO_Keyword_Universe_Dubai.xlsx,,GENERATED TAXONOMY,,,,,Commercial service,Ferrari Electrical assessment,/brands/ferrari-service-dubai/electrical-repair,/brands/ferrari-service-dubai,EXISTING OWNER,Existing brand-specific service; scope confirmed for vehicle,Electrical
ferrari starter motor repair,ferrari starter motor repair,Ferrari,Master Keywords!A3459,DIGI-TEC_SEO_Keyword_Universe_Dubai.xlsx,,GENERATED TAXONOMY,,,,,Commercial service,Ferrari 12V battery assessment,/brands/ferrari-service-dubai/battery-replacement,/brands/ferrari-service-dubai,EXISTING OWNER,Existing brand-specific service; scope confirmed for vehicle,Electrical
ferrari starter replacement,ferrari starter replacement,Ferrari,Master Keywords!A3460,DIGI-TEC_SEO_Keyword_Universe_Dubai.xlsx,,GENERATED TAXONOMY,,,,,Commercial service,Ferrari 12V battery assessment,/brands/ferrari-service-dubai/battery-replacement,/brands/ferrari-service-dubai,EXISTING OWNER,Existing brand-specific service; scope confirmed for vehicle,Electrical
ferrari wiring repair,ferrari wiring repair,Ferrari,Master Keywords!A3461,DIGI-TEC_SEO_Keyword_Universe_Dubai.xlsx,,GENERATED TAXONOMY,,,,,Commercial service,Ferrari Electrical assessment,/brands/ferrari-service-dubai/electrical-repair,/brands/ferrari-service-dubai,EXISTING OWNER,Existing brand-specific service; scope confirmed for vehicle,Electrical
ferrari engine mount replacement,ferrari engine mount replacement,Ferrari,Master Keywords!A3462,DIGI-TEC_SEO_Keyword_Universe_Dubai.xlsx,,GENERATED TAXONOMY,,,,,Commercial service,Ferrari Mechanical repair,/brands/ferrari-service-dubai/mechanical-repair,/brands/ferrari-service-dubai,EXISTING OWNER,Existing brand-specific service; scope confirmed for vehicle,Engine
ferrari engine oil leak repair,ferrari engine oil leak repair,Ferrari,Master Keywords!A3463,DIGI-TEC_SEO_Keyword_Universe_Dubai.xlsx,,GENERATED TAXONOMY,,,,,Service section,Symptom assessment,/brands/ferrari-service-dubai/mechanical-repair,/brands/ferrari-service-dubai,EXISTING OWNER,Existing service supplies diagnostic path; no thin symptom URL,Engine
ferrari engine overhaul,ferrari engine overhaul,Ferrari,Master Keywords!A3464,DIGI-TEC_SEO_Keyword_Universe_Dubai.xlsx,,GENERATED TAXONOMY,,,,,Commercial service,Ferrari Mechanical repair,/brands/ferrari-service-dubai/mechanical-repair,/brands/ferrari-service-dubai,EXISTING OWNER,Existing brand-specific service; scope confirmed for vehicle,Engine
ferrari engine overheating repair,ferrari engine overheating repair,Ferrari,Master Keywords!A3465,DIGI-TEC_SEO_Keyword_Universe_Dubai.xlsx,,GENERATED TAXONOMY,,,,,Service section,Symptom assessment,/brands/ferrari-service-dubai/mechanical-repair,/brands/ferrari-service-dubai,EXISTING OWNER,Existing service supplies diagnostic path; no thin symptom URL,Engine
ferrari engine rebuild,ferrari engine rebuild,Ferrari,Master Keywords!A3466,DIGI-TEC_SEO_Keyword_Universe_Dubai.xlsx,,GENERATED TAXONOMY,,,,,Commercial service,Ferrari Mechanical repair,/brands/ferrari-service-dubai/mechanical-repair,/brands/ferrari-service-dubai,EXISTING OWNER,Existing brand-specific service; scope confirmed for vehicle,Engine
ferrari engine repair,ferrari engine repair,Ferrari,Master Keywords!A3467,DIGI-TEC_SEO_Keyword_Universe_Dubai.xlsx,,GENERATED TAXONOMY,,,,,Commercial service,Ferrari Mechanical repair,/brands/ferrari-service-dubai/mechanical-repair,/brands/ferrari-service-dubai,EXISTING OWNER,Existing brand-specific service; scope confirmed for vehicle,Engine
ferrari engine repair near me,ferrari engine repair near me,Ferrari,Master Keywords!A3468,DIGI-TEC_SEO_Keyword_Universe_Dubai.xlsx,,GENERATED TAXONOMY,,,,,Commercial service,Ferrari Mechanical repair,/brands/ferrari-service-dubai/mechanical-repair,/brands/ferrari-service-dubai,EXISTING OWNER,Existing brand-specific service; scope confirmed for vehicle,Engine
ferrari engine replacement,ferrari engine replacement,Ferrari,Master Keywords!A3469,DIGI-TEC_SEO_Keyword_Universe_Dubai.xlsx,,GENERATED TAXONOMY,,,,,Commercial service,Ferrari Mechanical repair,/brands/ferrari-service-dubai/mechanical-repair,/brands/ferrari-service-dubai,EXISTING OWNER,Existing brand-specific service; scope confirmed for vehicle,Engine
ferrari loss of power repair,ferrari loss of power repair,Ferrari,Master Keywords!A3470,DIGI-TEC_SEO_Keyword_Universe_Dubai.xlsx,,GENERATED TAXONOMY,,,,,Service section,Symptom assessment,/brands/ferrari-service-dubai/engine-diagnostics,/brands/ferrari-service-dubai,EXISTING OWNER,Existing service supplies diagnostic path; no thin symptom URL,Engine
ferrari misfire repair,ferrari misfire repair,Ferrari,Master Keywords!A3471,DIGI-TEC_SEO_Keyword_Universe_Dubai.xlsx,,GENERATED TAXONOMY,,,,,Broad commercial,Ferrari service/repair discovery,/brands/ferrari-service-dubai,,EXISTING OWNER,Single broad booking and directory owner,Engine
ferrari timing belt replacement,ferrari timing belt replacement,Ferrari,Master Keywords!A3472,DIGI-TEC_SEO_Keyword_Universe_Dubai.xlsx,,GENERATED TAXONOMY,,,,,Commercial service,Ferrari Mechanical repair,/brands/ferrari-service-dubai/mechanical-repair,/brands/ferrari-service-dubai,EXISTING OWNER,Existing brand-specific service; scope confirmed for vehicle,Engine
ferrari timing chain repair,ferrari timing chain repair,Ferrari,Master Keywords!A3473,DIGI-TEC_SEO_Keyword_Universe_Dubai.xlsx,,GENERATED TAXONOMY,,,,,Commercial service,Ferrari Mechanical repair,/brands/ferrari-service-dubai/mechanical-repair,/brands/ferrari-service-dubai,EXISTING OWNER,Existing brand-specific service; scope confirmed for vehicle,Engine
ferrari valve cover gasket replacement,ferrari valve cover gasket replacement,Ferrari,Master Keywords!A3474,DIGI-TEC_SEO_Keyword_Universe_Dubai.xlsx,,GENERATED TAXONOMY,,,,,Broad commercial,Ferrari service/repair discovery,/brands/ferrari-service-dubai,,EXISTING OWNER,Single broad booking and directory owner,Engine
ferrari catalytic converter repair,ferrari catalytic converter repair,Ferrari,Master Keywords!A3475,DIGI-TEC_SEO_Keyword_Universe_Dubai.xlsx,,GENERATED TAXONOMY,,,,,Commercial service,Ferrari Exhaust repair,/brands/ferrari-service-dubai/exhaust-repair,/brands/ferrari-service-dubai,EXISTING OWNER,Existing brand-specific service; scope confirmed for vehicle,Exhaust & emissions
ferrari catalytic converter repair dubai,ferrari catalytic converter repair dubai,Ferrari,Master Keywords!A3476,DIGI-TEC_SEO_Keyword_Universe_Dubai.xlsx,,GENERATED TAXONOMY,,,,,Commercial service,Ferrari Exhaust repair,/brands/ferrari-service-dubai/exhaust-repair,/brands/ferrari-service-dubai,EXISTING OWNER,Existing brand-specific service; scope confirmed for vehicle,Exhaust & emissions
ferrari emissions repair,ferrari emissions repair,Ferrari,Master Keywords!A3477,DIGI-TEC_SEO_Keyword_Universe_Dubai.xlsx,,GENERATED TAXONOMY,,,,,Commercial service,Ferrari Exhaust repair,/brands/ferrari-service-dubai/exhaust-repair,/brands/ferrari-service-dubai,EXISTING OWNER,Existing brand-specific service; scope confirmed for vehicle,Exhaust & emissions
ferrari emissions repair dubai,ferrari emissions repair dubai,Ferrari,Master Keywords!A3478,DIGI-TEC_SEO_Keyword_Universe_Dubai.xlsx,,GENERATED TAXONOMY,,,,,Commercial service,Ferrari Exhaust repair,/brands/ferrari-service-dubai/exhaust-repair,/brands/ferrari-service-dubai,EXISTING OWNER,Existing brand-specific service; scope confirmed for vehicle,Exhaust & emissions
ferrari exhaust leak repair,ferrari exhaust leak repair,Ferrari,Master Keywords!A3479,DIGI-TEC_SEO_Keyword_Universe_Dubai.xlsx,,GENERATED TAXONOMY,,,,,Commercial service,Ferrari Exhaust repair,/brands/ferrari-service-dubai/exhaust-repair,/brands/ferrari-service-dubai,EXISTING OWNER,Existing brand-specific service; scope confirmed for vehicle,Exhaust & emissions
ferrari exhaust leak repair dubai,ferrari exhaust leak repair dubai,Ferrari,Master Keywords!A3480,DIGI-TEC_SEO_Keyword_Universe_Dubai.xlsx,,GENERATED TAXONOMY,,,,,Commercial service,Ferrari Exhaust repair,/brands/ferrari-service-dubai/exhaust-repair,/brands/ferrari-service-dubai,EXISTING OWNER,Existing brand-specific service; scope confirmed for vehicle,Exhaust & emissions
ferrari exhaust repair,ferrari exhaust repair,Ferrari,Master Keywords!A3481,DIGI-TEC_SEO_Keyword_Universe_Dubai.xlsx,,GENERATED TAXONOMY,,,,,Commercial service,Ferrari Exhaust repair,/brands/ferrari-service-dubai/exhaust-repair,/brands/ferrari-service-dubai,EXISTING OWNER,Existing brand-specific service; scope confirmed for vehicle,Exhaust & emissions
ferrari exhaust repair dubai,ferrari exhaust repair dubai,Ferrari,Master Keywords!A3482,DIGI-TEC_SEO_Keyword_Universe_Dubai.xlsx,,GENERATED TAXONOMY,,,,,Commercial service,Ferrari Exhaust repair,/brands/ferrari-service-dubai/exhaust-repair,/brands/ferrari-service-dubai,EXISTING OWNER,Existing brand-specific service; scope confirmed for vehicle,Exhaust & emissions
ferrari exhaust replacement,ferrari exhaust replacement,Ferrari,Master Keywords!A3483,DIGI-TEC_SEO_Keyword_Universe_Dubai.xlsx,,GENERATED TAXONOMY,,,,,Commercial service,Ferrari Exhaust repair,/brands/ferrari-service-dubai/exhaust-repair,/brands/ferrari-service-dubai,EXISTING OWNER,Existing brand-specific service; scope confirmed for vehicle,Exhaust & emissions
ferrari exhaust replacement dubai,ferrari exhaust replacement dubai,Ferrari,Master Keywords!A3484,DIGI-TEC_SEO_Keyword_Universe_Dubai.xlsx,,GENERATED TAXONOMY,,,,,Commercial service,Ferrari Exhaust repair,/brands/ferrari-service-dubai/exhaust-repair,/brands/ferrari-service-dubai,EXISTING OWNER,Existing brand-specific service; scope confirmed for vehicle,Exhaust & emissions
ferrari exhaust upgrade,ferrari exhaust upgrade,Ferrari,Master Keywords!A3485,DIGI-TEC_SEO_Keyword_Universe_Dubai.xlsx,,GENERATED TAXONOMY,,,,,Commercial service,Ferrari Exhaust repair,/brands/ferrari-service-dubai/exhaust-repair,/brands/ferrari-service-dubai,EXISTING OWNER,Existing brand-specific service; scope confirmed for vehicle,Exhaust & emissions
ferrari exhaust upgrade dubai,ferrari exhaust upgrade dubai,Ferrari,Master Keywords!A3486,DIGI-TEC_SEO_Keyword_Universe_Dubai.xlsx,,GENERATED TAXONOMY,,,,,Commercial service,Ferrari Exhaust repair,/brands/ferrari-service-dubai/exhaust-repair,/brands/ferrari-service-dubai,EXISTING OWNER,Existing brand-specific service; scope confirmed for vehicle,Exhaust & emissions
ferrari muffler repair,ferrari muffler repair,Ferrari,Master Keywords!A3487,DIGI-TEC_SEO_Keyword_Universe_Dubai.xlsx,,GENERATED TAXONOMY,,,,,Commercial service,Ferrari Exhaust repair,/brands/ferrari-service-dubai/exhaust-repair,/brands/ferrari-service-dubai,EXISTING OWNER,Existing brand-specific service; scope confirmed for vehicle,Exhaust & emissions
ferrari muffler repair dubai,ferrari muffler repair dubai,Ferrari,Master Keywords!A3488,DIGI-TEC_SEO_Keyword_Universe_Dubai.xlsx,,GENERATED TAXONOMY,,,,,Commercial service,Ferrari Exhaust repair,/brands/ferrari-service-dubai/exhaust-repair,/brands/ferrari-service-dubai,EXISTING OWNER,Existing brand-specific service; scope confirmed for vehicle,Exhaust & emissions
ferrari oxygen sensor replacement,ferrari oxygen sensor replacement,Ferrari,Master Keywords!A3489,DIGI-TEC_SEO_Keyword_Universe_Dubai.xlsx,,GENERATED TAXONOMY,,,,,Commercial service,Ferrari Electrical assessment,/brands/ferrari-service-dubai/electrical-repair,/brands/ferrari-service-dubai,EXISTING OWNER,Existing brand-specific service; scope confirmed for vehicle,Exhaust & emissions
ferrari oxygen sensor replacement dubai,ferrari oxygen sensor replacement dubai,Ferrari,Master Keywords!A3490,DIGI-TEC_SEO_Keyword_Universe_Dubai.xlsx,,GENERATED TAXONOMY,,,,,Commercial service,Ferrari Electrical assessment,/brands/ferrari-service-dubai/electrical-repair,/brands/ferrari-service-dubai,EXISTING OWNER,Existing brand-specific service; scope confirmed for vehicle,Exhaust & emissions
ferrari car repair,ferrari car repair,Ferrari,Master Keywords!A3491,DIGI-TEC_SEO_Keyword_Universe_Dubai.xlsx,,GENERATED TAXONOMY,,,,,Broad commercial,Ferrari service/repair discovery,/brands/ferrari-service-dubai,,EXISTING OWNER,Single broad booking and directory owner,General repair
ferrari garage,ferrari garage,Ferrari,Master Keywords!A3492,DIGI-TEC_SEO_Keyword_Universe_Dubai.xlsx,,GENERATED TAXONOMY,,,,,Broad commercial,Ferrari service/repair discovery,/brands/ferrari-service-dubai,,EXISTING OWNER,Single broad booking and directory owner,General repair
ferrari garage near me,ferrari garage near me,Ferrari,Master Keywords!A3493,DIGI-TEC_SEO_Keyword_Universe_Dubai.xlsx,,GENERATED TAXONOMY,,,,,Broad commercial,Ferrari service/repair discovery,/brands/ferrari-service-dubai,,EXISTING OWNER,Single broad booking and directory owner,General repair
ferrari service near me,ferrari service near me,Ferrari,Master Keywords!A3494,DIGI-TEC_SEO_Keyword_Universe_Dubai.xlsx,,GENERATED TAXONOMY,,,,,Broad commercial,Ferrari service/repair discovery,/brands/ferrari-service-dubai,,EXISTING OWNER,Single broad booking and directory owner,General repair
ferrari specialist near me,ferrari specialist near me,Ferrari,Master Keywords!A3495,DIGI-TEC_SEO_Keyword_Universe_Dubai.xlsx,,GENERATED TAXONOMY,,,,,Broad commercial,Ferrari service/repair discovery,/brands/ferrari-service-dubai,,EXISTING OWNER,Single broad booking and directory owner,General repair
ferrari workshop,ferrari workshop,Ferrari,Master Keywords!A3496,DIGI-TEC_SEO_Keyword_Universe_Dubai.xlsx,,GENERATED TAXONOMY,,,,,Broad commercial,Ferrari service/repair discovery,/brands/ferrari-service-dubai,,EXISTING OWNER,Single broad booking and directory owner,General repair
ferrari workshop near me,ferrari workshop near me,Ferrari,Master Keywords!A3497,DIGI-TEC_SEO_Keyword_Universe_Dubai.xlsx,,GENERATED TAXONOMY,,,,,Broad commercial,Ferrari service/repair discovery,/brands/ferrari-service-dubai,,EXISTING OWNER,Single broad booking and directory owner,General repair
ferrari android auto upgrade,ferrari android auto upgrade,Ferrari,Master Keywords!A3498,DIGI-TEC_SEO_Keyword_Universe_Dubai.xlsx,,GENERATED TAXONOMY,,,,,Broad commercial,Ferrari service/repair discovery,/brands/ferrari-service-dubai,,EXISTING OWNER,Single broad booking and directory owner,Infotainment & electronics
ferrari android auto upgrade dubai,ferrari android auto upgrade dubai,Ferrari,Master Keywords!A3499,DIGI-TEC_SEO_Keyword_Universe_Dubai.xlsx,,GENERATED TAXONOMY,,,,,Broad commercial,Ferrari service/repair discovery,/brands/ferrari-service-dubai,,EXISTING OWNER,Single broad booking and directory owner,Infotainment & electronics
ferrari apple carplay upgrade,ferrari apple carplay upgrade,Ferrari,Master Keywords!A3500,DIGI-TEC_SEO_Keyword_Universe_Dubai.xlsx,,GENERATED TAXONOMY,,,,,Broad commercial,Ferrari service/repair discovery,/brands/ferrari-service-dubai,,EXISTING OWNER,Single broad booking and directory owner,Infotainment & electronics
ferrari apple carplay upgrade dubai,ferrari apple carplay upgrade dubai,Ferrari,Master Keywords!A3501,DIGI-TEC_SEO_Keyword_Universe_Dubai.xlsx,,GENERATED TAXONOMY,,,,,Broad commercial,Ferrari service/repair discovery,/brands/ferrari-service-dubai,,EXISTING OWNER,Single broad booking and directory owner,Infotainment & electronics
ferrari camera not working,ferrari camera not working,Ferrari,Master Keywords!A3502,DIGI-TEC_SEO_Keyword_Universe_Dubai.xlsx,,GENERATED TAXONOMY,,,,,Commercial service,Ferrari Electrical assessment,/brands/ferrari-service-dubai/electrical-repair,/brands/ferrari-service-dubai,EXISTING OWNER,Existing brand-specific service; scope confirmed for vehicle,Infotainment & electronics
ferrari camera not working dubai,ferrari camera not working dubai,Ferrari,Master Keywords!A3503,DIGI-TEC_SEO_Keyword_Universe_Dubai.xlsx,,GENERATED TAXONOMY,,,,,Commercial service,Ferrari Electrical assessment,/brands/ferrari-service-dubai/electrical-repair,/brands/ferrari-service-dubai,EXISTING OWNER,Existing brand-specific service; scope confirmed for vehicle,Infotainment & electronics
ferrari head unit repair,ferrari head unit repair,Ferrari,Master Keywords!A3504,DIGI-TEC_SEO_Keyword_Universe_Dubai.xlsx,,GENERATED TAXONOMY,,,,,Broad commercial,Ferrari service/repair discovery,/brands/ferrari-service-dubai,,EXISTING OWNER,Single broad booking and directory owner,Infotainment & electronics
ferrari head unit repair dubai,ferrari head unit repair dubai,Ferrari,Master Keywords!A3505,DIGI-TEC_SEO_Keyword_Universe_Dubai.xlsx,,GENERATED TAXONOMY,,,,,Broad commercial,Ferrari service/repair discovery,/brands/ferrari-service-dubai,,EXISTING OWNER,Single broad booking and directory owner,Infotainment & electronics
ferrari infotainment repair,ferrari infotainment repair,Ferrari,Master Keywords!A3506,DIGI-TEC_SEO_Keyword_Universe_Dubai.xlsx,,GENERATED TAXONOMY,,,,,Commercial service,Ferrari Electrical assessment,/brands/ferrari-service-dubai/electrical-repair,/brands/ferrari-service-dubai,EXISTING OWNER,Existing brand-specific service; scope confirmed for vehicle,Infotainment & electronics
ferrari infotainment repair dubai,ferrari infotainment repair dubai,Ferrari,Master Keywords!A3507,DIGI-TEC_SEO_Keyword_Universe_Dubai.xlsx,,GENERATED TAXONOMY,,,,,Commercial service,Ferrari Electrical assessment,/brands/ferrari-service-dubai/electrical-repair,/brands/ferrari-service-dubai,EXISTING OWNER,Existing brand-specific service; scope confirmed for vehicle,Infotainment & electronics
ferrari instrument cluster repair,ferrari instrument cluster repair,Ferrari,Master Keywords!A3508,DIGI-TEC_SEO_Keyword_Universe_Dubai.xlsx,,GENERATED TAXONOMY,,,,,Broad commercial,Ferrari service/repair discovery,/brands/ferrari-service-dubai,,EXISTING OWNER,Single broad booking and directory owner,Infotainment & electronics
ferrari instrument cluster repair dubai,ferrari instrument cluster repair dubai,Ferrari,Master Keywords!A3509,DIGI-TEC_SEO_Keyword_Universe_Dubai.xlsx,,GENERATED TAXONOMY,,,,,Broad commercial,Ferrari service/repair discovery,/brands/ferrari-service-dubai,,EXISTING OWNER,Single broad booking and directory owner,Infotainment & electronics
ferrari navigation repair,ferrari navigation repair,Ferrari,Master Keywords!A3510,DIGI-TEC_SEO_Keyword_Universe_Dubai.xlsx,,GENERATED TAXONOMY,,,,,Broad commercial,Ferrari service/repair discovery,/brands/ferrari-service-dubai,,EXISTING OWNER,Single broad booking and directory owner,Infotainment & electronics
ferrari navigation repair dubai,ferrari navigation repair dubai,Ferrari,Master Keywords!A3511,DIGI-TEC_SEO_Keyword_Universe_Dubai.xlsx,,GENERATED TAXONOMY,,,,,Broad commercial,Ferrari service/repair discovery,/brands/ferrari-service-dubai,,EXISTING OWNER,Single broad booking and directory owner,Infotainment & electronics
ferrari reverse camera installation,ferrari reverse camera installation,Ferrari,Master Keywords!A3512,DIGI-TEC_SEO_Keyword_Universe_Dubai.xlsx,,GENERATED TAXONOMY,,,,,Commercial service,Ferrari Electrical assessment,/brands/ferrari-service-dubai/electrical-repair,/brands/ferrari-service-dubai,EXISTING OWNER,Existing brand-specific service; scope confirmed for vehicle,Infotainment & electronics
ferrari reverse camera installation dubai,ferrari reverse camera installation dubai,Ferrari,Master Keywords!A3513,DIGI-TEC_SEO_Keyword_Universe_Dubai.xlsx,,GENERATED TAXONOMY,,,,,Commercial service,Ferrari Electrical assessment,/brands/ferrari-service-dubai/electrical-repair,/brands/ferrari-service-dubai,EXISTING OWNER,Existing brand-specific service; scope confirmed for vehicle,Infotainment & electronics
ferrari reverse camera repair,ferrari reverse camera repair,Ferrari,Master Keywords!A3514,DIGI-TEC_SEO_Keyword_Universe_Dubai.xlsx,,GENERATED TAXONOMY,,,,,Commercial service,Ferrari Electrical assessment,/brands/ferrari-service-dubai/electrical-repair,/brands/ferrari-service-dubai,EXISTING OWNER,Existing brand-specific service; scope confirmed for vehicle,Infotainment & electronics
ferrari reverse camera repair dubai,ferrari reverse camera repair dubai,Ferrari,Master Keywords!A3515,DIGI-TEC_SEO_Keyword_Universe_Dubai.xlsx,,GENERATED TAXONOMY,,,,,Commercial service,Ferrari Electrical assessment,/brands/ferrari-service-dubai/electrical-repair,/brands/ferrari-service-dubai,EXISTING OWNER,Existing brand-specific service; scope confirmed for vehicle,Infotainment & electronics
ferrari screen repair,ferrari screen repair,Ferrari,Master Keywords!A3516,DIGI-TEC_SEO_Keyword_Universe_Dubai.xlsx,,GENERATED TAXONOMY,,,,,Commercial service,Ferrari Electrical assessment,/brands/ferrari-service-dubai/electrical-repair,/brands/ferrari-service-dubai,EXISTING OWNER,Existing brand-specific service; scope confirmed for vehicle,Infotainment & electronics
ferrari screen repair dubai,ferrari screen repair dubai,Ferrari,Master Keywords!A3517,DIGI-TEC_SEO_Keyword_Universe_Dubai.xlsx,,GENERATED TAXONOMY,,,,,Commercial service,Ferrari Electrical assessment,/brands/ferrari-service-dubai/electrical-repair,/brands/ferrari-service-dubai,EXISTING OWNER,Existing brand-specific service; scope confirmed for vehicle,Infotainment & electronics
ferrari screen replacement,ferrari screen replacement,Ferrari,Master Keywords!A3518,DIGI-TEC_SEO_Keyword_Universe_Dubai.xlsx,,GENERATED TAXONOMY,,,,,Commercial service,Ferrari Electrical assessment,/brands/ferrari-service-dubai/electrical-repair,/brands/ferrari-service-dubai,EXISTING OWNER,Existing brand-specific service; scope confirmed for vehicle,Infotainment & electronics
ferrari screen replacement dubai,ferrari screen replacement dubai,Ferrari,Master Keywords!A3519,DIGI-TEC_SEO_Keyword_Universe_Dubai.xlsx,,GENERATED TAXONOMY,,,,,Commercial service,Ferrari Electrical assessment,/brands/ferrari-service-dubai/electrical-repair,/brands/ferrari-service-dubai,EXISTING OWNER,Existing brand-specific service; scope confirmed for vehicle,Infotainment & electronics
ferrari sound system upgrade,ferrari sound system upgrade,Ferrari,Master Keywords!A3520,DIGI-TEC_SEO_Keyword_Universe_Dubai.xlsx,,GENERATED TAXONOMY,,,,,Broad commercial,Ferrari service/repair discovery,/brands/ferrari-service-dubai,,EXISTING OWNER,Single broad booking and directory owner,Infotainment & electronics
ferrari sound system upgrade dubai,ferrari sound system upgrade dubai,Ferrari,Master Keywords!A3521,DIGI-TEC_SEO_Keyword_Universe_Dubai.xlsx,,GENERATED TAXONOMY,,,,,Broad commercial,Ferrari service/repair discovery,/brands/ferrari-service-dubai,,EXISTING OWNER,Single broad booking and directory owner,Infotainment & electronics
ferrari stereo repair,ferrari stereo repair,Ferrari,Master Keywords!A3522,DIGI-TEC_SEO_Keyword_Universe_Dubai.xlsx,,GENERATED TAXONOMY,,,,,Broad commercial,Ferrari service/repair discovery,/brands/ferrari-service-dubai,,EXISTING OWNER,Single broad booking and directory owner,Infotainment & electronics
ferrari stereo repair dubai,ferrari stereo repair dubai,Ferrari,Master Keywords!A3523,DIGI-TEC_SEO_Keyword_Universe_Dubai.xlsx,,GENERATED TAXONOMY,,,,,Broad commercial,Ferrari service/repair discovery,/brands/ferrari-service-dubai,,EXISTING OWNER,Single broad booking and directory owner,Infotainment & electronics
ferrari stereo upgrade,ferrari stereo upgrade,Ferrari,Master Keywords!A3524,DIGI-TEC_SEO_Keyword_Universe_Dubai.xlsx,,GENERATED TAXONOMY,,,,,Broad commercial,Ferrari service/repair discovery,/brands/ferrari-service-dubai,,EXISTING OWNER,Single broad booking and directory owner,Infotainment & electronics
ferrari stereo upgrade dubai,ferrari stereo upgrade dubai,Ferrari,Master Keywords!A3525,DIGI-TEC_SEO_Keyword_Universe_Dubai.xlsx,,GENERATED TAXONOMY,,,,,Broad commercial,Ferrari service/repair discovery,/brands/ferrari-service-dubai,,EXISTING OWNER,Single broad booking and directory owner,Infotainment & electronics
ferrari touch screen repair,ferrari touch screen repair,Ferrari,Master Keywords!A3526,DIGI-TEC_SEO_Keyword_Universe_Dubai.xlsx,,GENERATED TAXONOMY,,,,,Commercial service,Ferrari Electrical assessment,/brands/ferrari-service-dubai/electrical-repair,/brands/ferrari-service-dubai,EXISTING OWNER,Existing brand-specific service; scope confirmed for vehicle,Infotainment & electronics
ferrari touch screen repair dubai,ferrari touch screen repair dubai,Ferrari,Master Keywords!A3527,DIGI-TEC_SEO_Keyword_Universe_Dubai.xlsx,,GENERATED TAXONOMY,,,,,Commercial service,Ferrari Electrical assessment,/brands/ferrari-service-dubai/electrical-repair,/brands/ferrari-service-dubai,EXISTING OWNER,Existing brand-specific service; scope confirmed for vehicle,Infotainment & electronics
ferrari car inspection,ferrari car inspection,Ferrari,Master Keywords!A3528,DIGI-TEC_SEO_Keyword_Universe_Dubai.xlsx,,GENERATED TAXONOMY,,,,,Broad commercial,Ferrari service/repair discovery,/brands/ferrari-service-dubai,,EXISTING OWNER,Single broad booking and directory owner,Inspection
ferrari car inspection dubai,ferrari car inspection dubai,Ferrari,Master Keywords!A3529,DIGI-TEC_SEO_Keyword_Universe_Dubai.xlsx,,GENERATED TAXONOMY,,,,,Broad commercial,Ferrari service/repair discovery,/brands/ferrari-service-dubai,,EXISTING OWNER,Single broad booking and directory owner,Inspection
ferrari ppi,ferrari ppi,Ferrari,Master Keywords!A3530,DIGI-TEC_SEO_Keyword_Universe_Dubai.xlsx,,GENERATED TAXONOMY,,,,,Broad commercial,Ferrari service/repair discovery,/brands/ferrari-service-dubai,,EXISTING OWNER,Single broad booking and directory owner,Inspection
ferrari ppi dubai,ferrari ppi dubai,Ferrari,Master Keywords!A3531,DIGI-TEC_SEO_Keyword_Universe_Dubai.xlsx,,GENERATED TAXONOMY,,,,,Broad commercial,Ferrari service/repair discovery,/brands/ferrari-service-dubai,,EXISTING OWNER,Single broad booking and directory owner,Inspection
ferrari pre purchase inspection,ferrari pre purchase inspection,Ferrari,Master Keywords!A3532,DIGI-TEC_SEO_Keyword_Universe_Dubai.xlsx,,GENERATED TAXONOMY,,,,,Broad commercial,Ferrari service/repair discovery,/brands/ferrari-service-dubai,,EXISTING OWNER,Single broad booking and directory owner,Inspection
ferrari pre purchase inspection dubai,ferrari pre purchase inspection dubai,Ferrari,Master Keywords!A3533,DIGI-TEC_SEO_Keyword_Universe_Dubai.xlsx,,GENERATED TAXONOMY,,,,,Broad commercial,Ferrari service/repair discovery,/brands/ferrari-service-dubai,,EXISTING OWNER,Single broad booking and directory owner,Inspection
ferrari used car inspection,ferrari used car inspection,Ferrari,Master Keywords!A3534,DIGI-TEC_SEO_Keyword_Universe_Dubai.xlsx,,GENERATED TAXONOMY,,,,,Broad commercial,Ferrari service/repair discovery,/brands/ferrari-service-dubai,,EXISTING OWNER,Single broad booking and directory owner,Inspection
ferrari used car inspection dubai,ferrari used car inspection dubai,Ferrari,Master Keywords!A3535,DIGI-TEC_SEO_Keyword_Universe_Dubai.xlsx,,GENERATED TAXONOMY,,,,,Broad commercial,Ferrari service/repair discovery,/brands/ferrari-service-dubai,,EXISTING OWNER,Single broad booking and directory owner,Inspection
ferrari vehicle inspection,ferrari vehicle inspection,Ferrari,Master Keywords!A3536,DIGI-TEC_SEO_Keyword_Universe_Dubai.xlsx,,GENERATED TAXONOMY,,,,,Broad commercial,Ferrari service/repair discovery,/brands/ferrari-service-dubai,,EXISTING OWNER,Single broad booking and directory owner,Inspection
ferrari vehicle inspection dubai,ferrari vehicle inspection dubai,Ferrari,Master Keywords!A3537,DIGI-TEC_SEO_Keyword_Universe_Dubai.xlsx,,GENERATED TAXONOMY,,,,,Broad commercial,Ferrari service/repair discovery,/brands/ferrari-service-dubai,,EXISTING OWNER,Single broad booking and directory owner,Inspection
ferrari dyno tuning,ferrari dyno tuning,Ferrari,Master Keywords!A3538,DIGI-TEC_SEO_Keyword_Universe_Dubai.xlsx,,GENERATED TAXONOMY,,,,,Cross-brand commercial,Performance project,/tuning,/brands/ferrari-service-dubai,EXISTING OWNER,Existing tuning enquiry; exact application and gains unpromised,Performance
ferrari dyno tuning dubai,ferrari dyno tuning dubai,Ferrari,Master Keywords!A3539,DIGI-TEC_SEO_Keyword_Universe_Dubai.xlsx,,GENERATED TAXONOMY,,,,,Cross-brand commercial,Performance project,/tuning,/brands/ferrari-service-dubai,EXISTING OWNER,Existing tuning enquiry; exact application and gains unpromised,Performance
ferrari ecu remap,ferrari ecu remap,Ferrari,Master Keywords!A3540,DIGI-TEC_SEO_Keyword_Universe_Dubai.xlsx,,GENERATED TAXONOMY,,,,,Cross-brand commercial,Performance project,/tuning,/brands/ferrari-service-dubai,EXISTING OWNER,Existing tuning enquiry; exact application and gains unpromised,Performance
ferrari ecu remap dubai,ferrari ecu remap dubai,Ferrari,Master Keywords!A3541,DIGI-TEC_SEO_Keyword_Universe_Dubai.xlsx,,GENERATED TAXONOMY,,,,,Cross-brand commercial,Performance project,/tuning,/brands/ferrari-service-dubai,EXISTING OWNER,Existing tuning enquiry; exact application and gains unpromised,Performance
ferrari ecu tuning,ferrari ecu tuning,Ferrari,Master Keywords!A3542,DIGI-TEC_SEO_Keyword_Universe_Dubai.xlsx,,GENERATED TAXONOMY,,,,,Cross-brand commercial,Performance project,/tuning,/brands/ferrari-service-dubai,EXISTING OWNER,Existing tuning enquiry; exact application and gains unpromised,Performance
ferrari ecu tuning dubai,ferrari ecu tuning dubai,Ferrari,Master Keywords!A3543,DIGI-TEC_SEO_Keyword_Universe_Dubai.xlsx,,GENERATED TAXONOMY,,,,,Cross-brand commercial,Performance project,/tuning,/brands/ferrari-service-dubai,EXISTING OWNER,Existing tuning enquiry; exact application and gains unpromised,Performance
ferrari performance tuning,ferrari performance tuning,Ferrari,Master Keywords!A3544,DIGI-TEC_SEO_Keyword_Universe_Dubai.xlsx,,GENERATED TAXONOMY,,,,,Cross-brand commercial,Performance project,/tuning,/brands/ferrari-service-dubai,EXISTING OWNER,Existing tuning enquiry; exact application and gains unpromised,Performance
ferrari performance tuning dubai,ferrari performance tuning dubai,Ferrari,Master Keywords!A3545,DIGI-TEC_SEO_Keyword_Universe_Dubai.xlsx,,GENERATED TAXONOMY,,,,,Cross-brand commercial,Performance project,/tuning,/brands/ferrari-service-dubai,EXISTING OWNER,Existing tuning enquiry; exact application and gains unpromised,Performance
ferrari performance upgrade,ferrari performance upgrade,Ferrari,Master Keywords!A3546,DIGI-TEC_SEO_Keyword_Universe_Dubai.xlsx,,GENERATED TAXONOMY,,,,,Broad commercial,Ferrari service/repair discovery,/brands/ferrari-service-dubai,,EXISTING OWNER,Single broad booking and directory owner,Performance
ferrari performance upgrade dubai,ferrari performance upgrade dubai,Ferrari,Master Keywords!A3547,DIGI-TEC_SEO_Keyword_Universe_Dubai.xlsx,,GENERATED TAXONOMY,,,,,Broad commercial,Ferrari service/repair discovery,/brands/ferrari-service-dubai,,EXISTING OWNER,Single broad booking and directory owner,Performance
ferrari stage 1 tuning,ferrari stage 1 tuning,Ferrari,Master Keywords!A3548,DIGI-TEC_SEO_Keyword_Universe_Dubai.xlsx,,GENERATED TAXONOMY,,,,,Cross-brand commercial,Performance project,/tuning,/brands/ferrari-service-dubai,EXISTING OWNER,Existing tuning enquiry; exact application and gains unpromised,Performance
ferrari stage 1 tuning dubai,ferrari stage 1 tuning dubai,Ferrari,Master Keywords!A3549,DIGI-TEC_SEO_Keyword_Universe_Dubai.xlsx,,GENERATED TAXONOMY,,,,,Cross-brand commercial,Performance project,/tuning,/brands/ferrari-service-dubai,EXISTING OWNER,Existing tuning enquiry; exact application and gains unpromised,Performance
ferrari stage 2 tuning,ferrari stage 2 tuning,Ferrari,Master Keywords!A3550,DIGI-TEC_SEO_Keyword_Universe_Dubai.xlsx,,GENERATED TAXONOMY,,,,,Cross-brand commercial,Performance project,/tuning,/brands/ferrari-service-dubai,EXISTING OWNER,Existing tuning enquiry; exact application and gains unpromised,Performance
ferrari stage 2 tuning dubai,ferrari stage 2 tuning dubai,Ferrari,Master Keywords!A3551,DIGI-TEC_SEO_Keyword_Universe_Dubai.xlsx,,GENERATED TAXONOMY,,,,,Cross-brand commercial,Performance project,/tuning,/brands/ferrari-service-dubai,EXISTING OWNER,Existing tuning enquiry; exact application and gains unpromised,Performance
ferrari turbo repair,ferrari turbo repair,Ferrari,Master Keywords!A3552,DIGI-TEC_SEO_Keyword_Universe_Dubai.xlsx,,GENERATED TAXONOMY,,,,,Commercial service,Ferrari Mechanical repair,/brands/ferrari-service-dubai/mechanical-repair,/brands/ferrari-service-dubai,EXISTING OWNER,Existing brand-specific service; scope confirmed for vehicle,Performance
ferrari turbo repair dubai,ferrari turbo repair dubai,Ferrari,Master Keywords!A3553,DIGI-TEC_SEO_Keyword_Universe_Dubai.xlsx,,GENERATED TAXONOMY,,,,,Commercial service,Ferrari Mechanical repair,/brands/ferrari-service-dubai/mechanical-repair,/brands/ferrari-service-dubai,EXISTING OWNER,Existing brand-specific service; scope confirmed for vehicle,Performance
ferrari turbo replacement,ferrari turbo replacement,Ferrari,Master Keywords!A3554,DIGI-TEC_SEO_Keyword_Universe_Dubai.xlsx,,GENERATED TAXONOMY,,,,,Commercial service,Ferrari Mechanical repair,/brands/ferrari-service-dubai/mechanical-repair,/brands/ferrari-service-dubai,EXISTING OWNER,Existing brand-specific service; scope confirmed for vehicle,Performance
ferrari turbo replacement dubai,ferrari turbo replacement dubai,Ferrari,Master Keywords!A3555,DIGI-TEC_SEO_Keyword_Universe_Dubai.xlsx,,GENERATED TAXONOMY,,,,,Commercial service,Ferrari Mechanical repair,/brands/ferrari-service-dubai/mechanical-repair,/brands/ferrari-service-dubai,EXISTING OWNER,Existing brand-specific service; scope confirmed for vehicle,Performance
ferrari turbo upgrade,ferrari turbo upgrade,Ferrari,Master Keywords!A3556,DIGI-TEC_SEO_Keyword_Universe_Dubai.xlsx,,GENERATED TAXONOMY,,,,,Commercial service,Ferrari Mechanical repair,/brands/ferrari-service-dubai/mechanical-repair,/brands/ferrari-service-dubai,EXISTING OWNER,Existing brand-specific service; scope confirmed for vehicle,Performance
ferrari turbo upgrade dubai,ferrari turbo upgrade dubai,Ferrari,Master Keywords!A3557,DIGI-TEC_SEO_Keyword_Universe_Dubai.xlsx,,GENERATED TAXONOMY,,,,,Commercial service,Ferrari Mechanical repair,/brands/ferrari-service-dubai/mechanical-repair,/brands/ferrari-service-dubai,EXISTING OWNER,Existing brand-specific service; scope confirmed for vehicle,Performance
ferrari car detailing,ferrari car detailing,Ferrari,Master Keywords!A3558,DIGI-TEC_SEO_Keyword_Universe_Dubai.xlsx,,GENERATED TAXONOMY,,,,,Broad commercial,Ferrari service/repair discovery,/brands/ferrari-service-dubai,,EXISTING OWNER,Single broad booking and directory owner,Protection & detailing
ferrari car detailing dubai,ferrari car detailing dubai,Ferrari,Master Keywords!A3559,DIGI-TEC_SEO_Keyword_Universe_Dubai.xlsx,,GENERATED TAXONOMY,,,,,Broad commercial,Ferrari service/repair discovery,/brands/ferrari-service-dubai,,EXISTING OWNER,Single broad booking and directory owner,Protection & detailing
ferrari car polishing,ferrari car polishing,Ferrari,Master Keywords!A3560,DIGI-TEC_SEO_Keyword_Universe_Dubai.xlsx,,GENERATED TAXONOMY,,,,,Cross-brand commercial,Paint/protection task,/services/car-polishing-dubai,/brands/ferrari-service-dubai,EXISTING OWNER,Use existing treatment owner; do not create brand × protection URL,Protection & detailing
ferrari car polishing dubai,ferrari car polishing dubai,Ferrari,Master Keywords!A3561,DIGI-TEC_SEO_Keyword_Universe_Dubai.xlsx,,GENERATED TAXONOMY,,,,,Cross-brand commercial,Paint/protection task,/services/car-polishing-dubai,/brands/ferrari-service-dubai,EXISTING OWNER,Use existing treatment owner; do not create brand × protection URL,Protection & detailing
ferrari ceramic coating,ferrari ceramic coating,Ferrari,Master Keywords!A3562,DIGI-TEC_SEO_Keyword_Universe_Dubai.xlsx,,GENERATED TAXONOMY,,,,,Cross-brand commercial,Paint/protection task,/services/ceramic-coating,/brands/ferrari-service-dubai,EXISTING OWNER,Use existing treatment owner; do not create brand × protection URL,Protection & detailing
ferrari ceramic coating dubai,ferrari ceramic coating dubai,Ferrari,Master Keywords!A3563,DIGI-TEC_SEO_Keyword_Universe_Dubai.xlsx,,GENERATED TAXONOMY,,,,,Cross-brand commercial,Paint/protection task,/services/ceramic-coating,/brands/ferrari-service-dubai,EXISTING OWNER,Use existing treatment owner; do not create brand × protection URL,Protection & detailing
ferrari paint correction,ferrari paint correction,Ferrari,Master Keywords!A3564,DIGI-TEC_SEO_Keyword_Universe_Dubai.xlsx,,GENERATED TAXONOMY,,,,,Cross-brand commercial,Paint/protection task,/services/car-polishing-dubai,/brands/ferrari-service-dubai,EXISTING OWNER,Use existing treatment owner; do not create brand × protection URL,Protection & detailing
ferrari paint correction dubai,ferrari paint correction dubai,Ferrari,Master Keywords!A3565,DIGI-TEC_SEO_Keyword_Universe_Dubai.xlsx,,GENERATED TAXONOMY,,,,,Cross-brand commercial,Paint/protection task,/services/car-polishing-dubai,/brands/ferrari-service-dubai,EXISTING OWNER,Use existing treatment owner; do not create brand × protection URL,Protection & detailing
ferrari paint protection coating,ferrari paint protection coating,Ferrari,Master Keywords!A3566,DIGI-TEC_SEO_Keyword_Universe_Dubai.xlsx,,GENERATED TAXONOMY,,,,,Cross-brand commercial,Paint/protection task,/services/paint-protection-dubai,/brands/ferrari-service-dubai,EXISTING OWNER,Use existing treatment owner; do not create brand × protection URL,Protection & detailing
ferrari paint protection coating dubai,ferrari paint protection coating dubai,Ferrari,Master Keywords!A3567,DIGI-TEC_SEO_Keyword_Universe_Dubai.xlsx,,GENERATED TAXONOMY,,,,,Cross-brand commercial,Paint/protection task,/services/paint-protection-dubai,/brands/ferrari-service-dubai,EXISTING OWNER,Use existing treatment owner; do not create brand × protection URL,Protection & detailing
ferrari paint protection film,ferrari paint protection film,Ferrari,Master Keywords!A3568,DIGI-TEC_SEO_Keyword_Universe_Dubai.xlsx,,GENERATED TAXONOMY,,,,,Cross-brand commercial,Paint/protection task,/services/paint-protection-dubai,/brands/ferrari-service-dubai,EXISTING OWNER,Use existing treatment owner; do not create brand × protection URL,Protection & detailing
ferrari paint protection film dubai,ferrari paint protection film dubai,Ferrari,Master Keywords!A3569,DIGI-TEC_SEO_Keyword_Universe_Dubai.xlsx,,GENERATED TAXONOMY,,,,,Cross-brand commercial,Paint/protection task,/services/paint-protection-dubai,/brands/ferrari-service-dubai,EXISTING OWNER,Use existing treatment owner; do not create brand × protection URL,Protection & detailing
ferrari ppf,ferrari ppf,Ferrari,Master Keywords!A3570,DIGI-TEC_SEO_Keyword_Universe_Dubai.xlsx,,GENERATED TAXONOMY,,,,,Cross-brand commercial,Paint/protection task,/services/paint-protection-dubai,/brands/ferrari-service-dubai,EXISTING OWNER,Use existing treatment owner; do not create brand × protection URL,Protection & detailing
ferrari ppf dubai,ferrari ppf dubai,Ferrari,Master Keywords!A3571,DIGI-TEC_SEO_Keyword_Universe_Dubai.xlsx,,GENERATED TAXONOMY,,,,,Cross-brand commercial,Paint/protection task,/services/paint-protection-dubai,/brands/ferrari-service-dubai,EXISTING OWNER,Use existing treatment owner; do not create brand × protection URL,Protection & detailing
ferrari ppf installation,ferrari ppf installation,Ferrari,Master Keywords!A3572,DIGI-TEC_SEO_Keyword_Universe_Dubai.xlsx,,GENERATED TAXONOMY,,,,,Cross-brand commercial,Paint/protection task,/services/paint-protection-dubai,/brands/ferrari-service-dubai,EXISTING OWNER,Use existing treatment owner; do not create brand × protection URL,Protection & detailing
ferrari ppf installation dubai,ferrari ppf installation dubai,Ferrari,Master Keywords!A3573,DIGI-TEC_SEO_Keyword_Universe_Dubai.xlsx,,GENERATED TAXONOMY,,,,,Cross-brand commercial,Paint/protection task,/services/paint-protection-dubai,/brands/ferrari-service-dubai,EXISTING OWNER,Use existing treatment owner; do not create brand × protection URL,Protection & detailing
ferrari window tinting,ferrari window tinting,Ferrari,Master Keywords!A3574,DIGI-TEC_SEO_Keyword_Universe_Dubai.xlsx,,GENERATED TAXONOMY,,,,,Broad commercial,Ferrari service/repair discovery,/brands/ferrari-service-dubai,,EXISTING OWNER,Single broad booking and directory owner,Protection & detailing
ferrari window tinting dubai,ferrari window tinting dubai,Ferrari,Master Keywords!A3575,DIGI-TEC_SEO_Keyword_Universe_Dubai.xlsx,,GENERATED TAXONOMY,,,,,Broad commercial,Ferrari service/repair discovery,/brands/ferrari-service-dubai,,EXISTING OWNER,Single broad booking and directory owner,Protection & detailing
ferrari air filter replacement,ferrari air filter replacement,Ferrari,Master Keywords!A3576,DIGI-TEC_SEO_Keyword_Universe_Dubai.xlsx,,GENERATED TAXONOMY,,,,,Broad commercial,Ferrari service/repair discovery,/brands/ferrari-service-dubai,,EXISTING OWNER,Single broad booking and directory owner,Scheduled service
ferrari air filter replacement dubai,ferrari air filter replacement dubai,Ferrari,Master Keywords!A3577,DIGI-TEC_SEO_Keyword_Universe_Dubai.xlsx,,GENERATED TAXONOMY,,,,,Broad commercial,Ferrari service/repair discovery,/brands/ferrari-service-dubai,,EXISTING OWNER,Single broad booking and directory owner,Scheduled service
ferrari cabin filter replacement,ferrari cabin filter replacement,Ferrari,Master Keywords!A3578,DIGI-TEC_SEO_Keyword_Universe_Dubai.xlsx,,GENERATED TAXONOMY,,,,,Broad commercial,Ferrari service/repair discovery,/brands/ferrari-service-dubai,,EXISTING OWNER,Single broad booking and directory owner,Scheduled service
ferrari cabin filter replacement dubai,ferrari cabin filter replacement dubai,Ferrari,Master Keywords!A3579,DIGI-TEC_SEO_Keyword_Universe_Dubai.xlsx,,GENERATED TAXONOMY,,,,,Broad commercial,Ferrari service/repair discovery,/brands/ferrari-service-dubai,,EXISTING OWNER,Single broad booking and directory owner,Scheduled service
ferrari major service,ferrari major service,Ferrari,Master Keywords!A3580,DIGI-TEC_SEO_Keyword_Universe_Dubai.xlsx,,GENERATED TAXONOMY,,,,,Broad commercial,Ferrari service/repair discovery,/brands/ferrari-service-dubai,,EXISTING OWNER,Single broad booking and directory owner,Scheduled service
ferrari major service dubai,ferrari major service dubai,Ferrari,Master Keywords!A3581,DIGI-TEC_SEO_Keyword_Universe_Dubai.xlsx,,GENERATED TAXONOMY,,,,,Broad commercial,Ferrari service/repair discovery,/brands/ferrari-service-dubai,,EXISTING OWNER,Single broad booking and directory owner,Scheduled service
ferrari minor service,ferrari minor service,Ferrari,Master Keywords!A3582,DIGI-TEC_SEO_Keyword_Universe_Dubai.xlsx,,GENERATED TAXONOMY,,,,,Broad commercial,Ferrari service/repair discovery,/brands/ferrari-service-dubai,,EXISTING OWNER,Single broad booking and directory owner,Scheduled service
ferrari minor service dubai,ferrari minor service dubai,Ferrari,Master Keywords!A3583,DIGI-TEC_SEO_Keyword_Universe_Dubai.xlsx,,GENERATED TAXONOMY,,,,,Broad commercial,Ferrari service/repair discovery,/brands/ferrari-service-dubai,,EXISTING OWNER,Single broad booking and directory owner,Scheduled service
ferrari oil change,ferrari oil change,Ferrari,Master Keywords!A3584,DIGI-TEC_SEO_Keyword_Universe_Dubai.xlsx,,GENERATED TAXONOMY,,,,,Commercial service,Ferrari Oil service,/brands/ferrari-service-dubai/oil-change,/brands/ferrari-service-dubai,EXISTING OWNER,Existing brand-specific service; scope confirmed for vehicle,Scheduled service
ferrari oil change dubai,ferrari oil change dubai,Ferrari,Master Keywords!A3585,DIGI-TEC_SEO_Keyword_Universe_Dubai.xlsx,,GENERATED TAXONOMY,,,,,Commercial service,Ferrari Oil service,/brands/ferrari-service-dubai/oil-change,/brands/ferrari-service-dubai,EXISTING OWNER,Existing brand-specific service; scope confirmed for vehicle,Scheduled service
ferrari oil change near me,ferrari oil change near me,Ferrari,Master Keywords!A3586,DIGI-TEC_SEO_Keyword_Universe_Dubai.xlsx,,GENERATED TAXONOMY,,,,,Commercial service,Ferrari Oil service,/brands/ferrari-service-dubai/oil-change,/brands/ferrari-service-dubai,EXISTING OWNER,Existing brand-specific service; scope confirmed for vehicle,Scheduled service
ferrari oil filter replacement,ferrari oil filter replacement,Ferrari,Master Keywords!A3587,DIGI-TEC_SEO_Keyword_Universe_Dubai.xlsx,,GENERATED TAXONOMY,,,,,Commercial service,Ferrari Oil service,/brands/ferrari-service-dubai/oil-change,/brands/ferrari-service-dubai,EXISTING OWNER,Existing brand-specific service; scope confirmed for vehicle,Scheduled service
ferrari oil filter replacement dubai,ferrari oil filter replacement dubai,Ferrari,Master Keywords!A3588,DIGI-TEC_SEO_Keyword_Universe_Dubai.xlsx,,GENERATED TAXONOMY,,,,,Commercial service,Ferrari Oil service,/brands/ferrari-service-dubai/oil-change,/brands/ferrari-service-dubai,EXISTING OWNER,Existing brand-specific service; scope confirmed for vehicle,Scheduled service
ferrari periodic service,ferrari periodic service,Ferrari,Master Keywords!A3589,DIGI-TEC_SEO_Keyword_Universe_Dubai.xlsx,,GENERATED TAXONOMY,,,,,Broad commercial,Ferrari service/repair discovery,/brands/ferrari-service-dubai,,EXISTING OWNER,Single broad booking and directory owner,Scheduled service
ferrari periodic service dubai,ferrari periodic service dubai,Ferrari,Master Keywords!A3590,DIGI-TEC_SEO_Keyword_Universe_Dubai.xlsx,,GENERATED TAXONOMY,,,,,Broad commercial,Ferrari service/repair discovery,/brands/ferrari-service-dubai,,EXISTING OWNER,Single broad booking and directory owner,Scheduled service
ferrari scheduled maintenance,ferrari scheduled maintenance,Ferrari,Master Keywords!A3591,DIGI-TEC_SEO_Keyword_Universe_Dubai.xlsx,,GENERATED TAXONOMY,,,,,Informational,Maintenance planning,/blog/ferrari-maintenance-guide-dubai,/brands/ferrari-service-dubai,EXISTING OWNER,Guide supports broad hub booking,Scheduled service
ferrari scheduled maintenance dubai,ferrari scheduled maintenance dubai,Ferrari,Master Keywords!A3592,DIGI-TEC_SEO_Keyword_Universe_Dubai.xlsx,,GENERATED TAXONOMY,,,,,Informational,Maintenance planning,/blog/ferrari-maintenance-guide-dubai,/brands/ferrari-service-dubai,EXISTING OWNER,Guide supports broad hub booking,Scheduled service
ferrari service package,ferrari service package,Ferrari,Master Keywords!A3593,DIGI-TEC_SEO_Keyword_Universe_Dubai.xlsx,,GENERATED TAXONOMY,,,,,Broad commercial,Ferrari service/repair discovery,/brands/ferrari-service-dubai,,EXISTING OWNER,Single broad booking and directory owner,Scheduled service
ferrari service package dubai,ferrari service package dubai,Ferrari,Master Keywords!A3594,DIGI-TEC_SEO_Keyword_Universe_Dubai.xlsx,,GENERATED TAXONOMY,,,,,Broad commercial,Ferrari service/repair discovery,/brands/ferrari-service-dubai,,EXISTING OWNER,Single broad booking and directory owner,Scheduled service
ferrari spark plug replacement,ferrari spark plug replacement,Ferrari,Master Keywords!A3595,DIGI-TEC_SEO_Keyword_Universe_Dubai.xlsx,,GENERATED TAXONOMY,,,,,Broad commercial,Ferrari service/repair discovery,/brands/ferrari-service-dubai,,EXISTING OWNER,Single broad booking and directory owner,Scheduled service
ferrari spark plug replacement dubai,ferrari spark plug replacement dubai,Ferrari,Master Keywords!A3596,DIGI-TEC_SEO_Keyword_Universe_Dubai.xlsx,,GENERATED TAXONOMY,,,,,Broad commercial,Ferrari service/repair discovery,/brands/ferrari-service-dubai,,EXISTING OWNER,Single broad booking and directory owner,Scheduled service
ferrari power steering pump replacement,ferrari power steering pump replacement,Ferrari,Master Keywords!A3597,DIGI-TEC_SEO_Keyword_Universe_Dubai.xlsx,,GENERATED TAXONOMY,,,,,Commercial service,Ferrari Steering repair,/brands/ferrari-service-dubai/steering-repair,/brands/ferrari-service-dubai,EXISTING OWNER,Existing brand-specific service; scope confirmed for vehicle,Steering
ferrari power steering pump replacement dubai,ferrari power steering pump replacement dubai,Ferrari,Master Keywords!A3598,DIGI-TEC_SEO_Keyword_Universe_Dubai.xlsx,,GENERATED TAXONOMY,,,,,Commercial service,Ferrari Steering repair,/brands/ferrari-service-dubai/steering-repair,/brands/ferrari-service-dubai,EXISTING OWNER,Existing brand-specific service; scope confirmed for vehicle,Steering
ferrari power steering repair,ferrari power steering repair,Ferrari,Master Keywords!A3599,DIGI-TEC_SEO_Keyword_Universe_Dubai.xlsx,,GENERATED TAXONOMY,,,,,Commercial service,Ferrari Steering repair,/brands/ferrari-service-dubai/steering-repair,/brands/ferrari-service-dubai,EXISTING OWNER,Existing brand-specific service; scope confirmed for vehicle,Steering
ferrari power steering repair dubai,ferrari power steering repair dubai,Ferrari,Master Keywords!A3600,DIGI-TEC_SEO_Keyword_Universe_Dubai.xlsx,,GENERATED TAXONOMY,,,,,Commercial service,Ferrari Steering repair,/brands/ferrari-service-dubai/steering-repair,/brands/ferrari-service-dubai,EXISTING OWNER,Existing brand-specific service; scope confirmed for vehicle,Steering
ferrari steering noise repair,ferrari steering noise repair,Ferrari,Master Keywords!A3601,DIGI-TEC_SEO_Keyword_Universe_Dubai.xlsx,,GENERATED TAXONOMY,,,,,Commercial service,Ferrari Steering repair,/brands/ferrari-service-dubai/steering-repair,/brands/ferrari-service-dubai,EXISTING OWNER,Existing brand-specific service; scope confirmed for vehicle,Steering
ferrari steering noise repair dubai,ferrari steering noise repair dubai,Ferrari,Master Keywords!A3602,DIGI-TEC_SEO_Keyword_Universe_Dubai.xlsx,,GENERATED TAXONOMY,,,,,Commercial service,Ferrari Steering repair,/brands/ferrari-service-dubai/steering-repair,/brands/ferrari-service-dubai,EXISTING OWNER,Existing brand-specific service; scope confirmed for vehicle,Steering
ferrari steering rack repair,ferrari steering rack repair,Ferrari,Master Keywords!A3603,DIGI-TEC_SEO_Keyword_Universe_Dubai.xlsx,,GENERATED TAXONOMY,,,,,Commercial service,Ferrari Steering repair,/brands/ferrari-service-dubai/steering-repair,/brands/ferrari-service-dubai,EXISTING OWNER,Existing brand-specific service; scope confirmed for vehicle,Steering
ferrari steering rack repair dubai,ferrari steering rack repair dubai,Ferrari,Master Keywords!A3604,DIGI-TEC_SEO_Keyword_Universe_Dubai.xlsx,,GENERATED TAXONOMY,,,,,Commercial service,Ferrari Steering repair,/brands/ferrari-service-dubai/steering-repair,/brands/ferrari-service-dubai,EXISTING OWNER,Existing brand-specific service; scope confirmed for vehicle,Steering
ferrari steering rack replacement,ferrari steering rack replacement,Ferrari,Master Keywords!A3605,DIGI-TEC_SEO_Keyword_Universe_Dubai.xlsx,,GENERATED TAXONOMY,,,,,Commercial service,Ferrari Steering repair,/brands/ferrari-service-dubai/steering-repair,/brands/ferrari-service-dubai,EXISTING OWNER,Existing brand-specific service; scope confirmed for vehicle,Steering
ferrari steering rack replacement dubai,ferrari steering rack replacement dubai,Ferrari,Master Keywords!A3606,DIGI-TEC_SEO_Keyword_Universe_Dubai.xlsx,,GENERATED TAXONOMY,,,,,Commercial service,Ferrari Steering repair,/brands/ferrari-service-dubai/steering-repair,/brands/ferrari-service-dubai,EXISTING OWNER,Existing brand-specific service; scope confirmed for vehicle,Steering
ferrari steering repair,ferrari steering repair,Ferrari,Master Keywords!A3607,DIGI-TEC_SEO_Keyword_Universe_Dubai.xlsx,,GENERATED TAXONOMY,,,,,Commercial service,Ferrari Steering repair,/brands/ferrari-service-dubai/steering-repair,/brands/ferrari-service-dubai,EXISTING OWNER,Existing brand-specific service; scope confirmed for vehicle,Steering
ferrari steering repair dubai,ferrari steering repair dubai,Ferrari,Master Keywords!A3608,DIGI-TEC_SEO_Keyword_Universe_Dubai.xlsx,,GENERATED TAXONOMY,,,,,Commercial service,Ferrari Steering repair,/brands/ferrari-service-dubai/steering-repair,/brands/ferrari-service-dubai,EXISTING OWNER,Existing brand-specific service; scope confirmed for vehicle,Steering
ferrari wheel alignment,ferrari wheel alignment,Ferrari,Master Keywords!A3609,DIGI-TEC_SEO_Keyword_Universe_Dubai.xlsx,,GENERATED TAXONOMY,,,,,Commercial service,Ferrari Tyre/wheel service,/brands/ferrari-service-dubai/tire-repair,/brands/ferrari-service-dubai,EXISTING OWNER,Existing brand-specific service; scope confirmed for vehicle,Steering
ferrari wheel alignment dubai,ferrari wheel alignment dubai,Ferrari,Master Keywords!A3610,DIGI-TEC_SEO_Keyword_Universe_Dubai.xlsx,,GENERATED TAXONOMY,,,,,Commercial service,Ferrari Tyre/wheel service,/brands/ferrari-service-dubai/tire-repair,/brands/ferrari-service-dubai,EXISTING OWNER,Existing brand-specific service; scope confirmed for vehicle,Steering
ferrari air suspension compressor replacement,ferrari air suspension compressor replacement,Ferrari,Master Keywords!A3611,DIGI-TEC_SEO_Keyword_Universe_Dubai.xlsx,,GENERATED TAXONOMY,,,,,Commercial service,Ferrari Suspension repair,/brands/ferrari-service-dubai/suspension-repair,/brands/ferrari-service-dubai,EXISTING OWNER,Existing brand-specific service; scope confirmed for vehicle,Suspension
ferrari air suspension repair,ferrari air suspension repair,Ferrari,Master Keywords!A3612,DIGI-TEC_SEO_Keyword_Universe_Dubai.xlsx,,GENERATED TAXONOMY,,,,,Commercial service,Ferrari Suspension repair,/brands/ferrari-service-dubai/suspension-repair,/brands/ferrari-service-dubai,EXISTING OWNER,Existing brand-specific service; scope confirmed for vehicle,Suspension
ferrari bushing replacement,ferrari bushing replacement,Ferrari,Master Keywords!A3613,DIGI-TEC_SEO_Keyword_Universe_Dubai.xlsx,,GENERATED TAXONOMY,,,,,Commercial service,Ferrari Suspension repair,/brands/ferrari-service-dubai/suspension-repair,/brands/ferrari-service-dubai,EXISTING OWNER,Existing brand-specific service; scope confirmed for vehicle,Suspension
ferrari control arm replacement,ferrari control arm replacement,Ferrari,Master Keywords!A3614,DIGI-TEC_SEO_Keyword_Universe_Dubai.xlsx,,GENERATED TAXONOMY,,,,,Commercial service,Ferrari Suspension repair,/brands/ferrari-service-dubai/suspension-repair,/brands/ferrari-service-dubai,EXISTING OWNER,Existing brand-specific service; scope confirmed for vehicle,Suspension
ferrari ride height adjustment,ferrari ride height adjustment,Ferrari,Master Keywords!A3615,DIGI-TEC_SEO_Keyword_Universe_Dubai.xlsx,,GENERATED TAXONOMY,,,,,Commercial service,Ferrari Suspension repair,/brands/ferrari-service-dubai/suspension-repair,/brands/ferrari-service-dubai,EXISTING OWNER,Existing brand-specific service; scope confirmed for vehicle,Suspension
ferrari shock absorber replacement,ferrari shock absorber replacement,Ferrari,Master Keywords!A3616,DIGI-TEC_SEO_Keyword_Universe_Dubai.xlsx,,GENERATED TAXONOMY,,,,,Commercial service,Ferrari Suspension repair,/brands/ferrari-service-dubai/suspension-repair,/brands/ferrari-service-dubai,EXISTING OWNER,Existing brand-specific service; scope confirmed for vehicle,Suspension
ferrari strut replacement,ferrari strut replacement,Ferrari,Master Keywords!A3617,DIGI-TEC_SEO_Keyword_Universe_Dubai.xlsx,,GENERATED TAXONOMY,,,,,Broad commercial,Ferrari service/repair discovery,/brands/ferrari-service-dubai,,EXISTING OWNER,Single broad booking and directory owner,Suspension
ferrari suspension noise repair,ferrari suspension noise repair,Ferrari,Master Keywords!A3618,DIGI-TEC_SEO_Keyword_Universe_Dubai.xlsx,,GENERATED TAXONOMY,,,,,Commercial service,Ferrari Suspension repair,/brands/ferrari-service-dubai/suspension-repair,/brands/ferrari-service-dubai,EXISTING OWNER,Existing brand-specific service; scope confirmed for vehicle,Suspension
ferrari suspension repair,ferrari suspension repair,Ferrari,Master Keywords!A3619,DIGI-TEC_SEO_Keyword_Universe_Dubai.xlsx,,GENERATED TAXONOMY,,,,,Commercial service,Ferrari Suspension repair,/brands/ferrari-service-dubai/suspension-repair,/brands/ferrari-service-dubai,EXISTING OWNER,Existing brand-specific service; scope confirmed for vehicle,Suspension
ferrari suspension repair near me,ferrari suspension repair near me,Ferrari,Master Keywords!A3620,DIGI-TEC_SEO_Keyword_Universe_Dubai.xlsx,,GENERATED TAXONOMY,,,,,Commercial service,Ferrari Suspension repair,/brands/ferrari-service-dubai/suspension-repair,/brands/ferrari-service-dubai,EXISTING OWNER,Existing brand-specific service; scope confirmed for vehicle,Suspension
ferrari suspension warning light,ferrari suspension warning light,Ferrari,Master Keywords!A3621,DIGI-TEC_SEO_Keyword_Universe_Dubai.xlsx,,GENERATED TAXONOMY,,,,,Service section,Symptom assessment,/brands/ferrari-service-dubai/suspension-repair,/brands/ferrari-service-dubai,EXISTING OWNER,Existing service supplies diagnostic path; no thin symptom URL,Suspension
ferrari gear shifting problem,ferrari gear shifting problem,Ferrari,Master Keywords!A3622,DIGI-TEC_SEO_Keyword_Universe_Dubai.xlsx,,GENERATED TAXONOMY,,,,,Broad commercial,Ferrari service/repair discovery,/brands/ferrari-service-dubai,,EXISTING OWNER,Single broad booking and directory owner,Transmission & gearbox
ferrari gearbox oil change,ferrari gearbox oil change,Ferrari,Master Keywords!A3623,DIGI-TEC_SEO_Keyword_Universe_Dubai.xlsx,,GENERATED TAXONOMY,,,,,Commercial service,Ferrari Gearbox repair,/brands/ferrari-service-dubai/transmission-repair,/brands/ferrari-service-dubai,EXISTING OWNER,Existing brand-specific service; scope confirmed for vehicle,Transmission & gearbox
ferrari gearbox rebuild,ferrari gearbox rebuild,Ferrari,Master Keywords!A3624,DIGI-TEC_SEO_Keyword_Universe_Dubai.xlsx,,GENERATED TAXONOMY,,,,,Commercial service,Ferrari Gearbox repair,/brands/ferrari-service-dubai/transmission-repair,/brands/ferrari-service-dubai,EXISTING OWNER,Existing brand-specific service; scope confirmed for vehicle,Transmission & gearbox
ferrari gearbox repair,ferrari gearbox repair,Ferrari,Master Keywords!A3625,DIGI-TEC_SEO_Keyword_Universe_Dubai.xlsx,,GENERATED TAXONOMY,,,,,Commercial service,Ferrari Gearbox repair,/brands/ferrari-service-dubai/transmission-repair,/brands/ferrari-service-dubai,EXISTING OWNER,Existing brand-specific service; scope confirmed for vehicle,Transmission & gearbox
ferrari gearbox replacement,ferrari gearbox replacement,Ferrari,Master Keywords!A3626,DIGI-TEC_SEO_Keyword_Universe_Dubai.xlsx,,GENERATED TAXONOMY,,,,,Commercial service,Ferrari Gearbox repair,/brands/ferrari-service-dubai/transmission-repair,/brands/ferrari-service-dubai,EXISTING OWNER,Existing brand-specific service; scope confirmed for vehicle,Transmission & gearbox
ferrari gearbox service,ferrari gearbox service,Ferrari,Master Keywords!A3627,DIGI-TEC_SEO_Keyword_Universe_Dubai.xlsx,,GENERATED TAXONOMY,,,,,Commercial service,Ferrari Gearbox repair,/brands/ferrari-service-dubai/transmission-repair,/brands/ferrari-service-dubai,EXISTING OWNER,Existing brand-specific service; scope confirmed for vehicle,Transmission & gearbox
ferrari transmission leak repair,ferrari gearbox leak repair,Ferrari,Master Keywords!A3628,DIGI-TEC_SEO_Keyword_Universe_Dubai.xlsx,,GENERATED TAXONOMY,,,,,Commercial service,Ferrari Gearbox repair,/brands/ferrari-service-dubai/transmission-repair,/brands/ferrari-service-dubai,EXISTING OWNER,Existing brand-specific service; scope confirmed for vehicle,Transmission & gearbox
ferrari transmission oil change,ferrari gearbox oil change,Ferrari,Master Keywords!A3629,DIGI-TEC_SEO_Keyword_Universe_Dubai.xlsx,,GENERATED TAXONOMY,,,,,Commercial service,Ferrari Gearbox repair,/brands/ferrari-service-dubai/transmission-repair,/brands/ferrari-service-dubai,EXISTING OWNER,Existing brand-specific service; scope confirmed for vehicle,Transmission & gearbox
ferrari transmission rebuild,ferrari gearbox rebuild,Ferrari,Master Keywords!A3630,DIGI-TEC_SEO_Keyword_Universe_Dubai.xlsx,,GENERATED TAXONOMY,,,,,Commercial service,Ferrari Gearbox repair,/brands/ferrari-service-dubai/transmission-repair,/brands/ferrari-service-dubai,EXISTING OWNER,Existing brand-specific service; scope confirmed for vehicle,Transmission & gearbox
ferrari transmission repair near me,ferrari gearbox repair near me,Ferrari,Master Keywords!A3631,DIGI-TEC_SEO_Keyword_Universe_Dubai.xlsx,,GENERATED TAXONOMY,,,,,Commercial service,Ferrari Gearbox repair,/brands/ferrari-service-dubai/transmission-repair,/brands/ferrari-service-dubai,EXISTING OWNER,Existing brand-specific service; scope confirmed for vehicle,Transmission & gearbox
ferrari transmission replacement,ferrari gearbox replacement,Ferrari,Master Keywords!A3632,DIGI-TEC_SEO_Keyword_Universe_Dubai.xlsx,,GENERATED TAXONOMY,,,,,Commercial service,Ferrari Gearbox repair,/brands/ferrari-service-dubai/transmission-repair,/brands/ferrari-service-dubai,EXISTING OWNER,Existing brand-specific service; scope confirmed for vehicle,Transmission & gearbox
ferrari transmission service,ferrari gearbox service,Ferrari,Master Keywords!A3633,DIGI-TEC_SEO_Keyword_Universe_Dubai.xlsx,,GENERATED TAXONOMY,,,,,Commercial service,Ferrari Gearbox repair,/brands/ferrari-service-dubai/transmission-repair,/brands/ferrari-service-dubai,EXISTING OWNER,Existing brand-specific service; scope confirmed for vehicle,Transmission & gearbox
ferrari puncture repair,ferrari puncture repair,Ferrari,Master Keywords!A3634,DIGI-TEC_SEO_Keyword_Universe_Dubai.xlsx,,GENERATED TAXONOMY,,,,,Commercial service,Ferrari Tyre/wheel service,/brands/ferrari-service-dubai/tire-repair,/brands/ferrari-service-dubai,EXISTING OWNER,Existing brand-specific service; scope confirmed for vehicle,Tyres & wheels
ferrari puncture repair dubai,ferrari puncture repair dubai,Ferrari,Master Keywords!A3635,DIGI-TEC_SEO_Keyword_Universe_Dubai.xlsx,,GENERATED TAXONOMY,,,,,Commercial service,Ferrari Tyre/wheel service,/brands/ferrari-service-dubai/tire-repair,/brands/ferrari-service-dubai,EXISTING OWNER,Existing brand-specific service; scope confirmed for vehicle,Tyres & wheels
ferrari rim repair,ferrari rim repair,Ferrari,Master Keywords!A3636,DIGI-TEC_SEO_Keyword_Universe_Dubai.xlsx,,GENERATED TAXONOMY,,,,,Commercial service,Ferrari Tyre/wheel service,/brands/ferrari-service-dubai/tire-repair,/brands/ferrari-service-dubai,EXISTING OWNER,Existing brand-specific service; scope confirmed for vehicle,Tyres & wheels
ferrari rim repair dubai,ferrari rim repair dubai,Ferrari,Master Keywords!A3637,DIGI-TEC_SEO_Keyword_Universe_Dubai.xlsx,,GENERATED TAXONOMY,,,,,Commercial service,Ferrari Tyre/wheel service,/brands/ferrari-service-dubai/tire-repair,/brands/ferrari-service-dubai,EXISTING OWNER,Existing brand-specific service; scope confirmed for vehicle,Tyres & wheels
ferrari tire repair,ferrari tire repair,Ferrari,Master Keywords!A3638,DIGI-TEC_SEO_Keyword_Universe_Dubai.xlsx,,GENERATED TAXONOMY,,,,,Commercial service,Ferrari Tyre/wheel service,/brands/ferrari-service-dubai/tire-repair,/brands/ferrari-service-dubai,EXISTING OWNER,Existing brand-specific service; scope confirmed for vehicle,Tyres & wheels
ferrari tire repair dubai,ferrari tire repair dubai,Ferrari,Master Keywords!A3639,DIGI-TEC_SEO_Keyword_Universe_Dubai.xlsx,,GENERATED TAXONOMY,,,,,Commercial service,Ferrari Tyre/wheel service,/brands/ferrari-service-dubai/tire-repair,/brands/ferrari-service-dubai,EXISTING OWNER,Existing brand-specific service; scope confirmed for vehicle,Tyres & wheels
ferrari tire replacement,ferrari tire replacement,Ferrari,Master Keywords!A3640,DIGI-TEC_SEO_Keyword_Universe_Dubai.xlsx,,GENERATED TAXONOMY,,,,,Commercial service,Ferrari Tyre/wheel service,/brands/ferrari-service-dubai/tire-repair,/brands/ferrari-service-dubai,EXISTING OWNER,Existing brand-specific service; scope confirmed for vehicle,Tyres & wheels
ferrari tire replacement dubai,ferrari tire replacement dubai,Ferrari,Master Keywords!A3641,DIGI-TEC_SEO_Keyword_Universe_Dubai.xlsx,,GENERATED TAXONOMY,,,,,Commercial service,Ferrari Tyre/wheel service,/brands/ferrari-service-dubai/tire-repair,/brands/ferrari-service-dubai,EXISTING OWNER,Existing brand-specific service; scope confirmed for vehicle,Tyres & wheels
ferrari tyre repair,ferrari tyre repair,Ferrari,Master Keywords!A3642,DIGI-TEC_SEO_Keyword_Universe_Dubai.xlsx,,GENERATED TAXONOMY,,,,,Commercial service,Ferrari Tyre/wheel service,/brands/ferrari-service-dubai/tire-repair,/brands/ferrari-service-dubai,EXISTING OWNER,Existing brand-specific service; scope confirmed for vehicle,Tyres & wheels
ferrari tyre repair dubai,ferrari tyre repair dubai,Ferrari,Master Keywords!A3643,DIGI-TEC_SEO_Keyword_Universe_Dubai.xlsx,,GENERATED TAXONOMY,,,,,Commercial service,Ferrari Tyre/wheel service,/brands/ferrari-service-dubai/tire-repair,/brands/ferrari-service-dubai,EXISTING OWNER,Existing brand-specific service; scope confirmed for vehicle,Tyres & wheels
ferrari tyre replacement,ferrari tyre replacement,Ferrari,Master Keywords!A3644,DIGI-TEC_SEO_Keyword_Universe_Dubai.xlsx,,GENERATED TAXONOMY,,,,,Commercial service,Ferrari Tyre/wheel service,/brands/ferrari-service-dubai/tire-repair,/brands/ferrari-service-dubai,EXISTING OWNER,Existing brand-specific service; scope confirmed for vehicle,Tyres & wheels
ferrari tyre replacement dubai,ferrari tyre replacement dubai,Ferrari,Master Keywords!A3645,DIGI-TEC_SEO_Keyword_Universe_Dubai.xlsx,,GENERATED TAXONOMY,,,,,Commercial service,Ferrari Tyre/wheel service,/brands/ferrari-service-dubai/tire-repair,/brands/ferrari-service-dubai,EXISTING OWNER,Existing brand-specific service; scope confirmed for vehicle,Tyres & wheels
ferrari wheel balancing,ferrari wheel balancing,Ferrari,Master Keywords!A3646,DIGI-TEC_SEO_Keyword_Universe_Dubai.xlsx,,GENERATED TAXONOMY,,,,,Commercial service,Ferrari Tyre/wheel service,/brands/ferrari-service-dubai/tire-repair,/brands/ferrari-service-dubai,EXISTING OWNER,Existing brand-specific service; scope confirmed for vehicle,Tyres & wheels
ferrari wheel balancing dubai,ferrari wheel balancing dubai,Ferrari,Master Keywords!A3647,DIGI-TEC_SEO_Keyword_Universe_Dubai.xlsx,,GENERATED TAXONOMY,,,,,Commercial service,Ferrari Tyre/wheel service,/brands/ferrari-service-dubai/tire-repair,/brands/ferrari-service-dubai,EXISTING OWNER,Existing brand-specific service; scope confirmed for vehicle,Tyres & wheels
ferrari wheel repair,ferrari wheel repair,Ferrari,Master Keywords!A3648,DIGI-TEC_SEO_Keyword_Universe_Dubai.xlsx,,GENERATED TAXONOMY,,,,,Commercial service,Ferrari Tyre/wheel service,/brands/ferrari-service-dubai/tire-repair,/brands/ferrari-service-dubai,EXISTING OWNER,Existing brand-specific service; scope confirmed for vehicle,Tyres & wheels
ferrari wheel repair dubai,ferrari wheel repair dubai,Ferrari,Master Keywords!A3649,DIGI-TEC_SEO_Keyword_Universe_Dubai.xlsx,,GENERATED TAXONOMY,,,,,Commercial service,Ferrari Tyre/wheel service,/brands/ferrari-service-dubai/tire-repair,/brands/ferrari-service-dubai,EXISTING OWNER,Existing brand-specific service; scope confirmed for vehicle,Tyres & wheels
ferrari service dubai,ferrari service dubai,Ferrari,GSC Opportunities!A19,DIGI-TEC_SEO_Keyword_Universe_Dubai.xlsx,2026-04-12 to 2026-09-25,MEASURED WORKBOOK,0,434,0,15.85,Broad commercial,Ferrari service/repair discovery,/brands/ferrari-service-dubai,,EXISTING OWNER,Single broad booking and directory owner,Opportunity sheet copy
ferrari repair dubai,ferrari repair dubai,Ferrari,GSC Opportunities!A34,DIGI-TEC_SEO_Keyword_Universe_Dubai.xlsx,2026-04-12 to 2026-09-25,MEASURED WORKBOOK,0,356,0,20.6,Broad commercial,Ferrari service/repair discovery,/brands/ferrari-service-dubai,,EXISTING OWNER,Single broad booking and directory owner,Opportunity sheet copy
ferrari service,ferrari service,Ferrari,GSC Opportunities!A58,DIGI-TEC_SEO_Keyword_Universe_Dubai.xlsx,2026-04-12 to 2026-09-25,MEASURED WORKBOOK,0,262,0,14.73,Broad commercial,Ferrari service/repair discovery,/brands/ferrari-service-dubai,,EXISTING OWNER,Single broad booking and directory owner,Opportunity sheet copy
ferrari service center dubai,ferrari service center dubai,Ferrari,GSC Opportunities!A64,DIGI-TEC_SEO_Keyword_Universe_Dubai.xlsx,2026-04-12 to 2026-09-25,MEASURED WORKBOOK,0,237,0,20.42,Broad commercial,Ferrari service/repair discovery,/brands/ferrari-service-dubai,,EXISTING OWNER,Single broad booking and directory owner,Opportunity sheet copy
ferrari suspension repair dubai,ferrari suspension repair dubai,Ferrari,GSC Opportunities!A69,DIGI-TEC_SEO_Keyword_Universe_Dubai.xlsx,2026-04-12 to 2026-09-25,MEASURED WORKBOOK,0,221,0,23.21,Commercial service,Ferrari Suspension repair,/brands/ferrari-service-dubai/suspension-repair,/brands/ferrari-service-dubai,EXISTING OWNER,Existing brand-specific service; scope confirmed for vehicle,Opportunity sheet copy
ferrari service center,ferrari service center,Ferrari,GSC Opportunities!A74,DIGI-TEC_SEO_Keyword_Universe_Dubai.xlsx,2026-04-12 to 2026-09-25,MEASURED WORKBOOK,0,212,0,25.28,Broad commercial,Ferrari service/repair discovery,/brands/ferrari-service-dubai,,EXISTING OWNER,Single broad booking and directory owner,Opportunity sheet copy
ferrari maintenance dubai,ferrari maintenance dubai,Ferrari,GSC Opportunities!A78,DIGI-TEC_SEO_Keyword_Universe_Dubai.xlsx,2026-04-12 to 2026-09-25,MEASURED WORKBOOK,0,210,0,15.6,Informational,Maintenance planning,/blog/ferrari-maintenance-guide-dubai,/brands/ferrari-service-dubai,EXISTING OWNER,Guide supports broad hub booking,Opportunity sheet copy
ferrari brake repair dubai,ferrari brake repair dubai,Ferrari,GSC Opportunities!A97,DIGI-TEC_SEO_Keyword_Universe_Dubai.xlsx,2026-04-12 to 2026-09-25,MEASURED WORKBOOK,0,177,0,35.25,Commercial service,Ferrari Brake repair,/brands/ferrari-service-dubai/brake-repair,/brands/ferrari-service-dubai,EXISTING OWNER,Existing brand-specific service; scope confirmed for vehicle,Opportunity sheet copy
ferrari workshop dubai,ferrari workshop dubai,Ferrari,GSC Opportunities!A151,DIGI-TEC_SEO_Keyword_Universe_Dubai.xlsx,2026-04-12 to 2026-09-25,MEASURED WORKBOOK,0,116,0,24.12,Broad commercial,Ferrari service/repair discovery,/brands/ferrari-service-dubai,,EXISTING OWNER,Single broad booking and directory owner,Opportunity sheet copy
ferrari specialist dubai,ferrari specialist dubai,Ferrari,GSC Opportunities!A161,DIGI-TEC_SEO_Keyword_Universe_Dubai.xlsx,2026-04-12 to 2026-09-25,MEASURED WORKBOOK,0,112,0,29.23,Broad commercial,Ferrari service/repair discovery,/brands/ferrari-service-dubai,,EXISTING OWNER,Single broad booking and directory owner,Opportunity sheet copy
best ferrari garage in dubai,best ferrari garage in dubai,Ferrari,GSC Opportunities!A190,DIGI-TEC_SEO_Keyword_Universe_Dubai.xlsx,2026-04-12 to 2026-09-25,MEASURED WORKBOOK,1,95,0.0105,23.87,Comparison,Workshop selection,/best-ferrari-workshop-dubai,/brands/ferrari-service-dubai,EXISTING OWNER,"Selection checklist, distinct from broad service booking",Opportunity sheet copy
ferrari service centre dubai,ferrari service center dubai,Ferrari,GSC Opportunities!A201,DIGI-TEC_SEO_Keyword_Universe_Dubai.xlsx,2026-04-12 to 2026-09-25,MEASURED WORKBOOK,0,90,0,24.94,Broad commercial,Ferrari service/repair discovery,/brands/ferrari-service-dubai,,EXISTING OWNER,Single broad booking and directory owner,Opportunity sheet copy
ferrari engine repair dubai,ferrari engine repair dubai,Ferrari,GSC Opportunities!A210,DIGI-TEC_SEO_Keyword_Universe_Dubai.xlsx,2026-04-12 to 2026-09-25,MEASURED WORKBOOK,0,88,0,30.58,Commercial service,Ferrari Mechanical repair,/brands/ferrari-service-dubai/mechanical-repair,/brands/ferrari-service-dubai,EXISTING OWNER,Existing brand-specific service; scope confirmed for vehicle,Opportunity sheet copy
ferrari battery replacement dubai,ferrari battery replacement dubai,Ferrari,GSC Opportunities!A236,DIGI-TEC_SEO_Keyword_Universe_Dubai.xlsx,2026-04-12 to 2026-09-25,MEASURED WORKBOOK,0,82,0,28.79,Commercial service,Ferrari 12V battery assessment,/brands/ferrari-service-dubai/battery-replacement,/brands/ferrari-service-dubai,EXISTING OWNER,Existing brand-specific service; scope confirmed for vehicle,Opportunity sheet copy
ferrari oil change in dubai,ferrari oil change in dubai,Ferrari,GSC Opportunities!A244,DIGI-TEC_SEO_Keyword_Universe_Dubai.xlsx,2026-04-12 to 2026-09-25,MEASURED WORKBOOK,0,79,0,23.42,Commercial service,Ferrari Oil service,/brands/ferrari-service-dubai/oil-change,/brands/ferrari-service-dubai,EXISTING OWNER,Existing brand-specific service; scope confirmed for vehicle,Opportunity sheet copy
ferrari specialist,ferrari specialist,Ferrari,GSC Opportunities!A251,DIGI-TEC_SEO_Keyword_Universe_Dubai.xlsx,2026-04-12 to 2026-09-25,MEASURED WORKBOOK,0,77,0,30.69,Broad commercial,Ferrari service/repair discovery,/brands/ferrari-service-dubai,,EXISTING OWNER,Single broad booking and directory owner,Opportunity sheet copy
ferrari repair,ferrari repair,Ferrari,GSC Opportunities!A276,DIGI-TEC_SEO_Keyword_Universe_Dubai.xlsx,2026-04-12 to 2026-09-25,MEASURED WORKBOOK,0,72,0,17.71,Broad commercial,Ferrari service/repair discovery,/brands/ferrari-service-dubai,,EXISTING OWNER,Single broad booking and directory owner,Opportunity sheet copy
ferrari repair in dubai,ferrari repair in dubai,Ferrari,GSC Opportunities!A304,DIGI-TEC_SEO_Keyword_Universe_Dubai.xlsx,2026-04-12 to 2026-09-25,MEASURED WORKBOOK,0,65,0,27.12,Broad commercial,Ferrari service/repair discovery,/brands/ferrari-service-dubai,,EXISTING OWNER,Single broad booking and directory owner,Opportunity sheet copy
ferrari service centre,ferrari service center,Ferrari,GSC Opportunities!A319,DIGI-TEC_SEO_Keyword_Universe_Dubai.xlsx,2026-04-12 to 2026-09-25,MEASURED WORKBOOK,0,61,0,24.43,Broad commercial,Ferrari service/repair discovery,/brands/ferrari-service-dubai,,EXISTING OWNER,Single broad booking and directory owner,Opportunity sheet copy
ferrari garage in dubai,ferrari garage in dubai,Ferrari,GSC Opportunities!A359,DIGI-TEC_SEO_Keyword_Universe_Dubai.xlsx,2026-04-12 to 2026-09-25,MEASURED WORKBOOK,0,53,0,42.74,Broad commercial,Ferrari service/repair discovery,/brands/ferrari-service-dubai,,EXISTING OWNER,Single broad booking and directory owner,Opportunity sheet copy
ferrari maintenance,ferrari maintenance,Ferrari,GSC Opportunities!A456,DIGI-TEC_SEO_Keyword_Universe_Dubai.xlsx,2026-04-12 to 2026-09-25,MEASURED WORKBOOK,0,40,0,10.35,Informational,Maintenance planning,/blog/ferrari-maintenance-guide-dubai,/brands/ferrari-service-dubai,EXISTING OWNER,Guide supports broad hub booking,Opportunity sheet copy
ferrari brake repair,ferrari brake repair,Ferrari,GSC Opportunities!A617,DIGI-TEC_SEO_Keyword_Universe_Dubai.xlsx,2026-04-12 to 2026-09-25,MEASURED WORKBOOK,0,28,0,22.79,Commercial service,Ferrari Brake repair,/brands/ferrari-service-dubai/brake-repair,/brands/ferrari-service-dubai,EXISTING OWNER,Existing brand-specific service; scope confirmed for vehicle,Opportunity sheet copy
ferrari repair near me,ferrari repair near me,Ferrari,GSC Opportunities!A629,DIGI-TEC_SEO_Keyword_Universe_Dubai.xlsx,2026-04-12 to 2026-09-25,MEASURED WORKBOOK,0,28,0,67.64,Broad commercial,Ferrari service/repair discovery,/brands/ferrari-service-dubai,,EXISTING OWNER,Single broad booking and directory owner,Opportunity sheet copy
ferrari service center near me,ferrari service center near me,Ferrari,GSC Opportunities!A673,DIGI-TEC_SEO_Keyword_Universe_Dubai.xlsx,2026-04-12 to 2026-09-25,MEASURED WORKBOOK,0,26,0,32.58,Broad commercial,Ferrari service/repair discovery,/brands/ferrari-service-dubai,,EXISTING OWNER,Single broad booking and directory owner,Opportunity sheet copy
ferrari transmission repair dubai,ferrari gearbox repair dubai,Ferrari,GSC Opportunities!A689,DIGI-TEC_SEO_Keyword_Universe_Dubai.xlsx,2026-04-12 to 2026-09-25,MEASURED WORKBOOK,0,25,0,14.44,Commercial service,Ferrari Gearbox repair,/brands/ferrari-service-dubai/transmission-repair,/brands/ferrari-service-dubai,EXISTING OWNER,Existing brand-specific service; scope confirmed for vehicle,Opportunity sheet copy
ferrari transmission repair,ferrari gearbox repair,Ferrari,GSC Opportunities!A731,DIGI-TEC_SEO_Keyword_Universe_Dubai.xlsx,2026-04-12 to 2026-09-25,MEASURED WORKBOOK,0,23,0,20.65,Commercial service,Ferrari Gearbox repair,/brands/ferrari-service-dubai/transmission-repair,/brands/ferrari-service-dubai,EXISTING OWNER,Existing brand-specific service; scope confirmed for vehicle,Opportunity sheet copy
ferrari f1 gearbox repair,ferrari f1 gearbox repair,Ferrari,Brand Specific Systems!B20,DIGI-TEC_SEO_Keyword_Universe_Dubai.xlsx,,RESEARCH KEYWORD,,,,,Commercial service,Ferrari Gearbox repair,/brands/ferrari-service-dubai/transmission-repair,/brands/ferrari-service-dubai,EXISTING OWNER,Existing brand-specific service; scope confirmed for vehicle,System research suggestion
ferrari f1 transmission service,ferrari f1 gearbox service,Ferrari,Brand Specific Systems!B21,DIGI-TEC_SEO_Keyword_Universe_Dubai.xlsx,,RESEARCH KEYWORD,,,,,Commercial service,Ferrari Gearbox repair,/brands/ferrari-service-dubai/transmission-repair,/brands/ferrari-service-dubai,EXISTING OWNER,Existing brand-specific service; scope confirmed for vehicle,System research suggestion
ferrari manettino repair,ferrari manettino repair,Ferrari,Brand Specific Systems!B22,DIGI-TEC_SEO_Keyword_Universe_Dubai.xlsx,,RESEARCH KEYWORD,,,,,Broad commercial,Ferrari service/repair discovery,/brands/ferrari-service-dubai,,EXISTING OWNER,Single broad booking and directory owner,System research suggestion
ferrari magneride suspension repair,ferrari magneride suspension repair,Ferrari,Brand Specific Systems!B23,DIGI-TEC_SEO_Keyword_Universe_Dubai.xlsx,,RESEARCH KEYWORD,,,,,Commercial service,Ferrari Suspension repair,/brands/ferrari-service-dubai/suspension-repair,/brands/ferrari-service-dubai,EXISTING OWNER,Existing brand-specific service; scope confirmed for vehicle,System research suggestion
ferrari ferrari diagnostic scan,ferrari ferrari diagnostic scan,Ferrari,Brand Specific Systems!B24,DIGI-TEC_SEO_Keyword_Universe_Dubai.xlsx,,RESEARCH KEYWORD,,,,,Commercial service,Ferrari Diagnostics,/brands/ferrari-service-dubai/engine-diagnostics,/brands/ferrari-service-dubai,EXISTING OWNER,Existing brand-specific service; scope confirmed for vehicle,System research suggestion
ferrari sticky buttons repair,ferrari sticky buttons repair,Ferrari,Brand Specific Systems!B25,DIGI-TEC_SEO_Keyword_Universe_Dubai.xlsx,,RESEARCH KEYWORD,,,,,Broad commercial,Ferrari service/repair discovery,/brands/ferrari-service-dubai,,EXISTING OWNER,Single broad booking and directory owner,System research suggestion
Ferrari service Dubai,ferrari service dubai,Ferrari,B4 brief example #1,B4 user brief,,OTHER SOURCE — USER BRIEF EXAMPLE,,,,,Broad commercial,Ferrari service/repair discovery,/brands/ferrari-service-dubai,,EXISTING OWNER,Single broad booking and directory owner,"Candidate user task, not measured demand"
Ferrari repair Dubai,ferrari repair dubai,Ferrari,B4 brief example #2,B4 user brief,,OTHER SOURCE — USER BRIEF EXAMPLE,,,,,Broad commercial,Ferrari service/repair discovery,/brands/ferrari-service-dubai,,EXISTING OWNER,Single broad booking and directory owner,"Candidate user task, not measured demand"
Ferrari workshop Dubai,ferrari workshop dubai,Ferrari,B4 brief example #3,B4 user brief,,OTHER SOURCE — USER BRIEF EXAMPLE,,,,,Broad commercial,Ferrari service/repair discovery,/brands/ferrari-service-dubai,,EXISTING OWNER,Single broad booking and directory owner,"Candidate user task, not measured demand"
Ferrari diagnostics Dubai,ferrari diagnostics dubai,Ferrari,B4 brief example #4,B4 user brief,,OTHER SOURCE — USER BRIEF EXAMPLE,,,,,Commercial service,Ferrari Diagnostics,/brands/ferrari-service-dubai/engine-diagnostics,/brands/ferrari-service-dubai,EXISTING OWNER,Existing brand-specific service; scope confirmed for vehicle,"Candidate user task, not measured demand"
Ferrari engine repair Dubai,ferrari engine repair dubai,Ferrari,B4 brief example #5,B4 user brief,,OTHER SOURCE — USER BRIEF EXAMPLE,,,,,Commercial service,Ferrari Mechanical repair,/brands/ferrari-service-dubai/mechanical-repair,/brands/ferrari-service-dubai,EXISTING OWNER,Existing brand-specific service; scope confirmed for vehicle,"Candidate user task, not measured demand"
Ferrari transmission repair Dubai,ferrari gearbox repair dubai,Ferrari,B4 brief example #6,B4 user brief,,OTHER SOURCE — USER BRIEF EXAMPLE,,,,,Commercial service,Ferrari Gearbox repair,/brands/ferrari-service-dubai/transmission-repair,/brands/ferrari-service-dubai,EXISTING OWNER,Existing brand-specific service; scope confirmed for vehicle,"Candidate user task, not measured demand"
Ferrari gearbox warning,ferrari gearbox warning,Ferrari,B4 brief example #7,B4 user brief,,OTHER SOURCE — USER BRIEF EXAMPLE,,,,,Service section,Symptom assessment,/brands/ferrari-service-dubai/transmission-repair,/brands/ferrari-service-dubai,EXISTING OWNER,Existing service supplies diagnostic path; no thin symptom URL,"Candidate user task, not measured demand"
Ferrari suspension repair Dubai,ferrari suspension repair dubai,Ferrari,B4 brief example #8,B4 user brief,,OTHER SOURCE — USER BRIEF EXAMPLE,,,,,Commercial service,Ferrari Suspension repair,/brands/ferrari-service-dubai/suspension-repair,/brands/ferrari-service-dubai,EXISTING OWNER,Existing brand-specific service; scope confirmed for vehicle,"Candidate user task, not measured demand"
Ferrari brake repair Dubai,ferrari brake repair dubai,Ferrari,B4 brief example #9,B4 user brief,,OTHER SOURCE — USER BRIEF EXAMPLE,,,,,Commercial service,Ferrari Brake repair,/brands/ferrari-service-dubai/brake-repair,/brands/ferrari-service-dubai,EXISTING OWNER,Existing brand-specific service; scope confirmed for vehicle,"Candidate user task, not measured demand"
Ferrari AC repair Dubai,ferrari ac repair dubai,Ferrari,B4 brief example #10,B4 user brief,,OTHER SOURCE — USER BRIEF EXAMPLE,,,,,Commercial service,Ferrari AC repair,/brands/ferrari-service-dubai/ac-repair,/brands/ferrari-service-dubai,EXISTING OWNER,Existing brand-specific service; scope confirmed for vehicle,"Candidate user task, not measured demand"
Ferrari battery replacement,ferrari battery replacement,Ferrari,B4 brief example #11,B4 user brief,,OTHER SOURCE — USER BRIEF EXAMPLE,,,,,Commercial service,Ferrari 12V battery assessment,/brands/ferrari-service-dubai/battery-replacement,/brands/ferrari-service-dubai,EXISTING OWNER,Existing brand-specific service; scope confirmed for vehicle,"Candidate user task, not measured demand"
Ferrari overheating,ferrari overheating,Ferrari,B4 brief example #12,B4 user brief,,OTHER SOURCE — USER BRIEF EXAMPLE,,,,,Service section,Symptom assessment,/brands/ferrari-service-dubai/mechanical-repair,/brands/ferrari-service-dubai,EXISTING OWNER,Existing service supplies diagnostic path; no thin symptom URL,"Candidate user task, not measured demand"
Ferrari coolant leak,ferrari coolant leak,Ferrari,B4 brief example #13,B4 user brief,,OTHER SOURCE — USER BRIEF EXAMPLE,,,,,Service section,Symptom assessment,/brands/ferrari-service-dubai/mechanical-repair,/brands/ferrari-service-dubai,EXISTING OWNER,Existing service supplies diagnostic path; no thin symptom URL,"Candidate user task, not measured demand"
Ferrari oil leak,ferrari oil leak,Ferrari,B4 brief example #14,B4 user brief,,OTHER SOURCE — USER BRIEF EXAMPLE,,,,,Service section,Symptom assessment,/brands/ferrari-service-dubai/mechanical-repair,/brands/ferrari-service-dubai,EXISTING OWNER,Existing service supplies diagnostic path; no thin symptom URL,"Candidate user task, not measured demand"
Ferrari check engine light,ferrari check engine light,Ferrari,B4 brief example #15,B4 user brief,,OTHER SOURCE — USER BRIEF EXAMPLE,,,,,Service section,Symptom assessment,/brands/ferrari-service-dubai/engine-diagnostics,/brands/ferrari-service-dubai,EXISTING OWNER,Existing service supplies diagnostic path; no thin symptom URL,"Candidate user task, not measured demand"
Ferrari screen repair,ferrari screen repair,Ferrari,B4 brief example #16,B4 user brief,,OTHER SOURCE — USER BRIEF EXAMPLE,,,,,Commercial service,Ferrari Electrical assessment,/brands/ferrari-service-dubai/electrical-repair,/brands/ferrari-service-dubai,EXISTING OWNER,Existing brand-specific service; scope confirmed for vehicle,"Candidate user task, not measured demand"
Ferrari 296 GTB service Dubai,ferrari 296 gtb service dubai,Ferrari,B4 brief example #17,B4 user brief,,OTHER SOURCE — USER BRIEF EXAMPLE,,,,,Model commercial,296 model service,/brands/ferrari-service-dubai/296,/brands/ferrari-service-dubai,EXISTING OWNER,Existing distinct Ferrari model owner,"Candidate user task, not measured demand"
Ferrari SF90 service Dubai,ferrari sf90 service dubai,Ferrari,B4 brief example #18,B4 user brief,,OTHER SOURCE — USER BRIEF EXAMPLE,,,,,Model commercial,SF90 model service,/brands/ferrari-service-dubai/sf90,/brands/ferrari-service-dubai,EXISTING OWNER,Existing distinct Ferrari model owner,"Candidate user task, not measured demand"
Ferrari Roma service Dubai,ferrari roma service dubai,Ferrari,B4 brief example #19,B4 user brief,,OTHER SOURCE — USER BRIEF EXAMPLE,,,,,Model commercial,ROMA model service,/brands/ferrari-service-dubai/roma,/brands/ferrari-service-dubai,EXISTING OWNER,Existing distinct Ferrari model owner,"Candidate user task, not measured demand"
Ferrari Purosangue service Dubai,ferrari purosangue service dubai,Ferrari,B4 brief example #20,B4 user brief,,OTHER SOURCE — USER BRIEF EXAMPLE,,,,,Model commercial,PUROSANGUE model service,/brands/ferrari-service-dubai/purosangue,/brands/ferrari-service-dubai,EXISTING OWNER,Existing distinct Ferrari model owner,"Candidate user task, not measured demand"
Ferrari 812 service Dubai,ferrari 812 service dubai,Ferrari,B4 brief example #21,B4 user brief,,OTHER SOURCE — USER BRIEF EXAMPLE,,,,,Model commercial,812 model service,/brands/ferrari-service-dubai/812,/brands/ferrari-service-dubai,EXISTING OWNER,Existing distinct Ferrari model owner,"Candidate user task, not measured demand"
Ferrari 488 service Dubai,ferrari 488 service dubai,Ferrari,B4 brief example #22,B4 user brief,,OTHER SOURCE — USER BRIEF EXAMPLE,,,,,Model commercial,488 model service,/brands/ferrari-service-dubai/488,/brands/ferrari-service-dubai,EXISTING OWNER,Existing distinct Ferrari model owner,"Candidate user task, not measured demand"
Ferrari service cost Dubai,ferrari service cost dubai,Ferrari,B4 brief example #23,B4 user brief,,OTHER SOURCE — USER BRIEF EXAMPLE,,,,,Informational,Maintenance planning and cost factors,/blog/ferrari-maintenance-guide-dubai,/brands/ferrari-service-dubai,EXISTING OWNER,Existing guide; no fixed price or universal schedule,"Candidate user task, not measured demand"
Ferrari maintenance interval,ferrari maintenance interval,Ferrari,B4 brief example #24,B4 user brief,,OTHER SOURCE — USER BRIEF EXAMPLE,,,,,Informational,Maintenance planning and cost factors,/blog/ferrari-maintenance-guide-dubai,/brands/ferrari-service-dubai,EXISTING OWNER,Existing guide; no fixed price or universal schedule,"Candidate user task, not measured demand"
ferrari service dubai,ferrari service dubai,Ferrari,Queries!A30,digitecme.com-Performance-on-Search-2026-09-05.xlsx,2026-08-06 to 2026-09-02,MEASURED ORIGINAL GSC,0.0,205.0,0.0,15.92,Broad commercial,Ferrari service/repair discovery,/brands/ferrari-service-dubai,,EXISTING OWNER,Single broad booking and directory owner,Original GSC query export
ferrari repair dubai,ferrari repair dubai,Ferrari,Queries!A33,digitecme.com-Performance-on-Search-2026-09-05.xlsx,2026-08-06 to 2026-09-02,MEASURED ORIGINAL GSC,0.0,185.0,0.0,20.49,Broad commercial,Ferrari service/repair discovery,/brands/ferrari-service-dubai,,EXISTING OWNER,Single broad booking and directory owner,Original GSC query export
ferrari service,ferrari service,Ferrari,Queries!A47,digitecme.com-Performance-on-Search-2026-09-05.xlsx,2026-08-06 to 2026-09-02,MEASURED ORIGINAL GSC,0.0,120.0,0.0,16.07,Broad commercial,Ferrari service/repair discovery,/brands/ferrari-service-dubai,,EXISTING OWNER,Single broad booking and directory owner,Original GSC query export
ferrari service center dubai,ferrari service center dubai,Ferrari,Queries!A52,digitecme.com-Performance-on-Search-2026-09-05.xlsx,2026-08-06 to 2026-09-02,MEASURED ORIGINAL GSC,0.0,109.0,0.0,15.61,Broad commercial,Ferrari service/repair discovery,/brands/ferrari-service-dubai,,EXISTING OWNER,Single broad booking and directory owner,Original GSC query export
ferrari maintenance dubai,ferrari maintenance dubai,Ferrari,Queries!A58,digitecme.com-Performance-on-Search-2026-09-05.xlsx,2026-08-06 to 2026-09-02,MEASURED ORIGINAL GSC,0.0,90.0,0.0,18.24,Informational,Maintenance planning,/blog/ferrari-maintenance-guide-dubai,/brands/ferrari-service-dubai,EXISTING OWNER,Guide supports broad hub booking,Original GSC query export
ferrari servicing,ferrari service,Ferrari,Queries!A63,digitecme.com-Performance-on-Search-2026-09-05.xlsx,2026-08-06 to 2026-09-02,MEASURED ORIGINAL GSC,0.0,88.0,0.0,15.02,Broad commercial,Ferrari service/repair discovery,/brands/ferrari-service-dubai,,EXISTING OWNER,Single broad booking and directory owner,Original GSC query export
ferrari service center,ferrari service center,Ferrari,Queries!A64,digitecme.com-Performance-on-Search-2026-09-05.xlsx,2026-08-06 to 2026-09-02,MEASURED ORIGINAL GSC,0.0,87.0,0.0,18.85,Broad commercial,Ferrari service/repair discovery,/brands/ferrari-service-dubai,,EXISTING OWNER,Single broad booking and directory owner,Original GSC query export
ferrari engine repair dubai,ferrari engine repair dubai,Ferrari,Queries!A122,digitecme.com-Performance-on-Search-2026-09-05.xlsx,2026-08-06 to 2026-09-02,MEASURED ORIGINAL GSC,0.0,46.0,0.0,32.52,Commercial service,Ferrari Mechanical repair,/brands/ferrari-service-dubai/mechanical-repair,/brands/ferrari-service-dubai,EXISTING OWNER,Existing brand-specific service; scope confirmed for vehicle,Original GSC query export
ferrari suspension repair dubai,ferrari suspension repair dubai,Ferrari,Queries!A126,digitecme.com-Performance-on-Search-2026-09-05.xlsx,2026-08-06 to 2026-09-02,MEASURED ORIGINAL GSC,0.0,45.0,0.0,21.47,Commercial service,Ferrari Suspension repair,/brands/ferrari-service-dubai/suspension-repair,/brands/ferrari-service-dubai,EXISTING OWNER,Existing brand-specific service; scope confirmed for vehicle,Original GSC query export
ferrari oil change in dubai,ferrari oil change in dubai,Ferrari,Queries!A130,digitecme.com-Performance-on-Search-2026-09-05.xlsx,2026-08-06 to 2026-09-02,MEASURED ORIGINAL GSC,0.0,44.0,0.0,21.55,Commercial service,Ferrari Oil service,/brands/ferrari-service-dubai/oil-change,/brands/ferrari-service-dubai,EXISTING OWNER,Existing brand-specific service; scope confirmed for vehicle,Original GSC query export
ferrari specialist dubai,ferrari specialist dubai,Ferrari,Queries!A131,digitecme.com-Performance-on-Search-2026-09-05.xlsx,2026-08-06 to 2026-09-02,MEASURED ORIGINAL GSC,0.0,44.0,0.0,22.43,Broad commercial,Ferrari service/repair discovery,/brands/ferrari-service-dubai,,EXISTING OWNER,Single broad booking and directory owner,Original GSC query export
ferrari workshop dubai,ferrari workshop dubai,Ferrari,Queries!A132,digitecme.com-Performance-on-Search-2026-09-05.xlsx,2026-08-06 to 2026-09-02,MEASURED ORIGINAL GSC,0.0,44.0,0.0,23.07,Broad commercial,Ferrari service/repair discovery,/brands/ferrari-service-dubai,,EXISTING OWNER,Single broad booking and directory owner,Original GSC query export
ferrari brake repair dubai,ferrari brake repair dubai,Ferrari,Queries!A136,digitecme.com-Performance-on-Search-2026-09-05.xlsx,2026-08-06 to 2026-09-02,MEASURED ORIGINAL GSC,0.0,43.0,0.0,19.26,Commercial service,Ferrari Brake repair,/brands/ferrari-service-dubai/brake-repair,/brands/ferrari-service-dubai,EXISTING OWNER,Existing brand-specific service; scope confirmed for vehicle,Original GSC query export
ferrari service centre dubai,ferrari service center dubai,Ferrari,Queries!A150,digitecme.com-Performance-on-Search-2026-09-05.xlsx,2026-08-06 to 2026-09-02,MEASURED ORIGINAL GSC,0.0,41.0,0.0,18.37,Broad commercial,Ferrari service/repair discovery,/brands/ferrari-service-dubai,,EXISTING OWNER,Single broad booking and directory owner,Original GSC query export
best ferrari garage in dubai,best ferrari garage in dubai,Ferrari,Queries!A155,digitecme.com-Performance-on-Search-2026-09-05.xlsx,2026-08-06 to 2026-09-02,MEASURED ORIGINAL GSC,0.0,40.0,0.0,21.1,Comparison,Workshop selection,/best-ferrari-workshop-dubai,/brands/ferrari-service-dubai,EXISTING OWNER,"Selection checklist, distinct from broad service booking",Original GSC query export
ferrari specialist,ferrari specialist,Ferrari,Queries!A157,digitecme.com-Performance-on-Search-2026-09-05.xlsx,2026-08-06 to 2026-09-02,MEASURED ORIGINAL GSC,0.0,40.0,0.0,24.0,Broad commercial,Ferrari service/repair discovery,/brands/ferrari-service-dubai,,EXISTING OWNER,Single broad booking and directory owner,Original GSC query export
ferrari battery replacement dubai,ferrari battery replacement dubai,Ferrari,Queries!A169,digitecme.com-Performance-on-Search-2026-09-05.xlsx,2026-08-06 to 2026-09-02,MEASURED ORIGINAL GSC,0.0,37.0,0.0,23.92,Commercial service,Ferrari 12V battery assessment,/brands/ferrari-service-dubai/battery-replacement,/brands/ferrari-service-dubai,EXISTING OWNER,Existing brand-specific service; scope confirmed for vehicle,Original GSC query export
ferrari repair in dubai,ferrari repair in dubai,Ferrari,Queries!A174,digitecme.com-Performance-on-Search-2026-09-05.xlsx,2026-08-06 to 2026-09-02,MEASURED ORIGINAL GSC,0.0,36.0,0.0,26.25,Broad commercial,Ferrari service/repair discovery,/brands/ferrari-service-dubai,,EXISTING OWNER,Single broad booking and directory owner,Original GSC query export
ferrari repair,ferrari repair,Ferrari,Queries!A205,digitecme.com-Performance-on-Search-2026-09-05.xlsx,2026-08-06 to 2026-09-02,MEASURED ORIGINAL GSC,0.0,31.0,0.0,17.32,Broad commercial,Ferrari service/repair discovery,/brands/ferrari-service-dubai,,EXISTING OWNER,Single broad booking and directory owner,Original GSC query export
ferrari brake repair,ferrari brake repair,Ferrari,Queries!A350,digitecme.com-Performance-on-Search-2026-09-05.xlsx,2026-08-06 to 2026-09-02,MEASURED ORIGINAL GSC,0.0,17.0,0.0,17.88,Commercial service,Ferrari Brake repair,/brands/ferrari-service-dubai/brake-repair,/brands/ferrari-service-dubai,EXISTING OWNER,Existing brand-specific service; scope confirmed for vehicle,Original GSC query export
ferrari garage in dubai,ferrari garage in dubai,Ferrari,Queries!A396,digitecme.com-Performance-on-Search-2026-09-05.xlsx,2026-08-06 to 2026-09-02,MEASURED ORIGINAL GSC,0.0,15.0,0.0,46.27,Broad commercial,Ferrari service/repair discovery,/brands/ferrari-service-dubai,,EXISTING OWNER,Single broad booking and directory owner,Original GSC query export
ferrari transmission repair dubai,ferrari gearbox repair dubai,Ferrari,Queries!A406,digitecme.com-Performance-on-Search-2026-09-05.xlsx,2026-08-06 to 2026-09-02,MEASURED ORIGINAL GSC,0.0,14.0,0.0,13.36,Commercial service,Ferrari Gearbox repair,/brands/ferrari-service-dubai/transmission-repair,/brands/ferrari-service-dubai,EXISTING OWNER,Existing brand-specific service; scope confirmed for vehicle,Original GSC query export
ferrari auto body shop,ferrari auto body shop,Ferrari,Queries!A538,digitecme.com-Performance-on-Search-2026-09-05.xlsx,2026-08-06 to 2026-09-02,MEASURED ORIGINAL GSC,0.0,10.0,0.0,49.9,Commercial service,Ferrari Body repair,/brands/ferrari-service-dubai/body-repair,/brands/ferrari-service-dubai,EXISTING OWNER,Existing brand-specific service; scope confirmed for vehicle,Original GSC query export
ferrari service centre,ferrari service center,Ferrari,Queries!A562,digitecme.com-Performance-on-Search-2026-09-05.xlsx,2026-08-06 to 2026-09-02,MEASURED ORIGINAL GSC,0.0,9.0,0.0,16.44,Broad commercial,Ferrari service/repair discovery,/brands/ferrari-service-dubai,,EXISTING OWNER,Single broad booking and directory owner,Original GSC query export
ferrari maintenance,ferrari maintenance,Ferrari,Queries!A655,digitecme.com-Performance-on-Search-2026-09-05.xlsx,2026-08-06 to 2026-09-02,MEASURED ORIGINAL GSC,0.0,7.0,0.0,10.57,Informational,Maintenance planning,/blog/ferrari-maintenance-guide-dubai,/brands/ferrari-service-dubai,EXISTING OWNER,Guide supports broad hub booking,Original GSC query export
ferrari engine repair abu dhabi,ferrari engine repair abu dhabi,Ferrari,Queries!A779,digitecme.com-Performance-on-Search-2026-09-05.xlsx,2026-08-06 to 2026-09-02,MEASURED ORIGINAL GSC,0.0,6.0,0.0,30.5,Out-of-market,Outside Dubai service area,,,NOT TARGETED — INTENTIONALLY,Do not target another city with a Dubai workshop page,Original GSC query export
ferrari body repair,ferrari body repair,Ferrari,Queries!A890,digitecme.com-Performance-on-Search-2026-09-05.xlsx,2026-08-06 to 2026-09-02,MEASURED ORIGINAL GSC,0.0,5.0,0.0,24.4,Commercial service,Ferrari Body repair,/brands/ferrari-service-dubai/body-repair,/brands/ferrari-service-dubai,EXISTING OWNER,Existing brand-specific service; scope confirmed for vehicle,Original GSC query export
ferrari transmission repair,ferrari gearbox repair,Ferrari,Queries!A911,digitecme.com-Performance-on-Search-2026-09-05.xlsx,2026-08-06 to 2026-09-02,MEASURED ORIGINAL GSC,0.0,5.0,0.0,35.6,Commercial service,Ferrari Gearbox repair,/brands/ferrari-service-dubai/transmission-repair,/brands/ferrari-service-dubai,EXISTING OWNER,Existing brand-specific service; scope confirmed for vehicle,Original GSC query export
ferrari ac service dubai,ferrari ac service dubai,Ferrari,Queries!A994,digitecme.com-Performance-on-Search-2026-09-05.xlsx,2026-08-06 to 2026-09-02,MEASURED ORIGINAL GSC,0.0,4.0,0.0,11.5,Commercial service,Ferrari AC repair,/brands/ferrari-service-dubai/ac-repair,/brands/ferrari-service-dubai,EXISTING OWNER,Existing brand-specific service; scope confirmed for vehicle,Original GSC query export
ferrari service dubai,ferrari service dubai,Ferrari,Queries!A67,digitecme.com-Performance-on-Search-2026-09-08.xlsx,2026-06-07 to 2026-09-06,MEASURED ORIGINAL GSC,0.0,283.0,0.0,18.13,Broad commercial,Ferrari service/repair discovery,/brands/ferrari-service-dubai,,EXISTING OWNER,Single broad booking and directory owner,Original GSC query export
ferrari repair dubai,ferrari repair dubai,Ferrari,Queries!A70,digitecme.com-Performance-on-Search-2026-09-08.xlsx,2026-06-07 to 2026-09-06,MEASURED ORIGINAL GSC,0.0,261.0,0.0,22.73,Broad commercial,Ferrari service/repair discovery,/brands/ferrari-service-dubai,,EXISTING OWNER,Single broad booking and directory owner,Original GSC query export
ferrari service center dubai,ferrari service center dubai,Ferrari,Queries!A100,digitecme.com-Performance-on-Search-2026-09-08.xlsx,2026-06-07 to 2026-09-06,MEASURED ORIGINAL GSC,0.0,170.0,0.0,23.02,Broad commercial,Ferrari service/repair discovery,/brands/ferrari-service-dubai,,EXISTING OWNER,Single broad booking and directory owner,Original GSC query export
ferrari service,ferrari service,Ferrari,Queries!A101,digitecme.com-Performance-on-Search-2026-09-08.xlsx,2026-06-07 to 2026-09-06,MEASURED ORIGINAL GSC,0.0,167.0,0.0,17.65,Broad commercial,Ferrari service/repair discovery,/brands/ferrari-service-dubai,,EXISTING OWNER,Single broad booking and directory owner,Original GSC query export
ferrari service center,ferrari service center,Ferrari,Queries!A108,digitecme.com-Performance-on-Search-2026-09-08.xlsx,2026-06-07 to 2026-09-06,MEASURED ORIGINAL GSC,0.0,149.0,0.0,28.68,Broad commercial,Ferrari service/repair discovery,/brands/ferrari-service-dubai,,EXISTING OWNER,Single broad booking and directory owner,Original GSC query export
ferrari maintenance dubai,ferrari maintenance dubai,Ferrari,Queries!A117,digitecme.com-Performance-on-Search-2026-09-08.xlsx,2026-06-07 to 2026-09-06,MEASURED ORIGINAL GSC,0.0,134.0,0.0,18.88,Informational,Maintenance planning,/blog/ferrari-maintenance-guide-dubai,/brands/ferrari-service-dubai,EXISTING OWNER,Guide supports broad hub booking,Original GSC query export
ferrari suspension repair dubai,ferrari suspension repair dubai,Ferrari,Queries!A118,digitecme.com-Performance-on-Search-2026-09-08.xlsx,2026-06-07 to 2026-09-06,MEASURED ORIGINAL GSC,0.0,133.0,0.0,24.53,Commercial service,Ferrari Suspension repair,/brands/ferrari-service-dubai/suspension-repair,/brands/ferrari-service-dubai,EXISTING OWNER,Existing brand-specific service; scope confirmed for vehicle,Original GSC query export
ferrari servicing,ferrari service,Ferrari,Queries!A147,digitecme.com-Performance-on-Search-2026-09-08.xlsx,2026-06-07 to 2026-09-06,MEASURED ORIGINAL GSC,0.0,110.0,0.0,16.58,Broad commercial,Ferrari service/repair discovery,/brands/ferrari-service-dubai,,EXISTING OWNER,Single broad booking and directory owner,Original GSC query export
ferrari brake repair dubai,ferrari brake repair dubai,Ferrari,Queries!A159,digitecme.com-Performance-on-Search-2026-09-08.xlsx,2026-06-07 to 2026-09-06,MEASURED ORIGINAL GSC,0.0,103.0,0.0,34.11,Commercial service,Ferrari Brake repair,/brands/ferrari-service-dubai/brake-repair,/brands/ferrari-service-dubai,EXISTING OWNER,Existing brand-specific service; scope confirmed for vehicle,Original GSC query export
ferrari workshop dubai,ferrari workshop dubai,Ferrari,Queries!A174,digitecme.com-Performance-on-Search-2026-09-08.xlsx,2026-06-07 to 2026-09-06,MEASURED ORIGINAL GSC,0.0,92.0,0.0,25.68,Broad commercial,Ferrari service/repair discovery,/brands/ferrari-service-dubai,,EXISTING OWNER,Single broad booking and directory owner,Original GSC query export
ferrari specialist dubai,ferrari specialist dubai,Ferrari,Queries!A180,digitecme.com-Performance-on-Search-2026-09-08.xlsx,2026-06-07 to 2026-09-06,MEASURED ORIGINAL GSC,0.0,89.0,0.0,32.81,Broad commercial,Ferrari service/repair discovery,/brands/ferrari-service-dubai,,EXISTING OWNER,Single broad booking and directory owner,Original GSC query export
best ferrari garage in dubai,best ferrari garage in dubai,Ferrari,Queries!A207,digitecme.com-Performance-on-Search-2026-09-08.xlsx,2026-06-07 to 2026-09-06,MEASURED ORIGINAL GSC,0.0,76.0,0.0,25.95,Comparison,Workshop selection,/best-ferrari-workshop-dubai,/brands/ferrari-service-dubai,EXISTING OWNER,"Selection checklist, distinct from broad service booking",Original GSC query export
ferrari specialist,ferrari specialist,Ferrari,Queries!A214,digitecme.com-Performance-on-Search-2026-09-08.xlsx,2026-06-07 to 2026-09-06,MEASURED ORIGINAL GSC,0.0,73.0,0.0,29.59,Broad commercial,Ferrari service/repair discovery,/brands/ferrari-service-dubai,,EXISTING OWNER,Single broad booking and directory owner,Original GSC query export
ferrari service centre dubai,ferrari service center dubai,Ferrari,Queries!A217,digitecme.com-Performance-on-Search-2026-09-08.xlsx,2026-06-07 to 2026-09-06,MEASURED ORIGINAL GSC,0.0,72.0,0.0,26.9,Broad commercial,Ferrari service/repair discovery,/brands/ferrari-service-dubai,,EXISTING OWNER,Single broad booking and directory owner,Original GSC query export
ferrari battery replacement dubai,ferrari battery replacement dubai,Ferrari,Queries!A227,digitecme.com-Performance-on-Search-2026-09-08.xlsx,2026-06-07 to 2026-09-06,MEASURED ORIGINAL GSC,0.0,67.0,0.0,31.45,Commercial service,Ferrari 12V battery assessment,/brands/ferrari-service-dubai/battery-replacement,/brands/ferrari-service-dubai,EXISTING OWNER,Existing brand-specific service; scope confirmed for vehicle,Original GSC query export
ferrari oil change in dubai,ferrari oil change in dubai,Ferrari,Queries!A241,digitecme.com-Performance-on-Search-2026-09-08.xlsx,2026-06-07 to 2026-09-06,MEASURED ORIGINAL GSC,0.0,62.0,0.0,23.56,Commercial service,Ferrari Oil service,/brands/ferrari-service-dubai/oil-change,/brands/ferrari-service-dubai,EXISTING OWNER,Existing brand-specific service; scope confirmed for vehicle,Original GSC query export
ferrari engine repair dubai,ferrari engine repair dubai,Ferrari,Queries!A248,digitecme.com-Performance-on-Search-2026-09-08.xlsx,2026-06-07 to 2026-09-06,MEASURED ORIGINAL GSC,0.0,59.0,0.0,34.34,Commercial service,Ferrari Mechanical repair,/brands/ferrari-service-dubai/mechanical-repair,/brands/ferrari-service-dubai,EXISTING OWNER,Existing brand-specific service; scope confirmed for vehicle,Original GSC query export
ferrari repair,ferrari repair,Ferrari,Queries!A264,digitecme.com-Performance-on-Search-2026-09-08.xlsx,2026-06-07 to 2026-09-06,MEASURED ORIGINAL GSC,0.0,55.0,0.0,18.16,Broad commercial,Ferrari service/repair discovery,/brands/ferrari-service-dubai,,EXISTING OWNER,Single broad booking and directory owner,Original GSC query export
ferrari repair in dubai,ferrari repair in dubai,Ferrari,Queries!A313,digitecme.com-Performance-on-Search-2026-09-08.xlsx,2026-06-07 to 2026-09-06,MEASURED ORIGINAL GSC,0.0,47.0,0.0,28.32,Broad commercial,Ferrari service/repair discovery,/brands/ferrari-service-dubai,,EXISTING OWNER,Single broad booking and directory owner,Original GSC query export
ferrari garage in dubai,ferrari garage in dubai,Ferrari,Queries!A354,digitecme.com-Performance-on-Search-2026-09-08.xlsx,2026-06-07 to 2026-09-06,MEASURED ORIGINAL GSC,0.0,41.0,0.0,43.59,Broad commercial,Ferrari service/repair discovery,/brands/ferrari-service-dubai,,EXISTING OWNER,Single broad booking and directory owner,Original GSC query export
ferrari service centre,ferrari service center,Ferrari,Queries!A429,digitecme.com-Performance-on-Search-2026-09-08.xlsx,2026-06-07 to 2026-09-06,MEASURED ORIGINAL GSC,0.0,32.0,0.0,30.56,Broad commercial,Ferrari service/repair discovery,/brands/ferrari-service-dubai,,EXISTING OWNER,Single broad booking and directory owner,Original GSC query export
ferrari service center near me,ferrari service center near me,Ferrari,Queries!A542,digitecme.com-Performance-on-Search-2026-09-08.xlsx,2026-06-07 to 2026-09-06,MEASURED ORIGINAL GSC,0.0,25.0,0.0,33.52,Broad commercial,Ferrari service/repair discovery,/brands/ferrari-service-dubai,,EXISTING OWNER,Single broad booking and directory owner,Original GSC query export
ferrari repair near me,ferrari repair near me,Ferrari,Queries!A547,digitecme.com-Performance-on-Search-2026-09-08.xlsx,2026-06-07 to 2026-09-06,MEASURED ORIGINAL GSC,0.0,25.0,0.0,74.8,Broad commercial,Ferrari service/repair discovery,/brands/ferrari-service-dubai,,EXISTING OWNER,Single broad booking and directory owner,Original GSC query export
ferrari brake repair,ferrari brake repair,Ferrari,Queries!A569,digitecme.com-Performance-on-Search-2026-09-08.xlsx,2026-06-07 to 2026-09-06,MEASURED ORIGINAL GSC,0.0,23.0,0.0,22.78,Commercial service,Ferrari Brake repair,/brands/ferrari-service-dubai/brake-repair,/brands/ferrari-service-dubai,EXISTING OWNER,Existing brand-specific service; scope confirmed for vehicle,Original GSC query export
ferrari auto body shop,ferrari auto body shop,Ferrari,Queries!A672,digitecme.com-Performance-on-Search-2026-09-08.xlsx,2026-06-07 to 2026-09-06,MEASURED ORIGINAL GSC,0.0,19.0,0.0,45.84,Commercial service,Ferrari Body repair,/brands/ferrari-service-dubai/body-repair,/brands/ferrari-service-dubai,EXISTING OWNER,Existing brand-specific service; scope confirmed for vehicle,Original GSC query export
ferrari transmission repair dubai,ferrari gearbox repair dubai,Ferrari,Queries!A717,digitecme.com-Performance-on-Search-2026-09-08.xlsx,2026-06-07 to 2026-09-06,MEASURED ORIGINAL GSC,0.0,17.0,0.0,13.82,Commercial service,Ferrari Gearbox repair,/brands/ferrari-service-dubai/transmission-repair,/brands/ferrari-service-dubai,EXISTING OWNER,Existing brand-specific service; scope confirmed for vehicle,Original GSC query export
ferrari maintenance,ferrari maintenance,Ferrari,Queries!A881,digitecme.com-Performance-on-Search-2026-09-08.xlsx,2026-06-07 to 2026-09-06,MEASURED ORIGINAL GSC,0.0,13.0,0.0,10.15,Informational,Maintenance planning,/blog/ferrari-maintenance-guide-dubai,/brands/ferrari-service-dubai,EXISTING OWNER,Guide supports broad hub booking,Original GSC query export
ferrari workshop,ferrari workshop,Ferrari,Queries!A886,digitecme.com-Performance-on-Search-2026-09-08.xlsx,2026-06-07 to 2026-09-06,MEASURED ORIGINAL GSC,0.0,13.0,0.0,12.69,Broad commercial,Ferrari service/repair discovery,/brands/ferrari-service-dubai,,EXISTING OWNER,Single broad booking and directory owner,Original GSC query export
ferrari service dubai,ferrari service dubai,Ferrari,Queries!A13,digitecme.com-Performance-on-Search-2026-09-13.xlsx,2026-09-05 to 2026-09-11,MEASURED ORIGINAL GSC,0.0,63.0,0.0,13.86,Broad commercial,Ferrari service/repair discovery,/brands/ferrari-service-dubai,,EXISTING OWNER,Single broad booking and directory owner,Original GSC query export
ferrari maintenance dubai,ferrari maintenance dubai,Ferrari,Queries!A38,digitecme.com-Performance-on-Search-2026-09-13.xlsx,2026-09-05 to 2026-09-11,MEASURED ORIGINAL GSC,0.0,35.0,0.0,10.71,Informational,Maintenance planning,/blog/ferrari-maintenance-guide-dubai,/brands/ferrari-service-dubai,EXISTING OWNER,Guide supports broad hub booking,Original GSC query export
ferrari service,ferrari service,Ferrari,Queries!A41,digitecme.com-Performance-on-Search-2026-09-13.xlsx,2026-09-05 to 2026-09-11,MEASURED ORIGINAL GSC,0.0,33.0,0.0,9.82,Broad commercial,Ferrari service/repair discovery,/brands/ferrari-service-dubai,,EXISTING OWNER,Single broad booking and directory owner,Original GSC query export
ferrari service center,ferrari service center,Ferrari,Queries!A47,digitecme.com-Performance-on-Search-2026-09-13.xlsx,2026-09-05 to 2026-09-11,MEASURED ORIGINAL GSC,0.0,29.0,0.0,21.86,Broad commercial,Ferrari service/repair discovery,/brands/ferrari-service-dubai,,EXISTING OWNER,Single broad booking and directory owner,Original GSC query export
ferrari repair dubai,ferrari repair dubai,Ferrari,Queries!A48,digitecme.com-Performance-on-Search-2026-09-13.xlsx,2026-09-05 to 2026-09-11,MEASURED ORIGINAL GSC,0.0,28.0,0.0,22.0,Broad commercial,Ferrari service/repair discovery,/brands/ferrari-service-dubai,,EXISTING OWNER,Single broad booking and directory owner,Original GSC query export
ferrari service center dubai,ferrari service center dubai,Ferrari,Queries!A77,digitecme.com-Performance-on-Search-2026-09-13.xlsx,2026-09-05 to 2026-09-11,MEASURED ORIGINAL GSC,0.0,20.0,0.0,21.15,Broad commercial,Ferrari service/repair discovery,/brands/ferrari-service-dubai,,EXISTING OWNER,Single broad booking and directory owner,Original GSC query export
ferrari servicing,ferrari service,Ferrari,Queries!A80,digitecme.com-Performance-on-Search-2026-09-13.xlsx,2026-09-05 to 2026-09-11,MEASURED ORIGINAL GSC,0.0,19.0,0.0,13.89,Broad commercial,Ferrari service/repair discovery,/brands/ferrari-service-dubai,,EXISTING OWNER,Single broad booking and directory owner,Original GSC query export
ferrari maintenance,ferrari maintenance,Ferrari,Queries!A109,digitecme.com-Performance-on-Search-2026-09-13.xlsx,2026-09-05 to 2026-09-11,MEASURED ORIGINAL GSC,0.0,14.0,0.0,8.86,Informational,Maintenance planning,/blog/ferrari-maintenance-guide-dubai,/brands/ferrari-service-dubai,EXISTING OWNER,Guide supports broad hub booking,Original GSC query export
ferrari repair,ferrari repair,Ferrari,Queries!A113,digitecme.com-Performance-on-Search-2026-09-13.xlsx,2026-09-05 to 2026-09-11,MEASURED ORIGINAL GSC,0.0,14.0,0.0,17.14,Broad commercial,Ferrari service/repair discovery,/brands/ferrari-service-dubai,,EXISTING OWNER,Single broad booking and directory owner,Original GSC query export
ferrari workshop dubai,ferrari workshop dubai,Ferrari,Queries!A190,digitecme.com-Performance-on-Search-2026-09-13.xlsx,2026-09-05 to 2026-09-11,MEASURED ORIGINAL GSC,0.0,9.0,0.0,17.22,Broad commercial,Ferrari service/repair discovery,/brands/ferrari-service-dubai,,EXISTING OWNER,Single broad booking and directory owner,Original GSC query export
ferrari suspension repair dubai,ferrari suspension repair dubai,Ferrari,Queries!A196,digitecme.com-Performance-on-Search-2026-09-13.xlsx,2026-09-05 to 2026-09-11,MEASURED ORIGINAL GSC,0.0,9.0,0.0,22.56,Commercial service,Ferrari Suspension repair,/brands/ferrari-service-dubai/suspension-repair,/brands/ferrari-service-dubai,EXISTING OWNER,Existing brand-specific service; scope confirmed for vehicle,Original GSC query export
ferrari service centre,ferrari service center,Ferrari,Queries!A197,digitecme.com-Performance-on-Search-2026-09-13.xlsx,2026-09-05 to 2026-09-11,MEASURED ORIGINAL GSC,0.0,9.0,0.0,24.56,Broad commercial,Ferrari service/repair discovery,/brands/ferrari-service-dubai,,EXISTING OWNER,Single broad booking and directory owner,Original GSC query export
ferrari specialist,ferrari specialist,Ferrari,Queries!A202,digitecme.com-Performance-on-Search-2026-09-13.xlsx,2026-09-05 to 2026-09-11,MEASURED ORIGINAL GSC,0.0,9.0,0.0,35.0,Broad commercial,Ferrari service/repair discovery,/brands/ferrari-service-dubai,,EXISTING OWNER,Single broad booking and directory owner,Original GSC query export
ferrari service centre dubai,ferrari service center dubai,Ferrari,Queries!A233,digitecme.com-Performance-on-Search-2026-09-13.xlsx,2026-09-05 to 2026-09-11,MEASURED ORIGINAL GSC,0.0,8.0,0.0,20.62,Broad commercial,Ferrari service/repair discovery,/brands/ferrari-service-dubai,,EXISTING OWNER,Single broad booking and directory owner,Original GSC query export
ferrari repair in dubai,ferrari repair in dubai,Ferrari,Queries!A242,digitecme.com-Performance-on-Search-2026-09-13.xlsx,2026-09-05 to 2026-09-11,MEASURED ORIGINAL GSC,0.0,8.0,0.0,29.38,Broad commercial,Ferrari service/repair discovery,/brands/ferrari-service-dubai,,EXISTING OWNER,Single broad booking and directory owner,Original GSC query export
best ferrari garage in dubai,best ferrari garage in dubai,Ferrari,Queries!A272,digitecme.com-Performance-on-Search-2026-09-13.xlsx,2026-09-05 to 2026-09-11,MEASURED ORIGINAL GSC,0.0,7.0,0.0,17.43,Comparison,Workshop selection,/best-ferrari-workshop-dubai,/brands/ferrari-service-dubai,EXISTING OWNER,"Selection checklist, distinct from broad service booking",Original GSC query export
ferrari brake repair dubai,ferrari brake repair dubai,Ferrari,Queries!A345,digitecme.com-Performance-on-Search-2026-09-13.xlsx,2026-09-05 to 2026-09-11,MEASURED ORIGINAL GSC,0.0,6.0,0.0,36.5,Commercial service,Ferrari Brake repair,/brands/ferrari-service-dubai/brake-repair,/brands/ferrari-service-dubai,EXISTING OWNER,Existing brand-specific service; scope confirmed for vehicle,Original GSC query export
ferrari auto body shop,ferrari auto body shop,Ferrari,Queries!A380,digitecme.com-Performance-on-Search-2026-09-13.xlsx,2026-09-05 to 2026-09-11,MEASURED ORIGINAL GSC,0.0,5.0,0.0,18.2,Commercial service,Ferrari Body repair,/brands/ferrari-service-dubai/body-repair,/brands/ferrari-service-dubai,EXISTING OWNER,Existing brand-specific service; scope confirmed for vehicle,Original GSC query export
ferrari oil change in dubai,ferrari oil change in dubai,Ferrari,Queries!A381,digitecme.com-Performance-on-Search-2026-09-13.xlsx,2026-09-05 to 2026-09-11,MEASURED ORIGINAL GSC,0.0,5.0,0.0,18.2,Commercial service,Ferrari Oil service,/brands/ferrari-service-dubai/oil-change,/brands/ferrari-service-dubai,EXISTING OWNER,Existing brand-specific service; scope confirmed for vehicle,Original GSC query export
ferrari specialist dubai,ferrari specialist dubai,Ferrari,Queries!A390,digitecme.com-Performance-on-Search-2026-09-13.xlsx,2026-09-05 to 2026-09-11,MEASURED ORIGINAL GSC,0.0,5.0,0.0,25.0,Broad commercial,Ferrari service/repair discovery,/brands/ferrari-service-dubai,,EXISTING OWNER,Single broad booking and directory owner,Original GSC query export
ferrari engine repair dubai,ferrari engine repair dubai,Ferrari,Queries!A403,digitecme.com-Performance-on-Search-2026-09-13.xlsx,2026-09-05 to 2026-09-11,MEASURED ORIGINAL GSC,0.0,5.0,0.0,42.8,Commercial service,Ferrari Mechanical repair,/brands/ferrari-service-dubai/mechanical-repair,/brands/ferrari-service-dubai,EXISTING OWNER,Existing brand-specific service; scope confirmed for vehicle,Original GSC query export
ferrari transmission repair dubai,ferrari gearbox repair dubai,Ferrari,Queries!A445,digitecme.com-Performance-on-Search-2026-09-13.xlsx,2026-09-05 to 2026-09-11,MEASURED ORIGINAL GSC,0.0,4.0,0.0,12.0,Commercial service,Ferrari Gearbox repair,/brands/ferrari-service-dubai/transmission-repair,/brands/ferrari-service-dubai,EXISTING OWNER,Existing brand-specific service; scope confirmed for vehicle,Original GSC query export
ferrari care,ferrari care,Ferrari,Queries!A450,digitecme.com-Performance-on-Search-2026-09-13.xlsx,2026-09-05 to 2026-09-11,MEASURED ORIGINAL GSC,0.0,4.0,0.0,14.5,Broad commercial,Ferrari service/repair discovery,/brands/ferrari-service-dubai,,EXISTING OWNER,Single broad booking and directory owner,Original GSC query export
ferrari ac service dubai,ferrari ac service dubai,Ferrari,Queries!A496,digitecme.com-Performance-on-Search-2026-09-13.xlsx,2026-09-05 to 2026-09-11,MEASURED ORIGINAL GSC,0.0,3.0,0.0,3.33,Commercial service,Ferrari AC repair,/brands/ferrari-service-dubai/ac-repair,/brands/ferrari-service-dubai,EXISTING OWNER,Existing brand-specific service; scope confirmed for vehicle,Original GSC query export
ferrari service center near me,ferrari service center near me,Ferrari,Queries!A518,digitecme.com-Performance-on-Search-2026-09-13.xlsx,2026-09-05 to 2026-09-11,MEASURED ORIGINAL GSC,0.0,3.0,0.0,8.33,Broad commercial,Ferrari service/repair discovery,/brands/ferrari-service-dubai,,EXISTING OWNER,Single broad booking and directory owner,Original GSC query export
ferrari body repair,ferrari body repair,Ferrari,Queries!A521,digitecme.com-Performance-on-Search-2026-09-13.xlsx,2026-09-05 to 2026-09-11,MEASURED ORIGINAL GSC,0.0,3.0,0.0,9.0,Commercial service,Ferrari Body repair,/brands/ferrari-service-dubai/body-repair,/brands/ferrari-service-dubai,EXISTING OWNER,Existing brand-specific service; scope confirmed for vehicle,Original GSC query export
ferrari garage in dubai,ferrari garage in dubai,Ferrari,Queries!A611,digitecme.com-Performance-on-Search-2026-09-13.xlsx,2026-09-05 to 2026-09-11,MEASURED ORIGINAL GSC,0.0,3.0,0.0,53.0,Broad commercial,Ferrari service/repair discovery,/brands/ferrari-service-dubai,,EXISTING OWNER,Single broad booking and directory owner,Original GSC query export
ferrari repair near me,ferrari repair near me,Ferrari,Queries!A639,digitecme.com-Performance-on-Search-2026-09-13.xlsx,2026-09-05 to 2026-09-11,MEASURED ORIGINAL GSC,0.0,2.0,0.0,5.5,Broad commercial,Ferrari service/repair discovery,/brands/ferrari-service-dubai,,EXISTING OWNER,Single broad booking and directory owner,Original GSC query export
ferrari workshop,ferrari workshop,Ferrari,Queries!A667,digitecme.com-Performance-on-Search-2026-09-13.xlsx,2026-09-05 to 2026-09-11,MEASURED ORIGINAL GSC,0.0,2.0,0.0,9.0,Broad commercial,Ferrari service/repair discovery,/brands/ferrari-service-dubai,,EXISTING OWNER,Single broad booking and directory owner,Original GSC query export
ferrari battery replacement dubai,ferrari battery replacement dubai,Ferrari,Queries!A688,digitecme.com-Performance-on-Search-2026-09-13.xlsx,2026-09-05 to 2026-09-11,MEASURED ORIGINAL GSC,0.0,2.0,0.0,11.5,Commercial service,Ferrari 12V battery assessment,/brands/ferrari-service-dubai/battery-replacement,/brands/ferrari-service-dubai,EXISTING OWNER,Existing brand-specific service; scope confirmed for vehicle,Original GSC query export
ferrari service dubai,ferrari service dubai,Ferrari,Queries!A11,digitecme.com-Performance-on-Search-2026-09-16.xlsx,2026-09-07 to 2026-09-13,MEASURED ORIGINAL GSC,0.0,69.0,0.0,12.29,Broad commercial,Ferrari service/repair discovery,/brands/ferrari-service-dubai,,EXISTING OWNER,Single broad booking and directory owner,Original GSC query export
ferrari service,ferrari service,Ferrari,Queries!A21,digitecme.com-Performance-on-Search-2026-09-16.xlsx,2026-09-07 to 2026-09-13,MEASURED ORIGINAL GSC,0.0,37.0,0.0,8.27,Broad commercial,Ferrari service/repair discovery,/brands/ferrari-service-dubai,,EXISTING OWNER,Single broad booking and directory owner,Original GSC query export
ferrari maintenance dubai,ferrari maintenance dubai,Ferrari,Queries!A33,digitecme.com-Performance-on-Search-2026-09-16.xlsx,2026-09-07 to 2026-09-13,MEASURED ORIGINAL GSC,0.0,32.0,0.0,8.66,Informational,Maintenance planning,/blog/ferrari-maintenance-guide-dubai,/brands/ferrari-service-dubai,EXISTING OWNER,Guide supports broad hub booking,Original GSC query export
ferrari service center,ferrari service center,Ferrari,Queries!A43,digitecme.com-Performance-on-Search-2026-09-16.xlsx,2026-09-07 to 2026-09-13,MEASURED ORIGINAL GSC,0.0,28.0,0.0,21.43,Broad commercial,Ferrari service/repair discovery,/brands/ferrari-service-dubai,,EXISTING OWNER,Single broad booking and directory owner,Original GSC query export
ferrari service center dubai,ferrari service center dubai,Ferrari,Queries!A57,digitecme.com-Performance-on-Search-2026-09-16.xlsx,2026-09-07 to 2026-09-13,MEASURED ORIGINAL GSC,0.0,24.0,0.0,17.96,Broad commercial,Ferrari service/repair discovery,/brands/ferrari-service-dubai,,EXISTING OWNER,Single broad booking and directory owner,Original GSC query export
ferrari servicing,ferrari service,Ferrari,Queries!A58,digitecme.com-Performance-on-Search-2026-09-16.xlsx,2026-09-07 to 2026-09-13,MEASURED ORIGINAL GSC,0.0,23.0,0.0,11.13,Broad commercial,Ferrari service/repair discovery,/brands/ferrari-service-dubai,,EXISTING OWNER,Single broad booking and directory owner,Original GSC query export
ferrari repair dubai,ferrari repair dubai,Ferrari,Queries!A60,digitecme.com-Performance-on-Search-2026-09-16.xlsx,2026-09-07 to 2026-09-13,MEASURED ORIGINAL GSC,0.0,22.0,0.0,21.45,Broad commercial,Ferrari service/repair discovery,/brands/ferrari-service-dubai,,EXISTING OWNER,Single broad booking and directory owner,Original GSC query export
ferrari maintenance,ferrari maintenance,Ferrari,Queries!A103,digitecme.com-Performance-on-Search-2026-09-16.xlsx,2026-09-07 to 2026-09-13,MEASURED ORIGINAL GSC,0.0,14.0,0.0,8.71,Informational,Maintenance planning,/blog/ferrari-maintenance-guide-dubai,/brands/ferrari-service-dubai,EXISTING OWNER,Guide supports broad hub booking,Original GSC query export
ferrari suspension repair dubai,ferrari suspension repair dubai,Ferrari,Queries!A148,digitecme.com-Performance-on-Search-2026-09-16.xlsx,2026-09-07 to 2026-09-13,MEASURED ORIGINAL GSC,0.0,11.0,0.0,23.91,Commercial service,Ferrari Suspension repair,/brands/ferrari-service-dubai/suspension-repair,/brands/ferrari-service-dubai,EXISTING OWNER,Existing brand-specific service; scope confirmed for vehicle,Original GSC query export
ferrari service centre,ferrari service center,Ferrari,Queries!A163,digitecme.com-Performance-on-Search-2026-09-16.xlsx,2026-09-07 to 2026-09-13,MEASURED ORIGINAL GSC,0.0,10.0,0.0,22.4,Broad commercial,Ferrari service/repair discovery,/brands/ferrari-service-dubai,,EXISTING OWNER,Single broad booking and directory owner,Original GSC query export
ferrari workshop dubai,ferrari workshop dubai,Ferrari,Queries!A194,digitecme.com-Performance-on-Search-2026-09-16.xlsx,2026-09-07 to 2026-09-13,MEASURED ORIGINAL GSC,0.0,9.0,0.0,17.11,Broad commercial,Ferrari service/repair discovery,/brands/ferrari-service-dubai,,EXISTING OWNER,Single broad booking and directory owner,Original GSC query export
ferrari repair in dubai,ferrari repair in dubai,Ferrari,Queries!A199,digitecme.com-Performance-on-Search-2026-09-16.xlsx,2026-09-07 to 2026-09-13,MEASURED ORIGINAL GSC,0.0,9.0,0.0,29.33,Broad commercial,Ferrari service/repair discovery,/brands/ferrari-service-dubai,,EXISTING OWNER,Single broad booking and directory owner,Original GSC query export
best ferrari garage in dubai,best ferrari garage in dubai,Ferrari,Queries!A224,digitecme.com-Performance-on-Search-2026-09-16.xlsx,2026-09-07 to 2026-09-13,MEASURED ORIGINAL GSC,0.0,8.0,0.0,17.62,Comparison,Workshop selection,/best-ferrari-workshop-dubai,/brands/ferrari-service-dubai,EXISTING OWNER,"Selection checklist, distinct from broad service booking",Original GSC query export
ferrari oil change in dubai,ferrari oil change in dubai,Ferrari,Queries!A228,digitecme.com-Performance-on-Search-2026-09-16.xlsx,2026-09-07 to 2026-09-13,MEASURED ORIGINAL GSC,0.0,8.0,0.0,20.12,Commercial service,Ferrari Oil service,/brands/ferrari-service-dubai/oil-change,/brands/ferrari-service-dubai,EXISTING OWNER,Existing brand-specific service; scope confirmed for vehicle,Original GSC query export
ferrari brake repair dubai,ferrari brake repair dubai,Ferrari,Queries!A238,digitecme.com-Performance-on-Search-2026-09-16.xlsx,2026-09-07 to 2026-09-13,MEASURED ORIGINAL GSC,0.0,8.0,0.0,32.38,Commercial service,Ferrari Brake repair,/brands/ferrari-service-dubai/brake-repair,/brands/ferrari-service-dubai,EXISTING OWNER,Existing brand-specific service; scope confirmed for vehicle,Original GSC query export
ferrari engine repair dubai,ferrari engine repair dubai,Ferrari,Queries!A242,digitecme.com-Performance-on-Search-2026-09-16.xlsx,2026-09-07 to 2026-09-13,MEASURED ORIGINAL GSC,0.0,8.0,0.0,36.12,Commercial service,Ferrari Mechanical repair,/brands/ferrari-service-dubai/mechanical-repair,/brands/ferrari-service-dubai,EXISTING OWNER,Existing brand-specific service; scope confirmed for vehicle,Original GSC query export
ferrari service centre dubai,ferrari service center dubai,Ferrari,Queries!A268,digitecme.com-Performance-on-Search-2026-09-16.xlsx,2026-09-07 to 2026-09-13,MEASURED ORIGINAL GSC,0.0,7.0,0.0,19.71,Broad commercial,Ferrari service/repair discovery,/brands/ferrari-service-dubai,,EXISTING OWNER,Single broad booking and directory owner,Original GSC query export
ferrari transmission repair,ferrari gearbox repair,Ferrari,Queries!A315,digitecme.com-Performance-on-Search-2026-09-16.xlsx,2026-09-07 to 2026-09-13,MEASURED ORIGINAL GSC,0.0,6.0,0.0,13.67,Commercial service,Ferrari Gearbox repair,/brands/ferrari-service-dubai/transmission-repair,/brands/ferrari-service-dubai,EXISTING OWNER,Existing brand-specific service; scope confirmed for vehicle,Original GSC query export
ferrari care,ferrari care,Ferrari,Queries!A358,digitecme.com-Performance-on-Search-2026-09-16.xlsx,2026-09-07 to 2026-09-13,MEASURED ORIGINAL GSC,0.0,5.0,0.0,14.6,Broad commercial,Ferrari service/repair discovery,/brands/ferrari-service-dubai,,EXISTING OWNER,Single broad booking and directory owner,Original GSC query export
ferrari auto body shop,ferrari auto body shop,Ferrari,Queries!A368,digitecme.com-Performance-on-Search-2026-09-16.xlsx,2026-09-07 to 2026-09-13,MEASURED ORIGINAL GSC,0.0,5.0,0.0,17.8,Commercial service,Ferrari Body repair,/brands/ferrari-service-dubai/body-repair,/brands/ferrari-service-dubai,EXISTING OWNER,Existing brand-specific service; scope confirmed for vehicle,Original GSC query export
ferrari garage in dubai,ferrari garage in dubai,Ferrari,Queries!A394,digitecme.com-Performance-on-Search-2026-09-16.xlsx,2026-09-07 to 2026-09-13,MEASURED ORIGINAL GSC,0.0,5.0,0.0,47.6,Broad commercial,Ferrari service/repair discovery,/brands/ferrari-service-dubai,,EXISTING OWNER,Single broad booking and directory owner,Original GSC query export
ferrari specialist dubai,ferrari specialist dubai,Ferrari,Queries!A434,digitecme.com-Performance-on-Search-2026-09-16.xlsx,2026-09-07 to 2026-09-13,MEASURED ORIGINAL GSC,0.0,4.0,0.0,17.75,Broad commercial,Ferrari service/repair discovery,/brands/ferrari-service-dubai,,EXISTING OWNER,Single broad booking and directory owner,Original GSC query export
ferrari repair,ferrari repair,Ferrari,Queries!A449,digitecme.com-Performance-on-Search-2026-09-16.xlsx,2026-09-07 to 2026-09-13,MEASURED ORIGINAL GSC,0.0,4.0,0.0,21.5,Broad commercial,Ferrari service/repair discovery,/brands/ferrari-service-dubai,,EXISTING OWNER,Single broad booking and directory owner,Original GSC query export
ferrari specialist,ferrari specialist,Ferrari,Queries!A476,digitecme.com-Performance-on-Search-2026-09-16.xlsx,2026-09-07 to 2026-09-13,MEASURED ORIGINAL GSC,0.0,4.0,0.0,50.75,Broad commercial,Ferrari service/repair discovery,/brands/ferrari-service-dubai,,EXISTING OWNER,Single broad booking and directory owner,Original GSC query export
ferrari body repair,ferrari body repair,Ferrari,Queries!A512,digitecme.com-Performance-on-Search-2026-09-16.xlsx,2026-09-07 to 2026-09-13,MEASURED ORIGINAL GSC,0.0,3.0,0.0,9.67,Commercial service,Ferrari Body repair,/brands/ferrari-service-dubai/body-repair,/brands/ferrari-service-dubai,EXISTING OWNER,Existing brand-specific service; scope confirmed for vehicle,Original GSC query export
ferrari ac service dubai,ferrari ac service dubai,Ferrari,Queries!A613,digitecme.com-Performance-on-Search-2026-09-16.xlsx,2026-09-07 to 2026-09-13,MEASURED ORIGINAL GSC,0.0,2.0,0.0,2.0,Commercial service,Ferrari AC repair,/brands/ferrari-service-dubai/ac-repair,/brands/ferrari-service-dubai,EXISTING OWNER,Existing brand-specific service; scope confirmed for vehicle,Original GSC query export
ferrari transmission repair dubai,ferrari gearbox repair dubai,Ferrari,Queries!A620,digitecme.com-Performance-on-Search-2026-09-16.xlsx,2026-09-07 to 2026-09-13,MEASURED ORIGINAL GSC,0.0,2.0,0.0,3.5,Commercial service,Ferrari Gearbox repair,/brands/ferrari-service-dubai/transmission-repair,/brands/ferrari-service-dubai,EXISTING OWNER,Existing brand-specific service; scope confirmed for vehicle,Original GSC query export
ferrari repair near me,ferrari repair near me,Ferrari,Queries!A628,digitecme.com-Performance-on-Search-2026-09-16.xlsx,2026-09-07 to 2026-09-13,MEASURED ORIGINAL GSC,0.0,2.0,0.0,5.5,Broad commercial,Ferrari service/repair discovery,/brands/ferrari-service-dubai,,EXISTING OWNER,Single broad booking and directory owner,Original GSC query export
ferrari workshop,ferrari workshop,Ferrari,Queries!A651,digitecme.com-Performance-on-Search-2026-09-16.xlsx,2026-09-07 to 2026-09-13,MEASURED ORIGINAL GSC,0.0,2.0,0.0,9.0,Broad commercial,Ferrari service/repair discovery,/brands/ferrari-service-dubai,,EXISTING OWNER,Single broad booking and directory owner,Original GSC query export
ferrari service center al quoz,ferrari service center al quoz,Ferrari,Queries!A711,digitecme.com-Performance-on-Search-2026-09-16.xlsx,2026-09-07 to 2026-09-13,MEASURED ORIGINAL GSC,0.0,2.0,0.0,17.5,Broad commercial,Ferrari service/repair discovery,/brands/ferrari-service-dubai,,EXISTING OWNER,Single broad booking and directory owner,Original GSC query export
ferrari service center near me,ferrari service center near me,Ferrari,Queries!A986,digitecme.com-Performance-on-Search-2026-09-16.xlsx,2026-09-07 to 2026-09-13,MEASURED ORIGINAL GSC,0.0,1.0,0.0,9.0,Broad commercial,Ferrari service/repair discovery,/brands/ferrari-service-dubai,,EXISTING OWNER,Single broad booking and directory owner,Original GSC query export
ferrari service dubai,ferrari service dubai,Ferrari,Queries!A8,digitecme.com-Performance-on-Search-2026-09-18.xlsx,2026-09-09 to 2026-09-15,MEASURED ORIGINAL GSC,0.0,66.0,0.0,12.33,Broad commercial,Ferrari service/repair discovery,/brands/ferrari-service-dubai,,EXISTING OWNER,Single broad booking and directory owner,Original GSC query export
ferrari service,ferrari service,Ferrari,Queries!A15,digitecme.com-Performance-on-Search-2026-09-18.xlsx,2026-09-09 to 2026-09-15,MEASURED ORIGINAL GSC,0.0,38.0,0.0,8.32,Broad commercial,Ferrari service/repair discovery,/brands/ferrari-service-dubai,,EXISTING OWNER,Single broad booking and directory owner,Original GSC query export
ferrari maintenance dubai,ferrari maintenance dubai,Ferrari,Queries!A21,digitecme.com-Performance-on-Search-2026-09-18.xlsx,2026-09-09 to 2026-09-15,MEASURED ORIGINAL GSC,0.0,35.0,0.0,8.69,Informational,Maintenance planning,/blog/ferrari-maintenance-guide-dubai,/brands/ferrari-service-dubai,EXISTING OWNER,Guide supports broad hub booking,Original GSC query export
ferrari service center dubai,ferrari service center dubai,Ferrari,Queries!A33,digitecme.com-Performance-on-Search-2026-09-18.xlsx,2026-09-09 to 2026-09-15,MEASURED ORIGINAL GSC,0.0,30.0,0.0,14.1,Broad commercial,Ferrari service/repair discovery,/brands/ferrari-service-dubai,,EXISTING OWNER,Single broad booking and directory owner,Original GSC query export
ferrari repair dubai,ferrari repair dubai,Ferrari,Queries!A48,digitecme.com-Performance-on-Search-2026-09-18.xlsx,2026-09-09 to 2026-09-15,MEASURED ORIGINAL GSC,0.0,25.0,0.0,18.0,Broad commercial,Ferrari service/repair discovery,/brands/ferrari-service-dubai,,EXISTING OWNER,Single broad booking and directory owner,Original GSC query export
ferrari servicing,ferrari service,Ferrari,Queries!A53,digitecme.com-Performance-on-Search-2026-09-18.xlsx,2026-09-09 to 2026-09-15,MEASURED ORIGINAL GSC,0.0,22.0,0.0,9.55,Broad commercial,Ferrari service/repair discovery,/brands/ferrari-service-dubai,,EXISTING OWNER,Single broad booking and directory owner,Original GSC query export
ferrari service center,ferrari service center,Ferrari,Queries!A54,digitecme.com-Performance-on-Search-2026-09-18.xlsx,2026-09-09 to 2026-09-15,MEASURED ORIGINAL GSC,0.0,22.0,0.0,18.18,Broad commercial,Ferrari service/repair discovery,/brands/ferrari-service-dubai,,EXISTING OWNER,Single broad booking and directory owner,Original GSC query export
ferrari maintenance,ferrari maintenance,Ferrari,Queries!A95,digitecme.com-Performance-on-Search-2026-09-18.xlsx,2026-09-09 to 2026-09-15,MEASURED ORIGINAL GSC,0.0,14.0,0.0,8.93,Informational,Maintenance planning,/blog/ferrari-maintenance-guide-dubai,/brands/ferrari-service-dubai,EXISTING OWNER,Guide supports broad hub booking,Original GSC query export
ferrari workshop dubai,ferrari workshop dubai,Ferrari,Queries!A151,digitecme.com-Performance-on-Search-2026-09-18.xlsx,2026-09-09 to 2026-09-15,MEASURED ORIGINAL GSC,0.0,10.0,0.0,15.6,Broad commercial,Ferrari service/repair discovery,/brands/ferrari-service-dubai,,EXISTING OWNER,Single broad booking and directory owner,Original GSC query export
ferrari service centre,ferrari service center,Ferrari,Queries!A153,digitecme.com-Performance-on-Search-2026-09-18.xlsx,2026-09-09 to 2026-09-15,MEASURED ORIGINAL GSC,0.0,10.0,0.0,17.8,Broad commercial,Ferrari service/repair discovery,/brands/ferrari-service-dubai,,EXISTING OWNER,Single broad booking and directory owner,Original GSC query export
ferrari suspension repair dubai,ferrari suspension repair dubai,Ferrari,Queries!A159,digitecme.com-Performance-on-Search-2026-09-18.xlsx,2026-09-09 to 2026-09-15,MEASURED ORIGINAL GSC,0.0,10.0,0.0,23.1,Commercial service,Ferrari Suspension repair,/brands/ferrari-service-dubai/suspension-repair,/brands/ferrari-service-dubai,EXISTING OWNER,Existing brand-specific service; scope confirmed for vehicle,Original GSC query export
best ferrari garage in dubai,best ferrari garage in dubai,Ferrari,Queries!A186,digitecme.com-Performance-on-Search-2026-09-18.xlsx,2026-09-09 to 2026-09-15,MEASURED ORIGINAL GSC,0.0,9.0,0.0,17.78,Comparison,Workshop selection,/best-ferrari-workshop-dubai,/brands/ferrari-service-dubai,EXISTING OWNER,"Selection checklist, distinct from broad service booking",Original GSC query export
ferrari engine repair dubai,ferrari engine repair dubai,Ferrari,Queries!A189,digitecme.com-Performance-on-Search-2026-09-18.xlsx,2026-09-09 to 2026-09-15,MEASURED ORIGINAL GSC,0.0,9.0,0.0,21.89,Commercial service,Ferrari Mechanical repair,/brands/ferrari-service-dubai/mechanical-repair,/brands/ferrari-service-dubai,EXISTING OWNER,Existing brand-specific service; scope confirmed for vehicle,Original GSC query export
ferrari specialist dubai,ferrari specialist dubai,Ferrari,Queries!A214,digitecme.com-Performance-on-Search-2026-09-18.xlsx,2026-09-09 to 2026-09-15,MEASURED ORIGINAL GSC,0.0,8.0,0.0,14.88,Broad commercial,Ferrari service/repair discovery,/brands/ferrari-service-dubai,,EXISTING OWNER,Single broad booking and directory owner,Original GSC query export
ferrari service centre dubai,ferrari service center dubai,Ferrari,Queries!A250,digitecme.com-Performance-on-Search-2026-09-18.xlsx,2026-09-09 to 2026-09-15,MEASURED ORIGINAL GSC,0.0,7.0,0.0,12.71,Broad commercial,Ferrari service/repair discovery,/brands/ferrari-service-dubai,,EXISTING OWNER,Single broad booking and directory owner,Original GSC query export
ferrari repair in dubai,ferrari repair in dubai,Ferrari,Queries!A261,digitecme.com-Performance-on-Search-2026-09-18.xlsx,2026-09-09 to 2026-09-15,MEASURED ORIGINAL GSC,0.0,7.0,0.0,20.29,Broad commercial,Ferrari service/repair discovery,/brands/ferrari-service-dubai,,EXISTING OWNER,Single broad booking and directory owner,Original GSC query export
ferrari oil change in dubai,ferrari oil change in dubai,Ferrari,Queries!A263,digitecme.com-Performance-on-Search-2026-09-18.xlsx,2026-09-09 to 2026-09-15,MEASURED ORIGINAL GSC,0.0,7.0,0.0,21.29,Commercial service,Ferrari Oil service,/brands/ferrari-service-dubai/oil-change,/brands/ferrari-service-dubai,EXISTING OWNER,Existing brand-specific service; scope confirmed for vehicle,Original GSC query export
ferrari transmission repair,ferrari gearbox repair,Ferrari,Queries!A303,digitecme.com-Performance-on-Search-2026-09-18.xlsx,2026-09-09 to 2026-09-15,MEASURED ORIGINAL GSC,0.0,6.0,0.0,13.67,Commercial service,Ferrari Gearbox repair,/brands/ferrari-service-dubai/transmission-repair,/brands/ferrari-service-dubai,EXISTING OWNER,Existing brand-specific service; scope confirmed for vehicle,Original GSC query export
ferrari care,ferrari care,Ferrari,Queries!A304,digitecme.com-Performance-on-Search-2026-09-18.xlsx,2026-09-09 to 2026-09-15,MEASURED ORIGINAL GSC,0.0,6.0,0.0,15.33,Broad commercial,Ferrari service/repair discovery,/brands/ferrari-service-dubai,,EXISTING OWNER,Single broad booking and directory owner,Original GSC query export
ferrari brake repair dubai,ferrari brake repair dubai,Ferrari,Queries!A315,digitecme.com-Performance-on-Search-2026-09-18.xlsx,2026-09-09 to 2026-09-15,MEASURED ORIGINAL GSC,0.0,6.0,0.0,21.67,Commercial service,Ferrari Brake repair,/brands/ferrari-service-dubai/brake-repair,/brands/ferrari-service-dubai,EXISTING OWNER,Existing brand-specific service; scope confirmed for vehicle,Original GSC query export
ferrari garage in dubai,ferrari garage in dubai,Ferrari,Queries!A336,digitecme.com-Performance-on-Search-2026-09-18.xlsx,2026-09-09 to 2026-09-15,MEASURED ORIGINAL GSC,0.0,6.0,0.0,38.17,Broad commercial,Ferrari service/repair discovery,/brands/ferrari-service-dubai,,EXISTING OWNER,Single broad booking and directory owner,Original GSC query export
ferrari auto body shop,ferrari auto body shop,Ferrari,Queries!A384,digitecme.com-Performance-on-Search-2026-09-18.xlsx,2026-09-09 to 2026-09-15,MEASURED ORIGINAL GSC,0.0,5.0,0.0,18.0,Commercial service,Ferrari Body repair,/brands/ferrari-service-dubai/body-repair,/brands/ferrari-service-dubai,EXISTING OWNER,Existing brand-specific service; scope confirmed for vehicle,Original GSC query export
ferrari body repair,ferrari body repair,Ferrari,Queries!A538,digitecme.com-Performance-on-Search-2026-09-18.xlsx,2026-09-09 to 2026-09-15,MEASURED ORIGINAL GSC,0.0,3.0,0.0,8.67,Commercial service,Ferrari Body repair,/brands/ferrari-service-dubai/body-repair,/brands/ferrari-service-dubai,EXISTING OWNER,Existing brand-specific service; scope confirmed for vehicle,Original GSC query export
ferrari repairs,ferrari repair,Ferrari,Queries!A563,digitecme.com-Performance-on-Search-2026-09-18.xlsx,2026-09-09 to 2026-09-15,MEASURED ORIGINAL GSC,0.0,3.0,0.0,14.0,Broad commercial,Ferrari service/repair discovery,/brands/ferrari-service-dubai,,EXISTING OWNER,Single broad booking and directory owner,Original GSC query export
ferrari service center al quoz,ferrari service center al quoz,Ferrari,Queries!A576,digitecme.com-Performance-on-Search-2026-09-18.xlsx,2026-09-09 to 2026-09-15,MEASURED ORIGINAL GSC,0.0,3.0,0.0,17.33,Broad commercial,Ferrari service/repair discovery,/brands/ferrari-service-dubai,,EXISTING OWNER,Single broad booking and directory owner,Original GSC query export
ferrari repair near me,ferrari repair near me,Ferrari,Queries!A650,digitecme.com-Performance-on-Search-2026-09-18.xlsx,2026-09-09 to 2026-09-15,MEASURED ORIGINAL GSC,0.0,2.0,0.0,5.5,Broad commercial,Ferrari service/repair discovery,/brands/ferrari-service-dubai,,EXISTING OWNER,Single broad booking and directory owner,Original GSC query export
ferrari ac service dubai,ferrari ac service dubai,Ferrari,Queries!A891,digitecme.com-Performance-on-Search-2026-09-18.xlsx,2026-09-09 to 2026-09-15,MEASURED ORIGINAL GSC,0.0,1.0,0.0,1.0,Commercial service,Ferrari AC repair,/brands/ferrari-service-dubai/ac-repair,/brands/ferrari-service-dubai,EXISTING OWNER,Existing brand-specific service; scope confirmed for vehicle,Original GSC query export
ferrari repair,ferrari repair,Ferrari,Queries!A922,digitecme.com-Performance-on-Search-2026-09-18.xlsx,2026-09-09 to 2026-09-15,MEASURED ORIGINAL GSC,0.0,1.0,0.0,4.0,Broad commercial,Ferrari service/repair discovery,/brands/ferrari-service-dubai,,EXISTING OWNER,Single broad booking and directory owner,Original GSC query export
ferrari transmission repair dubai,ferrari gearbox repair dubai,Ferrari,Queries!A934,digitecme.com-Performance-on-Search-2026-09-18.xlsx,2026-09-09 to 2026-09-15,MEASURED ORIGINAL GSC,0.0,1.0,0.0,5.0,Commercial service,Ferrari Gearbox repair,/brands/ferrari-service-dubai/transmission-repair,/brands/ferrari-service-dubai,EXISTING OWNER,Existing brand-specific service; scope confirmed for vehicle,Original GSC query export
best ferrari garage in dubai,best ferrari garage in dubai,Ferrari,Queries!A42,digitecme.com-Performance-on-Search-2026-09-27.xlsx,2026-04-12 to 2026-09-25,MEASURED ORIGINAL GSC,1.0,95.0,0.0105,23.87,Comparison,Workshop selection,/best-ferrari-workshop-dubai,/brands/ferrari-service-dubai,EXISTING OWNER,"Selection checklist, distinct from broad service booking",Original GSC query export
ferrari service dubai,ferrari service dubai,Ferrari,Queries!A99,digitecme.com-Performance-on-Search-2026-09-27.xlsx,2026-04-12 to 2026-09-25,MEASURED ORIGINAL GSC,0.0,434.0,0.0,15.85,Broad commercial,Ferrari service/repair discovery,/brands/ferrari-service-dubai,,EXISTING OWNER,Single broad booking and directory owner,Original GSC query export
ferrari repair dubai,ferrari repair dubai,Ferrari,Queries!A114,digitecme.com-Performance-on-Search-2026-09-27.xlsx,2026-04-12 to 2026-09-25,MEASURED ORIGINAL GSC,0.0,356.0,0.0,20.6,Broad commercial,Ferrari service/repair discovery,/brands/ferrari-service-dubai,,EXISTING OWNER,Single broad booking and directory owner,Original GSC query export
ferrari service,ferrari service,Ferrari,Queries!A133,digitecme.com-Performance-on-Search-2026-09-27.xlsx,2026-04-12 to 2026-09-25,MEASURED ORIGINAL GSC,0.0,262.0,0.0,14.73,Broad commercial,Ferrari service/repair discovery,/brands/ferrari-service-dubai,,EXISTING OWNER,Single broad booking and directory owner,Original GSC query export
ferrari service center dubai,ferrari service center dubai,Ferrari,Queries!A138,digitecme.com-Performance-on-Search-2026-09-27.xlsx,2026-04-12 to 2026-09-25,MEASURED ORIGINAL GSC,0.0,237.0,0.0,20.42,Broad commercial,Ferrari service/repair discovery,/brands/ferrari-service-dubai,,EXISTING OWNER,Single broad booking and directory owner,Original GSC query export
ferrari suspension repair dubai,ferrari suspension repair dubai,Ferrari,Queries!A142,digitecme.com-Performance-on-Search-2026-09-27.xlsx,2026-04-12 to 2026-09-25,MEASURED ORIGINAL GSC,0.0,221.0,0.0,23.21,Commercial service,Ferrari Suspension repair,/brands/ferrari-service-dubai/suspension-repair,/brands/ferrari-service-dubai,EXISTING OWNER,Existing brand-specific service; scope confirmed for vehicle,Original GSC query export
ferrari service center,ferrari service center,Ferrari,Queries!A146,digitecme.com-Performance-on-Search-2026-09-27.xlsx,2026-04-12 to 2026-09-25,MEASURED ORIGINAL GSC,0.0,212.0,0.0,25.28,Broad commercial,Ferrari service/repair discovery,/brands/ferrari-service-dubai,,EXISTING OWNER,Single broad booking and directory owner,Original GSC query export
ferrari maintenance dubai,ferrari maintenance dubai,Ferrari,Queries!A150,digitecme.com-Performance-on-Search-2026-09-27.xlsx,2026-04-12 to 2026-09-25,MEASURED ORIGINAL GSC,0.0,210.0,0.0,15.6,Informational,Maintenance planning,/blog/ferrari-maintenance-guide-dubai,/brands/ferrari-service-dubai,EXISTING OWNER,Guide supports broad hub booking,Original GSC query export
ferrari brake repair dubai,ferrari brake repair dubai,Ferrari,Queries!A169,digitecme.com-Performance-on-Search-2026-09-27.xlsx,2026-04-12 to 2026-09-25,MEASURED ORIGINAL GSC,0.0,177.0,0.0,35.25,Commercial service,Ferrari Brake repair,/brands/ferrari-service-dubai/brake-repair,/brands/ferrari-service-dubai,EXISTING OWNER,Existing brand-specific service; scope confirmed for vehicle,Original GSC query export
ferrari servicing,ferrari service,Ferrari,Queries!A181,digitecme.com-Performance-on-Search-2026-09-27.xlsx,2026-04-12 to 2026-09-25,MEASURED ORIGINAL GSC,0.0,162.0,0.0,14.42,Broad commercial,Ferrari service/repair discovery,/brands/ferrari-service-dubai,,EXISTING OWNER,Single broad booking and directory owner,Original GSC query export
ferrari workshop dubai,ferrari workshop dubai,Ferrari,Queries!A225,digitecme.com-Performance-on-Search-2026-09-27.xlsx,2026-04-12 to 2026-09-25,MEASURED ORIGINAL GSC,0.0,116.0,0.0,24.12,Broad commercial,Ferrari service/repair discovery,/brands/ferrari-service-dubai,,EXISTING OWNER,Single broad booking and directory owner,Original GSC query export
ferrari specialist dubai,ferrari specialist dubai,Ferrari,Queries!A234,digitecme.com-Performance-on-Search-2026-09-27.xlsx,2026-04-12 to 2026-09-25,MEASURED ORIGINAL GSC,0.0,112.0,0.0,29.23,Broad commercial,Ferrari service/repair discovery,/brands/ferrari-service-dubai,,EXISTING OWNER,Single broad booking and directory owner,Original GSC query export
ferrari service centre dubai,ferrari service center dubai,Ferrari,Queries!A270,digitecme.com-Performance-on-Search-2026-09-27.xlsx,2026-04-12 to 2026-09-25,MEASURED ORIGINAL GSC,0.0,90.0,0.0,24.94,Broad commercial,Ferrari service/repair discovery,/brands/ferrari-service-dubai,,EXISTING OWNER,Single broad booking and directory owner,Original GSC query export
ferrari engine repair dubai,ferrari engine repair dubai,Ferrari,Queries!A278,digitecme.com-Performance-on-Search-2026-09-27.xlsx,2026-04-12 to 2026-09-25,MEASURED ORIGINAL GSC,0.0,88.0,0.0,30.58,Commercial service,Ferrari Mechanical repair,/brands/ferrari-service-dubai/mechanical-repair,/brands/ferrari-service-dubai,EXISTING OWNER,Existing brand-specific service; scope confirmed for vehicle,Original GSC query export
ferrari battery replacement dubai,ferrari battery replacement dubai,Ferrari,Queries!A303,digitecme.com-Performance-on-Search-2026-09-27.xlsx,2026-04-12 to 2026-09-25,MEASURED ORIGINAL GSC,0.0,82.0,0.0,28.79,Commercial service,Ferrari 12V battery assessment,/brands/ferrari-service-dubai/battery-replacement,/brands/ferrari-service-dubai,EXISTING OWNER,Existing brand-specific service; scope confirmed for vehicle,Original GSC query export
ferrari oil change in dubai,ferrari oil change in dubai,Ferrari,Queries!A312,digitecme.com-Performance-on-Search-2026-09-27.xlsx,2026-04-12 to 2026-09-25,MEASURED ORIGINAL GSC,0.0,79.0,0.0,23.42,Commercial service,Ferrari Oil service,/brands/ferrari-service-dubai/oil-change,/brands/ferrari-service-dubai,EXISTING OWNER,Existing brand-specific service; scope confirmed for vehicle,Original GSC query export
ferrari specialist,ferrari specialist,Ferrari,Queries!A321,digitecme.com-Performance-on-Search-2026-09-27.xlsx,2026-04-12 to 2026-09-25,MEASURED ORIGINAL GSC,0.0,77.0,0.0,30.69,Broad commercial,Ferrari service/repair discovery,/brands/ferrari-service-dubai,,EXISTING OWNER,Single broad booking and directory owner,Original GSC query export
ferrari repair,ferrari repair,Ferrari,Queries!A350,digitecme.com-Performance-on-Search-2026-09-27.xlsx,2026-04-12 to 2026-09-25,MEASURED ORIGINAL GSC,0.0,72.0,0.0,17.71,Broad commercial,Ferrari service/repair discovery,/brands/ferrari-service-dubai,,EXISTING OWNER,Single broad booking and directory owner,Original GSC query export
ferrari repair in dubai,ferrari repair in dubai,Ferrari,Queries!A380,digitecme.com-Performance-on-Search-2026-09-27.xlsx,2026-04-12 to 2026-09-25,MEASURED ORIGINAL GSC,0.0,65.0,0.0,27.12,Broad commercial,Ferrari service/repair discovery,/brands/ferrari-service-dubai,,EXISTING OWNER,Single broad booking and directory owner,Original GSC query export
ferrari service centre,ferrari service center,Ferrari,Queries!A400,digitecme.com-Performance-on-Search-2026-09-27.xlsx,2026-04-12 to 2026-09-25,MEASURED ORIGINAL GSC,0.0,61.0,0.0,24.43,Broad commercial,Ferrari service/repair discovery,/brands/ferrari-service-dubai,,EXISTING OWNER,Single broad booking and directory owner,Original GSC query export
ferrari garage in dubai,ferrari garage in dubai,Ferrari,Queries!A446,digitecme.com-Performance-on-Search-2026-09-27.xlsx,2026-04-12 to 2026-09-25,MEASURED ORIGINAL GSC,0.0,53.0,0.0,42.74,Broad commercial,Ferrari service/repair discovery,/brands/ferrari-service-dubai,,EXISTING OWNER,Single broad booking and directory owner,Original GSC query export
ferrari maintenance,ferrari maintenance,Ferrari,Queries!A556,digitecme.com-Performance-on-Search-2026-09-27.xlsx,2026-04-12 to 2026-09-25,MEASURED ORIGINAL GSC,0.0,40.0,0.0,10.35,Informational,Maintenance planning,/blog/ferrari-maintenance-guide-dubai,/brands/ferrari-service-dubai,EXISTING OWNER,Guide supports broad hub booking,Original GSC query export
ferrari brake repair,ferrari brake repair,Ferrari,Queries!A738,digitecme.com-Performance-on-Search-2026-09-27.xlsx,2026-04-12 to 2026-09-25,MEASURED ORIGINAL GSC,0.0,28.0,0.0,22.79,Commercial service,Ferrari Brake repair,/brands/ferrari-service-dubai/brake-repair,/brands/ferrari-service-dubai,EXISTING OWNER,Existing brand-specific service; scope confirmed for vehicle,Original GSC query export
ferrari repair near me,ferrari repair near me,Ferrari,Queries!A754,digitecme.com-Performance-on-Search-2026-09-27.xlsx,2026-04-12 to 2026-09-25,MEASURED ORIGINAL GSC,0.0,28.0,0.0,67.64,Broad commercial,Ferrari service/repair discovery,/brands/ferrari-service-dubai,,EXISTING OWNER,Single broad booking and directory owner,Original GSC query export
ferrari service center near me,ferrari service center near me,Ferrari,Queries!A805,digitecme.com-Performance-on-Search-2026-09-27.xlsx,2026-04-12 to 2026-09-25,MEASURED ORIGINAL GSC,0.0,26.0,0.0,32.58,Broad commercial,Ferrari service/repair discovery,/brands/ferrari-service-dubai,,EXISTING OWNER,Single broad booking and directory owner,Original GSC query export
ferrari auto body shop,ferrari auto body shop,Ferrari,Queries!A809,digitecme.com-Performance-on-Search-2026-09-27.xlsx,2026-04-12 to 2026-09-25,MEASURED ORIGINAL GSC,0.0,26.0,0.0,38.42,Commercial service,Ferrari Body repair,/brands/ferrari-service-dubai/body-repair,/brands/ferrari-service-dubai,EXISTING OWNER,Existing brand-specific service; scope confirmed for vehicle,Original GSC query export
ferrari transmission repair dubai,ferrari gearbox repair dubai,Ferrari,Queries!A823,digitecme.com-Performance-on-Search-2026-09-27.xlsx,2026-04-12 to 2026-09-25,MEASURED ORIGINAL GSC,0.0,25.0,0.0,14.44,Commercial service,Ferrari Gearbox repair,/brands/ferrari-service-dubai/transmission-repair,/brands/ferrari-service-dubai,EXISTING OWNER,Existing brand-specific service; scope confirmed for vehicle,Original GSC query export
ferrari transmission repair,ferrari gearbox repair,Ferrari,Queries!A870,digitecme.com-Performance-on-Search-2026-09-27.xlsx,2026-04-12 to 2026-09-25,MEASURED ORIGINAL GSC,0.0,23.0,0.0,20.65,Commercial service,Ferrari Gearbox repair,/brands/ferrari-service-dubai/transmission-repair,/brands/ferrari-service-dubai,EXISTING OWNER,Existing brand-specific service; scope confirmed for vehicle,Original GSC query export
