keyword,normalized_keyword,source_period,clicks,impressions,ctr,position,intent_family,primary_owner,source_batch,opportunity_type,g4_action,evidence_limitation
mercedes repair dubai,mercedes repair dubai,2026-04-12 to 2026-09-25,9,1782,0.0051,11.76,Brand query,/brands/mercedes-benz-service-dubai,b1-mercedes-ctr-opportunities.csv,POSITION 11–20,QUERY × PAGE DATA NEEDED; retain approved editorial owner pending post-release measurement,Metrics retained per source window; never added across overlapping windows. Editorial owner is not a historical landing URL. Exact-query-filtered Mercedes exports are a separate limited exception.
mercedes repair,mercedes repair,2026-04-12 to 2026-09-25,0,1198,0,15.67,Brand query,/brands/mercedes-benz-service-dubai,b1-mercedes-ctr-opportunities.csv,ZERO-CLICK HIGH-IMPRESSION,QUERY × PAGE DATA NEEDED; retain approved editorial owner pending post-release measurement,Metrics retained per source window; never added across overlapping windows. Editorial owner is not a historical landing URL. Exact-query-filtered Mercedes exports are a separate limited exception.
car oil change dubai,car oil change dubai,2026-04-12 to 2026-09-25,1.0,977.0,0.001,29.54,Oil change,/services/oil-change-dubai,g1-generic-commercial-ctr-opportunities.csv,POSITION 21–40,QUERY × PAGE DATA NEEDED; retain approved editorial owner pending post-release measurement,Metrics retained per source window; never added across overlapping windows. Editorial owner is not a historical landing URL. Exact-query-filtered Mercedes exports are a separate limited exception.
mercedes service dubai,mercedes service dubai,2026-04-12 to 2026-09-25,1,972,0.001,17.2,Brand query,/brands/mercedes-benz-service-dubai,b1-mercedes-ctr-opportunities.csv,POSITION 11–20,QUERY × PAGE DATA NEEDED; retain approved editorial owner pending post-release measurement,Metrics retained per source window; never added across overlapping windows. Editorial owner is not a historical landing URL. Exact-query-filtered Mercedes exports are a separate limited exception.
car paint protection,car paint protection,2026-04-12 to 2026-09-25,0.0,744.0,0.0,39.97,Broad paint protection,/services/paint-protection-dubai,g3-protection-ctr-opportunities.csv,ZERO-CLICK HIGH-IMPRESSION,QUERY × PAGE DATA NEEDED; retain approved editorial owner pending post-release measurement,Metrics retained per source window; never added across overlapping windows. Editorial owner is not a historical landing URL. Exact-query-filtered Mercedes exports are a separate limited exception.
oil change dubai,oil change dubai,2026-04-12 to 2026-09-25,0,727.0,0,29.45,Oil change,/services/oil-change-dubai,g1-generic-commercial-ctr-opportunities.csv,ZERO-CLICK HIGH-IMPRESSION,QUERY × PAGE DATA NEEDED; retain approved editorial owner pending post-release measurement,Metrics retained per source window; never added across overlapping windows. Editorial owner is not a historical landing URL. Exact-query-filtered Mercedes exports are a separate limited exception.
ceramic paint protection dubai,ceramic paint protection dubai,2026-04-12 to 2026-09-25,0.0,667.0,0.0,37.25,Ceramic coating,/services/ceramic-coating,g3-protection-ctr-opportunities.csv,ZERO-CLICK HIGH-IMPRESSION,QUERY × PAGE DATA NEEDED; retain approved editorial owner pending post-release measurement,Metrics retained per source window; never added across overlapping windows. Editorial owner is not a historical landing URL. Exact-query-filtered Mercedes exports are a separate limited exception.
mercedes workshop dubai,mercedes workshop dubai,2026-04-12 to 2026-09-25,0,603,0,20.42,Brand query,/brands/mercedes-benz-service-dubai,b1-mercedes-ctr-opportunities.csv,ZERO-CLICK HIGH-IMPRESSION,QUERY × PAGE DATA NEEDED; retain approved editorial owner pending post-release measurement,Metrics retained per source window; never added across overlapping windows. Editorial owner is not a historical landing URL. Exact-query-filtered Mercedes exports are a separate limited exception.
command unit repairing dubai,command unit repairing dubai,2026-04-12 to 2026-09-25,0,586,0,36.97,Brand query,/services/head-unit-repair-dubai,b1-mercedes-ctr-opportunities.csv | g1-generic-commercial-ctr-opportunities.csv,ZERO-CLICK HIGH-IMPRESSION,QUERY × PAGE DATA NEEDED; retain approved editorial owner pending post-release measurement,Metrics retained per source window; never added across overlapping windows. Editorial owner is not a historical landing URL. Exact-query-filtered Mercedes exports are a separate limited exception.
paint protection coating,paint protection coating,2026-04-12 to 2026-09-25,0.0,552.0,0.0,31.75,Ceramic coating,/services/ceramic-coating,g3-protection-ctr-opportunities.csv,ZERO-CLICK HIGH-IMPRESSION,QUERY × PAGE DATA NEEDED; retain approved editorial owner pending post-release measurement,Metrics retained per source window; never added across overlapping windows. Editorial owner is not a historical landing URL. Exact-query-filtered Mercedes exports are a separate limited exception.
mercedes specialist dubai,mercedes specialist dubai,2026-04-12 to 2026-09-25,0,541,0,11.56,Brand query,/brands/mercedes-benz-service-dubai,b1-mercedes-ctr-opportunities.csv,ZERO-CLICK HIGH-IMPRESSION,QUERY × PAGE DATA NEEDED; retain approved editorial owner pending post-release measurement,Metrics retained per source window; never added across overlapping windows. Editorial owner is not a historical landing URL. Exact-query-filtered Mercedes exports are a separate limited exception.
mercedes service,mercedes service,2026-04-12 to 2026-09-25,1,537,0.0019,23.63,Brand query,/brands/mercedes-benz-service-dubai,b1-mercedes-ctr-opportunities.csv,POSITION 21–40,QUERY × PAGE DATA NEEDED; retain approved editorial owner pending post-release measurement,Metrics retained per source window; never added across overlapping windows. Editorial owner is not a historical landing URL. Exact-query-filtered Mercedes exports are a separate limited exception.
paint protection film near me,paint protection film near me,2026-04-12 to 2026-09-25,0.0,501.0,0.0,24.64,PPF installation,/services/paint-protection-film,g3-protection-ctr-opportunities.csv,ZERO-CLICK HIGH-IMPRESSION,QUERY × PAGE DATA NEEDED; retain approved editorial owner pending post-release measurement,Metrics retained per source window; never added across overlapping windows. Editorial owner is not a historical landing URL. Exact-query-filtered Mercedes exports are a separate limited exception.
cue screen replacement in dubai,cue screen replacement in dubai,2026-04-12 to 2026-09-25,0.0,499.0,0.0,40.48,CUE/touchscreen assessment,/services/cadillac-cue-screen-repair-dubai,b7-cadillac-ctr-opportunities.csv,ZERO-CLICK HIGH-IMPRESSION,QUERY × PAGE DATA NEEDED; retain approved editorial owner pending post-release measurement,Metrics retained per source window; never added across overlapping windows. Editorial owner is not a historical landing URL. Exact-query-filtered Mercedes exports are a separate limited exception.
mercedes service center dubai,mercedes service center dubai,2026-04-12 to 2026-09-25,0,492,0,16.56,Brand query,/brands/mercedes-benz-service-dubai,b1-mercedes-ctr-opportunities.csv,ZERO-CLICK HIGH-IMPRESSION,QUERY × PAGE DATA NEEDED; retain approved editorial owner pending post-release measurement,Metrics retained per source window; never added across overlapping windows. Editorial owner is not a historical landing URL. Exact-query-filtered Mercedes exports are a separate limited exception.
mercedes repair specialist,mercedes repair specialist,2026-04-12 to 2026-09-25,0,451,0,16.76,Brand query,/brands/mercedes-benz-service-dubai,b1-mercedes-ctr-opportunities.csv,ZERO-CLICK HIGH-IMPRESSION,QUERY × PAGE DATA NEEDED; retain approved editorial owner pending post-release measurement,Metrics retained per source window; never added across overlapping windows. Editorial owner is not a historical landing URL. Exact-query-filtered Mercedes exports are a separate limited exception.
car paint protection dubai,car paint protection dubai,2026-04-12 to 2026-09-25,0.0,448.0,0.0,31.69,Broad paint protection,/services/paint-protection-dubai,g3-protection-ctr-opportunities.csv,ZERO-CLICK HIGH-IMPRESSION,QUERY × PAGE DATA NEEDED; retain approved editorial owner pending post-release measurement,Metrics retained per source window; never added across overlapping windows. Editorial owner is not a historical landing URL. Exact-query-filtered Mercedes exports are a separate limited exception.
ferrari service dubai,ferrari service dubai,2026-04-12 to 2026-09-25,0.0,434.0,0.0,15.85,Brand query,/brands/ferrari-service-dubai,ferrari-ctr-opportunities.csv,ZERO-CLICK HIGH-IMPRESSION,QUERY × PAGE DATA NEEDED; retain approved editorial owner pending post-release measurement,Metrics retained per source window; never added across overlapping windows. Editorial owner is not a historical landing URL. Exact-query-filtered Mercedes exports are a separate limited exception.
oil change near me,oil change near me,2026-04-12 to 2026-09-25,0,431.0,0,12.57,Oil change,/services/oil-change-dubai,g1-generic-commercial-ctr-opportunities.csv,ZERO-CLICK HIGH-IMPRESSION,QUERY × PAGE DATA NEEDED; retain approved editorial owner pending post-release measurement,Metrics retained per source window; never added across overlapping windows. Editorial owner is not a historical landing URL. Exact-query-filtered Mercedes exports are a separate limited exception.
cadillac touch screen repair in dubai,cadillac touchscreen repair in dubai,2026-04-12 to 2026-09-25,0.0,415.0,0.0,52.47,CUE/touchscreen assessment,/services/cadillac-cue-screen-repair-dubai,b7-cadillac-ctr-opportunities.csv,ZERO-CLICK HIGH-IMPRESSION,QUERY × PAGE DATA NEEDED; retain approved editorial owner pending post-release measurement,Metrics retained per source window; never added across overlapping windows. Editorial owner is not a historical landing URL. Exact-query-filtered Mercedes exports are a separate limited exception.
car battery replacement dubai,car battery replacement dubai,2026-04-12 to 2026-09-25,1.0,409.0,0.0024,31.55,Battery,/services/battery-replacement-dubai,g1-generic-commercial-ctr-opportunities.csv,POSITION 21–40,QUERY × PAGE DATA NEEDED; retain approved editorial owner pending post-release measurement,Metrics retained per source window; never added across overlapping windows. Editorial owner is not a historical landing URL. Exact-query-filtered Mercedes exports are a separate limited exception.
mercedes repair in dubai,mercedes repair in dubai,2026-04-12 to 2026-09-25,4,408,0.0098,12.06,Brand query,/brands/mercedes-benz-service-dubai,b1-mercedes-ctr-opportunities.csv,POSITION 11–20,QUERY × PAGE DATA NEEDED; retain approved editorial owner pending post-release measurement,Metrics retained per source window; never added across overlapping windows. Editorial owner is not a historical landing URL. Exact-query-filtered Mercedes exports are a separate limited exception.
ceramic coating,ceramic coating,2026-04-12 to 2026-09-25,0.0,401.0,0.0,26.95,Ceramic coating,/services/ceramic-coating,g3-protection-ctr-opportunities.csv,ZERO-CLICK HIGH-IMPRESSION,QUERY × PAGE DATA NEEDED; retain approved editorial owner pending post-release measurement,Metrics retained per source window; never added across overlapping windows. Editorial owner is not a historical landing URL. Exact-query-filtered Mercedes exports are a separate limited exception.
car electrical repair dubai,car electrical repair dubai,2026-04-12 to 2026-09-25,0,396.0,0,46.43,Electrical,/services/auto-electrical-repair-dubai,g1-generic-commercial-ctr-opportunities.csv,ZERO-CLICK HIGH-IMPRESSION,QUERY × PAGE DATA NEEDED; retain approved editorial owner pending post-release measurement,Metrics retained per source window; never added across overlapping windows. Editorial owner is not a historical landing URL. Exact-query-filtered Mercedes exports are a separate limited exception.
brake repair dubai,brake repair dubai,2026-04-12 to 2026-09-25,0,395.0,0,33.66,Brakes,/services/brake-repair-dubai,g1-generic-commercial-ctr-opportunities.csv,ZERO-CLICK HIGH-IMPRESSION,QUERY × PAGE DATA NEEDED; retain approved editorial owner pending post-release measurement,Metrics retained per source window; never added across overlapping windows. Editorial owner is not a historical landing URL. Exact-query-filtered Mercedes exports are a separate limited exception.
paint protection dubai,paint protection dubai,2026-04-12 to 2026-09-25,0.0,389.0,0.0,32.42,Broad paint protection,/services/paint-protection-dubai,g3-protection-ctr-opportunities.csv,ZERO-CLICK HIGH-IMPRESSION,QUERY × PAGE DATA NEEDED; retain approved editorial owner pending post-release measurement,Metrics retained per source window; never added across overlapping windows. Editorial owner is not a historical landing URL. Exact-query-filtered Mercedes exports are a separate limited exception.
car suspension repair dubai,car suspension repair dubai,2026-04-12 to 2026-09-25,1.0,387.0,0.0026,30.5,Suspension,/services/suspension-repair-dubai,g1-generic-commercial-ctr-opportunities.csv,POSITION 21–40,QUERY × PAGE DATA NEEDED; retain approved editorial owner pending post-release measurement,Metrics retained per source window; never added across overlapping windows. Editorial owner is not a historical landing URL. Exact-query-filtered Mercedes exports are a separate limited exception.
mercedes maintenance dubai,mercedes maintenance dubai,2026-04-12 to 2026-09-25,0,383,0,15.8,Brand query,/brands/mercedes-benz-service-dubai,b1-mercedes-ctr-opportunities.csv,ZERO-CLICK HIGH-IMPRESSION,QUERY × PAGE DATA NEEDED; retain approved editorial owner pending post-release measurement,Metrics retained per source window; never added across overlapping windows. Editorial owner is not a historical landing URL. Exact-query-filtered Mercedes exports are a separate limited exception.
mercedes stereo upgrade in dubai,mercedes stereo upgrade in dubai,2026-04-12 to 2026-09-25,0,379,0,42.11,Brand query,/services/mercedes-audio-upgrade-dubai,b1-mercedes-ctr-opportunities.csv,ZERO-CLICK HIGH-IMPRESSION,QUERY × PAGE DATA NEEDED; retain approved editorial owner pending post-release measurement,Metrics retained per source window; never added across overlapping windows. Editorial owner is not a historical landing URL. Exact-query-filtered Mercedes exports are a separate limited exception.
ceramic paint protection,ceramic paint protection,2026-04-12 to 2026-09-25,0.0,374.0,0.0,37.23,Ceramic coating,/services/ceramic-coating,g3-protection-ctr-opportunities.csv,ZERO-CLICK HIGH-IMPRESSION,QUERY × PAGE DATA NEEDED; retain approved editorial owner pending post-release measurement,Metrics retained per source window; never added across overlapping windows. Editorial owner is not a historical landing URL. Exact-query-filtered Mercedes exports are a separate limited exception.
frenos near me,frenos near me,2026-04-12 to 2026-09-25,0,373.0,0,9.94,Brakes,/services/brake-repair-dubai,g1-generic-commercial-ctr-opportunities.csv,ZERO-CLICK HIGH-IMPRESSION,QUERY × PAGE DATA NEEDED; retain approved editorial owner pending post-release measurement,Metrics retained per source window; never added across overlapping windows. Editorial owner is not a historical landing URL. Exact-query-filtered Mercedes exports are a separate limited exception.
mercedes engine repair dubai,mercedes engine repair dubai,2026-04-12 to 2026-09-25,0,365,0,17.76,Brand query,/services/mercedes-mechanical-repair-dubai,b1-mercedes-ctr-opportunities.csv,ZERO-CLICK HIGH-IMPRESSION,QUERY × PAGE DATA NEEDED; retain approved editorial owner pending post-release measurement,Metrics retained per source window; never added across overlapping windows. Editorial owner is not a historical landing URL. Exact-query-filtered Mercedes exports are a separate limited exception.
car ac gas refill dubai,car ac gas refill dubai,2026-04-12 to 2026-09-25,0,364.0,0,35.26,AC recharge,/services/car-ac-repair-dubai,g1-generic-commercial-ctr-opportunities.csv,ZERO-CLICK HIGH-IMPRESSION,QUERY × PAGE DATA NEEDED; retain approved editorial owner pending post-release measurement,Metrics retained per source window; never added across overlapping windows. Editorial owner is not a historical landing URL. Exact-query-filtered Mercedes exports are a separate limited exception.
battery replacement dubai,battery replacement dubai,2026-04-12 to 2026-09-25,0,361.0,0,39.46,Battery,/services/battery-replacement-dubai,g1-generic-commercial-ctr-opportunities.csv,ZERO-CLICK HIGH-IMPRESSION,QUERY × PAGE DATA NEEDED; retain approved editorial owner pending post-release measurement,Metrics retained per source window; never added across overlapping windows. Editorial owner is not a historical landing URL. Exact-query-filtered Mercedes exports are a separate limited exception.
rolls royce service dubai,rolls royce service dubai,2026-04-12 to 2026-09-25,0.0,360.0,0.0,20.67,Brand query,/brands/rolls-royce-service-dubai,rolls-royce-ctr-opportunities.csv,ZERO-CLICK HIGH-IMPRESSION,QUERY × PAGE DATA NEEDED; retain approved editorial owner pending post-release measurement,Metrics retained per source window; never added across overlapping windows. Editorial owner is not a historical landing URL. Exact-query-filtered Mercedes exports are a separate limited exception.
mercedes engine repair,mercedes engine repair,2026-04-12 to 2026-09-25,0,356,0,55.64,Brand query,/services/mercedes-mechanical-repair-dubai,b1-mercedes-ctr-opportunities.csv,ZERO-CLICK HIGH-IMPRESSION,QUERY × PAGE DATA NEEDED; retain approved editorial owner pending post-release measurement,Metrics retained per source window; never added across overlapping windows. Editorial owner is not a historical landing URL. Exact-query-filtered Mercedes exports are a separate limited exception.
ferrari repair dubai,ferrari repair dubai,2026-04-12 to 2026-09-25,0.0,356.0,0.0,20.6,Brand query,/brands/ferrari-service-dubai,ferrari-ctr-opportunities.csv,ZERO-CLICK HIGH-IMPRESSION,QUERY × PAGE DATA NEEDED; retain approved editorial owner pending post-release measurement,Metrics retained per source window; never added across overlapping windows. Editorial owner is not a historical landing URL. Exact-query-filtered Mercedes exports are a separate limited exception.
bentley reverse camera in dubai,bentley reverse camera in dubai,2026-04-12 to 2026-09-25,0.0,354.0,0.0,44.35,Brand query,/brands/bentley-service-dubai/electrical-repair,bentley-ctr-opportunities.csv,ZERO-CLICK HIGH-IMPRESSION,QUERY × PAGE DATA NEEDED; retain approved editorial owner pending post-release measurement,Metrics retained per source window; never added across overlapping windows. Editorial owner is not a historical landing URL. Exact-query-filtered Mercedes exports are a separate limited exception.
bmw service dubai,bmw service dubai,2026-04-12 to 2026-09-25,1.0,337.0,0.003,22.2,Brand query,/brands/bmw-service-dubai,bmw-ctr-opportunities.csv,POSITION 21–40,QUERY × PAGE DATA NEEDED; retain approved editorial owner pending post-release measurement,Metrics retained per source window; never added across overlapping windows. Editorial owner is not a historical landing URL. Exact-query-filtered Mercedes exports are a separate limited exception.
mercedes suspension repair dubai,mercedes suspension repair dubai,2026-04-12 to 2026-09-25,1,333,0.003,14.76,Brand query,/services/mercedes-suspension-repair-dubai,b1-mercedes-ctr-opportunities.csv,POSITION 11–20,QUERY × PAGE DATA NEEDED; retain approved editorial owner pending post-release measurement,Metrics retained per source window; never added across overlapping windows. Editorial owner is not a historical landing URL. Exact-query-filtered Mercedes exports are a separate limited exception.
car ac repair dubai,car ac repair dubai,2026-04-12 to 2026-09-25,0,331.0,0,24.74,AC repair,/services/car-ac-repair-dubai,g1-generic-commercial-ctr-opportunities.csv,ZERO-CLICK HIGH-IMPRESSION,QUERY × PAGE DATA NEEDED; retain approved editorial owner pending post-release measurement,Metrics retained per source window; never added across overlapping windows. Editorial owner is not a historical landing URL. Exact-query-filtered Mercedes exports are a separate limited exception.
suspension repair dubai,suspension repair dubai,2026-04-12 to 2026-09-25,0,331.0,0,29.4,Suspension,/services/suspension-repair-dubai,g1-generic-commercial-ctr-opportunities.csv,ZERO-CLICK HIGH-IMPRESSION,QUERY × PAGE DATA NEEDED; retain approved editorial owner pending post-release measurement,Metrics retained per source window; never added across overlapping windows. Editorial owner is not a historical landing URL. Exact-query-filtered Mercedes exports are a separate limited exception.
paint protection,paint protection,2026-04-12 to 2026-09-25,0.0,318.0,0.0,38.13,Broad paint protection,/services/paint-protection-dubai,g3-protection-ctr-opportunities.csv,ZERO-CLICK HIGH-IMPRESSION,QUERY × PAGE DATA NEEDED; retain approved editorial owner pending post-release measurement,Metrics retained per source window; never added across overlapping windows. Editorial owner is not a historical landing URL. Exact-query-filtered Mercedes exports are a separate limited exception.
mercedes benz repair dubai,mercedes benz repair dubai,2026-04-12 to 2026-09-25,0,314,0,14.04,Brand query,/brands/mercedes-benz-service-dubai,b1-mercedes-ctr-opportunities.csv,ZERO-CLICK HIGH-IMPRESSION,QUERY × PAGE DATA NEEDED; retain approved editorial owner pending post-release measurement,Metrics retained per source window; never added across overlapping windows. Editorial owner is not a historical landing URL. Exact-query-filtered Mercedes exports are a separate limited exception.
digitec,digitec,2026-04-12 to 2026-09-25,11.0,312.0,0.0353,6.1,Broad workshop,/,g1-generic-commercial-ctr-opportunities.csv,POSITION 4–10,QUERY × PAGE DATA NEEDED; retain approved editorial owner pending post-release measurement,Metrics retained per source window; never added across overlapping windows. Editorial owner is not a historical landing URL. Exact-query-filtered Mercedes exports are a separate limited exception.
luxury car repair dubai,luxury car repair dubai,2026-04-12 to 2026-09-25,0,307.0,0,49.62,Broad workshop,/,g1-generic-commercial-ctr-opportunities.csv,ZERO-CLICK HIGH-IMPRESSION,QUERY × PAGE DATA NEEDED; retain approved editorial owner pending post-release measurement,Metrics retained per source window; never added across overlapping windows. Editorial owner is not a historical landing URL. Exact-query-filtered Mercedes exports are a separate limited exception.
tire repair dubai,tyre repair dubai,2026-04-12 to 2026-09-25,0,296.0,0,21.83,Tyres,/services/tire-repair-dubai,g1-generic-commercial-ctr-opportunities.csv,ZERO-CLICK HIGH-IMPRESSION,QUERY × PAGE DATA NEEDED; retain approved editorial owner pending post-release measurement,Metrics retained per source window; never added across overlapping windows. Editorial owner is not a historical landing URL. Exact-query-filtered Mercedes exports are a separate limited exception.
lamborghini service dubai,lamborghini service dubai,2026-04-12 to 2026-09-25,0.0,293.0,0.0,18.68,Brand query,/brands/lamborghini-service-dubai,lamborghini-ctr-opportunities.csv,ZERO-CLICK HIGH-IMPRESSION,QUERY × PAGE DATA NEEDED; retain approved editorial owner pending post-release measurement,Metrics retained per source window; never added across overlapping windows. Editorial owner is not a historical landing URL. Exact-query-filtered Mercedes exports are a separate limited exception.
car brake maintenance in dubai,car brake maintenance dubai,2026-04-12 to 2026-09-25,0,288.0,0,50.34,Brakes,/services/brake-repair-dubai,g1-generic-commercial-ctr-opportunities.csv,ZERO-CLICK HIGH-IMPRESSION,QUERY × PAGE DATA NEEDED; retain approved editorial owner pending post-release measurement,Metrics retained per source window; never added across overlapping windows. Editorial owner is not a historical landing URL. Exact-query-filtered Mercedes exports are a separate limited exception.
mercedes coding service,mercedes coding service,2026-04-12 to 2026-09-25,0,279,0,51.71,Brand query,/services/mercedes-diagnostics-dubai,b1-mercedes-ctr-opportunities.csv,ZERO-CLICK HIGH-IMPRESSION,QUERY × PAGE DATA NEEDED; retain approved editorial owner pending post-release measurement,Metrics retained per source window; never added across overlapping windows. Editorial owner is not a historical landing URL. Exact-query-filtered Mercedes exports are a separate limited exception.
mercedes sound system upgrade in dubai,mercedes sound system upgrade in dubai,2026-04-12 to 2026-09-25,0,276,0,39.39,Brand query,/services/mercedes-audio-upgrade-dubai,b1-mercedes-ctr-opportunities.csv,ZERO-CLICK HIGH-IMPRESSION,QUERY × PAGE DATA NEEDED; retain approved editorial owner pending post-release measurement,Metrics retained per source window; never added across overlapping windows. Editorial owner is not a historical landing URL. Exact-query-filtered Mercedes exports are a separate limited exception.
lamborghini repair dubai,lamborghini repair dubai,2026-04-12 to 2026-09-25,0.0,276.0,0.0,25.93,Brand query,/brands/lamborghini-service-dubai,lamborghini-ctr-opportunities.csv,ZERO-CLICK HIGH-IMPRESSION,QUERY × PAGE DATA NEEDED; retain approved editorial owner pending post-release measurement,Metrics retained per source window; never added across overlapping windows. Editorial owner is not a historical landing URL. Exact-query-filtered Mercedes exports are a separate limited exception.
mercedes oil change dubai,mercedes oil change dubai,2026-04-12 to 2026-09-25,2,272,0.0074,16.71,Brand query,/services/mercedes-oil-change-dubai,b1-mercedes-ctr-opportunities.csv,POSITION 11–20,QUERY × PAGE DATA NEEDED; retain approved editorial owner pending post-release measurement,Metrics retained per source window; never added across overlapping windows. Editorial owner is not a historical landing URL. Exact-query-filtered Mercedes exports are a separate limited exception.
mercedes service in dubai,mercedes service in dubai,2026-04-12 to 2026-09-25,3,270,0.0111,8.83,Brand query,/brands/mercedes-benz-service-dubai,b1-mercedes-ctr-opportunities.csv,POSITION 4–10,QUERY × PAGE DATA NEEDED; retain approved editorial owner pending post-release measurement,Metrics retained per source window; never added across overlapping windows. Editorial owner is not a historical landing URL. Exact-query-filtered Mercedes exports are a separate limited exception.
transmission repair dubai,transmission repair dubai,2026-04-12 to 2026-09-25,0,270.0,0,22.74,Transmission repair,/services/transmission-repair-dubai,g1-generic-commercial-ctr-opportunities.csv,ZERO-CLICK HIGH-IMPRESSION,QUERY × PAGE DATA NEEDED; retain approved editorial owner pending post-release measurement,Metrics retained per source window; never added across overlapping windows. Editorial owner is not a historical landing URL. Exact-query-filtered Mercedes exports are a separate limited exception.
tire repair near me,tyre repair near me,2026-04-12 to 2026-09-25,1.0,268.0,0.0037,10.68,Tyres,/services/tire-repair-dubai,g1-generic-commercial-ctr-opportunities.csv,POSITION 11–20,QUERY × PAGE DATA NEEDED; retain approved editorial owner pending post-release measurement,Metrics retained per source window; never added across overlapping windows. Editorial owner is not a historical landing URL. Exact-query-filtered Mercedes exports are a separate limited exception.
battery change dubai,battery change dubai,2026-04-12 to 2026-09-25,0,268.0,0,30.26,Battery,/services/battery-replacement-dubai,g1-generic-commercial-ctr-opportunities.csv,ZERO-CLICK HIGH-IMPRESSION,QUERY × PAGE DATA NEEDED; retain approved editorial owner pending post-release measurement,Metrics retained per source window; never added across overlapping windows. Editorial owner is not a historical landing URL. Exact-query-filtered Mercedes exports are a separate limited exception.
rolls royce repair dubai,rolls royce repair dubai,2026-04-12 to 2026-09-25,1.0,264.0,0.0038,22.66,Brand query,/brands/rolls-royce-service-dubai,rolls-royce-ctr-opportunities.csv,POSITION 21–40,QUERY × PAGE DATA NEEDED; retain approved editorial owner pending post-release measurement,Metrics retained per source window; never added across overlapping windows. Editorial owner is not a historical landing URL. Exact-query-filtered Mercedes exports are a separate limited exception.
mercedes suspension repair,mercedes suspension repair,2026-04-12 to 2026-09-25,0,263,0,24,Brand query,/services/mercedes-suspension-repair-dubai,b1-mercedes-ctr-opportunities.csv,ZERO-CLICK HIGH-IMPRESSION,QUERY × PAGE DATA NEEDED; retain approved editorial owner pending post-release measurement,Metrics retained per source window; never added across overlapping windows. Editorial owner is not a historical landing URL. Exact-query-filtered Mercedes exports are a separate limited exception.
ferrari service,ferrari service,2026-04-12 to 2026-09-25,0.0,262.0,0.0,14.73,Brand query,/brands/ferrari-service-dubai,ferrari-ctr-opportunities.csv,ZERO-CLICK HIGH-IMPRESSION,QUERY × PAGE DATA NEEDED; retain approved editorial owner pending post-release measurement,Metrics retained per source window; never added across overlapping windows. Editorial owner is not a historical landing URL. Exact-query-filtered Mercedes exports are a separate limited exception.
vulcanizing shop near me,vulcanizing shop near me,2026-04-12 to 2026-09-25,1.0,255.0,0.0039000000000000003,5.87,Tyres,/services/tire-repair-dubai,g1-generic-commercial-ctr-opportunities.csv,POSITION 4–10,QUERY × PAGE DATA NEEDED; retain approved editorial owner pending post-release measurement,Metrics retained per source window; never added across overlapping windows. Editorial owner is not a historical landing URL. Exact-query-filtered Mercedes exports are a separate limited exception.
mercedes benz service center dubai,mercedes benz service center dubai,2026-04-12 to 2026-09-25,0,253,0,21.11,Brand query,/brands/mercedes-benz-service-dubai,b1-mercedes-ctr-opportunities.csv,ZERO-CLICK HIGH-IMPRESSION,QUERY × PAGE DATA NEEDED; retain approved editorial owner pending post-release measurement,Metrics retained per source window; never added across overlapping windows. Editorial owner is not a historical landing URL. Exact-query-filtered Mercedes exports are a separate limited exception.
gad motors,gad motors,2026-04-12 to 2026-09-25,3.0,247.0,0.0121,6.72,Performance tuning,/tuning,g1-generic-commercial-ctr-opportunities.csv,POSITION 4–10,QUERY × PAGE DATA NEEDED; retain approved editorial owner pending post-release measurement,Metrics retained per source window; never added across overlapping windows. Editorial owner is not a historical landing URL. Exact-query-filtered Mercedes exports are a separate limited exception.
brake service dubai,brake service dubai,2026-04-12 to 2026-09-25,0,246.0,0,40.84,Brakes,/services/brake-repair-dubai,g1-generic-commercial-ctr-opportunities.csv,ZERO-CLICK HIGH-IMPRESSION,QUERY × PAGE DATA NEEDED; retain approved editorial owner pending post-release measurement,Metrics retained per source window; never added across overlapping windows. Editorial owner is not a historical landing URL. Exact-query-filtered Mercedes exports are a separate limited exception.
car suspension repair in dubai,car suspension repair dubai,2026-04-12 to 2026-09-25,0,242.0,0,33.71,Suspension,/services/suspension-repair-dubai,g1-generic-commercial-ctr-opportunities.csv,ZERO-CLICK HIGH-IMPRESSION,QUERY × PAGE DATA NEEDED; retain approved editorial owner pending post-release measurement,Metrics retained per source window; never added across overlapping windows. Editorial owner is not a historical landing URL. Exact-query-filtered Mercedes exports are a separate limited exception.
mercedes repairs,mercedes repairs,2026-04-12 to 2026-09-25,0,239,0,13.1,Brand query,/brands/mercedes-benz-service-dubai,b1-mercedes-ctr-opportunities.csv,ZERO-CLICK HIGH-IMPRESSION,QUERY × PAGE DATA NEEDED; retain approved editorial owner pending post-release measurement,Metrics retained per source window; never added across overlapping windows. Editorial owner is not a historical landing URL. Exact-query-filtered Mercedes exports are a separate limited exception.
ferrari service center dubai,ferrari service center dubai,2026-04-12 to 2026-09-25,0.0,237.0,0.0,20.42,Brand query,/brands/ferrari-service-dubai,ferrari-ctr-opportunities.csv,ZERO-CLICK HIGH-IMPRESSION,QUERY × PAGE DATA NEEDED; retain approved editorial owner pending post-release measurement,Metrics retained per source window; never added across overlapping windows. Editorial owner is not a historical landing URL. Exact-query-filtered Mercedes exports are a separate limited exception.
mercedes maintenance,mercedes maintenance,2026-04-12 to 2026-09-25,0,231,0,30.88,Brand query,/brands/mercedes-benz-service-dubai,b1-mercedes-ctr-opportunities.csv,ZERO-CLICK HIGH-IMPRESSION,QUERY × PAGE DATA NEEDED; retain approved editorial owner pending post-release measurement,Metrics retained per source window; never added across overlapping windows. Editorial owner is not a historical landing URL. Exact-query-filtered Mercedes exports are a separate limited exception.
car tuning dubai,car tuning dubai,2026-04-12 to 2026-09-25,0,227.0,0,23.99,Performance tuning,/tuning,g1-generic-commercial-ctr-opportunities.csv,ZERO-CLICK HIGH-IMPRESSION,QUERY × PAGE DATA NEEDED; retain approved editorial owner pending post-release measurement,Metrics retained per source window; never added across overlapping windows. Editorial owner is not a historical landing URL. Exact-query-filtered Mercedes exports are a separate limited exception.
mercedes oil change,mercedes oil change,2026-04-12 to 2026-09-25,2,221,0.009000000000000001,18.86,Brand query,/services/mercedes-oil-change-dubai,b1-mercedes-ctr-opportunities.csv,POSITION 11–20,QUERY × PAGE DATA NEEDED; retain approved editorial owner pending post-release measurement,Metrics retained per source window; never added across overlapping windows. Editorial owner is not a historical landing URL. Exact-query-filtered Mercedes exports are a separate limited exception.
ferrari suspension repair dubai,ferrari suspension repair dubai,2026-04-12 to 2026-09-25,0.0,221.0,0.0,23.21,Brand query,/brands/ferrari-service-dubai/suspension-repair,ferrari-ctr-opportunities.csv,ZERO-CLICK HIGH-IMPRESSION,QUERY × PAGE DATA NEEDED; retain approved editorial owner pending post-release measurement,Metrics retained per source window; never added across overlapping windows. Editorial owner is not a historical landing URL. Exact-query-filtered Mercedes exports are a separate limited exception.
mercedes transmission repair dubai,mercedes transmission repair dubai,2026-04-12 to 2026-09-25,1,217,0.0046,18.33,Brand query,/services/mercedes-transmission-repair-dubai,b1-mercedes-ctr-opportunities.csv,POSITION 11–20,QUERY × PAGE DATA NEEDED; retain approved editorial owner pending post-release measurement,Metrics retained per source window; never added across overlapping windows. Editorial owner is not a historical landing URL. Exact-query-filtered Mercedes exports are a separate limited exception.
battery replacement,battery replacement,2026-04-12 to 2026-09-25,0,215.0,0,35.68,Battery,/services/battery-replacement-dubai,g1-generic-commercial-ctr-opportunities.csv,ZERO-CLICK HIGH-IMPRESSION,QUERY × PAGE DATA NEEDED; retain approved editorial owner pending post-release measurement,Metrics retained per source window; never added across overlapping windows. Editorial owner is not a historical landing URL. Exact-query-filtered Mercedes exports are a separate limited exception.
porsche suspension repair dubai,porsche suspension repair dubai,2026-04-12 to 2026-09-25,0.0,213.0,0.0,30.41,Brand query,/brands/porsche-service-dubai/suspension-repair,porsche-ctr-opportunities.csv,ZERO-CLICK HIGH-IMPRESSION,QUERY × PAGE DATA NEEDED; retain approved editorial owner pending post-release measurement,Metrics retained per source window; never added across overlapping windows. Editorial owner is not a historical landing URL. Exact-query-filtered Mercedes exports are a separate limited exception.
lamborghini reverse camera in dubai,lamborghini reverse camera in dubai,2026-04-12 to 2026-09-25,0.0,213.0,0.0,22.77,Brand query,/brands/lamborghini-service-dubai/electrical-repair,lamborghini-ctr-opportunities.csv,ZERO-CLICK HIGH-IMPRESSION,QUERY × PAGE DATA NEEDED; retain approved editorial owner pending post-release measurement,Metrics retained per source window; never added across overlapping windows. Editorial owner is not a historical landing URL. Exact-query-filtered Mercedes exports are a separate limited exception.
car body repair dubai,car body repair dubai,2026-04-12 to 2026-09-25,0,212.0,0,32.52,Body / collision,/services/car-body-repair-dubai,g1-generic-commercial-ctr-opportunities.csv,ZERO-CLICK HIGH-IMPRESSION,QUERY × PAGE DATA NEEDED; retain approved editorial owner pending post-release measurement,Metrics retained per source window; never added across overlapping windows. Editorial owner is not a historical landing URL. Exact-query-filtered Mercedes exports are a separate limited exception.
ferrari service center,ferrari service center,2026-04-12 to 2026-09-25,0.0,212.0,0.0,25.28,Brand query,/brands/ferrari-service-dubai,ferrari-ctr-opportunities.csv,ZERO-CLICK HIGH-IMPRESSION,QUERY × PAGE DATA NEEDED; retain approved editorial owner pending post-release measurement,Metrics retained per source window; never added across overlapping windows. Editorial owner is not a historical landing URL. Exact-query-filtered Mercedes exports are a separate limited exception.
mercedes car service in dubai,mercedes car service in dubai,2026-04-12 to 2026-09-25,0,211,0,14.86,Brand query,/brands/mercedes-benz-service-dubai,b1-mercedes-ctr-opportunities.csv,ZERO-CLICK HIGH-IMPRESSION,QUERY × PAGE DATA NEEDED; retain approved editorial owner pending post-release measurement,Metrics retained per source window; never added across overlapping windows. Editorial owner is not a historical landing URL. Exact-query-filtered Mercedes exports are a separate limited exception.
luxury car workshop,luxury car workshop,2026-04-12 to 2026-09-25,0,211.0,0,29.44,Broad workshop,/,g1-generic-commercial-ctr-opportunities.csv,ZERO-CLICK HIGH-IMPRESSION,QUERY × PAGE DATA NEEDED; retain approved editorial owner pending post-release measurement,Metrics retained per source window; never added across overlapping windows. Editorial owner is not a historical landing URL. Exact-query-filtered Mercedes exports are a separate limited exception.
ferrari maintenance dubai,ferrari maintenance dubai,2026-04-12 to 2026-09-25,0.0,210.0,0.0,15.6,Brand query,/blog/ferrari-maintenance-guide-dubai,ferrari-ctr-opportunities.csv,ZERO-CLICK HIGH-IMPRESSION,QUERY × PAGE DATA NEEDED; retain approved editorial owner pending post-release measurement,Metrics retained per source window; never added across overlapping windows. Editorial owner is not a historical landing URL. Exact-query-filtered Mercedes exports are a separate limited exception.
car diagnostic dubai,car diagnostics dubai,2026-04-12 to 2026-09-25,0,209.0,0,25.89,Diagnostics,/services/car-diagnostics-dubai,g1-generic-commercial-ctr-opportunities.csv,ZERO-CLICK HIGH-IMPRESSION,QUERY × PAGE DATA NEEDED; retain approved editorial owner pending post-release measurement,Metrics retained per source window; never added across overlapping windows. Editorial owner is not a historical landing URL. Exact-query-filtered Mercedes exports are a separate limited exception.
car paint protection coating,car paint protection coating,2026-04-12 to 2026-09-25,0.0,209.0,0.0,28.74,Ceramic coating,/services/ceramic-coating,g3-protection-ctr-opportunities.csv,ZERO-CLICK HIGH-IMPRESSION,QUERY × PAGE DATA NEEDED; retain approved editorial owner pending post-release measurement,Metrics retained per source window; never added across overlapping windows. Editorial owner is not a historical landing URL. Exact-query-filtered Mercedes exports are a separate limited exception.
car steering repair,car steering repair,2026-04-12 to 2026-09-25,0,207.0,0,15.41,Steering,/services/steering-repair-dubai,g1-generic-commercial-ctr-opportunities.csv,ZERO-CLICK HIGH-IMPRESSION,QUERY × PAGE DATA NEEDED; retain approved editorial owner pending post-release measurement,Metrics retained per source window; never added across overlapping windows. Editorial owner is not a historical landing URL. Exact-query-filtered Mercedes exports are a separate limited exception.
mercedes specialist,mercedes specialist,2026-04-12 to 2026-09-25,0,203,0,10.12,Brand query,/brands/mercedes-benz-service-dubai,b1-mercedes-ctr-opportunities.csv,ZERO-CLICK HIGH-IMPRESSION,QUERY × PAGE DATA NEEDED; retain approved editorial owner pending post-release measurement,Metrics retained per source window; never added across overlapping windows. Editorial owner is not a historical landing URL. Exact-query-filtered Mercedes exports are a separate limited exception.
ride height adjustment dubai,ride height adjustment dubai,2026-04-12 to 2026-09-25,0,201.0,0,12.25,Suspension,,g1-generic-commercial-ctr-opportunities.csv,ZERO-CLICK HIGH-IMPRESSION,QUERY × PAGE DATA NEEDED; retain approved editorial owner pending post-release measurement,Metrics retained per source window; never added across overlapping windows. Editorial owner is not a historical landing URL. Exact-query-filtered Mercedes exports are a separate limited exception.
bentley service dubai,bentley service dubai,2026-04-12 to 2026-09-25,0.0,201.0,0.0,35.94,Brand query,/brands/bentley-service-dubai,bentley-ctr-opportunities.csv,ZERO-CLICK HIGH-IMPRESSION,QUERY × PAGE DATA NEEDED; retain approved editorial owner pending post-release measurement,Metrics retained per source window; never added across overlapping windows. Editorial owner is not a historical landing URL. Exact-query-filtered Mercedes exports are a separate limited exception.
mercedes repair garage in dubai,mercedes repair garage in dubai,2026-04-12 to 2026-09-25,0,200,0,18.25,Brand query,/brands/mercedes-benz-service-dubai,b1-mercedes-ctr-opportunities.csv,ZERO-CLICK HIGH-IMPRESSION,QUERY × PAGE DATA NEEDED; retain approved editorial owner pending post-release measurement,Metrics retained per source window; never added across overlapping windows. Editorial owner is not a historical landing URL. Exact-query-filtered Mercedes exports are a separate limited exception.
car battery replacement in dubai,car battery replacement dubai,2026-04-12 to 2026-09-25,0,199.0,0,17.72,Battery,/services/battery-replacement-dubai,g1-generic-commercial-ctr-opportunities.csv,ZERO-CLICK HIGH-IMPRESSION,QUERY × PAGE DATA NEEDED; retain approved editorial owner pending post-release measurement,Metrics retained per source window; never added across overlapping windows. Editorial owner is not a historical landing URL. Exact-query-filtered Mercedes exports are a separate limited exception.
mercedes transmission repair,mercedes transmission repair,2026-04-12 to 2026-09-25,1,198,0.0051,29.48,Brand query,/services/mercedes-transmission-repair-dubai,b1-mercedes-ctr-opportunities.csv,POSITION 21–40,QUERY × PAGE DATA NEEDED; retain approved editorial owner pending post-release measurement,Metrics retained per source window; never added across overlapping windows. Editorial owner is not a historical landing URL. Exact-query-filtered Mercedes exports are a separate limited exception.
mercedes garage dubai,mercedes garage dubai,2026-04-12 to 2026-09-25,0,198,0,27.47,Brand query,/brands/mercedes-benz-service-dubai,b1-mercedes-ctr-opportunities.csv,ZERO-CLICK HIGH-IMPRESSION,QUERY × PAGE DATA NEEDED; retain approved editorial owner pending post-release measurement,Metrics retained per source window; never added across overlapping windows. Editorial owner is not a historical landing URL. Exact-query-filtered Mercedes exports are a separate limited exception.
car service package dubai,car service package dubai,2026-04-12 to 2026-09-25,0,198.0,0,62.46,Routine service,/services/car-service-dubai,g1-generic-commercial-ctr-opportunities.csv,ZERO-CLICK HIGH-IMPRESSION,QUERY × PAGE DATA NEEDED; retain approved editorial owner pending post-release measurement,Metrics retained per source window; never added across overlapping windows. Editorial owner is not a historical landing URL. Exact-query-filtered Mercedes exports are a separate limited exception.
car oil change in dubai,car oil change dubai,2026-04-12 to 2026-09-25,0,196.0,0,35.75,Oil change,/services/oil-change-dubai,g1-generic-commercial-ctr-opportunities.csv,ZERO-CLICK HIGH-IMPRESSION,QUERY × PAGE DATA NEEDED; retain approved editorial owner pending post-release measurement,Metrics retained per source window; never added across overlapping windows. Editorial owner is not a historical landing URL. Exact-query-filtered Mercedes exports are a separate limited exception.
cars workshop dubai,cars workshop dubai,2026-04-12 to 2026-09-25,0,189.0,0,28.38,Broad workshop,/,g1-generic-commercial-ctr-opportunities.csv,ZERO-CLICK HIGH-IMPRESSION,QUERY × PAGE DATA NEEDED; retain approved editorial owner pending post-release measurement,Metrics retained per source window; never added across overlapping windows. Editorial owner is not a historical landing URL. Exact-query-filtered Mercedes exports are a separate limited exception.
cadillac srx screen replacement in dubai,cadillac srx screen replacement in dubai,2026-04-12 to 2026-09-25,0.0,188.0,0.0,53.49,CUE/touchscreen assessment,/services/cadillac-cue-screen-repair-dubai,b7-cadillac-ctr-opportunities.csv,ZERO-CLICK HIGH-IMPRESSION,QUERY × PAGE DATA NEEDED; retain approved editorial owner pending post-release measurement,Metrics retained per source window; never added across overlapping windows. Editorial owner is not a historical landing URL. Exact-query-filtered Mercedes exports are a separate limited exception.
mercedes e class audio upgrade in dubai,mercedes e class audio upgrade in dubai,2026-04-12 to 2026-09-25,0,183,0,55.93,Brand query,/services/mercedes-audio-upgrade-dubai,b1-mercedes-ctr-opportunities.csv,ZERO-CLICK HIGH-IMPRESSION,QUERY × PAGE DATA NEEDED; retain approved editorial owner pending post-release measurement,Metrics retained per source window; never added across overlapping windows. Editorial owner is not a historical landing URL. Exact-query-filtered Mercedes exports are a separate limited exception.
car battery change,car battery change,2026-04-12 to 2026-09-25,0,180.0,0,30.06,Battery,/services/battery-replacement-dubai,g1-generic-commercial-ctr-opportunities.csv,ZERO-CLICK HIGH-IMPRESSION,QUERY × PAGE DATA NEEDED; retain approved editorial owner pending post-release measurement,Metrics retained per source window; never added across overlapping windows. Editorial owner is not a historical landing URL. Exact-query-filtered Mercedes exports are a separate limited exception.
gad tuning,gad tuning,2026-04-12 to 2026-09-25,4.0,179.0,0.0223,9.8,Performance tuning,/tuning,g1-generic-commercial-ctr-opportunities.csv,POSITION 4–10,QUERY × PAGE DATA NEEDED; retain approved editorial owner pending post-release measurement,Metrics retained per source window; never added across overlapping windows. Editorial owner is not a historical landing URL. Exact-query-filtered Mercedes exports are a separate limited exception.
gearbox repair dubai,transmission repair dubai,2026-04-12 to 2026-09-25,0,179.0,0,31.83,Transmission repair,/services/transmission-repair-dubai,g1-generic-commercial-ctr-opportunities.csv,ZERO-CLICK HIGH-IMPRESSION,QUERY × PAGE DATA NEEDED; retain approved editorial owner pending post-release measurement,Metrics retained per source window; never added across overlapping windows. Editorial owner is not a historical landing URL. Exact-query-filtered Mercedes exports are a separate limited exception.
mercedes car repair dubai,mercedes car repair dubai,2026-04-12 to 2026-09-25,0,178,0,10.19,Brand query,/brands/mercedes-benz-service-dubai,b1-mercedes-ctr-opportunities.csv,ZERO-CLICK HIGH-IMPRESSION,QUERY × PAGE DATA NEEDED; retain approved editorial owner pending post-release measurement,Metrics retained per source window; never added across overlapping windows. Editorial owner is not a historical landing URL. Exact-query-filtered Mercedes exports are a separate limited exception.
ferrari brake repair dubai,ferrari brake repair dubai,2026-04-12 to 2026-09-25,0.0,177.0,0.0,35.25,Brand query,/brands/ferrari-service-dubai/brake-repair,ferrari-ctr-opportunities.csv,ZERO-CLICK HIGH-IMPRESSION,QUERY × PAGE DATA NEEDED; retain approved editorial owner pending post-release measurement,Metrics retained per source window; never added across overlapping windows. Editorial owner is not a historical landing URL. Exact-query-filtered Mercedes exports are a separate limited exception.
lamborghini maintenance dubai,lamborghini maintenance dubai,2026-04-12 to 2026-09-25,0.0,176.0,0.0,20.79,Brand query,/blog/lamborghini-maintenance-guide-dubai,lamborghini-ctr-opportunities.csv,ZERO-CLICK HIGH-IMPRESSION,QUERY × PAGE DATA NEEDED; retain approved editorial owner pending post-release measurement,Metrics retained per source window; never added across overlapping windows. Editorial owner is not a historical landing URL. Exact-query-filtered Mercedes exports are a separate limited exception.
mercedes servicing,mercedes servicing,2026-04-12 to 2026-09-25,0,175,0,25.46,Brand query,/brands/mercedes-benz-service-dubai,b1-mercedes-ctr-opportunities.csv,ZERO-CLICK HIGH-IMPRESSION,QUERY × PAGE DATA NEEDED; retain approved editorial owner pending post-release measurement,Metrics retained per source window; never added across overlapping windows. Editorial owner is not a historical landing URL. Exact-query-filtered Mercedes exports are a separate limited exception.
cadillac cue screen replacement in dubai,cadillac cue screen replacement in dubai,2026-04-12 to 2026-09-25,0.0,174.0,0.0,52.75,CUE/touchscreen assessment,/services/cadillac-cue-screen-repair-dubai,b7-cadillac-ctr-opportunities.csv,ZERO-CLICK HIGH-IMPRESSION,QUERY × PAGE DATA NEEDED; retain approved editorial owner pending post-release measurement,Metrics retained per source window; never added across overlapping windows. Editorial owner is not a historical landing URL. Exact-query-filtered Mercedes exports are a separate limited exception.
brake shop near me?,brake shop near me,2026-04-12 to 2026-09-25,0,173.0,0,9.38,Brakes,/services/brake-repair-dubai,g1-generic-commercial-ctr-opportunities.csv,ZERO-CLICK HIGH-IMPRESSION,QUERY × PAGE DATA NEEDED; retain approved editorial owner pending post-release measurement,Metrics retained per source window; never added across overlapping windows. Editorial owner is not a historical landing URL. Exact-query-filtered Mercedes exports are a separate limited exception.
fault code scanning dubai,fault code scanning dubai,2026-04-12 to 2026-09-25,0,171.0,0,20.98,Diagnostics,/services/car-diagnostics-dubai,g1-generic-commercial-ctr-opportunities.csv,ZERO-CLICK HIGH-IMPRESSION,QUERY × PAGE DATA NEEDED; retain approved editorial owner pending post-release measurement,Metrics retained per source window; never added across overlapping windows. Editorial owner is not a historical landing URL. Exact-query-filtered Mercedes exports are a separate limited exception.
bmw service center dubai,bmw service center dubai,2026-04-12 to 2026-09-25,0.0,171.0,0.0,30.29,Brand query,/brands/bmw-service-dubai,bmw-ctr-opportunities.csv,ZERO-CLICK HIGH-IMPRESSION,QUERY × PAGE DATA NEEDED; retain approved editorial owner pending post-release measurement,Metrics retained per source window; never added across overlapping windows. Editorial owner is not a historical landing URL. Exact-query-filtered Mercedes exports are a separate limited exception.
head unit repairing dubai,head unit repair dubai,2026-04-12 to 2026-09-25,0,170.0,0,47.81,Head unit,/services/head-unit-repair-dubai,g1-generic-commercial-ctr-opportunities.csv,ZERO-CLICK HIGH-IMPRESSION,QUERY × PAGE DATA NEEDED; retain approved editorial owner pending post-release measurement,Metrics retained per source window; never added across overlapping windows. Editorial owner is not a historical landing URL. Exact-query-filtered Mercedes exports are a separate limited exception.
car electrical services dubai,car electrical services dubai,2026-04-12 to 2026-09-25,0,169.0,0,75.12,Electrical,/services/auto-electrical-repair-dubai,g1-generic-commercial-ctr-opportunities.csv,ZERO-CLICK HIGH-IMPRESSION,QUERY × PAGE DATA NEEDED; retain approved editorial owner pending post-release measurement,Metrics retained per source window; never added across overlapping windows. Editorial owner is not a historical landing URL. Exact-query-filtered Mercedes exports are a separate limited exception.
exhaust repair near me,exhaust repair near me,2026-04-12 to 2026-09-25,0,167.0,0,9.06,Exhaust repair,/services/exhaust-repair-dubai,g1-generic-commercial-ctr-opportunities.csv,ZERO-CLICK HIGH-IMPRESSION,QUERY × PAGE DATA NEEDED; retain approved editorial owner pending post-release measurement,Metrics retained per source window; never added across overlapping windows. Editorial owner is not a historical landing URL. Exact-query-filtered Mercedes exports are a separate limited exception.
bmw repair dubai,bmw repair dubai,2026-04-12 to 2026-09-25,2.0,167.0,0.012,14.2,Brand query,/brands/bmw-service-dubai,bmw-ctr-opportunities.csv,POSITION 11–20,QUERY × PAGE DATA NEEDED; retain approved editorial owner pending post-release measurement,Metrics retained per source window; never added across overlapping windows. Editorial owner is not a historical landing URL. Exact-query-filtered Mercedes exports are a separate limited exception.
mercedes ac repair,mercedes ac repair,2026-04-12 to 2026-09-25,0,163,0,16.32,Brand query,/services/mercedes-ac-repair-dubai,b1-mercedes-ctr-opportunities.csv,ZERO-CLICK HIGH-IMPRESSION,QUERY × PAGE DATA NEEDED; retain approved editorial owner pending post-release measurement,Metrics retained per source window; never added across overlapping windows. Editorial owner is not a historical landing URL. Exact-query-filtered Mercedes exports are a separate limited exception.
lamborghini service center dubai,lamborghini service center dubai,2026-04-12 to 2026-09-25,0.0,163.0,0.0,22.07,Brand query,/brands/lamborghini-service-dubai,lamborghini-ctr-opportunities.csv,ZERO-CLICK HIGH-IMPRESSION,QUERY × PAGE DATA NEEDED; retain approved editorial owner pending post-release measurement,Metrics retained per source window; never added across overlapping windows. Editorial owner is not a historical landing URL. Exact-query-filtered Mercedes exports are a separate limited exception.
auto electrical diagnostics dubai,auto electrical diagnostics dubai,2026-04-12 to 2026-09-25,0,162.0,0,32.64,Diagnostics,/services/car-diagnostics-dubai,g1-generic-commercial-ctr-opportunities.csv,ZERO-CLICK HIGH-IMPRESSION,QUERY × PAGE DATA NEEDED; retain approved editorial owner pending post-release measurement,Metrics retained per source window; never added across overlapping windows. Editorial owner is not a historical landing URL. Exact-query-filtered Mercedes exports are a separate limited exception.
ferrari servicing,ferrari servicing,2026-04-12 to 2026-09-25,0.0,162.0,0.0,14.42,Brand query,/brands/ferrari-service-dubai,ferrari-ctr-opportunities.csv,ZERO-CLICK HIGH-IMPRESSION,QUERY × PAGE DATA NEEDED; retain approved editorial owner pending post-release measurement,Metrics retained per source window; never added across overlapping windows. Editorial owner is not a historical landing URL. Exact-query-filtered Mercedes exports are a separate limited exception.
mercedes battery replacement dubai,mercedes battery replacement dubai,2026-04-12 to 2026-09-25,0,157,0,22.2,Brand query,/services/mercedes-battery-replacement-dubai,b1-mercedes-ctr-opportunities.csv,ZERO-CLICK HIGH-IMPRESSION,QUERY × PAGE DATA NEEDED; retain approved editorial owner pending post-release measurement,Metrics retained per source window; never added across overlapping windows. Editorial owner is not a historical landing URL. Exact-query-filtered Mercedes exports are a separate limited exception.
car brake maintenance dubai,car brake maintenance dubai,2026-04-12 to 2026-09-25,0,157.0,0,44.73,Brakes,/services/brake-repair-dubai,g1-generic-commercial-ctr-opportunities.csv,ZERO-CLICK HIGH-IMPRESSION,QUERY × PAGE DATA NEEDED; retain approved editorial owner pending post-release measurement,Metrics retained per source window; never added across overlapping windows. Editorial owner is not a historical landing URL. Exact-query-filtered Mercedes exports are a separate limited exception.
luxury car oil change,luxury car oil change,2026-04-12 to 2026-09-25,0,155.0,0,21.04,Oil change,/services/oil-change-dubai,g1-generic-commercial-ctr-opportunities.csv,ZERO-CLICK HIGH-IMPRESSION,QUERY × PAGE DATA NEEDED; retain approved editorial owner pending post-release measurement,Metrics retained per source window; never added across overlapping windows. Editorial owner is not a historical landing URL. Exact-query-filtered Mercedes exports are a separate limited exception.
car battery change dubai,car battery change dubai,2026-04-12 to 2026-09-25,0,155.0,0,31.15,Battery,/services/battery-replacement-dubai,g1-generic-commercial-ctr-opportunities.csv,ZERO-CLICK HIGH-IMPRESSION,QUERY × PAGE DATA NEEDED; retain approved editorial owner pending post-release measurement,Metrics retained per source window; never added across overlapping windows. Editorial owner is not a historical landing URL. Exact-query-filtered Mercedes exports are a separate limited exception.
lamborghini service,lamborghini service,2026-04-12 to 2026-09-25,0.0,154.0,0.0,16.1,Brand query,/brands/lamborghini-service-dubai,lamborghini-ctr-opportunities.csv,ZERO-CLICK HIGH-IMPRESSION,QUERY × PAGE DATA NEEDED; retain approved editorial owner pending post-release measurement,Metrics retained per source window; never added across overlapping windows. Editorial owner is not a historical landing URL. Exact-query-filtered Mercedes exports are a separate limited exception.
rolls royce service,rolls royce service,2026-04-12 to 2026-09-25,1.0,154.0,0.006500000000000001,16.75,Brand query,/brands/rolls-royce-service-dubai,rolls-royce-ctr-opportunities.csv,POSITION 11–20,QUERY × PAGE DATA NEEDED; retain approved editorial owner pending post-release measurement,Metrics retained per source window; never added across overlapping windows. Editorial owner is not a historical landing URL. Exact-query-filtered Mercedes exports are a separate limited exception.
car oil change near me,car oil change near me,2026-04-12 to 2026-09-25,1.0,152.0,0.0066,14.62,Oil change,/services/oil-change-dubai,g1-generic-commercial-ctr-opportunities.csv,POSITION 11–20,QUERY × PAGE DATA NEEDED; retain approved editorial owner pending post-release measurement,Metrics retained per source window; never added across overlapping windows. Editorial owner is not a historical landing URL. Exact-query-filtered Mercedes exports are a separate limited exception.
car exhaust cleaning services,car exhaust cleaning services,2026-04-12 to 2026-09-25,0,150.0,0,19.12,Exhaust repair,/services/exhaust-repair-dubai,g1-generic-commercial-ctr-opportunities.csv,ZERO-CLICK HIGH-IMPRESSION,QUERY × PAGE DATA NEEDED; retain approved editorial owner pending post-release measurement,Metrics retained per source window; never added across overlapping windows. Editorial owner is not a historical landing URL. Exact-query-filtered Mercedes exports are a separate limited exception.
oil service dubai,oil service dubai,2026-04-12 to 2026-09-25,0,149.0,0,43.94,Oil change,/services/oil-change-dubai,g1-generic-commercial-ctr-opportunities.csv,ZERO-CLICK HIGH-IMPRESSION,QUERY × PAGE DATA NEEDED; retain approved editorial owner pending post-release measurement,Metrics retained per source window; never added across overlapping windows. Editorial owner is not a historical landing URL. Exact-query-filtered Mercedes exports are a separate limited exception.
brake inspection dubai,brake inspection dubai,2026-04-12 to 2026-09-25,0,149.0,0,53.91,Brakes,/services/brake-repair-dubai,g1-generic-commercial-ctr-opportunities.csv,ZERO-CLICK HIGH-IMPRESSION,QUERY × PAGE DATA NEEDED; retain approved editorial owner pending post-release measurement,Metrics retained per source window; never added across overlapping windows. Editorial owner is not a historical landing URL. Exact-query-filtered Mercedes exports are a separate limited exception.
car protection dubai,car protection dubai,2026-04-12 to 2026-09-25,0.0,149.0,0.0,36.27,Broad paint protection,/services/paint-protection-dubai,g3-protection-ctr-opportunities.csv,ZERO-CLICK HIGH-IMPRESSION,QUERY × PAGE DATA NEEDED; retain approved editorial owner pending post-release measurement,Metrics retained per source window; never added across overlapping windows. Editorial owner is not a historical landing URL. Exact-query-filtered Mercedes exports are a separate limited exception.
paint coat protection,paint coat protection,2026-04-12 to 2026-09-25,0.0,146.0,0.0,20.27,Ceramic coating,/services/ceramic-coating,g3-protection-ctr-opportunities.csv,ZERO-CLICK HIGH-IMPRESSION,QUERY × PAGE DATA NEEDED; retain approved editorial owner pending post-release measurement,Metrics retained per source window; never added across overlapping windows. Editorial owner is not a historical landing URL. Exact-query-filtered Mercedes exports are a separate limited exception.
bmw service,bmw service,2026-04-12 to 2026-09-25,0.0,146.0,0.0,25.45,Brand query,/brands/bmw-service-dubai,bmw-ctr-opportunities.csv,ZERO-CLICK HIGH-IMPRESSION,QUERY × PAGE DATA NEEDED; retain approved editorial owner pending post-release measurement,Metrics retained per source window; never added across overlapping windows. Editorial owner is not a historical landing URL. Exact-query-filtered Mercedes exports are a separate limited exception.
porsche brake repair dubai,porsche brake repair dubai,2026-04-12 to 2026-09-25,0.0,143.0,0.0,41.01,Brand query,/brands/porsche-service-dubai/brake-repair,porsche-ctr-opportunities.csv,ZERO-CLICK HIGH-IMPRESSION,QUERY × PAGE DATA NEEDED; retain approved editorial owner pending post-release measurement,Metrics retained per source window; never added across overlapping windows. Editorial owner is not a historical landing URL. Exact-query-filtered Mercedes exports are a separate limited exception.
car suspension repair,car suspension repair,2026-04-12 to 2026-09-25,0,140.0,0,19.21,Suspension,/services/suspension-repair-dubai,g1-generic-commercial-ctr-opportunities.csv,ZERO-CLICK HIGH-IMPRESSION,QUERY × PAGE DATA NEEDED; retain approved editorial owner pending post-release measurement,Metrics retained per source window; never added across overlapping windows. Editorial owner is not a historical landing URL. Exact-query-filtered Mercedes exports are a separate limited exception.
car oil change service dubai,car oil change service dubai,2026-04-12 to 2026-09-25,0,140.0,0,36.44,Oil change,/services/oil-change-dubai,g1-generic-commercial-ctr-opportunities.csv,ZERO-CLICK HIGH-IMPRESSION,QUERY × PAGE DATA NEEDED; retain approved editorial owner pending post-release measurement,Metrics retained per source window; never added across overlapping windows. Editorial owner is not a historical landing URL. Exact-query-filtered Mercedes exports are a separate limited exception.
lamborghini workshop dubai,lamborghini workshop dubai,2026-04-12 to 2026-09-25,0.0,140.0,0.0,16.04,Brand query,/brands/lamborghini-service-dubai,lamborghini-ctr-opportunities.csv,ZERO-CLICK HIGH-IMPRESSION,QUERY × PAGE DATA NEEDED; retain approved editorial owner pending post-release measurement,Metrics retained per source window; never added across overlapping windows. Editorial owner is not a historical landing URL. Exact-query-filtered Mercedes exports are a separate limited exception.
tyre change dubai,tyre change dubai,2026-04-12 to 2026-09-25,0,139.0,0,68.58,Tyres,/services/tire-repair-dubai,g1-generic-commercial-ctr-opportunities.csv,ZERO-CLICK HIGH-IMPRESSION,QUERY × PAGE DATA NEEDED; retain approved editorial owner pending post-release measurement,Metrics retained per source window; never added across overlapping windows. Editorial owner is not a historical landing URL. Exact-query-filtered Mercedes exports are a separate limited exception.
car protection coating dubai,car protection coating dubai,2026-04-12 to 2026-09-25,0.0,139.0,0.0,42.09,Ceramic coating,/services/ceramic-coating,g3-protection-ctr-opportunities.csv,ZERO-CLICK HIGH-IMPRESSION,QUERY × PAGE DATA NEEDED; retain approved editorial owner pending post-release measurement,Metrics retained per source window; never added across overlapping windows. Editorial owner is not a historical landing URL. Exact-query-filtered Mercedes exports are a separate limited exception.
oil change service,oil change service,2026-04-12 to 2026-09-25,0,138.0,0,27.75,Oil change,/services/oil-change-dubai,g1-generic-commercial-ctr-opportunities.csv,ZERO-CLICK HIGH-IMPRESSION,QUERY × PAGE DATA NEEDED; retain approved editorial owner pending post-release measurement,Metrics retained per source window; never added across overlapping windows. Editorial owner is not a historical landing URL. Exact-query-filtered Mercedes exports are a separate limited exception.
car diagnostics dip2,car diagnostics dip2,2026-04-12 to 2026-09-25,0,138.0,0,32.95,Diagnostics,/services/car-diagnostics-dubai,g1-generic-commercial-ctr-opportunities.csv,ZERO-CLICK HIGH-IMPRESSION,QUERY × PAGE DATA NEEDED; retain approved editorial owner pending post-release measurement,Metrics retained per source window; never added across overlapping windows. Editorial owner is not a historical landing URL. Exact-query-filtered Mercedes exports are a separate limited exception.
engine oil change dubai,engine oil change dubai,2026-04-12 to 2026-09-25,0,136.0,0,41.24,Oil change,/services/oil-change-dubai,g1-generic-commercial-ctr-opportunities.csv,ZERO-CLICK HIGH-IMPRESSION,QUERY × PAGE DATA NEEDED; retain approved editorial owner pending post-release measurement,Metrics retained per source window; never added across overlapping windows. Editorial owner is not a historical landing URL. Exact-query-filtered Mercedes exports are a separate limited exception.
mercedes auto repair in dubai,mercedes auto repair in dubai,2026-04-12 to 2026-09-25,0,134,0,12.27,Brand query,/brands/mercedes-benz-service-dubai,b1-mercedes-ctr-opportunities.csv,ZERO-CLICK HIGH-IMPRESSION,QUERY × PAGE DATA NEEDED; retain approved editorial owner pending post-release measurement,Metrics retained per source window; never added across overlapping windows. Editorial owner is not a historical landing URL. Exact-query-filtered Mercedes exports are a separate limited exception.
porsche oil change dubai,porsche oil change dubai,2026-04-12 to 2026-09-25,0.0,134.0,0.0,17.33,Brand query,/brands/porsche-service-dubai/oil-change,porsche-ctr-opportunities.csv,ZERO-CLICK HIGH-IMPRESSION,QUERY × PAGE DATA NEEDED; retain approved editorial owner pending post-release measurement,Metrics retained per source window; never added across overlapping windows. Editorial owner is not a historical landing URL. Exact-query-filtered Mercedes exports are a separate limited exception.
synthetic oil change dubai,synthetic oil change dubai,2026-04-12 to 2026-09-25,0,133.0,0,41.44,Oil change,/services/oil-change-dubai,g1-generic-commercial-ctr-opportunities.csv,ZERO-CLICK HIGH-IMPRESSION,QUERY × PAGE DATA NEEDED; retain approved editorial owner pending post-release measurement,Metrics retained per source window; never added across overlapping windows. Editorial owner is not a historical landing URL. Exact-query-filtered Mercedes exports are a separate limited exception.
porsche transmission repair dubai,porsche transmission repair dubai,2026-04-12 to 2026-09-25,0.0,133.0,0.0,14.86,Brand query,/brands/porsche-service-dubai/transmission-repair,porsche-ctr-opportunities.csv,ZERO-CLICK HIGH-IMPRESSION,QUERY × PAGE DATA NEEDED; retain approved editorial owner pending post-release measurement,Metrics retained per source window; never added across overlapping windows. Editorial owner is not a historical landing URL. Exact-query-filtered Mercedes exports are a separate limited exception.
tire puncture repair near me,tyre puncture repair near me,2026-04-12 to 2026-09-25,0,131.0,0,9.52,Tyres,/services/tire-repair-dubai,g1-generic-commercial-ctr-opportunities.csv | g2-generic-problem-ctr-opportunities.csv,ZERO-CLICK HIGH-IMPRESSION,QUERY × PAGE DATA NEEDED; retain approved editorial owner pending post-release measurement,Metrics retained per source window; never added across overlapping windows. Editorial owner is not a historical landing URL. Exact-query-filtered Mercedes exports are a separate limited exception.
professional paint protection film in dubai,professional paint protection film in dubai,2026-04-12 to 2026-09-25,0.0,131.0,0.0,24.92,PPF installation,/services/paint-protection-film,g3-protection-ctr-opportunities.csv,ZERO-CLICK HIGH-IMPRESSION,QUERY × PAGE DATA NEEDED; retain approved editorial owner pending post-release measurement,Metrics retained per source window; never added across overlapping windows. Editorial owner is not a historical landing URL. Exact-query-filtered Mercedes exports are a separate limited exception.
mercedes benz service dubai,mercedes benz service dubai,2026-04-12 to 2026-09-25,0,129,0,14.42,Brand query,/brands/mercedes-benz-service-dubai,b1-mercedes-ctr-opportunities.csv,ZERO-CLICK HIGH-IMPRESSION,QUERY × PAGE DATA NEEDED; retain approved editorial owner pending post-release measurement,Metrics retained per source window; never added across overlapping windows. Editorial owner is not a historical landing URL. Exact-query-filtered Mercedes exports are a separate limited exception.
lamborghini battery replacement dubai,lamborghini battery replacement dubai,2026-04-12 to 2026-09-25,0.0,129.0,0.0,25.52,Brand query,/brands/lamborghini-service-dubai/battery-replacement,lamborghini-ctr-opportunities.csv,ZERO-CLICK HIGH-IMPRESSION,QUERY × PAGE DATA NEEDED; retain approved editorial owner pending post-release measurement,Metrics retained per source window; never added across overlapping windows. Editorial owner is not a historical landing URL. Exact-query-filtered Mercedes exports are a separate limited exception.
auto body repair dubai,auto body repair dubai,2026-04-12 to 2026-09-25,0,126.0,0,58.77,Body / collision,/services/car-body-repair-dubai,g1-generic-commercial-ctr-opportunities.csv,ZERO-CLICK HIGH-IMPRESSION,QUERY × PAGE DATA NEEDED; retain approved editorial owner pending post-release measurement,Metrics retained per source window; never added across overlapping windows. Editorial owner is not a historical landing URL. Exact-query-filtered Mercedes exports are a separate limited exception.
steering repair,steering repair,2026-04-12 to 2026-09-25,1.0,125.0,0.008,18.67,Steering,/services/steering-repair-dubai,g1-generic-commercial-ctr-opportunities.csv,POSITION 11–20,QUERY × PAGE DATA NEEDED; retain approved editorial owner pending post-release measurement,Metrics retained per source window; never added across overlapping windows. Editorial owner is not a historical landing URL. Exact-query-filtered Mercedes exports are a separate limited exception.
car brake maintenance in uae,car brake maintenance in uae,2026-04-12 to 2026-09-25,0,125.0,0,58.19,Brakes,/services/brake-repair-dubai,g1-generic-commercial-ctr-opportunities.csv,ZERO-CLICK HIGH-IMPRESSION,QUERY × PAGE DATA NEEDED; retain approved editorial owner pending post-release measurement,Metrics retained per source window; never added across overlapping windows. Editorial owner is not a historical landing URL. Exact-query-filtered Mercedes exports are a separate limited exception.
car battery replacement near me,car battery replacement near me,2026-04-12 to 2026-09-25,0,123.0,0,14.82,Battery,/services/battery-replacement-dubai,g1-generic-commercial-ctr-opportunities.csv,ZERO-CLICK HIGH-IMPRESSION,QUERY × PAGE DATA NEEDED; retain approved editorial owner pending post-release measurement,Metrics retained per source window; never added across overlapping windows. Editorial owner is not a historical landing URL. Exact-query-filtered Mercedes exports are a separate limited exception.
car oil change services in dubai,car oil change services dubai,2026-04-12 to 2026-09-25,0,119.0,0,40.88,Oil change,/services/oil-change-dubai,g1-generic-commercial-ctr-opportunities.csv,ZERO-CLICK HIGH-IMPRESSION,QUERY × PAGE DATA NEEDED; retain approved editorial owner pending post-release measurement,Metrics retained per source window; never added across overlapping windows. Editorial owner is not a historical landing URL. Exact-query-filtered Mercedes exports are a separate limited exception.
car paint protection film near me,car paint protection film near me,2026-04-12 to 2026-09-25,0.0,119.0,0.0,40.89,PPF installation,/services/paint-protection-film,g3-protection-ctr-opportunities.csv,ZERO-CLICK HIGH-IMPRESSION,QUERY × PAGE DATA NEEDED; retain approved editorial owner pending post-release measurement,Metrics retained per source window; never added across overlapping windows. Editorial owner is not a historical landing URL. Exact-query-filtered Mercedes exports are a separate limited exception.
car brake repair dubai,car brake repair dubai,2026-04-12 to 2026-09-25,0,118.0,0,33.33,Brakes,/services/brake-repair-dubai,g1-generic-commercial-ctr-opportunities.csv,ZERO-CLICK HIGH-IMPRESSION,QUERY × PAGE DATA NEEDED; retain approved editorial owner pending post-release measurement,Metrics retained per source window; never added across overlapping windows. Editorial owner is not a historical landing URL. Exact-query-filtered Mercedes exports are a separate limited exception.
car scanning and diagnostics in dubai,car scanning and diagnostics dubai,2026-04-12 to 2026-09-25,0,118.0,0,47.28,Diagnostics,/services/car-diagnostics-dubai,g1-generic-commercial-ctr-opportunities.csv,ZERO-CLICK HIGH-IMPRESSION,QUERY × PAGE DATA NEEDED; retain approved editorial owner pending post-release measurement,Metrics retained per source window; never added across overlapping windows. Editorial owner is not a historical landing URL. Exact-query-filtered Mercedes exports are a separate limited exception.
ferrari workshop dubai,ferrari workshop dubai,2026-04-12 to 2026-09-25,0.0,116.0,0.0,24.12,Brand query,/brands/ferrari-service-dubai,ferrari-ctr-opportunities.csv,ZERO-CLICK HIGH-IMPRESSION,QUERY × PAGE DATA NEEDED; retain approved editorial owner pending post-release measurement,Metrics retained per source window; never added across overlapping windows. Editorial owner is not a historical landing URL. Exact-query-filtered Mercedes exports are a separate limited exception.
car battery replacement,car battery replacement,2026-04-12 to 2026-09-25,1.0,115.0,0.0087,37.96,Battery,/services/battery-replacement-dubai,g1-generic-commercial-ctr-opportunities.csv,POSITION 21–40,QUERY × PAGE DATA NEEDED; retain approved editorial owner pending post-release measurement,Metrics retained per source window; never added across overlapping windows. Editorial owner is not a historical landing URL. Exact-query-filtered Mercedes exports are a separate limited exception.
engine diagnostics dubai,engine diagnostics dubai,2026-04-12 to 2026-09-25,0,115.0,0,36.36,Diagnostics,/services/car-diagnostics-dubai,g1-generic-commercial-ctr-opportunities.csv,ZERO-CLICK HIGH-IMPRESSION,QUERY × PAGE DATA NEEDED; retain approved editorial owner pending post-release measurement,Metrics retained per source window; never added across overlapping windows. Editorial owner is not a historical landing URL. Exact-query-filtered Mercedes exports are a separate limited exception.
tyre repair dubai,tyre repair dubai,2026-04-12 to 2026-09-25,0,115.0,0,55.46,Tyres,/services/tire-repair-dubai,g1-generic-commercial-ctr-opportunities.csv,ZERO-CLICK HIGH-IMPRESSION,QUERY × PAGE DATA NEEDED; retain approved editorial owner pending post-release measurement,Metrics retained per source window; never added across overlapping windows. Editorial owner is not a historical landing URL. Exact-query-filtered Mercedes exports are a separate limited exception.
paint protection film,paint protection film,2026-04-12 to 2026-09-25,0.0,115.0,0.0,61.46,PPF installation,/services/paint-protection-film,g3-protection-ctr-opportunities.csv,ZERO-CLICK HIGH-IMPRESSION,QUERY × PAGE DATA NEEDED; retain approved editorial owner pending post-release measurement,Metrics retained per source window; never added across overlapping windows. Editorial owner is not a historical landing URL. Exact-query-filtered Mercedes exports are a separate limited exception.
car ac refill services dubai,car ac refill services dubai,2026-04-12 to 2026-09-25,0,114.0,0,29.26,AC recharge,/services/car-ac-repair-dubai,g1-generic-commercial-ctr-opportunities.csv,ZERO-CLICK HIGH-IMPRESSION,QUERY × PAGE DATA NEEDED; retain approved editorial owner pending post-release measurement,Metrics retained per source window; never added across overlapping windows. Editorial owner is not a historical landing URL. Exact-query-filtered Mercedes exports are a separate limited exception.
bmw repair,bmw repair,2026-04-12 to 2026-09-25,0.0,113.0,0.0,16.01,Brand query,/brands/bmw-service-dubai,bmw-ctr-opportunities.csv,ZERO-CLICK HIGH-IMPRESSION,QUERY × PAGE DATA NEEDED; retain approved editorial owner pending post-release measurement,Metrics retained per source window; never added across overlapping windows. Editorial owner is not a historical landing URL. Exact-query-filtered Mercedes exports are a separate limited exception.
car body repair,car body repair,2026-04-12 to 2026-09-25,0,112.0,0,22.3,Body / collision,/services/car-body-repair-dubai,g1-generic-commercial-ctr-opportunities.csv,ZERO-CLICK HIGH-IMPRESSION,QUERY × PAGE DATA NEEDED; retain approved editorial owner pending post-release measurement,Metrics retained per source window; never added across overlapping windows. Editorial owner is not a historical landing URL. Exact-query-filtered Mercedes exports are a separate limited exception.
ferrari specialist dubai,ferrari specialist dubai,2026-04-12 to 2026-09-25,0.0,112.0,0.0,29.23,Brand query,/brands/ferrari-service-dubai,ferrari-ctr-opportunities.csv,ZERO-CLICK HIGH-IMPRESSION,QUERY × PAGE DATA NEEDED; retain approved editorial owner pending post-release measurement,Metrics retained per source window; never added across overlapping windows. Editorial owner is not a historical landing URL. Exact-query-filtered Mercedes exports are a separate limited exception.
rolls royce maintenance dubai,rolls royce maintenance dubai,2026-04-12 to 2026-09-25,0.0,112.0,0.0,19.24,Brand query,/blog/rolls-royce-best-workshop-dubai,rolls-royce-ctr-opportunities.csv,ZERO-CLICK HIGH-IMPRESSION,QUERY × PAGE DATA NEEDED; retain approved editorial owner pending post-release measurement,Metrics retained per source window; never added across overlapping windows. Editorial owner is not a historical landing URL. Exact-query-filtered Mercedes exports are a separate limited exception.
power steering repair,power steering repair,2026-04-12 to 2026-09-25,0,111.0,0,13.05,Steering,/services/steering-repair-dubai,g1-generic-commercial-ctr-opportunities.csv,ZERO-CLICK HIGH-IMPRESSION,QUERY × PAGE DATA NEEDED; retain approved editorial owner pending post-release measurement,Metrics retained per source window; never added across overlapping windows. Editorial owner is not a historical landing URL. Exact-query-filtered Mercedes exports are a separate limited exception.
bmw service in dubai,bmw service in dubai,2026-04-12 to 2026-09-25,0.0,109.0,0.0,19.62,Brand query,/brands/bmw-service-dubai,bmw-ctr-opportunities.csv,ZERO-CLICK HIGH-IMPRESSION,QUERY × PAGE DATA NEEDED; retain approved editorial owner pending post-release measurement,Metrics retained per source window; never added across overlapping windows. Editorial owner is not a historical landing URL. Exact-query-filtered Mercedes exports are a separate limited exception.
mercedes repair near me,mercedes repair near me,2026-04-12 to 2026-09-25,0,108,0,16.22,Brand query,/brands/mercedes-benz-service-dubai,b1-mercedes-ctr-opportunities.csv,ZERO-CLICK HIGH-IMPRESSION,QUERY × PAGE DATA NEEDED; retain approved editorial owner pending post-release measurement,Metrics retained per source window; never added across overlapping windows. Editorial owner is not a historical landing URL. Exact-query-filtered Mercedes exports are a separate limited exception.
best luxury car garages in dubai,best luxury car garages dubai,2026-04-12 to 2026-09-25,0,108.0,0,42.77,Garage visit,/services/car-garage-dubai,g1-generic-commercial-ctr-opportunities.csv,ZERO-CLICK HIGH-IMPRESSION,QUERY × PAGE DATA NEEDED; retain approved editorial owner pending post-release measurement,Metrics retained per source window; never added across overlapping windows. Editorial owner is not a historical landing URL. Exact-query-filtered Mercedes exports are a separate limited exception.
flat tire repair near me,flat tyre repair near me,2026-04-12 to 2026-09-25,0,107.0,0,10.07,Tyres,/services/tire-repair-dubai,g1-generic-commercial-ctr-opportunities.csv,ZERO-CLICK HIGH-IMPRESSION,QUERY × PAGE DATA NEEDED; retain approved editorial owner pending post-release measurement,Metrics retained per source window; never added across overlapping windows. Editorial owner is not a historical landing URL. Exact-query-filtered Mercedes exports are a separate limited exception.
porsche steering repair dubai,porsche steering repair dubai,2026-04-12 to 2026-09-25,0.0,107.0,0.0,10.62,Brand query,/brands/porsche-service-dubai/steering-repair,porsche-ctr-opportunities.csv,ZERO-CLICK HIGH-IMPRESSION,QUERY × PAGE DATA NEEDED; retain approved editorial owner pending post-release measurement,Metrics retained per source window; never added across overlapping windows. Editorial owner is not a historical landing URL. Exact-query-filtered Mercedes exports are a separate limited exception.
mercedes service center,mercedes service center,2026-04-12 to 2026-09-25,0,106,0,20.85,Brand query,/brands/mercedes-benz-service-dubai,b1-mercedes-ctr-opportunities.csv,ZERO-CLICK HIGH-IMPRESSION,QUERY × PAGE DATA NEEDED; retain approved editorial owner pending post-release measurement,Metrics retained per source window; never added across overlapping windows. Editorial owner is not a historical landing URL. Exact-query-filtered Mercedes exports are a separate limited exception.
air suspension repair,air suspension repair,2026-04-12 to 2026-09-25,0,106.0,0,13.56,Air suspension,/services/suspension-repair-dubai,g1-generic-commercial-ctr-opportunities.csv,ZERO-CLICK HIGH-IMPRESSION,QUERY × PAGE DATA NEEDED; retain approved editorial owner pending post-release measurement,Metrics retained per source window; never added across overlapping windows. Editorial owner is not a historical landing URL. Exact-query-filtered Mercedes exports are a separate limited exception.
tire change dubai,tyre change dubai,2026-04-12 to 2026-09-25,0,106.0,0,52.91,Tyres,/services/tire-repair-dubai,g1-generic-commercial-ctr-opportunities.csv,ZERO-CLICK HIGH-IMPRESSION,QUERY × PAGE DATA NEEDED; retain approved editorial owner pending post-release measurement,Metrics retained per source window; never added across overlapping windows. Editorial owner is not a historical landing URL. Exact-query-filtered Mercedes exports are a separate limited exception.
rolls royce workshop dubai,rolls royce workshop dubai,2026-04-12 to 2026-09-25,0.0,105.0,0.0,21.08,Brand query,/brands/rolls-royce-service-dubai,rolls-royce-ctr-opportunities.csv,ZERO-CLICK HIGH-IMPRESSION,QUERY × PAGE DATA NEEDED; retain approved editorial owner pending post-release measurement,Metrics retained per source window; never added across overlapping windows. Editorial owner is not a historical landing URL. Exact-query-filtered Mercedes exports are a separate limited exception.
exhaust repair dubai,exhaust repair dubai,2026-04-12 to 2026-09-25,5.0,103.0,0.048499999999999995,13.91,Exhaust repair,/services/exhaust-repair-dubai,g1-generic-commercial-ctr-opportunities.csv,POSITION 11–20,QUERY × PAGE DATA NEEDED; retain approved editorial owner pending post-release measurement,Metrics retained per source window; never added across overlapping windows. Editorial owner is not a historical landing URL. Exact-query-filtered Mercedes exports are a separate limited exception.
emergency car battery replacement al quoz industrial 3?,emergency car battery replacement al quoz industrial 3,2026-04-12 to 2026-09-25,0,103.0,0,10.83,Battery,/services/battery-replacement-dubai,g1-generic-commercial-ctr-opportunities.csv,ZERO-CLICK HIGH-IMPRESSION,QUERY × PAGE DATA NEEDED; retain approved editorial owner pending post-release measurement,Metrics retained per source window; never added across overlapping windows. Editorial owner is not a historical landing URL. Exact-query-filtered Mercedes exports are a separate limited exception.
car battery change near me,car battery change near me,2026-04-12 to 2026-09-25,0,103.0,0,15.59,Battery,/services/battery-replacement-dubai,g1-generic-commercial-ctr-opportunities.csv,ZERO-CLICK HIGH-IMPRESSION,QUERY × PAGE DATA NEEDED; retain approved editorial owner pending post-release measurement,Metrics retained per source window; never added across overlapping windows. Editorial owner is not a historical landing URL. Exact-query-filtered Mercedes exports are a separate limited exception.
porsche repair dubai,porsche repair dubai,2026-04-12 to 2026-09-25,1.0,103.0,0.0097,24.4,Brand query,/brands/porsche-service-dubai,porsche-ctr-opportunities.csv,POSITION 21–40,QUERY × PAGE DATA NEEDED; retain approved editorial owner pending post-release measurement,Metrics retained per source window; never added across overlapping windows. Editorial owner is not a historical landing URL. Exact-query-filtered Mercedes exports are a separate limited exception.
car electrical repair in dubai,car electrical repair dubai,2026-04-12 to 2026-09-25,0,102.0,0,50.76,Electrical,/services/auto-electrical-repair-dubai,g1-generic-commercial-ctr-opportunities.csv,ZERO-CLICK HIGH-IMPRESSION,QUERY × PAGE DATA NEEDED; retain approved editorial owner pending post-release measurement,Metrics retained per source window; never added across overlapping windows. Editorial owner is not a historical landing URL. Exact-query-filtered Mercedes exports are a separate limited exception.
rolls royce service center dubai,rolls royce service center dubai,2026-04-12 to 2026-09-25,0.0,102.0,0.0,19.06,Brand query,/brands/rolls-royce-service-dubai,rolls-royce-ctr-opportunities.csv,ZERO-CLICK HIGH-IMPRESSION,QUERY × PAGE DATA NEEDED; retain approved editorial owner pending post-release measurement,Metrics retained per source window; never added across overlapping windows. Editorial owner is not a historical landing URL. Exact-query-filtered Mercedes exports are a separate limited exception.
merceds repair,merceds repair,2026-04-12 to 2026-09-25,3,101,0.0297,6.96,Brand query,/brands/mercedes-benz-service-dubai,b1-mercedes-ctr-opportunities.csv,POSITION 4–10,QUERY × PAGE DATA NEEDED; retain approved editorial owner pending post-release measurement,Metrics retained per source window; never added across overlapping windows. Editorial owner is not a historical landing URL. Exact-query-filtered Mercedes exports are a separate limited exception.
puncture repair near me,puncture repair near me,2026-04-12 to 2026-09-25,0,101.0,0,9.78,Tyres,/services/tire-repair-dubai,g1-generic-commercial-ctr-opportunities.csv | g2-generic-problem-ctr-opportunities.csv,ZERO-CLICK HIGH-IMPRESSION,QUERY × PAGE DATA NEEDED; retain approved editorial owner pending post-release measurement,Metrics retained per source window; never added across overlapping windows. Editorial owner is not a historical landing URL. Exact-query-filtered Mercedes exports are a separate limited exception.
car transmission repair dubai,car transmission repair dubai,2026-04-12 to 2026-09-25,0,100.0,0,32.68,Transmission repair,/services/transmission-repair-dubai,g1-generic-commercial-ctr-opportunities.csv,ZERO-CLICK HIGH-IMPRESSION,QUERY × PAGE DATA NEEDED; retain approved editorial owner pending post-release measurement,Metrics retained per source window; never added across overlapping windows. Editorial owner is not a historical landing URL. Exact-query-filtered Mercedes exports are a separate limited exception.
mercedes benz auto repair in dubai,mercedes benz auto repair in dubai,2026-04-12 to 2026-09-25,0,98,0,19.16,Brand query,/brands/mercedes-benz-service-dubai,b1-mercedes-ctr-opportunities.csv,POSITION 11–20,QUERY × PAGE DATA NEEDED; retain approved editorial owner pending post-release measurement,Metrics retained per source window; never added across overlapping windows. Editorial owner is not a historical landing URL. Exact-query-filtered Mercedes exports are a separate limited exception.
cadillac xts touch screen replacement in dubai,cadillac xts touchscreen replacement in dubai,2026-04-12 to 2026-09-25,0.0,98.0,0.0,44.31,CUE/touchscreen assessment,/services/cadillac-cue-screen-repair-dubai,b7-cadillac-ctr-opportunities.csv,MEASURED CTR REVIEW,QUERY × PAGE DATA NEEDED; retain approved editorial owner pending post-release measurement,Metrics retained per source window; never added across overlapping windows. Editorial owner is not a historical landing URL. Exact-query-filtered Mercedes exports are a separate limited exception.
mercedes body repair dubai,mercedes body repair dubai,2026-04-12 to 2026-09-25,0,96,0,18.97,Brand query,/services/mercedes-body-repair-dubai,b1-mercedes-ctr-opportunities.csv,POSITION 11–20,QUERY × PAGE DATA NEEDED; retain approved editorial owner pending post-release measurement,Metrics retained per source window; never added across overlapping windows. Editorial owner is not a historical landing URL. Exact-query-filtered Mercedes exports are a separate limited exception.
bmw transmission repair dubai,bmw transmission repair dubai,2026-04-12 to 2026-09-25,0.0,96.0,0.0,11.9,Brand query,/brands/bmw-service-dubai/transmission-repair,bmw-ctr-opportunities.csv,POSITION 11–20,QUERY × PAGE DATA NEEDED; retain approved editorial owner pending post-release measurement,Metrics retained per source window; never added across overlapping windows. Editorial owner is not a historical landing URL. Exact-query-filtered Mercedes exports are a separate limited exception.
rolls royce service center,rolls royce service center,2026-04-12 to 2026-09-25,0.0,96.0,0.0,16.01,Brand query,/brands/rolls-royce-service-dubai,rolls-royce-ctr-opportunities.csv,POSITION 11–20,QUERY × PAGE DATA NEEDED; retain approved editorial owner pending post-release measurement,Metrics retained per source window; never added across overlapping windows. Editorial owner is not a historical landing URL. Exact-query-filtered Mercedes exports are a separate limited exception.
digi tec,digi tec,2026-04-12 to 2026-09-25,7.0,95.0,0.0737,6.96,Broad workshop,/,g1-generic-commercial-ctr-opportunities.csv,POSITION 4–10,QUERY × PAGE DATA NEEDED; retain approved editorial owner pending post-release measurement,Metrics retained per source window; never added across overlapping windows. Editorial owner is not a historical landing URL. Exact-query-filtered Mercedes exports are a separate limited exception.
best ferrari garage in dubai,best ferrari garage in dubai,2026-04-12 to 2026-09-25,1.0,95.0,0.0105,23.87,Brand query,/best-ferrari-workshop-dubai,ferrari-ctr-opportunities.csv,POSITION 21–40,QUERY × PAGE DATA NEEDED; retain approved editorial owner pending post-release measurement,Metrics retained per source window; never added across overlapping windows. Editorial owner is not a historical landing URL. Exact-query-filtered Mercedes exports are a separate limited exception.
best car workshop in dubai,best car workshop dubai,2026-04-12 to 2026-09-25,0,94.0,0,15.77,Workshop selection,/best-car-workshop-dubai,g1-generic-commercial-ctr-opportunities.csv,POSITION 11–20,QUERY × PAGE DATA NEEDED; retain approved editorial owner pending post-release measurement,Metrics retained per source window; never added across overlapping windows. Editorial owner is not a historical landing URL. Exact-query-filtered Mercedes exports are a separate limited exception.
rolls royce engine repair dubai,rolls royce engine repair dubai,2026-04-12 to 2026-09-25,0.0,94.0,0.0,27.14,Brand query,/brands/rolls-royce-service-dubai/mechanical-repair,rolls-royce-ctr-opportunities.csv,POSITION 21–40,QUERY × PAGE DATA NEEDED; retain approved editorial owner pending post-release measurement,Metrics retained per source window; never added across overlapping windows. Editorial owner is not a historical landing URL. Exact-query-filtered Mercedes exports are a separate limited exception.
bentley workshop dubai,bentley workshop dubai,2026-04-12 to 2026-09-25,0.0,93.0,0.0,34.87,Brand query,/brands/bentley-service-dubai,bentley-ctr-opportunities.csv,POSITION 21–40,QUERY × PAGE DATA NEEDED; retain approved editorial owner pending post-release measurement,Metrics retained per source window; never added across overlapping windows. Editorial owner is not a historical landing URL. Exact-query-filtered Mercedes exports are a separate limited exception.
tire service dubai,tyre service dubai,2026-04-12 to 2026-09-25,0,92.0,0,25.18,Tyres,/services/tire-repair-dubai,g1-generic-commercial-ctr-opportunities.csv,POSITION 21–40,QUERY × PAGE DATA NEEDED; retain approved editorial owner pending post-release measurement,Metrics retained per source window; never added across overlapping windows. Editorial owner is not a historical landing URL. Exact-query-filtered Mercedes exports are a separate limited exception.
mercedes car repair,mercedes car repair,2026-04-12 to 2026-09-25,0,91,0,23.23,Brand query,/brands/mercedes-benz-service-dubai,b1-mercedes-ctr-opportunities.csv,POSITION 21–40,QUERY × PAGE DATA NEEDED; retain approved editorial owner pending post-release measurement,Metrics retained per source window; never added across overlapping windows. Editorial owner is not a historical landing URL. Exact-query-filtered Mercedes exports are a separate limited exception.
steering box repair,steering box repair,2026-04-12 to 2026-09-25,1.0,91.0,0.011000000000000001,16.15,Steering,/services/steering-repair-dubai,g1-generic-commercial-ctr-opportunities.csv,POSITION 11–20,QUERY × PAGE DATA NEEDED; retain approved editorial owner pending post-release measurement,Metrics retained per source window; never added across overlapping windows. Editorial owner is not a historical landing URL. Exact-query-filtered Mercedes exports are a separate limited exception.
porsche air suspension dubai,porsche air suspension dubai,2026-04-12 to 2026-09-25,0.0,91.0,0.0,27.2,Brand query,/brands/porsche-service-dubai/suspension-repair,porsche-ctr-opportunities.csv,POSITION 21–40,QUERY × PAGE DATA NEEDED; retain approved editorial owner pending post-release measurement,Metrics retained per source window; never added across overlapping windows. Editorial owner is not a historical landing URL. Exact-query-filtered Mercedes exports are a separate limited exception.
paint protection film in deira dubai,paint protection film in deira dubai,2026-04-12 to 2026-09-25,0.0,90.0,0.0,34.23,PPF installation,/services/paint-protection-film,g3-protection-ctr-opportunities.csv,POSITION 21–40,QUERY × PAGE DATA NEEDED; retain approved editorial owner pending post-release measurement,Metrics retained per source window; never added across overlapping windows. Editorial owner is not a historical landing URL. Exact-query-filtered Mercedes exports are a separate limited exception.
ferrari service centre dubai,ferrari service centre dubai,2026-04-12 to 2026-09-25,0.0,90.0,0.0,24.94,Brand query,/brands/ferrari-service-dubai,ferrari-ctr-opportunities.csv,POSITION 21–40,QUERY × PAGE DATA NEEDED; retain approved editorial owner pending post-release measurement,Metrics retained per source window; never added across overlapping windows. Editorial owner is not a historical landing URL. Exact-query-filtered Mercedes exports are a separate limited exception.
mercedes major service dubai,mercedes major service dubai,2026-04-12 to 2026-09-25,1,89,0.011200000000000002,17.12,Brand query,/brands/mercedes-benz-service-dubai,b1-mercedes-ctr-opportunities.csv,POSITION 11–20,QUERY × PAGE DATA NEEDED; retain approved editorial owner pending post-release measurement,Metrics retained per source window; never added across overlapping windows. Editorial owner is not a historical landing URL. Exact-query-filtered Mercedes exports are a separate limited exception.
battery replacement near me,battery replacement near me,2026-04-12 to 2026-09-25,0,89.0,0,19.37,Battery,/services/battery-replacement-dubai,g1-generic-commercial-ctr-opportunities.csv,POSITION 11–20,QUERY × PAGE DATA NEEDED; retain approved editorial owner pending post-release measurement,Metrics retained per source window; never added across overlapping windows. Editorial owner is not a historical landing URL. Exact-query-filtered Mercedes exports are a separate limited exception.
mercedes workshop,mercedes workshop,2026-04-12 to 2026-09-25,0,88,0,21.27,Brand query,/brands/mercedes-benz-service-dubai,b1-mercedes-ctr-opportunities.csv,POSITION 21–40,QUERY × PAGE DATA NEEDED; retain approved editorial owner pending post-release measurement,Metrics retained per source window; never added across overlapping windows. Editorial owner is not a historical landing URL. Exact-query-filtered Mercedes exports are a separate limited exception.
ferrari engine repair dubai,ferrari engine repair dubai,2026-04-12 to 2026-09-25,0.0,88.0,0.0,30.58,Brand query,/brands/ferrari-service-dubai/mechanical-repair,ferrari-ctr-opportunities.csv,POSITION 21–40,QUERY × PAGE DATA NEEDED; retain approved editorial owner pending post-release measurement,Metrics retained per source window; never added across overlapping windows. Editorial owner is not a historical landing URL. Exact-query-filtered Mercedes exports are a separate limited exception.
mercedes ac repair dubai,mercedes ac repair dubai,2026-04-12 to 2026-09-25,1,87,0.0115,18.7,Brand query,/services/mercedes-ac-repair-dubai,b1-mercedes-ctr-opportunities.csv,POSITION 11–20,QUERY × PAGE DATA NEEDED; retain approved editorial owner pending post-release measurement,Metrics retained per source window; never added across overlapping windows. Editorial owner is not a historical landing URL. Exact-query-filtered Mercedes exports are a separate limited exception.
puncher workshop near me,puncher workshop near me,2026-04-12 to 2026-09-25,0,86.0,0,9.2,Tyres,/services/tire-repair-dubai,g1-generic-commercial-ctr-opportunities.csv,POSITION 4–10,QUERY × PAGE DATA NEEDED; retain approved editorial owner pending post-release measurement,Metrics retained per source window; never added across overlapping windows. Editorial owner is not a historical landing URL. Exact-query-filtered Mercedes exports are a separate limited exception.
tire repair,tyre repair,2026-04-12 to 2026-09-25,0,86.0,0,23.86,Tyres,/services/tire-repair-dubai,g1-generic-commercial-ctr-opportunities.csv,POSITION 21–40,QUERY × PAGE DATA NEEDED; retain approved editorial owner pending post-release measurement,Metrics retained per source window; never added across overlapping windows. Editorial owner is not a historical landing URL. Exact-query-filtered Mercedes exports are a separate limited exception.
cadillac repair dubai,cadillac repair dubai,2026-04-12 to 2026-09-25,0.0,85.0,0.0,30.81,Broad Cadillac service,/brands/cadillac-service-dubai,b7-cadillac-ctr-opportunities.csv,POSITION 21–40,QUERY × PAGE DATA NEEDED; retain approved editorial owner pending post-release measurement,Metrics retained per source window; never added across overlapping windows. Editorial owner is not a historical landing URL. Exact-query-filtered Mercedes exports are a separate limited exception.
transmission repair,transmission repair,2026-04-12 to 2026-09-25,0,85.0,0,17.18,Transmission repair,/services/transmission-repair-dubai,g1-generic-commercial-ctr-opportunities.csv,POSITION 11–20,QUERY × PAGE DATA NEEDED; retain approved editorial owner pending post-release measurement,Metrics retained per source window; never added across overlapping windows. Editorial owner is not a historical landing URL. Exact-query-filtered Mercedes exports are a separate limited exception.
porsche gearbox repair dubai,porsche gearbox repair dubai,2026-04-12 to 2026-09-25,0.0,85.0,0.0,22.48,Brand query,/brands/porsche-service-dubai/transmission-repair,porsche-ctr-opportunities.csv,POSITION 21–40,QUERY × PAGE DATA NEEDED; retain approved editorial owner pending post-release measurement,Metrics retained per source window; never added across overlapping windows. Editorial owner is not a historical landing URL. Exact-query-filtered Mercedes exports are a separate limited exception.
mercedes benz repair,mercedes benz repair,2026-04-12 to 2026-09-25,0,84,0,23.61,Brand query,/brands/mercedes-benz-service-dubai,b1-mercedes-ctr-opportunities.csv,POSITION 21–40,QUERY × PAGE DATA NEEDED; retain approved editorial owner pending post-release measurement,Metrics retained per source window; never added across overlapping windows. Editorial owner is not a historical landing URL. Exact-query-filtered Mercedes exports are a separate limited exception.
cadillac ac repair,cadillac ac repair,2026-04-12 to 2026-09-25,0.0,84.0,0.0,41.82,AC,/brands/cadillac-service-dubai/ac-repair,b7-cadillac-ctr-opportunities.csv,MEASURED CTR REVIEW,QUERY × PAGE DATA NEEDED; retain approved editorial owner pending post-release measurement,Metrics retained per source window; never added across overlapping windows. Editorial owner is not a historical landing URL. Exact-query-filtered Mercedes exports are a separate limited exception.
fuel system repair,fuel system repair,2026-04-12 to 2026-09-25,1.0,84.0,0.011899999999999999,7.04,Fuel system,/services/fuel-system-repair-dubai,g1-generic-commercial-ctr-opportunities.csv,POSITION 4–10,QUERY × PAGE DATA NEEDED; retain approved editorial owner pending post-release measurement,Metrics retained per source window; never added across overlapping windows. Editorial owner is not a historical landing URL. Exact-query-filtered Mercedes exports are a separate limited exception.
oil change service dubai,oil change service dubai,2026-04-12 to 2026-09-25,0,84.0,0,27.56,Oil change,/services/oil-change-dubai,g1-generic-commercial-ctr-opportunities.csv,POSITION 21–40,QUERY × PAGE DATA NEEDED; retain approved editorial owner pending post-release measurement,Metrics retained per source window; never added across overlapping windows. Editorial owner is not a historical landing URL. Exact-query-filtered Mercedes exports are a separate limited exception.
mercedes minor service dubai,mercedes minor service dubai,2026-04-12 to 2026-09-25,0,83,0,15.8,Brand query,/brands/mercedes-benz-service-dubai,b1-mercedes-ctr-opportunities.csv,POSITION 11–20,QUERY × PAGE DATA NEEDED; retain approved editorial owner pending post-release measurement,Metrics retained per source window; never added across overlapping windows. Editorial owner is not a historical landing URL. Exact-query-filtered Mercedes exports are a separate limited exception.
suspension repair near me,suspension repair near me,2026-04-12 to 2026-09-25,0,83.0,0,13.96,Suspension,/services/suspension-repair-dubai,g1-generic-commercial-ctr-opportunities.csv,POSITION 11–20,QUERY × PAGE DATA NEEDED; retain approved editorial owner pending post-release measurement,Metrics retained per source window; never added across overlapping windows. Editorial owner is not a historical landing URL. Exact-query-filtered Mercedes exports are a separate limited exception.
bmw coding service,bmw coding service,2026-04-12 to 2026-09-25,0.0,83.0,0.0,37.33,Brand query,/brands/bmw-service-dubai/engine-diagnostics,bmw-ctr-opportunities.csv,POSITION 21–40,QUERY × PAGE DATA NEEDED; retain approved editorial owner pending post-release measurement,Metrics retained per source window; never added across overlapping windows. Editorial owner is not a historical landing URL. Exact-query-filtered Mercedes exports are a separate limited exception.
gad performance,gad performance,2026-04-12 to 2026-09-25,0,82.0,0,6.39,Performance tuning,/tuning,g1-generic-commercial-ctr-opportunities.csv,POSITION 4–10,QUERY × PAGE DATA NEEDED; retain approved editorial owner pending post-release measurement,Metrics retained per source window; never added across overlapping windows. Editorial owner is not a historical landing URL. Exact-query-filtered Mercedes exports are a separate limited exception.
oil change in dubai,oil change dubai,2026-04-12 to 2026-09-25,0,82.0,0,23.57,Oil change,/services/oil-change-dubai,g1-generic-commercial-ctr-opportunities.csv,POSITION 21–40,QUERY × PAGE DATA NEEDED; retain approved editorial owner pending post-release measurement,Metrics retained per source window; never added across overlapping windows. Editorial owner is not a historical landing URL. Exact-query-filtered Mercedes exports are a separate limited exception.
ferrari battery replacement dubai,ferrari battery replacement dubai,2026-04-12 to 2026-09-25,0.0,82.0,0.0,28.79,Brand query,/brands/ferrari-service-dubai/battery-replacement,ferrari-ctr-opportunities.csv,POSITION 21–40,QUERY × PAGE DATA NEEDED; retain approved editorial owner pending post-release measurement,Metrics retained per source window; never added across overlapping windows. Editorial owner is not a historical landing URL. Exact-query-filtered Mercedes exports are a separate limited exception.
mercedes benz transmission repair,mercedes benz transmission repair,2026-04-12 to 2026-09-25,0,81,0,29.28,Brand query,/services/mercedes-transmission-repair-dubai,b1-mercedes-ctr-opportunities.csv,POSITION 21–40,QUERY × PAGE DATA NEEDED; retain approved editorial owner pending post-release measurement,Metrics retained per source window; never added across overlapping windows. Editorial owner is not a historical landing URL. Exact-query-filtered Mercedes exports are a separate limited exception.
car workshop dubai,car workshop dubai,2026-04-12 to 2026-09-25,0,81.0,0,26.86,Broad workshop,/,g1-generic-commercial-ctr-opportunities.csv,POSITION 21–40,QUERY × PAGE DATA NEEDED; retain approved editorial owner pending post-release measurement,Metrics retained per source window; never added across overlapping windows. Editorial owner is not a historical landing URL. Exact-query-filtered Mercedes exports are a separate limited exception.
rolls royce repair in dubai,rolls royce repair in dubai,2026-04-12 to 2026-09-25,0.0,81.0,0.0,26.36,Brand query,/brands/rolls-royce-service-dubai,rolls-royce-ctr-opportunities.csv,POSITION 21–40,QUERY × PAGE DATA NEEDED; retain approved editorial owner pending post-release measurement,Metrics retained per source window; never added across overlapping windows. Editorial owner is not a historical landing URL. Exact-query-filtered Mercedes exports are a separate limited exception.
mercedes brake repair,mercedes brake repair,2026-04-12 to 2026-09-25,0,80,0,35.69,Brand query,/services/mercedes-brake-repair-dubai,b1-mercedes-ctr-opportunities.csv,POSITION 21–40,QUERY × PAGE DATA NEEDED; retain approved editorial owner pending post-release measurement,Metrics retained per source window; never added across overlapping windows. Editorial owner is not a historical landing URL. Exact-query-filtered Mercedes exports are a separate limited exception.
best paint protection film al murar,best paint protection film al murar,2026-04-12 to 2026-09-25,0.0,80.0,0.0,73.26,PPF installation,/services/paint-protection-film,g3-protection-ctr-opportunities.csv,MEASURED CTR REVIEW,QUERY × PAGE DATA NEEDED; retain approved editorial owner pending post-release measurement,Metrics retained per source window; never added across overlapping windows. Editorial owner is not a historical landing URL. Exact-query-filtered Mercedes exports are a separate limited exception.
ferrari oil change in dubai,ferrari oil change in dubai,2026-04-12 to 2026-09-25,0.0,79.0,0.0,23.42,Brand query,/brands/ferrari-service-dubai/oil-change,ferrari-ctr-opportunities.csv,POSITION 21–40,QUERY × PAGE DATA NEEDED; retain approved editorial owner pending post-release measurement,Metrics retained per source window; never added across overlapping windows. Editorial owner is not a historical landing URL. Exact-query-filtered Mercedes exports are a separate limited exception.
mercedes air conditioning repair,mercedes air conditioning repair,2026-04-12 to 2026-09-25,0,78,0,22.13,Brand query,/services/mercedes-ac-repair-dubai,b1-mercedes-ctr-opportunities.csv,POSITION 21–40,QUERY × PAGE DATA NEEDED; retain approved editorial owner pending post-release measurement,Metrics retained per source window; never added across overlapping windows. Editorial owner is not a historical landing URL. Exact-query-filtered Mercedes exports are a separate limited exception.
tire puncture repair near me,tyre puncture repair near me,2026-06-07 to 2026-09-06,0.0,78.0,0.0,8.78,Tyre / wheel symptoms,/services/tire-repair-dubai,g2-generic-problem-ctr-opportunities.csv,POSITION 4–10,QUERY × PAGE DATA NEEDED; retain approved editorial owner pending post-release measurement,Metrics retained per source window; never added across overlapping windows. Editorial owner is not a historical landing URL. Exact-query-filtered Mercedes exports are a separate limited exception.
porsche performance tuning dubai,porsche performance tuning dubai,2026-04-12 to 2026-09-25,0.0,78.0,0.0,24.59,Brand query,/tuning,porsche-ctr-opportunities.csv,POSITION 21–40,QUERY × PAGE DATA NEEDED; retain approved editorial owner pending post-release measurement,Metrics retained per source window; never added across overlapping windows. Editorial owner is not a historical landing URL. Exact-query-filtered Mercedes exports are a separate limited exception.
mercedes benz workshop,mercedes benz workshop,2026-04-12 to 2026-09-25,0,77,0,15.88,Brand query,/brands/mercedes-benz-service-dubai,b1-mercedes-ctr-opportunities.csv,POSITION 11–20,QUERY × PAGE DATA NEEDED; retain approved editorial owner pending post-release measurement,Metrics retained per source window; never added across overlapping windows. Editorial owner is not a historical landing URL. Exact-query-filtered Mercedes exports are a separate limited exception.
tire repair service dubai,tyre repair service dubai,2026-04-12 to 2026-09-25,0,77.0,0,26.96,Tyres,/services/tire-repair-dubai,g1-generic-commercial-ctr-opportunities.csv,POSITION 21–40,QUERY × PAGE DATA NEEDED; retain approved editorial owner pending post-release measurement,Metrics retained per source window; never added across overlapping windows. Editorial owner is not a historical landing URL. Exact-query-filtered Mercedes exports are a separate limited exception.
ceramic coatings,ceramic coating,2026-04-12 to 2026-09-25,0.0,77.0,0.0,54.69,Ceramic coating,/services/ceramic-coating,g3-protection-ctr-opportunities.csv,MEASURED CTR REVIEW,QUERY × PAGE DATA NEEDED; retain approved editorial owner pending post-release measurement,Metrics retained per source window; never added across overlapping windows. Editorial owner is not a historical landing URL. Exact-query-filtered Mercedes exports are a separate limited exception.
ferrari specialist,ferrari specialist,2026-04-12 to 2026-09-25,0.0,77.0,0.0,30.69,Brand query,/brands/ferrari-service-dubai,ferrari-ctr-opportunities.csv,POSITION 21–40,QUERY × PAGE DATA NEEDED; retain approved editorial owner pending post-release measurement,Metrics retained per source window; never added across overlapping windows. Editorial owner is not a historical landing URL. Exact-query-filtered Mercedes exports are a separate limited exception.
mercedes service near me,mercedes service near me,2026-04-12 to 2026-09-25,0,76,0,18.64,Brand query,/brands/mercedes-benz-service-dubai,b1-mercedes-ctr-opportunities.csv,POSITION 11–20,QUERY × PAGE DATA NEEDED; retain approved editorial owner pending post-release measurement,Metrics retained per source window; never added across overlapping windows. Editorial owner is not a historical landing URL. Exact-query-filtered Mercedes exports are a separate limited exception.
car paint protection film,car paint protection film,2026-04-12 to 2026-09-25,0.0,76.0,0.0,35.41,PPF installation,/services/paint-protection-film,g3-protection-ctr-opportunities.csv,POSITION 21–40,QUERY × PAGE DATA NEEDED; retain approved editorial owner pending post-release measurement,Metrics retained per source window; never added across overlapping windows. Editorial owner is not a historical landing URL. Exact-query-filtered Mercedes exports are a separate limited exception.
volkswagen service dubai,volkswagen service dubai,2026-04-12 to 2026-09-25,0.0,75.0,0.0,26.17,Broad Volkswagen service,/brands/volkswagen-service-dubai,b8-volkswagen-ctr-opportunities.csv,POSITION 21–40,QUERY × PAGE DATA NEEDED; retain approved editorial owner pending post-release measurement,Metrics retained per source window; never added across overlapping windows. Editorial owner is not a historical landing URL. Exact-query-filtered Mercedes exports are a separate limited exception.
power steering specialists,power steering specialists,2026-04-12 to 2026-09-25,0,75.0,0,5.43,Steering,/services/steering-repair-dubai,g1-generic-commercial-ctr-opportunities.csv,POSITION 4–10,QUERY × PAGE DATA NEEDED; retain approved editorial owner pending post-release measurement,Metrics retained per source window; never added across overlapping windows. Editorial owner is not a historical landing URL. Exact-query-filtered Mercedes exports are a separate limited exception.
"can you suggest top-rated tuning shops in dubai that specialize in german 
cars and high-performance parts?",can you suggest top-rated tuning shops dubai that specialize in german cars and high-performance parts,2026-04-12 to 2026-09-25,0,75.0,0,6.08,Performance tuning,/tuning,g1-generic-commercial-ctr-opportunities.csv,POSITION 4–10,QUERY × PAGE DATA NEEDED; retain approved editorial owner pending post-release measurement,Metrics retained per source window; never added across overlapping windows. Editorial owner is not a historical landing URL. Exact-query-filtered Mercedes exports are a separate limited exception.
bmw workshop dubai,bmw workshop dubai,2026-04-12 to 2026-09-25,0.0,75.0,0.0,21.52,Brand query,/brands/bmw-service-dubai,bmw-ctr-opportunities.csv,POSITION 21–40,QUERY × PAGE DATA NEEDED; retain approved editorial owner pending post-release measurement,Metrics retained per source window; never added across overlapping windows. Editorial owner is not a historical landing URL. Exact-query-filtered Mercedes exports are a separate limited exception.
mercedes benz workshop dubai,mercedes benz workshop dubai,2026-04-12 to 2026-09-25,0,74,0,16.05,Brand query,/brands/mercedes-benz-service-dubai,b1-mercedes-ctr-opportunities.csv,POSITION 11–20,QUERY × PAGE DATA NEEDED; retain approved editorial owner pending post-release measurement,Metrics retained per source window; never added across overlapping windows. Editorial owner is not a historical landing URL. Exact-query-filtered Mercedes exports are a separate limited exception.
cadillac service dubai,cadillac service dubai,2026-04-12 to 2026-09-25,0.0,74.0,0.0,21.27,Broad Cadillac service,/brands/cadillac-service-dubai,b7-cadillac-ctr-opportunities.csv,POSITION 21–40,QUERY × PAGE DATA NEEDED; retain approved editorial owner pending post-release measurement,Metrics retained per source window; never added across overlapping windows. Editorial owner is not a historical landing URL. Exact-query-filtered Mercedes exports are a separate limited exception.
power steering mechanic,power steering mechanic,2026-04-12 to 2026-09-25,0,74.0,0,8.04,Steering,/services/steering-repair-dubai,g1-generic-commercial-ctr-opportunities.csv,POSITION 4–10,QUERY × PAGE DATA NEEDED; retain approved editorial owner pending post-release measurement,Metrics retained per source window; never added across overlapping windows. Editorial owner is not a historical landing URL. Exact-query-filtered Mercedes exports are a separate limited exception.
power steering repairs,power steering repair,2026-04-12 to 2026-09-25,0,74.0,0,8.26,Steering,/services/steering-repair-dubai,g1-generic-commercial-ctr-opportunities.csv,POSITION 4–10,QUERY × PAGE DATA NEEDED; retain approved editorial owner pending post-release measurement,Metrics retained per source window; never added across overlapping windows. Editorial owner is not a historical landing URL. Exact-query-filtered Mercedes exports are a separate limited exception.
power steering shop,power steering shop,2026-04-12 to 2026-09-25,0,74.0,0,9.95,Steering,/services/steering-repair-dubai,g1-generic-commercial-ctr-opportunities.csv,POSITION 4–10,QUERY × PAGE DATA NEEDED; retain approved editorial owner pending post-release measurement,Metrics retained per source window; never added across overlapping windows. Editorial owner is not a historical landing URL. Exact-query-filtered Mercedes exports are a separate limited exception.
paint protection film installers,paint protection film installers,2026-04-12 to 2026-09-25,0.0,74.0,0.0,56.04,PPF installation,/services/paint-protection-film,g3-protection-ctr-opportunities.csv,MEASURED CTR REVIEW,QUERY × PAGE DATA NEEDED; retain approved editorial owner pending post-release measurement,Metrics retained per source window; never added across overlapping windows. Editorial owner is not a historical landing URL. Exact-query-filtered Mercedes exports are a separate limited exception.
mercedes garage in dubai,mercedes garage in dubai,2026-04-12 to 2026-09-25,0,73,0,9.95,Brand query,/brands/mercedes-benz-service-dubai,b1-mercedes-ctr-opportunities.csv,POSITION 4–10,QUERY × PAGE DATA NEEDED; retain approved editorial owner pending post-release measurement,Metrics retained per source window; never added across overlapping windows. Editorial owner is not a historical landing URL. Exact-query-filtered Mercedes exports are a separate limited exception.
mercedes benz ac repair,mercedes benz ac repair,2026-04-12 to 2026-09-25,0,73,0,16.49,Brand query,/services/mercedes-ac-repair-dubai,b1-mercedes-ctr-opportunities.csv,POSITION 11–20,QUERY × PAGE DATA NEEDED; retain approved editorial owner pending post-release measurement,Metrics retained per source window; never added across overlapping windows. Editorial owner is not a historical landing URL. Exact-query-filtered Mercedes exports are a separate limited exception.
cadillac oil change dubai,cadillac oil change dubai,2026-04-12 to 2026-09-25,0.0,73.0,0.0,24.59,Oil service,/brands/cadillac-service-dubai/oil-change,b7-cadillac-ctr-opportunities.csv,POSITION 21–40,QUERY × PAGE DATA NEEDED; retain approved editorial owner pending post-release measurement,Metrics retained per source window; never added across overlapping windows. Editorial owner is not a historical landing URL. Exact-query-filtered Mercedes exports are a separate limited exception.
digi tech,digi tech,2026-04-12 to 2026-09-25,0,73.0,0,4.9,Broad workshop,/,g1-generic-commercial-ctr-opportunities.csv,POSITION 4–10,QUERY × PAGE DATA NEEDED; retain approved editorial owner pending post-release measurement,Metrics retained per source window; never added across overlapping windows. Editorial owner is not a historical landing URL. Exact-query-filtered Mercedes exports are a separate limited exception.
vehicle suspension repair near me,vehicle suspension repair near me,2026-04-12 to 2026-09-25,0,73.0,0,8.92,Suspension,/services/suspension-repair-dubai,g1-generic-commercial-ctr-opportunities.csv,POSITION 4–10,QUERY × PAGE DATA NEEDED; retain approved editorial owner pending post-release measurement,Metrics retained per source window; never added across overlapping windows. Editorial owner is not a historical landing URL. Exact-query-filtered Mercedes exports are a separate limited exception.
bmw engine repair dubai,bmw engine repair dubai,2026-04-12 to 2026-09-25,0.0,73.0,0.0,16.51,Brand query,/brands/bmw-service-dubai/mechanical-repair,bmw-ctr-opportunities.csv,POSITION 11–20,QUERY × PAGE DATA NEEDED; retain approved editorial owner pending post-release measurement,Metrics retained per source window; never added across overlapping windows. Editorial owner is not a historical landing URL. Exact-query-filtered Mercedes exports are a separate limited exception.
gad mercedes,gad mercedes,2026-04-12 to 2026-09-25,0,72,0,8.21,Brand query,/tuning,b1-mercedes-ctr-opportunities.csv,POSITION 4–10,QUERY × PAGE DATA NEEDED; retain approved editorial owner pending post-release measurement,Metrics retained per source window; never added across overlapping windows. Editorial owner is not a historical landing URL. Exact-query-filtered Mercedes exports are a separate limited exception.
cadillac repair,cadillac repair,2026-04-12 to 2026-09-25,0.0,72.0,0.0,29.15,Broad Cadillac service,/brands/cadillac-service-dubai,b7-cadillac-ctr-opportunities.csv,POSITION 21–40,QUERY × PAGE DATA NEEDED; retain approved editorial owner pending post-release measurement,Metrics retained per source window; never added across overlapping windows. Editorial owner is not a historical landing URL. Exact-query-filtered Mercedes exports are a separate limited exception.
exhaust repair,exhaust repair,2026-04-12 to 2026-09-25,0,72.0,0,21.28,Exhaust repair,/services/exhaust-repair-dubai,g1-generic-commercial-ctr-opportunities.csv,POSITION 21–40,QUERY × PAGE DATA NEEDED; retain approved editorial owner pending post-release measurement,Metrics retained per source window; never added across overlapping windows. Editorial owner is not a historical landing URL. Exact-query-filtered Mercedes exports are a separate limited exception.
ferrari repair,ferrari repair,2026-04-12 to 2026-09-25,0.0,72.0,0.0,17.71,Brand query,/brands/ferrari-service-dubai,ferrari-ctr-opportunities.csv,POSITION 11–20,QUERY × PAGE DATA NEEDED; retain approved editorial owner pending post-release measurement,Metrics retained per source window; never added across overlapping windows. Editorial owner is not a historical landing URL. Exact-query-filtered Mercedes exports are a separate limited exception.
mercedes mechanic,mercedes mechanic,2026-04-12 to 2026-09-25,1,71,0.0141,19.41,Brand query,/brands/mercedes-benz-service-dubai,b1-mercedes-ctr-opportunities.csv,POSITION 11–20,QUERY × PAGE DATA NEEDED; retain approved editorial owner pending post-release measurement,Metrics retained per source window; never added across overlapping windows. Editorial owner is not a historical landing URL. Exact-query-filtered Mercedes exports are a separate limited exception.
power steering repair shop,power steering repair shop,2026-04-12 to 2026-09-25,0,71.0,0,5.9,Steering,/services/steering-repair-dubai,g1-generic-commercial-ctr-opportunities.csv,POSITION 4–10,QUERY × PAGE DATA NEEDED; retain approved editorial owner pending post-release measurement,Metrics retained per source window; never added across overlapping windows. Editorial owner is not a historical landing URL. Exact-query-filtered Mercedes exports are a separate limited exception.
car steering repair near me,car steering repair near me,2026-04-12 to 2026-09-25,0,71.0,0,14.59,Steering,/services/steering-repair-dubai,g1-generic-commercial-ctr-opportunities.csv,POSITION 11–20,QUERY × PAGE DATA NEEDED; retain approved editorial owner pending post-release measurement,Metrics retained per source window; never added across overlapping windows. Editorial owner is not a historical landing URL. Exact-query-filtered Mercedes exports are a separate limited exception.
power steering rack repairs,power steering rack repair,2026-04-12 to 2026-09-25,0,70.0,0,10.03,Steering,/services/steering-repair-dubai,g1-generic-commercial-ctr-opportunities.csv,POSITION 11–20,QUERY × PAGE DATA NEEDED; retain approved editorial owner pending post-release measurement,Metrics retained per source window; never added across overlapping windows. Editorial owner is not a historical landing URL. Exact-query-filtered Mercedes exports are a separate limited exception.
porsche maintenance,porsche maintenance,2026-04-12 to 2026-09-25,0.0,70.0,0.0,9.13,Brand query,/blog/porsche-maintenance-guide-dubai,porsche-ctr-opportunities.csv,POSITION 4–10,QUERY × PAGE DATA NEEDED; retain approved editorial owner pending post-release measurement,Metrics retained per source window; never added across overlapping windows. Editorial owner is not a historical landing URL. Exact-query-filtered Mercedes exports are a separate limited exception.
car diagnostic near me,car diagnostics near me,2026-04-12 to 2026-09-25,0,69.0,0,25.16,Diagnostics,/services/car-diagnostics-dubai,g1-generic-commercial-ctr-opportunities.csv,POSITION 21–40,QUERY × PAGE DATA NEEDED; retain approved editorial owner pending post-release measurement,Metrics retained per source window; never added across overlapping windows. Editorial owner is not a historical landing URL. Exact-query-filtered Mercedes exports are a separate limited exception.
bmw car service dubai,bmw car service dubai,2026-04-12 to 2026-09-25,0.0,69.0,0.0,24.54,Brand query,/brands/bmw-service-dubai,bmw-ctr-opportunities.csv,POSITION 21–40,QUERY × PAGE DATA NEEDED; retain approved editorial owner pending post-release measurement,Metrics retained per source window; never added across overlapping windows. Editorial owner is not a historical landing URL. Exact-query-filtered Mercedes exports are a separate limited exception.
car suspension repair near me,car suspension repair near me,2026-04-12 to 2026-09-25,0,68.0,0,19.26,Suspension,/services/suspension-repair-dubai,g1-generic-commercial-ctr-opportunities.csv,POSITION 11–20,QUERY × PAGE DATA NEEDED; retain approved editorial owner pending post-release measurement,Metrics retained per source window; never added across overlapping windows. Editorial owner is not a historical landing URL. Exact-query-filtered Mercedes exports are a separate limited exception.
paint protection film installation dubai,paint protection film installation dubai,2026-04-12 to 2026-09-25,0.0,68.0,0.0,62.87,PPF installation,/services/paint-protection-film,g3-protection-ctr-opportunities.csv,MEASURED CTR REVIEW,QUERY × PAGE DATA NEEDED; retain approved editorial owner pending post-release measurement,Metrics retained per source window; never added across overlapping windows. Editorial owner is not a historical landing URL. Exact-query-filtered Mercedes exports are a separate limited exception.
car muffler repair,car muffler repair,2026-04-12 to 2026-09-25,0,67.0,0,8.85,Exhaust repair,/services/exhaust-repair-dubai,g1-generic-commercial-ctr-opportunities.csv,POSITION 4–10,QUERY × PAGE DATA NEEDED; retain approved editorial owner pending post-release measurement,Metrics retained per source window; never added across overlapping windows. Editorial owner is not a historical landing URL. Exact-query-filtered Mercedes exports are a separate limited exception.
lamborghini servicing,lamborghini servicing,2026-04-12 to 2026-09-25,0.0,67.0,0.0,26.24,Brand query,/brands/lamborghini-service-dubai,lamborghini-ctr-opportunities.csv,POSITION 21–40,QUERY × PAGE DATA NEEDED; retain approved editorial owner pending post-release measurement,Metrics retained per source window; never added across overlapping windows. Editorial owner is not a historical landing URL. Exact-query-filtered Mercedes exports are a separate limited exception.
mercedes brake service dubai,mercedes brake service dubai,2026-04-12 to 2026-09-25,0,65,0,30.2,Brand query,/services/mercedes-brake-repair-dubai,b1-mercedes-ctr-opportunities.csv,POSITION 21–40,QUERY × PAGE DATA NEEDED; retain approved editorial owner pending post-release measurement,Metrics retained per source window; never added across overlapping windows. Editorial owner is not a historical landing URL. Exact-query-filtered Mercedes exports are a separate limited exception.
steering rack repair,steering rack repair,2026-04-12 to 2026-09-25,0,65.0,0,7.72,Steering,/services/steering-repair-dubai,g1-generic-commercial-ctr-opportunities.csv,POSITION 4–10,QUERY × PAGE DATA NEEDED; retain approved editorial owner pending post-release measurement,Metrics retained per source window; never added across overlapping windows. Editorial owner is not a historical landing URL. Exact-query-filtered Mercedes exports are a separate limited exception.
porsche oil change,porsche oil change,2026-04-12 to 2026-09-25,0.0,65.0,0.0,15.22,Brand query,/brands/porsche-service-dubai/oil-change,porsche-ctr-opportunities.csv,POSITION 11–20,QUERY × PAGE DATA NEEDED; retain approved editorial owner pending post-release measurement,Metrics retained per source window; never added across overlapping windows. Editorial owner is not a historical landing URL. Exact-query-filtered Mercedes exports are a separate limited exception.
bmw battery replacement,bmw battery replacement,2026-04-12 to 2026-09-25,0.0,65.0,0.0,27.88,Brand query,/brands/bmw-service-dubai/battery-replacement,bmw-ctr-opportunities.csv,POSITION 21–40,QUERY × PAGE DATA NEEDED; retain approved editorial owner pending post-release measurement,Metrics retained per source window; never added across overlapping windows. Editorial owner is not a historical landing URL. Exact-query-filtered Mercedes exports are a separate limited exception.
ferrari repair in dubai,ferrari repair in dubai,2026-04-12 to 2026-09-25,0.0,65.0,0.0,27.12,Brand query,/brands/ferrari-service-dubai,ferrari-ctr-opportunities.csv,POSITION 21–40,QUERY × PAGE DATA NEEDED; retain approved editorial owner pending post-release measurement,Metrics retained per source window; never added across overlapping windows. Editorial owner is not a historical landing URL. Exact-query-filtered Mercedes exports are a separate limited exception.
volkswagen repair dubai,volkswagen repair dubai,2026-04-12 to 2026-09-25,0.0,64.0,0.0,29.34,Broad Volkswagen service,/brands/volkswagen-service-dubai,b8-volkswagen-ctr-opportunities.csv,POSITION 21–40,QUERY × PAGE DATA NEEDED; retain approved editorial owner pending post-release measurement,Metrics retained per source window; never added across overlapping windows. Editorial owner is not a historical landing URL. Exact-query-filtered Mercedes exports are a separate limited exception.
rox01 soft close door,rox 01 soft close door,2026-04-12 to 2026-09-25,0.0,64.0,0.0,7.31,ROX soft-close installation,/brands/rox-service-dubai/soft-close-door-installation,b9-jetour-rox-ctr-opportunities.csv,POSITION 4–10,QUERY × PAGE DATA NEEDED; retain approved editorial owner pending post-release measurement,Metrics retained per source window; never added across overlapping windows. Editorial owner is not a historical landing URL. Exact-query-filtered Mercedes exports are a separate limited exception.
lamborghini repair in dubai,lamborghini repair in dubai,2026-04-12 to 2026-09-25,0.0,64.0,0.0,34.47,Brand query,/brands/lamborghini-service-dubai,lamborghini-ctr-opportunities.csv,POSITION 21–40,QUERY × PAGE DATA NEEDED; retain approved editorial owner pending post-release measurement,Metrics retained per source window; never added across overlapping windows. Editorial owner is not a historical landing URL. Exact-query-filtered Mercedes exports are a separate limited exception.
steering repair near me,steering repair near me,2026-04-12 to 2026-09-25,0,63.0,0,12.71,Steering,/services/steering-repair-dubai,g1-generic-commercial-ctr-opportunities.csv,POSITION 11–20,QUERY × PAGE DATA NEEDED; retain approved editorial owner pending post-release measurement,Metrics retained per source window; never added across overlapping windows. Editorial owner is not a historical landing URL. Exact-query-filtered Mercedes exports are a separate limited exception.
paint protection film in naif dubai,paint protection film in naif dubai,2026-04-12 to 2026-09-25,0.0,63.0,0.0,45.83,PPF installation,/services/paint-protection-film,g3-protection-ctr-opportunities.csv,MEASURED CTR REVIEW,QUERY × PAGE DATA NEEDED; retain approved editorial owner pending post-release measurement,Metrics retained per source window; never added across overlapping windows. Editorial owner is not a historical landing URL. Exact-query-filtered Mercedes exports are a separate limited exception.
car coating dubai,car coating dubai,2026-04-12 to 2026-09-25,0.0,63.0,0.0,53.44,Ceramic coating,/services/ceramic-coating,g3-protection-ctr-opportunities.csv,MEASURED CTR REVIEW,QUERY × PAGE DATA NEEDED; retain approved editorial owner pending post-release measurement,Metrics retained per source window; never added across overlapping windows. Editorial owner is not a historical landing URL. Exact-query-filtered Mercedes exports are a separate limited exception.
gear box repair services in dubai,gear box repair services dubai,2026-04-12 to 2026-09-25,0,62.0,0,28.81,Transmission repair,/services/transmission-repair-dubai,g1-generic-commercial-ctr-opportunities.csv,POSITION 21–40,QUERY × PAGE DATA NEEDED; retain approved editorial owner pending post-release measurement,Metrics retained per source window; never added across overlapping windows. Editorial owner is not a historical landing URL. Exact-query-filtered Mercedes exports are a separate limited exception.
bentley repair dubai,bentley repair dubai,2026-04-12 to 2026-09-25,0.0,62.0,0.0,35.66,Brand query,/brands/bentley-service-dubai,bentley-ctr-opportunities.csv,POSITION 21–40,QUERY × PAGE DATA NEEDED; retain approved editorial owner pending post-release measurement,Metrics retained per source window; never added across overlapping windows. Editorial owner is not a historical landing URL. Exact-query-filtered Mercedes exports are a separate limited exception.
bentley service,bentley service,2026-04-12 to 2026-09-25,0.0,62.0,0.0,46.58,Brand query,/brands/bentley-service-dubai,bentley-ctr-opportunities.csv,MEASURED CTR REVIEW,QUERY × PAGE DATA NEEDED; retain approved editorial owner pending post-release measurement,Metrics retained per source window; never added across overlapping windows. Editorial owner is not a historical landing URL. Exact-query-filtered Mercedes exports are a separate limited exception.
mercedes benz garage dubai,mercedes benz garage dubai,2026-04-12 to 2026-09-25,0,61,0,11,Brand query,/brands/mercedes-benz-service-dubai,b1-mercedes-ctr-opportunities.csv,POSITION 11–20,QUERY × PAGE DATA NEEDED; retain approved editorial owner pending post-release measurement,Metrics retained per source window; never added across overlapping windows. Editorial owner is not a historical landing URL. Exact-query-filtered Mercedes exports are a separate limited exception.
porsche repair,porsche repair,2026-04-12 to 2026-09-25,0.0,61.0,0.0,30.82,Brand query,/brands/porsche-service-dubai,porsche-ctr-opportunities.csv,POSITION 21–40,QUERY × PAGE DATA NEEDED; retain approved editorial owner pending post-release measurement,Metrics retained per source window; never added across overlapping windows. Editorial owner is not a historical landing URL. Exact-query-filtered Mercedes exports are a separate limited exception.
ferrari service centre,ferrari service centre,2026-04-12 to 2026-09-25,0.0,61.0,0.0,24.43,Brand query,/brands/ferrari-service-dubai,ferrari-ctr-opportunities.csv,POSITION 21–40,QUERY × PAGE DATA NEEDED; retain approved editorial owner pending post-release measurement,Metrics retained per source window; never added across overlapping windows. Editorial owner is not a historical landing URL. Exact-query-filtered Mercedes exports are a separate limited exception.
auto electrical repair,auto electrical repair,2026-04-12 to 2026-09-25,0,60.0,0,8.97,Electrical,/services/auto-electrical-repair-dubai,g1-generic-commercial-ctr-opportunities.csv,POSITION 4–10,QUERY × PAGE DATA NEEDED; retain approved editorial owner pending post-release measurement,Metrics retained per source window; never added across overlapping windows. Editorial owner is not a historical landing URL. Exact-query-filtered Mercedes exports are a separate limited exception.
mercedes diagnostic dubai,mercedes diagnostic dubai,2026-04-12 to 2026-09-25,0,59,0,8.05,Brand query,/services/mercedes-diagnostics-dubai,b1-mercedes-ctr-opportunities.csv,POSITION 4–10,QUERY × PAGE DATA NEEDED; retain approved editorial owner pending post-release measurement,Metrics retained per source window; never added across overlapping windows. Editorial owner is not a historical landing URL. Exact-query-filtered Mercedes exports are a separate limited exception.
self healing ppf,self healing ppf,2026-04-12 to 2026-09-25,0.0,59.0,0.0,44.19,PPF installation,/services/paint-protection-film,g3-protection-ctr-opportunities.csv,MEASURED CTR REVIEW,QUERY × PAGE DATA NEEDED; retain approved editorial owner pending post-release measurement,Metrics retained per source window; never added across overlapping windows. Editorial owner is not a historical landing URL. Exact-query-filtered Mercedes exports are a separate limited exception.
mercedes body repair,mercedes body repair,2026-04-12 to 2026-09-25,0,58,0,21.45,Brand query,/services/mercedes-body-repair-dubai,b1-mercedes-ctr-opportunities.csv,POSITION 21–40,QUERY × PAGE DATA NEEDED; retain approved editorial owner pending post-release measurement,Metrics retained per source window; never added across overlapping windows. Editorial owner is not a historical landing URL. Exact-query-filtered Mercedes exports are a separate limited exception.
car silencer repair near me,car silencer repair near me,2026-04-12 to 2026-09-25,0,58.0,0,7.41,Exhaust repair,/services/exhaust-repair-dubai,g1-generic-commercial-ctr-opportunities.csv,POSITION 4–10,QUERY × PAGE DATA NEEDED; retain approved editorial owner pending post-release measurement,Metrics retained per source window; never added across overlapping windows. Editorial owner is not a historical landing URL. Exact-query-filtered Mercedes exports are a separate limited exception.
puncture repair near me,puncture repair near me,2026-06-07 to 2026-09-06,0.0,58.0,0.0,9.1,Tyre / wheel symptoms,/services/tire-repair-dubai,g2-generic-problem-ctr-opportunities.csv,POSITION 4–10,QUERY × PAGE DATA NEEDED; retain approved editorial owner pending post-release measurement,Metrics retained per source window; never added across overlapping windows. Editorial owner is not a historical landing URL. Exact-query-filtered Mercedes exports are a separate limited exception.
paint protection film ppf,paint protection film ppf,2026-04-12 to 2026-09-25,0.0,58.0,0.0,36.62,PPF installation,/services/paint-protection-film,g3-protection-ctr-opportunities.csv,POSITION 21–40,QUERY × PAGE DATA NEEDED; retain approved editorial owner pending post-release measurement,Metrics retained per source window; never added across overlapping windows. Editorial owner is not a historical landing URL. Exact-query-filtered Mercedes exports are a separate limited exception.
nano ceramic paint protection dubai,nano ceramic paint protection dubai,2026-04-12 to 2026-09-25,0.0,58.0,0.0,40.43,Ceramic coating,/services/ceramic-coating,g3-protection-ctr-opportunities.csv,MEASURED CTR REVIEW,QUERY × PAGE DATA NEEDED; retain approved editorial owner pending post-release measurement,Metrics retained per source window; never added across overlapping windows. Editorial owner is not a historical landing URL. Exact-query-filtered Mercedes exports are a separate limited exception.
porsche diagnostics dip2,porsche diagnostics dip2,2026-04-12 to 2026-09-25,0.0,58.0,0.0,10.1,Brand query,/brands/porsche-service-dubai/engine-diagnostics,porsche-ctr-opportunities.csv,POSITION 11–20,QUERY × PAGE DATA NEEDED; retain approved editorial owner pending post-release measurement,Metrics retained per source window; never added across overlapping windows. Editorial owner is not a historical landing URL. Exact-query-filtered Mercedes exports are a separate limited exception.
porsche gearbox repair,porsche gearbox repair,2026-04-12 to 2026-09-25,0.0,58.0,0.0,23.12,Brand query,/brands/porsche-service-dubai/transmission-repair,porsche-ctr-opportunities.csv,POSITION 21–40,QUERY × PAGE DATA NEEDED; retain approved editorial owner pending post-release measurement,Metrics retained per source window; never added across overlapping windows. Editorial owner is not a historical landing URL. Exact-query-filtered Mercedes exports are a separate limited exception.
lamborghini service center,lamborghini service center,2026-04-12 to 2026-09-25,0.0,58.0,0.0,22.03,Brand query,/brands/lamborghini-service-dubai,lamborghini-ctr-opportunities.csv,POSITION 21–40,QUERY × PAGE DATA NEEDED; retain approved editorial owner pending post-release measurement,Metrics retained per source window; never added across overlapping windows. Editorial owner is not a historical landing URL. Exact-query-filtered Mercedes exports are a separate limited exception.
volkswagen brake repair,volkswagen brake repair,2026-04-12 to 2026-09-25,0.0,57.0,0.0,44.75,Brakes,/brands/volkswagen-service-dubai/brake-repair,b8-volkswagen-ctr-opportunities.csv,MEASURED CTR REVIEW,QUERY × PAGE DATA NEEDED; retain approved editorial owner pending post-release measurement,Metrics retained per source window; never added across overlapping windows. Editorial owner is not a historical landing URL. Exact-query-filtered Mercedes exports are a separate limited exception.
paint correction dubai,paint correction dubai,2026-04-12 to 2026-09-25,0.0,57.0,0.0,22.81,Polishing and paint correction,/services/car-polishing-dubai,g3-protection-ctr-opportunities.csv,POSITION 21–40,QUERY × PAGE DATA NEEDED; retain approved editorial owner pending post-release measurement,Metrics retained per source window; never added across overlapping windows. Editorial owner is not a historical landing URL. Exact-query-filtered Mercedes exports are a separate limited exception.
bmw workshop dubai al quoz,bmw workshop dubai al quoz,2026-04-12 to 2026-09-25,0.0,56.0,0.0,14.09,Brand query,/brands/bmw-service-dubai,bmw-ctr-opportunities.csv,POSITION 11–20,QUERY × PAGE DATA NEEDED; retain approved editorial owner pending post-release measurement,Metrics retained per source window; never added across overlapping windows. Editorial owner is not a historical landing URL. Exact-query-filtered Mercedes exports are a separate limited exception.
bmw transmission service,bmw transmission service,2026-04-12 to 2026-09-25,0.0,56.0,0.0,19.95,Brand query,/brands/bmw-service-dubai/transmission-repair,bmw-ctr-opportunities.csv,POSITION 11–20,QUERY × PAGE DATA NEEDED; retain approved editorial owner pending post-release measurement,Metrics retained per source window; never added across overlapping windows. Editorial owner is not a historical landing URL. Exact-query-filtered Mercedes exports are a separate limited exception.
porsche electrical repair dubai,porsche electrical repair dubai,2026-04-12 to 2026-09-25,0.0,55.0,0.0,18.56,Brand query,/brands/porsche-service-dubai/electrical-repair,porsche-ctr-opportunities.csv,POSITION 11–20,QUERY × PAGE DATA NEEDED; retain approved editorial owner pending post-release measurement,Metrics retained per source window; never added across overlapping windows. Editorial owner is not a historical landing URL. Exact-query-filtered Mercedes exports are a separate limited exception.
porsche battery replacement dubai,porsche battery replacement dubai,2026-04-12 to 2026-09-25,0.0,55.0,0.0,19.29,Brand query,/brands/porsche-service-dubai/battery-replacement,porsche-ctr-opportunities.csv,POSITION 11–20,QUERY × PAGE DATA NEEDED; retain approved editorial owner pending post-release measurement,Metrics retained per source window; never added across overlapping windows. Editorial owner is not a historical landing URL. Exact-query-filtered Mercedes exports are a separate limited exception.
gad motor,gad motor,2026-04-12 to 2026-09-25,0,54.0,0,10.46,Performance tuning,/tuning,g1-generic-commercial-ctr-opportunities.csv,POSITION 11–20,QUERY × PAGE DATA NEEDED; retain approved editorial owner pending post-release measurement,Metrics retained per source window; never added across overlapping windows. Editorial owner is not a historical landing URL. Exact-query-filtered Mercedes exports are a separate limited exception.
porsche workshop dubai,porsche workshop dubai,2026-04-12 to 2026-09-25,0.0,54.0,0.0,39.87,Brand query,/brands/porsche-service-dubai,porsche-ctr-opportunities.csv,POSITION 21–40,QUERY × PAGE DATA NEEDED; retain approved editorial owner pending post-release measurement,Metrics retained per source window; never added across overlapping windows. Editorial owner is not a historical landing URL. Exact-query-filtered Mercedes exports are a separate limited exception.
porsche specialist dubai,porsche specialist dubai,2026-04-12 to 2026-09-25,0.0,54.0,0.0,45.06,Brand query,/brands/porsche-service-dubai,porsche-ctr-opportunities.csv,MEASURED CTR REVIEW,QUERY × PAGE DATA NEEDED; retain approved editorial owner pending post-release measurement,Metrics retained per source window; never added across overlapping windows. Editorial owner is not a historical landing URL. Exact-query-filtered Mercedes exports are a separate limited exception.
bmw maintenance dubai,bmw maintenance dubai,2026-04-12 to 2026-09-25,0.0,54.0,0.0,15.24,Brand query,/blog/bmw-maintenance-guide-dubai,bmw-ctr-opportunities.csv,POSITION 11–20,QUERY × PAGE DATA NEEDED; retain approved editorial owner pending post-release measurement,Metrics retained per source window; never added across overlapping windows. Editorial owner is not a historical landing URL. Exact-query-filtered Mercedes exports are a separate limited exception.
exhaust shop near me,exhaust shop near me,2026-04-12 to 2026-09-25,0,53.0,0,10.91,Exhaust repair,/services/exhaust-repair-dubai,g1-generic-commercial-ctr-opportunities.csv,POSITION 11–20,QUERY × PAGE DATA NEEDED; retain approved editorial owner pending post-release measurement,Metrics retained per source window; never added across overlapping windows. Editorial owner is not a historical landing URL. Exact-query-filtered Mercedes exports are a separate limited exception.
porsche specialist near motor city,porsche specialist near motor city,2026-04-12 to 2026-09-25,0.0,53.0,0.0,52.68,Brand query,/brands/porsche-service-dubai,porsche-ctr-opportunities.csv,MEASURED CTR REVIEW,QUERY × PAGE DATA NEEDED; retain approved editorial owner pending post-release measurement,Metrics retained per source window; never added across overlapping windows. Editorial owner is not a historical landing URL. Exact-query-filtered Mercedes exports are a separate limited exception.
ferrari garage in dubai,ferrari garage in dubai,2026-04-12 to 2026-09-25,0.0,53.0,0.0,42.74,Brand query,/brands/ferrari-service-dubai,ferrari-ctr-opportunities.csv,MEASURED CTR REVIEW,QUERY × PAGE DATA NEEDED; retain approved editorial owner pending post-release measurement,Metrics retained per source window; never added across overlapping windows. Editorial owner is not a historical landing URL. Exact-query-filtered Mercedes exports are a separate limited exception.
car exhaust repair,car exhaust repair,2026-04-12 to 2026-09-25,0,52.0,0,19.71,Exhaust repair,/services/exhaust-repair-dubai,g1-generic-commercial-ctr-opportunities.csv,POSITION 11–20,QUERY × PAGE DATA NEEDED; retain approved editorial owner pending post-release measurement,Metrics retained per source window; never added across overlapping windows. Editorial owner is not a historical landing URL. Exact-query-filtered Mercedes exports are a separate limited exception.
tire repair shop,tyre repair shop,2026-04-12 to 2026-09-25,0,52.0,0,23.56,Tyres,/services/tire-repair-dubai,g1-generic-commercial-ctr-opportunities.csv,POSITION 21–40,QUERY × PAGE DATA NEEDED; retain approved editorial owner pending post-release measurement,Metrics retained per source window; never added across overlapping windows. Editorial owner is not a historical landing URL. Exact-query-filtered Mercedes exports are a separate limited exception.
porsche suspension repair,porsche suspension repair,2026-04-12 to 2026-09-25,0.0,51.0,0.0,20.45,Brand query,/brands/porsche-service-dubai/suspension-repair,porsche-ctr-opportunities.csv,POSITION 21–40,QUERY × PAGE DATA NEEDED; retain approved editorial owner pending post-release measurement,Metrics retained per source window; never added across overlapping windows. Editorial owner is not a historical landing URL. Exact-query-filtered Mercedes exports are a separate limited exception.
car diagnostics dubai,car diagnostics dubai,2026-04-12 to 2026-09-25,0,50.0,0,24.58,Diagnostics,/services/car-diagnostics-dubai,g1-generic-commercial-ctr-opportunities.csv,POSITION 21–40,QUERY × PAGE DATA NEEDED; retain approved editorial owner pending post-release measurement,Metrics retained per source window; never added across overlapping windows. Editorial owner is not a historical landing URL. Exact-query-filtered Mercedes exports are a separate limited exception.
ppf spectre,ppf spectre,2026-04-12 to 2026-09-25,0.0,50.0,0.0,45.16,PPF installation,/services/paint-protection-film,g3-protection-ctr-opportunities.csv,MEASURED CTR REVIEW,QUERY × PAGE DATA NEEDED; retain approved editorial owner pending post-release measurement,Metrics retained per source window; never added across overlapping windows. Editorial owner is not a historical landing URL. Exact-query-filtered Mercedes exports are a separate limited exception.
mercedes benz air conditioning repair,mercedes benz air conditioning repair,2026-04-12 to 2026-09-25,0,49,0,8.2,Brand query,/services/mercedes-ac-repair-dubai,b1-mercedes-ctr-opportunities.csv,POSITION 4–10,QUERY × PAGE DATA NEEDED; retain approved editorial owner pending post-release measurement,Metrics retained per source window; never added across overlapping windows. Editorial owner is not a historical landing URL. Exact-query-filtered Mercedes exports are a separate limited exception.
muffler repair dubai,muffler repair dubai,2026-04-12 to 2026-09-25,0,49.0,0,9.47,Exhaust repair,/services/exhaust-repair-dubai,g1-generic-commercial-ctr-opportunities.csv,POSITION 4–10,QUERY × PAGE DATA NEEDED; retain approved editorial owner pending post-release measurement,Metrics retained per source window; never added across overlapping windows. Editorial owner is not a historical landing URL. Exact-query-filtered Mercedes exports are a separate limited exception.
bentley servicing,bentley servicing,2026-04-12 to 2026-09-25,0.0,49.0,0.0,43.02,Brand query,/brands/bentley-service-dubai,bentley-ctr-opportunities.csv,MEASURED CTR REVIEW,QUERY × PAGE DATA NEEDED; retain approved editorial owner pending post-release measurement,Metrics retained per source window; never added across overlapping windows. Editorial owner is not a historical landing URL. Exact-query-filtered Mercedes exports are a separate limited exception.
bentley service center dubai,bentley service center dubai,2026-04-12 to 2026-09-25,0.0,49.0,0.0,52.41,Brand query,/brands/bentley-service-dubai,bentley-ctr-opportunities.csv,MEASURED CTR REVIEW,QUERY × PAGE DATA NEEDED; retain approved editorial owner pending post-release measurement,Metrics retained per source window; never added across overlapping windows. Editorial owner is not a historical landing URL. Exact-query-filtered Mercedes exports are a separate limited exception.
mercedes-benz repair dubai,mercedes-benz repair dubai,2026-04-12 to 2026-09-25,0,48,0,3.83,Brand query,/brands/mercedes-benz-service-dubai,b1-mercedes-ctr-opportunities.csv,MEASURED CTR REVIEW,QUERY × PAGE DATA NEEDED; retain approved editorial owner pending post-release measurement,Metrics retained per source window; never added across overlapping windows. Editorial owner is not a historical landing URL. Exact-query-filtered Mercedes exports are a separate limited exception.
volkswagen ac repair,volkswagen ac repair,2026-04-12 to 2026-09-25,0.0,48.0,0.0,16.38,AC,/brands/volkswagen-service-dubai/ac-repair,b8-volkswagen-ctr-opportunities.csv,POSITION 11–20,QUERY × PAGE DATA NEEDED; retain approved editorial owner pending post-release measurement,Metrics retained per source window; never added across overlapping windows. Editorial owner is not a historical landing URL. Exact-query-filtered Mercedes exports are a separate limited exception.
puncture repair dubai,puncture repair dubai,2026-04-12 to 2026-09-25,0,48.0,0,20.38,Tyres,/services/tire-repair-dubai,g1-generic-commercial-ctr-opportunities.csv | g2-generic-problem-ctr-opportunities.csv,POSITION 21–40,QUERY × PAGE DATA NEEDED; retain approved editorial owner pending post-release measurement,Metrics retained per source window; never added across overlapping windows. Editorial owner is not a historical landing URL. Exact-query-filtered Mercedes exports are a separate limited exception.
car paint protection in dubai,car paint protection in dubai,2026-04-12 to 2026-09-25,0.0,48.0,0.0,30.5,Broad paint protection,/services/paint-protection-dubai,g3-protection-ctr-opportunities.csv,POSITION 21–40,QUERY × PAGE DATA NEEDED; retain approved editorial owner pending post-release measurement,Metrics retained per source window; never added across overlapping windows. Editorial owner is not a historical landing URL. Exact-query-filtered Mercedes exports are a separate limited exception.
bmw battery replacement dubai,bmw battery replacement dubai,2026-04-12 to 2026-09-25,0.0,48.0,0.0,18.46,Brand query,/brands/bmw-service-dubai/battery-replacement,bmw-ctr-opportunities.csv,POSITION 11–20,QUERY × PAGE DATA NEEDED; retain approved editorial owner pending post-release measurement,Metrics retained per source window; never added across overlapping windows. Editorial owner is not a historical landing URL. Exact-query-filtered Mercedes exports are a separate limited exception.
maybach service center dubai,maybach service center dubai,2026-04-12 to 2026-09-25,0.0,48.0,0.0,16.4,Brand query,/brands/maybach-service-dubai,maybach-ctr-opportunities.csv,POSITION 11–20,QUERY × PAGE DATA NEEDED; retain approved editorial owner pending post-release measurement,Metrics retained per source window; never added across overlapping windows. Editorial owner is not a historical landing URL. Exact-query-filtered Mercedes exports are a separate limited exception.
cadillac workshop dubai,cadillac workshop dubai,2026-04-12 to 2026-09-25,0.0,47.0,0.0,33.49,Broad Cadillac service,/brands/cadillac-service-dubai,b7-cadillac-ctr-opportunities.csv,POSITION 21–40,QUERY × PAGE DATA NEEDED; retain approved editorial owner pending post-release measurement,Metrics retained per source window; never added across overlapping windows. Editorial owner is not a historical landing URL. Exact-query-filtered Mercedes exports are a separate limited exception.
car battery dubai near me,car battery dubai near me,2026-04-12 to 2026-09-25,0,47.0,0,9.68,Battery,/services/battery-replacement-dubai,g1-generic-commercial-ctr-opportunities.csv,POSITION 4–10,QUERY × PAGE DATA NEEDED; retain approved editorial owner pending post-release measurement,Metrics retained per source window; never added across overlapping windows. Editorial owner is not a historical landing URL. Exact-query-filtered Mercedes exports are a separate limited exception.
automotive electrical repair,automotive electrical repair,2026-04-12 to 2026-09-25,0,47.0,0,11.66,Electrical,/services/auto-electrical-repair-dubai,g1-generic-commercial-ctr-opportunities.csv,POSITION 11–20,QUERY × PAGE DATA NEEDED; retain approved editorial owner pending post-release measurement,Metrics retained per source window; never added across overlapping windows. Editorial owner is not a historical landing URL. Exact-query-filtered Mercedes exports are a separate limited exception.
battery change near me,battery change near me,2026-04-12 to 2026-09-25,0,47.0,0,14.45,Battery,/services/battery-replacement-dubai,g1-generic-commercial-ctr-opportunities.csv,POSITION 11–20,QUERY × PAGE DATA NEEDED; retain approved editorial owner pending post-release measurement,Metrics retained per source window; never added across overlapping windows. Editorial owner is not a historical landing URL. Exact-query-filtered Mercedes exports are a separate limited exception.
brake repair near me,brake repair near me,2026-04-12 to 2026-09-25,0,47.0,0,21.74,Brakes,/services/brake-repair-dubai,g1-generic-commercial-ctr-opportunities.csv,POSITION 21–40,QUERY × PAGE DATA NEEDED; retain approved editorial owner pending post-release measurement,Metrics retained per source window; never added across overlapping windows. Editorial owner is not a historical landing URL. Exact-query-filtered Mercedes exports are a separate limited exception.
porsche transmission repair,porsche transmission repair,2026-04-12 to 2026-09-25,0.0,47.0,0.0,21.04,Brand query,/brands/porsche-service-dubai/transmission-repair,porsche-ctr-opportunities.csv,POSITION 21–40,QUERY × PAGE DATA NEEDED; retain approved editorial owner pending post-release measurement,Metrics retained per source window; never added across overlapping windows. Editorial owner is not a historical landing URL. Exact-query-filtered Mercedes exports are a separate limited exception.
bmw servicing,bmw servicing,2026-04-12 to 2026-09-25,0.0,47.0,0.0,28.28,Brand query,/brands/bmw-service-dubai,bmw-ctr-opportunities.csv,POSITION 21–40,QUERY × PAGE DATA NEEDED; retain approved editorial owner pending post-release measurement,Metrics retained per source window; never added across overlapping windows. Editorial owner is not a historical landing URL. Exact-query-filtered Mercedes exports are a separate limited exception.
car tuning near me,car tuning near me,2026-04-12 to 2026-09-25,0,46.0,0,13.59,Performance tuning,/tuning,g1-generic-commercial-ctr-opportunities.csv,POSITION 11–20,QUERY × PAGE DATA NEEDED; retain approved editorial owner pending post-release measurement,Metrics retained per source window; never added across overlapping windows. Editorial owner is not a historical landing URL. Exact-query-filtered Mercedes exports are a separate limited exception.
steering system repair,steering system repair,2026-04-12 to 2026-09-25,0,46.0,0,19.28,Steering,/services/steering-repair-dubai,g1-generic-commercial-ctr-opportunities.csv,POSITION 11–20,QUERY × PAGE DATA NEEDED; retain approved editorial owner pending post-release measurement,Metrics retained per source window; never added across overlapping windows. Editorial owner is not a historical landing URL. Exact-query-filtered Mercedes exports are a separate limited exception.
ceramic paint coating,ceramic paint coating,2026-04-12 to 2026-09-25,0.0,46.0,0.0,44.09,Ceramic coating,/services/ceramic-coating,g3-protection-ctr-opportunities.csv,MEASURED CTR REVIEW,QUERY × PAGE DATA NEEDED; retain approved editorial owner pending post-release measurement,Metrics retained per source window; never added across overlapping windows. Editorial owner is not a historical landing URL. Exact-query-filtered Mercedes exports are a separate limited exception.
ceramic protection,ceramic protection,2026-04-12 to 2026-09-25,0.0,46.0,0.0,50.57,Ceramic coating,/services/ceramic-coating,g3-protection-ctr-opportunities.csv,MEASURED CTR REVIEW,QUERY × PAGE DATA NEEDED; retain approved editorial owner pending post-release measurement,Metrics retained per source window; never added across overlapping windows. Editorial owner is not a historical landing URL. Exact-query-filtered Mercedes exports are a separate limited exception.
bmw diagnostics dubai,bmw diagnostics dubai,2026-04-12 to 2026-09-25,0.0,46.0,0.0,13.26,Brand query,/brands/bmw-service-dubai/engine-diagnostics,bmw-ctr-opportunities.csv,POSITION 11–20,QUERY × PAGE DATA NEEDED; retain approved editorial owner pending post-release measurement,Metrics retained per source window; never added across overlapping windows. Editorial owner is not a historical landing URL. Exact-query-filtered Mercedes exports are a separate limited exception.
best bmw workshop abu dhabi,best bmw workshop abu dhabi,2026-04-12 to 2026-09-25,0.0,46.0,0.0,42.72,Brand query,,bmw-ctr-opportunities.csv,MEASURED CTR REVIEW,QUERY × PAGE DATA NEEDED; retain approved editorial owner pending post-release measurement,Metrics retained per source window; never added across overlapping windows. Editorial owner is not a historical landing URL. Exact-query-filtered Mercedes exports are a separate limited exception.
bmw programing abu dhabi,bmw programing abu dhabi,2026-04-12 to 2026-09-25,0.0,46.0,0.0,54.46,Brand query,,bmw-ctr-opportunities.csv,MEASURED CTR REVIEW,QUERY × PAGE DATA NEEDED; retain approved editorial owner pending post-release measurement,Metrics retained per source window; never added across overlapping windows. Editorial owner is not a historical landing URL. Exact-query-filtered Mercedes exports are a separate limited exception.
lamborghini car service in dubai,lamborghini car service in dubai,2026-04-12 to 2026-09-25,0.0,46.0,0.0,36.52,Brand query,/brands/lamborghini-service-dubai,lamborghini-ctr-opportunities.csv,POSITION 21–40,QUERY × PAGE DATA NEEDED; retain approved editorial owner pending post-release measurement,Metrics retained per source window; never added across overlapping windows. Editorial owner is not a historical landing URL. Exact-query-filtered Mercedes exports are a separate limited exception.
mercedes workshop near me,mercedes workshop near me,2026-04-12 to 2026-09-25,0,45,0,13.07,Brand query,/brands/mercedes-benz-service-dubai,b1-mercedes-ctr-opportunities.csv,POSITION 11–20,QUERY × PAGE DATA NEEDED; retain approved editorial owner pending post-release measurement,Metrics retained per source window; never added across overlapping windows. Editorial owner is not a historical landing URL. Exact-query-filtered Mercedes exports are a separate limited exception.
mercedes dubai service,mercedes dubai service,2026-04-12 to 2026-09-25,0,45,0,14.2,Brand query,/brands/mercedes-benz-service-dubai,b1-mercedes-ctr-opportunities.csv,POSITION 11–20,QUERY × PAGE DATA NEEDED; retain approved editorial owner pending post-release measurement,Metrics retained per source window; never added across overlapping windows. Editorial owner is not a historical landing URL. Exact-query-filtered Mercedes exports are a separate limited exception.
صيانة مرسيدس,صيانة مرسيدس,2026-04-12 to 2026-09-25,0,45,0,55.93,Brand query,/ar/brands/mercedes-benz-service-dubai,b1-mercedes-ctr-opportunities.csv,MEASURED CTR REVIEW,QUERY × PAGE DATA NEEDED; retain approved editorial owner pending post-release measurement,Metrics retained per source window; never added across overlapping windows. Editorial owner is not a historical landing URL. Exact-query-filtered Mercedes exports are a separate limited exception.
volkswagen service,volkswagen service,2026-04-12 to 2026-09-25,0.0,45.0,0.0,13.96,Broad Volkswagen service,/brands/volkswagen-service-dubai,b8-volkswagen-ctr-opportunities.csv,POSITION 11–20,QUERY × PAGE DATA NEEDED; retain approved editorial owner pending post-release measurement,Metrics retained per source window; never added across overlapping windows. Editorial owner is not a historical landing URL. Exact-query-filtered Mercedes exports are a separate limited exception.
volkswagen repair,volkswagen repair,2026-04-12 to 2026-09-25,0.0,45.0,0.0,26.96,Broad Volkswagen service,/brands/volkswagen-service-dubai,b8-volkswagen-ctr-opportunities.csv,POSITION 21–40,QUERY × PAGE DATA NEEDED; retain approved editorial owner pending post-release measurement,Metrics retained per source window; never added across overlapping windows. Editorial owner is not a historical landing URL. Exact-query-filtered Mercedes exports are a separate limited exception.
bmw ac repair,bmw ac repair,2026-04-12 to 2026-09-25,0.0,45.0,0.0,10.82,Brand query,/brands/bmw-service-dubai/ac-repair,bmw-ctr-opportunities.csv,POSITION 11–20,QUERY × PAGE DATA NEEDED; retain approved editorial owner pending post-release measurement,Metrics retained per source window; never added across overlapping windows. Editorial owner is not a historical landing URL. Exact-query-filtered Mercedes exports are a separate limited exception.
mercedes car service dubai,mercedes car service dubai,2026-04-12 to 2026-09-25,0,44,0,13.61,Brand query,/brands/mercedes-benz-service-dubai,b1-mercedes-ctr-opportunities.csv,POSITION 11–20,QUERY × PAGE DATA NEEDED; retain approved editorial owner pending post-release measurement,Metrics retained per source window; never added across overlapping windows. Editorial owner is not a historical landing URL. Exact-query-filtered Mercedes exports are a separate limited exception.
volkswagen workshop dubai,volkswagen workshop dubai,2026-04-12 to 2026-09-25,0.0,44.0,0.0,23.52,Broad Volkswagen service,/brands/volkswagen-service-dubai,b8-volkswagen-ctr-opportunities.csv,POSITION 21–40,QUERY × PAGE DATA NEEDED; retain approved editorial owner pending post-release measurement,Metrics retained per source window; never added across overlapping windows. Editorial owner is not a historical landing URL. Exact-query-filtered Mercedes exports are a separate limited exception.
vw repair,volkswagen repair,2026-04-12 to 2026-09-25,0.0,44.0,0.0,44.89,Broad Volkswagen service,/brands/volkswagen-service-dubai,b8-volkswagen-ctr-opportunities.csv,MEASURED CTR REVIEW,QUERY × PAGE DATA NEEDED; retain approved editorial owner pending post-release measurement,Metrics retained per source window; never added across overlapping windows. Editorial owner is not a historical landing URL. Exact-query-filtered Mercedes exports are a separate limited exception.
steering column repair shops,steering column repair shops,2026-04-12 to 2026-09-25,0,44.0,0,16.52,Steering,/services/steering-repair-dubai,g1-generic-commercial-ctr-opportunities.csv,POSITION 11–20,QUERY × PAGE DATA NEEDED; retain approved editorial owner pending post-release measurement,Metrics retained per source window; never added across overlapping windows. Editorial owner is not a historical landing URL. Exact-query-filtered Mercedes exports are a separate limited exception.
car paint correction dubai,car paint correction dubai,2026-04-12 to 2026-09-25,0.0,44.0,0.0,31.59,Polishing and paint correction,/services/car-polishing-dubai,g3-protection-ctr-opportunities.csv,POSITION 21–40,QUERY × PAGE DATA NEEDED; retain approved editorial owner pending post-release measurement,Metrics retained per source window; never added across overlapping windows. Editorial owner is not a historical landing URL. Exact-query-filtered Mercedes exports are a separate limited exception.
ppf protection dubai,ppf protection dubai,2026-04-12 to 2026-09-25,0.0,44.0,0.0,33.36,PPF installation,/services/paint-protection-film,g3-protection-ctr-opportunities.csv,POSITION 21–40,QUERY × PAGE DATA NEEDED; retain approved editorial owner pending post-release measurement,Metrics retained per source window; never added across overlapping windows. Editorial owner is not a historical landing URL. Exact-query-filtered Mercedes exports are a separate limited exception.
bmw brake repair dubai,bmw brake repair dubai,2026-04-12 to 2026-09-25,0.0,44.0,0.0,13.23,Brand query,/brands/bmw-service-dubai/brake-repair,bmw-ctr-opportunities.csv,POSITION 11–20,QUERY × PAGE DATA NEEDED; retain approved editorial owner pending post-release measurement,Metrics retained per source window; never added across overlapping windows. Editorial owner is not a historical landing URL. Exact-query-filtered Mercedes exports are a separate limited exception.
bmw body repair garage,bmw body repair garage,2026-04-12 to 2026-09-25,0.0,44.0,0.0,58.68,Brand query,/brands/bmw-service-dubai/body-repair,bmw-ctr-opportunities.csv,MEASURED CTR REVIEW,QUERY × PAGE DATA NEEDED; retain approved editorial owner pending post-release measurement,Metrics retained per source window; never added across overlapping windows. Editorial owner is not a historical landing URL. Exact-query-filtered Mercedes exports are a separate limited exception.
lamborghini engine repair dubai,lamborghini engine repair dubai,2026-04-12 to 2026-09-25,0.0,44.0,0.0,31.27,Brand query,/brands/lamborghini-service-dubai/mechanical-repair,lamborghini-ctr-opportunities.csv,POSITION 21–40,QUERY × PAGE DATA NEEDED; retain approved editorial owner pending post-release measurement,Metrics retained per source window; never added across overlapping windows. Editorial owner is not a historical landing URL. Exact-query-filtered Mercedes exports are a separate limited exception.
amg performance tuning,amg performance tuning,2026-04-12 to 2026-09-25,0,43,0,37.72,Brand query,/tuning,b1-mercedes-ctr-opportunities.csv,POSITION 21–40,QUERY × PAGE DATA NEEDED; retain approved editorial owner pending post-release measurement,Metrics retained per source window; never added across overlapping windows. Editorial owner is not a historical landing URL. Exact-query-filtered Mercedes exports are a separate limited exception.
fuel pump servicing,fuel pump service,2026-04-12 to 2026-09-25,0,43.0,0,12.51,Fuel system,/services/fuel-system-repair-dubai,g1-generic-commercial-ctr-opportunities.csv,POSITION 11–20,QUERY × PAGE DATA NEEDED; retain approved editorial owner pending post-release measurement,Metrics retained per source window; never added across overlapping windows. Editorial owner is not a historical landing URL. Exact-query-filtered Mercedes exports are a separate limited exception.
best car service center in dubai,best car service centre dubai,2026-04-12 to 2026-09-25,0,43.0,0,25.67,Routine service,/services/car-service-dubai,g1-generic-commercial-ctr-opportunities.csv,POSITION 21–40,QUERY × PAGE DATA NEEDED; retain approved editorial owner pending post-release measurement,Metrics retained per source window; never added across overlapping windows. Editorial owner is not a historical landing URL. Exact-query-filtered Mercedes exports are a separate limited exception.
tyre puncture repair dubai,tyre puncture repair dubai,2026-04-12 to 2026-09-25,0.0,43.0,0.0,47.56,Tyre / wheel symptoms,/services/tire-repair-dubai,g2-generic-problem-ctr-opportunities.csv,MEASURED CTR REVIEW,QUERY × PAGE DATA NEEDED; retain approved editorial owner pending post-release measurement,Metrics retained per source window; never added across overlapping windows. Editorial owner is not a historical landing URL. Exact-query-filtered Mercedes exports are a separate limited exception.
automotive paint protection,automotive paint protection,2026-04-12 to 2026-09-25,0.0,43.0,0.0,33.95,Broad paint protection,/services/paint-protection-dubai,g3-protection-ctr-opportunities.csv,POSITION 21–40,QUERY × PAGE DATA NEEDED; retain approved editorial owner pending post-release measurement,Metrics retained per source window; never added across overlapping windows. Editorial owner is not a historical landing URL. Exact-query-filtered Mercedes exports are a separate limited exception.
best lamborghini service center dubai,best lamborghini service center dubai,2026-04-12 to 2026-09-25,0.0,43.0,0.0,10.53,Brand query,/brands/lamborghini-service-dubai,lamborghini-ctr-opportunities.csv,POSITION 11–20,QUERY × PAGE DATA NEEDED; retain approved editorial owner pending post-release measurement,Metrics retained per source window; never added across overlapping windows. Editorial owner is not a historical landing URL. Exact-query-filtered Mercedes exports are a separate limited exception.
bentley transmission repair dubai,bentley transmission repair dubai,2026-04-12 to 2026-09-25,0.0,43.0,0.0,20.12,Brand query,/brands/bentley-service-dubai/transmission-repair,bentley-ctr-opportunities.csv,POSITION 21–40,QUERY × PAGE DATA NEEDED; retain approved editorial owner pending post-release measurement,Metrics retained per source window; never added across overlapping windows. Editorial owner is not a historical landing URL. Exact-query-filtered Mercedes exports are a separate limited exception.
mercedes tuning,mercedes tuning,2026-04-12 to 2026-09-25,1,42,0.023799999999999998,11.21,Brand query,/tuning,b1-mercedes-ctr-opportunities.csv,POSITION 11–20,QUERY × PAGE DATA NEEDED; retain approved editorial owner pending post-release measurement,Metrics retained per source window; never added across overlapping windows. Editorial owner is not a historical landing URL. Exact-query-filtered Mercedes exports are a separate limited exception.
best cadillac repair garage dubai,best cadillac repair garage dubai,2026-04-12 to 2026-09-25,0.0,42.0,0.0,57.17,Workshop selection,/blog/cadillac-best-workshop-dubai,b7-cadillac-ctr-opportunities.csv,MEASURED CTR REVIEW,QUERY × PAGE DATA NEEDED; retain approved editorial owner pending post-release measurement,Metrics retained per source window; never added across overlapping windows. Editorial owner is not a historical landing URL. Exact-query-filtered Mercedes exports are a separate limited exception.
volkswagen service center dubai,volkswagen service center dubai,2026-04-12 to 2026-09-25,0.0,42.0,0.0,35.6,Broad Volkswagen service,/brands/volkswagen-service-dubai,b8-volkswagen-ctr-opportunities.csv,POSITION 21–40,QUERY × PAGE DATA NEEDED; retain approved editorial owner pending post-release measurement,Metrics retained per source window; never added across overlapping windows. Editorial owner is not a historical landing URL. Exact-query-filtered Mercedes exports are a separate limited exception.
paint protection film dubai,paint protection film dubai,2026-04-12 to 2026-09-25,2.0,42.0,0.047599999999999996,26.69,PPF installation,/services/paint-protection-film,g3-protection-ctr-opportunities.csv,POSITION 21–40,QUERY × PAGE DATA NEEDED; retain approved editorial owner pending post-release measurement,Metrics retained per source window; never added across overlapping windows. Editorial owner is not a historical landing URL. Exact-query-filtered Mercedes exports are a separate limited exception.
bmw ac repair dubai,bmw ac repair dubai,2026-04-12 to 2026-09-25,0.0,42.0,0.0,15.5,Brand query,/brands/bmw-service-dubai/ac-repair,bmw-ctr-opportunities.csv,POSITION 11–20,QUERY × PAGE DATA NEEDED; retain approved editorial owner pending post-release measurement,Metrics retained per source window; never added across overlapping windows. Editorial owner is not a historical landing URL. Exact-query-filtered Mercedes exports are a separate limited exception.
bentley service centre,bentley service centre,2026-04-12 to 2026-09-25,0.0,42.0,0.0,45.07,Brand query,/brands/bentley-service-dubai,bentley-ctr-opportunities.csv,MEASURED CTR REVIEW,QUERY × PAGE DATA NEEDED; retain approved editorial owner pending post-release measurement,Metrics retained per source window; never added across overlapping windows. Editorial owner is not a historical landing URL. Exact-query-filtered Mercedes exports are a separate limited exception.
bentley repair,bentley repair,2026-04-12 to 2026-09-25,0.0,42.0,0.0,55.02,Brand query,/brands/bentley-service-dubai,bentley-ctr-opportunities.csv,MEASURED CTR REVIEW,QUERY × PAGE DATA NEEDED; retain approved editorial owner pending post-release measurement,Metrics retained per source window; never added across overlapping windows. Editorial owner is not a historical landing URL. Exact-query-filtered Mercedes exports are a separate limited exception.
mercedes battery replacement near me,mercedes battery replacement near me,2026-04-12 to 2026-09-25,0,41,0,8.59,Brand query,/services/mercedes-battery-replacement-dubai,b1-mercedes-ctr-opportunities.csv,POSITION 4–10,QUERY × PAGE DATA NEEDED; retain approved editorial owner pending post-release measurement,Metrics retained per source window; never added across overlapping windows. Editorial owner is not a historical landing URL. Exact-query-filtered Mercedes exports are a separate limited exception.
vw repair specialist,volkswagen repair specialist,2026-04-12 to 2026-09-25,0.0,41.0,0.0,48.83,Broad Volkswagen service,/brands/volkswagen-service-dubai,b8-volkswagen-ctr-opportunities.csv,MEASURED CTR REVIEW,QUERY × PAGE DATA NEEDED; retain approved editorial owner pending post-release measurement,Metrics retained per source window; never added across overlapping windows. Editorial owner is not a historical landing URL. Exact-query-filtered Mercedes exports are a separate limited exception.
auto electrical near me,auto electrical near me,2026-04-12 to 2026-09-25,0,41.0,0,10.15,Electrical,/services/auto-electrical-repair-dubai,g1-generic-commercial-ctr-opportunities.csv,POSITION 11–20,QUERY × PAGE DATA NEEDED; retain approved editorial owner pending post-release measurement,Metrics retained per source window; never added across overlapping windows. Editorial owner is not a historical landing URL. Exact-query-filtered Mercedes exports are a separate limited exception.
vehicle paint protection,vehicle paint protection,2026-04-12 to 2026-09-25,0.0,41.0,0.0,37.95,Broad paint protection,/services/paint-protection-dubai,g3-protection-ctr-opportunities.csv,POSITION 21–40,QUERY × PAGE DATA NEEDED; retain approved editorial owner pending post-release measurement,Metrics retained per source window; never added across overlapping windows. Editorial owner is not a historical landing URL. Exact-query-filtered Mercedes exports are a separate limited exception.
paint protection films,paint protection film,2026-04-12 to 2026-09-25,0.0,41.0,0.0,61.83,PPF installation,/services/paint-protection-film,g3-protection-ctr-opportunities.csv,MEASURED CTR REVIEW,QUERY × PAGE DATA NEEDED; retain approved editorial owner pending post-release measurement,Metrics retained per source window; never added across overlapping windows. Editorial owner is not a historical landing URL. Exact-query-filtered Mercedes exports are a separate limited exception.
bmw specialist dubai,bmw specialist dubai,2026-04-12 to 2026-09-25,0.0,41.0,0.0,19.22,Brand query,/brands/bmw-service-dubai,bmw-ctr-opportunities.csv,POSITION 11–20,QUERY × PAGE DATA NEEDED; retain approved editorial owner pending post-release measurement,Metrics retained per source window; never added across overlapping windows. Editorial owner is not a historical landing URL. Exact-query-filtered Mercedes exports are a separate limited exception.
rolls royce suspension repair dubai,rolls royce suspension repair dubai,2026-04-12 to 2026-09-25,0.0,41.0,0.0,22.76,Brand query,/brands/rolls-royce-service-dubai/suspension-repair,rolls-royce-ctr-opportunities.csv,POSITION 21–40,QUERY × PAGE DATA NEEDED; retain approved editorial owner pending post-release measurement,Metrics retained per source window; never added across overlapping windows. Editorial owner is not a historical landing URL. Exact-query-filtered Mercedes exports are a separate limited exception.
mercedes auto repair​ in dubai,mercedes auto repair​ in dubai,2026-04-12 to 2026-09-25,0,40,0,7.58,Brand query,/brands/mercedes-benz-service-dubai,b1-mercedes-ctr-opportunities.csv,POSITION 4–10,QUERY × PAGE DATA NEEDED; retain approved editorial owner pending post-release measurement,Metrics retained per source window; never added across overlapping windows. Editorial owner is not a historical landing URL. Exact-query-filtered Mercedes exports are a separate limited exception.
mercedes repair shop near me,mercedes repair shop near me,2026-04-12 to 2026-09-25,0,40,0,19.88,Brand query,/brands/mercedes-benz-service-dubai,b1-mercedes-ctr-opportunities.csv,POSITION 11–20,QUERY × PAGE DATA NEEDED; retain approved editorial owner pending post-release measurement,Metrics retained per source window; never added across overlapping windows. Editorial owner is not a historical landing URL. Exact-query-filtered Mercedes exports are a separate limited exception.
mercedes electrical repair,mercedes electrical repair,2026-04-12 to 2026-09-25,0,40,0,20.18,Brand query,/services/mercedes-electrical-repair-dubai,b1-mercedes-ctr-opportunities.csv,POSITION 21–40,QUERY × PAGE DATA NEEDED; retain approved editorial owner pending post-release measurement,Metrics retained per source window; never added across overlapping windows. Editorial owner is not a historical landing URL. Exact-query-filtered Mercedes exports are a separate limited exception.
mercedes body shop dubai,mercedes body shop dubai,2026-04-12 to 2026-09-25,0,40,0,25.12,Brand query,/services/mercedes-body-repair-dubai,b1-mercedes-ctr-opportunities.csv,POSITION 21–40,QUERY × PAGE DATA NEEDED; retain approved editorial owner pending post-release measurement,Metrics retained per source window; never added across overlapping windows. Editorial owner is not a historical landing URL. Exact-query-filtered Mercedes exports are a separate limited exception.
cadillac repair specialist,cadillac repair specialist,2026-04-12 to 2026-09-25,0.0,40.0,0.0,37.3,Broad Cadillac service,/brands/cadillac-service-dubai,b7-cadillac-ctr-opportunities.csv,POSITION 21–40,QUERY × PAGE DATA NEEDED; retain approved editorial owner pending post-release measurement,Metrics retained per source window; never added across overlapping windows. Editorial owner is not a historical landing URL. Exact-query-filtered Mercedes exports are a separate limited exception.
brake repair,brake repair,2026-04-12 to 2026-09-25,0,40.0,0,20.75,Brakes,/services/brake-repair-dubai,g1-generic-commercial-ctr-opportunities.csv,POSITION 21–40,QUERY × PAGE DATA NEEDED; retain approved editorial owner pending post-release measurement,Metrics retained per source window; never added across overlapping windows. Editorial owner is not a historical landing URL. Exact-query-filtered Mercedes exports are a separate limited exception.
porsche car battery dubai,porsche car battery dubai,2026-04-12 to 2026-09-25,0.0,40.0,0.0,20.88,Brand query,/brands/porsche-service-dubai,porsche-ctr-opportunities.csv,POSITION 21–40,QUERY × PAGE DATA NEEDED; retain approved editorial owner pending post-release measurement,Metrics retained per source window; never added across overlapping windows. Editorial owner is not a historical landing URL. Exact-query-filtered Mercedes exports are a separate limited exception.
porsche tuning dubai,porsche tuning dubai,2026-04-12 to 2026-09-25,0.0,40.0,0.0,28.1,Brand query,/tuning,porsche-ctr-opportunities.csv,POSITION 21–40,QUERY × PAGE DATA NEEDED; retain approved editorial owner pending post-release measurement,Metrics retained per source window; never added across overlapping windows. Editorial owner is not a historical landing URL. Exact-query-filtered Mercedes exports are a separate limited exception.
ferrari maintenance,ferrari maintenance,2026-04-12 to 2026-09-25,0.0,40.0,0.0,10.35,Brand query,/blog/ferrari-maintenance-guide-dubai,ferrari-ctr-opportunities.csv,POSITION 11–20,QUERY × PAGE DATA NEEDED; retain approved editorial owner pending post-release measurement,Metrics retained per source window; never added across overlapping windows. Editorial owner is not a historical landing URL. Exact-query-filtered Mercedes exports are a separate limited exception.
best mercedes garage in dubai,best mercedes garage in dubai,2026-04-12 to 2026-09-25,1,39,0.0256,36.56,Brand query,/brands/mercedes-benz-service-dubai,b1-mercedes-ctr-opportunities.csv,POSITION 21–40,QUERY × PAGE DATA NEEDED; retain approved editorial owner pending post-release measurement,Metrics retained per source window; never added across overlapping windows. Editorial owner is not a historical landing URL. Exact-query-filtered Mercedes exports are a separate limited exception.
mercedes auto repair,mercedes auto repair,2026-04-12 to 2026-09-25,0,39,0,38.05,Brand query,/brands/mercedes-benz-service-dubai,b1-mercedes-ctr-opportunities.csv,POSITION 21–40,QUERY × PAGE DATA NEEDED; retain approved editorial owner pending post-release measurement,Metrics retained per source window; never added across overlapping windows. Editorial owner is not a historical landing URL. Exact-query-filtered Mercedes exports are a separate limited exception.
car diagnostics,car diagnostics,2026-04-12 to 2026-09-25,0,39.0,0,13.38,Diagnostics,/services/car-diagnostics-dubai,g1-generic-commercial-ctr-opportunities.csv,POSITION 11–20,QUERY × PAGE DATA NEEDED; retain approved editorial owner pending post-release measurement,Metrics retained per source window; never added across overlapping windows. Editorial owner is not a historical landing URL. Exact-query-filtered Mercedes exports are a separate limited exception.
car ac repair in dubai,car ac repair dubai,2026-04-12 to 2026-09-25,0,39.0,0,18.18,AC repair,/services/car-ac-repair-dubai,g1-generic-commercial-ctr-opportunities.csv,POSITION 11–20,QUERY × PAGE DATA NEEDED; retain approved editorial owner pending post-release measurement,Metrics retained per source window; never added across overlapping windows. Editorial owner is not a historical landing URL. Exact-query-filtered Mercedes exports are a separate limited exception.
ppf near me dubai,ppf near me dubai,2026-04-12 to 2026-09-25,0.0,39.0,0.0,44.59,PPF installation,/services/paint-protection-film,g3-protection-ctr-opportunities.csv,MEASURED CTR REVIEW,QUERY × PAGE DATA NEEDED; retain approved editorial owner pending post-release measurement,Metrics retained per source window; never added across overlapping windows. Editorial owner is not a historical landing URL. Exact-query-filtered Mercedes exports are a separate limited exception.
porsche transmission service dubai,porsche transmission service dubai,2026-04-12 to 2026-09-25,0.0,39.0,0.0,23.69,Brand query,/brands/porsche-service-dubai/transmission-repair,porsche-ctr-opportunities.csv,POSITION 21–40,QUERY × PAGE DATA NEEDED; retain approved editorial owner pending post-release measurement,Metrics retained per source window; never added across overlapping windows. Editorial owner is not a historical landing URL. Exact-query-filtered Mercedes exports are a separate limited exception.
bmw transmission repair,bmw transmission repair,2026-04-12 to 2026-09-25,0.0,39.0,0.0,20.13,Brand query,/brands/bmw-service-dubai/transmission-repair,bmw-ctr-opportunities.csv,POSITION 21–40,QUERY × PAGE DATA NEEDED; retain approved editorial owner pending post-release measurement,Metrics retained per source window; never added across overlapping windows. Editorial owner is not a historical landing URL. Exact-query-filtered Mercedes exports are a separate limited exception.
mercedes benz oil change,mercedes benz oil change,2026-04-12 to 2026-09-25,0,38,0,36.68,Brand query,/services/mercedes-oil-change-dubai,b1-mercedes-ctr-opportunities.csv,POSITION 21–40,QUERY × PAGE DATA NEEDED; retain approved editorial owner pending post-release measurement,Metrics retained per source window; never added across overlapping windows. Editorial owner is not a historical landing URL. Exact-query-filtered Mercedes exports are a separate limited exception.
vw service center dubai,volkswagen service center dubai,2026-04-12 to 2026-09-25,0.0,38.0,0.0,40.71,Broad Volkswagen service,/brands/volkswagen-service-dubai,b8-volkswagen-ctr-opportunities.csv,MEASURED CTR REVIEW,QUERY × PAGE DATA NEEDED; retain approved editorial owner pending post-release measurement,Metrics retained per source window; never added across overlapping windows. Editorial owner is not a historical landing URL. Exact-query-filtered Mercedes exports are a separate limited exception.
brake service,brake service,2026-04-12 to 2026-09-25,0,38.0,0,18.13,Brakes,/services/brake-repair-dubai,g1-generic-commercial-ctr-opportunities.csv,POSITION 11–20,QUERY × PAGE DATA NEEDED; retain approved editorial owner pending post-release measurement,Metrics retained per source window; never added across overlapping windows. Editorial owner is not a historical landing URL. Exact-query-filtered Mercedes exports are a separate limited exception.
body repair,body repair,2026-04-12 to 2026-09-25,0,38.0,0,27.55,Body / collision,/services/car-body-repair-dubai,g1-generic-commercial-ctr-opportunities.csv,POSITION 21–40,QUERY × PAGE DATA NEEDED; retain approved editorial owner pending post-release measurement,Metrics retained per source window; never added across overlapping windows. Editorial owner is not a historical landing URL. Exact-query-filtered Mercedes exports are a separate limited exception.
car battery replacement service,car battery replacement service,2026-04-12 to 2026-09-25,0,38.0,0,27.71,Battery,/services/battery-replacement-dubai,g1-generic-commercial-ctr-opportunities.csv,POSITION 21–40,QUERY × PAGE DATA NEEDED; retain approved editorial owner pending post-release measurement,Metrics retained per source window; never added across overlapping windows. Editorial owner is not a historical landing URL. Exact-query-filtered Mercedes exports are a separate limited exception.
automatic gear box repair uae,automatic gear box repair uae,2026-04-12 to 2026-09-25,0,38.0,0,28.89,Transmission repair,/services/transmission-repair-dubai,g1-generic-commercial-ctr-opportunities.csv,POSITION 21–40,QUERY × PAGE DATA NEEDED; retain approved editorial owner pending post-release measurement,Metrics retained per source window; never added across overlapping windows. Editorial owner is not a historical landing URL. Exact-query-filtered Mercedes exports are a separate limited exception.
car ceramic coating,car ceramic coating,2026-04-12 to 2026-09-25,0.0,38.0,0.0,50.89,Ceramic coating,/services/ceramic-coating,g3-protection-ctr-opportunities.csv,MEASURED CTR REVIEW,QUERY × PAGE DATA NEEDED; retain approved editorial owner pending post-release measurement,Metrics retained per source window; never added across overlapping windows. Editorial owner is not a historical landing URL. Exact-query-filtered Mercedes exports are a separate limited exception.
stek dynoprism paint protection film dubai uae,stek dynoprism paint protection film dubai uae,2026-04-12 to 2026-09-25,0.0,38.0,0.0,57.11,PPF installation,,g3-protection-ctr-opportunities.csv,MEASURED CTR REVIEW,QUERY × PAGE DATA NEEDED; retain approved editorial owner pending post-release measurement,Metrics retained per source window; never added across overlapping windows. Editorial owner is not a historical landing URL. Exact-query-filtered Mercedes exports are a separate limited exception.
porsche body repair,porsche body repair,2026-04-12 to 2026-09-25,0.0,38.0,0.0,13.68,Brand query,/brands/porsche-service-dubai/body-repair,porsche-ctr-opportunities.csv,POSITION 11–20,QUERY × PAGE DATA NEEDED; retain approved editorial owner pending post-release measurement,Metrics retained per source window; never added across overlapping windows. Editorial owner is not a historical landing URL. Exact-query-filtered Mercedes exports are a separate limited exception.
best porsche workshop abu dhabi,best porsche workshop abu dhabi,2026-04-12 to 2026-09-25,0.0,38.0,0.0,51.61,Brand query,/best-porsche-workshop-dubai,porsche-ctr-opportunities.csv,MEASURED CTR REVIEW,QUERY × PAGE DATA NEEDED; retain approved editorial owner pending post-release measurement,Metrics retained per source window; never added across overlapping windows. Editorial owner is not a historical landing URL. Exact-query-filtered Mercedes exports are a separate limited exception.
best bmw shop abu dhabi,best bmw shop abu dhabi,2026-04-12 to 2026-09-25,0.0,38.0,0.0,44.37,Brand query,,bmw-ctr-opportunities.csv,MEASURED CTR REVIEW,QUERY × PAGE DATA NEEDED; retain approved editorial owner pending post-release measurement,Metrics retained per source window; never added across overlapping windows. Editorial owner is not a historical landing URL. Exact-query-filtered Mercedes exports are a separate limited exception.
lamborghini transmission repair dubai,lamborghini transmission repair dubai,2026-04-12 to 2026-09-25,0.0,38.0,0.0,17.29,Brand query,/brands/lamborghini-service-dubai/transmission-repair,lamborghini-ctr-opportunities.csv,POSITION 11–20,QUERY × PAGE DATA NEEDED; retain approved editorial owner pending post-release measurement,Metrics retained per source window; never added across overlapping windows. Editorial owner is not a historical landing URL. Exact-query-filtered Mercedes exports are a separate limited exception.
mercedes benz auto repair​ in dubai,mercedes benz auto repair​ in dubai,2026-04-12 to 2026-09-25,0,37,0,10.16,Brand query,/brands/mercedes-benz-service-dubai,b1-mercedes-ctr-opportunities.csv,POSITION 11–20,QUERY × PAGE DATA NEEDED; retain approved editorial owner pending post-release measurement,Metrics retained per source window; never added across overlapping windows. Editorial owner is not a historical landing URL. Exact-query-filtered Mercedes exports are a separate limited exception.
mercedes dubai service center,mercedes dubai service center,2026-04-12 to 2026-09-25,0,37,0,14.62,Brand query,/brands/mercedes-benz-service-dubai,b1-mercedes-ctr-opportunities.csv,POSITION 11–20,QUERY × PAGE DATA NEEDED; retain approved editorial owner pending post-release measurement,Metrics retained per source window; never added across overlapping windows. Editorial owner is not a historical landing URL. Exact-query-filtered Mercedes exports are a separate limited exception.
cadillac transmission repair dubai,cadillac transmission repair dubai,2026-04-12 to 2026-09-25,0.0,37.0,0.0,26.05,Transmission,/services/transmission-repair-dubai,b7-cadillac-ctr-opportunities.csv,POSITION 21–40,QUERY × PAGE DATA NEEDED; retain approved editorial owner pending post-release measurement,Metrics retained per source window; never added across overlapping windows. Editorial owner is not a historical landing URL. Exact-query-filtered Mercedes exports are a separate limited exception.
car exhaust repair near me,car exhaust repair near me,2026-04-12 to 2026-09-25,0,37.0,0,8.19,Exhaust repair,/services/exhaust-repair-dubai,g1-generic-commercial-ctr-opportunities.csv,POSITION 4–10,QUERY × PAGE DATA NEEDED; retain approved editorial owner pending post-release measurement,Metrics retained per source window; never added across overlapping windows. Editorial owner is not a historical landing URL. Exact-query-filtered Mercedes exports are a separate limited exception.
حماية السيارة دبي,حماية السيارة دبي,2026-04-12 to 2026-09-25,0.0,37.0,0.0,60.51,Broad paint protection,/ar/services/paint-protection-dubai,g3-protection-ctr-opportunities.csv,MEASURED CTR REVIEW,QUERY × PAGE DATA NEEDED; retain approved editorial owner pending post-release measurement,Metrics retained per source window; never added across overlapping windows. Editorial owner is not a historical landing URL. Exact-query-filtered Mercedes exports are a separate limited exception.
bmw workshop,bmw workshop,2026-04-12 to 2026-09-25,0.0,37.0,0.0,9.92,Brand query,/brands/bmw-service-dubai,bmw-ctr-opportunities.csv,POSITION 4–10,QUERY × PAGE DATA NEEDED; retain approved editorial owner pending post-release measurement,Metrics retained per source window; never added across overlapping windows. Editorial owner is not a historical landing URL. Exact-query-filtered Mercedes exports are a separate limited exception.
mercedes diagnostics,mercedes diagnostics,2026-04-12 to 2026-09-25,0,36,0,16.72,Brand query,/services/mercedes-diagnostics-dubai,b1-mercedes-ctr-opportunities.csv,POSITION 11–20,QUERY × PAGE DATA NEEDED; retain approved editorial owner pending post-release measurement,Metrics retained per source window; never added across overlapping windows. Editorial owner is not a historical landing URL. Exact-query-filtered Mercedes exports are a separate limited exception.
benz repair near me,benz repair near me,2026-04-12 to 2026-09-25,0,36,0,22.17,Brand query,/brands/mercedes-benz-service-dubai,b1-mercedes-ctr-opportunities.csv,POSITION 21–40,QUERY × PAGE DATA NEEDED; retain approved editorial owner pending post-release measurement,Metrics retained per source window; never added across overlapping windows. Editorial owner is not a historical landing URL. Exact-query-filtered Mercedes exports are a separate limited exception.
mercedes car service,mercedes car service,2026-04-12 to 2026-09-25,0,36,0,29.08,Brand query,/brands/mercedes-benz-service-dubai,b1-mercedes-ctr-opportunities.csv,POSITION 21–40,QUERY × PAGE DATA NEEDED; retain approved editorial owner pending post-release measurement,Metrics retained per source window; never added across overlapping windows. Editorial owner is not a historical landing URL. Exact-query-filtered Mercedes exports are a separate limited exception.
car exhaust repair cost,car exhaust repair cost,2026-04-12 to 2026-09-25,0,36.0,0,13.31,Exhaust repair,/services/exhaust-repair-dubai,g1-generic-commercial-ctr-opportunities.csv,POSITION 11–20,QUERY × PAGE DATA NEEDED; retain approved editorial owner pending post-release measurement,Metrics retained per source window; never added across overlapping windows. Editorial owner is not a historical landing URL. Exact-query-filtered Mercedes exports are a separate limited exception.
porsche suspension service dubai,porsche suspension service dubai,2026-04-12 to 2026-09-25,0.0,36.0,0.0,37.56,Brand query,/brands/porsche-service-dubai/suspension-repair,porsche-ctr-opportunities.csv,POSITION 21–40,QUERY × PAGE DATA NEEDED; retain approved editorial owner pending post-release measurement,Metrics retained per source window; never added across overlapping windows. Editorial owner is not a historical landing URL. Exact-query-filtered Mercedes exports are a separate limited exception.
maybach service center,maybach service center,2026-04-12 to 2026-09-25,0.0,36.0,0.0,15.03,Brand query,/brands/maybach-service-dubai,maybach-ctr-opportunities.csv,POSITION 11–20,QUERY × PAGE DATA NEEDED; retain approved editorial owner pending post-release measurement,Metrics retained per source window; never added across overlapping windows. Editorial owner is not a historical landing URL. Exact-query-filtered Mercedes exports are a separate limited exception.
mercedes brake repair dubai,mercedes brake repair dubai,2026-04-12 to 2026-09-25,0,35,0,8.34,Brand query,/services/mercedes-brake-repair-dubai,b1-mercedes-ctr-opportunities.csv,POSITION 4–10,QUERY × PAGE DATA NEEDED; retain approved editorial owner pending post-release measurement,Metrics retained per source window; never added across overlapping windows. Editorial owner is not a historical landing URL. Exact-query-filtered Mercedes exports are a separate limited exception.
cadillac service in dubai,cadillac service in dubai,2026-04-12 to 2026-09-25,0.0,35.0,0.0,22.29,Broad Cadillac service,/brands/cadillac-service-dubai,b7-cadillac-ctr-opportunities.csv,POSITION 21–40,QUERY × PAGE DATA NEEDED; retain approved editorial owner pending post-release measurement,Metrics retained per source window; never added across overlapping windows. Editorial owner is not a historical landing URL. Exact-query-filtered Mercedes exports are a separate limited exception.
cadillac maintenance dubai,cadillac maintenance dubai,2026-04-12 to 2026-09-25,0.0,35.0,0.0,28.71,Broad Cadillac service,/brands/cadillac-service-dubai,b7-cadillac-ctr-opportunities.csv,POSITION 21–40,QUERY × PAGE DATA NEEDED; retain approved editorial owner pending post-release measurement,Metrics retained per source window; never added across overlapping windows. Editorial owner is not a historical landing URL. Exact-query-filtered Mercedes exports are a separate limited exception.
porsche workshop,porsche workshop,2026-04-12 to 2026-09-25,0.0,35.0,0.0,12.37,Brand query,/brands/porsche-service-dubai,porsche-ctr-opportunities.csv,POSITION 11–20,QUERY × PAGE DATA NEEDED; retain approved editorial owner pending post-release measurement,Metrics retained per source window; never added across overlapping windows. Editorial owner is not a historical landing URL. Exact-query-filtered Mercedes exports are a separate limited exception.
porsche maintenance dubai,porsche maintenance dubai,2026-04-12 to 2026-09-25,0.0,35.0,0.0,15.83,Brand query,/blog/porsche-maintenance-guide-dubai,porsche-ctr-opportunities.csv,POSITION 11–20,QUERY × PAGE DATA NEEDED; retain approved editorial owner pending post-release measurement,Metrics retained per source window; never added across overlapping windows. Editorial owner is not a historical landing URL. Exact-query-filtered Mercedes exports are a separate limited exception.
porsche engine diagnostics,porsche engine diagnostics,2026-04-12 to 2026-09-25,0.0,35.0,0.0,19.6,Brand query,/brands/porsche-service-dubai/engine-diagnostics,porsche-ctr-opportunities.csv,POSITION 11–20,QUERY × PAGE DATA NEEDED; retain approved editorial owner pending post-release measurement,Metrics retained per source window; never added across overlapping windows. Editorial owner is not a historical landing URL. Exact-query-filtered Mercedes exports are a separate limited exception.
porsche service dip2 dubai,porsche service dip2 dubai,2026-04-12 to 2026-09-25,0.0,35.0,0.0,37.26,Brand query,/brands/porsche-service-dubai,porsche-ctr-opportunities.csv,POSITION 21–40,QUERY × PAGE DATA NEEDED; retain approved editorial owner pending post-release measurement,Metrics retained per source window; never added across overlapping windows. Editorial owner is not a historical landing URL. Exact-query-filtered Mercedes exports are a separate limited exception.
lamborghini specialist,lamborghini specialist,2026-04-12 to 2026-09-25,0.0,35.0,0.0,20.51,Brand query,/brands/lamborghini-service-dubai,lamborghini-ctr-opportunities.csv,POSITION 21–40,QUERY × PAGE DATA NEEDED; retain approved editorial owner pending post-release measurement,Metrics retained per source window; never added across overlapping windows. Editorial owner is not a historical landing URL. Exact-query-filtered Mercedes exports are a separate limited exception.
lamborghini service center near me,lamborghini service center near me,2026-04-12 to 2026-09-25,0.0,35.0,0.0,25.91,Brand query,/brands/lamborghini-service-dubai,lamborghini-ctr-opportunities.csv,POSITION 21–40,QUERY × PAGE DATA NEEDED; retain approved editorial owner pending post-release measurement,Metrics retained per source window; never added across overlapping windows. Editorial owner is not a historical landing URL. Exact-query-filtered Mercedes exports are a separate limited exception.
bentley transmission repair,bentley transmission repair,2026-04-12 to 2026-09-25,0.0,35.0,0.0,13.49,Brand query,/brands/bentley-service-dubai/transmission-repair,bentley-ctr-opportunities.csv,POSITION 11–20,QUERY × PAGE DATA NEEDED; retain approved editorial owner pending post-release measurement,Metrics retained per source window; never added across overlapping windows. Editorial owner is not a historical landing URL. Exact-query-filtered Mercedes exports are a separate limited exception.
bentley repair in dubai,bentley repair in dubai,2026-04-12 to 2026-09-25,0.0,35.0,0.0,49.94,Brand query,/brands/bentley-service-dubai,bentley-ctr-opportunities.csv,MEASURED CTR REVIEW,QUERY × PAGE DATA NEEDED; retain approved editorial owner pending post-release measurement,Metrics retained per source window; never added across overlapping windows. Editorial owner is not a historical landing URL. Exact-query-filtered Mercedes exports are a separate limited exception.
mercedes gad motors,mercedes gad motors,2026-04-12 to 2026-09-25,1,34,0.0294,6.62,Brand query,/tuning,b1-mercedes-ctr-opportunities.csv,POSITION 4–10,QUERY × PAGE DATA NEEDED; retain approved editorial owner pending post-release measurement,Metrics retained per source window; never added across overlapping windows. Editorial owner is not a historical landing URL. Exact-query-filtered Mercedes exports are a separate limited exception.
merceds repair dubai,merceds repair dubai,2026-04-12 to 2026-09-25,0,34,0,3.74,Brand query,/brands/mercedes-benz-service-dubai,b1-mercedes-ctr-opportunities.csv,MEASURED CTR REVIEW,QUERY × PAGE DATA NEEDED; retain approved editorial owner pending post-release measurement,Metrics retained per source window; never added across overlapping windows. Editorial owner is not a historical landing URL. Exact-query-filtered Mercedes exports are a separate limited exception.
volkswagen repair in dubai,volkswagen repair in dubai,2026-04-12 to 2026-09-25,0.0,34.0,0.0,31.82,Broad Volkswagen service,/brands/volkswagen-service-dubai,b8-volkswagen-ctr-opportunities.csv,POSITION 21–40,QUERY × PAGE DATA NEEDED; retain approved editorial owner pending post-release measurement,Metrics retained per source window; never added across overlapping windows. Editorial owner is not a historical landing URL. Exact-query-filtered Mercedes exports are a separate limited exception.
tire fix near me,tyre fix near me,2026-04-12 to 2026-09-25,0,34.0,0,11.85,Tyres,/services/tire-repair-dubai,g1-generic-commercial-ctr-opportunities.csv,POSITION 11–20,QUERY × PAGE DATA NEEDED; retain approved editorial owner pending post-release measurement,Metrics retained per source window; never added across overlapping windows. Editorial owner is not a historical landing URL. Exact-query-filtered Mercedes exports are a separate limited exception.
gearbox specialist near me,transmission specialist near me,2026-04-12 to 2026-09-25,0,34.0,0,13.82,Transmission repair,/services/transmission-repair-dubai,g1-generic-commercial-ctr-opportunities.csv,POSITION 11–20,QUERY × PAGE DATA NEEDED; retain approved editorial owner pending post-release measurement,Metrics retained per source window; never added across overlapping windows. Editorial owner is not a historical landing URL. Exact-query-filtered Mercedes exports are a separate limited exception.
digitec tuning,digitec tuning,2026-04-12 to 2026-09-25,0,34.0,0,14.53,Performance tuning,/tuning,g1-generic-commercial-ctr-opportunities.csv,POSITION 11–20,QUERY × PAGE DATA NEEDED; retain approved editorial owner pending post-release measurement,Metrics retained per source window; never added across overlapping windows. Editorial owner is not a historical landing URL. Exact-query-filtered Mercedes exports are a separate limited exception.
change oil dubai,change oil dubai,2026-04-12 to 2026-09-25,0,34.0,0,24.44,Oil change,/services/oil-change-dubai,g1-generic-commercial-ctr-opportunities.csv,POSITION 21–40,QUERY × PAGE DATA NEEDED; retain approved editorial owner pending post-release measurement,Metrics retained per source window; never added across overlapping windows. Editorial owner is not a historical landing URL. Exact-query-filtered Mercedes exports are a separate limited exception.
ceramic coating near me dubai,ceramic coating near me dubai,2026-04-12 to 2026-09-25,0.0,34.0,0.0,36.59,Ceramic coating,/services/ceramic-coating,g3-protection-ctr-opportunities.csv,POSITION 21–40,QUERY × PAGE DATA NEEDED; retain approved editorial owner pending post-release measurement,Metrics retained per source window; never added across overlapping windows. Editorial owner is not a historical landing URL. Exact-query-filtered Mercedes exports are a separate limited exception.
ppf coating near me,ppf coating near me,2026-04-12 to 2026-09-25,0.0,34.0,0.0,42.35,PPF installation,/services/paint-protection-film,g3-protection-ctr-opportunities.csv,MEASURED CTR REVIEW,QUERY × PAGE DATA NEEDED; retain approved editorial owner pending post-release measurement,Metrics retained per source window; never added across overlapping windows. Editorial owner is not a historical landing URL. Exact-query-filtered Mercedes exports are a separate limited exception.
car film protection,car film protection,2026-04-12 to 2026-09-25,0.0,34.0,0.0,55.88,PPF installation,/services/paint-protection-film,g3-protection-ctr-opportunities.csv,MEASURED CTR REVIEW,QUERY × PAGE DATA NEEDED; retain approved editorial owner pending post-release measurement,Metrics retained per source window; never added across overlapping windows. Editorial owner is not a historical landing URL. Exact-query-filtered Mercedes exports are a separate limited exception.
porsche targa service dubai,porsche targa service dubai,2026-04-12 to 2026-09-25,0.0,34.0,0.0,29.0,Brand query,/brands/porsche-service-dubai,porsche-ctr-opportunities.csv,POSITION 21–40,QUERY × PAGE DATA NEEDED; retain approved editorial owner pending post-release measurement,Metrics retained per source window; never added across overlapping windows. Editorial owner is not a historical landing URL. Exact-query-filtered Mercedes exports are a separate limited exception.
porsche engine repair dubai,porsche engine repair dubai,2026-04-12 to 2026-09-25,0.0,34.0,0.0,38.76,Brand query,/brands/porsche-service-dubai/mechanical-repair,porsche-ctr-opportunities.csv,POSITION 21–40,QUERY × PAGE DATA NEEDED; retain approved editorial owner pending post-release measurement,Metrics retained per source window; never added across overlapping windows. Editorial owner is not a historical landing URL. Exact-query-filtered Mercedes exports are a separate limited exception.
bmw service centre dubai,bmw service centre dubai,2026-04-12 to 2026-09-25,0.0,34.0,0.0,24.35,Brand query,/brands/bmw-service-dubai,bmw-ctr-opportunities.csv,POSITION 21–40,QUERY × PAGE DATA NEEDED; retain approved editorial owner pending post-release measurement,Metrics retained per source window; never added across overlapping windows. Editorial owner is not a historical landing URL. Exact-query-filtered Mercedes exports are a separate limited exception.
mercedes gearbox service,mercedes gearbox service,2026-04-12 to 2026-09-25,0,33,0,54.21,Brand query,/services/mercedes-transmission-repair-dubai,b1-mercedes-ctr-opportunities.csv,MEASURED CTR REVIEW,QUERY × PAGE DATA NEEDED; retain approved editorial owner pending post-release measurement,Metrics retained per source window; never added across overlapping windows. Editorial owner is not a historical landing URL. Exact-query-filtered Mercedes exports are a separate limited exception.
best cadillac workshop abu dhabi,best cadillac workshop abu dhabi,2026-04-12 to 2026-09-25,0.0,33.0,0.0,28.24,Out-of-market,,b7-cadillac-ctr-opportunities.csv,POSITION 21–40,QUERY × PAGE DATA NEEDED; retain approved editorial owner pending post-release measurement,Metrics retained per source window; never added across overlapping windows. Editorial owner is not a historical landing URL. Exact-query-filtered Mercedes exports are a separate limited exception.
steering service,steering service,2026-04-12 to 2026-09-25,0,33.0,0,26.09,Steering,/services/steering-repair-dubai,g1-generic-commercial-ctr-opportunities.csv,POSITION 21–40,QUERY × PAGE DATA NEEDED; retain approved editorial owner pending post-release measurement,Metrics retained per source window; never added across overlapping windows. Editorial owner is not a historical landing URL. Exact-query-filtered Mercedes exports are a separate limited exception.
bmw transmission repair in dubai,bmw transmission repair in dubai,2026-04-12 to 2026-09-25,0.0,33.0,0.0,8.27,Brand query,/brands/bmw-service-dubai/transmission-repair,bmw-ctr-opportunities.csv,POSITION 4–10,QUERY × PAGE DATA NEEDED; retain approved editorial owner pending post-release measurement,Metrics retained per source window; never added across overlapping windows. Editorial owner is not a historical landing URL. Exact-query-filtered Mercedes exports are a separate limited exception.
lamborghini repair,lamborghini repair,2026-04-12 to 2026-09-25,0.0,33.0,0.0,20.33,Brand query,/brands/lamborghini-service-dubai,lamborghini-ctr-opportunities.csv,POSITION 21–40,QUERY × PAGE DATA NEEDED; retain approved editorial owner pending post-release measurement,Metrics retained per source window; never added across overlapping windows. Editorial owner is not a historical landing URL. Exact-query-filtered Mercedes exports are a separate limited exception.
cadillac specialist garage,cadillac specialist garage,2026-04-12 to 2026-09-25,0.0,32.0,0.0,58.09,Broad Cadillac service,/brands/cadillac-service-dubai,b7-cadillac-ctr-opportunities.csv,MEASURED CTR REVIEW,QUERY × PAGE DATA NEEDED; retain approved editorial owner pending post-release measurement,Metrics retained per source window; never added across overlapping windows. Editorial owner is not a historical landing URL. Exact-query-filtered Mercedes exports are a separate limited exception.
volkswagen dubai service,volkswagen dubai service,2026-04-12 to 2026-09-25,0.0,32.0,0.0,25.69,Broad Volkswagen service,/brands/volkswagen-service-dubai,b8-volkswagen-ctr-opportunities.csv,POSITION 21–40,QUERY × PAGE DATA NEEDED; retain approved editorial owner pending post-release measurement,Metrics retained per source window; never added across overlapping windows. Editorial owner is not a historical landing URL. Exact-query-filtered Mercedes exports are a separate limited exception.
porsche service dubai,porsche service dubai,2026-04-12 to 2026-09-25,1.0,32.0,0.031200000000000002,17.28,Brand query,/brands/porsche-service-dubai,porsche-ctr-opportunities.csv,POSITION 11–20,QUERY × PAGE DATA NEEDED; retain approved editorial owner pending post-release measurement,Metrics retained per source window; never added across overlapping windows. Editorial owner is not a historical landing URL. Exact-query-filtered Mercedes exports are a separate limited exception.
porsche brake service dubai,porsche brake service dubai,2026-04-12 to 2026-09-25,0.0,32.0,0.0,26.84,Brand query,/brands/porsche-service-dubai/brake-repair,porsche-ctr-opportunities.csv,POSITION 21–40,QUERY × PAGE DATA NEEDED; retain approved editorial owner pending post-release measurement,Metrics retained per source window; never added across overlapping windows. Editorial owner is not a historical landing URL. Exact-query-filtered Mercedes exports are a separate limited exception.
bmw suspension repair,bmw suspension repair,2026-04-12 to 2026-09-25,0.0,32.0,0.0,21.56,Brand query,/brands/bmw-service-dubai/suspension-repair,bmw-ctr-opportunities.csv,POSITION 21–40,QUERY × PAGE DATA NEEDED; retain approved editorial owner pending post-release measurement,Metrics retained per source window; never added across overlapping windows. Editorial owner is not a historical landing URL. Exact-query-filtered Mercedes exports are a separate limited exception.
service for bmw,service for bmw,2026-04-12 to 2026-09-25,0.0,32.0,0.0,30.97,Brand query,/brands/bmw-service-dubai,bmw-ctr-opportunities.csv,POSITION 21–40,QUERY × PAGE DATA NEEDED; retain approved editorial owner pending post-release measurement,Metrics retained per source window; never added across overlapping windows. Editorial owner is not a historical landing URL. Exact-query-filtered Mercedes exports are a separate limited exception.
bentley service in dubai,bentley service in dubai,2026-04-12 to 2026-09-25,0.0,32.0,0.0,35.09,Brand query,/brands/bentley-service-dubai,bentley-ctr-opportunities.csv,POSITION 21–40,QUERY × PAGE DATA NEEDED; retain approved editorial owner pending post-release measurement,Metrics retained per source window; never added across overlapping windows. Editorial owner is not a historical landing URL. Exact-query-filtered Mercedes exports are a separate limited exception.
bentley repair specialist in dubai,bentley repair specialist in dubai,2026-04-12 to 2026-09-25,0.0,32.0,0.0,47.81,Brand query,/brands/bentley-service-dubai,bentley-ctr-opportunities.csv,MEASURED CTR REVIEW,QUERY × PAGE DATA NEEDED; retain approved editorial owner pending post-release measurement,Metrics retained per source window; never added across overlapping windows. Editorial owner is not a historical landing URL. Exact-query-filtered Mercedes exports are a separate limited exception.
rolls royce repair,rolls royce repair,2026-04-12 to 2026-09-25,0.0,32.0,0.0,21.41,Brand query,/brands/rolls-royce-service-dubai,rolls-royce-ctr-opportunities.csv,POSITION 21–40,QUERY × PAGE DATA NEEDED; retain approved editorial owner pending post-release measurement,Metrics retained per source window; never added across overlapping windows. Editorial owner is not a historical landing URL. Exact-query-filtered Mercedes exports are a separate limited exception.
mercedes oil change near me,mercedes oil change near me,2026-04-12 to 2026-09-25,1,31,0.0323,9.48,Brand query,/services/mercedes-oil-change-dubai,b1-mercedes-ctr-opportunities.csv,POSITION 4–10,QUERY × PAGE DATA NEEDED; retain approved editorial owner pending post-release measurement,Metrics retained per source window; never added across overlapping windows. Editorial owner is not a historical landing URL. Exact-query-filtered Mercedes exports are a separate limited exception.
gad motors mercedes,gad motors mercedes,2026-04-12 to 2026-09-25,0,31,0,8.03,Brand query,/tuning,b1-mercedes-ctr-opportunities.csv,POSITION 4–10,QUERY × PAGE DATA NEEDED; retain approved editorial owner pending post-release measurement,Metrics retained per source window; never added across overlapping windows. Editorial owner is not a historical landing URL. Exact-query-filtered Mercedes exports are a separate limited exception.
benz repair shop,benz repair shop,2026-04-12 to 2026-09-25,0,31,0,23.9,Brand query,/brands/mercedes-benz-service-dubai,b1-mercedes-ctr-opportunities.csv,POSITION 21–40,QUERY × PAGE DATA NEEDED; retain approved editorial owner pending post-release measurement,Metrics retained per source window; never added across overlapping windows. Editorial owner is not a historical landing URL. Exact-query-filtered Mercedes exports are a separate limited exception.
garage near me,garage near me,2026-04-12 to 2026-09-25,1.0,31.0,0.0323,16.61,Local access,/services/garage-near-me-dubai,g1-generic-commercial-ctr-opportunities.csv,POSITION 11–20,QUERY × PAGE DATA NEEDED; retain approved editorial owner pending post-release measurement,Metrics retained per source window; never added across overlapping windows. Editorial owner is not a historical landing URL. Exact-query-filtered Mercedes exports are a separate limited exception.
ac fix,ac fix,2026-04-12 to 2026-09-25,0,31.0,0,9.48,AC repair,/services/car-ac-repair-dubai,g1-generic-commercial-ctr-opportunities.csv,POSITION 4–10,QUERY × PAGE DATA NEEDED; retain approved editorial owner pending post-release measurement,Metrics retained per source window; never added across overlapping windows. Editorial owner is not a historical landing URL. Exact-query-filtered Mercedes exports are a separate limited exception.
car code performance,car code performance,2026-04-12 to 2026-09-25,0,31.0,0,24.81,Performance tuning,/tuning,g1-generic-commercial-ctr-opportunities.csv,POSITION 21–40,QUERY × PAGE DATA NEEDED; retain approved editorial owner pending post-release measurement,Metrics retained per source window; never added across overlapping windows. Editorial owner is not a historical landing URL. Exact-query-filtered Mercedes exports are a separate limited exception.
tire puncture repair near me,tyre puncture repair near me,2026-08-06 to 2026-09-02,0.0,31.0,0.0,10.35,Tyre / wheel symptoms,/services/tire-repair-dubai,g2-generic-problem-ctr-opportunities.csv,POSITION 11–20,QUERY × PAGE DATA NEEDED; retain approved editorial owner pending post-release measurement,Metrics retained per source window; never added across overlapping windows. Editorial owner is not a historical landing URL. Exact-query-filtered Mercedes exports are a separate limited exception.
paint protection service,paint protection service,2026-04-12 to 2026-09-25,0.0,31.0,0.0,25.23,Broad paint protection,/services/paint-protection-dubai,g3-protection-ctr-opportunities.csv,POSITION 21–40,QUERY × PAGE DATA NEEDED; retain approved editorial owner pending post-release measurement,Metrics retained per source window; never added across overlapping windows. Editorial owner is not a historical landing URL. Exact-query-filtered Mercedes exports are a separate limited exception.
paint protection solutions,paint protection solutions,2026-04-12 to 2026-09-25,0.0,31.0,0.0,42.55,Broad paint protection,/services/paint-protection-dubai,g3-protection-ctr-opportunities.csv,MEASURED CTR REVIEW,QUERY × PAGE DATA NEEDED; retain approved editorial owner pending post-release measurement,Metrics retained per source window; never added across overlapping windows. Editorial owner is not a historical landing URL. Exact-query-filtered Mercedes exports are a separate limited exception.
porsche ac repair dubai,porsche ac repair dubai,2026-04-12 to 2026-09-25,0.0,31.0,0.0,11.97,Brand query,/brands/porsche-service-dubai/ac-repair,porsche-ctr-opportunities.csv,POSITION 11–20,QUERY × PAGE DATA NEEDED; retain approved editorial owner pending post-release measurement,Metrics retained per source window; never added across overlapping windows. Editorial owner is not a historical landing URL. Exact-query-filtered Mercedes exports are a separate limited exception.
porsche performance service dubai,porsche performance service dubai,2026-04-12 to 2026-09-25,0.0,31.0,0.0,39.32,Brand query,/brands/porsche-service-dubai,porsche-ctr-opportunities.csv,POSITION 21–40,QUERY × PAGE DATA NEEDED; retain approved editorial owner pending post-release measurement,Metrics retained per source window; never added across overlapping windows. Editorial owner is not a historical landing URL. Exact-query-filtered Mercedes exports are a separate limited exception.
bmw body shop dubai,bmw body shop dubai,2026-04-12 to 2026-09-25,0.0,31.0,0.0,44.68,Brand query,/brands/bmw-service-dubai/body-repair,bmw-ctr-opportunities.csv,MEASURED CTR REVIEW,QUERY × PAGE DATA NEEDED; retain approved editorial owner pending post-release measurement,Metrics retained per source window; never added across overlapping windows. Editorial owner is not a historical landing URL. Exact-query-filtered Mercedes exports are a separate limited exception.
vw service,volkswagen service,2026-04-12 to 2026-09-25,0.0,30.0,0.0,20.97,Broad Volkswagen service,/brands/volkswagen-service-dubai,b8-volkswagen-ctr-opportunities.csv,POSITION 21–40,QUERY × PAGE DATA NEEDED; retain approved editorial owner pending post-release measurement,Metrics retained per source window; never added across overlapping windows. Editorial owner is not a historical landing URL. Exact-query-filtered Mercedes exports are a separate limited exception.
digital car repair dubai,digital car repair dubai,2026-04-12 to 2026-09-25,0,30.0,0,7.73,Broad workshop,/,g1-generic-commercial-ctr-opportunities.csv,POSITION 4–10,QUERY × PAGE DATA NEEDED; retain approved editorial owner pending post-release measurement,Metrics retained per source window; never added across overlapping windows. Editorial owner is not a historical landing URL. Exact-query-filtered Mercedes exports are a separate limited exception.
tire repair shop near me,tyre repair shop near me,2026-04-12 to 2026-09-25,0,30.0,0,11.27,Tyres,/services/tire-repair-dubai,g1-generic-commercial-ctr-opportunities.csv,POSITION 11–20,QUERY × PAGE DATA NEEDED; retain approved editorial owner pending post-release measurement,Metrics retained per source window; never added across overlapping windows. Editorial owner is not a historical landing URL. Exact-query-filtered Mercedes exports are a separate limited exception.
fuel pump repair shop,fuel pump repair shop,2026-04-12 to 2026-09-25,0,30.0,0,13.03,Fuel system,/services/fuel-system-repair-dubai,g1-generic-commercial-ctr-opportunities.csv,POSITION 11–20,QUERY × PAGE DATA NEEDED; retain approved editorial owner pending post-release measurement,Metrics retained per source window; never added across overlapping windows. Editorial owner is not a historical landing URL. Exact-query-filtered Mercedes exports are a separate limited exception.
automotive electrical services,automotive electrical services,2026-04-12 to 2026-09-25,0,30.0,0,20.9,Electrical,/services/auto-electrical-repair-dubai,g1-generic-commercial-ctr-opportunities.csv,POSITION 21–40,QUERY × PAGE DATA NEEDED; retain approved editorial owner pending post-release measurement,Metrics retained per source window; never added across overlapping windows. Editorial owner is not a historical landing URL. Exact-query-filtered Mercedes exports are a separate limited exception.
ceramic car coating,ceramic car coating,2026-04-12 to 2026-09-25,0.0,30.0,0.0,39.13,Ceramic coating,/services/ceramic-coating,g3-protection-ctr-opportunities.csv,POSITION 21–40,QUERY × PAGE DATA NEEDED; retain approved editorial owner pending post-release measurement,Metrics retained per source window; never added across overlapping windows. Editorial owner is not a historical landing URL. Exact-query-filtered Mercedes exports are a separate limited exception.
porsche ac repair,porsche ac repair,2026-04-12 to 2026-09-25,0.0,30.0,0.0,15.67,Brand query,/brands/porsche-service-dubai/ac-repair,porsche-ctr-opportunities.csv,POSITION 11–20,QUERY × PAGE DATA NEEDED; retain approved editorial owner pending post-release measurement,Metrics retained per source window; never added across overlapping windows. Editorial owner is not a historical landing URL. Exact-query-filtered Mercedes exports are a separate limited exception.
porsche car battery,porsche car battery,2026-04-12 to 2026-09-25,0.0,30.0,0.0,48.9,Brand query,/brands/porsche-service-dubai,porsche-ctr-opportunities.csv,MEASURED CTR REVIEW,QUERY × PAGE DATA NEEDED; retain approved editorial owner pending post-release measurement,Metrics retained per source window; never added across overlapping windows. Editorial owner is not a historical landing URL. Exact-query-filtered Mercedes exports are a separate limited exception.
best porsche garage abu dhabi,best porsche garage abu dhabi,2026-04-12 to 2026-09-25,0.0,30.0,0.0,55.53,Brand query,/best-porsche-workshop-dubai,porsche-ctr-opportunities.csv,MEASURED CTR REVIEW,QUERY × PAGE DATA NEEDED; retain approved editorial owner pending post-release measurement,Metrics retained per source window; never added across overlapping windows. Editorial owner is not a historical landing URL. Exact-query-filtered Mercedes exports are a separate limited exception.
best porsche mechanic abu dhabi,best porsche mechanic abu dhabi,2026-04-12 to 2026-09-25,0.0,30.0,0.0,62.27,Brand query,/brands/porsche-service-dubai,porsche-ctr-opportunities.csv,MEASURED CTR REVIEW,QUERY × PAGE DATA NEEDED; retain approved editorial owner pending post-release measurement,Metrics retained per source window; never added across overlapping windows. Editorial owner is not a historical landing URL. Exact-query-filtered Mercedes exports are a separate limited exception.
porsche repair specialist,porsche repair specialist,2026-04-12 to 2026-09-25,0.0,30.0,0.0,66.37,Brand query,/brands/porsche-service-dubai,porsche-ctr-opportunities.csv,MEASURED CTR REVIEW,QUERY × PAGE DATA NEEDED; retain approved editorial owner pending post-release measurement,Metrics retained per source window; never added across overlapping windows. Editorial owner is not a historical landing URL. Exact-query-filtered Mercedes exports are a separate limited exception.
bmw suspension repair dubai,bmw suspension repair dubai,2026-04-12 to 2026-09-25,0.0,30.0,0.0,37.17,Brand query,/brands/bmw-service-dubai/suspension-repair,bmw-ctr-opportunities.csv,POSITION 21–40,QUERY × PAGE DATA NEEDED; retain approved editorial owner pending post-release measurement,Metrics retained per source window; never added across overlapping windows. Editorial owner is not a historical landing URL. Exact-query-filtered Mercedes exports are a separate limited exception.
lamborghini specialist dubai,lamborghini specialist dubai,2026-04-12 to 2026-09-25,0.0,30.0,0.0,24.9,Brand query,/brands/lamborghini-service-dubai,lamborghini-ctr-opportunities.csv,POSITION 21–40,QUERY × PAGE DATA NEEDED; retain approved editorial owner pending post-release measurement,Metrics retained per source window; never added across overlapping windows. Editorial owner is not a historical landing URL. Exact-query-filtered Mercedes exports are a separate limited exception.
mercedes benz service center,mercedes benz service center,2026-04-12 to 2026-09-25,0,29,0,24.45,Brand query,/brands/mercedes-benz-service-dubai,b1-mercedes-ctr-opportunities.csv,POSITION 21–40,QUERY × PAGE DATA NEEDED; retain approved editorial owner pending post-release measurement,Metrics retained per source window; never added across overlapping windows. Editorial owner is not a historical landing URL. Exact-query-filtered Mercedes exports are a separate limited exception.
mercedes body shop,mercedes body shop,2026-04-12 to 2026-09-25,0,29,0,51.14,Brand query,/services/mercedes-body-repair-dubai,b1-mercedes-ctr-opportunities.csv,MEASURED CTR REVIEW,QUERY × PAGE DATA NEEDED; retain approved editorial owner pending post-release measurement,Metrics retained per source window; never added across overlapping windows. Editorial owner is not a historical landing URL. Exact-query-filtered Mercedes exports are a separate limited exception.
car battery life in uae,car battery life in uae,2026-04-12 to 2026-09-25,0,29.0,0,8.07,Battery,/services/battery-replacement-dubai,g1-generic-commercial-ctr-opportunities.csv,POSITION 4–10,QUERY × PAGE DATA NEEDED; retain approved editorial owner pending post-release measurement,Metrics retained per source window; never added across overlapping windows. Editorial owner is not a historical landing URL. Exact-query-filtered Mercedes exports are a separate limited exception.
exhaust services,exhaust services,2026-04-12 to 2026-09-25,0,29.0,0,13.69,Exhaust repair,/services/exhaust-repair-dubai,g1-generic-commercial-ctr-opportunities.csv,POSITION 11–20,QUERY × PAGE DATA NEEDED; retain approved editorial owner pending post-release measurement,Metrics retained per source window; never added across overlapping windows. Editorial owner is not a historical landing URL. Exact-query-filtered Mercedes exports are a separate limited exception.
car battery near me,car battery near me,2026-04-12 to 2026-09-25,0,29.0,0,14.41,Battery,/services/battery-replacement-dubai,g1-generic-commercial-ctr-opportunities.csv,POSITION 11–20,QUERY × PAGE DATA NEEDED; retain approved editorial owner pending post-release measurement,Metrics retained per source window; never added across overlapping windows. Editorial owner is not a historical landing URL. Exact-query-filtered Mercedes exports are a separate limited exception.
ceramic coating dubai,ceramic coating dubai,2026-04-12 to 2026-09-25,0.0,29.0,0.0,39.34,Ceramic coating,/services/ceramic-coating,g3-protection-ctr-opportunities.csv,POSITION 21–40,QUERY × PAGE DATA NEEDED; retain approved editorial owner pending post-release measurement,Metrics retained per source window; never added across overlapping windows. Editorial owner is not a historical landing URL. Exact-query-filtered Mercedes exports are a separate limited exception.
porsche clutch repair dubai,porsche clutch repair dubai,2026-04-12 to 2026-09-25,0.0,29.0,0.0,25.72,Brand query,/brands/porsche-service-dubai/transmission-repair,porsche-ctr-opportunities.csv,POSITION 21–40,QUERY × PAGE DATA NEEDED; retain approved editorial owner pending post-release measurement,Metrics retained per source window; never added across overlapping windows. Editorial owner is not a historical landing URL. Exact-query-filtered Mercedes exports are a separate limited exception.
maybach repair,maybach repair,2026-04-12 to 2026-09-25,0.0,29.0,0.0,20.86,Brand query,/brands/maybach-service-dubai,maybach-ctr-opportunities.csv,POSITION 21–40,QUERY × PAGE DATA NEEDED; retain approved editorial owner pending post-release measurement,Metrics retained per source window; never added across overlapping windows. Editorial owner is not a historical landing URL. Exact-query-filtered Mercedes exports are a separate limited exception.
rolls royce transmission repair dubai,rolls royce transmission repair dubai,2026-04-12 to 2026-09-25,0.0,29.0,0.0,13.1,Brand query,/brands/rolls-royce-service-dubai/transmission-repair,rolls-royce-ctr-opportunities.csv,POSITION 11–20,QUERY × PAGE DATA NEEDED; retain approved editorial owner pending post-release measurement,Metrics retained per source window; never added across overlapping windows. Editorial owner is not a historical landing URL. Exact-query-filtered Mercedes exports are a separate limited exception.
mercedes service center in dubai,mercedes service center in dubai,2026-04-12 to 2026-09-25,1,28,0.035699999999999996,14.21,Brand query,/brands/mercedes-benz-service-dubai,b1-mercedes-ctr-opportunities.csv,POSITION 11–20,QUERY × PAGE DATA NEEDED; retain approved editorial owner pending post-release measurement,Metrics retained per source window; never added across overlapping windows. Editorial owner is not a historical landing URL. Exact-query-filtered Mercedes exports are a separate limited exception.
صيانة مرسيدس بنز,صيانة مرسيدس بنز,2026-04-12 to 2026-09-25,0,28,0,56.96,Brand query,/ar/brands/mercedes-benz-service-dubai,b1-mercedes-ctr-opportunities.csv,MEASURED CTR REVIEW,QUERY × PAGE DATA NEEDED; retain approved editorial owner pending post-release measurement,Metrics retained per source window; never added across overlapping windows. Editorial owner is not a historical landing URL. Exact-query-filtered Mercedes exports are a separate limited exception.
best car tuning in dubai,best car tuning dubai,2026-04-12 to 2026-09-25,0,28.0,0,11.29,Performance tuning,/tuning,g1-generic-commercial-ctr-opportunities.csv,POSITION 11–20,QUERY × PAGE DATA NEEDED; retain approved editorial owner pending post-release measurement,Metrics retained per source window; never added across overlapping windows. Editorial owner is not a historical landing URL. Exact-query-filtered Mercedes exports are a separate limited exception.
vehicle electrical repair near me,vehicle electrical repair near me,2026-04-12 to 2026-09-25,0,28.0,0,11.57,Electrical,/services/auto-electrical-repair-dubai,g1-generic-commercial-ctr-opportunities.csv,POSITION 11–20,QUERY × PAGE DATA NEEDED; retain approved editorial owner pending post-release measurement,Metrics retained per source window; never added across overlapping windows. Editorial owner is not a historical landing URL. Exact-query-filtered Mercedes exports are a separate limited exception.
tire repair service,tyre repair service,2026-04-12 to 2026-09-25,0,28.0,0,13.75,Tyres,/services/tire-repair-dubai,g1-generic-commercial-ctr-opportunities.csv,POSITION 11–20,QUERY × PAGE DATA NEEDED; retain approved editorial owner pending post-release measurement,Metrics retained per source window; never added across overlapping windows. Editorial owner is not a historical landing URL. Exact-query-filtered Mercedes exports are a separate limited exception.
mechanical repairs dubai,mechanical repair dubai,2026-04-12 to 2026-09-25,0,28.0,0,21.07,Mechanical,/services/mechanical-repair-dubai,g1-generic-commercial-ctr-opportunities.csv,POSITION 21–40,QUERY × PAGE DATA NEEDED; retain approved editorial owner pending post-release measurement,Metrics retained per source window; never added across overlapping windows. Editorial owner is not a historical landing URL. Exact-query-filtered Mercedes exports are a separate limited exception.
car air conditioning repair dubai,car ac repair dubai,2026-04-12 to 2026-09-25,0,28.0,0,23.75,AC repair,/services/car-ac-repair-dubai,g1-generic-commercial-ctr-opportunities.csv,POSITION 21–40,QUERY × PAGE DATA NEEDED; retain approved editorial owner pending post-release measurement,Metrics retained per source window; never added across overlapping windows. Editorial owner is not a historical landing URL. Exact-query-filtered Mercedes exports are a separate limited exception.
automotive solutions,automotive solutions,2026-04-12 to 2026-09-25,0,28.0,0,27.0,Broad workshop,/,g1-generic-commercial-ctr-opportunities.csv,POSITION 21–40,QUERY × PAGE DATA NEEDED; retain approved editorial owner pending post-release measurement,Metrics retained per source window; never added across overlapping windows. Editorial owner is not a historical landing URL. Exact-query-filtered Mercedes exports are a separate limited exception.
roadside assistance dubai,roadside assistance dubai,2026-04-12 to 2026-09-25,0,28.0,0,29.07,Roadside assistance,/services/roadside-assistance-dubai,g1-generic-commercial-ctr-opportunities.csv,POSITION 21–40,QUERY × PAGE DATA NEEDED; retain approved editorial owner pending post-release measurement,Metrics retained per source window; never added across overlapping windows. Editorial owner is not a historical landing URL. Exact-query-filtered Mercedes exports are a separate limited exception.
car film protection near me,car film protection near me,2026-04-12 to 2026-09-25,0.0,28.0,0.0,62.75,PPF installation,/services/paint-protection-film,g3-protection-ctr-opportunities.csv,MEASURED CTR REVIEW,QUERY × PAGE DATA NEEDED; retain approved editorial owner pending post-release measurement,Metrics retained per source window; never added across overlapping windows. Editorial owner is not a historical landing URL. Exact-query-filtered Mercedes exports are a separate limited exception.
porsche service,porsche service,2026-04-12 to 2026-09-25,0.0,28.0,0.0,9.79,Brand query,/brands/porsche-service-dubai,porsche-ctr-opportunities.csv,POSITION 4–10,QUERY × PAGE DATA NEEDED; retain approved editorial owner pending post-release measurement,Metrics retained per source window; never added across overlapping windows. Editorial owner is not a historical landing URL. Exact-query-filtered Mercedes exports are a separate limited exception.
porsche diagnostic dubai,porsche diagnostic dubai,2026-04-12 to 2026-09-25,0.0,28.0,0.0,15.64,Brand query,/brands/porsche-service-dubai/engine-diagnostics,porsche-ctr-opportunities.csv,POSITION 11–20,QUERY × PAGE DATA NEEDED; retain approved editorial owner pending post-release measurement,Metrics retained per source window; never added across overlapping windows. Editorial owner is not a historical landing URL. Exact-query-filtered Mercedes exports are a separate limited exception.
porsche car battery uae,porsche car battery uae,2026-04-12 to 2026-09-25,0.0,28.0,0.0,27.93,Brand query,/brands/porsche-service-dubai,porsche-ctr-opportunities.csv,POSITION 21–40,QUERY × PAGE DATA NEEDED; retain approved editorial owner pending post-release measurement,Metrics retained per source window; never added across overlapping windows. Editorial owner is not a historical landing URL. Exact-query-filtered Mercedes exports are a separate limited exception.
bmw car battery replacement,bmw car battery replacement,2026-04-12 to 2026-09-25,0.0,28.0,0.0,37.32,Brand query,/brands/bmw-service-dubai/battery-replacement,bmw-ctr-opportunities.csv,POSITION 21–40,QUERY × PAGE DATA NEEDED; retain approved editorial owner pending post-release measurement,Metrics retained per source window; never added across overlapping windows. Editorial owner is not a historical landing URL. Exact-query-filtered Mercedes exports are a separate limited exception.
ferrari brake repair,ferrari brake repair,2026-04-12 to 2026-09-25,0.0,28.0,0.0,22.79,Brand query,/brands/ferrari-service-dubai/brake-repair,ferrari-ctr-opportunities.csv,POSITION 21–40,QUERY × PAGE DATA NEEDED; retain approved editorial owner pending post-release measurement,Metrics retained per source window; never added across overlapping windows. Editorial owner is not a historical landing URL. Exact-query-filtered Mercedes exports are a separate limited exception.
ferrari repair near me,ferrari repair near me,2026-04-12 to 2026-09-25,0.0,28.0,0.0,67.64,Brand query,/brands/ferrari-service-dubai,ferrari-ctr-opportunities.csv,MEASURED CTR REVIEW,QUERY × PAGE DATA NEEDED; retain approved editorial owner pending post-release measurement,Metrics retained per source window; never added across overlapping windows. Editorial owner is not a historical landing URL. Exact-query-filtered Mercedes exports are a separate limited exception.
lamborghini suspension repair,lamborghini suspension repair,2026-04-12 to 2026-09-25,0.0,28.0,0.0,52.86,Brand query,/brands/lamborghini-service-dubai/suspension-repair,lamborghini-ctr-opportunities.csv,MEASURED CTR REVIEW,QUERY × PAGE DATA NEEDED; retain approved editorial owner pending post-release measurement,Metrics retained per source window; never added across overlapping windows. Editorial owner is not a historical landing URL. Exact-query-filtered Mercedes exports are a separate limited exception.
mercedes transmission specialist,mercedes transmission specialist,2026-04-12 to 2026-09-25,0,27,0,13.59,Brand query,/services/mercedes-transmission-repair-dubai,b1-mercedes-ctr-opportunities.csv,POSITION 11–20,QUERY × PAGE DATA NEEDED; retain approved editorial owner pending post-release measurement,Metrics retained per source window; never added across overlapping windows. Editorial owner is not a historical landing URL. Exact-query-filtered Mercedes exports are a separate limited exception.
mercedes diagnostic service,mercedes diagnostic service,2026-04-12 to 2026-09-25,0,27,0,14.19,Brand query,/services/mercedes-diagnostics-dubai,b1-mercedes-ctr-opportunities.csv,POSITION 11–20,QUERY × PAGE DATA NEEDED; retain approved editorial owner pending post-release measurement,Metrics retained per source window; never added across overlapping windows. Editorial owner is not a historical landing URL. Exact-query-filtered Mercedes exports are a separate limited exception.
cadillac service garage dubai,cadillac service garage dubai,2026-04-12 to 2026-09-25,0.0,27.0,0.0,34.7,Broad Cadillac service,/brands/cadillac-service-dubai,b7-cadillac-ctr-opportunities.csv,POSITION 21–40,QUERY × PAGE DATA NEEDED; retain approved editorial owner pending post-release measurement,Metrics retained per source window; never added across overlapping windows. Editorial owner is not a historical landing URL. Exact-query-filtered Mercedes exports are a separate limited exception.
cadillac repair garage dubai,cadillac repair garage dubai,2026-04-12 to 2026-09-25,0.0,27.0,0.0,40.59,Broad Cadillac service,/brands/cadillac-service-dubai,b7-cadillac-ctr-opportunities.csv,MEASURED CTR REVIEW,QUERY × PAGE DATA NEEDED; retain approved editorial owner pending post-release measurement,Metrics retained per source window; never added across overlapping windows. Editorial owner is not a historical landing URL. Exact-query-filtered Mercedes exports are a separate limited exception.
minor car body repairs,minor car body repair,2026-04-12 to 2026-09-25,0,27.0,0,11.11,Body / collision,/services/car-body-repair-dubai,g1-generic-commercial-ctr-opportunities.csv,POSITION 11–20,QUERY × PAGE DATA NEEDED; retain approved editorial owner pending post-release measurement,Metrics retained per source window; never added across overlapping windows. Editorial owner is not a historical landing URL. Exact-query-filtered Mercedes exports are a separate limited exception.
tire fixing near me,tyre fixing near me,2026-04-12 to 2026-09-25,0,27.0,0,11.44,Tyres,/services/tire-repair-dubai,g1-generic-commercial-ctr-opportunities.csv,POSITION 11–20,QUERY × PAGE DATA NEEDED; retain approved editorial owner pending post-release measurement,Metrics retained per source window; never added across overlapping windows. Editorial owner is not a historical landing URL. Exact-query-filtered Mercedes exports are a separate limited exception.
ecu tuning dubai,ecu tuning dubai,2026-04-12 to 2026-09-25,0,27.0,0,17.63,Performance tuning,/tuning,g1-generic-commercial-ctr-opportunities.csv,POSITION 11–20,QUERY × PAGE DATA NEEDED; retain approved editorial owner pending post-release measurement,Metrics retained per source window; never added across overlapping windows. Editorial owner is not a historical landing URL. Exact-query-filtered Mercedes exports are a separate limited exception.
transmission shop,transmission shop,2026-04-12 to 2026-09-25,0,27.0,0,19.22,Transmission repair,/services/transmission-repair-dubai,g1-generic-commercial-ctr-opportunities.csv,POSITION 11–20,QUERY × PAGE DATA NEEDED; retain approved editorial owner pending post-release measurement,Metrics retained per source window; never added across overlapping windows. Editorial owner is not a historical landing URL. Exact-query-filtered Mercedes exports are a separate limited exception.
performance dubai,performance dubai,2026-04-12 to 2026-09-25,0,27.0,0,21.81,Performance tuning,/tuning,g1-generic-commercial-ctr-opportunities.csv,POSITION 21–40,QUERY × PAGE DATA NEEDED; retain approved editorial owner pending post-release measurement,Metrics retained per source window; never added across overlapping windows. Editorial owner is not a historical landing URL. Exact-query-filtered Mercedes exports are a separate limited exception.
car electrical fault repair in dubai,car electrical fault repair in dubai,2026-04-12 to 2026-09-25,0.0,27.0,0.0,43.52,Electrical symptoms,/services/auto-electrical-repair-dubai,g2-generic-problem-ctr-opportunities.csv,MEASURED CTR REVIEW,QUERY × PAGE DATA NEEDED; retain approved editorial owner pending post-release measurement,Metrics retained per source window; never added across overlapping windows. Editorial owner is not a historical landing URL. Exact-query-filtered Mercedes exports are a separate limited exception.
حماية السيارات دبي,حماية السيارات دبي,2026-04-12 to 2026-09-25,0.0,27.0,0.0,37.85,Broad paint protection,/ar/services/paint-protection-dubai,g3-protection-ctr-opportunities.csv,POSITION 21–40,QUERY × PAGE DATA NEEDED; retain approved editorial owner pending post-release measurement,Metrics retained per source window; never added across overlapping windows. Editorial owner is not a historical landing URL. Exact-query-filtered Mercedes exports are a separate limited exception.
porsche specialist near me dubai,porsche specialist near me dubai,2026-04-12 to 2026-09-25,0.0,27.0,0.0,41.07,Brand query,/brands/porsche-service-dubai,porsche-ctr-opportunities.csv,MEASURED CTR REVIEW,QUERY × PAGE DATA NEEDED; retain approved editorial owner pending post-release measurement,Metrics retained per source window; never added across overlapping windows. Editorial owner is not a historical landing URL. Exact-query-filtered Mercedes exports are a separate limited exception.
bmw repair in dubai,bmw repair in dubai,2026-04-12 to 2026-09-25,0.0,27.0,0.0,17.33,Brand query,/brands/bmw-service-dubai,bmw-ctr-opportunities.csv,POSITION 11–20,QUERY × PAGE DATA NEEDED; retain approved editorial owner pending post-release measurement,Metrics retained per source window; never added across overlapping windows. Editorial owner is not a historical landing URL. Exact-query-filtered Mercedes exports are a separate limited exception.
benz service dubai,benz service dubai,2026-04-12 to 2026-09-25,0,26,0,16.77,Brand query,/brands/mercedes-benz-service-dubai,b1-mercedes-ctr-opportunities.csv,POSITION 11–20,QUERY × PAGE DATA NEEDED; retain approved editorial owner pending post-release measurement,Metrics retained per source window; never added across overlapping windows. Editorial owner is not a historical landing URL. Exact-query-filtered Mercedes exports are a separate limited exception.
cadillac repair in dubai,cadillac repair in dubai,2026-04-12 to 2026-09-25,0.0,26.0,0.0,29.15,Broad Cadillac service,/brands/cadillac-service-dubai,b7-cadillac-ctr-opportunities.csv,POSITION 21–40,QUERY × PAGE DATA NEEDED; retain approved editorial owner pending post-release measurement,Metrics retained per source window; never added across overlapping windows. Editorial owner is not a historical landing URL. Exact-query-filtered Mercedes exports are a separate limited exception.
performance tuning dubai,performance tuning dubai,2026-04-12 to 2026-09-25,2.0,26.0,0.07690000000000001,20.77,Performance tuning,/tuning,g1-generic-commercial-ctr-opportunities.csv,POSITION 21–40,QUERY × PAGE DATA NEEDED; retain approved editorial owner pending post-release measurement,Metrics retained per source window; never added across overlapping windows. Editorial owner is not a historical landing URL. Exact-query-filtered Mercedes exports are a separate limited exception.
exhaust welding near me,exhaust welding near me,2026-04-12 to 2026-09-25,0,26.0,0,6.38,Exhaust repair,/services/exhaust-repair-dubai,g1-generic-commercial-ctr-opportunities.csv,POSITION 4–10,QUERY × PAGE DATA NEEDED; retain approved editorial owner pending post-release measurement,Metrics retained per source window; never added across overlapping windows. Editorial owner is not a historical landing URL. Exact-query-filtered Mercedes exports are a separate limited exception.
silencer repair near me,silencer repair near me,2026-04-12 to 2026-09-25,0,26.0,0,7.0,Exhaust repair,/services/exhaust-repair-dubai,g1-generic-commercial-ctr-opportunities.csv,POSITION 4–10,QUERY × PAGE DATA NEEDED; retain approved editorial owner pending post-release measurement,Metrics retained per source window; never added across overlapping windows. Editorial owner is not a historical landing URL. Exact-query-filtered Mercedes exports are a separate limited exception.
muffler shop near me,muffler shop near me,2026-04-12 to 2026-09-25,0,26.0,0,8.27,Exhaust repair,/services/exhaust-repair-dubai,g1-generic-commercial-ctr-opportunities.csv,POSITION 4–10,QUERY × PAGE DATA NEEDED; retain approved editorial owner pending post-release measurement,Metrics retained per source window; never added across overlapping windows. Editorial owner is not a historical landing URL. Exact-query-filtered Mercedes exports are a separate limited exception.
fuel injector cleaning near me,fuel injector cleaning near me,2026-04-12 to 2026-09-25,0,26.0,0,9.62,Fuel system,/services/fuel-system-repair-dubai,g1-generic-commercial-ctr-opportunities.csv,POSITION 4–10,QUERY × PAGE DATA NEEDED; retain approved editorial owner pending post-release measurement,Metrics retained per source window; never added across overlapping windows. Editorial owner is not a historical landing URL. Exact-query-filtered Mercedes exports are a separate limited exception.
brake services,brake services,2026-04-12 to 2026-09-25,0,26.0,0,13.12,Brakes,/services/brake-repair-dubai,g1-generic-commercial-ctr-opportunities.csv,POSITION 11–20,QUERY × PAGE DATA NEEDED; retain approved editorial owner pending post-release measurement,Metrics retained per source window; never added across overlapping windows. Editorial owner is not a historical landing URL. Exact-query-filtered Mercedes exports are a separate limited exception.
best synthetic oil change for cars in dubai,best synthetic oil change for cars dubai,2026-04-12 to 2026-09-25,0,26.0,0,22.96,Oil change,/services/oil-change-dubai,g1-generic-commercial-ctr-opportunities.csv,POSITION 21–40,QUERY × PAGE DATA NEEDED; retain approved editorial owner pending post-release measurement,Metrics retained per source window; never added across overlapping windows. Editorial owner is not a historical landing URL. Exact-query-filtered Mercedes exports are a separate limited exception.
luxury car workshop dubai,luxury car workshop dubai,2026-04-12 to 2026-09-25,0,26.0,0,27.46,Broad workshop,/,g1-generic-commercial-ctr-opportunities.csv,POSITION 21–40,QUERY × PAGE DATA NEEDED; retain approved editorial owner pending post-release measurement,Metrics retained per source window; never added across overlapping windows. Editorial owner is not a historical landing URL. Exact-query-filtered Mercedes exports are a separate limited exception.
self healing paint protection film,self healing paint protection film,2026-04-12 to 2026-09-25,0.0,26.0,0.0,34.27,PPF installation,/services/paint-protection-film,g3-protection-ctr-opportunities.csv,POSITION 21–40,QUERY × PAGE DATA NEEDED; retain approved editorial owner pending post-release measurement,Metrics retained per source window; never added across overlapping windows. Editorial owner is not a historical landing URL. Exact-query-filtered Mercedes exports are a separate limited exception.
paint protector,paint protector,2026-04-12 to 2026-09-25,0.0,26.0,0.0,47.27,Broad paint protection,/services/paint-protection-dubai,g3-protection-ctr-opportunities.csv,MEASURED CTR REVIEW,QUERY × PAGE DATA NEEDED; retain approved editorial owner pending post-release measurement,Metrics retained per source window; never added across overlapping windows. Editorial owner is not a historical landing URL. Exact-query-filtered Mercedes exports are a separate limited exception.
porsche diagnostics dubai,porsche diagnostics dubai,2026-04-12 to 2026-09-25,0.0,26.0,0.0,18.04,Brand query,/brands/porsche-service-dubai/engine-diagnostics,porsche-ctr-opportunities.csv,POSITION 11–20,QUERY × PAGE DATA NEEDED; retain approved editorial owner pending post-release measurement,Metrics retained per source window; never added across overlapping windows. Editorial owner is not a historical landing URL. Exact-query-filtered Mercedes exports are a separate limited exception.
ferrari service center near me,ferrari service center near me,2026-04-12 to 2026-09-25,0.0,26.0,0.0,32.58,Brand query,/brands/ferrari-service-dubai,ferrari-ctr-opportunities.csv,POSITION 21–40,QUERY × PAGE DATA NEEDED; retain approved editorial owner pending post-release measurement,Metrics retained per source window; never added across overlapping windows. Editorial owner is not a historical landing URL. Exact-query-filtered Mercedes exports are a separate limited exception.
ferrari auto body shop,ferrari auto body shop,2026-04-12 to 2026-09-25,0.0,26.0,0.0,38.42,Brand query,/brands/ferrari-service-dubai/body-repair,ferrari-ctr-opportunities.csv,POSITION 21–40,QUERY × PAGE DATA NEEDED; retain approved editorial owner pending post-release measurement,Metrics retained per source window; never added across overlapping windows. Editorial owner is not a historical landing URL. Exact-query-filtered Mercedes exports are a separate limited exception.
mercedes benz repair near me,mercedes benz repair near me,2026-04-12 to 2026-09-25,0,25,0,22.68,Brand query,/brands/mercedes-benz-service-dubai,b1-mercedes-ctr-opportunities.csv,POSITION 21–40,QUERY × PAGE DATA NEEDED; retain approved editorial owner pending post-release measurement,Metrics retained per source window; never added across overlapping windows. Editorial owner is not a historical landing URL. Exact-query-filtered Mercedes exports are a separate limited exception.
car ac repair near me,car ac repair near me,2026-04-12 to 2026-09-25,1.0,25.0,0.04,10.56,AC repair,/services/car-ac-repair-dubai,g1-generic-commercial-ctr-opportunities.csv,POSITION 11–20,QUERY × PAGE DATA NEEDED; retain approved editorial owner pending post-release measurement,Metrics retained per source window; never added across overlapping windows. Editorial owner is not a historical landing URL. Exact-query-filtered Mercedes exports are a separate limited exception.
suspension specialist near me,suspension specialist near me,2026-04-12 to 2026-09-25,0,25.0,0,7.64,Suspension,/services/suspension-repair-dubai,g1-generic-commercial-ctr-opportunities.csv,POSITION 4–10,QUERY × PAGE DATA NEEDED; retain approved editorial owner pending post-release measurement,Metrics retained per source window; never added across overlapping windows. Editorial owner is not a historical landing URL. Exact-query-filtered Mercedes exports are a separate limited exception.
gearbox repair,transmission repair,2026-04-12 to 2026-09-25,0,25.0,0,16.8,Transmission repair,/services/transmission-repair-dubai,g1-generic-commercial-ctr-opportunities.csv,POSITION 11–20,QUERY × PAGE DATA NEEDED; retain approved editorial owner pending post-release measurement,Metrics retained per source window; never added across overlapping windows. Editorial owner is not a historical landing URL. Exact-query-filtered Mercedes exports are a separate limited exception.
car steering box repair,car steering box repair,2026-04-12 to 2026-09-25,0,25.0,0,18.28,Steering,/services/steering-repair-dubai,g1-generic-commercial-ctr-opportunities.csv,POSITION 11–20,QUERY × PAGE DATA NEEDED; retain approved editorial owner pending post-release measurement,Metrics retained per source window; never added across overlapping windows. Editorial owner is not a historical landing URL. Exact-query-filtered Mercedes exports are a separate limited exception.
specialist mechanical services,specialist mechanical services,2026-04-12 to 2026-09-25,0,25.0,0,18.72,Mechanical,/services/mechanical-repair-dubai,g1-generic-commercial-ctr-opportunities.csv,POSITION 11–20,QUERY × PAGE DATA NEEDED; retain approved editorial owner pending post-release measurement,Metrics retained per source window; never added across overlapping windows. Editorial owner is not a historical landing URL. Exact-query-filtered Mercedes exports are a separate limited exception.
gearbox repair near me,transmission repair near me,2026-04-12 to 2026-09-25,0,25.0,0,25.12,Transmission repair,/services/transmission-repair-dubai,g1-generic-commercial-ctr-opportunities.csv,POSITION 21–40,QUERY × PAGE DATA NEEDED; retain approved editorial owner pending post-release measurement,Metrics retained per source window; never added across overlapping windows. Editorial owner is not a historical landing URL. Exact-query-filtered Mercedes exports are a separate limited exception.
car paint protection film artarmon,car paint protection film artarmon,2026-04-12 to 2026-09-25,0.0,25.0,0.0,20.44,PPF installation,,g3-protection-ctr-opportunities.csv,POSITION 21–40,QUERY × PAGE DATA NEEDED; retain approved editorial owner pending post-release measurement,Metrics retained per source window; never added across overlapping windows. Editorial owner is not a historical landing URL. Exact-query-filtered Mercedes exports are a separate limited exception.
car paint protection services,car paint protection services,2026-04-12 to 2026-09-25,0.0,25.0,0.0,30.92,Broad paint protection,/services/paint-protection-dubai,g3-protection-ctr-opportunities.csv,POSITION 21–40,QUERY × PAGE DATA NEEDED; retain approved editorial owner pending post-release measurement,Metrics retained per source window; never added across overlapping windows. Editorial owner is not a historical landing URL. Exact-query-filtered Mercedes exports are a separate limited exception.
premium ppf service dubai,premium ppf service dubai,2026-04-12 to 2026-09-25,0.0,25.0,0.0,36.64,PPF installation,/services/paint-protection-film,g3-protection-ctr-opportunities.csv,POSITION 21–40,QUERY × PAGE DATA NEEDED; retain approved editorial owner pending post-release measurement,Metrics retained per source window; never added across overlapping windows. Editorial owner is not a historical landing URL. Exact-query-filtered Mercedes exports are a separate limited exception.
paint protection film service dubai,paint protection film service dubai,2026-04-12 to 2026-09-25,0.0,25.0,0.0,44.92,PPF installation,/services/paint-protection-film,g3-protection-ctr-opportunities.csv,MEASURED CTR REVIEW,QUERY × PAGE DATA NEEDED; retain approved editorial owner pending post-release measurement,Metrics retained per source window; never added across overlapping windows. Editorial owner is not a historical landing URL. Exact-query-filtered Mercedes exports are a separate limited exception.
bmw car battery dubai,bmw car battery dubai,2026-04-12 to 2026-09-25,0.0,25.0,0.0,34.0,Brand query,/brands/bmw-service-dubai/battery-replacement,bmw-ctr-opportunities.csv,POSITION 21–40,QUERY × PAGE DATA NEEDED; retain approved editorial owner pending post-release measurement,Metrics retained per source window; never added across overlapping windows. Editorial owner is not a historical landing URL. Exact-query-filtered Mercedes exports are a separate limited exception.
ferrari transmission repair dubai,ferrari transmission repair dubai,2026-04-12 to 2026-09-25,0.0,25.0,0.0,14.44,Brand query,/brands/ferrari-service-dubai/transmission-repair,ferrari-ctr-opportunities.csv,POSITION 11–20,QUERY × PAGE DATA NEEDED; retain approved editorial owner pending post-release measurement,Metrics retained per source window; never added across overlapping windows. Editorial owner is not a historical landing URL. Exact-query-filtered Mercedes exports are a separate limited exception.
repair mercedes in uae,repair mercedes in uae,2026-04-12 to 2026-09-25,0,24,0,4.71,Brand query,/brands/mercedes-benz-service-dubai,b1-mercedes-ctr-opportunities.csv,POSITION 4–10,QUERY × PAGE DATA NEEDED; retain approved editorial owner pending post-release measurement,Metrics retained per source window; never added across overlapping windows. Editorial owner is not a historical landing URL. Exact-query-filtered Mercedes exports are a separate limited exception.
cadillac garage dubai,cadillac garage dubai,2026-04-12 to 2026-09-25,0.0,24.0,0.0,49.46,Broad Cadillac service,/brands/cadillac-service-dubai,b7-cadillac-ctr-opportunities.csv,MEASURED CTR REVIEW,QUERY × PAGE DATA NEEDED; retain approved editorial owner pending post-release measurement,Metrics retained per source window; never added across overlapping windows. Editorial owner is not a historical landing URL. Exact-query-filtered Mercedes exports are a separate limited exception.
volkswagen oil change dubai,volkswagen oil change dubai,2026-04-12 to 2026-09-25,0.0,24.0,0.0,21.25,Engine oil service,/brands/volkswagen-service-dubai/oil-change,b8-volkswagen-ctr-opportunities.csv,POSITION 21–40,QUERY × PAGE DATA NEEDED; retain approved editorial owner pending post-release measurement,Metrics retained per source window; never added across overlapping windows. Editorial owner is not a historical landing URL. Exact-query-filtered Mercedes exports are a separate limited exception.
best car servicing center for all makes in dubai,best car service centre for all makes dubai,2026-04-12 to 2026-09-25,0,24.0,0,22.75,Routine service,/services/car-service-dubai,g1-generic-commercial-ctr-opportunities.csv,POSITION 21–40,QUERY × PAGE DATA NEEDED; retain approved editorial owner pending post-release measurement,Metrics retained per source window; never added across overlapping windows. Editorial owner is not a historical landing URL. Exact-query-filtered Mercedes exports are a separate limited exception.
paint protection services,paint protection services,2026-04-12 to 2026-09-25,0.0,24.0,0.0,24.04,Broad paint protection,/services/paint-protection-dubai,g3-protection-ctr-opportunities.csv,POSITION 21–40,QUERY × PAGE DATA NEEDED; retain approved editorial owner pending post-release measurement,Metrics retained per source window; never added across overlapping windows. Editorial owner is not a historical landing URL. Exact-query-filtered Mercedes exports are a separate limited exception.
porsche ac service,porsche ac service,2026-04-12 to 2026-09-25,0.0,24.0,0.0,19.96,Brand query,/brands/porsche-service-dubai/ac-repair,porsche-ctr-opportunities.csv,POSITION 11–20,QUERY × PAGE DATA NEEDED; retain approved editorial owner pending post-release measurement,Metrics retained per source window; never added across overlapping windows. Editorial owner is not a historical landing URL. Exact-query-filtered Mercedes exports are a separate limited exception.
porsche specialist dip2,porsche specialist dip2,2026-04-12 to 2026-09-25,0.0,24.0,0.0,43.17,Brand query,/brands/porsche-service-dubai,porsche-ctr-opportunities.csv,MEASURED CTR REVIEW,QUERY × PAGE DATA NEEDED; retain approved editorial owner pending post-release measurement,Metrics retained per source window; never added across overlapping windows. Editorial owner is not a historical landing URL. Exact-query-filtered Mercedes exports are a separate limited exception.
porsche service near motor city,porsche service near motor city,2026-04-12 to 2026-09-25,0.0,24.0,0.0,55.83,Brand query,/brands/porsche-service-dubai,porsche-ctr-opportunities.csv,MEASURED CTR REVIEW,QUERY × PAGE DATA NEEDED; retain approved editorial owner pending post-release measurement,Metrics retained per source window; never added across overlapping windows. Editorial owner is not a historical landing URL. Exact-query-filtered Mercedes exports are a separate limited exception.
porsche service center al quoz,porsche service center al quoz,2026-04-12 to 2026-09-25,0.0,24.0,0.0,70.46,Brand query,/brands/porsche-service-dubai,porsche-ctr-opportunities.csv,MEASURED CTR REVIEW,QUERY × PAGE DATA NEEDED; retain approved editorial owner pending post-release measurement,Metrics retained per source window; never added across overlapping windows. Editorial owner is not a historical landing URL. Exact-query-filtered Mercedes exports are a separate limited exception.
bmw workshop al quoz,bmw workshop al quoz,2026-04-12 to 2026-09-25,0.0,24.0,0.0,12.04,Brand query,/brands/bmw-service-dubai,bmw-ctr-opportunities.csv,POSITION 11–20,QUERY × PAGE DATA NEEDED; retain approved editorial owner pending post-release measurement,Metrics retained per source window; never added across overlapping windows. Editorial owner is not a historical landing URL. Exact-query-filtered Mercedes exports are a separate limited exception.
mercedes engine tuning,mercedes engine tuning,2026-04-12 to 2026-09-25,0,23,0,13.57,Brand query,/tuning,b1-mercedes-ctr-opportunities.csv,POSITION 11–20,QUERY × PAGE DATA NEEDED; retain approved editorial owner pending post-release measurement,Metrics retained per source window; never added across overlapping windows. Editorial owner is not a historical landing URL. Exact-query-filtered Mercedes exports are a separate limited exception.
mercedes body work dubai,mercedes body work dubai,2026-04-12 to 2026-09-25,0,23,0,16.87,Brand query,/services/mercedes-body-repair-dubai,b1-mercedes-ctr-opportunities.csv,POSITION 11–20,QUERY × PAGE DATA NEEDED; retain approved editorial owner pending post-release measurement,Metrics retained per source window; never added across overlapping windows. Editorial owner is not a historical landing URL. Exact-query-filtered Mercedes exports are a separate limited exception.
mercedes services,mercedes services,2026-04-12 to 2026-09-25,0,23,0,32.78,Brand query,/brands/mercedes-benz-service-dubai,b1-mercedes-ctr-opportunities.csv,POSITION 21–40,QUERY × PAGE DATA NEEDED; retain approved editorial owner pending post-release measurement,Metrics retained per source window; never added across overlapping windows. Editorial owner is not a historical landing URL. Exact-query-filtered Mercedes exports are a separate limited exception.
mercedes benz authorized body shop,mercedes benz authorized body shop,2026-04-12 to 2026-09-25,0,23,0,47.3,Brand query,/services/mercedes-body-repair-dubai,b1-mercedes-ctr-opportunities.csv,MEASURED CTR REVIEW,QUERY × PAGE DATA NEEDED; retain approved editorial owner pending post-release measurement,Metrics retained per source window; never added across overlapping windows. Editorial owner is not a historical landing URL. Exact-query-filtered Mercedes exports are a separate limited exception.
car programming near me,car programming near me,2026-04-12 to 2026-09-25,0,23.0,0,8.91,Coding / programming,/services/car-diagnostics-dubai,g1-generic-commercial-ctr-opportunities.csv,POSITION 4–10,QUERY × PAGE DATA NEEDED; retain approved editorial owner pending post-release measurement,Metrics retained per source window; never added across overlapping windows. Editorial owner is not a historical landing URL. Exact-query-filtered Mercedes exports are a separate limited exception.
car battery installation near me,car battery installation near me,2026-04-12 to 2026-09-25,0,23.0,0,12.22,Battery,/services/battery-replacement-dubai,g1-generic-commercial-ctr-opportunities.csv,POSITION 11–20,QUERY × PAGE DATA NEEDED; retain approved editorial owner pending post-release measurement,Metrics retained per source window; never added across overlapping windows. Editorial owner is not a historical landing URL. Exact-query-filtered Mercedes exports are a separate limited exception.
suspension repair,suspension repair,2026-04-12 to 2026-09-25,0,23.0,0,16.0,Suspension,/services/suspension-repair-dubai,g1-generic-commercial-ctr-opportunities.csv,POSITION 11–20,QUERY × PAGE DATA NEEDED; retain approved editorial owner pending post-release measurement,Metrics retained per source window; never added across overlapping windows. Editorial owner is not a historical landing URL. Exact-query-filtered Mercedes exports are a separate limited exception.
battery change car near me,battery change car near me,2026-04-12 to 2026-09-25,0,23.0,0,17.39,Battery,/services/battery-replacement-dubai,g1-generic-commercial-ctr-opportunities.csv,POSITION 11–20,QUERY × PAGE DATA NEEDED; retain approved editorial owner pending post-release measurement,Metrics retained per source window; never added across overlapping windows. Editorial owner is not a historical landing URL. Exact-query-filtered Mercedes exports are a separate limited exception.
car body repair history dubai,car body repair history dubai,2026-04-12 to 2026-09-25,0,23.0,0,18.83,Body / collision,/services/car-body-repair-dubai,g1-generic-commercial-ctr-opportunities.csv,POSITION 11–20,QUERY × PAGE DATA NEEDED; retain approved editorial owner pending post-release measurement,Metrics retained per source window; never added across overlapping windows. Editorial owner is not a historical landing URL. Exact-query-filtered Mercedes exports are a separate limited exception.
transmission shop near me,transmission shop near me,2026-04-12 to 2026-09-25,0,23.0,0,25.3,Transmission repair,/services/transmission-repair-dubai,g1-generic-commercial-ctr-opportunities.csv,POSITION 21–40,QUERY × PAGE DATA NEEDED; retain approved editorial owner pending post-release measurement,Metrics retained per source window; never added across overlapping windows. Editorial owner is not a historical landing URL. Exact-query-filtered Mercedes exports are a separate limited exception.
professional ppf service dubai,professional ppf service dubai,2026-04-12 to 2026-09-25,0.0,23.0,0.0,36.26,PPF installation,/services/paint-protection-film,g3-protection-ctr-opportunities.csv,POSITION 21–40,QUERY × PAGE DATA NEEDED; retain approved editorial owner pending post-release measurement,Metrics retained per source window; never added across overlapping windows. Editorial owner is not a historical landing URL. Exact-query-filtered Mercedes exports are a separate limited exception.
porsche turbo repair dubai,porsche turbo repair dubai,2026-04-12 to 2026-09-25,0.0,23.0,0.0,21.04,Brand query,/brands/porsche-service-dubai/mechanical-repair,porsche-ctr-opportunities.csv,POSITION 21–40,QUERY × PAGE DATA NEEDED; retain approved editorial owner pending post-release measurement,Metrics retained per source window; never added across overlapping windows. Editorial owner is not a historical landing URL. Exact-query-filtered Mercedes exports are a separate limited exception.
porsche panamera repair dubai,porsche panamera repair dubai,2026-04-12 to 2026-09-25,0.0,23.0,0.0,29.7,Brand query,/blog/porsche-panamera-service-dubai-guide,porsche-ctr-opportunities.csv,POSITION 21–40,QUERY × PAGE DATA NEEDED; retain approved editorial owner pending post-release measurement,Metrics retained per source window; never added across overlapping windows. Editorial owner is not a historical landing URL. Exact-query-filtered Mercedes exports are a separate limited exception.
porsche turbo service dubai,porsche turbo service dubai,2026-04-12 to 2026-09-25,0.0,23.0,0.0,33.52,Brand query,/brands/porsche-service-dubai/mechanical-repair,porsche-ctr-opportunities.csv,POSITION 21–40,QUERY × PAGE DATA NEEDED; retain approved editorial owner pending post-release measurement,Metrics retained per source window; never added across overlapping windows. Editorial owner is not a historical landing URL. Exact-query-filtered Mercedes exports are a separate limited exception.
porsche repair deira,porsche repair deira,2026-04-12 to 2026-09-25,0.0,23.0,0.0,40.43,Brand query,/brands/porsche-service-dubai,porsche-ctr-opportunities.csv,MEASURED CTR REVIEW,QUERY × PAGE DATA NEEDED; retain approved editorial owner pending post-release measurement,Metrics retained per source window; never added across overlapping windows. Editorial owner is not a historical landing URL. Exact-query-filtered Mercedes exports are a separate limited exception.
porsche carrera service dubai,porsche carrera service dubai,2026-04-12 to 2026-09-25,0.0,23.0,0.0,43.26,Brand query,/brands/porsche-service-dubai,porsche-ctr-opportunities.csv,MEASURED CTR REVIEW,QUERY × PAGE DATA NEEDED; retain approved editorial owner pending post-release measurement,Metrics retained per source window; never added across overlapping windows. Editorial owner is not a historical landing URL. Exact-query-filtered Mercedes exports are a separate limited exception.
bmw body shop,bmw body shop,2026-04-12 to 2026-09-25,0.0,23.0,0.0,37.87,Brand query,/brands/bmw-service-dubai/body-repair,bmw-ctr-opportunities.csv,POSITION 21–40,QUERY × PAGE DATA NEEDED; retain approved editorial owner pending post-release measurement,Metrics retained per source window; never added across overlapping windows. Editorial owner is not a historical landing URL. Exact-query-filtered Mercedes exports are a separate limited exception.
ferrari transmission repair,ferrari transmission repair,2026-04-12 to 2026-09-25,0.0,23.0,0.0,20.65,Brand query,/brands/ferrari-service-dubai/transmission-repair,ferrari-ctr-opportunities.csv,POSITION 21–40,QUERY × PAGE DATA NEEDED; retain approved editorial owner pending post-release measurement,Metrics retained per source window; never added across overlapping windows. Editorial owner is not a historical landing URL. Exact-query-filtered Mercedes exports are a separate limited exception.
mercedes authorized service near me,mercedes authorized service near me,2026-04-12 to 2026-09-25,0,22,0,25.91,Brand query,/brands/mercedes-benz-service-dubai,b1-mercedes-ctr-opportunities.csv,POSITION 21–40,QUERY × PAGE DATA NEEDED; retain approved editorial owner pending post-release measurement,Metrics retained per source window; never added across overlapping windows. Editorial owner is not a historical landing URL. Exact-query-filtered Mercedes exports are a separate limited exception.
get tire fixed,get tyre fixed,2026-04-12 to 2026-09-25,0,22.0,0,9.73,Tyres,/services/tire-repair-dubai,g1-generic-commercial-ctr-opportunities.csv,POSITION 4–10,QUERY × PAGE DATA NEEDED; retain approved editorial owner pending post-release measurement,Metrics retained per source window; never added across overlapping windows. Editorial owner is not a historical landing URL. Exact-query-filtered Mercedes exports are a separate limited exception.
nearest tire repair shop to me,nearest tyre repair shop to me,2026-04-12 to 2026-09-25,0,22.0,0,10.14,Tyres,/services/tire-repair-dubai,g1-generic-commercial-ctr-opportunities.csv,POSITION 11–20,QUERY × PAGE DATA NEEDED; retain approved editorial owner pending post-release measurement,Metrics retained per source window; never added across overlapping windows. Editorial owner is not a historical landing URL. Exact-query-filtered Mercedes exports are a separate limited exception.
car workshops,car workshops,2026-04-12 to 2026-09-25,0,22.0,0,11.82,Broad workshop,/,g1-generic-commercial-ctr-opportunities.csv,POSITION 11–20,QUERY × PAGE DATA NEEDED; retain approved editorial owner pending post-release measurement,Metrics retained per source window; never added across overlapping windows. Editorial owner is not a historical landing URL. Exact-query-filtered Mercedes exports are a separate limited exception.
auto ac repair,auto ac repair,2026-04-12 to 2026-09-25,0,22.0,0,12.59,AC repair,/services/car-ac-repair-dubai,g1-generic-commercial-ctr-opportunities.csv,POSITION 11–20,QUERY × PAGE DATA NEEDED; retain approved editorial owner pending post-release measurement,Metrics retained per source window; never added across overlapping windows. Editorial owner is not a historical landing URL. Exact-query-filtered Mercedes exports are a separate limited exception.
خدمة تبديل بطارية السيارة دبي,خدمة تبديل بطارية السيارة دبي,2026-04-12 to 2026-09-25,0,22.0,0,14.27,Battery,/services/battery-replacement-dubai,g1-generic-commercial-ctr-opportunities.csv,POSITION 11–20,QUERY × PAGE DATA NEEDED; retain approved editorial owner pending post-release measurement,Metrics retained per source window; never added across overlapping windows. Editorial owner is not a historical landing URL. Exact-query-filtered Mercedes exports are a separate limited exception.
exhaust repair cost,exhaust repair cost,2026-04-12 to 2026-09-25,0,22.0,0,16.73,Exhaust repair,/services/exhaust-repair-dubai,g1-generic-commercial-ctr-opportunities.csv,POSITION 11–20,QUERY × PAGE DATA NEEDED; retain approved editorial owner pending post-release measurement,Metrics retained per source window; never added across overlapping windows. Editorial owner is not a historical landing URL. Exact-query-filtered Mercedes exports are a separate limited exception.
car suspension specialists,car suspension specialists,2026-04-12 to 2026-09-25,0,22.0,0,20.91,Suspension,/services/suspension-repair-dubai,g1-generic-commercial-ctr-opportunities.csv,POSITION 21–40,QUERY × PAGE DATA NEEDED; retain approved editorial owner pending post-release measurement,Metrics retained per source window; never added across overlapping windows. Editorial owner is not a historical landing URL. Exact-query-filtered Mercedes exports are a separate limited exception.
porsche gt3 service dubai,porsche gt3 service dubai,2026-04-12 to 2026-09-25,0.0,22.0,0.0,21.09,Brand query,/brands/porsche-service-dubai,porsche-ctr-opportunities.csv,POSITION 21–40,QUERY × PAGE DATA NEEDED; retain approved editorial owner pending post-release measurement,Metrics retained per source window; never added across overlapping windows. Editorial owner is not a historical landing URL. Exact-query-filtered Mercedes exports are a separate limited exception.
porsche 911 repair dubai,porsche 911 repair dubai,2026-04-12 to 2026-09-25,0.0,22.0,0.0,26.36,Brand query,/blog/porsche-911-service-dubai-guide,porsche-ctr-opportunities.csv,POSITION 21–40,QUERY × PAGE DATA NEEDED; retain approved editorial owner pending post-release measurement,Metrics retained per source window; never added across overlapping windows. Editorial owner is not a historical landing URL. Exact-query-filtered Mercedes exports are a separate limited exception.
bentley repairs,bentley repairs,2026-04-12 to 2026-09-25,0.0,22.0,0.0,58.5,Brand query,/brands/bentley-service-dubai,bentley-ctr-opportunities.csv,MEASURED CTR REVIEW,QUERY × PAGE DATA NEEDED; retain approved editorial owner pending post-release measurement,Metrics retained per source window; never added across overlapping windows. Editorial owner is not a historical landing URL. Exact-query-filtered Mercedes exports are a separate limited exception.
amg service center,amg service center,2026-04-12 to 2026-09-25,0,21,0,9.1,Brand query,/brands/mercedes-benz-service-dubai,b1-mercedes-ctr-opportunities.csv,POSITION 4–10,QUERY × PAGE DATA NEEDED; retain approved editorial owner pending post-release measurement,Metrics retained per source window; never added across overlapping windows. Editorial owner is not a historical landing URL. Exact-query-filtered Mercedes exports are a separate limited exception.
mercedes steering repair,mercedes steering repair,2026-04-12 to 2026-09-25,0,21,0,10.1,Brand query,/services/mercedes-steering-repair-dubai,b1-mercedes-ctr-opportunities.csv,POSITION 11–20,QUERY × PAGE DATA NEEDED; retain approved editorial owner pending post-release measurement,Metrics retained per source window; never added across overlapping windows. Editorial owner is not a historical landing URL. Exact-query-filtered Mercedes exports are a separate limited exception.
tuning mercedes,tuning mercedes,2026-04-12 to 2026-09-25,0,21,0,12.86,Brand query,/tuning,b1-mercedes-ctr-opportunities.csv,POSITION 11–20,QUERY × PAGE DATA NEEDED; retain approved editorial owner pending post-release measurement,Metrics retained per source window; never added across overlapping windows. Editorial owner is not a historical landing URL. Exact-query-filtered Mercedes exports are a separate limited exception.
mercedes service centre,mercedes service centre,2026-04-12 to 2026-09-25,0,21,0,13.48,Brand query,/brands/mercedes-benz-service-dubai,b1-mercedes-ctr-opportunities.csv,POSITION 11–20,QUERY × PAGE DATA NEEDED; retain approved editorial owner pending post-release measurement,Metrics retained per source window; never added across overlapping windows. Editorial owner is not a historical landing URL. Exact-query-filtered Mercedes exports are a separate limited exception.
mercedes repair shops dubai,mercedes repair shops dubai,2026-04-12 to 2026-09-25,0,21,0,16.1,Brand query,/brands/mercedes-benz-service-dubai,b1-mercedes-ctr-opportunities.csv,POSITION 11–20,QUERY × PAGE DATA NEEDED; retain approved editorial owner pending post-release measurement,Metrics retained per source window; never added across overlapping windows. Editorial owner is not a historical landing URL. Exact-query-filtered Mercedes exports are a separate limited exception.
volkswagen oil change,volkswagen oil change,2026-04-12 to 2026-09-25,0.0,21.0,0.0,14.9,Engine oil service,/brands/volkswagen-service-dubai/oil-change,b8-volkswagen-ctr-opportunities.csv,POSITION 11–20,QUERY × PAGE DATA NEEDED; retain approved editorial owner pending post-release measurement,Metrics retained per source window; never added across overlapping windows. Editorial owner is not a historical landing URL. Exact-query-filtered Mercedes exports are a separate limited exception.
vw workshop dubai,volkswagen workshop dubai,2026-04-12 to 2026-09-25,0.0,21.0,0.0,16.81,Broad Volkswagen service,/brands/volkswagen-service-dubai,b8-volkswagen-ctr-opportunities.csv,POSITION 11–20,QUERY × PAGE DATA NEEDED; retain approved editorial owner pending post-release measurement,Metrics retained per source window; never added across overlapping windows. Editorial owner is not a historical landing URL. Exact-query-filtered Mercedes exports are a separate limited exception.
vw service dubai,volkswagen service dubai,2026-04-12 to 2026-09-25,0.0,21.0,0.0,29.67,Broad Volkswagen service,/brands/volkswagen-service-dubai,b8-volkswagen-ctr-opportunities.csv,POSITION 21–40,QUERY × PAGE DATA NEEDED; retain approved editorial owner pending post-release measurement,Metrics retained per source window; never added across overlapping windows. Editorial owner is not a historical landing URL. Exact-query-filtered Mercedes exports are a separate limited exception.
silencer repair shop near me,silencer repair shop near me,2026-04-12 to 2026-09-25,0,21.0,0,7.86,Exhaust repair,/services/exhaust-repair-dubai,g1-generic-commercial-ctr-opportunities.csv,POSITION 4–10,QUERY × PAGE DATA NEEDED; retain approved editorial owner pending post-release measurement,Metrics retained per source window; never added across overlapping windows. Editorial owner is not a historical landing URL. Exact-query-filtered Mercedes exports are a separate limited exception.
stage 2 tuning near me,stage 2 tuning near me,2026-04-12 to 2026-09-25,0,21.0,0,9.9,Performance tuning,/tuning,g1-generic-commercial-ctr-opportunities.csv,POSITION 4–10,QUERY × PAGE DATA NEEDED; retain approved editorial owner pending post-release measurement,Metrics retained per source window; never added across overlapping windows. Editorial owner is not a historical landing URL. Exact-query-filtered Mercedes exports are a separate limited exception.
ecu tuning near me,ecu tuning near me,2026-04-12 to 2026-09-25,0,21.0,0,10.33,Performance tuning,/tuning,g1-generic-commercial-ctr-opportunities.csv,POSITION 11–20,QUERY × PAGE DATA NEEDED; retain approved editorial owner pending post-release measurement,Metrics retained per source window; never added across overlapping windows. Editorial owner is not a historical landing URL. Exact-query-filtered Mercedes exports are a separate limited exception.
car ac compressor repair,car ac compressor repair,2026-04-12 to 2026-09-25,0,21.0,0,11.67,AC repair,/services/car-ac-repair-dubai,g1-generic-commercial-ctr-opportunities.csv,POSITION 11–20,QUERY × PAGE DATA NEEDED; retain approved editorial owner pending post-release measurement,Metrics retained per source window; never added across overlapping windows. Editorial owner is not a historical landing URL. Exact-query-filtered Mercedes exports are a separate limited exception.
chip tuning near me,chip tuning near me,2026-04-12 to 2026-09-25,0,21.0,0,16.38,Performance tuning,/tuning,g1-generic-commercial-ctr-opportunities.csv,POSITION 11–20,QUERY × PAGE DATA NEEDED; retain approved editorial owner pending post-release measurement,Metrics retained per source window; never added across overlapping windows. Editorial owner is not a historical landing URL. Exact-query-filtered Mercedes exports are a separate limited exception.
car workshop,car workshop,2026-04-12 to 2026-09-25,0,21.0,0,17.9,Broad workshop,/,g1-generic-commercial-ctr-opportunities.csv,POSITION 11–20,QUERY × PAGE DATA NEEDED; retain approved editorial owner pending post-release measurement,Metrics retained per source window; never added across overlapping windows. Editorial owner is not a historical landing URL. Exact-query-filtered Mercedes exports are a separate limited exception.
suspension service dubai,suspension service dubai,2026-04-12 to 2026-09-25,0,21.0,0,23.9,Suspension,/services/suspension-repair-dubai,g1-generic-commercial-ctr-opportunities.csv,POSITION 21–40,QUERY × PAGE DATA NEEDED; retain approved editorial owner pending post-release measurement,Metrics retained per source window; never added across overlapping windows. Editorial owner is not a historical landing URL. Exact-query-filtered Mercedes exports are a separate limited exception.
battery replacement car,battery replacement car,2026-04-12 to 2026-09-25,0,21.0,0,24.76,Battery,/services/battery-replacement-dubai,g1-generic-commercial-ctr-opportunities.csv,POSITION 21–40,QUERY × PAGE DATA NEEDED; retain approved editorial owner pending post-release measurement,Metrics retained per source window; never added across overlapping windows. Editorial owner is not a historical landing URL. Exact-query-filtered Mercedes exports are a separate limited exception.
car electrical fault repair in dubai,car electrical fault repair in dubai,2026-06-07 to 2026-09-06,0.0,21.0,0.0,48.38,Electrical symptoms,/services/auto-electrical-repair-dubai,g2-generic-problem-ctr-opportunities.csv,MEASURED CTR REVIEW,QUERY × PAGE DATA NEEDED; retain approved editorial owner pending post-release measurement,Metrics retained per source window; never added across overlapping windows. Editorial owner is not a historical landing URL. Exact-query-filtered Mercedes exports are a separate limited exception.
car clear coat protection,car clear coat protection,2026-04-12 to 2026-09-25,0.0,21.0,0.0,25.14,Broad paint protection,/services/paint-protection-dubai,g3-protection-ctr-opportunities.csv,POSITION 21–40,QUERY × PAGE DATA NEEDED; retain approved editorial owner pending post-release measurement,Metrics retained per source window; never added across overlapping windows. Editorial owner is not a historical landing URL. Exact-query-filtered Mercedes exports are a separate limited exception.
coating protection,coating protection,2026-04-12 to 2026-09-25,0.0,21.0,0.0,33.62,Ceramic coating,/services/ceramic-coating,g3-protection-ctr-opportunities.csv,POSITION 21–40,QUERY × PAGE DATA NEEDED; retain approved editorial owner pending post-release measurement,Metrics retained per source window; never added across overlapping windows. Editorial owner is not a historical landing URL. Exact-query-filtered Mercedes exports are a separate limited exception.
graphene car paint protection in dubai,graphene car paint protection in dubai,2026-04-12 to 2026-09-25,0.0,21.0,0.0,44.9,Broad paint protection,,g3-protection-ctr-opportunities.csv,MEASURED CTR REVIEW,QUERY × PAGE DATA NEEDED; retain approved editorial owner pending post-release measurement,Metrics retained per source window; never added across overlapping windows. Editorial owner is not a historical landing URL. Exact-query-filtered Mercedes exports are a separate limited exception.
car exterior protection,car exterior protection,2026-04-12 to 2026-09-25,0.0,21.0,0.0,45.9,Broad paint protection,/services/paint-protection-dubai,g3-protection-ctr-opportunities.csv,MEASURED CTR REVIEW,QUERY × PAGE DATA NEEDED; retain approved editorial owner pending post-release measurement,Metrics retained per source window; never added across overlapping windows. Editorial owner is not a historical landing URL. Exact-query-filtered Mercedes exports are a separate limited exception.
best paint protection film service dubai,best paint protection film service dubai,2026-04-12 to 2026-09-25,0.0,21.0,0.0,49.9,PPF installation,/services/paint-protection-film,g3-protection-ctr-opportunities.csv,MEASURED CTR REVIEW,QUERY × PAGE DATA NEEDED; retain approved editorial owner pending post-release measurement,Metrics retained per source window; never added across overlapping windows. Editorial owner is not a historical landing URL. Exact-query-filtered Mercedes exports are a separate limited exception.
porsche repair jumeirah,porsche repair jumeirah,2026-04-12 to 2026-09-25,0.0,21.0,0.0,44.1,Brand query,/brands/porsche-service-dubai,porsche-ctr-opportunities.csv,MEASURED CTR REVIEW,QUERY × PAGE DATA NEEDED; retain approved editorial owner pending post-release measurement,Metrics retained per source window; never added across overlapping windows. Editorial owner is not a historical landing URL. Exact-query-filtered Mercedes exports are a separate limited exception.
bmw body repair dubai,bmw body repair dubai,2026-04-12 to 2026-09-25,0.0,21.0,0.0,16.81,Brand query,/brands/bmw-service-dubai/body-repair,bmw-ctr-opportunities.csv,POSITION 11–20,QUERY × PAGE DATA NEEDED; retain approved editorial owner pending post-release measurement,Metrics retained per source window; never added across overlapping windows. Editorial owner is not a historical landing URL. Exact-query-filtered Mercedes exports are a separate limited exception.
lamborghini dubai service center,lamborghini dubai service center,2026-04-12 to 2026-09-25,0.0,21.0,0.0,33.67,Brand query,/brands/lamborghini-service-dubai,lamborghini-ctr-opportunities.csv,POSITION 21–40,QUERY × PAGE DATA NEEDED; retain approved editorial owner pending post-release measurement,Metrics retained per source window; never added across overlapping windows. Editorial owner is not a historical landing URL. Exact-query-filtered Mercedes exports are a separate limited exception.
maybach repair dubai,maybach repair dubai,2026-04-12 to 2026-09-25,1.0,21.0,0.047599999999999996,6.57,Brand query,/brands/maybach-service-dubai,maybach-ctr-opportunities.csv,POSITION 4–10,QUERY × PAGE DATA NEEDED; retain approved editorial owner pending post-release measurement,Metrics retained per source window; never added across overlapping windows. Editorial owner is not a historical landing URL. Exact-query-filtered Mercedes exports are a separate limited exception.
mercedes service center al quoz,mercedes service center al quoz,2026-04-12 to 2026-09-25,0,20,0,8.6,Brand query,/brands/mercedes-benz-service-dubai,b1-mercedes-ctr-opportunities.csv,POSITION 4–10,QUERY × PAGE DATA NEEDED; retain approved editorial owner pending post-release measurement,Metrics retained per source window; never added across overlapping windows. Editorial owner is not a historical landing URL. Exact-query-filtered Mercedes exports are a separate limited exception.
mercedes chip tuning,mercedes chip tuning,2026-04-12 to 2026-09-25,0,20,0,17.35,Brand query,/tuning,b1-mercedes-ctr-opportunities.csv,POSITION 11–20,QUERY × PAGE DATA NEEDED; retain approved editorial owner pending post-release measurement,Metrics retained per source window; never added across overlapping windows. Editorial owner is not a historical landing URL. Exact-query-filtered Mercedes exports are a separate limited exception.
mercedes gearbox repair,mercedes gearbox repair,2026-04-12 to 2026-09-25,0,20,0,25.25,Brand query,/services/mercedes-transmission-repair-dubai,b1-mercedes-ctr-opportunities.csv,POSITION 21–40,QUERY × PAGE DATA NEEDED; retain approved editorial owner pending post-release measurement,Metrics retained per source window; never added across overlapping windows. Editorial owner is not a historical landing URL. Exact-query-filtered Mercedes exports are a separate limited exception.
cadillac engine repair dubai,cadillac engine repair dubai,2026-04-12 to 2026-09-25,0.0,20.0,0.0,30.05,Mechanical/cooling,/services/mechanical-repair-dubai,b7-cadillac-ctr-opportunities.csv,POSITION 21–40,QUERY × PAGE DATA NEEDED; retain approved editorial owner pending post-release measurement,Metrics retained per source window; never added across overlapping windows. Editorial owner is not a historical landing URL. Exact-query-filtered Mercedes exports are a separate limited exception.
volkswagen dsg oil change,volkswagen dsg oil change,2026-04-12 to 2026-09-25,0.0,20.0,0.0,30.1,DSG maintenance,/services/transmission-repair-dubai,b8-volkswagen-ctr-opportunities.csv,POSITION 21–40,QUERY × PAGE DATA NEEDED; retain approved editorial owner pending post-release measurement,Metrics retained per source window; never added across overlapping windows. Editorial owner is not a historical landing URL. Exact-query-filtered Mercedes exports are a separate limited exception.
volkswagen car service in dubai,volkswagen car service in dubai,2026-04-12 to 2026-09-25,0.0,20.0,0.0,43.35,Broad Volkswagen service,/brands/volkswagen-service-dubai,b8-volkswagen-ctr-opportunities.csv,MEASURED CTR REVIEW,QUERY × PAGE DATA NEEDED; retain approved editorial owner pending post-release measurement,Metrics retained per source window; never added across overlapping windows. Editorial owner is not a historical landing URL. Exact-query-filtered Mercedes exports are a separate limited exception.
silencer welding shop near me,silencer welding shop near me,2026-04-12 to 2026-09-25,0,20.0,0,5.5,Exhaust repair,/services/exhaust-repair-dubai,g1-generic-commercial-ctr-opportunities.csv,POSITION 4–10,QUERY × PAGE DATA NEEDED; retain approved editorial owner pending post-release measurement,Metrics retained per source window; never added across overlapping windows. Editorial owner is not a historical landing URL. Exact-query-filtered Mercedes exports are a separate limited exception.
vehicle workshop dubai,vehicle workshop dubai,2026-04-12 to 2026-09-25,0,20.0,0,8.6,Broad workshop,/,g1-generic-commercial-ctr-opportunities.csv,POSITION 4–10,QUERY × PAGE DATA NEEDED; retain approved editorial owner pending post-release measurement,Metrics retained per source window; never added across overlapping windows. Editorial owner is not a historical landing URL. Exact-query-filtered Mercedes exports are a separate limited exception.
near puncher shop,near puncher shop,2026-04-12 to 2026-09-25,0,20.0,0,9.45,Tyres,/services/tire-repair-dubai,g1-generic-commercial-ctr-opportunities.csv,POSITION 4–10,QUERY × PAGE DATA NEEDED; retain approved editorial owner pending post-release measurement,Metrics retained per source window; never added across overlapping windows. Editorial owner is not a historical landing URL. Exact-query-filtered Mercedes exports are a separate limited exception.
suspension repairs near me,suspension repair near me,2026-04-12 to 2026-09-25,0,20.0,0,18.8,Suspension,/services/suspension-repair-dubai,g1-generic-commercial-ctr-opportunities.csv,POSITION 11–20,QUERY × PAGE DATA NEEDED; retain approved editorial owner pending post-release measurement,Metrics retained per source window; never added across overlapping windows. Editorial owner is not a historical landing URL. Exact-query-filtered Mercedes exports are a separate limited exception.
protection paint,protection paint,2026-04-12 to 2026-09-25,0.0,20.0,0.0,27.65,Broad paint protection,/services/paint-protection-dubai,g3-protection-ctr-opportunities.csv,POSITION 21–40,QUERY × PAGE DATA NEEDED; retain approved editorial owner pending post-release measurement,Metrics retained per source window; never added across overlapping windows. Editorial owner is not a historical landing URL. Exact-query-filtered Mercedes exports are a separate limited exception.
paint protection film in dubai,paint protection film in dubai,2026-04-12 to 2026-09-25,0.0,20.0,0.0,31.4,PPF installation,/services/paint-protection-film,g3-protection-ctr-opportunities.csv,POSITION 21–40,QUERY × PAGE DATA NEEDED; retain approved editorial owner pending post-release measurement,Metrics retained per source window; never added across overlapping windows. Editorial owner is not a historical landing URL. Exact-query-filtered Mercedes exports are a separate limited exception.
paint prtection,paint protection,2026-04-12 to 2026-09-25,0.0,20.0,0.0,37.4,Broad paint protection,/services/paint-protection-dubai,g3-protection-ctr-opportunities.csv,POSITION 21–40,QUERY × PAGE DATA NEEDED; retain approved editorial owner pending post-release measurement,Metrics retained per source window; never added across overlapping windows. Editorial owner is not a historical landing URL. Exact-query-filtered Mercedes exports are a separate limited exception.
paint protection film service in dubai,paint protection film service in dubai,2026-04-12 to 2026-09-25,0.0,20.0,0.0,44.7,PPF installation,/services/paint-protection-film,g3-protection-ctr-opportunities.csv,MEASURED CTR REVIEW,QUERY × PAGE DATA NEEDED; retain approved editorial owner pending post-release measurement,Metrics retained per source window; never added across overlapping windows. Editorial owner is not a historical landing URL. Exact-query-filtered Mercedes exports are a separate limited exception.
graphene paint protection in dubai,graphene paint protection in dubai,2026-04-12 to 2026-09-25,0.0,20.0,0.0,46.6,Broad paint protection,,g3-protection-ctr-opportunities.csv,MEASURED CTR REVIEW,QUERY × PAGE DATA NEEDED; retain approved editorial owner pending post-release measurement,Metrics retained per source window; never added across overlapping windows. Editorial owner is not a historical landing URL. Exact-query-filtered Mercedes exports are a separate limited exception.
best bmw mechanic abu dhabi,best bmw mechanic abu dhabi,2026-04-12 to 2026-09-25,0.0,20.0,0.0,40.8,Brand query,,bmw-ctr-opportunities.csv,MEASURED CTR REVIEW,QUERY × PAGE DATA NEEDED; retain approved editorial owner pending post-release measurement,Metrics retained per source window; never added across overlapping windows. Editorial owner is not a historical landing URL. Exact-query-filtered Mercedes exports are a separate limited exception.
bentley battery replacement dubai,bentley battery replacement dubai,2026-04-12 to 2026-09-25,0.0,20.0,0.0,10.9,Brand query,/brands/bentley-service-dubai/battery-replacement,bentley-ctr-opportunities.csv,POSITION 11–20,QUERY × PAGE DATA NEEDED; retain approved editorial owner pending post-release measurement,Metrics retained per source window; never added across overlapping windows. Editorial owner is not a historical landing URL. Exact-query-filtered Mercedes exports are a separate limited exception.
bentley suspension repair dubai,bentley suspension repair dubai,2026-04-12 to 2026-09-25,0.0,20.0,0.0,28.8,Brand query,/brands/bentley-service-dubai/suspension-repair,bentley-ctr-opportunities.csv,POSITION 21–40,QUERY × PAGE DATA NEEDED; retain approved editorial owner pending post-release measurement,Metrics retained per source window; never added across overlapping windows. Editorial owner is not a historical landing URL. Exact-query-filtered Mercedes exports are a separate limited exception.
rolls royce car battery uae,rolls royce car battery uae,2026-04-12 to 2026-09-25,0.0,20.0,0.0,66.95,Brand query,/brands/rolls-royce-service-dubai/battery-replacement,rolls-royce-ctr-opportunities.csv,MEASURED CTR REVIEW,QUERY × PAGE DATA NEEDED; retain approved editorial owner pending post-release measurement,Metrics retained per source window; never added across overlapping windows. Editorial owner is not a historical landing URL. Exact-query-filtered Mercedes exports are a separate limited exception.
mercedes tuning near me,mercedes tuning near me,2026-04-12 to 2026-09-25,1,19,0.0526,5.63,Brand query,/tuning,b1-mercedes-ctr-opportunities.csv,POSITION 4–10,QUERY × PAGE DATA NEEDED; retain approved editorial owner pending post-release measurement,Metrics retained per source window; never added across overlapping windows. Editorial owner is not a historical landing URL. Exact-query-filtered Mercedes exports are a separate limited exception.
rox 01 soft close,rox 01 soft close,2026-04-12 to 2026-09-25,0.0,19.0,0.0,8.89,ROX soft-close installation,/brands/rox-service-dubai/soft-close-door-installation,b9-jetour-rox-ctr-opportunities.csv,POSITION 4–10,QUERY × PAGE DATA NEEDED; retain approved editorial owner pending post-release measurement,Metrics retained per source window; never added across overlapping windows. Editorial owner is not a historical landing URL. Exact-query-filtered Mercedes exports are a separate limited exception.
ecu scanning service,ecu scanning service,2026-04-12 to 2026-09-25,0,19.0,0,5.53,Diagnostics,/services/car-diagnostics-dubai,g1-generic-commercial-ctr-opportunities.csv,POSITION 4–10,QUERY × PAGE DATA NEEDED; retain approved editorial owner pending post-release measurement,Metrics retained per source window; never added across overlapping windows. Editorial owner is not a historical landing URL. Exact-query-filtered Mercedes exports are a separate limited exception.
battery change service,battery change service,2026-04-12 to 2026-09-25,0,19.0,0,10.05,Battery,/services/battery-replacement-dubai,g1-generic-commercial-ctr-opportunities.csv,POSITION 11–20,QUERY × PAGE DATA NEEDED; retain approved editorial owner pending post-release measurement,Metrics retained per source window; never added across overlapping windows. Editorial owner is not a historical landing URL. Exact-query-filtered Mercedes exports are a separate limited exception.
vehicle battery replacement,vehicle battery replacement,2026-04-12 to 2026-09-25,0,19.0,0,16.0,Battery,/services/battery-replacement-dubai,g1-generic-commercial-ctr-opportunities.csv,POSITION 11–20,QUERY × PAGE DATA NEEDED; retain approved editorial owner pending post-release measurement,Metrics retained per source window; never added across overlapping windows. Editorial owner is not a historical landing URL. Exact-query-filtered Mercedes exports are a separate limited exception.
oil change workshop,oil change workshop,2026-04-12 to 2026-09-25,0,19.0,0,21.0,Oil change,/services/oil-change-dubai,g1-generic-commercial-ctr-opportunities.csv,POSITION 21–40,QUERY × PAGE DATA NEEDED; retain approved editorial owner pending post-release measurement,Metrics retained per source window; never added across overlapping windows. Editorial owner is not a historical landing URL. Exact-query-filtered Mercedes exports are a separate limited exception.
ceramic car paint protection near me,ceramic car paint protection near me,2026-04-12 to 2026-09-25,0.0,19.0,0.0,11.37,Ceramic coating,/services/ceramic-coating,g3-protection-ctr-opportunities.csv,POSITION 11–20,QUERY × PAGE DATA NEEDED; retain approved editorial owner pending post-release measurement,Metrics retained per source window; never added across overlapping windows. Editorial owner is not a historical landing URL. Exact-query-filtered Mercedes exports are a separate limited exception.
bmw engine repair in dubai,bmw engine repair in dubai,2026-04-12 to 2026-09-25,0.0,19.0,0.0,3.84,Brand query,/brands/bmw-service-dubai/mechanical-repair,bmw-ctr-opportunities.csv,MEASURED CTR REVIEW,QUERY × PAGE DATA NEEDED; retain approved editorial owner pending post-release measurement,Metrics retained per source window; never added across overlapping windows. Editorial owner is not a historical landing URL. Exact-query-filtered Mercedes exports are a separate limited exception.
bmw electrical repair,bmw electrical repair,2026-04-12 to 2026-09-25,0.0,19.0,0.0,8.95,Brand query,/brands/bmw-service-dubai/electrical-repair,bmw-ctr-opportunities.csv,POSITION 4–10,QUERY × PAGE DATA NEEDED; retain approved editorial owner pending post-release measurement,Metrics retained per source window; never added across overlapping windows. Editorial owner is not a historical landing URL. Exact-query-filtered Mercedes exports are a separate limited exception.
mercedes repair dubai near me,mercedes repair dubai near me,2026-04-12 to 2026-09-25,2,18,0.11109999999999999,2.22,Brand query,/brands/mercedes-benz-service-dubai,b1-mercedes-ctr-opportunities.csv,MEASURED CTR REVIEW,QUERY × PAGE DATA NEEDED; retain approved editorial owner pending post-release measurement,Metrics retained per source window; never added across overlapping windows. Editorial owner is not a historical landing URL. Exact-query-filtered Mercedes exports are a separate limited exception.
bmw tuning dubai,bmw tuning dubai,2026-04-12 to 2026-09-25,1.0,18.0,0.0556,18.17,Brand query,/tuning,bmw-ctr-opportunities.csv,POSITION 11–20,QUERY × PAGE DATA NEEDED; retain approved editorial owner pending post-release measurement,Metrics retained per source window; never added across overlapping windows. Editorial owner is not a historical landing URL. Exact-query-filtered Mercedes exports are a separate limited exception.
mercedes repair shop,mercedes repair shop,2026-04-12 to 2026-09-25,1,17,0.0588,9.47,Brand query,/brands/mercedes-benz-service-dubai,b1-mercedes-ctr-opportunities.csv,POSITION 4–10,QUERY × PAGE DATA NEEDED; retain approved editorial owner pending post-release measurement,Metrics retained per source window; never added across overlapping windows. Editorial owner is not a historical landing URL. Exact-query-filtered Mercedes exports are a separate limited exception.
tyre puncture repair dubai,tyre puncture repair dubai,2026-09-09 to 2026-09-15,0.0,13.0,0.0,40.31,Tyre / wheel symptoms,/services/tire-repair-dubai,g2-generic-problem-ctr-opportunities.csv,MEASURED CTR REVIEW,QUERY × PAGE DATA NEEDED; retain approved editorial owner pending post-release measurement,Metrics retained per source window; never added across overlapping windows. Editorial owner is not a historical landing URL. Exact-query-filtered Mercedes exports are a separate limited exception.
tyre puncture repair dubai,tyre puncture repair dubai,2026-09-05 to 2026-09-11,0.0,12.0,0.0,41.75,Tyre / wheel symptoms,/services/tire-repair-dubai,g2-generic-problem-ctr-opportunities.csv,MEASURED CTR REVIEW,QUERY × PAGE DATA NEEDED; retain approved editorial owner pending post-release measurement,Metrics retained per source window; never added across overlapping windows. Editorial owner is not a historical landing URL. Exact-query-filtered Mercedes exports are a separate limited exception.
tyre puncture repair dubai,tyre puncture repair dubai,2026-09-07 to 2026-09-13,0.0,12.0,0.0,41.33,Tyre / wheel symptoms,/services/tire-repair-dubai,g2-generic-problem-ctr-opportunities.csv,MEASURED CTR REVIEW,QUERY × PAGE DATA NEEDED; retain approved editorial owner pending post-release measurement,Metrics retained per source window; never added across overlapping windows. Editorial owner is not a historical landing URL. Exact-query-filtered Mercedes exports are a separate limited exception.
puncture near me,puncture near me,2026-06-07 to 2026-09-06,0.0,11.0,0.0,7.18,Tyre / wheel symptoms,/services/tire-repair-dubai,g2-generic-problem-ctr-opportunities.csv,POSITION 4–10,QUERY × PAGE DATA NEEDED; retain approved editorial owner pending post-release measurement,Metrics retained per source window; never added across overlapping windows. Editorial owner is not a historical landing URL. Exact-query-filtered Mercedes exports are a separate limited exception.
bmw service center in dubai,bmw service center in dubai,2026-04-12 to 2026-09-25,1.0,11.0,0.0909,27.64,Brand query,/brands/bmw-service-dubai,bmw-ctr-opportunities.csv,POSITION 21–40,QUERY × PAGE DATA NEEDED; retain approved editorial owner pending post-release measurement,Metrics retained per source window; never added across overlapping windows. Editorial owner is not a historical landing URL. Exact-query-filtered Mercedes exports are a separate limited exception.
car electrical fault repair in dubai,car electrical fault repair in dubai,2026-08-06 to 2026-09-02,0.0,9.0,0.0,41.44,Electrical symptoms,/services/auto-electrical-repair-dubai,g2-generic-problem-ctr-opportunities.csv,MEASURED CTR REVIEW,QUERY × PAGE DATA NEEDED; retain approved editorial owner pending post-release measurement,Metrics retained per source window; never added across overlapping windows. Editorial owner is not a historical landing URL. Exact-query-filtered Mercedes exports are a separate limited exception.
oil change mercedes,oil change mercedes,2026-04-12 to 2026-09-25,1,7,0.1429,7.71,Brand query,/services/mercedes-oil-change-dubai,b1-mercedes-ctr-opportunities.csv,POSITION 4–10,QUERY × PAGE DATA NEEDED; retain approved editorial owner pending post-release measurement,Metrics retained per source window; never added across overlapping windows. Editorial owner is not a historical landing URL. Exact-query-filtered Mercedes exports are a separate limited exception.
dubai tuning,dubai tuning,2026-04-12 to 2026-09-25,1.0,5.0,0.2,24.0,Performance tuning,/tuning,g1-generic-commercial-ctr-opportunities.csv,POSITION 21–40,QUERY × PAGE DATA NEEDED; retain approved editorial owner pending post-release measurement,Metrics retained per source window; never added across overlapping windows. Editorial owner is not a historical landing URL. Exact-query-filtered Mercedes exports are a separate limited exception.
puncture service near me,puncture service near me,2026-08-06 to 2026-09-02,0.0,4.0,0.0,10.5,Tyre / wheel symptoms,/services/tire-repair-dubai,g2-generic-problem-ctr-opportunities.csv,POSITION 11–20,QUERY × PAGE DATA NEEDED; retain approved editorial owner pending post-release measurement,Metrics retained per source window; never added across overlapping windows. Editorial owner is not a historical landing URL. Exact-query-filtered Mercedes exports are a separate limited exception.
where to get puncture repaired near me,where to get puncture repaired near me,2026-08-06 to 2026-09-02,0.0,4.0,0.0,11.25,Tyre / wheel symptoms,/services/tire-repair-dubai,g2-generic-problem-ctr-opportunities.csv,POSITION 11–20,QUERY × PAGE DATA NEEDED; retain approved editorial owner pending post-release measurement,Metrics retained per source window; never added across overlapping windows. Editorial owner is not a historical landing URL. Exact-query-filtered Mercedes exports are a separate limited exception.
mercedes specialist workshop,mercedes specialist workshop,2026-04-12 to 2026-09-25,2,3,0.6667000000000001,6.67,Brand query,/brands/mercedes-benz-service-dubai,b1-mercedes-ctr-opportunities.csv,POSITION 4–10,QUERY × PAGE DATA NEEDED; retain approved editorial owner pending post-release measurement,Metrics retained per source window; never added across overlapping windows. Editorial owner is not a historical landing URL. Exact-query-filtered Mercedes exports are a separate limited exception.
oil service mercedes,oil service mercedes,2026-04-12 to 2026-09-25,1,2,0.5,5.5,Brand query,/services/mercedes-oil-change-dubai,b1-mercedes-ctr-opportunities.csv,POSITION 4–10,QUERY × PAGE DATA NEEDED; retain approved editorial owner pending post-release measurement,Metrics retained per source window; never added across overlapping windows. Editorial owner is not a historical landing URL. Exact-query-filtered Mercedes exports are a separate limited exception.
electronic steering rack repairs,electronic steering rack repair,2026-04-12 to 2026-09-25,1.0,2.0,0.5,8.5,Steering,/services/steering-repair-dubai,g1-generic-commercial-ctr-opportunities.csv,POSITION 4–10,QUERY × PAGE DATA NEEDED; retain approved editorial owner pending post-release measurement,Metrics retained per source window; never added across overlapping windows. Editorial owner is not a historical landing URL. Exact-query-filtered Mercedes exports are a separate limited exception.
tire patching service near me,tyre patching service near me,2026-04-12 to 2026-09-25,1.0,2.0,0.5,9.0,Tyres,/services/tire-repair-dubai,g1-generic-commercial-ctr-opportunities.csv,POSITION 4–10,QUERY × PAGE DATA NEEDED; retain approved editorial owner pending post-release measurement,Metrics retained per source window; never added across overlapping windows. Editorial owner is not a historical landing URL. Exact-query-filtered Mercedes exports are a separate limited exception.
تكييف السيارة مو بارد دبي,تكييف السيارة مو بارد دبي,2026-09-05 to 2026-09-11,0.0,2.0,0.0,18.0,AC cooling / airflow,/ar/blog/car-ac-not-cold-dubai-causes,g2-generic-problem-ctr-opportunities.csv,POSITION 11–20,QUERY × PAGE DATA NEEDED; retain approved editorial owner pending post-release measurement,Metrics retained per source window; never added across overlapping windows. Editorial owner is not a historical landing URL. Exact-query-filtered Mercedes exports are a separate limited exception.
car electrical fault repair in dubai,car electrical fault repair in dubai,2026-09-05 to 2026-09-11,0.0,2.0,0.0,30.5,Electrical symptoms,/services/auto-electrical-repair-dubai,g2-generic-problem-ctr-opportunities.csv,POSITION 21–40,QUERY × PAGE DATA NEEDED; retain approved editorial owner pending post-release measurement,Metrics retained per source window; never added across overlapping windows. Editorial owner is not a historical landing URL. Exact-query-filtered Mercedes exports are a separate limited exception.
puncture repair dubai,puncture repair dubai,2026-09-05 to 2026-09-11,0.0,2.0,0.0,32.5,Tyre / wheel symptoms,/services/tire-repair-dubai,g2-generic-problem-ctr-opportunities.csv,POSITION 21–40,QUERY × PAGE DATA NEEDED; retain approved editorial owner pending post-release measurement,Metrics retained per source window; never added across overlapping windows. Editorial owner is not a historical landing URL. Exact-query-filtered Mercedes exports are a separate limited exception.
car tyre puncture repair,car tyre puncture repair,2026-09-05 to 2026-09-11,0.0,2.0,0.0,38.5,Tyre / wheel symptoms,/services/tire-repair-dubai,g2-generic-problem-ctr-opportunities.csv,POSITION 21–40,QUERY × PAGE DATA NEEDED; retain approved editorial owner pending post-release measurement,Metrics retained per source window; never added across overlapping windows. Editorial owner is not a historical landing URL. Exact-query-filtered Mercedes exports are a separate limited exception.
تكييف السيارة مو بارد دبي,تكييف السيارة مو بارد دبي,2026-09-07 to 2026-09-13,0.0,2.0,0.0,18.0,AC cooling / airflow,/ar/blog/car-ac-not-cold-dubai-causes,g2-generic-problem-ctr-opportunities.csv,POSITION 11–20,QUERY × PAGE DATA NEEDED; retain approved editorial owner pending post-release measurement,Metrics retained per source window; never added across overlapping windows. Editorial owner is not a historical landing URL. Exact-query-filtered Mercedes exports are a separate limited exception.
check engine light diagnostic cost,check engine light diagnostic cost,2026-09-07 to 2026-09-13,0.0,2.0,0.0,30.0,Check-engine warning,/services/car-diagnostics-dubai,g2-generic-problem-ctr-opportunities.csv,POSITION 21–40,QUERY × PAGE DATA NEEDED; retain approved editorial owner pending post-release measurement,Metrics retained per source window; never added across overlapping windows. Editorial owner is not a historical landing URL. Exact-query-filtered Mercedes exports are a separate limited exception.
car electrical fault repair in dubai,car electrical fault repair in dubai,2026-09-07 to 2026-09-13,0.0,2.0,0.0,30.5,Electrical symptoms,/services/auto-electrical-repair-dubai,g2-generic-problem-ctr-opportunities.csv,POSITION 21–40,QUERY × PAGE DATA NEEDED; retain approved editorial owner pending post-release measurement,Metrics retained per source window; never added across overlapping windows. Editorial owner is not a historical landing URL. Exact-query-filtered Mercedes exports are a separate limited exception.
puncture repair dubai,puncture repair dubai,2026-09-07 to 2026-09-13,0.0,2.0,0.0,32.5,Tyre / wheel symptoms,/services/tire-repair-dubai,g2-generic-problem-ctr-opportunities.csv,POSITION 21–40,QUERY × PAGE DATA NEEDED; retain approved editorial owner pending post-release measurement,Metrics retained per source window; never added across overlapping windows. Editorial owner is not a historical landing URL. Exact-query-filtered Mercedes exports are a separate limited exception.
تكييف السيارة مو بارد دبي,تكييف السيارة مو بارد دبي,2026-09-09 to 2026-09-15,0.0,2.0,0.0,18.0,AC cooling / airflow,/ar/blog/car-ac-not-cold-dubai-causes,g2-generic-problem-ctr-opportunities.csv,POSITION 11–20,QUERY × PAGE DATA NEEDED; retain approved editorial owner pending post-release measurement,Metrics retained per source window; never added across overlapping windows. Editorial owner is not a historical landing URL. Exact-query-filtered Mercedes exports are a separate limited exception.
check engine light diagnostic cost,check engine light diagnostic cost,2026-09-09 to 2026-09-15,0.0,2.0,0.0,30.0,Check-engine warning,/services/car-diagnostics-dubai,g2-generic-problem-ctr-opportunities.csv,POSITION 21–40,QUERY × PAGE DATA NEEDED; retain approved editorial owner pending post-release measurement,Metrics retained per source window; never added across overlapping windows. Editorial owner is not a historical landing URL. Exact-query-filtered Mercedes exports are a separate limited exception.
car electrical fault repair in dubai,car electrical fault repair in dubai,2026-09-09 to 2026-09-15,0.0,2.0,0.0,30.5,Electrical symptoms,/services/auto-electrical-repair-dubai,g2-generic-problem-ctr-opportunities.csv,POSITION 21–40,QUERY × PAGE DATA NEEDED; retain approved editorial owner pending post-release measurement,Metrics retained per source window; never added across overlapping windows. Editorial owner is not a historical landing URL. Exact-query-filtered Mercedes exports are a separate limited exception.
power steering mechanics near me,power steering mechanics near me,2026-04-12 to 2026-09-25,1.0,1.0,1.0,4.0,Steering,/services/steering-repair-dubai,g1-generic-commercial-ctr-opportunities.csv,POSITION 4–10,QUERY × PAGE DATA NEEDED; retain approved editorial owner pending post-release measurement,Metrics retained per source window; never added across overlapping windows. Editorial owner is not a historical landing URL. Exact-query-filtered Mercedes exports are a separate limited exception.
exhaust and muffler shop near me,exhaust and muffler shop near me,2026-04-12 to 2026-09-25,1.0,1.0,1.0,6.0,Exhaust repair,/services/exhaust-repair-dubai,g1-generic-commercial-ctr-opportunities.csv,POSITION 4–10,QUERY × PAGE DATA NEEDED; retain approved editorial owner pending post-release measurement,Metrics retained per source window; never added across overlapping windows. Editorial owner is not a historical landing URL. Exact-query-filtered Mercedes exports are a separate limited exception.
minor body repair shop near me,minor body repair shop near me,2026-04-12 to 2026-09-25,1.0,1.0,1.0,11.0,Body / collision,/services/car-body-repair-dubai,g1-generic-commercial-ctr-opportunities.csv,POSITION 11–20,QUERY × PAGE DATA NEEDED; retain approved editorial owner pending post-release measurement,Metrics retained per source window; never added across overlapping windows. Editorial owner is not a historical landing URL. Exact-query-filtered Mercedes exports are a separate limited exception.
car door repair,car door repair,2026-04-12 to 2026-09-25,1.0,1.0,1.0,13.0,Body electronics,/services/auto-electrical-repair-dubai,g1-generic-commercial-ctr-opportunities.csv,POSITION 11–20,QUERY × PAGE DATA NEEDED; retain approved editorial owner pending post-release measurement,Metrics retained per source window; never added across overlapping windows. Editorial owner is not a historical landing URL. Exact-query-filtered Mercedes exports are a separate limited exception.
stage 1 tuning dubai,stage 1 tuning dubai,2026-04-12 to 2026-09-25,1.0,1.0,1.0,13.0,Performance tuning,/tuning,g1-generic-commercial-ctr-opportunities.csv,POSITION 11–20,QUERY × PAGE DATA NEEDED; retain approved editorial owner pending post-release measurement,Metrics retained per source window; never added across overlapping windows. Editorial owner is not a historical landing URL. Exact-query-filtered Mercedes exports are a separate limited exception.
