url,language,page_type,primary_intent,indexability,robots,canonical,canonical_status,sitemap_member,hreflang_status,commercial_importance,measured_evidence,indexable_alternative,issue,g4_action,blocking,notes
/,en,home,Independent workshop overview; navigation to individual services,INDEX,"index, follow, max-image-preview:large",https://digitecme.com/,PASS,YES,Existing policy; validate reciprocal destinations,HIGH,"digitec: 312.0 impressions, 11.0 clicks, position 6.1 (2026-04-12 to 2026-09-25); luxury car repair dubai: 307.0 impressions, 0 clicks, position 49.62 (2026-04-12 to 2026-09-25)",/services,,RETAIN POLICY,NO,"Approved source records reconciled with rendered route; supporting links are observed relationships, not competing primary assignments. "
/about,en,about,About D IGI-TEC,INDEX,"index, follow, max-image-preview:large",https://digitecme.com/about,PASS,YES,Existing policy; validate reciprocal destinations,SUPPORT,,,,RETAIN POLICY,NO,"Approved source records reconciled with rendered route; supporting links are observed relationships, not competing primary assignments. "
/ar,ar,home,Independent workshop overview; navigation to individual services,INDEX,"index, follow, max-image-preview:large",https://digitecme.com/ar,PASS,YES,Existing policy; validate reciprocal destinations,HIGH,"digitec: 312.0 impressions, 11.0 clicks, position 6.1 (2026-04-12 to 2026-09-25); luxury car repair dubai: 307.0 impressions, 0 clicks, position 49.62 (2026-04-12 to 2026-09-25)",/ar/services,,RETAIN POLICY,NO,"Approved source records reconciled with rendered route; supporting links are observed relationships, not competing primary assignments. "
/ar/about,ar,about,عن D IGI-TEC,INDEX,"index, follow, max-image-preview:large",https://digitecme.com/ar/about,PASS,YES,Existing policy; validate reciprocal destinations,SUPPORT,,,,RETAIN POLICY,NO,"Approved source records reconciled with rendered route; supporting links are observed relationships, not competing primary assignments. "
/ar/best-audi-workshop-dubai,ar,workshop-guide,ورشة خدمة وإصلاح Audi في دبي,INDEX,"index, follow, max-image-preview:large",https://digitecme.com/ar/best-audi-workshop-dubai,PASS,YES,Existing policy; validate reciprocal destinations,SUPPORT,,/ar/best-car-workshop-dubai,,RETAIN POLICY,NO,"Approved source records reconciled with rendered route; supporting links are observed relationships, not competing primary assignments. "
/ar/best-bmw-workshop-dubai,ar,workshop-guide,كيف تختار ورشة BMW في دبي,INDEX,"index, follow, max-image-preview:large",https://digitecme.com/ar/best-bmw-workshop-dubai,PASS,YES,Existing policy; validate reciprocal destinations,SUPPORT,No latest query mapped; absence from top-query export does not mean zero traffic,/ar/best-car-workshop-dubai,,RETAIN POLICY,NO,"Approved source records reconciled with rendered route; supporting links are observed relationships, not competing primary assignments. "
/ar/best-car-workshop-dubai,ar,workshop-guide,"Workshop selection criteria, not broad booking ownership",INDEX,"index, follow, max-image-preview:large",https://digitecme.com/ar/best-car-workshop-dubai,PASS,YES,Existing policy; validate reciprocal destinations,SUPPORT,"best car workshop in dubai: 94.0 impressions, 0 clicks, position 15.77 (2026-04-12 to 2026-09-25); best car modification in dubai: 25.0 impressions, 0 clicks, position 34.96 (2026-04-12 to 2026-09-25)",/ar/best-bmw-workshop-dubai,,RETAIN POLICY,NO,"Approved source records reconciled with rendered route; supporting links are observed relationships, not competing primary assignments. "
/ar/best-ferrari-workshop-dubai,ar,workshop-guide,اختيار ورشة Ferrari في دبي,INDEX,"index, follow, max-image-preview:large",https://digitecme.com/ar/best-ferrari-workshop-dubai,PASS,YES,Existing policy; validate reciprocal destinations,SUPPORT,No latest query mapped; top-query export does not establish zero page traffic,/ar/best-car-workshop-dubai,,RETAIN POLICY,NO,"Approved source records reconciled with rendered route; supporting links are observed relationships, not competing primary assignments. "
/ar/best-lamborghini-workshop-dubai,ar,workshop-guide,اختيار ورشة Lamborghini في دبي,INDEX,"index, follow, max-image-preview:large",https://digitecme.com/ar/best-lamborghini-workshop-dubai,PASS,YES,Existing policy; validate reciprocal destinations,SUPPORT,No latest query mapped; top-query export does not establish zero page traffic,/ar/best-car-workshop-dubai,,RETAIN POLICY,NO,"Approved source records reconciled with rendered route; supporting links are observed relationships, not competing primary assignments. "
/ar/best-porsche-workshop-dubai,ar,workshop-guide,ورشة خدمة وإصلاح Porsche في دبي,INDEX,"index, follow, max-image-preview:large",https://digitecme.com/ar/best-porsche-workshop-dubai,PASS,YES,Existing policy; validate reciprocal destinations,SUPPORT,No latest query mapped; absence from top-query export does not mean zero traffic,/ar/best-car-workshop-dubai,,RETAIN POLICY,NO,"Approved source records reconciled with rendered route; supporting links are observed relationships, not competing primary assignments. "
/ar/best-range-rover-workshop-dubai,ar,workshop-guide,ورشة خدمة وإصلاح Range Rover في دبي,INDEX,"index, follow, max-image-preview:large",https://digitecme.com/ar/best-range-rover-workshop-dubai,PASS,YES,Existing policy; validate reciprocal destinations,SUPPORT,No query × landing-page join supplied,/ar/brands/range-rover-service-dubai,,RETAIN POLICY,NO,"Approved source records reconciled with rendered route; supporting links are observed relationships, not competing primary assignments. "
/ar/blog,ar,blog-hub,مجلة ديجي-تك,INDEX,"index, follow, max-image-preview:large",https://digitecme.com/ar/blog,PASS,YES,Existing policy; validate reciprocal destinations,SUPPORT,,/ar/blog/maybach-best-workshop-dubai,,RETAIN POLICY,NO,"Approved source records reconciled with rendered route; supporting links are observed relationships, not competing primary assignments. "
/ar/blog/air-suspension-repair-dubai-guide,ar,article,"Supporting suspension — supporting information, not a new symptom owner",INDEX,"index, follow, max-image-preview:large",https://digitecme.com/ar/blog/air-suspension-repair-dubai-guide,PASS,YES,Existing policy; validate reciprocal destinations,SUPPORT,No original query-level measured term assigned; editorial ownership only,/ar/blog,,RETAIN POLICY,NO,"Approved source records reconciled with rendered route; supporting links are observed relationships, not competing primary assignments. "
/ar/blog/aston-martin-best-workshop-dubai,ar,article,دليل ورشة Aston Martin المتخصصة في دبي,INDEX,"index, follow, max-image-preview:large",https://digitecme.com/ar/blog/aston-martin-best-workshop-dubai,PASS,YES,Existing policy; validate reciprocal destinations,SUPPORT,,/ar/brands/aston-martin-service-dubai,,RETAIN POLICY,NO,"Approved source records reconciled with rendered route; supporting links are observed relationships, not competing primary assignments. "
/ar/blog/aston-martin-db11-service-dubai-guide,ar,article,صيانة أستون مارتن DB11 في دبي: V8 وV12 والعناية الزمنية,INDEX,"index, follow, max-image-preview:large",https://digitecme.com/ar/blog/aston-martin-db11-service-dubai-guide,PASS,YES,Existing policy; validate reciprocal destinations,SUPPORT,,/ar/blog,,RETAIN POLICY,NO,"Approved source records reconciled with rendered route; supporting links are observed relationships, not competing primary assignments. "
/ar/blog/audi-maintenance-guide-dubai,ar,article,دليل ورشة Audi المتخصصة في دبي,INDEX,"index, follow, max-image-preview:large",https://digitecme.com/ar/blog/audi-maintenance-guide-dubai,PASS,YES,Existing policy; validate reciprocal destinations,SUPPORT,,/ar/best-audi-workshop-dubai,,RETAIN POLICY,NO,"Approved source records reconciled with rendered route; supporting links are observed relationships, not competing primary assignments. "
/ar/blog/audi-q7-service-dubai-guide,ar,article,صيانة أودي Q7 في دبي: سيارة العائلة والرحلات القصيرة,INDEX,"index, follow, max-image-preview:large",https://digitecme.com/ar/blog/audi-q7-service-dubai-guide,PASS,YES,Existing policy; validate reciprocal destinations,SUPPORT,,/ar/blog,,RETAIN POLICY,NO,"Approved source records reconciled with rendered route; supporting links are observed relationships, not competing primary assignments. "
/ar/blog/audi-rs-service-dubai-guide,ar,article,صيانة أودي RS في دبي: العناية بالمحرك ونظام quattro,INDEX,"index, follow, max-image-preview:large",https://digitecme.com/ar/blog/audi-rs-service-dubai-guide,PASS,YES,Existing policy; validate reciprocal destinations,SUPPORT,,/ar/blog,,RETAIN POLICY,NO,"Approved source records reconciled with rendered route; supporting links are observed relationships, not competing primary assignments. "
/ar/blog/bentley-best-workshop-dubai,ar,article,Choosing an independent Bentley workshop,INDEX,"index, follow, max-image-preview:large",https://digitecme.com/ar/blog/bentley-best-workshop-dubai,PASS,YES,Existing policy; validate reciprocal destinations,SUPPORT,No query × page evidence supplied,/ar/brands/bentley-service-dubai,,RETAIN POLICY,NO,"Approved source records reconciled with rendered route; supporting links are observed relationships, not competing primary assignments. "
/ar/blog/bentley-continental-gt-service-dubai-guide,ar,article,Bentley model-specific service planning,INDEX,"index, follow, max-image-preview:large",https://digitecme.com/ar/blog/bentley-continental-gt-service-dubai-guide,PASS,YES,Existing policy; validate reciprocal destinations,HIGH,No query × page evidence supplied,/ar/blog,,RETAIN POLICY,NO,"Approved source records reconciled with rendered route; supporting links are observed relationships, not competing primary assignments. "
/ar/blog/best-car-workshop-dubai,ar,article,أفضل ورشة سيارات في دبي: دليل الاختيار لعام 2026,INDEX,"index, follow, max-image-preview:large",https://digitecme.com/ar/blog/best-car-workshop-dubai,PASS,YES,Existing policy; validate reciprocal destinations,SUPPORT,,/ar/blog,,RETAIN POLICY,NO,"Approved source records reconciled with rendered route; supporting links are observed relationships, not competing primary assignments. "
/ar/blog/best-defender-workshop-dubai,ar,article,أفضل ورشة ديفندر في دبي: دراسة حالة إصلاح حادث حقيقي,INDEX,"index, follow, max-image-preview:large",https://digitecme.com/ar/blog/best-defender-workshop-dubai,PASS,YES,Existing policy; validate reciprocal destinations,SUPPORT,No query × landing-page join supplied,/ar/blog,,RETAIN POLICY,NO,"Approved source records reconciled with rendered route; supporting links are observed relationships, not competing primary assignments. "
/ar/blog/best-oil-change-dubai-mercedes,ar,article,Answer كيف تختار خدمة تغيير زيت مرسيدس في دبي؟,INDEX,"index, follow, max-image-preview:large",https://digitecme.com/ar/blog/best-oil-change-dubai-mercedes,PASS,YES,Existing policy; validate reciprocal destinations,SUPPORT,,/ar/blog,,RETAIN POLICY,NO,"Approved source records reconciled with rendered route; supporting links are observed relationships, not competing primary assignments. "
/ar/blog/bmw-m-service-dubai-guide,ar,article,صيانة BMW M في دبي: الزيت والتبريد ونظام الدفع,INDEX,"index, follow, max-image-preview:large",https://digitecme.com/ar/blog/bmw-m-service-dubai-guide,PASS,YES,Existing policy; validate reciprocal destinations,SUPPORT,No latest query mapped; absence from top-query export does not mean zero traffic,/ar/blog,,RETAIN POLICY,NO,"Approved source records reconciled with rendered route; supporting links are observed relationships, not competing primary assignments. "
/ar/blog/bmw-maintenance-guide-dubai,ar,article,دليل ورشة BMW المتخصصة في دبي,INDEX,"index, follow, max-image-preview:large",https://digitecme.com/ar/blog/bmw-maintenance-guide-dubai,PASS,YES,Existing policy; validate reciprocal destinations,SUPPORT,No latest query mapped; absence from top-query export does not mean zero traffic,/ar/best-bmw-workshop-dubai,,RETAIN POLICY,NO,"Approved source records reconciled with rendered route; supporting links are observed relationships, not competing primary assignments. "
/ar/blog/bmw-x5-service-dubai-guide,ar,article,صيانة BMW X5 في دبي: التبريد وxDrive والتعليق,INDEX,"index, follow, max-image-preview:large",https://digitecme.com/ar/blog/bmw-x5-service-dubai-guide,PASS,YES,Existing policy; validate reciprocal destinations,SUPPORT,No latest query mapped; absence from top-query export does not mean zero traffic,/ar/blog,,RETAIN POLICY,NO,"Approved source records reconciled with rendered route; supporting links are observed relationships, not competing primary assignments. "
/ar/blog/brake-repair-dubai,ar,article,"Supporting brake — supporting information, not a new symptom owner",INDEX,"index, follow, max-image-preview:large",https://digitecme.com/ar/blog/brake-repair-dubai,PASS,YES,Existing policy; validate reciprocal destinations,SUPPORT,No original query-level measured term assigned; editorial ownership only,/ar/blog,,RETAIN POLICY,NO,"Approved source records reconciled with rendered route; supporting links are observed relationships, not competing primary assignments. "
/ar/blog/cadillac-best-workshop-dubai,ar,article,دليل ورشة Cadillac المتخصصة في دبي,INDEX,"index, follow, max-image-preview:large",https://digitecme.com/ar/blog/cadillac-best-workshop-dubai,PASS,YES,Existing policy; validate reciprocal destinations,SUPPORT,No query × landing-page join supplied,/ar/brands/cadillac-service-dubai,,RETAIN POLICY,NO,"Approved source records reconciled with rendered route; supporting links are observed relationships, not competing primary assignments. "
/ar/blog/car-ac-not-cold-dubai-causes,ar,article,AC cooling / airflow — symptom explanation and next step,INDEX,"index, follow, max-image-preview:large",https://digitecme.com/ar/blog/car-ac-not-cold-dubai-causes,PASS,YES,Existing policy; validate reciprocal destinations,SUPPORT,تكييف السيارة مو بارد دبي [2026-09-05 to 2026-09-11]; تكييف السيارة مو بارد دبي [2026-09-07 to 2026-09-13]; تكييف السيارة مو بارد دبي [2026-09-09 to 2026-09-15],/ar/blog,,RETAIN POLICY,NO,"Approved source records reconciled with rendered route; supporting links are observed relationships, not competing primary assignments. "
/ar/blog/car-ac-repair-dubai,ar,article,"Supporting AC — supporting information, not a new symptom owner",INDEX,"index, follow, max-image-preview:large",https://digitecme.com/ar/blog/car-ac-repair-dubai,PASS,YES,Existing policy; validate reciprocal destinations,SUPPORT,No original query-level measured term assigned; editorial ownership only,/ar/blog,,RETAIN POLICY,NO,"Approved source records reconciled with rendered route; supporting links are observed relationships, not competing primary assignments. "
/ar/blog/car-battery-life-dubai-heat,ar,article,"Battery drain — supporting information, not a new symptom owner",INDEX,"index, follow, max-image-preview:large",https://digitecme.com/ar/blog/car-battery-life-dubai-heat,PASS,YES,Existing policy; validate reciprocal destinations,SUPPORT,No original query-level measured term assigned; editorial ownership only,/ar/blog,,RETAIN POLICY,NO,"Approved source records reconciled with rendered route; supporting links are observed relationships, not competing primary assignments. "
/ar/blog/car-battery-replacement-dubai,ar,article,"Supporting battery — supporting information, not a new symptom owner",INDEX,"index, follow, max-image-preview:large",https://digitecme.com/ar/blog/car-battery-replacement-dubai,PASS,YES,Existing policy; validate reciprocal destinations,SUPPORT,No original query-level measured term assigned; editorial ownership only,/ar/blog,,RETAIN POLICY,NO,"Approved source records reconciled with rendered route; supporting links are observed relationships, not competing primary assignments. "
/ar/blog/car-service-cost-dubai-luxury-brands,ar,article,تكلفة صيانة السيارات الفاخرة في دبي: قراءة عرض السعر,INDEX,"index, follow, max-image-preview:large",https://digitecme.com/ar/blog/car-service-cost-dubai-luxury-brands,PASS,YES,Existing policy; validate reciprocal destinations,SUPPORT,,/ar/blog,,RETAIN POLICY,NO,"Approved source records reconciled with rendered route; supporting links are observed relationships, not competing primary assignments. "
/ar/blog/car-service-interval-dubai-heat,ar,article,مواعيد صيانة السيارة في دبي: الوقت والمسافة والاستخدام,INDEX,"index, follow, max-image-preview:large",https://digitecme.com/ar/blog/car-service-interval-dubai-heat,PASS,YES,Existing policy; validate reciprocal destinations,SUPPORT,,/ar/blog,,RETAIN POLICY,NO,"Approved source records reconciled with rendered route; supporting links are observed relationships, not competing primary assignments. "
/ar/blog/ceramic-coating-vs-ppf-dubai,ar,article,Compare physical film and surface coating before selecting service,INDEX,"index, follow, max-image-preview:large",https://digitecme.com/ar/blog/ceramic-coating-vs-ppf-dubai,PASS,YES,Existing policy; validate reciprocal destinations,HIGH,"Measured queries support intent only, not historical URL",/ar/blog,,RETAIN POLICY,NO,"Approved source records reconciled with rendered route; supporting links are observed relationships, not competing primary assignments. "
/ar/blog/check-engine-light-dubai-guide,ar,article,Check-engine warning — symptom explanation and next step,INDEX,"index, follow, max-image-preview:large",https://digitecme.com/ar/blog/check-engine-light-dubai-guide,PASS,YES,Existing policy; validate reciprocal destinations,SUPPORT,No original query-level measured term assigned; editorial ownership only,/ar/blog,,RETAIN POLICY,NO,"Approved source records reconciled with rendered route; supporting links are observed relationships, not competing primary assignments. "
/ar/blog/chevrolet-best-workshop-dubai,ar,article,دليل ورشة Chevrolet المتخصصة في دبي,INDEX,"index, follow, max-image-preview:large",https://digitecme.com/ar/blog/chevrolet-best-workshop-dubai,PASS,YES,Existing policy; validate reciprocal destinations,SUPPORT,,/ar/brands/chevrolet-service-dubai,,RETAIN POLICY,NO,"Approved source records reconciled with rendered route; supporting links are observed relationships, not competing primary assignments. "
/ar/blog/dealer-vs-independent-workshop-dubai,ar,article,الوكالة أم الورشة المستقلة في دبي: كيف تختار؟,INDEX,"index, follow, max-image-preview:large",https://digitecme.com/ar/blog/dealer-vs-independent-workshop-dubai,PASS,YES,Existing policy; validate reciprocal destinations,SUPPORT,,/ar/blog,,RETAIN POLICY,NO,"Approved source records reconciled with rendered route; supporting links are observed relationships, not competing primary assignments. "
/ar/blog/defender-service-dubai-guide,ar,article,صيانة لاند روفر ديفندر في دبي: الطريق والرحلات الصحراوية,INDEX,"index, follow, max-image-preview:large",https://digitecme.com/ar/blog/defender-service-dubai-guide,PASS,YES,Existing policy; validate reciprocal destinations,SUPPORT,No query × landing-page join supplied,/ar/blog,,RETAIN POLICY,NO,"Approved source records reconciled with rendered route; supporting links are observed relationships, not competing primary assignments. "
/ar/blog/ecu-remap-safe-dubai-guide,ar,article,برمجة المحرك في دبي: الأسئلة قبل تعديل ECU,INDEX,"index, follow, max-image-preview:large",https://digitecme.com/ar/blog/ecu-remap-safe-dubai-guide,PASS,YES,Existing policy; validate reciprocal destinations,SUPPORT,,/ar/blog,,RETAIN POLICY,NO,"Approved source records reconciled with rendered route; supporting links are observed relationships, not competing primary assignments. "
/ar/blog/engine-overheating-dubai-what-to-do,ar,article,Overheating — symptom explanation and next step,INDEX,"index, follow, max-image-preview:large",https://digitecme.com/ar/blog/engine-overheating-dubai-what-to-do,PASS,YES,Existing policy; validate reciprocal destinations,SUPPORT,No original query-level measured term assigned; editorial ownership only,/ar/blog,,RETAIN POLICY,NO,"Approved source records reconciled with rendered route; supporting links are observed relationships, not competing primary assignments. "
/ar/blog/ferrari-488-service-dubai-guide,ar,article,صيانة فيراري 488 دبي,INDEX,"index, follow, max-image-preview:large",https://digitecme.com/ar/blog/ferrari-488-service-dubai-guide,PASS,YES,Existing policy; validate reciprocal destinations,SUPPORT,No latest query mapped; top-query export does not establish zero page traffic,/ar/blog,,RETAIN POLICY,NO,"Approved source records reconciled with rendered route; supporting links are observed relationships, not competing primary assignments. "
/ar/blog/ferrari-maintenance-guide-dubai,ar,article,صيانة فيراري في دبي,INDEX,"index, follow, max-image-preview:large",https://digitecme.com/ar/blog/ferrari-maintenance-guide-dubai,PASS,YES,Existing policy; validate reciprocal destinations,SUPPORT,No latest query mapped; top-query export does not establish zero page traffic,/ar/brands/ferrari-service-dubai,,RETAIN POLICY,NO,"Approved source records reconciled with rendered route; supporting links are observed relationships, not competing primary assignments. "
/ar/blog/ford-best-workshop-dubai,ar,article,دليل ورشة Ford المتخصصة في دبي,INDEX,"index, follow, max-image-preview:large",https://digitecme.com/ar/blog/ford-best-workshop-dubai,PASS,YES,Existing policy; validate reciprocal destinations,SUPPORT,,/ar/brands/ford-service-dubai,,RETAIN POLICY,NO,"Approved source records reconciled with rendered route; supporting links are observed relationships, not competing primary assignments. "
/ar/blog/g63-to-brabus-g800-conversion-dubai,ar,article,تحويل G63 بأسلوب BRABUS G 800 في دبي: مراحل مشروع فعلي,INDEX,"index, follow, max-image-preview:large",https://digitecme.com/ar/blog/g63-to-brabus-g800-conversion-dubai,PASS,YES,Existing policy; validate reciprocal destinations,SUPPORT,,/ar/blog,,RETAIN POLICY,NO,"Approved source records reconciled with rendered route; supporting links are observed relationships, not competing primary assignments. "
/ar/blog/gad-tuning-explained,ar,article,شرح برمجة GAD: ما الذي يجعلها مختلفة؟,INDEX,"index, follow, max-image-preview:large",https://digitecme.com/ar/blog/gad-tuning-explained,PASS,YES,Existing policy; validate reciprocal destinations,SUPPORT,,/ar/blog,,RETAIN POLICY,NO,"Approved source records reconciled with rendered route; supporting links are observed relationships, not competing primary assignments. "
/ar/blog/how-much-is-my-mercedes-worth-dubai,ar,article,كم تبلغ قيمة سيارتي مرسيدس في دبي؟,INDEX,"index, follow, max-image-preview:large",https://digitecme.com/ar/blog/how-much-is-my-mercedes-worth-dubai,PASS,YES,Existing policy; validate reciprocal destinations,SUPPORT,,/ar/blog,,RETAIN POLICY,NO,"Approved source records reconciled with rendered route; supporting links are observed relationships, not competing primary assignments. "
/ar/blog/jaguar-best-workshop-dubai,ar,article,دليل ورشة Jaguar المتخصصة في دبي,INDEX,"index, follow, max-image-preview:large",https://digitecme.com/ar/blog/jaguar-best-workshop-dubai,PASS,YES,Existing policy; validate reciprocal destinations,SUPPORT,No query × landing-page join supplied,/ar/brands/jaguar-service-dubai,,RETAIN POLICY,NO,"Approved source records reconciled with rendered route; supporting links are observed relationships, not competing primary assignments. "
/ar/blog/lamborghini-maintenance-guide-dubai,ar,article,ورشة Lamborghini في دبي,INDEX,"index, follow, max-image-preview:large",https://digitecme.com/ar/blog/lamborghini-maintenance-guide-dubai,PASS,YES,Existing policy; validate reciprocal destinations,SUPPORT,No latest query mapped; top-query export does not establish zero page traffic,/ar/best-lamborghini-workshop-dubai,,RETAIN POLICY,NO,"Approved source records reconciled with rendered route; supporting links are observed relationships, not competing primary assignments. "
/ar/blog/lamborghini-urus-service-dubai-guide,ar,article,صيانة لامبورغيني أوروس دبي,INDEX,"index, follow, max-image-preview:large",https://digitecme.com/ar/blog/lamborghini-urus-service-dubai-guide,PASS,YES,Existing policy; validate reciprocal destinations,SUPPORT,No latest query mapped; top-query export does not establish zero page traffic,/ar/blog,,RETAIN POLICY,NO,"Approved source records reconciled with rendered route; supporting links are observed relationships, not competing primary assignments. "
/ar/blog/land-rover-best-workshop-dubai,ar,article,دليل ورشة Land Rover المتخصصة في دبي,INDEX,"index, follow, max-image-preview:large",https://digitecme.com/ar/blog/land-rover-best-workshop-dubai,PASS,YES,Existing policy; validate reciprocal destinations,SUPPORT,,/ar/brands/land-rover-service-dubai,,RETAIN POLICY,NO,"Approved source records reconciled with rendered route; supporting links are observed relationships, not competing primary assignments. "
/ar/blog/maserati-best-workshop-dubai,ar,article,دليل ورشة Maserati المتخصصة في دبي,INDEX,"index, follow, max-image-preview:large",https://digitecme.com/ar/blog/maserati-best-workshop-dubai,PASS,YES,Existing policy; validate reciprocal destinations,SUPPORT,,/ar/brands/maserati-service-dubai,,RETAIN POLICY,NO,"Approved source records reconciled with rendered route; supporting links are observed relationships, not competing primary assignments. "
/ar/blog/maybach-best-workshop-dubai,ar,article,Choosing an independent Maybach workshop,INDEX,"index, follow, max-image-preview:large",https://digitecme.com/ar/blog/maybach-best-workshop-dubai,PASS,YES,Existing policy; validate reciprocal destinations,SUPPORT,No query × page evidence supplied,/ar/brands/maybach-service-dubai,,RETAIN POLICY,NO,"Approved source records reconciled with rendered route; supporting links are observed relationships, not competing primary assignments. "
/ar/blog/maybach-s580-service-dubai-guide,ar,article,Maybach model-specific service planning,INDEX,"index, follow, max-image-preview:large",https://digitecme.com/ar/blog/maybach-s580-service-dubai-guide,PASS,YES,Existing policy; validate reciprocal destinations,HIGH,No query × page evidence supplied,/ar/blog,,RETAIN POLICY,NO,"Approved source records reconciled with rendered route; supporting links are observed relationships, not competing primary assignments. "
/ar/blog/mclaren-720s-service-dubai-guide,ar,article,صيانة ماكلارين 720S في دبي: التعليق الهيدروليكي والتخزين,INDEX,"index, follow, max-image-preview:large",https://digitecme.com/ar/blog/mclaren-720s-service-dubai-guide,PASS,YES,Existing policy; validate reciprocal destinations,SUPPORT,,/ar/blog,,RETAIN POLICY,NO,"Approved source records reconciled with rendered route; supporting links are observed relationships, not competing primary assignments. "
/ar/blog/mclaren-best-workshop-dubai,ar,article,دليل ورشة McLaren المتخصصة في دبي,INDEX,"index, follow, max-image-preview:large",https://digitecme.com/ar/blog/mclaren-best-workshop-dubai,PASS,YES,Existing policy; validate reciprocal destinations,SUPPORT,,/ar/brands/mclaren-service-dubai,,RETAIN POLICY,NO,"Approved source records reconciled with rendered route; supporting links are observed relationships, not competing primary assignments. "
/ar/blog/mercedes-amg-gt-black-series-1300hp-build-dubai,ar,article,مرسيدس AMG GT Black Series: مشروع مخصص من 730 إلى 1300 حصان,INDEX,"index, follow, max-image-preview:large",https://digitecme.com/ar/blog/mercedes-amg-gt-black-series-1300hp-build-dubai,PASS,YES,Existing policy; validate reciprocal destinations,SUPPORT,,/ar/blog,,RETAIN POLICY,NO,"Approved source records reconciled with rendered route; supporting links are observed relationships, not competing primary assignments. "
/ar/blog/mercedes-amg-gt-tuning-dubai,ar,article,تطوير أداء مرسيدس AMG GT في دبي: خطة حسب السيارة,INDEX,"index, follow, max-image-preview:large",https://digitecme.com/ar/blog/mercedes-amg-gt-tuning-dubai,PASS,YES,Existing policy; validate reciprocal destinations,SUPPORT,,/ar/blog,,RETAIN POLICY,NO,"Approved source records reconciled with rendered route; supporting links are observed relationships, not competing primary assignments. "
/ar/blog/mercedes-benz-maintenance-guide-dubai,ar,article,Answer دليل تخطيط صيانة مرسيدس لمالكي السيارات في دبي,INDEX,"index, follow, max-image-preview:large",https://digitecme.com/ar/blog/mercedes-benz-maintenance-guide-dubai,PASS,YES,Existing policy; validate reciprocal destinations,SUPPORT,,/ar/blog/mercedes-service-intervals-dubai-heat,,RETAIN POLICY,NO,"Approved source records reconciled with rendered route; supporting links are observed relationships, not competing primary assignments. "
/ar/blog/mercedes-c-class-service-dubai-guide,ar,article,Plan service/repair for صيانة وإصلاح مرسيدس C-Class في دبي: C200 وC240 وC300,NOINDEX,"noindex, follow",https://digitecme.com/ar/blog/mercedes-c-class-service-dubai-guide,PASS,NO,Existing policy; validate reciprocal destinations,SUPPORT,,/ar/blog,,RETAIN POLICY,NO,"Approved source records reconciled with rendered route; supporting links are observed relationships, not competing primary assignments. Noindex support role retained; not a search-primary target."
/ar/blog/mercedes-e-class-service-dubai-guide,ar,article,Plan service/repair for صيانة وإصلاح مرسيدس E-Class في دبي: السيدان والكوبيه والكابريوليه,NOINDEX,"noindex, follow",https://digitecme.com/ar/blog/mercedes-e-class-service-dubai-guide,PASS,NO,Existing policy; validate reciprocal destinations,SUPPORT,,/ar/blog,,RETAIN POLICY,NO,"Approved source records reconciled with rendered route; supporting links are observed relationships, not competing primary assignments. Noindex support role retained; not a search-primary target."
/ar/blog/mercedes-g63-service-dubai-guide,ar,article,Plan service/repair for صيانة وإصلاح مرسيدس AMG G63 في دبي: الأجيال ونطاق الفحص,NOINDEX,"noindex, follow",https://digitecme.com/ar/blog/mercedes-g63-service-dubai-guide,PASS,NO,Existing policy; validate reciprocal destinations,SUPPORT,,/ar/blog,,RETAIN POLICY,NO,"Approved source records reconciled with rendered route; supporting links are observed relationships, not competing primary assignments. Noindex support role retained; not a search-primary target."
/ar/blog/mercedes-repair-dubai-complete-guide,ar,article,Answer أعراض وتحذيرات مرسيدس في دبي: دليل المالك,INDEX,"index, follow, max-image-preview:large",https://digitecme.com/ar/blog/mercedes-repair-dubai-complete-guide,PASS,YES,Existing policy; validate reciprocal destinations,SUPPORT,,/ar/blog,,RETAIN POLICY,NO,"Approved source records reconciled with rendered route; supporting links are observed relationships, not competing primary assignments. "
/ar/blog/mercedes-s-class-service-dubai-guide,ar,article,Plan service/repair for صيانة وإصلاح مرسيدس S-Class في دبي: التعليق والراحة والإلكترونيات,NOINDEX,"noindex, follow",https://digitecme.com/ar/blog/mercedes-s-class-service-dubai-guide,PASS,NO,Existing policy; validate reciprocal destinations,SUPPORT,,/ar/blog,,RETAIN POLICY,NO,"Approved source records reconciled with rendered route; supporting links are observed relationships, not competing primary assignments. Noindex support role retained; not a search-primary target."
/ar/blog/mercedes-service-cost-dubai-guide,ar,article,Answer تكلفة صيانة مرسيدس في دبي: نطاق Service A وService B,INDEX,"index, follow, max-image-preview:large",https://digitecme.com/ar/blog/mercedes-service-cost-dubai-guide,PASS,YES,Existing policy; validate reciprocal destinations,SUPPORT,,/ar/blog,,RETAIN POLICY,NO,"Approved source records reconciled with rendered route; supporting links are observed relationships, not competing primary assignments. "
/ar/blog/mercedes-service-intervals-dubai-heat,ar,article,Answer مواعيد صيانة مرسيدس وقراءة ASSYST في دبي,INDEX,"index, follow, max-image-preview:large",https://digitecme.com/ar/blog/mercedes-service-intervals-dubai-heat,PASS,YES,Existing policy; validate reciprocal destinations,SUPPORT,,/ar/blog,,RETAIN POLICY,NO,"Approved source records reconciled with rendered route; supporting links are observed relationships, not competing primary assignments. "
/ar/blog/mini-best-workshop-dubai,ar,article,دليل ورشة MINI المتخصصة في دبي,INDEX,"index, follow, max-image-preview:large",https://digitecme.com/ar/blog/mini-best-workshop-dubai,PASS,YES,Existing policy; validate reciprocal destinations,SUPPORT,,/ar/brands/mini-service-dubai,,RETAIN POLICY,NO,"Approved source records reconciled with rendered route; supporting links are observed relationships, not competing primary assignments. "
/ar/blog/oil-specification-guide-dubai-luxury,ar,article,مواصفات زيت المحرك في دبي: الموافقة قبل اللزوجة,INDEX,"index, follow, max-image-preview:large",https://digitecme.com/ar/blog/oil-specification-guide-dubai-luxury,PASS,YES,Existing policy; validate reciprocal destinations,SUPPORT,,/ar/blog,,RETAIN POLICY,NO,"Approved source records reconciled with rendered route; supporting links are observed relationships, not competing primary assignments. "
/ar/blog/porsche-911-service-dubai-guide,ar,article,صيانة بورشه 911 في دبي: دليل الاستخدام والتخزين,INDEX,"index, follow, max-image-preview:large",https://digitecme.com/ar/blog/porsche-911-service-dubai-guide,PASS,YES,Existing policy; validate reciprocal destinations,SUPPORT,No latest query mapped; absence from top-query export does not mean zero traffic,/ar/blog,,RETAIN POLICY,NO,"Approved source records reconciled with rendered route; supporting links are observed relationships, not competing primary assignments. "
/ar/blog/porsche-cayenne-service-dubai-guide,ar,article,صيانة بورشه كايين في دبي: دليل المالك,INDEX,"index, follow, max-image-preview:large",https://digitecme.com/ar/blog/porsche-cayenne-service-dubai-guide,PASS,YES,Existing policy; validate reciprocal destinations,SUPPORT,No latest query mapped; absence from top-query export does not mean zero traffic,/ar/blog,,RETAIN POLICY,NO,"Approved source records reconciled with rendered route; supporting links are observed relationships, not competing primary assignments. "
/ar/blog/porsche-maintenance-guide-dubai,ar,article,دليل ورشة Porsche المتخصصة في دبي,INDEX,"index, follow, max-image-preview:large",https://digitecme.com/ar/blog/porsche-maintenance-guide-dubai,PASS,YES,Existing policy; validate reciprocal destinations,SUPPORT,No latest query mapped; absence from top-query export does not mean zero traffic,/ar/best-porsche-workshop-dubai,,RETAIN POLICY,NO,"Approved source records reconciled with rendered route; supporting links are observed relationships, not competing primary assignments. "
/ar/blog/porsche-panamera-service-dubai-guide,ar,article,صيانة بورشه باناميرا في دبي: الناقل والتعليق والتبريد,INDEX,"index, follow, max-image-preview:large",https://digitecme.com/ar/blog/porsche-panamera-service-dubai-guide,PASS,YES,Existing policy; validate reciprocal destinations,SUPPORT,No latest query mapped; absence from top-query export does not mean zero traffic,/ar/blog,,RETAIN POLICY,NO,"Approved source records reconciled with rendered route; supporting links are observed relationships, not competing primary assignments. "
/ar/blog/pre-purchase-inspection-dubai-guide,ar,article,فحص السيارة قبل الشراء في دبي: النطاق والنتائج,INDEX,"index, follow, max-image-preview:large",https://digitecme.com/ar/blog/pre-purchase-inspection-dubai-guide,PASS,YES,Existing policy; validate reciprocal destinations,SUPPORT,,/ar/blog,,RETAIN POLICY,NO,"Approved source records reconciled with rendered route; supporting links are observed relationships, not competing primary assignments. "
/ar/blog/range-rover-land-rover-air-suspension-problems-dubai,ar,article,مشاكل التعليق الهوائي في رينج روفر ولاند روفر في دبي,INDEX,"index, follow, max-image-preview:large",https://digitecme.com/ar/blog/range-rover-land-rover-air-suspension-problems-dubai,PASS,YES,Existing policy; validate reciprocal destinations,SUPPORT,No query × landing-page join supplied,/ar/blog,,RETAIN POLICY,NO,"Approved source records reconciled with rendered route; supporting links are observed relationships, not competing primary assignments. "
/ar/blog/range-rover-maintenance-guide-dubai,ar,article,دليل ورشة Range Rover المتخصصة في دبي,INDEX,"index, follow, max-image-preview:large",https://digitecme.com/ar/blog/range-rover-maintenance-guide-dubai,PASS,YES,Existing policy; validate reciprocal destinations,SUPPORT,No query × landing-page join supplied,/ar/brands/range-rover-service-dubai,,RETAIN POLICY,NO,"Approved source records reconciled with rendered route; supporting links are observed relationships, not competing primary assignments. "
/ar/blog/range-rover-sport-service-dubai-guide,ar,article,صيانة رينج روفر سبورت في دبي: ما الذي يستحق الفحص؟,INDEX,"index, follow, max-image-preview:large",https://digitecme.com/ar/blog/range-rover-sport-service-dubai-guide,PASS,YES,Existing policy; validate reciprocal destinations,HIGH,No query × landing-page join supplied,/ar/blog,,RETAIN POLICY,NO,"Approved source records reconciled with rendered route; supporting links are observed relationships, not competing primary assignments. "
/ar/blog/range-rover-vogue-service-dubai-guide,ar,article,صيانة رينج روفر فوج في دبي: الارتفاع والتبريد والكهرباء,INDEX,"index, follow, max-image-preview:large",https://digitecme.com/ar/blog/range-rover-vogue-service-dubai-guide,PASS,YES,Existing policy; validate reciprocal destinations,HIGH,No query × landing-page join supplied,/ar/blog,,RETAIN POLICY,NO,"Approved source records reconciled with rendered route; supporting links are observed relationships, not competing primary assignments. "
/ar/blog/rolls-royce-best-workshop-dubai,ar,article,Choosing an independent Rolls-Royce workshop,INDEX,"index, follow, max-image-preview:large",https://digitecme.com/ar/blog/rolls-royce-best-workshop-dubai,PASS,YES,Existing policy; validate reciprocal destinations,SUPPORT,No query × page evidence supplied,/ar/brands/rolls-royce-service-dubai,,RETAIN POLICY,NO,"Approved source records reconciled with rendered route; supporting links are observed relationships, not competing primary assignments. "
/ar/blog/rolls-royce-ghost-service-dubai-guide,ar,article,Rolls-Royce model-specific service planning,INDEX,"index, follow, max-image-preview:large",https://digitecme.com/ar/blog/rolls-royce-ghost-service-dubai-guide,PASS,YES,Existing policy; validate reciprocal destinations,HIGH,No query × page evidence supplied,/ar/blog,,RETAIN POLICY,NO,"Approved source records reconciled with rendered route; supporting links are observed relationships, not competing primary assignments. "
/ar/blog/summer-car-preparation-dubai-checklist,ar,article,"Supporting seasonal checks — supporting information, not a new symptom owner",INDEX,"index, follow, max-image-preview:large",https://digitecme.com/ar/blog/summer-car-preparation-dubai-checklist,PASS,YES,Existing policy; validate reciprocal destinations,SUPPORT,No original query-level measured term assigned; editorial ownership only,/ar/blog,,RETAIN POLICY,NO,"Approved source records reconciled with rendered route; supporting links are observed relationships, not competing primary assignments. "
/ar/blog/transmission-service-7g-9g-dubai,ar,article,"Supporting transmission — supporting information, not a new symptom owner",INDEX,"index, follow, max-image-preview:large",https://digitecme.com/ar/blog/transmission-service-7g-9g-dubai,PASS,YES,Existing policy; validate reciprocal destinations,SUPPORT,No original query-level measured term assigned; editorial ownership only,/ar/blog,,RETAIN POLICY,NO,"Approved source records reconciled with rendered route; supporting links are observed relationships, not competing primary assignments. "
/ar/blog/volkswagen-best-workshop-dubai,ar,article,دليل ورشة Volkswagen المتخصصة في دبي,INDEX,"index, follow, max-image-preview:large",https://digitecme.com/ar/blog/volkswagen-best-workshop-dubai,PASS,YES,Existing policy; validate reciprocal destinations,SUPPORT,No query × landing-page join supplied,/ar/brands/volkswagen-service-dubai,,RETAIN POLICY,NO,"Approved source records reconciled with rendered route; supporting links are observed relationships, not competing primary assignments. "
/ar/blog/why-ceramic-coating-matters-uae,ar,article,Understand coating preparation and care,INDEX,"index, follow, max-image-preview:large",https://digitecme.com/ar/blog/why-ceramic-coating-matters-uae,PASS,YES,Existing policy; validate reciprocal destinations,HIGH,"Measured queries support intent only, not historical URL",/ar/blog,,RETAIN POLICY,NO,"Approved source records reconciled with rendered route; supporting links are observed relationships, not competing primary assignments. "
/ar/brands,ar,brands-hub,علامات السيارات الفاخرة وعالية الأداء,INDEX,"index, follow, max-image-preview:large",https://digitecme.com/ar/brands,PASS,YES,Existing policy; validate reciprocal destinations,SUPPORT,,/ar/brands/mercedes-benz-service-dubai,,RETAIN POLICY,NO,"Approved source records reconciled with rendered route; supporting links are observed relationships, not competing primary assignments. "
/ar/brands/aston-martin-service-dubai,ar,brand,Aston Martin للإصلاح والصيانة في دبي,INDEX,"index, follow, max-image-preview:large",https://digitecme.com/ar/brands/aston-martin-service-dubai,PASS,YES,Existing policy; validate reciprocal destinations,HIGH,,/ar/brands/aston-martin-service-dubai/oil-change,,RETAIN POLICY,NO,"Approved source records reconciled with rendered route; supporting links are observed relationships, not competing primary assignments. "
/ar/brands/aston-martin-service-dubai/ac-repair,ar,brand-service,إصلاح التكييف Aston Martin في دبي,INDEX,"index, follow, max-image-preview:large",https://digitecme.com/ar/brands/aston-martin-service-dubai/ac-repair,PASS,YES,Existing policy; validate reciprocal destinations,HIGH,,/ar/brands/aston-martin-service-dubai/oil-change,,RETAIN POLICY,NO,"Approved source records reconciled with rendered route; supporting links are observed relationships, not competing primary assignments. "
/ar/brands/aston-martin-service-dubai/battery-replacement,ar,brand-service,تبديل البطارية Aston Martin في دبي,INDEX,"index, follow, max-image-preview:large",https://digitecme.com/ar/brands/aston-martin-service-dubai/battery-replacement,PASS,YES,Existing policy; validate reciprocal destinations,HIGH,,/ar/brands/aston-martin-service-dubai/oil-change,,RETAIN POLICY,NO,"Approved source records reconciled with rendered route; supporting links are observed relationships, not competing primary assignments. "
/ar/brands/aston-martin-service-dubai/body-repair,ar,brand-service,"Commercial repair: dents, damaged paint, refinishing and collision work",INDEX,"index, follow, max-image-preview:large",https://digitecme.com/ar/brands/aston-martin-service-dubai/body-repair,PASS,YES,Existing policy; validate reciprocal destinations,HIGH,"Measured queries support intent only, not historical URL",/ar/brands/aston-martin-service-dubai/oil-change,,RETAIN POLICY,NO,"Approved source records reconciled with rendered route; supporting links are observed relationships, not competing primary assignments. "
/ar/brands/aston-martin-service-dubai/brake-repair,ar,brand-service,إصلاح الفرامل Aston Martin في دبي,INDEX,"index, follow, max-image-preview:large",https://digitecme.com/ar/brands/aston-martin-service-dubai/brake-repair,PASS,YES,Existing policy; validate reciprocal destinations,HIGH,,/ar/brands/aston-martin-service-dubai/oil-change,,RETAIN POLICY,NO,"Approved source records reconciled with rendered route; supporting links are observed relationships, not competing primary assignments. "
/ar/brands/aston-martin-service-dubai/electrical-repair,ar,brand-service,إصلاح الكهرباء Aston Martin في دبي,INDEX,"index, follow, max-image-preview:large",https://digitecme.com/ar/brands/aston-martin-service-dubai/electrical-repair,PASS,YES,Existing policy; validate reciprocal destinations,HIGH,,/ar/brands/aston-martin-service-dubai/oil-change,,RETAIN POLICY,NO,"Approved source records reconciled with rendered route; supporting links are observed relationships, not competing primary assignments. "
/ar/brands/aston-martin-service-dubai/engine-diagnostics,ar,brand-service,تشخيص المحرك Aston Martin في دبي,INDEX,"index, follow, max-image-preview:large",https://digitecme.com/ar/brands/aston-martin-service-dubai/engine-diagnostics,PASS,YES,Existing policy; validate reciprocal destinations,HIGH,,/ar/brands/aston-martin-service-dubai/oil-change,,RETAIN POLICY,NO,"Approved source records reconciled with rendered route; supporting links are observed relationships, not competing primary assignments. "
/ar/brands/aston-martin-service-dubai/exhaust-repair,ar,brand-service,إصلاح العادم Aston Martin في دبي,INDEX,"index, follow, max-image-preview:large",https://digitecme.com/ar/brands/aston-martin-service-dubai/exhaust-repair,PASS,YES,Existing policy; validate reciprocal destinations,HIGH,,/ar/brands/aston-martin-service-dubai/oil-change,,RETAIN POLICY,NO,"Approved source records reconciled with rendered route; supporting links are observed relationships, not competing primary assignments. "
/ar/brands/aston-martin-service-dubai/fuel-system-repair,ar,brand-service,إصلاح نظام الوقود Aston Martin في دبي,INDEX,"index, follow, max-image-preview:large",https://digitecme.com/ar/brands/aston-martin-service-dubai/fuel-system-repair,PASS,YES,Existing policy; validate reciprocal destinations,HIGH,,/ar/brands/aston-martin-service-dubai/oil-change,,RETAIN POLICY,NO,"Approved source records reconciled with rendered route; supporting links are observed relationships, not competing primary assignments. "
/ar/brands/aston-martin-service-dubai/mechanical-repair,ar,brand-service,الإصلاح الميكانيكي Aston Martin في دبي,INDEX,"index, follow, max-image-preview:large",https://digitecme.com/ar/brands/aston-martin-service-dubai/mechanical-repair,PASS,YES,Existing policy; validate reciprocal destinations,HIGH,,/ar/brands/aston-martin-service-dubai/oil-change,,RETAIN POLICY,NO,"Approved source records reconciled with rendered route; supporting links are observed relationships, not competing primary assignments. "
/ar/brands/aston-martin-service-dubai/oil-change,ar,brand-service,تغيير الزيت Aston Martin في دبي,INDEX,"index, follow, max-image-preview:large",https://digitecme.com/ar/brands/aston-martin-service-dubai/oil-change,PASS,YES,Existing policy; validate reciprocal destinations,HIGH,,/ar/brands/aston-martin-service-dubai/brake-repair,,RETAIN POLICY,NO,"Approved source records reconciled with rendered route; supporting links are observed relationships, not competing primary assignments. "
/ar/brands/aston-martin-service-dubai/steering-repair,ar,brand-service,إصلاح نظام التوجيه Aston Martin في دبي,INDEX,"index, follow, max-image-preview:large",https://digitecme.com/ar/brands/aston-martin-service-dubai/steering-repair,PASS,YES,Existing policy; validate reciprocal destinations,HIGH,,/ar/brands/aston-martin-service-dubai/oil-change,,RETAIN POLICY,NO,"Approved source records reconciled with rendered route; supporting links are observed relationships, not competing primary assignments. "
/ar/brands/aston-martin-service-dubai/suspension-repair,ar,brand-service,إصلاح التعليق Aston Martin في دبي,INDEX,"index, follow, max-image-preview:large",https://digitecme.com/ar/brands/aston-martin-service-dubai/suspension-repair,PASS,YES,Existing policy; validate reciprocal destinations,HIGH,,/ar/brands/aston-martin-service-dubai/oil-change,,RETAIN POLICY,NO,"Approved source records reconciled with rendered route; supporting links are observed relationships, not competing primary assignments. "
/ar/brands/aston-martin-service-dubai/tire-repair,ar,brand-service,إصلاح الإطارات Aston Martin في دبي,INDEX,"index, follow, max-image-preview:large",https://digitecme.com/ar/brands/aston-martin-service-dubai/tire-repair,PASS,YES,Existing policy; validate reciprocal destinations,HIGH,,/ar/brands/aston-martin-service-dubai/oil-change,,RETAIN POLICY,NO,"Approved source records reconciled with rendered route; supporting links are observed relationships, not competing primary assignments. "
/ar/brands/aston-martin-service-dubai/transmission-repair,ar,brand-service,إصلاح ناقل الحركة Aston Martin في دبي,INDEX,"index, follow, max-image-preview:large",https://digitecme.com/ar/brands/aston-martin-service-dubai/transmission-repair,PASS,YES,Existing policy; validate reciprocal destinations,HIGH,,/ar/brands/aston-martin-service-dubai/oil-change,,RETAIN POLICY,NO,"Approved source records reconciled with rendered route; supporting links are observed relationships, not competing primary assignments. "
/ar/brands/audi-service-dubai,ar,brand,Audi للإصلاح والصيانة في دبي,INDEX,"index, follow, max-image-preview:large",https://digitecme.com/ar/brands/audi-service-dubai,PASS,YES,Existing policy; validate reciprocal destinations,HIGH,,/ar/brands/audi-service-dubai/oil-change,,RETAIN POLICY,NO,"Approved source records reconciled with rendered route; supporting links are observed relationships, not competing primary assignments. "
/ar/brands/audi-service-dubai/ac-repair,ar,brand-service,إصلاح التكييف Audi في دبي,INDEX,"index, follow, max-image-preview:large",https://digitecme.com/ar/brands/audi-service-dubai/ac-repair,PASS,YES,Existing policy; validate reciprocal destinations,HIGH,,/ar/brands/audi-service-dubai/oil-change,,RETAIN POLICY,NO,"Approved source records reconciled with rendered route; supporting links are observed relationships, not competing primary assignments. "
/ar/brands/audi-service-dubai/battery-replacement,ar,brand-service,تبديل البطارية Audi في دبي,INDEX,"index, follow, max-image-preview:large",https://digitecme.com/ar/brands/audi-service-dubai/battery-replacement,PASS,YES,Existing policy; validate reciprocal destinations,HIGH,,/ar/brands/audi-service-dubai/oil-change,,RETAIN POLICY,NO,"Approved source records reconciled with rendered route; supporting links are observed relationships, not competing primary assignments. "
/ar/brands/audi-service-dubai/body-repair,ar,brand-service,"Commercial repair: dents, damaged paint, refinishing and collision work",INDEX,"index, follow, max-image-preview:large",https://digitecme.com/ar/brands/audi-service-dubai/body-repair,PASS,YES,Existing policy; validate reciprocal destinations,HIGH,"Measured queries support intent only, not historical URL",/ar/brands/audi-service-dubai/oil-change,,RETAIN POLICY,NO,"Approved source records reconciled with rendered route; supporting links are observed relationships, not competing primary assignments. "
/ar/brands/audi-service-dubai/brake-repair,ar,brand-service,إصلاح الفرامل Audi في دبي,INDEX,"index, follow, max-image-preview:large",https://digitecme.com/ar/brands/audi-service-dubai/brake-repair,PASS,YES,Existing policy; validate reciprocal destinations,HIGH,,/ar/brands/audi-service-dubai/oil-change,,RETAIN POLICY,NO,"Approved source records reconciled with rendered route; supporting links are observed relationships, not competing primary assignments. "
/ar/brands/audi-service-dubai/electrical-repair,ar,brand-service,إصلاح الكهرباء Audi في دبي,INDEX,"index, follow, max-image-preview:large",https://digitecme.com/ar/brands/audi-service-dubai/electrical-repair,PASS,YES,Existing policy; validate reciprocal destinations,HIGH,,/ar/brands/audi-service-dubai/oil-change,,RETAIN POLICY,NO,"Approved source records reconciled with rendered route; supporting links are observed relationships, not competing primary assignments. "
/ar/brands/audi-service-dubai/engine-diagnostics,ar,brand-service,تشخيص المحرك Audi في دبي,INDEX,"index, follow, max-image-preview:large",https://digitecme.com/ar/brands/audi-service-dubai/engine-diagnostics,PASS,YES,Existing policy; validate reciprocal destinations,HIGH,,/ar/brands/audi-service-dubai/oil-change,,RETAIN POLICY,NO,"Approved source records reconciled with rendered route; supporting links are observed relationships, not competing primary assignments. "
/ar/brands/audi-service-dubai/exhaust-repair,ar,brand-service,إصلاح العادم Audi في دبي,INDEX,"index, follow, max-image-preview:large",https://digitecme.com/ar/brands/audi-service-dubai/exhaust-repair,PASS,YES,Existing policy; validate reciprocal destinations,HIGH,,/ar/brands/audi-service-dubai/oil-change,,RETAIN POLICY,NO,"Approved source records reconciled with rendered route; supporting links are observed relationships, not competing primary assignments. "
/ar/brands/audi-service-dubai/fuel-system-repair,ar,brand-service,إصلاح نظام الوقود Audi في دبي,INDEX,"index, follow, max-image-preview:large",https://digitecme.com/ar/brands/audi-service-dubai/fuel-system-repair,PASS,YES,Existing policy; validate reciprocal destinations,HIGH,,/ar/brands/audi-service-dubai/oil-change,,RETAIN POLICY,NO,"Approved source records reconciled with rendered route; supporting links are observed relationships, not competing primary assignments. "
/ar/brands/audi-service-dubai/mechanical-repair,ar,brand-service,الإصلاح الميكانيكي Audi في دبي,INDEX,"index, follow, max-image-preview:large",https://digitecme.com/ar/brands/audi-service-dubai/mechanical-repair,PASS,YES,Existing policy; validate reciprocal destinations,HIGH,,/ar/brands/audi-service-dubai/oil-change,,RETAIN POLICY,NO,"Approved source records reconciled with rendered route; supporting links are observed relationships, not competing primary assignments. "
/ar/brands/audi-service-dubai/oil-change,ar,brand-service,تغيير الزيت Audi في دبي,INDEX,"index, follow, max-image-preview:large",https://digitecme.com/ar/brands/audi-service-dubai/oil-change,PASS,YES,Existing policy; validate reciprocal destinations,HIGH,,/ar/brands/audi-service-dubai/brake-repair,,RETAIN POLICY,NO,"Approved source records reconciled with rendered route; supporting links are observed relationships, not competing primary assignments. "
/ar/brands/audi-service-dubai/steering-repair,ar,brand-service,إصلاح نظام التوجيه Audi في دبي,INDEX,"index, follow, max-image-preview:large",https://digitecme.com/ar/brands/audi-service-dubai/steering-repair,PASS,YES,Existing policy; validate reciprocal destinations,HIGH,,/ar/brands/audi-service-dubai/oil-change,,RETAIN POLICY,NO,"Approved source records reconciled with rendered route; supporting links are observed relationships, not competing primary assignments. "
/ar/brands/audi-service-dubai/suspension-repair,ar,brand-service,إصلاح التعليق Audi في دبي,INDEX,"index, follow, max-image-preview:large",https://digitecme.com/ar/brands/audi-service-dubai/suspension-repair,PASS,YES,Existing policy; validate reciprocal destinations,HIGH,,/ar/brands/audi-service-dubai/oil-change,,RETAIN POLICY,NO,"Approved source records reconciled with rendered route; supporting links are observed relationships, not competing primary assignments. "
/ar/brands/audi-service-dubai/tire-repair,ar,brand-service,إصلاح الإطارات Audi في دبي,INDEX,"index, follow, max-image-preview:large",https://digitecme.com/ar/brands/audi-service-dubai/tire-repair,PASS,YES,Existing policy; validate reciprocal destinations,HIGH,,/ar/brands/audi-service-dubai/oil-change,,RETAIN POLICY,NO,"Approved source records reconciled with rendered route; supporting links are observed relationships, not competing primary assignments. "
/ar/brands/audi-service-dubai/transmission-repair,ar,brand-service,إصلاح ناقل الحركة Audi في دبي,INDEX,"index, follow, max-image-preview:large",https://digitecme.com/ar/brands/audi-service-dubai/transmission-repair,PASS,YES,Existing policy; validate reciprocal destinations,HIGH,,/ar/brands/audi-service-dubai/oil-change,,RETAIN POLICY,NO,"Approved source records reconciled with rendered route; supporting links are observed relationships, not competing primary assignments. "
/ar/brands/bentley-service-dubai,ar,brand,Bentley service and repair discovery,INDEX,"index, follow, max-image-preview:large",https://digitecme.com/ar/brands/bentley-service-dubai,PASS,YES,Existing policy; validate reciprocal destinations,HIGH,No query × page evidence supplied,/ar/brands/bentley-service-dubai/oil-change,,RETAIN POLICY,NO,"Approved source records reconciled with rendered route; supporting links are observed relationships, not competing primary assignments. "
/ar/brands/bentley-service-dubai/ac-repair,ar,brand-service,إصلاح التكييف Bentley في دبي,INDEX,"index, follow, max-image-preview:large",https://digitecme.com/ar/brands/bentley-service-dubai/ac-repair,PASS,YES,Existing policy; validate reciprocal destinations,HIGH,No query × page evidence supplied,/ar/brands/bentley-service-dubai/oil-change,,RETAIN POLICY,NO,"Approved source records reconciled with rendered route; supporting links are observed relationships, not competing primary assignments. "
/ar/brands/bentley-service-dubai/battery-replacement,ar,brand-service,تبديل البطارية Bentley في دبي,INDEX,"index, follow, max-image-preview:large",https://digitecme.com/ar/brands/bentley-service-dubai/battery-replacement,PASS,YES,Existing policy; validate reciprocal destinations,HIGH,No query × page evidence supplied,/ar/brands/bentley-service-dubai/oil-change,,RETAIN POLICY,NO,"Approved source records reconciled with rendered route; supporting links are observed relationships, not competing primary assignments. "
/ar/brands/bentley-service-dubai/body-repair,ar,brand-service,"Commercial repair: dents, damaged paint, refinishing and collision work",INDEX,"index, follow, max-image-preview:large",https://digitecme.com/ar/brands/bentley-service-dubai/body-repair,PASS,YES,Existing policy; validate reciprocal destinations,HIGH,"No query × page evidence supplied | Measured queries support intent only, not historical URL",/ar/brands/bentley-service-dubai/oil-change,,RETAIN POLICY,NO,"Approved source records reconciled with rendered route; supporting links are observed relationships, not competing primary assignments. "
/ar/brands/bentley-service-dubai/brake-repair,ar,brand-service,إصلاح الفرامل Bentley في دبي,INDEX,"index, follow, max-image-preview:large",https://digitecme.com/ar/brands/bentley-service-dubai/brake-repair,PASS,YES,Existing policy; validate reciprocal destinations,HIGH,No query × page evidence supplied,/ar/brands/bentley-service-dubai/oil-change,,RETAIN POLICY,NO,"Approved source records reconciled with rendered route; supporting links are observed relationships, not competing primary assignments. "
/ar/brands/bentley-service-dubai/electrical-repair,ar,brand-service,إصلاح الكهرباء Bentley في دبي,INDEX,"index, follow, max-image-preview:large",https://digitecme.com/ar/brands/bentley-service-dubai/electrical-repair,PASS,YES,Existing policy; validate reciprocal destinations,HIGH,No query × page evidence supplied,/ar/brands/bentley-service-dubai/oil-change,,RETAIN POLICY,NO,"Approved source records reconciled with rendered route; supporting links are observed relationships, not competing primary assignments. "
/ar/brands/bentley-service-dubai/engine-diagnostics,ar,brand-service,تشخيص المحرك Bentley في دبي,INDEX,"index, follow, max-image-preview:large",https://digitecme.com/ar/brands/bentley-service-dubai/engine-diagnostics,PASS,YES,Existing policy; validate reciprocal destinations,HIGH,No query × page evidence supplied,/ar/brands/bentley-service-dubai/oil-change,,RETAIN POLICY,NO,"Approved source records reconciled with rendered route; supporting links are observed relationships, not competing primary assignments. "
/ar/brands/bentley-service-dubai/exhaust-repair,ar,brand-service,إصلاح العادم Bentley في دبي,INDEX,"index, follow, max-image-preview:large",https://digitecme.com/ar/brands/bentley-service-dubai/exhaust-repair,PASS,YES,Existing policy; validate reciprocal destinations,HIGH,No query × page evidence supplied,/ar/brands/bentley-service-dubai/oil-change,,RETAIN POLICY,NO,"Approved source records reconciled with rendered route; supporting links are observed relationships, not competing primary assignments. "
/ar/brands/bentley-service-dubai/fuel-system-repair,ar,brand-service,إصلاح نظام الوقود Bentley في دبي,INDEX,"index, follow, max-image-preview:large",https://digitecme.com/ar/brands/bentley-service-dubai/fuel-system-repair,PASS,YES,Existing policy; validate reciprocal destinations,HIGH,No query × page evidence supplied,/ar/brands/bentley-service-dubai/oil-change,,RETAIN POLICY,NO,"Approved source records reconciled with rendered route; supporting links are observed relationships, not competing primary assignments. "
/ar/brands/bentley-service-dubai/mechanical-repair,ar,brand-service,الإصلاح الميكانيكي Bentley في دبي,INDEX,"index, follow, max-image-preview:large",https://digitecme.com/ar/brands/bentley-service-dubai/mechanical-repair,PASS,YES,Existing policy; validate reciprocal destinations,HIGH,No query × page evidence supplied,/ar/brands/bentley-service-dubai/oil-change,,RETAIN POLICY,NO,"Approved source records reconciled with rendered route; supporting links are observed relationships, not competing primary assignments. "
/ar/brands/bentley-service-dubai/oil-change,ar,brand-service,تغيير الزيت Bentley في دبي,INDEX,"index, follow, max-image-preview:large",https://digitecme.com/ar/brands/bentley-service-dubai/oil-change,PASS,YES,Existing policy; validate reciprocal destinations,HIGH,No query × page evidence supplied,/ar/brands/bentley-service-dubai/brake-repair,,RETAIN POLICY,NO,"Approved source records reconciled with rendered route; supporting links are observed relationships, not competing primary assignments. "
/ar/brands/bentley-service-dubai/steering-repair,ar,brand-service,إصلاح نظام التوجيه Bentley في دبي,INDEX,"index, follow, max-image-preview:large",https://digitecme.com/ar/brands/bentley-service-dubai/steering-repair,PASS,YES,Existing policy; validate reciprocal destinations,HIGH,No query × page evidence supplied,/ar/brands/bentley-service-dubai/oil-change,,RETAIN POLICY,NO,"Approved source records reconciled with rendered route; supporting links are observed relationships, not competing primary assignments. "
/ar/brands/bentley-service-dubai/suspension-repair,ar,brand-service,إصلاح التعليق Bentley في دبي,INDEX,"index, follow, max-image-preview:large",https://digitecme.com/ar/brands/bentley-service-dubai/suspension-repair,PASS,YES,Existing policy; validate reciprocal destinations,HIGH,No query × page evidence supplied,/ar/brands/bentley-service-dubai/oil-change,,RETAIN POLICY,NO,"Approved source records reconciled with rendered route; supporting links are observed relationships, not competing primary assignments. "
/ar/brands/bentley-service-dubai/tire-repair,ar,brand-service,إصلاح الإطارات Bentley في دبي,INDEX,"index, follow, max-image-preview:large",https://digitecme.com/ar/brands/bentley-service-dubai/tire-repair,PASS,YES,Existing policy; validate reciprocal destinations,HIGH,No query × page evidence supplied,/ar/brands/bentley-service-dubai/oil-change,,RETAIN POLICY,NO,"Approved source records reconciled with rendered route; supporting links are observed relationships, not competing primary assignments. "
/ar/brands/bentley-service-dubai/transmission-repair,ar,brand-service,إصلاح ناقل الحركة Bentley في دبي,INDEX,"index, follow, max-image-preview:large",https://digitecme.com/ar/brands/bentley-service-dubai/transmission-repair,PASS,YES,Existing policy; validate reciprocal destinations,HIGH,No query × page evidence supplied,/ar/brands/bentley-service-dubai/oil-change,,RETAIN POLICY,NO,"Approved source records reconciled with rendered route; supporting links are observed relationships, not competing primary assignments. "
/ar/brands/bmw-service-dubai,ar,brand,BMW للإصلاح والصيانة في دبي,INDEX,"index, follow, max-image-preview:large",https://digitecme.com/ar/brands/bmw-service-dubai,PASS,YES,Existing policy; validate reciprocal destinations,HIGH,No latest query mapped; absence from top-query export does not mean zero traffic,/ar/brands/bmw-service-dubai/oil-change,,RETAIN POLICY,NO,"Approved source records reconciled with rendered route; supporting links are observed relationships, not competing primary assignments. "
/ar/brands/bmw-service-dubai/ac-repair,ar,brand-service,إصلاح التكييف BMW في دبي,INDEX,"index, follow, max-image-preview:large",https://digitecme.com/ar/brands/bmw-service-dubai/ac-repair,PASS,YES,Existing policy; validate reciprocal destinations,HIGH,No latest query mapped; absence from top-query export does not mean zero traffic,/ar/brands/bmw-service-dubai/oil-change,,RETAIN POLICY,NO,"Approved source records reconciled with rendered route; supporting links are observed relationships, not competing primary assignments. "
/ar/brands/bmw-service-dubai/battery-replacement,ar,brand-service,تبديل البطارية BMW في دبي,INDEX,"index, follow, max-image-preview:large",https://digitecme.com/ar/brands/bmw-service-dubai/battery-replacement,PASS,YES,Existing policy; validate reciprocal destinations,HIGH,No latest query mapped; absence from top-query export does not mean zero traffic,/ar/brands/bmw-service-dubai/oil-change,,RETAIN POLICY,NO,"Approved source records reconciled with rendered route; supporting links are observed relationships, not competing primary assignments. "
/ar/brands/bmw-service-dubai/body-repair,ar,brand-service,"Commercial repair: dents, damaged paint, refinishing and collision work",INDEX,"index, follow, max-image-preview:large",https://digitecme.com/ar/brands/bmw-service-dubai/body-repair,PASS,YES,Existing policy; validate reciprocal destinations,HIGH,"No latest query mapped; absence from top-query export does not mean zero traffic | Measured queries support intent only, not historical URL",/ar/brands/bmw-service-dubai/oil-change,,RETAIN POLICY,NO,"Approved source records reconciled with rendered route; supporting links are observed relationships, not competing primary assignments. "
/ar/brands/bmw-service-dubai/brake-repair,ar,brand-service,إصلاح الفرامل BMW في دبي,INDEX,"index, follow, max-image-preview:large",https://digitecme.com/ar/brands/bmw-service-dubai/brake-repair,PASS,YES,Existing policy; validate reciprocal destinations,HIGH,No latest query mapped; absence from top-query export does not mean zero traffic,/ar/brands/bmw-service-dubai/oil-change,,RETAIN POLICY,NO,"Approved source records reconciled with rendered route; supporting links are observed relationships, not competing primary assignments. "
/ar/brands/bmw-service-dubai/electrical-repair,ar,brand-service,إصلاح الكهرباء BMW في دبي,INDEX,"index, follow, max-image-preview:large",https://digitecme.com/ar/brands/bmw-service-dubai/electrical-repair,PASS,YES,Existing policy; validate reciprocal destinations,HIGH,No latest query mapped; absence from top-query export does not mean zero traffic,/ar/brands/bmw-service-dubai/oil-change,,RETAIN POLICY,NO,"Approved source records reconciled with rendered route; supporting links are observed relationships, not competing primary assignments. "
/ar/brands/bmw-service-dubai/engine-diagnostics,ar,brand-service,تشخيص المحرك BMW في دبي,INDEX,"index, follow, max-image-preview:large",https://digitecme.com/ar/brands/bmw-service-dubai/engine-diagnostics,PASS,YES,Existing policy; validate reciprocal destinations,HIGH,No latest query mapped; absence from top-query export does not mean zero traffic,/ar/brands/bmw-service-dubai/oil-change,,RETAIN POLICY,NO,"Approved source records reconciled with rendered route; supporting links are observed relationships, not competing primary assignments. "
/ar/brands/bmw-service-dubai/exhaust-repair,ar,brand-service,إصلاح العادم BMW في دبي,INDEX,"index, follow, max-image-preview:large",https://digitecme.com/ar/brands/bmw-service-dubai/exhaust-repair,PASS,YES,Existing policy; validate reciprocal destinations,HIGH,No latest query mapped; absence from top-query export does not mean zero traffic,/ar/brands/bmw-service-dubai/oil-change,,RETAIN POLICY,NO,"Approved source records reconciled with rendered route; supporting links are observed relationships, not competing primary assignments. "
/ar/brands/bmw-service-dubai/fuel-system-repair,ar,brand-service,إصلاح نظام الوقود BMW في دبي,INDEX,"index, follow, max-image-preview:large",https://digitecme.com/ar/brands/bmw-service-dubai/fuel-system-repair,PASS,YES,Existing policy; validate reciprocal destinations,HIGH,No latest query mapped; absence from top-query export does not mean zero traffic,/ar/brands/bmw-service-dubai/oil-change,,RETAIN POLICY,NO,"Approved source records reconciled with rendered route; supporting links are observed relationships, not competing primary assignments. "
/ar/brands/bmw-service-dubai/mechanical-repair,ar,brand-service,الإصلاح الميكانيكي BMW في دبي,INDEX,"index, follow, max-image-preview:large",https://digitecme.com/ar/brands/bmw-service-dubai/mechanical-repair,PASS,YES,Existing policy; validate reciprocal destinations,HIGH,No latest query mapped; absence from top-query export does not mean zero traffic,/ar/brands/bmw-service-dubai/oil-change,,RETAIN POLICY,NO,"Approved source records reconciled with rendered route; supporting links are observed relationships, not competing primary assignments. "
/ar/brands/bmw-service-dubai/oil-change,ar,brand-service,تغيير الزيت BMW في دبي,INDEX,"index, follow, max-image-preview:large",https://digitecme.com/ar/brands/bmw-service-dubai/oil-change,PASS,YES,Existing policy; validate reciprocal destinations,HIGH,No latest query mapped; absence from top-query export does not mean zero traffic,/ar/brands/bmw-service-dubai/brake-repair,,RETAIN POLICY,NO,"Approved source records reconciled with rendered route; supporting links are observed relationships, not competing primary assignments. "
/ar/brands/bmw-service-dubai/steering-repair,ar,brand-service,إصلاح نظام التوجيه BMW في دبي,INDEX,"index, follow, max-image-preview:large",https://digitecme.com/ar/brands/bmw-service-dubai/steering-repair,PASS,YES,Existing policy; validate reciprocal destinations,HIGH,No latest query mapped; absence from top-query export does not mean zero traffic,/ar/brands/bmw-service-dubai/oil-change,,RETAIN POLICY,NO,"Approved source records reconciled with rendered route; supporting links are observed relationships, not competing primary assignments. "
/ar/brands/bmw-service-dubai/suspension-repair,ar,brand-service,إصلاح التعليق BMW في دبي,INDEX,"index, follow, max-image-preview:large",https://digitecme.com/ar/brands/bmw-service-dubai/suspension-repair,PASS,YES,Existing policy; validate reciprocal destinations,HIGH,No latest query mapped; absence from top-query export does not mean zero traffic,/ar/brands/bmw-service-dubai/oil-change,,RETAIN POLICY,NO,"Approved source records reconciled with rendered route; supporting links are observed relationships, not competing primary assignments. "
/ar/brands/bmw-service-dubai/tire-repair,ar,brand-service,إصلاح الإطارات BMW في دبي,INDEX,"index, follow, max-image-preview:large",https://digitecme.com/ar/brands/bmw-service-dubai/tire-repair,PASS,YES,Existing policy; validate reciprocal destinations,HIGH,No latest query mapped; absence from top-query export does not mean zero traffic,/ar/brands/bmw-service-dubai/oil-change,,RETAIN POLICY,NO,"Approved source records reconciled with rendered route; supporting links are observed relationships, not competing primary assignments. "
/ar/brands/bmw-service-dubai/transmission-repair,ar,brand-service,إصلاح ناقل الحركة BMW في دبي,INDEX,"index, follow, max-image-preview:large",https://digitecme.com/ar/brands/bmw-service-dubai/transmission-repair,PASS,YES,Existing policy; validate reciprocal destinations,HIGH,No latest query mapped; absence from top-query export does not mean zero traffic,/ar/brands/bmw-service-dubai/oil-change,,RETAIN POLICY,NO,"Approved source records reconciled with rendered route; supporting links are observed relationships, not competing primary assignments. "
/ar/brands/bugatti-service-dubai,ar,brand,Bugatti للإصلاح والصيانة في دبي,INDEX,"index, follow, max-image-preview:large",https://digitecme.com/ar/brands/bugatti-service-dubai,PASS,YES,Existing policy; validate reciprocal destinations,HIGH,,/ar/brands/bugatti-service-dubai/oil-change,,RETAIN POLICY,NO,"Approved source records reconciled with rendered route; supporting links are observed relationships, not competing primary assignments. "
/ar/brands/bugatti-service-dubai/ac-repair,ar,brand-service,إصلاح التكييف Bugatti في دبي,INDEX,"index, follow, max-image-preview:large",https://digitecme.com/ar/brands/bugatti-service-dubai/ac-repair,PASS,YES,Existing policy; validate reciprocal destinations,HIGH,,/ar/brands/bugatti-service-dubai/oil-change,,RETAIN POLICY,NO,"Approved source records reconciled with rendered route; supporting links are observed relationships, not competing primary assignments. "
/ar/brands/bugatti-service-dubai/battery-replacement,ar,brand-service,تبديل البطارية Bugatti في دبي,NOINDEX,"noindex, follow",https://digitecme.com/ar/brands/bugatti-service-dubai/battery-replacement,PASS,NO,Existing policy; validate reciprocal destinations,HIGH,,/ar/brands/bugatti-service-dubai/oil-change,,RETAIN POLICY,NO,"Approved source records reconciled with rendered route; supporting links are observed relationships, not competing primary assignments. Noindex support role retained; not a search-primary target."
/ar/brands/bugatti-service-dubai/body-repair,ar,brand-service,"Commercial repair: dents, damaged paint, refinishing and collision work",NOINDEX,"noindex, follow",https://digitecme.com/ar/brands/bugatti-service-dubai/body-repair,PASS,NO,Existing policy; validate reciprocal destinations,HIGH,"Measured queries support intent only, not historical URL",/ar/brands/bugatti-service-dubai/oil-change,,RETAIN POLICY,NO,"Approved source records reconciled with rendered route; supporting links are observed relationships, not competing primary assignments. Noindex support role retained; not a search-primary target."
/ar/brands/bugatti-service-dubai/brake-repair,ar,brand-service,إصلاح الفرامل Bugatti في دبي,INDEX,"index, follow, max-image-preview:large",https://digitecme.com/ar/brands/bugatti-service-dubai/brake-repair,PASS,YES,Existing policy; validate reciprocal destinations,HIGH,,/ar/brands/bugatti-service-dubai/oil-change,,RETAIN POLICY,NO,"Approved source records reconciled with rendered route; supporting links are observed relationships, not competing primary assignments. "
/ar/brands/bugatti-service-dubai/electrical-repair,ar,brand-service,إصلاح الكهرباء Bugatti في دبي,NOINDEX,"noindex, follow",https://digitecme.com/ar/brands/bugatti-service-dubai/electrical-repair,PASS,NO,Existing policy; validate reciprocal destinations,HIGH,,/ar/brands/bugatti-service-dubai/oil-change,,RETAIN POLICY,NO,"Approved source records reconciled with rendered route; supporting links are observed relationships, not competing primary assignments. Noindex support role retained; not a search-primary target."
/ar/brands/bugatti-service-dubai/engine-diagnostics,ar,brand-service,تشخيص المحرك Bugatti في دبي,INDEX,"index, follow, max-image-preview:large",https://digitecme.com/ar/brands/bugatti-service-dubai/engine-diagnostics,PASS,YES,Existing policy; validate reciprocal destinations,HIGH,,/ar/brands/bugatti-service-dubai/oil-change,,RETAIN POLICY,NO,"Approved source records reconciled with rendered route; supporting links are observed relationships, not competing primary assignments. "
/ar/brands/bugatti-service-dubai/exhaust-repair,ar,brand-service,إصلاح العادم Bugatti في دبي,NOINDEX,"noindex, follow",https://digitecme.com/ar/brands/bugatti-service-dubai/exhaust-repair,PASS,NO,Existing policy; validate reciprocal destinations,HIGH,,/ar/brands/bugatti-service-dubai/oil-change,,RETAIN POLICY,NO,"Approved source records reconciled with rendered route; supporting links are observed relationships, not competing primary assignments. Noindex support role retained; not a search-primary target."
/ar/brands/bugatti-service-dubai/fuel-system-repair,ar,brand-service,إصلاح نظام الوقود Bugatti في دبي,NOINDEX,"noindex, follow",https://digitecme.com/ar/brands/bugatti-service-dubai/fuel-system-repair,PASS,NO,Existing policy; validate reciprocal destinations,HIGH,,/ar/brands/bugatti-service-dubai/oil-change,,RETAIN POLICY,NO,"Approved source records reconciled with rendered route; supporting links are observed relationships, not competing primary assignments. Noindex support role retained; not a search-primary target."
/ar/brands/bugatti-service-dubai/mechanical-repair,ar,brand-service,الإصلاح الميكانيكي Bugatti في دبي,NOINDEX,"noindex, follow",https://digitecme.com/ar/brands/bugatti-service-dubai/mechanical-repair,PASS,NO,Existing policy; validate reciprocal destinations,HIGH,,/ar/brands/bugatti-service-dubai/oil-change,,RETAIN POLICY,NO,"Approved source records reconciled with rendered route; supporting links are observed relationships, not competing primary assignments. Noindex support role retained; not a search-primary target."
/ar/brands/bugatti-service-dubai/oil-change,ar,brand-service,تغيير الزيت Bugatti في دبي,INDEX,"index, follow, max-image-preview:large",https://digitecme.com/ar/brands/bugatti-service-dubai/oil-change,PASS,YES,Existing policy; validate reciprocal destinations,HIGH,,/ar/brands/bugatti-service-dubai/brake-repair,,RETAIN POLICY,NO,"Approved source records reconciled with rendered route; supporting links are observed relationships, not competing primary assignments. "
/ar/brands/bugatti-service-dubai/steering-repair,ar,brand-service,إصلاح نظام التوجيه Bugatti في دبي,NOINDEX,"noindex, follow",https://digitecme.com/ar/brands/bugatti-service-dubai/steering-repair,PASS,NO,Existing policy; validate reciprocal destinations,HIGH,,/ar/brands/bugatti-service-dubai/oil-change,,RETAIN POLICY,NO,"Approved source records reconciled with rendered route; supporting links are observed relationships, not competing primary assignments. Noindex support role retained; not a search-primary target."
/ar/brands/bugatti-service-dubai/suspension-repair,ar,brand-service,إصلاح التعليق Bugatti في دبي,NOINDEX,"noindex, follow",https://digitecme.com/ar/brands/bugatti-service-dubai/suspension-repair,PASS,NO,Existing policy; validate reciprocal destinations,HIGH,,/ar/brands/bugatti-service-dubai/oil-change,,RETAIN POLICY,NO,"Approved source records reconciled with rendered route; supporting links are observed relationships, not competing primary assignments. Noindex support role retained; not a search-primary target."
/ar/brands/bugatti-service-dubai/tire-repair,ar,brand-service,إصلاح الإطارات Bugatti في دبي,NOINDEX,"noindex, follow",https://digitecme.com/ar/brands/bugatti-service-dubai/tire-repair,PASS,NO,Existing policy; validate reciprocal destinations,HIGH,,/ar/brands/bugatti-service-dubai/oil-change,,RETAIN POLICY,NO,"Approved source records reconciled with rendered route; supporting links are observed relationships, not competing primary assignments. Noindex support role retained; not a search-primary target."
/ar/brands/bugatti-service-dubai/transmission-repair,ar,brand-service,إصلاح ناقل الحركة Bugatti في دبي,NOINDEX,"noindex, follow",https://digitecme.com/ar/brands/bugatti-service-dubai/transmission-repair,PASS,NO,Existing policy; validate reciprocal destinations,HIGH,,/ar/brands/bugatti-service-dubai/oil-change,,RETAIN POLICY,NO,"Approved source records reconciled with rendered route; supporting links are observed relationships, not competing primary assignments. Noindex support role retained; not a search-primary target."
/ar/brands/byd-service-dubai,ar,brand,BYD للإصلاح والصيانة في دبي,INDEX,"index, follow, max-image-preview:large",https://digitecme.com/ar/brands/byd-service-dubai,PASS,YES,Existing policy; validate reciprocal destinations,HIGH,,/ar/brands/byd-service-dubai/oil-change,,RETAIN POLICY,NO,"Approved source records reconciled with rendered route; supporting links are observed relationships, not competing primary assignments. "
/ar/brands/byd-service-dubai/ac-repair,ar,brand-service,إصلاح التكييف BYD في دبي,INDEX,"index, follow, max-image-preview:large",https://digitecme.com/ar/brands/byd-service-dubai/ac-repair,PASS,YES,Existing policy; validate reciprocal destinations,HIGH,,/ar/brands/byd-service-dubai/oil-change,,RETAIN POLICY,NO,"Approved source records reconciled with rendered route; supporting links are observed relationships, not competing primary assignments. "
/ar/brands/byd-service-dubai/battery-replacement,ar,brand-service,تبديل البطارية BYD في دبي,NOINDEX,"noindex, follow",https://digitecme.com/ar/brands/byd-service-dubai/battery-replacement,PASS,NO,Existing policy; validate reciprocal destinations,HIGH,,/ar/brands/byd-service-dubai/oil-change,,RETAIN POLICY,NO,"Approved source records reconciled with rendered route; supporting links are observed relationships, not competing primary assignments. Noindex support role retained; not a search-primary target."
/ar/brands/byd-service-dubai/body-repair,ar,brand-service,"Commercial repair: dents, damaged paint, refinishing and collision work",NOINDEX,"noindex, follow",https://digitecme.com/ar/brands/byd-service-dubai/body-repair,PASS,NO,Existing policy; validate reciprocal destinations,HIGH,"Measured queries support intent only, not historical URL",/ar/brands/byd-service-dubai/oil-change,,RETAIN POLICY,NO,"Approved source records reconciled with rendered route; supporting links are observed relationships, not competing primary assignments. Noindex support role retained; not a search-primary target."
/ar/brands/byd-service-dubai/brake-repair,ar,brand-service,إصلاح الفرامل BYD في دبي,INDEX,"index, follow, max-image-preview:large",https://digitecme.com/ar/brands/byd-service-dubai/brake-repair,PASS,YES,Existing policy; validate reciprocal destinations,HIGH,,/ar/brands/byd-service-dubai/oil-change,,RETAIN POLICY,NO,"Approved source records reconciled with rendered route; supporting links are observed relationships, not competing primary assignments. "
/ar/brands/byd-service-dubai/electrical-repair,ar,brand-service,إصلاح الكهرباء BYD في دبي,NOINDEX,"noindex, follow",https://digitecme.com/ar/brands/byd-service-dubai/electrical-repair,PASS,NO,Existing policy; validate reciprocal destinations,HIGH,,/ar/brands/byd-service-dubai/oil-change,,RETAIN POLICY,NO,"Approved source records reconciled with rendered route; supporting links are observed relationships, not competing primary assignments. Noindex support role retained; not a search-primary target."
/ar/brands/byd-service-dubai/engine-diagnostics,ar,brand-service,تشخيص المحرك BYD في دبي,INDEX,"index, follow, max-image-preview:large",https://digitecme.com/ar/brands/byd-service-dubai/engine-diagnostics,PASS,YES,Existing policy; validate reciprocal destinations,HIGH,,/ar/brands/byd-service-dubai/oil-change,,RETAIN POLICY,NO,"Approved source records reconciled with rendered route; supporting links are observed relationships, not competing primary assignments. "
/ar/brands/byd-service-dubai/exhaust-repair,ar,brand-service,إصلاح العادم BYD في دبي,NOINDEX,"noindex, follow",https://digitecme.com/ar/brands/byd-service-dubai/exhaust-repair,PASS,NO,Existing policy; validate reciprocal destinations,HIGH,,/ar/brands/byd-service-dubai/oil-change,,RETAIN POLICY,NO,"Approved source records reconciled with rendered route; supporting links are observed relationships, not competing primary assignments. Noindex support role retained; not a search-primary target."
/ar/brands/byd-service-dubai/fuel-system-repair,ar,brand-service,إصلاح نظام الوقود BYD في دبي,NOINDEX,"noindex, follow",https://digitecme.com/ar/brands/byd-service-dubai/fuel-system-repair,PASS,NO,Existing policy; validate reciprocal destinations,HIGH,,/ar/brands/byd-service-dubai/oil-change,,RETAIN POLICY,NO,"Approved source records reconciled with rendered route; supporting links are observed relationships, not competing primary assignments. Noindex support role retained; not a search-primary target."
/ar/brands/byd-service-dubai/mechanical-repair,ar,brand-service,الإصلاح الميكانيكي BYD في دبي,NOINDEX,"noindex, follow",https://digitecme.com/ar/brands/byd-service-dubai/mechanical-repair,PASS,NO,Existing policy; validate reciprocal destinations,HIGH,,/ar/brands/byd-service-dubai/oil-change,,RETAIN POLICY,NO,"Approved source records reconciled with rendered route; supporting links are observed relationships, not competing primary assignments. Noindex support role retained; not a search-primary target."
/ar/brands/byd-service-dubai/oil-change,ar,brand-service,تغيير الزيت BYD في دبي,INDEX,"index, follow, max-image-preview:large",https://digitecme.com/ar/brands/byd-service-dubai/oil-change,PASS,YES,Existing policy; validate reciprocal destinations,HIGH,,/ar/brands/byd-service-dubai/brake-repair,,RETAIN POLICY,NO,"Approved source records reconciled with rendered route; supporting links are observed relationships, not competing primary assignments. "
/ar/brands/byd-service-dubai/steering-repair,ar,brand-service,إصلاح نظام التوجيه BYD في دبي,NOINDEX,"noindex, follow",https://digitecme.com/ar/brands/byd-service-dubai/steering-repair,PASS,NO,Existing policy; validate reciprocal destinations,HIGH,,/ar/brands/byd-service-dubai/oil-change,,RETAIN POLICY,NO,"Approved source records reconciled with rendered route; supporting links are observed relationships, not competing primary assignments. Noindex support role retained; not a search-primary target."
/ar/brands/byd-service-dubai/suspension-repair,ar,brand-service,إصلاح التعليق BYD في دبي,NOINDEX,"noindex, follow",https://digitecme.com/ar/brands/byd-service-dubai/suspension-repair,PASS,NO,Existing policy; validate reciprocal destinations,HIGH,,/ar/brands/byd-service-dubai/oil-change,,RETAIN POLICY,NO,"Approved source records reconciled with rendered route; supporting links are observed relationships, not competing primary assignments. Noindex support role retained; not a search-primary target."
/ar/brands/byd-service-dubai/tire-repair,ar,brand-service,إصلاح الإطارات BYD في دبي,NOINDEX,"noindex, follow",https://digitecme.com/ar/brands/byd-service-dubai/tire-repair,PASS,NO,Existing policy; validate reciprocal destinations,HIGH,,/ar/brands/byd-service-dubai/oil-change,,RETAIN POLICY,NO,"Approved source records reconciled with rendered route; supporting links are observed relationships, not competing primary assignments. Noindex support role retained; not a search-primary target."
/ar/brands/byd-service-dubai/transmission-repair,ar,brand-service,إصلاح ناقل الحركة BYD في دبي,NOINDEX,"noindex, follow",https://digitecme.com/ar/brands/byd-service-dubai/transmission-repair,PASS,NO,Existing policy; validate reciprocal destinations,HIGH,,/ar/brands/byd-service-dubai/oil-change,,RETAIN POLICY,NO,"Approved source records reconciled with rendered route; supporting links are observed relationships, not competing primary assignments. Noindex support role retained; not a search-primary target."
/ar/brands/cadillac-service-dubai,ar,brand,Cadillac للإصلاح والصيانة في دبي,INDEX,"index, follow, max-image-preview:large",https://digitecme.com/ar/brands/cadillac-service-dubai,PASS,YES,Existing policy; validate reciprocal destinations,HIGH,No query × landing-page join supplied,/ar/brands/cadillac-service-dubai/oil-change,,RETAIN POLICY,NO,"Approved source records reconciled with rendered route; supporting links are observed relationships, not competing primary assignments. "
/ar/brands/cadillac-service-dubai/ac-repair,ar,brand-service,إصلاح التكييف Cadillac في دبي,INDEX,"index, follow, max-image-preview:large",https://digitecme.com/ar/brands/cadillac-service-dubai/ac-repair,PASS,YES,Existing policy; validate reciprocal destinations,HIGH,No query × landing-page join supplied,/ar/brands/cadillac-service-dubai/oil-change,,RETAIN POLICY,NO,"Approved source records reconciled with rendered route; supporting links are observed relationships, not competing primary assignments. "
/ar/brands/cadillac-service-dubai/battery-replacement,ar,brand-service,تبديل البطارية Cadillac في دبي,NOINDEX,"noindex, follow",https://digitecme.com/ar/brands/cadillac-service-dubai/battery-replacement,PASS,NO,Existing policy; validate reciprocal destinations,HIGH,No query × landing-page join supplied,/ar/brands/cadillac-service-dubai/oil-change,,RETAIN POLICY,NO,"Approved source records reconciled with rendered route; supporting links are observed relationships, not competing primary assignments. Noindex support role retained; not a search-primary target."
/ar/brands/cadillac-service-dubai/body-repair,ar,brand-service,"Commercial repair: dents, damaged paint, refinishing and collision work",NOINDEX,"noindex, follow",https://digitecme.com/ar/brands/cadillac-service-dubai/body-repair,PASS,NO,Existing policy; validate reciprocal destinations,HIGH,"No query × landing-page join supplied | Measured queries support intent only, not historical URL",/ar/brands/cadillac-service-dubai/oil-change,,RETAIN POLICY,NO,"Approved source records reconciled with rendered route; supporting links are observed relationships, not competing primary assignments. Noindex support role retained; not a search-primary target."
/ar/brands/cadillac-service-dubai/brake-repair,ar,brand-service,إصلاح الفرامل Cadillac في دبي,INDEX,"index, follow, max-image-preview:large",https://digitecme.com/ar/brands/cadillac-service-dubai/brake-repair,PASS,YES,Existing policy; validate reciprocal destinations,HIGH,No query × landing-page join supplied,/ar/brands/cadillac-service-dubai/oil-change,,RETAIN POLICY,NO,"Approved source records reconciled with rendered route; supporting links are observed relationships, not competing primary assignments. "
/ar/brands/cadillac-service-dubai/electrical-repair,ar,brand-service,إصلاح الكهرباء Cadillac في دبي,NOINDEX,"noindex, follow",https://digitecme.com/ar/brands/cadillac-service-dubai/electrical-repair,PASS,NO,Existing policy; validate reciprocal destinations,HIGH,No query × landing-page join supplied,/ar/brands/cadillac-service-dubai/oil-change,,RETAIN POLICY,NO,"Approved source records reconciled with rendered route; supporting links are observed relationships, not competing primary assignments. Noindex support role retained; not a search-primary target."
/ar/brands/cadillac-service-dubai/engine-diagnostics,ar,brand-service,تشخيص المحرك Cadillac في دبي,INDEX,"index, follow, max-image-preview:large",https://digitecme.com/ar/brands/cadillac-service-dubai/engine-diagnostics,PASS,YES,Existing policy; validate reciprocal destinations,HIGH,No query × landing-page join supplied,/ar/brands/cadillac-service-dubai/oil-change,,RETAIN POLICY,NO,"Approved source records reconciled with rendered route; supporting links are observed relationships, not competing primary assignments. "
/ar/brands/cadillac-service-dubai/exhaust-repair,ar,brand-service,إصلاح العادم Cadillac في دبي,NOINDEX,"noindex, follow",https://digitecme.com/ar/brands/cadillac-service-dubai/exhaust-repair,PASS,NO,Existing policy; validate reciprocal destinations,HIGH,No query × landing-page join supplied,/ar/brands/cadillac-service-dubai/oil-change,,RETAIN POLICY,NO,"Approved source records reconciled with rendered route; supporting links are observed relationships, not competing primary assignments. Noindex support role retained; not a search-primary target."
/ar/brands/cadillac-service-dubai/fuel-system-repair,ar,brand-service,إصلاح نظام الوقود Cadillac في دبي,NOINDEX,"noindex, follow",https://digitecme.com/ar/brands/cadillac-service-dubai/fuel-system-repair,PASS,NO,Existing policy; validate reciprocal destinations,HIGH,No query × landing-page join supplied,/ar/brands/cadillac-service-dubai/oil-change,,RETAIN POLICY,NO,"Approved source records reconciled with rendered route; supporting links are observed relationships, not competing primary assignments. Noindex support role retained; not a search-primary target."
/ar/brands/cadillac-service-dubai/mechanical-repair,ar,brand-service,الإصلاح الميكانيكي Cadillac في دبي,NOINDEX,"noindex, follow",https://digitecme.com/ar/brands/cadillac-service-dubai/mechanical-repair,PASS,NO,Existing policy; validate reciprocal destinations,HIGH,No query × landing-page join supplied,/ar/brands/cadillac-service-dubai/oil-change,,RETAIN POLICY,NO,"Approved source records reconciled with rendered route; supporting links are observed relationships, not competing primary assignments. Noindex support role retained; not a search-primary target."
/ar/brands/cadillac-service-dubai/oil-change,ar,brand-service,تغيير الزيت Cadillac في دبي,INDEX,"index, follow, max-image-preview:large",https://digitecme.com/ar/brands/cadillac-service-dubai/oil-change,PASS,YES,Existing policy; validate reciprocal destinations,HIGH,No query × landing-page join supplied,/ar/brands/cadillac-service-dubai/brake-repair,,RETAIN POLICY,NO,"Approved source records reconciled with rendered route; supporting links are observed relationships, not competing primary assignments. "
/ar/brands/cadillac-service-dubai/steering-repair,ar,brand-service,إصلاح نظام التوجيه Cadillac في دبي,NOINDEX,"noindex, follow",https://digitecme.com/ar/brands/cadillac-service-dubai/steering-repair,PASS,NO,Existing policy; validate reciprocal destinations,HIGH,No query × landing-page join supplied,/ar/brands/cadillac-service-dubai/oil-change,,RETAIN POLICY,NO,"Approved source records reconciled with rendered route; supporting links are observed relationships, not competing primary assignments. Noindex support role retained; not a search-primary target."
/ar/brands/cadillac-service-dubai/suspension-repair,ar,brand-service,إصلاح التعليق Cadillac في دبي,NOINDEX,"noindex, follow",https://digitecme.com/ar/brands/cadillac-service-dubai/suspension-repair,PASS,NO,Existing policy; validate reciprocal destinations,HIGH,No query × landing-page join supplied,/ar/brands/cadillac-service-dubai/oil-change,,RETAIN POLICY,NO,"Approved source records reconciled with rendered route; supporting links are observed relationships, not competing primary assignments. Noindex support role retained; not a search-primary target."
/ar/brands/cadillac-service-dubai/tire-repair,ar,brand-service,إصلاح الإطارات Cadillac في دبي,NOINDEX,"noindex, follow",https://digitecme.com/ar/brands/cadillac-service-dubai/tire-repair,PASS,NO,Existing policy; validate reciprocal destinations,HIGH,No query × landing-page join supplied,/ar/brands/cadillac-service-dubai/oil-change,,RETAIN POLICY,NO,"Approved source records reconciled with rendered route; supporting links are observed relationships, not competing primary assignments. Noindex support role retained; not a search-primary target."
/ar/brands/cadillac-service-dubai/transmission-repair,ar,brand-service,إصلاح ناقل الحركة Cadillac في دبي,NOINDEX,"noindex, follow",https://digitecme.com/ar/brands/cadillac-service-dubai/transmission-repair,PASS,NO,Existing policy; validate reciprocal destinations,HIGH,No query × landing-page join supplied,/ar/brands/cadillac-service-dubai/oil-change,,RETAIN POLICY,NO,"Approved source records reconciled with rendered route; supporting links are observed relationships, not competing primary assignments. Noindex support role retained; not a search-primary target."
/ar/brands/chevrolet-service-dubai,ar,brand,Chevrolet للإصلاح والصيانة في دبي,INDEX,"index, follow, max-image-preview:large",https://digitecme.com/ar/brands/chevrolet-service-dubai,PASS,YES,Existing policy; validate reciprocal destinations,HIGH,,/ar/brands/chevrolet-service-dubai/oil-change,,RETAIN POLICY,NO,"Approved source records reconciled with rendered route; supporting links are observed relationships, not competing primary assignments. "
/ar/brands/chevrolet-service-dubai/ac-repair,ar,brand-service,إصلاح التكييف Chevrolet في دبي,INDEX,"index, follow, max-image-preview:large",https://digitecme.com/ar/brands/chevrolet-service-dubai/ac-repair,PASS,YES,Existing policy; validate reciprocal destinations,HIGH,,/ar/brands/chevrolet-service-dubai/oil-change,,RETAIN POLICY,NO,"Approved source records reconciled with rendered route; supporting links are observed relationships, not competing primary assignments. "
/ar/brands/chevrolet-service-dubai/brake-repair,ar,brand-service,إصلاح الفرامل Chevrolet في دبي,INDEX,"index, follow, max-image-preview:large",https://digitecme.com/ar/brands/chevrolet-service-dubai/brake-repair,PASS,YES,Existing policy; validate reciprocal destinations,HIGH,,/ar/brands/chevrolet-service-dubai/oil-change,,RETAIN POLICY,NO,"Approved source records reconciled with rendered route; supporting links are observed relationships, not competing primary assignments. "
/ar/brands/chevrolet-service-dubai/engine-diagnostics,ar,brand-service,تشخيص المحرك Chevrolet في دبي,INDEX,"index, follow, max-image-preview:large",https://digitecme.com/ar/brands/chevrolet-service-dubai/engine-diagnostics,PASS,YES,Existing policy; validate reciprocal destinations,HIGH,,/ar/brands/chevrolet-service-dubai/oil-change,,RETAIN POLICY,NO,"Approved source records reconciled with rendered route; supporting links are observed relationships, not competing primary assignments. "
/ar/brands/chevrolet-service-dubai/oil-change,ar,brand-service,تغيير الزيت Chevrolet في دبي,INDEX,"index, follow, max-image-preview:large",https://digitecme.com/ar/brands/chevrolet-service-dubai/oil-change,PASS,YES,Existing policy; validate reciprocal destinations,HIGH,,/ar/brands/chevrolet-service-dubai/brake-repair,,RETAIN POLICY,NO,"Approved source records reconciled with rendered route; supporting links are observed relationships, not competing primary assignments. "
/ar/brands/chevrolet-service-dubai/suspension-repair,ar,brand-service,إصلاح التعليق Chevrolet في دبي,NOINDEX,"noindex, follow",https://digitecme.com/ar/brands/chevrolet-service-dubai/suspension-repair,PASS,NO,Existing policy; validate reciprocal destinations,HIGH,,/ar/brands/chevrolet-service-dubai/oil-change,,RETAIN POLICY,NO,"Approved source records reconciled with rendered route; supporting links are observed relationships, not competing primary assignments. Noindex support role retained; not a search-primary target."
/ar/brands/chevrolet-service-dubai/transmission-repair,ar,brand-service,إصلاح ناقل الحركة Chevrolet في دبي,NOINDEX,"noindex, follow",https://digitecme.com/ar/brands/chevrolet-service-dubai/transmission-repair,PASS,NO,Existing policy; validate reciprocal destinations,HIGH,,/ar/brands/chevrolet-service-dubai/oil-change,,RETAIN POLICY,NO,"Approved source records reconciled with rendered route; supporting links are observed relationships, not competing primary assignments. Noindex support role retained; not a search-primary target."
/ar/brands/chrysler-service-dubai,ar,brand,Chrysler للإصلاح والصيانة في دبي,INDEX,"index, follow, max-image-preview:large",https://digitecme.com/ar/brands/chrysler-service-dubai,PASS,YES,Existing policy; validate reciprocal destinations,HIGH,,/ar/brands/chrysler-service-dubai/oil-change,,RETAIN POLICY,NO,"Approved source records reconciled with rendered route; supporting links are observed relationships, not competing primary assignments. "
/ar/brands/chrysler-service-dubai/ac-repair,ar,brand-service,إصلاح التكييف Chrysler في دبي,INDEX,"index, follow, max-image-preview:large",https://digitecme.com/ar/brands/chrysler-service-dubai/ac-repair,PASS,YES,Existing policy; validate reciprocal destinations,HIGH,,/ar/brands/chrysler-service-dubai/oil-change,,RETAIN POLICY,NO,"Approved source records reconciled with rendered route; supporting links are observed relationships, not competing primary assignments. "
/ar/brands/chrysler-service-dubai/brake-repair,ar,brand-service,إصلاح الفرامل Chrysler في دبي,INDEX,"index, follow, max-image-preview:large",https://digitecme.com/ar/brands/chrysler-service-dubai/brake-repair,PASS,YES,Existing policy; validate reciprocal destinations,HIGH,,/ar/brands/chrysler-service-dubai/oil-change,,RETAIN POLICY,NO,"Approved source records reconciled with rendered route; supporting links are observed relationships, not competing primary assignments. "
/ar/brands/chrysler-service-dubai/engine-diagnostics,ar,brand-service,تشخيص المحرك Chrysler في دبي,INDEX,"index, follow, max-image-preview:large",https://digitecme.com/ar/brands/chrysler-service-dubai/engine-diagnostics,PASS,YES,Existing policy; validate reciprocal destinations,HIGH,,/ar/brands/chrysler-service-dubai/oil-change,,RETAIN POLICY,NO,"Approved source records reconciled with rendered route; supporting links are observed relationships, not competing primary assignments. "
/ar/brands/chrysler-service-dubai/oil-change,ar,brand-service,تغيير الزيت Chrysler في دبي,INDEX,"index, follow, max-image-preview:large",https://digitecme.com/ar/brands/chrysler-service-dubai/oil-change,PASS,YES,Existing policy; validate reciprocal destinations,HIGH,,/ar/brands/chrysler-service-dubai/brake-repair,,RETAIN POLICY,NO,"Approved source records reconciled with rendered route; supporting links are observed relationships, not competing primary assignments. "
/ar/brands/chrysler-service-dubai/suspension-repair,ar,brand-service,إصلاح التعليق Chrysler في دبي,NOINDEX,"noindex, follow",https://digitecme.com/ar/brands/chrysler-service-dubai/suspension-repair,PASS,NO,Existing policy; validate reciprocal destinations,HIGH,,/ar/brands/chrysler-service-dubai/oil-change,,RETAIN POLICY,NO,"Approved source records reconciled with rendered route; supporting links are observed relationships, not competing primary assignments. Noindex support role retained; not a search-primary target."
/ar/brands/chrysler-service-dubai/transmission-repair,ar,brand-service,إصلاح ناقل الحركة Chrysler في دبي,NOINDEX,"noindex, follow",https://digitecme.com/ar/brands/chrysler-service-dubai/transmission-repair,PASS,NO,Existing policy; validate reciprocal destinations,HIGH,,/ar/brands/chrysler-service-dubai/oil-change,,RETAIN POLICY,NO,"Approved source records reconciled with rendered route; supporting links are observed relationships, not competing primary assignments. Noindex support role retained; not a search-primary target."
/ar/brands/corvette-service-dubai,ar,brand,Corvette للإصلاح والصيانة في دبي,INDEX,"index, follow, max-image-preview:large",https://digitecme.com/ar/brands/corvette-service-dubai,PASS,YES,Existing policy; validate reciprocal destinations,HIGH,,/ar/brands/corvette-service-dubai/oil-change,,RETAIN POLICY,NO,"Approved source records reconciled with rendered route; supporting links are observed relationships, not competing primary assignments. "
/ar/brands/corvette-service-dubai/ac-repair,ar,brand-service,إصلاح التكييف Corvette في دبي,INDEX,"index, follow, max-image-preview:large",https://digitecme.com/ar/brands/corvette-service-dubai/ac-repair,PASS,YES,Existing policy; validate reciprocal destinations,HIGH,,/ar/brands/corvette-service-dubai/oil-change,,RETAIN POLICY,NO,"Approved source records reconciled with rendered route; supporting links are observed relationships, not competing primary assignments. "
/ar/brands/corvette-service-dubai/brake-repair,ar,brand-service,إصلاح الفرامل Corvette في دبي,INDEX,"index, follow, max-image-preview:large",https://digitecme.com/ar/brands/corvette-service-dubai/brake-repair,PASS,YES,Existing policy; validate reciprocal destinations,HIGH,,/ar/brands/corvette-service-dubai/oil-change,,RETAIN POLICY,NO,"Approved source records reconciled with rendered route; supporting links are observed relationships, not competing primary assignments. "
/ar/brands/corvette-service-dubai/engine-diagnostics,ar,brand-service,تشخيص المحرك Corvette في دبي,INDEX,"index, follow, max-image-preview:large",https://digitecme.com/ar/brands/corvette-service-dubai/engine-diagnostics,PASS,YES,Existing policy; validate reciprocal destinations,HIGH,,/ar/brands/corvette-service-dubai/oil-change,,RETAIN POLICY,NO,"Approved source records reconciled with rendered route; supporting links are observed relationships, not competing primary assignments. "
/ar/brands/corvette-service-dubai/oil-change,ar,brand-service,تغيير الزيت Corvette في دبي,INDEX,"index, follow, max-image-preview:large",https://digitecme.com/ar/brands/corvette-service-dubai/oil-change,PASS,YES,Existing policy; validate reciprocal destinations,HIGH,,/ar/brands/corvette-service-dubai/brake-repair,,RETAIN POLICY,NO,"Approved source records reconciled with rendered route; supporting links are observed relationships, not competing primary assignments. "
/ar/brands/corvette-service-dubai/suspension-repair,ar,brand-service,إصلاح التعليق Corvette في دبي,NOINDEX,"noindex, follow",https://digitecme.com/ar/brands/corvette-service-dubai/suspension-repair,PASS,NO,Existing policy; validate reciprocal destinations,HIGH,,/ar/brands/corvette-service-dubai/oil-change,,RETAIN POLICY,NO,"Approved source records reconciled with rendered route; supporting links are observed relationships, not competing primary assignments. Noindex support role retained; not a search-primary target."
/ar/brands/corvette-service-dubai/transmission-repair,ar,brand-service,إصلاح ناقل الحركة Corvette في دبي,NOINDEX,"noindex, follow",https://digitecme.com/ar/brands/corvette-service-dubai/transmission-repair,PASS,NO,Existing policy; validate reciprocal destinations,HIGH,,/ar/brands/corvette-service-dubai/oil-change,,RETAIN POLICY,NO,"Approved source records reconciled with rendered route; supporting links are observed relationships, not competing primary assignments. Noindex support role retained; not a search-primary target."
/ar/brands/defender-service-dubai,ar,brand,Defender للإصلاح والصيانة في دبي,INDEX,"index, follow, max-image-preview:large",https://digitecme.com/ar/brands/defender-service-dubai,PASS,YES,Existing policy; validate reciprocal destinations,HIGH,No query × landing-page join supplied,/ar/brands/defender-service-dubai/oil-change,,RETAIN POLICY,NO,"Approved source records reconciled with rendered route; supporting links are observed relationships, not competing primary assignments. "
/ar/brands/defender-service-dubai/ac-repair,ar,brand-service,إصلاح التكييف Defender في دبي,INDEX,"index, follow, max-image-preview:large",https://digitecme.com/ar/brands/defender-service-dubai/ac-repair,PASS,YES,Existing policy; validate reciprocal destinations,HIGH,No query × landing-page join supplied,/ar/brands/defender-service-dubai/oil-change,,RETAIN POLICY,NO,"Approved source records reconciled with rendered route; supporting links are observed relationships, not competing primary assignments. "
/ar/brands/defender-service-dubai/battery-replacement,ar,brand-service,تبديل البطارية Defender في دبي,INDEX,"index, follow, max-image-preview:large",https://digitecme.com/ar/brands/defender-service-dubai/battery-replacement,PASS,YES,Existing policy; validate reciprocal destinations,HIGH,No query × landing-page join supplied,/ar/brands/defender-service-dubai/oil-change,,RETAIN POLICY,NO,"Approved source records reconciled with rendered route; supporting links are observed relationships, not competing primary assignments. "
/ar/brands/defender-service-dubai/body-repair,ar,brand-service,"Commercial repair: dents, damaged paint, refinishing and collision work",INDEX,"index, follow, max-image-preview:large",https://digitecme.com/ar/brands/defender-service-dubai/body-repair,PASS,YES,Existing policy; validate reciprocal destinations,HIGH,"No query × landing-page join supplied | Measured queries support intent only, not historical URL",/ar/brands/defender-service-dubai/oil-change,,RETAIN POLICY,NO,"Approved source records reconciled with rendered route; supporting links are observed relationships, not competing primary assignments. "
/ar/brands/defender-service-dubai/brake-repair,ar,brand-service,إصلاح الفرامل Defender في دبي,INDEX,"index, follow, max-image-preview:large",https://digitecme.com/ar/brands/defender-service-dubai/brake-repair,PASS,YES,Existing policy; validate reciprocal destinations,HIGH,No query × landing-page join supplied,/ar/brands/defender-service-dubai/oil-change,,RETAIN POLICY,NO,"Approved source records reconciled with rendered route; supporting links are observed relationships, not competing primary assignments. "
/ar/brands/defender-service-dubai/electrical-repair,ar,brand-service,إصلاح الكهرباء Defender في دبي,INDEX,"index, follow, max-image-preview:large",https://digitecme.com/ar/brands/defender-service-dubai/electrical-repair,PASS,YES,Existing policy; validate reciprocal destinations,HIGH,No query × landing-page join supplied,/ar/brands/defender-service-dubai/oil-change,,RETAIN POLICY,NO,"Approved source records reconciled with rendered route; supporting links are observed relationships, not competing primary assignments. "
/ar/brands/defender-service-dubai/engine-diagnostics,ar,brand-service,تشخيص المحرك Defender في دبي,INDEX,"index, follow, max-image-preview:large",https://digitecme.com/ar/brands/defender-service-dubai/engine-diagnostics,PASS,YES,Existing policy; validate reciprocal destinations,HIGH,No query × landing-page join supplied,/ar/brands/defender-service-dubai/oil-change,,RETAIN POLICY,NO,"Approved source records reconciled with rendered route; supporting links are observed relationships, not competing primary assignments. "
/ar/brands/defender-service-dubai/exhaust-repair,ar,brand-service,إصلاح العادم Defender في دبي,INDEX,"index, follow, max-image-preview:large",https://digitecme.com/ar/brands/defender-service-dubai/exhaust-repair,PASS,YES,Existing policy; validate reciprocal destinations,HIGH,No query × landing-page join supplied,/ar/brands/defender-service-dubai/oil-change,,RETAIN POLICY,NO,"Approved source records reconciled with rendered route; supporting links are observed relationships, not competing primary assignments. "
/ar/brands/defender-service-dubai/fuel-system-repair,ar,brand-service,إصلاح نظام الوقود Defender في دبي,INDEX,"index, follow, max-image-preview:large",https://digitecme.com/ar/brands/defender-service-dubai/fuel-system-repair,PASS,YES,Existing policy; validate reciprocal destinations,HIGH,No query × landing-page join supplied,/ar/brands/defender-service-dubai/oil-change,,RETAIN POLICY,NO,"Approved source records reconciled with rendered route; supporting links are observed relationships, not competing primary assignments. "
/ar/brands/defender-service-dubai/mechanical-repair,ar,brand-service,الإصلاح الميكانيكي Defender في دبي,INDEX,"index, follow, max-image-preview:large",https://digitecme.com/ar/brands/defender-service-dubai/mechanical-repair,PASS,YES,Existing policy; validate reciprocal destinations,HIGH,No query × landing-page join supplied,/ar/brands/defender-service-dubai/oil-change,,RETAIN POLICY,NO,"Approved source records reconciled with rendered route; supporting links are observed relationships, not competing primary assignments. "
/ar/brands/defender-service-dubai/oil-change,ar,brand-service,تغيير الزيت Defender في دبي,INDEX,"index, follow, max-image-preview:large",https://digitecme.com/ar/brands/defender-service-dubai/oil-change,PASS,YES,Existing policy; validate reciprocal destinations,HIGH,No query × landing-page join supplied,/ar/brands/defender-service-dubai/brake-repair,,RETAIN POLICY,NO,"Approved source records reconciled with rendered route; supporting links are observed relationships, not competing primary assignments. "
/ar/brands/defender-service-dubai/steering-repair,ar,brand-service,إصلاح نظام التوجيه Defender في دبي,INDEX,"index, follow, max-image-preview:large",https://digitecme.com/ar/brands/defender-service-dubai/steering-repair,PASS,YES,Existing policy; validate reciprocal destinations,HIGH,No query × landing-page join supplied,/ar/brands/defender-service-dubai/oil-change,,RETAIN POLICY,NO,"Approved source records reconciled with rendered route; supporting links are observed relationships, not competing primary assignments. "
/ar/brands/defender-service-dubai/suspension-repair,ar,brand-service,إصلاح التعليق Defender في دبي,INDEX,"index, follow, max-image-preview:large",https://digitecme.com/ar/brands/defender-service-dubai/suspension-repair,PASS,YES,Existing policy; validate reciprocal destinations,HIGH,No query × landing-page join supplied,/ar/brands/defender-service-dubai/oil-change,,RETAIN POLICY,NO,"Approved source records reconciled with rendered route; supporting links are observed relationships, not competing primary assignments. "
/ar/brands/defender-service-dubai/tire-repair,ar,brand-service,إصلاح الإطارات Defender في دبي,INDEX,"index, follow, max-image-preview:large",https://digitecme.com/ar/brands/defender-service-dubai/tire-repair,PASS,YES,Existing policy; validate reciprocal destinations,HIGH,No query × landing-page join supplied,/ar/brands/defender-service-dubai/oil-change,,RETAIN POLICY,NO,"Approved source records reconciled with rendered route; supporting links are observed relationships, not competing primary assignments. "
/ar/brands/defender-service-dubai/transmission-repair,ar,brand-service,إصلاح ناقل الحركة Defender في دبي,INDEX,"index, follow, max-image-preview:large",https://digitecme.com/ar/brands/defender-service-dubai/transmission-repair,PASS,YES,Existing policy; validate reciprocal destinations,HIGH,No query × landing-page join supplied,/ar/brands/defender-service-dubai/oil-change,,RETAIN POLICY,NO,"Approved source records reconciled with rendered route; supporting links are observed relationships, not competing primary assignments. "
/ar/brands/dodge-service-dubai,ar,brand,Dodge للإصلاح والصيانة في دبي,INDEX,"index, follow, max-image-preview:large",https://digitecme.com/ar/brands/dodge-service-dubai,PASS,YES,Existing policy; validate reciprocal destinations,HIGH,,/ar/brands/dodge-service-dubai/oil-change,,RETAIN POLICY,NO,"Approved source records reconciled with rendered route; supporting links are observed relationships, not competing primary assignments. "
/ar/brands/dodge-service-dubai/ac-repair,ar,brand-service,إصلاح التكييف Dodge في دبي,INDEX,"index, follow, max-image-preview:large",https://digitecme.com/ar/brands/dodge-service-dubai/ac-repair,PASS,YES,Existing policy; validate reciprocal destinations,HIGH,,/ar/brands/dodge-service-dubai/oil-change,,RETAIN POLICY,NO,"Approved source records reconciled with rendered route; supporting links are observed relationships, not competing primary assignments. "
/ar/brands/dodge-service-dubai/brake-repair,ar,brand-service,إصلاح الفرامل Dodge في دبي,INDEX,"index, follow, max-image-preview:large",https://digitecme.com/ar/brands/dodge-service-dubai/brake-repair,PASS,YES,Existing policy; validate reciprocal destinations,HIGH,,/ar/brands/dodge-service-dubai/oil-change,,RETAIN POLICY,NO,"Approved source records reconciled with rendered route; supporting links are observed relationships, not competing primary assignments. "
/ar/brands/dodge-service-dubai/engine-diagnostics,ar,brand-service,تشخيص المحرك Dodge في دبي,INDEX,"index, follow, max-image-preview:large",https://digitecme.com/ar/brands/dodge-service-dubai/engine-diagnostics,PASS,YES,Existing policy; validate reciprocal destinations,HIGH,,/ar/brands/dodge-service-dubai/oil-change,,RETAIN POLICY,NO,"Approved source records reconciled with rendered route; supporting links are observed relationships, not competing primary assignments. "
/ar/brands/dodge-service-dubai/oil-change,ar,brand-service,تغيير الزيت Dodge في دبي,INDEX,"index, follow, max-image-preview:large",https://digitecme.com/ar/brands/dodge-service-dubai/oil-change,PASS,YES,Existing policy; validate reciprocal destinations,HIGH,,/ar/brands/dodge-service-dubai/brake-repair,,RETAIN POLICY,NO,"Approved source records reconciled with rendered route; supporting links are observed relationships, not competing primary assignments. "
/ar/brands/dodge-service-dubai/suspension-repair,ar,brand-service,إصلاح التعليق Dodge في دبي,NOINDEX,"noindex, follow",https://digitecme.com/ar/brands/dodge-service-dubai/suspension-repair,PASS,NO,Existing policy; validate reciprocal destinations,HIGH,,/ar/brands/dodge-service-dubai/oil-change,,RETAIN POLICY,NO,"Approved source records reconciled with rendered route; supporting links are observed relationships, not competing primary assignments. Noindex support role retained; not a search-primary target."
/ar/brands/dodge-service-dubai/transmission-repair,ar,brand-service,إصلاح ناقل الحركة Dodge في دبي,NOINDEX,"noindex, follow",https://digitecme.com/ar/brands/dodge-service-dubai/transmission-repair,PASS,NO,Existing policy; validate reciprocal destinations,HIGH,,/ar/brands/dodge-service-dubai/oil-change,,RETAIN POLICY,NO,"Approved source records reconciled with rendered route; supporting links are observed relationships, not competing primary assignments. Noindex support role retained; not a search-primary target."
/ar/brands/ferrari-service-dubai,ar,brand,إصلاح وصيانة Ferrari في دبي,INDEX,"index, follow, max-image-preview:large",https://digitecme.com/ar/brands/ferrari-service-dubai,PASS,YES,Existing policy; validate reciprocal destinations,HIGH,No latest query mapped; top-query export does not establish zero page traffic,/ar/brands/ferrari-service-dubai/oil-change,,RETAIN POLICY,NO,"Approved source records reconciled with rendered route; supporting links are observed relationships, not competing primary assignments. "
/ar/brands/ferrari-service-dubai/ac-repair,ar,brand-service,إصلاح التكييف Ferrari في دبي,INDEX,"index, follow, max-image-preview:large",https://digitecme.com/ar/brands/ferrari-service-dubai/ac-repair,PASS,YES,Existing policy; validate reciprocal destinations,HIGH,No latest query mapped; top-query export does not establish zero page traffic,/ar/brands/ferrari-service-dubai/oil-change,,RETAIN POLICY,NO,"Approved source records reconciled with rendered route; supporting links are observed relationships, not competing primary assignments. "
/ar/brands/ferrari-service-dubai/battery-replacement,ar,brand-service,تبديل البطارية Ferrari في دبي,INDEX,"index, follow, max-image-preview:large",https://digitecme.com/ar/brands/ferrari-service-dubai/battery-replacement,PASS,YES,Existing policy; validate reciprocal destinations,HIGH,No latest query mapped; top-query export does not establish zero page traffic,/ar/brands/ferrari-service-dubai/oil-change,,RETAIN POLICY,NO,"Approved source records reconciled with rendered route; supporting links are observed relationships, not competing primary assignments. "
/ar/brands/ferrari-service-dubai/body-repair,ar,brand-service,"Commercial repair: dents, damaged paint, refinishing and collision work",INDEX,"index, follow, max-image-preview:large",https://digitecme.com/ar/brands/ferrari-service-dubai/body-repair,PASS,YES,Existing policy; validate reciprocal destinations,HIGH,"No latest query mapped; top-query export does not establish zero page traffic | Measured queries support intent only, not historical URL",/ar/brands/ferrari-service-dubai/oil-change,,RETAIN POLICY,NO,"Approved source records reconciled with rendered route; supporting links are observed relationships, not competing primary assignments. "
/ar/brands/ferrari-service-dubai/brake-repair,ar,brand-service,إصلاح الفرامل Ferrari في دبي,INDEX,"index, follow, max-image-preview:large",https://digitecme.com/ar/brands/ferrari-service-dubai/brake-repair,PASS,YES,Existing policy; validate reciprocal destinations,HIGH,No latest query mapped; top-query export does not establish zero page traffic,/ar/brands/ferrari-service-dubai/oil-change,,RETAIN POLICY,NO,"Approved source records reconciled with rendered route; supporting links are observed relationships, not competing primary assignments. "
/ar/brands/ferrari-service-dubai/electrical-repair,ar,brand-service,إصلاح الكهرباء Ferrari في دبي,INDEX,"index, follow, max-image-preview:large",https://digitecme.com/ar/brands/ferrari-service-dubai/electrical-repair,PASS,YES,Existing policy; validate reciprocal destinations,HIGH,No latest query mapped; top-query export does not establish zero page traffic,/ar/brands/ferrari-service-dubai/oil-change,,RETAIN POLICY,NO,"Approved source records reconciled with rendered route; supporting links are observed relationships, not competing primary assignments. "
/ar/brands/ferrari-service-dubai/engine-diagnostics,ar,brand-service,تشخيص المحرك Ferrari في دبي,INDEX,"index, follow, max-image-preview:large",https://digitecme.com/ar/brands/ferrari-service-dubai/engine-diagnostics,PASS,YES,Existing policy; validate reciprocal destinations,HIGH,No latest query mapped; top-query export does not establish zero page traffic,/ar/brands/ferrari-service-dubai/oil-change,,RETAIN POLICY,NO,"Approved source records reconciled with rendered route; supporting links are observed relationships, not competing primary assignments. "
/ar/brands/ferrari-service-dubai/exhaust-repair,ar,brand-service,إصلاح العادم Ferrari في دبي,INDEX,"index, follow, max-image-preview:large",https://digitecme.com/ar/brands/ferrari-service-dubai/exhaust-repair,PASS,YES,Existing policy; validate reciprocal destinations,HIGH,No latest query mapped; top-query export does not establish zero page traffic,/ar/brands/ferrari-service-dubai/oil-change,,RETAIN POLICY,NO,"Approved source records reconciled with rendered route; supporting links are observed relationships, not competing primary assignments. "
/ar/brands/ferrari-service-dubai/fuel-system-repair,ar,brand-service,إصلاح نظام الوقود Ferrari في دبي,INDEX,"index, follow, max-image-preview:large",https://digitecme.com/ar/brands/ferrari-service-dubai/fuel-system-repair,PASS,YES,Existing policy; validate reciprocal destinations,HIGH,No latest query mapped; top-query export does not establish zero page traffic,/ar/brands/ferrari-service-dubai/oil-change,,RETAIN POLICY,NO,"Approved source records reconciled with rendered route; supporting links are observed relationships, not competing primary assignments. "
/ar/brands/ferrari-service-dubai/mechanical-repair,ar,brand-service,الإصلاح الميكانيكي Ferrari في دبي,INDEX,"index, follow, max-image-preview:large",https://digitecme.com/ar/brands/ferrari-service-dubai/mechanical-repair,PASS,YES,Existing policy; validate reciprocal destinations,HIGH,No latest query mapped; top-query export does not establish zero page traffic,/ar/brands/ferrari-service-dubai/oil-change,,RETAIN POLICY,NO,"Approved source records reconciled with rendered route; supporting links are observed relationships, not competing primary assignments. "
/ar/brands/ferrari-service-dubai/oil-change,ar,brand-service,تغيير الزيت Ferrari في دبي,INDEX,"index, follow, max-image-preview:large",https://digitecme.com/ar/brands/ferrari-service-dubai/oil-change,PASS,YES,Existing policy; validate reciprocal destinations,HIGH,No latest query mapped; top-query export does not establish zero page traffic,/ar/brands/ferrari-service-dubai/brake-repair,,RETAIN POLICY,NO,"Approved source records reconciled with rendered route; supporting links are observed relationships, not competing primary assignments. "
/ar/brands/ferrari-service-dubai/steering-repair,ar,brand-service,إصلاح نظام التوجيه Ferrari في دبي,INDEX,"index, follow, max-image-preview:large",https://digitecme.com/ar/brands/ferrari-service-dubai/steering-repair,PASS,YES,Existing policy; validate reciprocal destinations,HIGH,No latest query mapped; top-query export does not establish zero page traffic,/ar/brands/ferrari-service-dubai/oil-change,,RETAIN POLICY,NO,"Approved source records reconciled with rendered route; supporting links are observed relationships, not competing primary assignments. "
/ar/brands/ferrari-service-dubai/suspension-repair,ar,brand-service,إصلاح التعليق Ferrari في دبي,INDEX,"index, follow, max-image-preview:large",https://digitecme.com/ar/brands/ferrari-service-dubai/suspension-repair,PASS,YES,Existing policy; validate reciprocal destinations,HIGH,No latest query mapped; top-query export does not establish zero page traffic,/ar/brands/ferrari-service-dubai/oil-change,,RETAIN POLICY,NO,"Approved source records reconciled with rendered route; supporting links are observed relationships, not competing primary assignments. "
/ar/brands/ferrari-service-dubai/tire-repair,ar,brand-service,إصلاح الإطارات Ferrari في دبي,INDEX,"index, follow, max-image-preview:large",https://digitecme.com/ar/brands/ferrari-service-dubai/tire-repair,PASS,YES,Existing policy; validate reciprocal destinations,HIGH,No latest query mapped; top-query export does not establish zero page traffic,/ar/brands/ferrari-service-dubai/oil-change,,RETAIN POLICY,NO,"Approved source records reconciled with rendered route; supporting links are observed relationships, not competing primary assignments. "
/ar/brands/ferrari-service-dubai/transmission-repair,ar,brand-service,إصلاح ناقل الحركة Ferrari في دبي,INDEX,"index, follow, max-image-preview:large",https://digitecme.com/ar/brands/ferrari-service-dubai/transmission-repair,PASS,YES,Existing policy; validate reciprocal destinations,HIGH,No latest query mapped; top-query export does not establish zero page traffic,/ar/brands/ferrari-service-dubai/oil-change,,RETAIN POLICY,NO,"Approved source records reconciled with rendered route; supporting links are observed relationships, not competing primary assignments. "
/ar/brands/ford-service-dubai,ar,brand,Ford للإصلاح والصيانة في دبي,INDEX,"index, follow, max-image-preview:large",https://digitecme.com/ar/brands/ford-service-dubai,PASS,YES,Existing policy; validate reciprocal destinations,HIGH,,/ar/brands/ford-service-dubai/oil-change,,RETAIN POLICY,NO,"Approved source records reconciled with rendered route; supporting links are observed relationships, not competing primary assignments. "
/ar/brands/ford-service-dubai/ac-repair,ar,brand-service,إصلاح التكييف Ford في دبي,INDEX,"index, follow, max-image-preview:large",https://digitecme.com/ar/brands/ford-service-dubai/ac-repair,PASS,YES,Existing policy; validate reciprocal destinations,HIGH,,/ar/brands/ford-service-dubai/oil-change,,RETAIN POLICY,NO,"Approved source records reconciled with rendered route; supporting links are observed relationships, not competing primary assignments. "
/ar/brands/ford-service-dubai/brake-repair,ar,brand-service,إصلاح الفرامل Ford في دبي,INDEX,"index, follow, max-image-preview:large",https://digitecme.com/ar/brands/ford-service-dubai/brake-repair,PASS,YES,Existing policy; validate reciprocal destinations,HIGH,,/ar/brands/ford-service-dubai/oil-change,,RETAIN POLICY,NO,"Approved source records reconciled with rendered route; supporting links are observed relationships, not competing primary assignments. "
/ar/brands/ford-service-dubai/engine-diagnostics,ar,brand-service,تشخيص المحرك Ford في دبي,INDEX,"index, follow, max-image-preview:large",https://digitecme.com/ar/brands/ford-service-dubai/engine-diagnostics,PASS,YES,Existing policy; validate reciprocal destinations,HIGH,,/ar/brands/ford-service-dubai/oil-change,,RETAIN POLICY,NO,"Approved source records reconciled with rendered route; supporting links are observed relationships, not competing primary assignments. "
/ar/brands/ford-service-dubai/oil-change,ar,brand-service,تغيير الزيت Ford في دبي,INDEX,"index, follow, max-image-preview:large",https://digitecme.com/ar/brands/ford-service-dubai/oil-change,PASS,YES,Existing policy; validate reciprocal destinations,HIGH,,/ar/brands/ford-service-dubai/brake-repair,,RETAIN POLICY,NO,"Approved source records reconciled with rendered route; supporting links are observed relationships, not competing primary assignments. "
/ar/brands/ford-service-dubai/suspension-repair,ar,brand-service,إصلاح التعليق Ford في دبي,NOINDEX,"noindex, follow",https://digitecme.com/ar/brands/ford-service-dubai/suspension-repair,PASS,NO,Existing policy; validate reciprocal destinations,HIGH,,/ar/brands/ford-service-dubai/oil-change,,RETAIN POLICY,NO,"Approved source records reconciled with rendered route; supporting links are observed relationships, not competing primary assignments. Noindex support role retained; not a search-primary target."
/ar/brands/ford-service-dubai/transmission-repair,ar,brand-service,إصلاح ناقل الحركة Ford في دبي,NOINDEX,"noindex, follow",https://digitecme.com/ar/brands/ford-service-dubai/transmission-repair,PASS,NO,Existing policy; validate reciprocal destinations,HIGH,,/ar/brands/ford-service-dubai/oil-change,,RETAIN POLICY,NO,"Approved source records reconciled with rendered route; supporting links are observed relationships, not competing primary assignments. Noindex support role retained; not a search-primary target."
/ar/brands/genesis-service-dubai,ar,brand,Genesis للإصلاح والصيانة في دبي,INDEX,"index, follow, max-image-preview:large",https://digitecme.com/ar/brands/genesis-service-dubai,PASS,YES,Existing policy; validate reciprocal destinations,HIGH,,/ar/brands/genesis-service-dubai/oil-change,,RETAIN POLICY,NO,"Approved source records reconciled with rendered route; supporting links are observed relationships, not competing primary assignments. "
/ar/brands/genesis-service-dubai/ac-repair,ar,brand-service,إصلاح التكييف Genesis في دبي,INDEX,"index, follow, max-image-preview:large",https://digitecme.com/ar/brands/genesis-service-dubai/ac-repair,PASS,YES,Existing policy; validate reciprocal destinations,HIGH,,/ar/brands/genesis-service-dubai/oil-change,,RETAIN POLICY,NO,"Approved source records reconciled with rendered route; supporting links are observed relationships, not competing primary assignments. "
/ar/brands/genesis-service-dubai/brake-repair,ar,brand-service,إصلاح الفرامل Genesis في دبي,INDEX,"index, follow, max-image-preview:large",https://digitecme.com/ar/brands/genesis-service-dubai/brake-repair,PASS,YES,Existing policy; validate reciprocal destinations,HIGH,,/ar/brands/genesis-service-dubai/oil-change,,RETAIN POLICY,NO,"Approved source records reconciled with rendered route; supporting links are observed relationships, not competing primary assignments. "
/ar/brands/genesis-service-dubai/engine-diagnostics,ar,brand-service,تشخيص المحرك Genesis في دبي,INDEX,"index, follow, max-image-preview:large",https://digitecme.com/ar/brands/genesis-service-dubai/engine-diagnostics,PASS,YES,Existing policy; validate reciprocal destinations,HIGH,,/ar/brands/genesis-service-dubai/oil-change,,RETAIN POLICY,NO,"Approved source records reconciled with rendered route; supporting links are observed relationships, not competing primary assignments. "
/ar/brands/genesis-service-dubai/oil-change,ar,brand-service,تغيير الزيت Genesis في دبي,INDEX,"index, follow, max-image-preview:large",https://digitecme.com/ar/brands/genesis-service-dubai/oil-change,PASS,YES,Existing policy; validate reciprocal destinations,HIGH,,/ar/brands/genesis-service-dubai/brake-repair,,RETAIN POLICY,NO,"Approved source records reconciled with rendered route; supporting links are observed relationships, not competing primary assignments. "
/ar/brands/genesis-service-dubai/suspension-repair,ar,brand-service,إصلاح التعليق Genesis في دبي,NOINDEX,"noindex, follow",https://digitecme.com/ar/brands/genesis-service-dubai/suspension-repair,PASS,NO,Existing policy; validate reciprocal destinations,HIGH,,/ar/brands/genesis-service-dubai/oil-change,,RETAIN POLICY,NO,"Approved source records reconciled with rendered route; supporting links are observed relationships, not competing primary assignments. Noindex support role retained; not a search-primary target."
/ar/brands/genesis-service-dubai/transmission-repair,ar,brand-service,إصلاح ناقل الحركة Genesis في دبي,NOINDEX,"noindex, follow",https://digitecme.com/ar/brands/genesis-service-dubai/transmission-repair,PASS,NO,Existing policy; validate reciprocal destinations,HIGH,,/ar/brands/genesis-service-dubai/oil-change,,RETAIN POLICY,NO,"Approved source records reconciled with rendered route; supporting links are observed relationships, not competing primary assignments. Noindex support role retained; not a search-primary target."
/ar/brands/gmc-service-dubai,ar,brand,GMC للإصلاح والصيانة في دبي,INDEX,"index, follow, max-image-preview:large",https://digitecme.com/ar/brands/gmc-service-dubai,PASS,YES,Existing policy; validate reciprocal destinations,HIGH,,/ar/brands/gmc-service-dubai/oil-change,,RETAIN POLICY,NO,"Approved source records reconciled with rendered route; supporting links are observed relationships, not competing primary assignments. "
/ar/brands/gmc-service-dubai/ac-repair,ar,brand-service,إصلاح التكييف GMC في دبي,INDEX,"index, follow, max-image-preview:large",https://digitecme.com/ar/brands/gmc-service-dubai/ac-repair,PASS,YES,Existing policy; validate reciprocal destinations,HIGH,,/ar/brands/gmc-service-dubai/oil-change,,RETAIN POLICY,NO,"Approved source records reconciled with rendered route; supporting links are observed relationships, not competing primary assignments. "
/ar/brands/gmc-service-dubai/brake-repair,ar,brand-service,إصلاح الفرامل GMC في دبي,INDEX,"index, follow, max-image-preview:large",https://digitecme.com/ar/brands/gmc-service-dubai/brake-repair,PASS,YES,Existing policy; validate reciprocal destinations,HIGH,,/ar/brands/gmc-service-dubai/oil-change,,RETAIN POLICY,NO,"Approved source records reconciled with rendered route; supporting links are observed relationships, not competing primary assignments. "
/ar/brands/gmc-service-dubai/engine-diagnostics,ar,brand-service,تشخيص المحرك GMC في دبي,INDEX,"index, follow, max-image-preview:large",https://digitecme.com/ar/brands/gmc-service-dubai/engine-diagnostics,PASS,YES,Existing policy; validate reciprocal destinations,HIGH,,/ar/brands/gmc-service-dubai/oil-change,,RETAIN POLICY,NO,"Approved source records reconciled with rendered route; supporting links are observed relationships, not competing primary assignments. "
/ar/brands/gmc-service-dubai/oil-change,ar,brand-service,تغيير الزيت GMC في دبي,INDEX,"index, follow, max-image-preview:large",https://digitecme.com/ar/brands/gmc-service-dubai/oil-change,PASS,YES,Existing policy; validate reciprocal destinations,HIGH,,/ar/brands/gmc-service-dubai/brake-repair,,RETAIN POLICY,NO,"Approved source records reconciled with rendered route; supporting links are observed relationships, not competing primary assignments. "
/ar/brands/gmc-service-dubai/suspension-repair,ar,brand-service,إصلاح التعليق GMC في دبي,NOINDEX,"noindex, follow",https://digitecme.com/ar/brands/gmc-service-dubai/suspension-repair,PASS,NO,Existing policy; validate reciprocal destinations,HIGH,,/ar/brands/gmc-service-dubai/oil-change,,RETAIN POLICY,NO,"Approved source records reconciled with rendered route; supporting links are observed relationships, not competing primary assignments. Noindex support role retained; not a search-primary target."
/ar/brands/gmc-service-dubai/transmission-repair,ar,brand-service,إصلاح ناقل الحركة GMC في دبي,NOINDEX,"noindex, follow",https://digitecme.com/ar/brands/gmc-service-dubai/transmission-repair,PASS,NO,Existing policy; validate reciprocal destinations,HIGH,,/ar/brands/gmc-service-dubai/oil-change,,RETAIN POLICY,NO,"Approved source records reconciled with rendered route; supporting links are observed relationships, not competing primary assignments. Noindex support role retained; not a search-primary target."
/ar/brands/hummer-service-dubai,ar,brand,Hummer للإصلاح والصيانة في دبي,INDEX,"index, follow, max-image-preview:large",https://digitecme.com/ar/brands/hummer-service-dubai,PASS,YES,Existing policy; validate reciprocal destinations,HIGH,,/ar/brands/hummer-service-dubai/oil-change,,RETAIN POLICY,NO,"Approved source records reconciled with rendered route; supporting links are observed relationships, not competing primary assignments. "
/ar/brands/hummer-service-dubai/ac-repair,ar,brand-service,إصلاح التكييف Hummer في دبي,INDEX,"index, follow, max-image-preview:large",https://digitecme.com/ar/brands/hummer-service-dubai/ac-repair,PASS,YES,Existing policy; validate reciprocal destinations,HIGH,,/ar/brands/hummer-service-dubai/oil-change,,RETAIN POLICY,NO,"Approved source records reconciled with rendered route; supporting links are observed relationships, not competing primary assignments. "
/ar/brands/hummer-service-dubai/brake-repair,ar,brand-service,إصلاح الفرامل Hummer في دبي,INDEX,"index, follow, max-image-preview:large",https://digitecme.com/ar/brands/hummer-service-dubai/brake-repair,PASS,YES,Existing policy; validate reciprocal destinations,HIGH,,/ar/brands/hummer-service-dubai/oil-change,,RETAIN POLICY,NO,"Approved source records reconciled with rendered route; supporting links are observed relationships, not competing primary assignments. "
/ar/brands/hummer-service-dubai/engine-diagnostics,ar,brand-service,تشخيص المحرك Hummer في دبي,INDEX,"index, follow, max-image-preview:large",https://digitecme.com/ar/brands/hummer-service-dubai/engine-diagnostics,PASS,YES,Existing policy; validate reciprocal destinations,HIGH,,/ar/brands/hummer-service-dubai/oil-change,,RETAIN POLICY,NO,"Approved source records reconciled with rendered route; supporting links are observed relationships, not competing primary assignments. "
/ar/brands/hummer-service-dubai/oil-change,ar,brand-service,تغيير الزيت Hummer في دبي,INDEX,"index, follow, max-image-preview:large",https://digitecme.com/ar/brands/hummer-service-dubai/oil-change,PASS,YES,Existing policy; validate reciprocal destinations,HIGH,,/ar/brands/hummer-service-dubai/brake-repair,,RETAIN POLICY,NO,"Approved source records reconciled with rendered route; supporting links are observed relationships, not competing primary assignments. "
/ar/brands/hummer-service-dubai/suspension-repair,ar,brand-service,إصلاح التعليق Hummer في دبي,NOINDEX,"noindex, follow",https://digitecme.com/ar/brands/hummer-service-dubai/suspension-repair,PASS,NO,Existing policy; validate reciprocal destinations,HIGH,,/ar/brands/hummer-service-dubai/oil-change,,RETAIN POLICY,NO,"Approved source records reconciled with rendered route; supporting links are observed relationships, not competing primary assignments. Noindex support role retained; not a search-primary target."
/ar/brands/hummer-service-dubai/transmission-repair,ar,brand-service,إصلاح ناقل الحركة Hummer في دبي,NOINDEX,"noindex, follow",https://digitecme.com/ar/brands/hummer-service-dubai/transmission-repair,PASS,NO,Existing policy; validate reciprocal destinations,HIGH,,/ar/brands/hummer-service-dubai/oil-change,,RETAIN POLICY,NO,"Approved source records reconciled with rendered route; supporting links are observed relationships, not competing primary assignments. Noindex support role retained; not a search-primary target."
/ar/brands/jaguar-service-dubai,ar,brand,Jaguar للإصلاح والصيانة في دبي,INDEX,"index, follow, max-image-preview:large",https://digitecme.com/ar/brands/jaguar-service-dubai,PASS,YES,Existing policy; validate reciprocal destinations,HIGH,No query × landing-page join supplied,/ar/brands/jaguar-service-dubai/oil-change,,RETAIN POLICY,NO,"Approved source records reconciled with rendered route; supporting links are observed relationships, not competing primary assignments. "
/ar/brands/jaguar-service-dubai/ac-repair,ar,brand-service,إصلاح التكييف Jaguar في دبي,INDEX,"index, follow, max-image-preview:large",https://digitecme.com/ar/brands/jaguar-service-dubai/ac-repair,PASS,YES,Existing policy; validate reciprocal destinations,HIGH,No query × landing-page join supplied,/ar/brands/jaguar-service-dubai/oil-change,,RETAIN POLICY,NO,"Approved source records reconciled with rendered route; supporting links are observed relationships, not competing primary assignments. "
/ar/brands/jaguar-service-dubai/brake-repair,ar,brand-service,إصلاح الفرامل Jaguar في دبي,INDEX,"index, follow, max-image-preview:large",https://digitecme.com/ar/brands/jaguar-service-dubai/brake-repair,PASS,YES,Existing policy; validate reciprocal destinations,HIGH,No query × landing-page join supplied,/ar/brands/jaguar-service-dubai/oil-change,,RETAIN POLICY,NO,"Approved source records reconciled with rendered route; supporting links are observed relationships, not competing primary assignments. "
/ar/brands/jaguar-service-dubai/engine-diagnostics,ar,brand-service,تشخيص المحرك Jaguar في دبي,INDEX,"index, follow, max-image-preview:large",https://digitecme.com/ar/brands/jaguar-service-dubai/engine-diagnostics,PASS,YES,Existing policy; validate reciprocal destinations,HIGH,No query × landing-page join supplied,/ar/brands/jaguar-service-dubai/oil-change,,RETAIN POLICY,NO,"Approved source records reconciled with rendered route; supporting links are observed relationships, not competing primary assignments. "
/ar/brands/jaguar-service-dubai/oil-change,ar,brand-service,تغيير الزيت Jaguar في دبي,INDEX,"index, follow, max-image-preview:large",https://digitecme.com/ar/brands/jaguar-service-dubai/oil-change,PASS,YES,Existing policy; validate reciprocal destinations,HIGH,No query × landing-page join supplied,/ar/brands/jaguar-service-dubai/brake-repair,,RETAIN POLICY,NO,"Approved source records reconciled with rendered route; supporting links are observed relationships, not competing primary assignments. "
/ar/brands/jaguar-service-dubai/suspension-repair,ar,brand-service,إصلاح التعليق Jaguar في دبي,NOINDEX,"noindex, follow",https://digitecme.com/ar/brands/jaguar-service-dubai/suspension-repair,PASS,NO,Existing policy; validate reciprocal destinations,HIGH,No query × landing-page join supplied,/ar/brands/jaguar-service-dubai/oil-change,,RETAIN POLICY,NO,"Approved source records reconciled with rendered route; supporting links are observed relationships, not competing primary assignments. Noindex support role retained; not a search-primary target."
/ar/brands/jaguar-service-dubai/transmission-repair,ar,brand-service,إصلاح ناقل الحركة Jaguar في دبي,NOINDEX,"noindex, follow",https://digitecme.com/ar/brands/jaguar-service-dubai/transmission-repair,PASS,NO,Existing policy; validate reciprocal destinations,HIGH,No query × landing-page join supplied,/ar/brands/jaguar-service-dubai/oil-change,,RETAIN POLICY,NO,"Approved source records reconciled with rendered route; supporting links are observed relationships, not competing primary assignments. Noindex support role retained; not a search-primary target."
/ar/brands/jeep-service-dubai,ar,brand,Jeep للإصلاح والصيانة في دبي,INDEX,"index, follow, max-image-preview:large",https://digitecme.com/ar/brands/jeep-service-dubai,PASS,YES,Existing policy; validate reciprocal destinations,HIGH,,/ar/brands/jeep-service-dubai/oil-change,,RETAIN POLICY,NO,"Approved source records reconciled with rendered route; supporting links are observed relationships, not competing primary assignments. "
/ar/brands/jeep-service-dubai/ac-repair,ar,brand-service,إصلاح التكييف Jeep في دبي,INDEX,"index, follow, max-image-preview:large",https://digitecme.com/ar/brands/jeep-service-dubai/ac-repair,PASS,YES,Existing policy; validate reciprocal destinations,HIGH,,/ar/brands/jeep-service-dubai/oil-change,,RETAIN POLICY,NO,"Approved source records reconciled with rendered route; supporting links are observed relationships, not competing primary assignments. "
/ar/brands/jeep-service-dubai/battery-replacement,ar,brand-service,تبديل البطارية Jeep في دبي,NOINDEX,"noindex, follow",https://digitecme.com/ar/brands/jeep-service-dubai/battery-replacement,PASS,NO,Existing policy; validate reciprocal destinations,HIGH,,/ar/brands/jeep-service-dubai/oil-change,,RETAIN POLICY,NO,"Approved source records reconciled with rendered route; supporting links are observed relationships, not competing primary assignments. Noindex support role retained; not a search-primary target."
/ar/brands/jeep-service-dubai/body-repair,ar,brand-service,"Commercial repair: dents, damaged paint, refinishing and collision work",NOINDEX,"noindex, follow",https://digitecme.com/ar/brands/jeep-service-dubai/body-repair,PASS,NO,Existing policy; validate reciprocal destinations,HIGH,"Measured queries support intent only, not historical URL",/ar/brands/jeep-service-dubai/oil-change,,RETAIN POLICY,NO,"Approved source records reconciled with rendered route; supporting links are observed relationships, not competing primary assignments. Noindex support role retained; not a search-primary target."
/ar/brands/jeep-service-dubai/brake-repair,ar,brand-service,إصلاح الفرامل Jeep في دبي,INDEX,"index, follow, max-image-preview:large",https://digitecme.com/ar/brands/jeep-service-dubai/brake-repair,PASS,YES,Existing policy; validate reciprocal destinations,HIGH,,/ar/brands/jeep-service-dubai/oil-change,,RETAIN POLICY,NO,"Approved source records reconciled with rendered route; supporting links are observed relationships, not competing primary assignments. "
/ar/brands/jeep-service-dubai/electrical-repair,ar,brand-service,إصلاح الكهرباء Jeep في دبي,NOINDEX,"noindex, follow",https://digitecme.com/ar/brands/jeep-service-dubai/electrical-repair,PASS,NO,Existing policy; validate reciprocal destinations,HIGH,,/ar/brands/jeep-service-dubai/oil-change,,RETAIN POLICY,NO,"Approved source records reconciled with rendered route; supporting links are observed relationships, not competing primary assignments. Noindex support role retained; not a search-primary target."
/ar/brands/jeep-service-dubai/engine-diagnostics,ar,brand-service,تشخيص المحرك Jeep في دبي,INDEX,"index, follow, max-image-preview:large",https://digitecme.com/ar/brands/jeep-service-dubai/engine-diagnostics,PASS,YES,Existing policy; validate reciprocal destinations,HIGH,,/ar/brands/jeep-service-dubai/oil-change,,RETAIN POLICY,NO,"Approved source records reconciled with rendered route; supporting links are observed relationships, not competing primary assignments. "
/ar/brands/jeep-service-dubai/exhaust-repair,ar,brand-service,إصلاح العادم Jeep في دبي,NOINDEX,"noindex, follow",https://digitecme.com/ar/brands/jeep-service-dubai/exhaust-repair,PASS,NO,Existing policy; validate reciprocal destinations,HIGH,,/ar/brands/jeep-service-dubai/oil-change,,RETAIN POLICY,NO,"Approved source records reconciled with rendered route; supporting links are observed relationships, not competing primary assignments. Noindex support role retained; not a search-primary target."
/ar/brands/jeep-service-dubai/fuel-system-repair,ar,brand-service,إصلاح نظام الوقود Jeep في دبي,NOINDEX,"noindex, follow",https://digitecme.com/ar/brands/jeep-service-dubai/fuel-system-repair,PASS,NO,Existing policy; validate reciprocal destinations,HIGH,,/ar/brands/jeep-service-dubai/oil-change,,RETAIN POLICY,NO,"Approved source records reconciled with rendered route; supporting links are observed relationships, not competing primary assignments. Noindex support role retained; not a search-primary target."
/ar/brands/jeep-service-dubai/mechanical-repair,ar,brand-service,الإصلاح الميكانيكي Jeep في دبي,NOINDEX,"noindex, follow",https://digitecme.com/ar/brands/jeep-service-dubai/mechanical-repair,PASS,NO,Existing policy; validate reciprocal destinations,HIGH,,/ar/brands/jeep-service-dubai/oil-change,,RETAIN POLICY,NO,"Approved source records reconciled with rendered route; supporting links are observed relationships, not competing primary assignments. Noindex support role retained; not a search-primary target."
/ar/brands/jeep-service-dubai/oil-change,ar,brand-service,تغيير الزيت Jeep في دبي,INDEX,"index, follow, max-image-preview:large",https://digitecme.com/ar/brands/jeep-service-dubai/oil-change,PASS,YES,Existing policy; validate reciprocal destinations,HIGH,,/ar/brands/jeep-service-dubai/brake-repair,,RETAIN POLICY,NO,"Approved source records reconciled with rendered route; supporting links are observed relationships, not competing primary assignments. "
/ar/brands/jeep-service-dubai/steering-repair,ar,brand-service,إصلاح نظام التوجيه Jeep في دبي,NOINDEX,"noindex, follow",https://digitecme.com/ar/brands/jeep-service-dubai/steering-repair,PASS,NO,Existing policy; validate reciprocal destinations,HIGH,,/ar/brands/jeep-service-dubai/oil-change,,RETAIN POLICY,NO,"Approved source records reconciled with rendered route; supporting links are observed relationships, not competing primary assignments. Noindex support role retained; not a search-primary target."
/ar/brands/jeep-service-dubai/suspension-repair,ar,brand-service,إصلاح التعليق Jeep في دبي,NOINDEX,"noindex, follow",https://digitecme.com/ar/brands/jeep-service-dubai/suspension-repair,PASS,NO,Existing policy; validate reciprocal destinations,HIGH,,/ar/brands/jeep-service-dubai/oil-change,,RETAIN POLICY,NO,"Approved source records reconciled with rendered route; supporting links are observed relationships, not competing primary assignments. Noindex support role retained; not a search-primary target."
/ar/brands/jeep-service-dubai/tire-repair,ar,brand-service,إصلاح الإطارات Jeep في دبي,NOINDEX,"noindex, follow",https://digitecme.com/ar/brands/jeep-service-dubai/tire-repair,PASS,NO,Existing policy; validate reciprocal destinations,HIGH,,/ar/brands/jeep-service-dubai/oil-change,,RETAIN POLICY,NO,"Approved source records reconciled with rendered route; supporting links are observed relationships, not competing primary assignments. Noindex support role retained; not a search-primary target."
/ar/brands/jeep-service-dubai/transmission-repair,ar,brand-service,إصلاح ناقل الحركة Jeep في دبي,NOINDEX,"noindex, follow",https://digitecme.com/ar/brands/jeep-service-dubai/transmission-repair,PASS,NO,Existing policy; validate reciprocal destinations,HIGH,,/ar/brands/jeep-service-dubai/oil-change,,RETAIN POLICY,NO,"Approved source records reconciled with rendered route; supporting links are observed relationships, not competing primary assignments. Noindex support role retained; not a search-primary target."
/ar/brands/jetour-service-dubai,ar,brand,Jetour للإصلاح والصيانة في دبي,INDEX,"index, follow, max-image-preview:large",https://digitecme.com/ar/brands/jetour-service-dubai,PASS,YES,Existing policy; validate reciprocal destinations,HIGH,No query × landing-page join supplied,/ar/brands/jetour-service-dubai/oil-change,,RETAIN POLICY,NO,"Approved source records reconciled with rendered route; supporting links are observed relationships, not competing primary assignments. "
/ar/brands/jetour-service-dubai/ac-repair,ar,brand-service,إصلاح التكييف Jetour في دبي,INDEX,"index, follow, max-image-preview:large",https://digitecme.com/ar/brands/jetour-service-dubai/ac-repair,PASS,YES,Existing policy; validate reciprocal destinations,HIGH,No query × landing-page join supplied,/ar/brands/jetour-service-dubai/oil-change,,RETAIN POLICY,NO,"Approved source records reconciled with rendered route; supporting links are observed relationships, not competing primary assignments. "
/ar/brands/jetour-service-dubai/battery-replacement,ar,brand-service,تبديل البطارية Jetour في دبي,NOINDEX,"noindex, follow",https://digitecme.com/ar/brands/jetour-service-dubai/battery-replacement,PASS,NO,Existing policy; validate reciprocal destinations,HIGH,No query × landing-page join supplied,/ar/brands/jetour-service-dubai/oil-change,,RETAIN POLICY,NO,"Approved source records reconciled with rendered route; supporting links are observed relationships, not competing primary assignments. Noindex support role retained; not a search-primary target."
/ar/brands/jetour-service-dubai/body-repair,ar,brand-service,"Commercial repair: dents, damaged paint, refinishing and collision work",NOINDEX,"noindex, follow",https://digitecme.com/ar/brands/jetour-service-dubai/body-repair,PASS,NO,Existing policy; validate reciprocal destinations,HIGH,"No query × landing-page join supplied | Measured queries support intent only, not historical URL",/ar/brands/jetour-service-dubai/oil-change,,RETAIN POLICY,NO,"Approved source records reconciled with rendered route; supporting links are observed relationships, not competing primary assignments. Noindex support role retained; not a search-primary target."
/ar/brands/jetour-service-dubai/brake-repair,ar,brand-service,إصلاح الفرامل Jetour في دبي,INDEX,"index, follow, max-image-preview:large",https://digitecme.com/ar/brands/jetour-service-dubai/brake-repair,PASS,YES,Existing policy; validate reciprocal destinations,HIGH,No query × landing-page join supplied,/ar/brands/jetour-service-dubai/oil-change,,RETAIN POLICY,NO,"Approved source records reconciled with rendered route; supporting links are observed relationships, not competing primary assignments. "
/ar/brands/jetour-service-dubai/electrical-repair,ar,brand-service,إصلاح الكهرباء Jetour في دبي,NOINDEX,"noindex, follow",https://digitecme.com/ar/brands/jetour-service-dubai/electrical-repair,PASS,NO,Existing policy; validate reciprocal destinations,HIGH,No query × landing-page join supplied,/ar/brands/jetour-service-dubai/oil-change,,RETAIN POLICY,NO,"Approved source records reconciled with rendered route; supporting links are observed relationships, not competing primary assignments. Noindex support role retained; not a search-primary target."
/ar/brands/jetour-service-dubai/engine-diagnostics,ar,brand-service,تشخيص المحرك Jetour في دبي,INDEX,"index, follow, max-image-preview:large",https://digitecme.com/ar/brands/jetour-service-dubai/engine-diagnostics,PASS,YES,Existing policy; validate reciprocal destinations,HIGH,No query × landing-page join supplied,/ar/brands/jetour-service-dubai/oil-change,,RETAIN POLICY,NO,"Approved source records reconciled with rendered route; supporting links are observed relationships, not competing primary assignments. "
/ar/brands/jetour-service-dubai/exhaust-repair,ar,brand-service,إصلاح العادم Jetour في دبي,NOINDEX,"noindex, follow",https://digitecme.com/ar/brands/jetour-service-dubai/exhaust-repair,PASS,NO,Existing policy; validate reciprocal destinations,HIGH,No query × landing-page join supplied,/ar/brands/jetour-service-dubai/oil-change,,RETAIN POLICY,NO,"Approved source records reconciled with rendered route; supporting links are observed relationships, not competing primary assignments. Noindex support role retained; not a search-primary target."
/ar/brands/jetour-service-dubai/fuel-system-repair,ar,brand-service,إصلاح نظام الوقود Jetour في دبي,NOINDEX,"noindex, follow",https://digitecme.com/ar/brands/jetour-service-dubai/fuel-system-repair,PASS,NO,Existing policy; validate reciprocal destinations,HIGH,No query × landing-page join supplied,/ar/brands/jetour-service-dubai/oil-change,,RETAIN POLICY,NO,"Approved source records reconciled with rendered route; supporting links are observed relationships, not competing primary assignments. Noindex support role retained; not a search-primary target."
/ar/brands/jetour-service-dubai/mechanical-repair,ar,brand-service,الإصلاح الميكانيكي Jetour في دبي,NOINDEX,"noindex, follow",https://digitecme.com/ar/brands/jetour-service-dubai/mechanical-repair,PASS,NO,Existing policy; validate reciprocal destinations,HIGH,No query × landing-page join supplied,/ar/brands/jetour-service-dubai/oil-change,,RETAIN POLICY,NO,"Approved source records reconciled with rendered route; supporting links are observed relationships, not competing primary assignments. Noindex support role retained; not a search-primary target."
/ar/brands/jetour-service-dubai/oil-change,ar,brand-service,تغيير الزيت Jetour في دبي,INDEX,"index, follow, max-image-preview:large",https://digitecme.com/ar/brands/jetour-service-dubai/oil-change,PASS,YES,Existing policy; validate reciprocal destinations,HIGH,No query × landing-page join supplied,/ar/brands/jetour-service-dubai/brake-repair,,RETAIN POLICY,NO,"Approved source records reconciled with rendered route; supporting links are observed relationships, not competing primary assignments. "
/ar/brands/jetour-service-dubai/steering-repair,ar,brand-service,إصلاح نظام التوجيه Jetour في دبي,NOINDEX,"noindex, follow",https://digitecme.com/ar/brands/jetour-service-dubai/steering-repair,PASS,NO,Existing policy; validate reciprocal destinations,HIGH,No query × landing-page join supplied,/ar/brands/jetour-service-dubai/oil-change,,RETAIN POLICY,NO,"Approved source records reconciled with rendered route; supporting links are observed relationships, not competing primary assignments. Noindex support role retained; not a search-primary target."
/ar/brands/jetour-service-dubai/suspension-repair,ar,brand-service,إصلاح التعليق Jetour في دبي,NOINDEX,"noindex, follow",https://digitecme.com/ar/brands/jetour-service-dubai/suspension-repair,PASS,NO,Existing policy; validate reciprocal destinations,HIGH,No query × landing-page join supplied,/ar/brands/jetour-service-dubai/oil-change,,RETAIN POLICY,NO,"Approved source records reconciled with rendered route; supporting links are observed relationships, not competing primary assignments. Noindex support role retained; not a search-primary target."
/ar/brands/jetour-service-dubai/tire-repair,ar,brand-service,إصلاح الإطارات Jetour في دبي,NOINDEX,"noindex, follow",https://digitecme.com/ar/brands/jetour-service-dubai/tire-repair,PASS,NO,Existing policy; validate reciprocal destinations,HIGH,No query × landing-page join supplied,/ar/brands/jetour-service-dubai/oil-change,,RETAIN POLICY,NO,"Approved source records reconciled with rendered route; supporting links are observed relationships, not competing primary assignments. Noindex support role retained; not a search-primary target."
/ar/brands/jetour-service-dubai/transmission-repair,ar,brand-service,إصلاح ناقل الحركة Jetour في دبي,NOINDEX,"noindex, follow",https://digitecme.com/ar/brands/jetour-service-dubai/transmission-repair,PASS,NO,Existing policy; validate reciprocal destinations,HIGH,No query × landing-page join supplied,/ar/brands/jetour-service-dubai/oil-change,,RETAIN POLICY,NO,"Approved source records reconciled with rendered route; supporting links are observed relationships, not competing primary assignments. Noindex support role retained; not a search-primary target."
/ar/brands/koenigsegg-service-dubai,ar,brand,Koenigsegg للإصلاح والصيانة في دبي,INDEX,"index, follow, max-image-preview:large",https://digitecme.com/ar/brands/koenigsegg-service-dubai,PASS,YES,Existing policy; validate reciprocal destinations,HIGH,,/ar/brands/koenigsegg-service-dubai/oil-change,,RETAIN POLICY,NO,"Approved source records reconciled with rendered route; supporting links are observed relationships, not competing primary assignments. "
/ar/brands/koenigsegg-service-dubai/ac-repair,ar,brand-service,إصلاح التكييف Koenigsegg في دبي,INDEX,"index, follow, max-image-preview:large",https://digitecme.com/ar/brands/koenigsegg-service-dubai/ac-repair,PASS,YES,Existing policy; validate reciprocal destinations,HIGH,,/ar/brands/koenigsegg-service-dubai/oil-change,,RETAIN POLICY,NO,"Approved source records reconciled with rendered route; supporting links are observed relationships, not competing primary assignments. "
/ar/brands/koenigsegg-service-dubai/brake-repair,ar,brand-service,إصلاح الفرامل Koenigsegg في دبي,INDEX,"index, follow, max-image-preview:large",https://digitecme.com/ar/brands/koenigsegg-service-dubai/brake-repair,PASS,YES,Existing policy; validate reciprocal destinations,HIGH,,/ar/brands/koenigsegg-service-dubai/oil-change,,RETAIN POLICY,NO,"Approved source records reconciled with rendered route; supporting links are observed relationships, not competing primary assignments. "
/ar/brands/koenigsegg-service-dubai/engine-diagnostics,ar,brand-service,تشخيص المحرك Koenigsegg في دبي,INDEX,"index, follow, max-image-preview:large",https://digitecme.com/ar/brands/koenigsegg-service-dubai/engine-diagnostics,PASS,YES,Existing policy; validate reciprocal destinations,HIGH,,/ar/brands/koenigsegg-service-dubai/oil-change,,RETAIN POLICY,NO,"Approved source records reconciled with rendered route; supporting links are observed relationships, not competing primary assignments. "
/ar/brands/koenigsegg-service-dubai/oil-change,ar,brand-service,تغيير الزيت Koenigsegg في دبي,INDEX,"index, follow, max-image-preview:large",https://digitecme.com/ar/brands/koenigsegg-service-dubai/oil-change,PASS,YES,Existing policy; validate reciprocal destinations,HIGH,,/ar/brands/koenigsegg-service-dubai/brake-repair,,RETAIN POLICY,NO,"Approved source records reconciled with rendered route; supporting links are observed relationships, not competing primary assignments. "
/ar/brands/koenigsegg-service-dubai/suspension-repair,ar,brand-service,إصلاح التعليق Koenigsegg في دبي,NOINDEX,"noindex, follow",https://digitecme.com/ar/brands/koenigsegg-service-dubai/suspension-repair,PASS,NO,Existing policy; validate reciprocal destinations,HIGH,,/ar/brands/koenigsegg-service-dubai/oil-change,,RETAIN POLICY,NO,"Approved source records reconciled with rendered route; supporting links are observed relationships, not competing primary assignments. Noindex support role retained; not a search-primary target."
/ar/brands/koenigsegg-service-dubai/transmission-repair,ar,brand-service,إصلاح ناقل الحركة Koenigsegg في دبي,NOINDEX,"noindex, follow",https://digitecme.com/ar/brands/koenigsegg-service-dubai/transmission-repair,PASS,NO,Existing policy; validate reciprocal destinations,HIGH,,/ar/brands/koenigsegg-service-dubai/oil-change,,RETAIN POLICY,NO,"Approved source records reconciled with rendered route; supporting links are observed relationships, not competing primary assignments. Noindex support role retained; not a search-primary target."
/ar/brands/lamborghini-service-dubai,ar,brand,إصلاح وصيانة Lamborghini في دبي,INDEX,"index, follow, max-image-preview:large",https://digitecme.com/ar/brands/lamborghini-service-dubai,PASS,YES,Existing policy; validate reciprocal destinations,HIGH,No latest query mapped; top-query export does not establish zero page traffic,/ar/brands/lamborghini-service-dubai/oil-change,,RETAIN POLICY,NO,"Approved source records reconciled with rendered route; supporting links are observed relationships, not competing primary assignments. "
/ar/brands/lamborghini-service-dubai/ac-repair,ar,brand-service,إصلاح التكييف Lamborghini في دبي,INDEX,"index, follow, max-image-preview:large",https://digitecme.com/ar/brands/lamborghini-service-dubai/ac-repair,PASS,YES,Existing policy; validate reciprocal destinations,HIGH,No latest query mapped; top-query export does not establish zero page traffic,/ar/brands/lamborghini-service-dubai/oil-change,,RETAIN POLICY,NO,"Approved source records reconciled with rendered route; supporting links are observed relationships, not competing primary assignments. "
/ar/brands/lamborghini-service-dubai/battery-replacement,ar,brand-service,تبديل البطارية Lamborghini في دبي,INDEX,"index, follow, max-image-preview:large",https://digitecme.com/ar/brands/lamborghini-service-dubai/battery-replacement,PASS,YES,Existing policy; validate reciprocal destinations,HIGH,No latest query mapped; top-query export does not establish zero page traffic,/ar/brands/lamborghini-service-dubai/oil-change,,RETAIN POLICY,NO,"Approved source records reconciled with rendered route; supporting links are observed relationships, not competing primary assignments. "
/ar/brands/lamborghini-service-dubai/body-repair,ar,brand-service,"Commercial repair: dents, damaged paint, refinishing and collision work",INDEX,"index, follow, max-image-preview:large",https://digitecme.com/ar/brands/lamborghini-service-dubai/body-repair,PASS,YES,Existing policy; validate reciprocal destinations,HIGH,"No latest query mapped; top-query export does not establish zero page traffic | Measured queries support intent only, not historical URL",/ar/brands/lamborghini-service-dubai/oil-change,,RETAIN POLICY,NO,"Approved source records reconciled with rendered route; supporting links are observed relationships, not competing primary assignments. "
/ar/brands/lamborghini-service-dubai/brake-repair,ar,brand-service,إصلاح الفرامل Lamborghini في دبي,INDEX,"index, follow, max-image-preview:large",https://digitecme.com/ar/brands/lamborghini-service-dubai/brake-repair,PASS,YES,Existing policy; validate reciprocal destinations,HIGH,No latest query mapped; top-query export does not establish zero page traffic,/ar/brands/lamborghini-service-dubai/oil-change,,RETAIN POLICY,NO,"Approved source records reconciled with rendered route; supporting links are observed relationships, not competing primary assignments. "
/ar/brands/lamborghini-service-dubai/electrical-repair,ar,brand-service,إصلاح الكهرباء Lamborghini في دبي,INDEX,"index, follow, max-image-preview:large",https://digitecme.com/ar/brands/lamborghini-service-dubai/electrical-repair,PASS,YES,Existing policy; validate reciprocal destinations,HIGH,No latest query mapped; top-query export does not establish zero page traffic,/ar/brands/lamborghini-service-dubai/oil-change,,RETAIN POLICY,NO,"Approved source records reconciled with rendered route; supporting links are observed relationships, not competing primary assignments. "
/ar/brands/lamborghini-service-dubai/engine-diagnostics,ar,brand-service,تشخيص المحرك Lamborghini في دبي,INDEX,"index, follow, max-image-preview:large",https://digitecme.com/ar/brands/lamborghini-service-dubai/engine-diagnostics,PASS,YES,Existing policy; validate reciprocal destinations,HIGH,No latest query mapped; top-query export does not establish zero page traffic,/ar/brands/lamborghini-service-dubai/oil-change,,RETAIN POLICY,NO,"Approved source records reconciled with rendered route; supporting links are observed relationships, not competing primary assignments. "
/ar/brands/lamborghini-service-dubai/exhaust-repair,ar,brand-service,إصلاح العادم Lamborghini في دبي,INDEX,"index, follow, max-image-preview:large",https://digitecme.com/ar/brands/lamborghini-service-dubai/exhaust-repair,PASS,YES,Existing policy; validate reciprocal destinations,HIGH,No latest query mapped; top-query export does not establish zero page traffic,/ar/brands/lamborghini-service-dubai/oil-change,,RETAIN POLICY,NO,"Approved source records reconciled with rendered route; supporting links are observed relationships, not competing primary assignments. "
/ar/brands/lamborghini-service-dubai/fuel-system-repair,ar,brand-service,إصلاح نظام الوقود Lamborghini في دبي,INDEX,"index, follow, max-image-preview:large",https://digitecme.com/ar/brands/lamborghini-service-dubai/fuel-system-repair,PASS,YES,Existing policy; validate reciprocal destinations,HIGH,No latest query mapped; top-query export does not establish zero page traffic,/ar/brands/lamborghini-service-dubai/oil-change,,RETAIN POLICY,NO,"Approved source records reconciled with rendered route; supporting links are observed relationships, not competing primary assignments. "
/ar/brands/lamborghini-service-dubai/mechanical-repair,ar,brand-service,الإصلاح الميكانيكي Lamborghini في دبي,INDEX,"index, follow, max-image-preview:large",https://digitecme.com/ar/brands/lamborghini-service-dubai/mechanical-repair,PASS,YES,Existing policy; validate reciprocal destinations,HIGH,No latest query mapped; top-query export does not establish zero page traffic,/ar/brands/lamborghini-service-dubai/oil-change,,RETAIN POLICY,NO,"Approved source records reconciled with rendered route; supporting links are observed relationships, not competing primary assignments. "
/ar/brands/lamborghini-service-dubai/oil-change,ar,brand-service,تغيير الزيت Lamborghini في دبي,INDEX,"index, follow, max-image-preview:large",https://digitecme.com/ar/brands/lamborghini-service-dubai/oil-change,PASS,YES,Existing policy; validate reciprocal destinations,HIGH,No latest query mapped; top-query export does not establish zero page traffic,/ar/brands/lamborghini-service-dubai/brake-repair,,RETAIN POLICY,NO,"Approved source records reconciled with rendered route; supporting links are observed relationships, not competing primary assignments. "
/ar/brands/lamborghini-service-dubai/steering-repair,ar,brand-service,إصلاح نظام التوجيه Lamborghini في دبي,INDEX,"index, follow, max-image-preview:large",https://digitecme.com/ar/brands/lamborghini-service-dubai/steering-repair,PASS,YES,Existing policy; validate reciprocal destinations,HIGH,No latest query mapped; top-query export does not establish zero page traffic,/ar/brands/lamborghini-service-dubai/oil-change,,RETAIN POLICY,NO,"Approved source records reconciled with rendered route; supporting links are observed relationships, not competing primary assignments. "
/ar/brands/lamborghini-service-dubai/suspension-repair,ar,brand-service,إصلاح التعليق Lamborghini في دبي,INDEX,"index, follow, max-image-preview:large",https://digitecme.com/ar/brands/lamborghini-service-dubai/suspension-repair,PASS,YES,Existing policy; validate reciprocal destinations,HIGH,No latest query mapped; top-query export does not establish zero page traffic,/ar/brands/lamborghini-service-dubai/oil-change,,RETAIN POLICY,NO,"Approved source records reconciled with rendered route; supporting links are observed relationships, not competing primary assignments. "
/ar/brands/lamborghini-service-dubai/tire-repair,ar,brand-service,إصلاح الإطارات Lamborghini في دبي,INDEX,"index, follow, max-image-preview:large",https://digitecme.com/ar/brands/lamborghini-service-dubai/tire-repair,PASS,YES,Existing policy; validate reciprocal destinations,HIGH,No latest query mapped; top-query export does not establish zero page traffic,/ar/brands/lamborghini-service-dubai/oil-change,,RETAIN POLICY,NO,"Approved source records reconciled with rendered route; supporting links are observed relationships, not competing primary assignments. "
/ar/brands/lamborghini-service-dubai/transmission-repair,ar,brand-service,إصلاح ناقل الحركة Lamborghini في دبي,INDEX,"index, follow, max-image-preview:large",https://digitecme.com/ar/brands/lamborghini-service-dubai/transmission-repair,PASS,YES,Existing policy; validate reciprocal destinations,HIGH,No latest query mapped; top-query export does not establish zero page traffic,/ar/brands/lamborghini-service-dubai/oil-change,,RETAIN POLICY,NO,"Approved source records reconciled with rendered route; supporting links are observed relationships, not competing primary assignments. "
/ar/brands/land-rover-service-dubai,ar,brand,Land Rover للإصلاح والصيانة في دبي,INDEX,"index, follow, max-image-preview:large",https://digitecme.com/ar/brands/land-rover-service-dubai,PASS,YES,Existing policy; validate reciprocal destinations,HIGH,,/ar/brands/land-rover-service-dubai/oil-change,,RETAIN POLICY,NO,"Approved source records reconciled with rendered route; supporting links are observed relationships, not competing primary assignments. "
/ar/brands/land-rover-service-dubai/ac-repair,ar,brand-service,إصلاح التكييف Land Rover في دبي,INDEX,"index, follow, max-image-preview:large",https://digitecme.com/ar/brands/land-rover-service-dubai/ac-repair,PASS,YES,Existing policy; validate reciprocal destinations,HIGH,,/ar/brands/land-rover-service-dubai/oil-change,,RETAIN POLICY,NO,"Approved source records reconciled with rendered route; supporting links are observed relationships, not competing primary assignments. "
/ar/brands/land-rover-service-dubai/battery-replacement,ar,brand-service,تبديل البطارية Land Rover في دبي,INDEX,"index, follow, max-image-preview:large",https://digitecme.com/ar/brands/land-rover-service-dubai/battery-replacement,PASS,YES,Existing policy; validate reciprocal destinations,HIGH,,/ar/brands/land-rover-service-dubai/oil-change,,RETAIN POLICY,NO,"Approved source records reconciled with rendered route; supporting links are observed relationships, not competing primary assignments. "
/ar/brands/land-rover-service-dubai/body-repair,ar,brand-service,"Commercial repair: dents, damaged paint, refinishing and collision work",INDEX,"index, follow, max-image-preview:large",https://digitecme.com/ar/brands/land-rover-service-dubai/body-repair,PASS,YES,Existing policy; validate reciprocal destinations,HIGH,"Measured queries support intent only, not historical URL",/ar/brands/land-rover-service-dubai/oil-change,,RETAIN POLICY,NO,"Approved source records reconciled with rendered route; supporting links are observed relationships, not competing primary assignments. "
/ar/brands/land-rover-service-dubai/brake-repair,ar,brand-service,إصلاح الفرامل Land Rover في دبي,INDEX,"index, follow, max-image-preview:large",https://digitecme.com/ar/brands/land-rover-service-dubai/brake-repair,PASS,YES,Existing policy; validate reciprocal destinations,HIGH,,/ar/brands/land-rover-service-dubai/oil-change,,RETAIN POLICY,NO,"Approved source records reconciled with rendered route; supporting links are observed relationships, not competing primary assignments. "
/ar/brands/land-rover-service-dubai/electrical-repair,ar,brand-service,إصلاح الكهرباء Land Rover في دبي,INDEX,"index, follow, max-image-preview:large",https://digitecme.com/ar/brands/land-rover-service-dubai/electrical-repair,PASS,YES,Existing policy; validate reciprocal destinations,HIGH,,/ar/brands/land-rover-service-dubai/oil-change,,RETAIN POLICY,NO,"Approved source records reconciled with rendered route; supporting links are observed relationships, not competing primary assignments. "
/ar/brands/land-rover-service-dubai/engine-diagnostics,ar,brand-service,تشخيص المحرك Land Rover في دبي,INDEX,"index, follow, max-image-preview:large",https://digitecme.com/ar/brands/land-rover-service-dubai/engine-diagnostics,PASS,YES,Existing policy; validate reciprocal destinations,HIGH,,/ar/brands/land-rover-service-dubai/oil-change,,RETAIN POLICY,NO,"Approved source records reconciled with rendered route; supporting links are observed relationships, not competing primary assignments. "
/ar/brands/land-rover-service-dubai/exhaust-repair,ar,brand-service,إصلاح العادم Land Rover في دبي,INDEX,"index, follow, max-image-preview:large",https://digitecme.com/ar/brands/land-rover-service-dubai/exhaust-repair,PASS,YES,Existing policy; validate reciprocal destinations,HIGH,,/ar/brands/land-rover-service-dubai/oil-change,,RETAIN POLICY,NO,"Approved source records reconciled with rendered route; supporting links are observed relationships, not competing primary assignments. "
/ar/brands/land-rover-service-dubai/fuel-system-repair,ar,brand-service,إصلاح نظام الوقود Land Rover في دبي,INDEX,"index, follow, max-image-preview:large",https://digitecme.com/ar/brands/land-rover-service-dubai/fuel-system-repair,PASS,YES,Existing policy; validate reciprocal destinations,HIGH,,/ar/brands/land-rover-service-dubai/oil-change,,RETAIN POLICY,NO,"Approved source records reconciled with rendered route; supporting links are observed relationships, not competing primary assignments. "
/ar/brands/land-rover-service-dubai/mechanical-repair,ar,brand-service,الإصلاح الميكانيكي Land Rover في دبي,INDEX,"index, follow, max-image-preview:large",https://digitecme.com/ar/brands/land-rover-service-dubai/mechanical-repair,PASS,YES,Existing policy; validate reciprocal destinations,HIGH,,/ar/brands/land-rover-service-dubai/oil-change,,RETAIN POLICY,NO,"Approved source records reconciled with rendered route; supporting links are observed relationships, not competing primary assignments. "
/ar/brands/land-rover-service-dubai/oil-change,ar,brand-service,تغيير الزيت Land Rover في دبي,INDEX,"index, follow, max-image-preview:large",https://digitecme.com/ar/brands/land-rover-service-dubai/oil-change,PASS,YES,Existing policy; validate reciprocal destinations,HIGH,,/ar/brands/land-rover-service-dubai/brake-repair,,RETAIN POLICY,NO,"Approved source records reconciled with rendered route; supporting links are observed relationships, not competing primary assignments. "
/ar/brands/land-rover-service-dubai/steering-repair,ar,brand-service,إصلاح نظام التوجيه Land Rover في دبي,INDEX,"index, follow, max-image-preview:large",https://digitecme.com/ar/brands/land-rover-service-dubai/steering-repair,PASS,YES,Existing policy; validate reciprocal destinations,HIGH,,/ar/brands/land-rover-service-dubai/oil-change,,RETAIN POLICY,NO,"Approved source records reconciled with rendered route; supporting links are observed relationships, not competing primary assignments. "
/ar/brands/land-rover-service-dubai/suspension-repair,ar,brand-service,إصلاح التعليق Land Rover في دبي,INDEX,"index, follow, max-image-preview:large",https://digitecme.com/ar/brands/land-rover-service-dubai/suspension-repair,PASS,YES,Existing policy; validate reciprocal destinations,HIGH,,/ar/brands/land-rover-service-dubai/oil-change,,RETAIN POLICY,NO,"Approved source records reconciled with rendered route; supporting links are observed relationships, not competing primary assignments. "
/ar/brands/land-rover-service-dubai/tire-repair,ar,brand-service,إصلاح الإطارات Land Rover في دبي,INDEX,"index, follow, max-image-preview:large",https://digitecme.com/ar/brands/land-rover-service-dubai/tire-repair,PASS,YES,Existing policy; validate reciprocal destinations,HIGH,,/ar/brands/land-rover-service-dubai/oil-change,,RETAIN POLICY,NO,"Approved source records reconciled with rendered route; supporting links are observed relationships, not competing primary assignments. "
/ar/brands/land-rover-service-dubai/transmission-repair,ar,brand-service,إصلاح ناقل الحركة Land Rover في دبي,INDEX,"index, follow, max-image-preview:large",https://digitecme.com/ar/brands/land-rover-service-dubai/transmission-repair,PASS,YES,Existing policy; validate reciprocal destinations,HIGH,,/ar/brands/land-rover-service-dubai/oil-change,,RETAIN POLICY,NO,"Approved source records reconciled with rendered route; supporting links are observed relationships, not competing primary assignments. "
/ar/brands/lincoln-service-dubai,ar,brand,Lincoln للإصلاح والصيانة في دبي,INDEX,"index, follow, max-image-preview:large",https://digitecme.com/ar/brands/lincoln-service-dubai,PASS,YES,Existing policy; validate reciprocal destinations,HIGH,,/ar/brands/lincoln-service-dubai/oil-change,,RETAIN POLICY,NO,"Approved source records reconciled with rendered route; supporting links are observed relationships, not competing primary assignments. "
/ar/brands/lincoln-service-dubai/ac-repair,ar,brand-service,إصلاح التكييف Lincoln في دبي,INDEX,"index, follow, max-image-preview:large",https://digitecme.com/ar/brands/lincoln-service-dubai/ac-repair,PASS,YES,Existing policy; validate reciprocal destinations,HIGH,,/ar/brands/lincoln-service-dubai/oil-change,,RETAIN POLICY,NO,"Approved source records reconciled with rendered route; supporting links are observed relationships, not competing primary assignments. "
/ar/brands/lincoln-service-dubai/brake-repair,ar,brand-service,إصلاح الفرامل Lincoln في دبي,INDEX,"index, follow, max-image-preview:large",https://digitecme.com/ar/brands/lincoln-service-dubai/brake-repair,PASS,YES,Existing policy; validate reciprocal destinations,HIGH,,/ar/brands/lincoln-service-dubai/oil-change,,RETAIN POLICY,NO,"Approved source records reconciled with rendered route; supporting links are observed relationships, not competing primary assignments. "
/ar/brands/lincoln-service-dubai/engine-diagnostics,ar,brand-service,تشخيص المحرك Lincoln في دبي,INDEX,"index, follow, max-image-preview:large",https://digitecme.com/ar/brands/lincoln-service-dubai/engine-diagnostics,PASS,YES,Existing policy; validate reciprocal destinations,HIGH,,/ar/brands/lincoln-service-dubai/oil-change,,RETAIN POLICY,NO,"Approved source records reconciled with rendered route; supporting links are observed relationships, not competing primary assignments. "
/ar/brands/lincoln-service-dubai/oil-change,ar,brand-service,تغيير الزيت Lincoln في دبي,INDEX,"index, follow, max-image-preview:large",https://digitecme.com/ar/brands/lincoln-service-dubai/oil-change,PASS,YES,Existing policy; validate reciprocal destinations,HIGH,,/ar/brands/lincoln-service-dubai/brake-repair,,RETAIN POLICY,NO,"Approved source records reconciled with rendered route; supporting links are observed relationships, not competing primary assignments. "
/ar/brands/lincoln-service-dubai/suspension-repair,ar,brand-service,إصلاح التعليق Lincoln في دبي,NOINDEX,"noindex, follow",https://digitecme.com/ar/brands/lincoln-service-dubai/suspension-repair,PASS,NO,Existing policy; validate reciprocal destinations,HIGH,,/ar/brands/lincoln-service-dubai/oil-change,,RETAIN POLICY,NO,"Approved source records reconciled with rendered route; supporting links are observed relationships, not competing primary assignments. Noindex support role retained; not a search-primary target."
/ar/brands/lincoln-service-dubai/transmission-repair,ar,brand-service,إصلاح ناقل الحركة Lincoln في دبي,NOINDEX,"noindex, follow",https://digitecme.com/ar/brands/lincoln-service-dubai/transmission-repair,PASS,NO,Existing policy; validate reciprocal destinations,HIGH,,/ar/brands/lincoln-service-dubai/oil-change,,RETAIN POLICY,NO,"Approved source records reconciled with rendered route; supporting links are observed relationships, not competing primary assignments. Noindex support role retained; not a search-primary target."
/ar/brands/maserati-service-dubai,ar,brand,Maserati للإصلاح والصيانة في دبي,INDEX,"index, follow, max-image-preview:large",https://digitecme.com/ar/brands/maserati-service-dubai,PASS,YES,Existing policy; validate reciprocal destinations,HIGH,,/ar/brands/maserati-service-dubai/oil-change,,RETAIN POLICY,NO,"Approved source records reconciled with rendered route; supporting links are observed relationships, not competing primary assignments. "
/ar/brands/maserati-service-dubai/ac-repair,ar,brand-service,إصلاح التكييف Maserati في دبي,INDEX,"index, follow, max-image-preview:large",https://digitecme.com/ar/brands/maserati-service-dubai/ac-repair,PASS,YES,Existing policy; validate reciprocal destinations,HIGH,,/ar/brands/maserati-service-dubai/oil-change,,RETAIN POLICY,NO,"Approved source records reconciled with rendered route; supporting links are observed relationships, not competing primary assignments. "
/ar/brands/maserati-service-dubai/battery-replacement,ar,brand-service,تبديل البطارية Maserati في دبي,INDEX,"index, follow, max-image-preview:large",https://digitecme.com/ar/brands/maserati-service-dubai/battery-replacement,PASS,YES,Existing policy; validate reciprocal destinations,HIGH,,/ar/brands/maserati-service-dubai/oil-change,,RETAIN POLICY,NO,"Approved source records reconciled with rendered route; supporting links are observed relationships, not competing primary assignments. "
/ar/brands/maserati-service-dubai/body-repair,ar,brand-service,"Commercial repair: dents, damaged paint, refinishing and collision work",INDEX,"index, follow, max-image-preview:large",https://digitecme.com/ar/brands/maserati-service-dubai/body-repair,PASS,YES,Existing policy; validate reciprocal destinations,HIGH,"Measured queries support intent only, not historical URL",/ar/brands/maserati-service-dubai/oil-change,,RETAIN POLICY,NO,"Approved source records reconciled with rendered route; supporting links are observed relationships, not competing primary assignments. "
/ar/brands/maserati-service-dubai/brake-repair,ar,brand-service,إصلاح الفرامل Maserati في دبي,INDEX,"index, follow, max-image-preview:large",https://digitecme.com/ar/brands/maserati-service-dubai/brake-repair,PASS,YES,Existing policy; validate reciprocal destinations,HIGH,,/ar/brands/maserati-service-dubai/oil-change,,RETAIN POLICY,NO,"Approved source records reconciled with rendered route; supporting links are observed relationships, not competing primary assignments. "
/ar/brands/maserati-service-dubai/electrical-repair,ar,brand-service,إصلاح الكهرباء Maserati في دبي,INDEX,"index, follow, max-image-preview:large",https://digitecme.com/ar/brands/maserati-service-dubai/electrical-repair,PASS,YES,Existing policy; validate reciprocal destinations,HIGH,,/ar/brands/maserati-service-dubai/oil-change,,RETAIN POLICY,NO,"Approved source records reconciled with rendered route; supporting links are observed relationships, not competing primary assignments. "
/ar/brands/maserati-service-dubai/engine-diagnostics,ar,brand-service,تشخيص المحرك Maserati في دبي,INDEX,"index, follow, max-image-preview:large",https://digitecme.com/ar/brands/maserati-service-dubai/engine-diagnostics,PASS,YES,Existing policy; validate reciprocal destinations,HIGH,,/ar/brands/maserati-service-dubai/oil-change,,RETAIN POLICY,NO,"Approved source records reconciled with rendered route; supporting links are observed relationships, not competing primary assignments. "
/ar/brands/maserati-service-dubai/exhaust-repair,ar,brand-service,إصلاح العادم Maserati في دبي,INDEX,"index, follow, max-image-preview:large",https://digitecme.com/ar/brands/maserati-service-dubai/exhaust-repair,PASS,YES,Existing policy; validate reciprocal destinations,HIGH,,/ar/brands/maserati-service-dubai/oil-change,,RETAIN POLICY,NO,"Approved source records reconciled with rendered route; supporting links are observed relationships, not competing primary assignments. "
/ar/brands/maserati-service-dubai/fuel-system-repair,ar,brand-service,إصلاح نظام الوقود Maserati في دبي,INDEX,"index, follow, max-image-preview:large",https://digitecme.com/ar/brands/maserati-service-dubai/fuel-system-repair,PASS,YES,Existing policy; validate reciprocal destinations,HIGH,,/ar/brands/maserati-service-dubai/oil-change,,RETAIN POLICY,NO,"Approved source records reconciled with rendered route; supporting links are observed relationships, not competing primary assignments. "
/ar/brands/maserati-service-dubai/mechanical-repair,ar,brand-service,الإصلاح الميكانيكي Maserati في دبي,INDEX,"index, follow, max-image-preview:large",https://digitecme.com/ar/brands/maserati-service-dubai/mechanical-repair,PASS,YES,Existing policy; validate reciprocal destinations,HIGH,,/ar/brands/maserati-service-dubai/oil-change,,RETAIN POLICY,NO,"Approved source records reconciled with rendered route; supporting links are observed relationships, not competing primary assignments. "
/ar/brands/maserati-service-dubai/oil-change,ar,brand-service,تغيير الزيت Maserati في دبي,INDEX,"index, follow, max-image-preview:large",https://digitecme.com/ar/brands/maserati-service-dubai/oil-change,PASS,YES,Existing policy; validate reciprocal destinations,HIGH,,/ar/brands/maserati-service-dubai/brake-repair,,RETAIN POLICY,NO,"Approved source records reconciled with rendered route; supporting links are observed relationships, not competing primary assignments. "
/ar/brands/maserati-service-dubai/steering-repair,ar,brand-service,إصلاح نظام التوجيه Maserati في دبي,INDEX,"index, follow, max-image-preview:large",https://digitecme.com/ar/brands/maserati-service-dubai/steering-repair,PASS,YES,Existing policy; validate reciprocal destinations,HIGH,,/ar/brands/maserati-service-dubai/oil-change,,RETAIN POLICY,NO,"Approved source records reconciled with rendered route; supporting links are observed relationships, not competing primary assignments. "
/ar/brands/maserati-service-dubai/suspension-repair,ar,brand-service,إصلاح التعليق Maserati في دبي,INDEX,"index, follow, max-image-preview:large",https://digitecme.com/ar/brands/maserati-service-dubai/suspension-repair,PASS,YES,Existing policy; validate reciprocal destinations,HIGH,,/ar/brands/maserati-service-dubai/oil-change,,RETAIN POLICY,NO,"Approved source records reconciled with rendered route; supporting links are observed relationships, not competing primary assignments. "
/ar/brands/maserati-service-dubai/tire-repair,ar,brand-service,إصلاح الإطارات Maserati في دبي,INDEX,"index, follow, max-image-preview:large",https://digitecme.com/ar/brands/maserati-service-dubai/tire-repair,PASS,YES,Existing policy; validate reciprocal destinations,HIGH,,/ar/brands/maserati-service-dubai/oil-change,,RETAIN POLICY,NO,"Approved source records reconciled with rendered route; supporting links are observed relationships, not competing primary assignments. "
/ar/brands/maserati-service-dubai/transmission-repair,ar,brand-service,إصلاح ناقل الحركة Maserati في دبي,INDEX,"index, follow, max-image-preview:large",https://digitecme.com/ar/brands/maserati-service-dubai/transmission-repair,PASS,YES,Existing policy; validate reciprocal destinations,HIGH,,/ar/brands/maserati-service-dubai/oil-change,,RETAIN POLICY,NO,"Approved source records reconciled with rendered route; supporting links are observed relationships, not competing primary assignments. "
/ar/brands/maybach-service-dubai,ar,brand,Maybach service and repair discovery,INDEX,"index, follow, max-image-preview:large",https://digitecme.com/ar/brands/maybach-service-dubai,PASS,YES,Existing policy; validate reciprocal destinations,HIGH,No query × page evidence supplied,/ar/brands/maybach-service-dubai/oil-change,,RETAIN POLICY,NO,"Approved source records reconciled with rendered route; supporting links are observed relationships, not competing primary assignments. "
/ar/brands/maybach-service-dubai/ac-repair,ar,brand-service,إصلاح التكييف Mercedes-Maybach في دبي,INDEX,"index, follow, max-image-preview:large",https://digitecme.com/ar/brands/maybach-service-dubai/ac-repair,PASS,YES,Existing policy; validate reciprocal destinations,HIGH,No query × page evidence supplied,/ar/brands/maybach-service-dubai/oil-change,,RETAIN POLICY,NO,"Approved source records reconciled with rendered route; supporting links are observed relationships, not competing primary assignments. "
/ar/brands/maybach-service-dubai/battery-replacement,ar,brand-service,تبديل البطارية Mercedes-Maybach في دبي,INDEX,"index, follow, max-image-preview:large",https://digitecme.com/ar/brands/maybach-service-dubai/battery-replacement,PASS,YES,Existing policy; validate reciprocal destinations,HIGH,No query × page evidence supplied,/ar/brands/maybach-service-dubai/oil-change,,RETAIN POLICY,NO,"Approved source records reconciled with rendered route; supporting links are observed relationships, not competing primary assignments. "
/ar/brands/maybach-service-dubai/body-repair,ar,brand-service,"Commercial repair: dents, damaged paint, refinishing and collision work",INDEX,"index, follow, max-image-preview:large",https://digitecme.com/ar/brands/maybach-service-dubai/body-repair,PASS,YES,Existing policy; validate reciprocal destinations,HIGH,"No query × page evidence supplied | Measured queries support intent only, not historical URL",/ar/brands/maybach-service-dubai/oil-change,,RETAIN POLICY,NO,"Approved source records reconciled with rendered route; supporting links are observed relationships, not competing primary assignments. "
/ar/brands/maybach-service-dubai/brake-repair,ar,brand-service,إصلاح الفرامل Mercedes-Maybach في دبي,INDEX,"index, follow, max-image-preview:large",https://digitecme.com/ar/brands/maybach-service-dubai/brake-repair,PASS,YES,Existing policy; validate reciprocal destinations,HIGH,No query × page evidence supplied,/ar/brands/maybach-service-dubai/oil-change,,RETAIN POLICY,NO,"Approved source records reconciled with rendered route; supporting links are observed relationships, not competing primary assignments. "
/ar/brands/maybach-service-dubai/electrical-repair,ar,brand-service,إصلاح الكهرباء Mercedes-Maybach في دبي,INDEX,"index, follow, max-image-preview:large",https://digitecme.com/ar/brands/maybach-service-dubai/electrical-repair,PASS,YES,Existing policy; validate reciprocal destinations,HIGH,No query × page evidence supplied,/ar/brands/maybach-service-dubai/oil-change,,RETAIN POLICY,NO,"Approved source records reconciled with rendered route; supporting links are observed relationships, not competing primary assignments. "
/ar/brands/maybach-service-dubai/engine-diagnostics,ar,brand-service,تشخيص المحرك Mercedes-Maybach في دبي,INDEX,"index, follow, max-image-preview:large",https://digitecme.com/ar/brands/maybach-service-dubai/engine-diagnostics,PASS,YES,Existing policy; validate reciprocal destinations,HIGH,No query × page evidence supplied,/ar/brands/maybach-service-dubai/oil-change,,RETAIN POLICY,NO,"Approved source records reconciled with rendered route; supporting links are observed relationships, not competing primary assignments. "
/ar/brands/maybach-service-dubai/exhaust-repair,ar,brand-service,إصلاح العادم Mercedes-Maybach في دبي,INDEX,"index, follow, max-image-preview:large",https://digitecme.com/ar/brands/maybach-service-dubai/exhaust-repair,PASS,YES,Existing policy; validate reciprocal destinations,HIGH,No query × page evidence supplied,/ar/brands/maybach-service-dubai/oil-change,,RETAIN POLICY,NO,"Approved source records reconciled with rendered route; supporting links are observed relationships, not competing primary assignments. "
/ar/brands/maybach-service-dubai/fuel-system-repair,ar,brand-service,إصلاح نظام الوقود Mercedes-Maybach في دبي,INDEX,"index, follow, max-image-preview:large",https://digitecme.com/ar/brands/maybach-service-dubai/fuel-system-repair,PASS,YES,Existing policy; validate reciprocal destinations,HIGH,No query × page evidence supplied,/ar/brands/maybach-service-dubai/oil-change,,RETAIN POLICY,NO,"Approved source records reconciled with rendered route; supporting links are observed relationships, not competing primary assignments. "
/ar/brands/maybach-service-dubai/mechanical-repair,ar,brand-service,الإصلاح الميكانيكي Mercedes-Maybach في دبي,INDEX,"index, follow, max-image-preview:large",https://digitecme.com/ar/brands/maybach-service-dubai/mechanical-repair,PASS,YES,Existing policy; validate reciprocal destinations,HIGH,No query × page evidence supplied,/ar/brands/maybach-service-dubai/oil-change,,RETAIN POLICY,NO,"Approved source records reconciled with rendered route; supporting links are observed relationships, not competing primary assignments. "
/ar/brands/maybach-service-dubai/oil-change,ar,brand-service,تغيير الزيت Mercedes-Maybach في دبي,INDEX,"index, follow, max-image-preview:large",https://digitecme.com/ar/brands/maybach-service-dubai/oil-change,PASS,YES,Existing policy; validate reciprocal destinations,HIGH,No query × page evidence supplied,/ar/brands/maybach-service-dubai/brake-repair,,RETAIN POLICY,NO,"Approved source records reconciled with rendered route; supporting links are observed relationships, not competing primary assignments. "
/ar/brands/maybach-service-dubai/steering-repair,ar,brand-service,إصلاح نظام التوجيه Mercedes-Maybach في دبي,INDEX,"index, follow, max-image-preview:large",https://digitecme.com/ar/brands/maybach-service-dubai/steering-repair,PASS,YES,Existing policy; validate reciprocal destinations,HIGH,No query × page evidence supplied,/ar/brands/maybach-service-dubai/oil-change,,RETAIN POLICY,NO,"Approved source records reconciled with rendered route; supporting links are observed relationships, not competing primary assignments. "
/ar/brands/maybach-service-dubai/suspension-repair,ar,brand-service,إصلاح التعليق Mercedes-Maybach في دبي,INDEX,"index, follow, max-image-preview:large",https://digitecme.com/ar/brands/maybach-service-dubai/suspension-repair,PASS,YES,Existing policy; validate reciprocal destinations,HIGH,No query × page evidence supplied,/ar/brands/maybach-service-dubai/oil-change,,RETAIN POLICY,NO,"Approved source records reconciled with rendered route; supporting links are observed relationships, not competing primary assignments. "
/ar/brands/maybach-service-dubai/tire-repair,ar,brand-service,إصلاح الإطارات Mercedes-Maybach في دبي,INDEX,"index, follow, max-image-preview:large",https://digitecme.com/ar/brands/maybach-service-dubai/tire-repair,PASS,YES,Existing policy; validate reciprocal destinations,HIGH,No query × page evidence supplied,/ar/brands/maybach-service-dubai/oil-change,,RETAIN POLICY,NO,"Approved source records reconciled with rendered route; supporting links are observed relationships, not competing primary assignments. "
/ar/brands/maybach-service-dubai/transmission-repair,ar,brand-service,إصلاح ناقل الحركة Mercedes-Maybach في دبي,INDEX,"index, follow, max-image-preview:large",https://digitecme.com/ar/brands/maybach-service-dubai/transmission-repair,PASS,YES,Existing policy; validate reciprocal destinations,HIGH,No query × page evidence supplied,/ar/brands/maybach-service-dubai/oil-change,,RETAIN POLICY,NO,"Approved source records reconciled with rendered route; supporting links are observed relationships, not competing primary assignments. "
/ar/brands/mclaren-service-dubai,ar,brand,McLaren للإصلاح والصيانة في دبي,INDEX,"index, follow, max-image-preview:large",https://digitecme.com/ar/brands/mclaren-service-dubai,PASS,YES,Existing policy; validate reciprocal destinations,HIGH,,/ar/brands/mclaren-service-dubai/oil-change,,RETAIN POLICY,NO,"Approved source records reconciled with rendered route; supporting links are observed relationships, not competing primary assignments. "
/ar/brands/mclaren-service-dubai/ac-repair,ar,brand-service,إصلاح التكييف McLaren في دبي,INDEX,"index, follow, max-image-preview:large",https://digitecme.com/ar/brands/mclaren-service-dubai/ac-repair,PASS,YES,Existing policy; validate reciprocal destinations,HIGH,,/ar/brands/mclaren-service-dubai/oil-change,,RETAIN POLICY,NO,"Approved source records reconciled with rendered route; supporting links are observed relationships, not competing primary assignments. "
/ar/brands/mclaren-service-dubai/battery-replacement,ar,brand-service,تبديل البطارية McLaren في دبي,INDEX,"index, follow, max-image-preview:large",https://digitecme.com/ar/brands/mclaren-service-dubai/battery-replacement,PASS,YES,Existing policy; validate reciprocal destinations,HIGH,,/ar/brands/mclaren-service-dubai/oil-change,,RETAIN POLICY,NO,"Approved source records reconciled with rendered route; supporting links are observed relationships, not competing primary assignments. "
/ar/brands/mclaren-service-dubai/body-repair,ar,brand-service,"Commercial repair: dents, damaged paint, refinishing and collision work",INDEX,"index, follow, max-image-preview:large",https://digitecme.com/ar/brands/mclaren-service-dubai/body-repair,PASS,YES,Existing policy; validate reciprocal destinations,HIGH,"Measured queries support intent only, not historical URL",/ar/brands/mclaren-service-dubai/oil-change,,RETAIN POLICY,NO,"Approved source records reconciled with rendered route; supporting links are observed relationships, not competing primary assignments. "
/ar/brands/mclaren-service-dubai/brake-repair,ar,brand-service,إصلاح الفرامل McLaren في دبي,INDEX,"index, follow, max-image-preview:large",https://digitecme.com/ar/brands/mclaren-service-dubai/brake-repair,PASS,YES,Existing policy; validate reciprocal destinations,HIGH,,/ar/brands/mclaren-service-dubai/oil-change,,RETAIN POLICY,NO,"Approved source records reconciled with rendered route; supporting links are observed relationships, not competing primary assignments. "
/ar/brands/mclaren-service-dubai/electrical-repair,ar,brand-service,إصلاح الكهرباء McLaren في دبي,INDEX,"index, follow, max-image-preview:large",https://digitecme.com/ar/brands/mclaren-service-dubai/electrical-repair,PASS,YES,Existing policy; validate reciprocal destinations,HIGH,,/ar/brands/mclaren-service-dubai/oil-change,,RETAIN POLICY,NO,"Approved source records reconciled with rendered route; supporting links are observed relationships, not competing primary assignments. "
/ar/brands/mclaren-service-dubai/engine-diagnostics,ar,brand-service,تشخيص المحرك McLaren في دبي,INDEX,"index, follow, max-image-preview:large",https://digitecme.com/ar/brands/mclaren-service-dubai/engine-diagnostics,PASS,YES,Existing policy; validate reciprocal destinations,HIGH,,/ar/brands/mclaren-service-dubai/oil-change,,RETAIN POLICY,NO,"Approved source records reconciled with rendered route; supporting links are observed relationships, not competing primary assignments. "
/ar/brands/mclaren-service-dubai/exhaust-repair,ar,brand-service,إصلاح العادم McLaren في دبي,INDEX,"index, follow, max-image-preview:large",https://digitecme.com/ar/brands/mclaren-service-dubai/exhaust-repair,PASS,YES,Existing policy; validate reciprocal destinations,HIGH,,/ar/brands/mclaren-service-dubai/oil-change,,RETAIN POLICY,NO,"Approved source records reconciled with rendered route; supporting links are observed relationships, not competing primary assignments. "
/ar/brands/mclaren-service-dubai/fuel-system-repair,ar,brand-service,إصلاح نظام الوقود McLaren في دبي,INDEX,"index, follow, max-image-preview:large",https://digitecme.com/ar/brands/mclaren-service-dubai/fuel-system-repair,PASS,YES,Existing policy; validate reciprocal destinations,HIGH,,/ar/brands/mclaren-service-dubai/oil-change,,RETAIN POLICY,NO,"Approved source records reconciled with rendered route; supporting links are observed relationships, not competing primary assignments. "
/ar/brands/mclaren-service-dubai/mechanical-repair,ar,brand-service,الإصلاح الميكانيكي McLaren في دبي,INDEX,"index, follow, max-image-preview:large",https://digitecme.com/ar/brands/mclaren-service-dubai/mechanical-repair,PASS,YES,Existing policy; validate reciprocal destinations,HIGH,,/ar/brands/mclaren-service-dubai/oil-change,,RETAIN POLICY,NO,"Approved source records reconciled with rendered route; supporting links are observed relationships, not competing primary assignments. "
/ar/brands/mclaren-service-dubai/oil-change,ar,brand-service,تغيير الزيت McLaren في دبي,INDEX,"index, follow, max-image-preview:large",https://digitecme.com/ar/brands/mclaren-service-dubai/oil-change,PASS,YES,Existing policy; validate reciprocal destinations,HIGH,,/ar/brands/mclaren-service-dubai/brake-repair,,RETAIN POLICY,NO,"Approved source records reconciled with rendered route; supporting links are observed relationships, not competing primary assignments. "
/ar/brands/mclaren-service-dubai/steering-repair,ar,brand-service,إصلاح نظام التوجيه McLaren في دبي,INDEX,"index, follow, max-image-preview:large",https://digitecme.com/ar/brands/mclaren-service-dubai/steering-repair,PASS,YES,Existing policy; validate reciprocal destinations,HIGH,,/ar/brands/mclaren-service-dubai/oil-change,,RETAIN POLICY,NO,"Approved source records reconciled with rendered route; supporting links are observed relationships, not competing primary assignments. "
/ar/brands/mclaren-service-dubai/suspension-repair,ar,brand-service,إصلاح التعليق McLaren في دبي,INDEX,"index, follow, max-image-preview:large",https://digitecme.com/ar/brands/mclaren-service-dubai/suspension-repair,PASS,YES,Existing policy; validate reciprocal destinations,HIGH,,/ar/brands/mclaren-service-dubai/oil-change,,RETAIN POLICY,NO,"Approved source records reconciled with rendered route; supporting links are observed relationships, not competing primary assignments. "
/ar/brands/mclaren-service-dubai/tire-repair,ar,brand-service,إصلاح الإطارات McLaren في دبي,INDEX,"index, follow, max-image-preview:large",https://digitecme.com/ar/brands/mclaren-service-dubai/tire-repair,PASS,YES,Existing policy; validate reciprocal destinations,HIGH,,/ar/brands/mclaren-service-dubai/oil-change,,RETAIN POLICY,NO,"Approved source records reconciled with rendered route; supporting links are observed relationships, not competing primary assignments. "
/ar/brands/mclaren-service-dubai/transmission-repair,ar,brand-service,إصلاح ناقل الحركة McLaren في دبي,INDEX,"index, follow, max-image-preview:large",https://digitecme.com/ar/brands/mclaren-service-dubai/transmission-repair,PASS,YES,Existing policy; validate reciprocal destinations,HIGH,,/ar/brands/mclaren-service-dubai/oil-change,,RETAIN POLICY,NO,"Approved source records reconciled with rendered route; supporting links are observed relationships, not competing primary assignments. "
/ar/brands/mercedes-benz-service-dubai,ar,brand,Book independent Mercedes workshop service/repair,INDEX,"index, follow, max-image-preview:large",https://digitecme.com/ar/brands/mercedes-benz-service-dubai,PASS,YES,Existing policy; validate reciprocal destinations,HIGH,,/ar/services/mercedes-oil-change-dubai,,RETAIN POLICY,NO,"Approved source records reconciled with rendered route; supporting links are observed relationships, not competing primary assignments. "
/ar/brands/mini-service-dubai,ar,brand,MINI للإصلاح والصيانة في دبي,INDEX,"index, follow, max-image-preview:large",https://digitecme.com/ar/brands/mini-service-dubai,PASS,YES,Existing policy; validate reciprocal destinations,HIGH,,/ar/brands/mini-service-dubai/oil-change,,RETAIN POLICY,NO,"Approved source records reconciled with rendered route; supporting links are observed relationships, not competing primary assignments. "
/ar/brands/mini-service-dubai/ac-repair,ar,brand-service,إصلاح التكييف MINI في دبي,INDEX,"index, follow, max-image-preview:large",https://digitecme.com/ar/brands/mini-service-dubai/ac-repair,PASS,YES,Existing policy; validate reciprocal destinations,HIGH,,/ar/brands/mini-service-dubai/oil-change,,RETAIN POLICY,NO,"Approved source records reconciled with rendered route; supporting links are observed relationships, not competing primary assignments. "
/ar/brands/mini-service-dubai/brake-repair,ar,brand-service,إصلاح الفرامل MINI في دبي,INDEX,"index, follow, max-image-preview:large",https://digitecme.com/ar/brands/mini-service-dubai/brake-repair,PASS,YES,Existing policy; validate reciprocal destinations,HIGH,,/ar/brands/mini-service-dubai/oil-change,,RETAIN POLICY,NO,"Approved source records reconciled with rendered route; supporting links are observed relationships, not competing primary assignments. "
/ar/brands/mini-service-dubai/engine-diagnostics,ar,brand-service,تشخيص المحرك MINI في دبي,INDEX,"index, follow, max-image-preview:large",https://digitecme.com/ar/brands/mini-service-dubai/engine-diagnostics,PASS,YES,Existing policy; validate reciprocal destinations,HIGH,,/ar/brands/mini-service-dubai/oil-change,,RETAIN POLICY,NO,"Approved source records reconciled with rendered route; supporting links are observed relationships, not competing primary assignments. "
/ar/brands/mini-service-dubai/oil-change,ar,brand-service,تغيير الزيت MINI في دبي,INDEX,"index, follow, max-image-preview:large",https://digitecme.com/ar/brands/mini-service-dubai/oil-change,PASS,YES,Existing policy; validate reciprocal destinations,HIGH,,/ar/brands/mini-service-dubai/brake-repair,,RETAIN POLICY,NO,"Approved source records reconciled with rendered route; supporting links are observed relationships, not competing primary assignments. "
/ar/brands/mini-service-dubai/suspension-repair,ar,brand-service,إصلاح التعليق MINI في دبي,NOINDEX,"noindex, follow",https://digitecme.com/ar/brands/mini-service-dubai/suspension-repair,PASS,NO,Existing policy; validate reciprocal destinations,HIGH,,/ar/brands/mini-service-dubai/oil-change,,RETAIN POLICY,NO,"Approved source records reconciled with rendered route; supporting links are observed relationships, not competing primary assignments. Noindex support role retained; not a search-primary target."
/ar/brands/mini-service-dubai/transmission-repair,ar,brand-service,إصلاح ناقل الحركة MINI في دبي,NOINDEX,"noindex, follow",https://digitecme.com/ar/brands/mini-service-dubai/transmission-repair,PASS,NO,Existing policy; validate reciprocal destinations,HIGH,,/ar/brands/mini-service-dubai/oil-change,,RETAIN POLICY,NO,"Approved source records reconciled with rendered route; supporting links are observed relationships, not competing primary assignments. Noindex support role retained; not a search-primary target."
/ar/brands/pagani-service-dubai,ar,brand,Pagani للإصلاح والصيانة في دبي,INDEX,"index, follow, max-image-preview:large",https://digitecme.com/ar/brands/pagani-service-dubai,PASS,YES,Existing policy; validate reciprocal destinations,HIGH,,/ar/brands/pagani-service-dubai/oil-change,,RETAIN POLICY,NO,"Approved source records reconciled with rendered route; supporting links are observed relationships, not competing primary assignments. "
/ar/brands/pagani-service-dubai/ac-repair,ar,brand-service,إصلاح التكييف Pagani في دبي,INDEX,"index, follow, max-image-preview:large",https://digitecme.com/ar/brands/pagani-service-dubai/ac-repair,PASS,YES,Existing policy; validate reciprocal destinations,HIGH,,/ar/brands/pagani-service-dubai/oil-change,,RETAIN POLICY,NO,"Approved source records reconciled with rendered route; supporting links are observed relationships, not competing primary assignments. "
/ar/brands/pagani-service-dubai/battery-replacement,ar,brand-service,تبديل البطارية Pagani في دبي,NOINDEX,"noindex, follow",https://digitecme.com/ar/brands/pagani-service-dubai/battery-replacement,PASS,NO,Existing policy; validate reciprocal destinations,HIGH,,/ar/brands/pagani-service-dubai/oil-change,,RETAIN POLICY,NO,"Approved source records reconciled with rendered route; supporting links are observed relationships, not competing primary assignments. Noindex support role retained; not a search-primary target."
/ar/brands/pagani-service-dubai/body-repair,ar,brand-service,"Commercial repair: dents, damaged paint, refinishing and collision work",NOINDEX,"noindex, follow",https://digitecme.com/ar/brands/pagani-service-dubai/body-repair,PASS,NO,Existing policy; validate reciprocal destinations,HIGH,"Measured queries support intent only, not historical URL",/ar/brands/pagani-service-dubai/oil-change,,RETAIN POLICY,NO,"Approved source records reconciled with rendered route; supporting links are observed relationships, not competing primary assignments. Noindex support role retained; not a search-primary target."
/ar/brands/pagani-service-dubai/brake-repair,ar,brand-service,إصلاح الفرامل Pagani في دبي,INDEX,"index, follow, max-image-preview:large",https://digitecme.com/ar/brands/pagani-service-dubai/brake-repair,PASS,YES,Existing policy; validate reciprocal destinations,HIGH,,/ar/brands/pagani-service-dubai/oil-change,,RETAIN POLICY,NO,"Approved source records reconciled with rendered route; supporting links are observed relationships, not competing primary assignments. "
/ar/brands/pagani-service-dubai/electrical-repair,ar,brand-service,إصلاح الكهرباء Pagani في دبي,NOINDEX,"noindex, follow",https://digitecme.com/ar/brands/pagani-service-dubai/electrical-repair,PASS,NO,Existing policy; validate reciprocal destinations,HIGH,,/ar/brands/pagani-service-dubai/oil-change,,RETAIN POLICY,NO,"Approved source records reconciled with rendered route; supporting links are observed relationships, not competing primary assignments. Noindex support role retained; not a search-primary target."
/ar/brands/pagani-service-dubai/engine-diagnostics,ar,brand-service,تشخيص المحرك Pagani في دبي,INDEX,"index, follow, max-image-preview:large",https://digitecme.com/ar/brands/pagani-service-dubai/engine-diagnostics,PASS,YES,Existing policy; validate reciprocal destinations,HIGH,,/ar/brands/pagani-service-dubai/oil-change,,RETAIN POLICY,NO,"Approved source records reconciled with rendered route; supporting links are observed relationships, not competing primary assignments. "
/ar/brands/pagani-service-dubai/exhaust-repair,ar,brand-service,إصلاح العادم Pagani في دبي,NOINDEX,"noindex, follow",https://digitecme.com/ar/brands/pagani-service-dubai/exhaust-repair,PASS,NO,Existing policy; validate reciprocal destinations,HIGH,,/ar/brands/pagani-service-dubai/oil-change,,RETAIN POLICY,NO,"Approved source records reconciled with rendered route; supporting links are observed relationships, not competing primary assignments. Noindex support role retained; not a search-primary target."
/ar/brands/pagani-service-dubai/fuel-system-repair,ar,brand-service,إصلاح نظام الوقود Pagani في دبي,NOINDEX,"noindex, follow",https://digitecme.com/ar/brands/pagani-service-dubai/fuel-system-repair,PASS,NO,Existing policy; validate reciprocal destinations,HIGH,,/ar/brands/pagani-service-dubai/oil-change,,RETAIN POLICY,NO,"Approved source records reconciled with rendered route; supporting links are observed relationships, not competing primary assignments. Noindex support role retained; not a search-primary target."
/ar/brands/pagani-service-dubai/mechanical-repair,ar,brand-service,الإصلاح الميكانيكي Pagani في دبي,NOINDEX,"noindex, follow",https://digitecme.com/ar/brands/pagani-service-dubai/mechanical-repair,PASS,NO,Existing policy; validate reciprocal destinations,HIGH,,/ar/brands/pagani-service-dubai/oil-change,,RETAIN POLICY,NO,"Approved source records reconciled with rendered route; supporting links are observed relationships, not competing primary assignments. Noindex support role retained; not a search-primary target."
/ar/brands/pagani-service-dubai/oil-change,ar,brand-service,تغيير الزيت Pagani في دبي,INDEX,"index, follow, max-image-preview:large",https://digitecme.com/ar/brands/pagani-service-dubai/oil-change,PASS,YES,Existing policy; validate reciprocal destinations,HIGH,,/ar/brands/pagani-service-dubai/brake-repair,,RETAIN POLICY,NO,"Approved source records reconciled with rendered route; supporting links are observed relationships, not competing primary assignments. "
/ar/brands/pagani-service-dubai/steering-repair,ar,brand-service,إصلاح نظام التوجيه Pagani في دبي,NOINDEX,"noindex, follow",https://digitecme.com/ar/brands/pagani-service-dubai/steering-repair,PASS,NO,Existing policy; validate reciprocal destinations,HIGH,,/ar/brands/pagani-service-dubai/oil-change,,RETAIN POLICY,NO,"Approved source records reconciled with rendered route; supporting links are observed relationships, not competing primary assignments. Noindex support role retained; not a search-primary target."
/ar/brands/pagani-service-dubai/suspension-repair,ar,brand-service,إصلاح التعليق Pagani في دبي,NOINDEX,"noindex, follow",https://digitecme.com/ar/brands/pagani-service-dubai/suspension-repair,PASS,NO,Existing policy; validate reciprocal destinations,HIGH,,/ar/brands/pagani-service-dubai/oil-change,,RETAIN POLICY,NO,"Approved source records reconciled with rendered route; supporting links are observed relationships, not competing primary assignments. Noindex support role retained; not a search-primary target."
/ar/brands/pagani-service-dubai/tire-repair,ar,brand-service,إصلاح الإطارات Pagani في دبي,NOINDEX,"noindex, follow",https://digitecme.com/ar/brands/pagani-service-dubai/tire-repair,PASS,NO,Existing policy; validate reciprocal destinations,HIGH,,/ar/brands/pagani-service-dubai/oil-change,,RETAIN POLICY,NO,"Approved source records reconciled with rendered route; supporting links are observed relationships, not competing primary assignments. Noindex support role retained; not a search-primary target."
/ar/brands/pagani-service-dubai/transmission-repair,ar,brand-service,إصلاح ناقل الحركة Pagani في دبي,NOINDEX,"noindex, follow",https://digitecme.com/ar/brands/pagani-service-dubai/transmission-repair,PASS,NO,Existing policy; validate reciprocal destinations,HIGH,,/ar/brands/pagani-service-dubai/oil-change,,RETAIN POLICY,NO,"Approved source records reconciled with rendered route; supporting links are observed relationships, not competing primary assignments. Noindex support role retained; not a search-primary target."
/ar/brands/porsche-service-dubai,ar,brand,Porsche للإصلاح والصيانة في دبي,INDEX,"index, follow, max-image-preview:large",https://digitecme.com/ar/brands/porsche-service-dubai,PASS,YES,Existing policy; validate reciprocal destinations,HIGH,No latest query mapped; absence from top-query export does not mean zero traffic,/ar/blog/porsche-911-service-dubai-guide,,RETAIN POLICY,NO,"Approved source records reconciled with rendered route; supporting links are observed relationships, not competing primary assignments. "
/ar/brands/porsche-service-dubai/ac-repair,ar,brand-service,إصلاح التكييف Porsche في دبي,INDEX,"index, follow, max-image-preview:large",https://digitecme.com/ar/brands/porsche-service-dubai/ac-repair,PASS,YES,Existing policy; validate reciprocal destinations,HIGH,No latest query mapped; absence from top-query export does not mean zero traffic,/ar/brands/porsche-service-dubai/oil-change,,RETAIN POLICY,NO,"Approved source records reconciled with rendered route; supporting links are observed relationships, not competing primary assignments. "
/ar/brands/porsche-service-dubai/battery-replacement,ar,brand-service,تبديل البطارية Porsche في دبي,INDEX,"index, follow, max-image-preview:large",https://digitecme.com/ar/brands/porsche-service-dubai/battery-replacement,PASS,YES,Existing policy; validate reciprocal destinations,HIGH,No latest query mapped; absence from top-query export does not mean zero traffic,/ar/brands/porsche-service-dubai/oil-change,,RETAIN POLICY,NO,"Approved source records reconciled with rendered route; supporting links are observed relationships, not competing primary assignments. "
/ar/brands/porsche-service-dubai/body-repair,ar,brand-service,"Commercial repair: dents, damaged paint, refinishing and collision work",INDEX,"index, follow, max-image-preview:large",https://digitecme.com/ar/brands/porsche-service-dubai/body-repair,PASS,YES,Existing policy; validate reciprocal destinations,HIGH,"No latest query mapped; absence from top-query export does not mean zero traffic | Measured queries support intent only, not historical URL",/ar/brands/porsche-service-dubai/oil-change,,RETAIN POLICY,NO,"Approved source records reconciled with rendered route; supporting links are observed relationships, not competing primary assignments. "
/ar/brands/porsche-service-dubai/brake-repair,ar,brand-service,إصلاح الفرامل Porsche في دبي,INDEX,"index, follow, max-image-preview:large",https://digitecme.com/ar/brands/porsche-service-dubai/brake-repair,PASS,YES,Existing policy; validate reciprocal destinations,HIGH,No latest query mapped; absence from top-query export does not mean zero traffic,/ar/brands/porsche-service-dubai/oil-change,,RETAIN POLICY,NO,"Approved source records reconciled with rendered route; supporting links are observed relationships, not competing primary assignments. "
/ar/brands/porsche-service-dubai/electrical-repair,ar,brand-service,إصلاح الكهرباء Porsche في دبي,INDEX,"index, follow, max-image-preview:large",https://digitecme.com/ar/brands/porsche-service-dubai/electrical-repair,PASS,YES,Existing policy; validate reciprocal destinations,HIGH,No latest query mapped; absence from top-query export does not mean zero traffic,/ar/brands/porsche-service-dubai/oil-change,,RETAIN POLICY,NO,"Approved source records reconciled with rendered route; supporting links are observed relationships, not competing primary assignments. "
/ar/brands/porsche-service-dubai/engine-diagnostics,ar,brand-service,تشخيص المحرك Porsche في دبي,INDEX,"index, follow, max-image-preview:large",https://digitecme.com/ar/brands/porsche-service-dubai/engine-diagnostics,PASS,YES,Existing policy; validate reciprocal destinations,HIGH,No latest query mapped; absence from top-query export does not mean zero traffic,/ar/brands/porsche-service-dubai/oil-change,,RETAIN POLICY,NO,"Approved source records reconciled with rendered route; supporting links are observed relationships, not competing primary assignments. "
/ar/brands/porsche-service-dubai/exhaust-repair,ar,brand-service,إصلاح العادم Porsche في دبي,INDEX,"index, follow, max-image-preview:large",https://digitecme.com/ar/brands/porsche-service-dubai/exhaust-repair,PASS,YES,Existing policy; validate reciprocal destinations,HIGH,No latest query mapped; absence from top-query export does not mean zero traffic,/ar/brands/porsche-service-dubai/oil-change,,RETAIN POLICY,NO,"Approved source records reconciled with rendered route; supporting links are observed relationships, not competing primary assignments. "
/ar/brands/porsche-service-dubai/fuel-system-repair,ar,brand-service,إصلاح نظام الوقود Porsche في دبي,INDEX,"index, follow, max-image-preview:large",https://digitecme.com/ar/brands/porsche-service-dubai/fuel-system-repair,PASS,YES,Existing policy; validate reciprocal destinations,HIGH,No latest query mapped; absence from top-query export does not mean zero traffic,/ar/brands/porsche-service-dubai/oil-change,,RETAIN POLICY,NO,"Approved source records reconciled with rendered route; supporting links are observed relationships, not competing primary assignments. "
/ar/brands/porsche-service-dubai/mechanical-repair,ar,brand-service,الإصلاح الميكانيكي Porsche في دبي,INDEX,"index, follow, max-image-preview:large",https://digitecme.com/ar/brands/porsche-service-dubai/mechanical-repair,PASS,YES,Existing policy; validate reciprocal destinations,HIGH,No latest query mapped; absence from top-query export does not mean zero traffic,/ar/brands/porsche-service-dubai/oil-change,,RETAIN POLICY,NO,"Approved source records reconciled with rendered route; supporting links are observed relationships, not competing primary assignments. "
/ar/brands/porsche-service-dubai/oil-change,ar,brand-service,تغيير الزيت Porsche في دبي,INDEX,"index, follow, max-image-preview:large",https://digitecme.com/ar/brands/porsche-service-dubai/oil-change,PASS,YES,Existing policy; validate reciprocal destinations,HIGH,No latest query mapped; absence from top-query export does not mean zero traffic,/ar/brands/porsche-service-dubai/brake-repair,,RETAIN POLICY,NO,"Approved source records reconciled with rendered route; supporting links are observed relationships, not competing primary assignments. "
/ar/brands/porsche-service-dubai/steering-repair,ar,brand-service,إصلاح نظام التوجيه Porsche في دبي,INDEX,"index, follow, max-image-preview:large",https://digitecme.com/ar/brands/porsche-service-dubai/steering-repair,PASS,YES,Existing policy; validate reciprocal destinations,HIGH,No latest query mapped; absence from top-query export does not mean zero traffic,/ar/brands/porsche-service-dubai/oil-change,,RETAIN POLICY,NO,"Approved source records reconciled with rendered route; supporting links are observed relationships, not competing primary assignments. "
/ar/brands/porsche-service-dubai/suspension-repair,ar,brand-service,إصلاح التعليق Porsche في دبي,INDEX,"index, follow, max-image-preview:large",https://digitecme.com/ar/brands/porsche-service-dubai/suspension-repair,PASS,YES,Existing policy; validate reciprocal destinations,HIGH,No latest query mapped; absence from top-query export does not mean zero traffic,/ar/brands/porsche-service-dubai/oil-change,,RETAIN POLICY,NO,"Approved source records reconciled with rendered route; supporting links are observed relationships, not competing primary assignments. "
/ar/brands/porsche-service-dubai/tire-repair,ar,brand-service,إصلاح الإطارات Porsche في دبي,INDEX,"index, follow, max-image-preview:large",https://digitecme.com/ar/brands/porsche-service-dubai/tire-repair,PASS,YES,Existing policy; validate reciprocal destinations,HIGH,No latest query mapped; absence from top-query export does not mean zero traffic,/ar/brands/porsche-service-dubai/oil-change,,RETAIN POLICY,NO,"Approved source records reconciled with rendered route; supporting links are observed relationships, not competing primary assignments. "
/ar/brands/porsche-service-dubai/transmission-repair,ar,brand-service,إصلاح ناقل الحركة Porsche في دبي,INDEX,"index, follow, max-image-preview:large",https://digitecme.com/ar/brands/porsche-service-dubai/transmission-repair,PASS,YES,Existing policy; validate reciprocal destinations,HIGH,No latest query mapped; absence from top-query export does not mean zero traffic,/ar/brands/porsche-service-dubai/oil-change,,RETAIN POLICY,NO,"Approved source records reconciled with rendered route; supporting links are observed relationships, not competing primary assignments. "
/ar/brands/range-rover-service-dubai,ar,brand,Range Rover للإصلاح والصيانة في دبي,INDEX,"index, follow, max-image-preview:large",https://digitecme.com/ar/brands/range-rover-service-dubai,PASS,YES,Existing policy; validate reciprocal destinations,HIGH,No query × landing-page join supplied,/ar/brands/range-rover-service-dubai/oil-change,,RETAIN POLICY,NO,"Approved source records reconciled with rendered route; supporting links are observed relationships, not competing primary assignments. "
/ar/brands/range-rover-service-dubai/ac-repair,ar,brand-service,إصلاح التكييف Range Rover في دبي,INDEX,"index, follow, max-image-preview:large",https://digitecme.com/ar/brands/range-rover-service-dubai/ac-repair,PASS,YES,Existing policy; validate reciprocal destinations,HIGH,No query × landing-page join supplied,/ar/brands/range-rover-service-dubai/oil-change,,RETAIN POLICY,NO,"Approved source records reconciled with rendered route; supporting links are observed relationships, not competing primary assignments. "
/ar/brands/range-rover-service-dubai/battery-replacement,ar,brand-service,تبديل البطارية Range Rover في دبي,INDEX,"index, follow, max-image-preview:large",https://digitecme.com/ar/brands/range-rover-service-dubai/battery-replacement,PASS,YES,Existing policy; validate reciprocal destinations,HIGH,No query × landing-page join supplied,/ar/brands/range-rover-service-dubai/oil-change,,RETAIN POLICY,NO,"Approved source records reconciled with rendered route; supporting links are observed relationships, not competing primary assignments. "
/ar/brands/range-rover-service-dubai/body-repair,ar,brand-service,"Commercial repair: dents, damaged paint, refinishing and collision work",INDEX,"index, follow, max-image-preview:large",https://digitecme.com/ar/brands/range-rover-service-dubai/body-repair,PASS,YES,Existing policy; validate reciprocal destinations,HIGH,"No query × landing-page join supplied | Measured queries support intent only, not historical URL",/ar/brands/range-rover-service-dubai/oil-change,,RETAIN POLICY,NO,"Approved source records reconciled with rendered route; supporting links are observed relationships, not competing primary assignments. "
/ar/brands/range-rover-service-dubai/brake-repair,ar,brand-service,إصلاح الفرامل Range Rover في دبي,INDEX,"index, follow, max-image-preview:large",https://digitecme.com/ar/brands/range-rover-service-dubai/brake-repair,PASS,YES,Existing policy; validate reciprocal destinations,HIGH,No query × landing-page join supplied,/ar/brands/range-rover-service-dubai/oil-change,,RETAIN POLICY,NO,"Approved source records reconciled with rendered route; supporting links are observed relationships, not competing primary assignments. "
/ar/brands/range-rover-service-dubai/electrical-repair,ar,brand-service,إصلاح الكهرباء Range Rover في دبي,INDEX,"index, follow, max-image-preview:large",https://digitecme.com/ar/brands/range-rover-service-dubai/electrical-repair,PASS,YES,Existing policy; validate reciprocal destinations,HIGH,No query × landing-page join supplied,/ar/brands/range-rover-service-dubai/oil-change,,RETAIN POLICY,NO,"Approved source records reconciled with rendered route; supporting links are observed relationships, not competing primary assignments. "
/ar/brands/range-rover-service-dubai/engine-diagnostics,ar,brand-service,تشخيص المحرك Range Rover في دبي,INDEX,"index, follow, max-image-preview:large",https://digitecme.com/ar/brands/range-rover-service-dubai/engine-diagnostics,PASS,YES,Existing policy; validate reciprocal destinations,HIGH,No query × landing-page join supplied,/ar/brands/range-rover-service-dubai/oil-change,,RETAIN POLICY,NO,"Approved source records reconciled with rendered route; supporting links are observed relationships, not competing primary assignments. "
/ar/brands/range-rover-service-dubai/exhaust-repair,ar,brand-service,إصلاح العادم Range Rover في دبي,INDEX,"index, follow, max-image-preview:large",https://digitecme.com/ar/brands/range-rover-service-dubai/exhaust-repair,PASS,YES,Existing policy; validate reciprocal destinations,HIGH,No query × landing-page join supplied,/ar/brands/range-rover-service-dubai/oil-change,,RETAIN POLICY,NO,"Approved source records reconciled with rendered route; supporting links are observed relationships, not competing primary assignments. "
/ar/brands/range-rover-service-dubai/fuel-system-repair,ar,brand-service,إصلاح نظام الوقود Range Rover في دبي,INDEX,"index, follow, max-image-preview:large",https://digitecme.com/ar/brands/range-rover-service-dubai/fuel-system-repair,PASS,YES,Existing policy; validate reciprocal destinations,HIGH,No query × landing-page join supplied,/ar/brands/range-rover-service-dubai/oil-change,,RETAIN POLICY,NO,"Approved source records reconciled with rendered route; supporting links are observed relationships, not competing primary assignments. "
/ar/brands/range-rover-service-dubai/mechanical-repair,ar,brand-service,الإصلاح الميكانيكي Range Rover في دبي,INDEX,"index, follow, max-image-preview:large",https://digitecme.com/ar/brands/range-rover-service-dubai/mechanical-repair,PASS,YES,Existing policy; validate reciprocal destinations,HIGH,No query × landing-page join supplied,/ar/brands/range-rover-service-dubai/oil-change,,RETAIN POLICY,NO,"Approved source records reconciled with rendered route; supporting links are observed relationships, not competing primary assignments. "
/ar/brands/range-rover-service-dubai/oil-change,ar,brand-service,تغيير الزيت Range Rover في دبي,INDEX,"index, follow, max-image-preview:large",https://digitecme.com/ar/brands/range-rover-service-dubai/oil-change,PASS,YES,Existing policy; validate reciprocal destinations,HIGH,No query × landing-page join supplied,/ar/brands/range-rover-service-dubai/brake-repair,,RETAIN POLICY,NO,"Approved source records reconciled with rendered route; supporting links are observed relationships, not competing primary assignments. "
/ar/brands/range-rover-service-dubai/steering-repair,ar,brand-service,إصلاح نظام التوجيه Range Rover في دبي,INDEX,"index, follow, max-image-preview:large",https://digitecme.com/ar/brands/range-rover-service-dubai/steering-repair,PASS,YES,Existing policy; validate reciprocal destinations,HIGH,No query × landing-page join supplied,/ar/brands/range-rover-service-dubai/oil-change,,RETAIN POLICY,NO,"Approved source records reconciled with rendered route; supporting links are observed relationships, not competing primary assignments. "
/ar/brands/range-rover-service-dubai/suspension-repair,ar,brand-service,إصلاح التعليق Range Rover في دبي,INDEX,"index, follow, max-image-preview:large",https://digitecme.com/ar/brands/range-rover-service-dubai/suspension-repair,PASS,YES,Existing policy; validate reciprocal destinations,HIGH,No query × landing-page join supplied,/ar/brands/range-rover-service-dubai/oil-change,,RETAIN POLICY,NO,"Approved source records reconciled with rendered route; supporting links are observed relationships, not competing primary assignments. "
/ar/brands/range-rover-service-dubai/tire-repair,ar,brand-service,إصلاح الإطارات Range Rover في دبي,INDEX,"index, follow, max-image-preview:large",https://digitecme.com/ar/brands/range-rover-service-dubai/tire-repair,PASS,YES,Existing policy; validate reciprocal destinations,HIGH,No query × landing-page join supplied,/ar/brands/range-rover-service-dubai/oil-change,,RETAIN POLICY,NO,"Approved source records reconciled with rendered route; supporting links are observed relationships, not competing primary assignments. "
/ar/brands/range-rover-service-dubai/transmission-repair,ar,brand-service,إصلاح ناقل الحركة Range Rover في دبي,INDEX,"index, follow, max-image-preview:large",https://digitecme.com/ar/brands/range-rover-service-dubai/transmission-repair,PASS,YES,Existing policy; validate reciprocal destinations,HIGH,No query × landing-page join supplied,/ar/brands/range-rover-service-dubai/oil-change,,RETAIN POLICY,NO,"Approved source records reconciled with rendered route; supporting links are observed relationships, not competing primary assignments. "
/ar/brands/rolls-royce-service-dubai,ar,brand,Rolls-Royce service and repair discovery,INDEX,"index, follow, max-image-preview:large",https://digitecme.com/ar/brands/rolls-royce-service-dubai,PASS,YES,Existing policy; validate reciprocal destinations,HIGH,No query × page evidence supplied,/ar/brands/rolls-royce-service-dubai/oil-change,,RETAIN POLICY,NO,"Approved source records reconciled with rendered route; supporting links are observed relationships, not competing primary assignments. "
/ar/brands/rolls-royce-service-dubai/ac-repair,ar,brand-service,إصلاح التكييف Rolls-Royce في دبي,INDEX,"index, follow, max-image-preview:large",https://digitecme.com/ar/brands/rolls-royce-service-dubai/ac-repair,PASS,YES,Existing policy; validate reciprocal destinations,HIGH,No query × page evidence supplied,/ar/brands/rolls-royce-service-dubai/oil-change,,RETAIN POLICY,NO,"Approved source records reconciled with rendered route; supporting links are observed relationships, not competing primary assignments. "
/ar/brands/rolls-royce-service-dubai/battery-replacement,ar,brand-service,تبديل البطارية Rolls-Royce في دبي,INDEX,"index, follow, max-image-preview:large",https://digitecme.com/ar/brands/rolls-royce-service-dubai/battery-replacement,PASS,YES,Existing policy; validate reciprocal destinations,HIGH,No query × page evidence supplied,/ar/brands/rolls-royce-service-dubai/oil-change,,RETAIN POLICY,NO,"Approved source records reconciled with rendered route; supporting links are observed relationships, not competing primary assignments. "
/ar/brands/rolls-royce-service-dubai/body-repair,ar,brand-service,"Commercial repair: dents, damaged paint, refinishing and collision work",INDEX,"index, follow, max-image-preview:large",https://digitecme.com/ar/brands/rolls-royce-service-dubai/body-repair,PASS,YES,Existing policy; validate reciprocal destinations,HIGH,"No query × page evidence supplied | Measured queries support intent only, not historical URL",/ar/brands/rolls-royce-service-dubai/oil-change,,RETAIN POLICY,NO,"Approved source records reconciled with rendered route; supporting links are observed relationships, not competing primary assignments. "
/ar/brands/rolls-royce-service-dubai/brake-repair,ar,brand-service,إصلاح الفرامل Rolls-Royce في دبي,INDEX,"index, follow, max-image-preview:large",https://digitecme.com/ar/brands/rolls-royce-service-dubai/brake-repair,PASS,YES,Existing policy; validate reciprocal destinations,HIGH,No query × page evidence supplied,/ar/brands/rolls-royce-service-dubai/oil-change,,RETAIN POLICY,NO,"Approved source records reconciled with rendered route; supporting links are observed relationships, not competing primary assignments. "
/ar/brands/rolls-royce-service-dubai/electrical-repair,ar,brand-service,إصلاح الكهرباء Rolls-Royce في دبي,INDEX,"index, follow, max-image-preview:large",https://digitecme.com/ar/brands/rolls-royce-service-dubai/electrical-repair,PASS,YES,Existing policy; validate reciprocal destinations,HIGH,No query × page evidence supplied,/ar/brands/rolls-royce-service-dubai/oil-change,,RETAIN POLICY,NO,"Approved source records reconciled with rendered route; supporting links are observed relationships, not competing primary assignments. "
/ar/brands/rolls-royce-service-dubai/engine-diagnostics,ar,brand-service,تشخيص المحرك Rolls-Royce في دبي,INDEX,"index, follow, max-image-preview:large",https://digitecme.com/ar/brands/rolls-royce-service-dubai/engine-diagnostics,PASS,YES,Existing policy; validate reciprocal destinations,HIGH,No query × page evidence supplied,/ar/brands/rolls-royce-service-dubai/oil-change,,RETAIN POLICY,NO,"Approved source records reconciled with rendered route; supporting links are observed relationships, not competing primary assignments. "
/ar/brands/rolls-royce-service-dubai/exhaust-repair,ar,brand-service,إصلاح العادم Rolls-Royce في دبي,INDEX,"index, follow, max-image-preview:large",https://digitecme.com/ar/brands/rolls-royce-service-dubai/exhaust-repair,PASS,YES,Existing policy; validate reciprocal destinations,HIGH,No query × page evidence supplied,/ar/brands/rolls-royce-service-dubai/oil-change,,RETAIN POLICY,NO,"Approved source records reconciled with rendered route; supporting links are observed relationships, not competing primary assignments. "
/ar/brands/rolls-royce-service-dubai/fuel-system-repair,ar,brand-service,إصلاح نظام الوقود Rolls-Royce في دبي,INDEX,"index, follow, max-image-preview:large",https://digitecme.com/ar/brands/rolls-royce-service-dubai/fuel-system-repair,PASS,YES,Existing policy; validate reciprocal destinations,HIGH,No query × page evidence supplied,/ar/brands/rolls-royce-service-dubai/oil-change,,RETAIN POLICY,NO,"Approved source records reconciled with rendered route; supporting links are observed relationships, not competing primary assignments. "
/ar/brands/rolls-royce-service-dubai/mechanical-repair,ar,brand-service,الإصلاح الميكانيكي Rolls-Royce في دبي,INDEX,"index, follow, max-image-preview:large",https://digitecme.com/ar/brands/rolls-royce-service-dubai/mechanical-repair,PASS,YES,Existing policy; validate reciprocal destinations,HIGH,No query × page evidence supplied,/ar/brands/rolls-royce-service-dubai/oil-change,,RETAIN POLICY,NO,"Approved source records reconciled with rendered route; supporting links are observed relationships, not competing primary assignments. "
/ar/brands/rolls-royce-service-dubai/oil-change,ar,brand-service,تغيير الزيت Rolls-Royce في دبي,INDEX,"index, follow, max-image-preview:large",https://digitecme.com/ar/brands/rolls-royce-service-dubai/oil-change,PASS,YES,Existing policy; validate reciprocal destinations,HIGH,No query × page evidence supplied,/ar/brands/rolls-royce-service-dubai/brake-repair,,RETAIN POLICY,NO,"Approved source records reconciled with rendered route; supporting links are observed relationships, not competing primary assignments. "
/ar/brands/rolls-royce-service-dubai/steering-repair,ar,brand-service,إصلاح نظام التوجيه Rolls-Royce في دبي,INDEX,"index, follow, max-image-preview:large",https://digitecme.com/ar/brands/rolls-royce-service-dubai/steering-repair,PASS,YES,Existing policy; validate reciprocal destinations,HIGH,No query × page evidence supplied,/ar/brands/rolls-royce-service-dubai/oil-change,,RETAIN POLICY,NO,"Approved source records reconciled with rendered route; supporting links are observed relationships, not competing primary assignments. "
/ar/brands/rolls-royce-service-dubai/suspension-repair,ar,brand-service,إصلاح التعليق Rolls-Royce في دبي,INDEX,"index, follow, max-image-preview:large",https://digitecme.com/ar/brands/rolls-royce-service-dubai/suspension-repair,PASS,YES,Existing policy; validate reciprocal destinations,HIGH,No query × page evidence supplied,/ar/brands/rolls-royce-service-dubai/oil-change,,RETAIN POLICY,NO,"Approved source records reconciled with rendered route; supporting links are observed relationships, not competing primary assignments. "
/ar/brands/rolls-royce-service-dubai/tire-repair,ar,brand-service,إصلاح الإطارات Rolls-Royce في دبي,INDEX,"index, follow, max-image-preview:large",https://digitecme.com/ar/brands/rolls-royce-service-dubai/tire-repair,PASS,YES,Existing policy; validate reciprocal destinations,HIGH,No query × page evidence supplied,/ar/brands/rolls-royce-service-dubai/oil-change,,RETAIN POLICY,NO,"Approved source records reconciled with rendered route; supporting links are observed relationships, not competing primary assignments. "
/ar/brands/rolls-royce-service-dubai/transmission-repair,ar,brand-service,إصلاح ناقل الحركة Rolls-Royce في دبي,INDEX,"index, follow, max-image-preview:large",https://digitecme.com/ar/brands/rolls-royce-service-dubai/transmission-repair,PASS,YES,Existing policy; validate reciprocal destinations,HIGH,No query × page evidence supplied,/ar/brands/rolls-royce-service-dubai/oil-change,,RETAIN POLICY,NO,"Approved source records reconciled with rendered route; supporting links are observed relationships, not competing primary assignments. "
/ar/brands/rox-service-dubai,ar,brand,ROX للإصلاح والصيانة في دبي,INDEX,"index, follow, max-image-preview:large",https://digitecme.com/ar/brands/rox-service-dubai,PASS,YES,Existing policy; validate reciprocal destinations,HIGH,No query × landing-page join supplied,/ar/brands/rox-service-dubai/oil-change,,RETAIN POLICY,NO,"Approved source records reconciled with rendered route; supporting links are observed relationships, not competing primary assignments. "
/ar/brands/rox-service-dubai/ac-repair,ar,brand-service,إصلاح التكييف ROX في دبي,INDEX,"index, follow, max-image-preview:large",https://digitecme.com/ar/brands/rox-service-dubai/ac-repair,PASS,YES,Existing policy; validate reciprocal destinations,HIGH,No query × landing-page join supplied,/ar/brands/rox-service-dubai/oil-change,,RETAIN POLICY,NO,"Approved source records reconciled with rendered route; supporting links are observed relationships, not competing primary assignments. "
/ar/brands/rox-service-dubai/battery-replacement,ar,brand-service,تبديل البطارية ROX في دبي,NOINDEX,"noindex, follow",https://digitecme.com/ar/brands/rox-service-dubai/battery-replacement,PASS,NO,Existing policy; validate reciprocal destinations,HIGH,No query × landing-page join supplied,/ar/brands/rox-service-dubai/oil-change,,RETAIN POLICY,NO,"Approved source records reconciled with rendered route; supporting links are observed relationships, not competing primary assignments. Noindex support role retained; not a search-primary target."
/ar/brands/rox-service-dubai/body-repair,ar,brand-service,"Commercial repair: dents, damaged paint, refinishing and collision work",NOINDEX,"noindex, follow",https://digitecme.com/ar/brands/rox-service-dubai/body-repair,PASS,NO,Existing policy; validate reciprocal destinations,HIGH,"No query × landing-page join supplied | Measured queries support intent only, not historical URL",/ar/brands/rox-service-dubai/oil-change,,RETAIN POLICY,NO,"Approved source records reconciled with rendered route; supporting links are observed relationships, not competing primary assignments. Noindex support role retained; not a search-primary target."
/ar/brands/rox-service-dubai/brake-repair,ar,brand-service,إصلاح الفرامل ROX في دبي,INDEX,"index, follow, max-image-preview:large",https://digitecme.com/ar/brands/rox-service-dubai/brake-repair,PASS,YES,Existing policy; validate reciprocal destinations,HIGH,No query × landing-page join supplied,/ar/brands/rox-service-dubai/oil-change,,RETAIN POLICY,NO,"Approved source records reconciled with rendered route; supporting links are observed relationships, not competing primary assignments. "
/ar/brands/rox-service-dubai/electrical-repair,ar,brand-service,إصلاح الكهرباء ROX في دبي,NOINDEX,"noindex, follow",https://digitecme.com/ar/brands/rox-service-dubai/electrical-repair,PASS,NO,Existing policy; validate reciprocal destinations,HIGH,No query × landing-page join supplied,/ar/brands/rox-service-dubai/oil-change,,RETAIN POLICY,NO,"Approved source records reconciled with rendered route; supporting links are observed relationships, not competing primary assignments. Noindex support role retained; not a search-primary target."
/ar/brands/rox-service-dubai/engine-diagnostics,ar,brand-service,فحص أعطال ROX 01 في دبي,INDEX,"index, follow, max-image-preview:large",https://digitecme.com/ar/brands/rox-service-dubai/engine-diagnostics,PASS,YES,Existing policy; validate reciprocal destinations,HIGH,No query × landing-page join supplied,/ar/brands/rox-service-dubai/oil-change,,RETAIN POLICY,NO,"Approved source records reconciled with rendered route; supporting links are observed relationships, not competing primary assignments. "
/ar/brands/rox-service-dubai/exhaust-repair,ar,brand-service,إصلاح العادم ROX في دبي,NOINDEX,"noindex, follow",https://digitecme.com/ar/brands/rox-service-dubai/exhaust-repair,PASS,NO,Existing policy; validate reciprocal destinations,HIGH,No query × landing-page join supplied,/ar/brands/rox-service-dubai/oil-change,,RETAIN POLICY,NO,"Approved source records reconciled with rendered route; supporting links are observed relationships, not competing primary assignments. Noindex support role retained; not a search-primary target."
/ar/brands/rox-service-dubai/fuel-system-repair,ar,brand-service,إصلاح نظام الوقود ROX في دبي,NOINDEX,"noindex, follow",https://digitecme.com/ar/brands/rox-service-dubai/fuel-system-repair,PASS,NO,Existing policy; validate reciprocal destinations,HIGH,No query × landing-page join supplied,/ar/brands/rox-service-dubai/oil-change,,RETAIN POLICY,NO,"Approved source records reconciled with rendered route; supporting links are observed relationships, not competing primary assignments. Noindex support role retained; not a search-primary target."
/ar/brands/rox-service-dubai/mechanical-repair,ar,brand-service,الإصلاح الميكانيكي ROX في دبي,NOINDEX,"noindex, follow",https://digitecme.com/ar/brands/rox-service-dubai/mechanical-repair,PASS,NO,Existing policy; validate reciprocal destinations,HIGH,No query × landing-page join supplied,/ar/brands/rox-service-dubai/oil-change,,RETAIN POLICY,NO,"Approved source records reconciled with rendered route; supporting links are observed relationships, not competing primary assignments. Noindex support role retained; not a search-primary target."
/ar/brands/rox-service-dubai/oil-change,ar,brand-service,خدمة زيت محرك مولد المدى ROX 01 في دبي,INDEX,"index, follow, max-image-preview:large",https://digitecme.com/ar/brands/rox-service-dubai/oil-change,PASS,YES,Existing policy; validate reciprocal destinations,HIGH,No query × landing-page join supplied,/ar/brands/rox-service-dubai/brake-repair,,RETAIN POLICY,NO,"Approved source records reconciled with rendered route; supporting links are observed relationships, not competing primary assignments. "
/ar/brands/rox-service-dubai/soft-close-door-installation,ar,brand-service,تركيب الإغلاق الناعم لأبواب ROX 01 في دبي,NOINDEX,"noindex, follow",https://digitecme.com/ar/brands/rox-service-dubai/soft-close-door-installation,PASS,NO,Existing policy; validate reciprocal destinations,HIGH,No query × landing-page join supplied,/ar/brands/rox-service-dubai/oil-change,,RETAIN POLICY,NO,"Approved source records reconciled with rendered route; supporting links are observed relationships, not competing primary assignments. Noindex support role retained; not a search-primary target."
/ar/brands/rox-service-dubai/steering-repair,ar,brand-service,إصلاح نظام التوجيه ROX في دبي,NOINDEX,"noindex, follow",https://digitecme.com/ar/brands/rox-service-dubai/steering-repair,PASS,NO,Existing policy; validate reciprocal destinations,HIGH,No query × landing-page join supplied,/ar/brands/rox-service-dubai/oil-change,,RETAIN POLICY,NO,"Approved source records reconciled with rendered route; supporting links are observed relationships, not competing primary assignments. Noindex support role retained; not a search-primary target."
/ar/brands/rox-service-dubai/suspension-repair,ar,brand-service,إصلاح التعليق ROX في دبي,NOINDEX,"noindex, follow",https://digitecme.com/ar/brands/rox-service-dubai/suspension-repair,PASS,NO,Existing policy; validate reciprocal destinations,HIGH,No query × landing-page join supplied,/ar/brands/rox-service-dubai/oil-change,,RETAIN POLICY,NO,"Approved source records reconciled with rendered route; supporting links are observed relationships, not competing primary assignments. Noindex support role retained; not a search-primary target."
/ar/brands/rox-service-dubai/tire-repair,ar,brand-service,إصلاح الإطارات ROX في دبي,NOINDEX,"noindex, follow",https://digitecme.com/ar/brands/rox-service-dubai/tire-repair,PASS,NO,Existing policy; validate reciprocal destinations,HIGH,No query × landing-page join supplied,/ar/brands/rox-service-dubai/oil-change,,RETAIN POLICY,NO,"Approved source records reconciled with rendered route; supporting links are observed relationships, not competing primary assignments. Noindex support role retained; not a search-primary target."
/ar/brands/rox-service-dubai/transmission-repair,ar,brand-service,إصلاح ناقل الحركة ROX في دبي,NOINDEX,"noindex, follow",https://digitecme.com/ar/brands/rox-service-dubai/transmission-repair,PASS,NO,Existing policy; validate reciprocal destinations,HIGH,No query × landing-page join supplied,/ar/brands/rox-service-dubai/oil-change,,RETAIN POLICY,NO,"Approved source records reconciled with rendered route; supporting links are observed relationships, not competing primary assignments. Noindex support role retained; not a search-primary target."
/ar/brands/subaru-service-dubai,ar,brand,Subaru للإصلاح والصيانة في دبي,INDEX,"index, follow, max-image-preview:large",https://digitecme.com/ar/brands/subaru-service-dubai,PASS,YES,Existing policy; validate reciprocal destinations,HIGH,,/ar/brands/subaru-service-dubai/oil-change,,RETAIN POLICY,NO,"Approved source records reconciled with rendered route; supporting links are observed relationships, not competing primary assignments. "
/ar/brands/subaru-service-dubai/ac-repair,ar,brand-service,إصلاح التكييف Subaru في دبي,INDEX,"index, follow, max-image-preview:large",https://digitecme.com/ar/brands/subaru-service-dubai/ac-repair,PASS,YES,Existing policy; validate reciprocal destinations,HIGH,,/ar/brands/subaru-service-dubai/oil-change,,RETAIN POLICY,NO,"Approved source records reconciled with rendered route; supporting links are observed relationships, not competing primary assignments. "
/ar/brands/subaru-service-dubai/brake-repair,ar,brand-service,إصلاح الفرامل Subaru في دبي,INDEX,"index, follow, max-image-preview:large",https://digitecme.com/ar/brands/subaru-service-dubai/brake-repair,PASS,YES,Existing policy; validate reciprocal destinations,HIGH,,/ar/brands/subaru-service-dubai/oil-change,,RETAIN POLICY,NO,"Approved source records reconciled with rendered route; supporting links are observed relationships, not competing primary assignments. "
/ar/brands/subaru-service-dubai/engine-diagnostics,ar,brand-service,تشخيص المحرك Subaru في دبي,INDEX,"index, follow, max-image-preview:large",https://digitecme.com/ar/brands/subaru-service-dubai/engine-diagnostics,PASS,YES,Existing policy; validate reciprocal destinations,HIGH,,/ar/brands/subaru-service-dubai/oil-change,,RETAIN POLICY,NO,"Approved source records reconciled with rendered route; supporting links are observed relationships, not competing primary assignments. "
/ar/brands/subaru-service-dubai/oil-change,ar,brand-service,تغيير الزيت Subaru في دبي,INDEX,"index, follow, max-image-preview:large",https://digitecme.com/ar/brands/subaru-service-dubai/oil-change,PASS,YES,Existing policy; validate reciprocal destinations,HIGH,,/ar/brands/subaru-service-dubai/brake-repair,,RETAIN POLICY,NO,"Approved source records reconciled with rendered route; supporting links are observed relationships, not competing primary assignments. "
/ar/brands/subaru-service-dubai/suspension-repair,ar,brand-service,إصلاح التعليق Subaru في دبي,NOINDEX,"noindex, follow",https://digitecme.com/ar/brands/subaru-service-dubai/suspension-repair,PASS,NO,Existing policy; validate reciprocal destinations,HIGH,,/ar/brands/subaru-service-dubai/oil-change,,RETAIN POLICY,NO,"Approved source records reconciled with rendered route; supporting links are observed relationships, not competing primary assignments. Noindex support role retained; not a search-primary target."
/ar/brands/subaru-service-dubai/transmission-repair,ar,brand-service,إصلاح ناقل الحركة Subaru في دبي,NOINDEX,"noindex, follow",https://digitecme.com/ar/brands/subaru-service-dubai/transmission-repair,PASS,NO,Existing policy; validate reciprocal destinations,HIGH,,/ar/brands/subaru-service-dubai/oil-change,,RETAIN POLICY,NO,"Approved source records reconciled with rendered route; supporting links are observed relationships, not competing primary assignments. Noindex support role retained; not a search-primary target."
/ar/brands/tesla-service-dubai,ar,brand,Tesla للإصلاح والصيانة في دبي,INDEX,"index, follow, max-image-preview:large",https://digitecme.com/ar/brands/tesla-service-dubai,PASS,YES,Existing policy; validate reciprocal destinations,HIGH,,/ar/brands/tesla-service-dubai/brake-repair,,RETAIN POLICY,NO,"Approved source records reconciled with rendered route; supporting links are observed relationships, not competing primary assignments. "
/ar/brands/tesla-service-dubai/ac-repair,ar,brand-service,إصلاح التكييف Tesla في دبي,INDEX,"index, follow, max-image-preview:large",https://digitecme.com/ar/brands/tesla-service-dubai/ac-repair,PASS,YES,Existing policy; validate reciprocal destinations,HIGH,,/ar/brands/tesla-service-dubai/brake-repair,,RETAIN POLICY,NO,"Approved source records reconciled with rendered route; supporting links are observed relationships, not competing primary assignments. "
/ar/brands/tesla-service-dubai/battery-replacement,ar,brand-service,تبديل البطارية Tesla في دبي,NOINDEX,"noindex, follow",https://digitecme.com/ar/brands/tesla-service-dubai/battery-replacement,PASS,NO,Existing policy; validate reciprocal destinations,HIGH,,/ar/brands/tesla-service-dubai/brake-repair,,RETAIN POLICY,NO,"Approved source records reconciled with rendered route; supporting links are observed relationships, not competing primary assignments. Noindex support role retained; not a search-primary target."
/ar/brands/tesla-service-dubai/body-repair,ar,brand-service,"Commercial repair: dents, damaged paint, refinishing and collision work",NOINDEX,"noindex, follow",https://digitecme.com/ar/brands/tesla-service-dubai/body-repair,PASS,NO,Existing policy; validate reciprocal destinations,HIGH,"Measured queries support intent only, not historical URL",/ar/brands/tesla-service-dubai/brake-repair,,RETAIN POLICY,NO,"Approved source records reconciled with rendered route; supporting links are observed relationships, not competing primary assignments. Noindex support role retained; not a search-primary target."
/ar/brands/tesla-service-dubai/brake-repair,ar,brand-service,إصلاح الفرامل Tesla في دبي,INDEX,"index, follow, max-image-preview:large",https://digitecme.com/ar/brands/tesla-service-dubai/brake-repair,PASS,YES,Existing policy; validate reciprocal destinations,HIGH,,/ar/brands/tesla-service-dubai/ac-repair,,RETAIN POLICY,NO,"Approved source records reconciled with rendered route; supporting links are observed relationships, not competing primary assignments. "
/ar/brands/tesla-service-dubai/electrical-repair,ar,brand-service,إصلاح الكهرباء Tesla في دبي,NOINDEX,"noindex, follow",https://digitecme.com/ar/brands/tesla-service-dubai/electrical-repair,PASS,NO,Existing policy; validate reciprocal destinations,HIGH,,/ar/brands/tesla-service-dubai/brake-repair,,RETAIN POLICY,NO,"Approved source records reconciled with rendered route; supporting links are observed relationships, not competing primary assignments. Noindex support role retained; not a search-primary target."
/ar/brands/tesla-service-dubai/mechanical-repair,ar,brand-service,الإصلاح الميكانيكي Tesla في دبي,NOINDEX,"noindex, follow",https://digitecme.com/ar/brands/tesla-service-dubai/mechanical-repair,PASS,NO,Existing policy; validate reciprocal destinations,HIGH,,/ar/brands/tesla-service-dubai/brake-repair,,RETAIN POLICY,NO,"Approved source records reconciled with rendered route; supporting links are observed relationships, not competing primary assignments. Noindex support role retained; not a search-primary target."
/ar/brands/tesla-service-dubai/steering-repair,ar,brand-service,إصلاح نظام التوجيه Tesla في دبي,NOINDEX,"noindex, follow",https://digitecme.com/ar/brands/tesla-service-dubai/steering-repair,PASS,NO,Existing policy; validate reciprocal destinations,HIGH,,/ar/brands/tesla-service-dubai/brake-repair,,RETAIN POLICY,NO,"Approved source records reconciled with rendered route; supporting links are observed relationships, not competing primary assignments. Noindex support role retained; not a search-primary target."
/ar/brands/tesla-service-dubai/suspension-repair,ar,brand-service,إصلاح التعليق Tesla في دبي,NOINDEX,"noindex, follow",https://digitecme.com/ar/brands/tesla-service-dubai/suspension-repair,PASS,NO,Existing policy; validate reciprocal destinations,HIGH,,/ar/brands/tesla-service-dubai/brake-repair,,RETAIN POLICY,NO,"Approved source records reconciled with rendered route; supporting links are observed relationships, not competing primary assignments. Noindex support role retained; not a search-primary target."
/ar/brands/tesla-service-dubai/tire-repair,ar,brand-service,إصلاح الإطارات Tesla في دبي,NOINDEX,"noindex, follow",https://digitecme.com/ar/brands/tesla-service-dubai/tire-repair,PASS,NO,Existing policy; validate reciprocal destinations,HIGH,,/ar/brands/tesla-service-dubai/brake-repair,,RETAIN POLICY,NO,"Approved source records reconciled with rendered route; supporting links are observed relationships, not competing primary assignments. Noindex support role retained; not a search-primary target."
/ar/brands/volkswagen-service-dubai,ar,brand,Volkswagen للإصلاح والصيانة في دبي,INDEX,"index, follow, max-image-preview:large",https://digitecme.com/ar/brands/volkswagen-service-dubai,PASS,YES,Existing policy; validate reciprocal destinations,HIGH,No query × landing-page join supplied,/ar/brands/volkswagen-service-dubai/oil-change,,RETAIN POLICY,NO,"Approved source records reconciled with rendered route; supporting links are observed relationships, not competing primary assignments. "
/ar/brands/volkswagen-service-dubai/ac-repair,ar,brand-service,إصلاح التكييف Volkswagen في دبي,INDEX,"index, follow, max-image-preview:large",https://digitecme.com/ar/brands/volkswagen-service-dubai/ac-repair,PASS,YES,Existing policy; validate reciprocal destinations,HIGH,No query × landing-page join supplied,/ar/brands/volkswagen-service-dubai/oil-change,,RETAIN POLICY,NO,"Approved source records reconciled with rendered route; supporting links are observed relationships, not competing primary assignments. "
/ar/brands/volkswagen-service-dubai/battery-replacement,ar,brand-service,تبديل البطارية Volkswagen في دبي,NOINDEX,"noindex, follow",https://digitecme.com/ar/brands/volkswagen-service-dubai/battery-replacement,PASS,NO,Existing policy; validate reciprocal destinations,HIGH,No query × landing-page join supplied,/ar/brands/volkswagen-service-dubai/oil-change,,RETAIN POLICY,NO,"Approved source records reconciled with rendered route; supporting links are observed relationships, not competing primary assignments. Noindex support role retained; not a search-primary target."
/ar/brands/volkswagen-service-dubai/body-repair,ar,brand-service,"Commercial repair: dents, damaged paint, refinishing and collision work",NOINDEX,"noindex, follow",https://digitecme.com/ar/brands/volkswagen-service-dubai/body-repair,PASS,NO,Existing policy; validate reciprocal destinations,HIGH,"No query × landing-page join supplied | Measured queries support intent only, not historical URL",/ar/brands/volkswagen-service-dubai/oil-change,,RETAIN POLICY,NO,"Approved source records reconciled with rendered route; supporting links are observed relationships, not competing primary assignments. Noindex support role retained; not a search-primary target."
/ar/brands/volkswagen-service-dubai/brake-repair,ar,brand-service,إصلاح الفرامل Volkswagen في دبي,INDEX,"index, follow, max-image-preview:large",https://digitecme.com/ar/brands/volkswagen-service-dubai/brake-repair,PASS,YES,Existing policy; validate reciprocal destinations,HIGH,No query × landing-page join supplied,/ar/brands/volkswagen-service-dubai/oil-change,,RETAIN POLICY,NO,"Approved source records reconciled with rendered route; supporting links are observed relationships, not competing primary assignments. "
/ar/brands/volkswagen-service-dubai/electrical-repair,ar,brand-service,إصلاح الكهرباء Volkswagen في دبي,NOINDEX,"noindex, follow",https://digitecme.com/ar/brands/volkswagen-service-dubai/electrical-repair,PASS,NO,Existing policy; validate reciprocal destinations,HIGH,No query × landing-page join supplied,/ar/brands/volkswagen-service-dubai/oil-change,,RETAIN POLICY,NO,"Approved source records reconciled with rendered route; supporting links are observed relationships, not competing primary assignments. Noindex support role retained; not a search-primary target."
/ar/brands/volkswagen-service-dubai/engine-diagnostics,ar,brand-service,تشخيص المحرك Volkswagen في دبي,INDEX,"index, follow, max-image-preview:large",https://digitecme.com/ar/brands/volkswagen-service-dubai/engine-diagnostics,PASS,YES,Existing policy; validate reciprocal destinations,HIGH,No query × landing-page join supplied,/ar/brands/volkswagen-service-dubai/oil-change,,RETAIN POLICY,NO,"Approved source records reconciled with rendered route; supporting links are observed relationships, not competing primary assignments. "
/ar/brands/volkswagen-service-dubai/exhaust-repair,ar,brand-service,إصلاح العادم Volkswagen في دبي,NOINDEX,"noindex, follow",https://digitecme.com/ar/brands/volkswagen-service-dubai/exhaust-repair,PASS,NO,Existing policy; validate reciprocal destinations,HIGH,No query × landing-page join supplied,/ar/brands/volkswagen-service-dubai/oil-change,,RETAIN POLICY,NO,"Approved source records reconciled with rendered route; supporting links are observed relationships, not competing primary assignments. Noindex support role retained; not a search-primary target."
/ar/brands/volkswagen-service-dubai/fuel-system-repair,ar,brand-service,إصلاح نظام الوقود Volkswagen في دبي,NOINDEX,"noindex, follow",https://digitecme.com/ar/brands/volkswagen-service-dubai/fuel-system-repair,PASS,NO,Existing policy; validate reciprocal destinations,HIGH,No query × landing-page join supplied,/ar/brands/volkswagen-service-dubai/oil-change,,RETAIN POLICY,NO,"Approved source records reconciled with rendered route; supporting links are observed relationships, not competing primary assignments. Noindex support role retained; not a search-primary target."
/ar/brands/volkswagen-service-dubai/mechanical-repair,ar,brand-service,الإصلاح الميكانيكي Volkswagen في دبي,NOINDEX,"noindex, follow",https://digitecme.com/ar/brands/volkswagen-service-dubai/mechanical-repair,PASS,NO,Existing policy; validate reciprocal destinations,HIGH,No query × landing-page join supplied,/ar/brands/volkswagen-service-dubai/oil-change,,RETAIN POLICY,NO,"Approved source records reconciled with rendered route; supporting links are observed relationships, not competing primary assignments. Noindex support role retained; not a search-primary target."
/ar/brands/volkswagen-service-dubai/oil-change,ar,brand-service,تغيير الزيت Volkswagen في دبي,INDEX,"index, follow, max-image-preview:large",https://digitecme.com/ar/brands/volkswagen-service-dubai/oil-change,PASS,YES,Existing policy; validate reciprocal destinations,HIGH,No query × landing-page join supplied,/ar/brands/volkswagen-service-dubai/brake-repair,,RETAIN POLICY,NO,"Approved source records reconciled with rendered route; supporting links are observed relationships, not competing primary assignments. "
/ar/brands/volkswagen-service-dubai/steering-repair,ar,brand-service,إصلاح نظام التوجيه Volkswagen في دبي,NOINDEX,"noindex, follow",https://digitecme.com/ar/brands/volkswagen-service-dubai/steering-repair,PASS,NO,Existing policy; validate reciprocal destinations,HIGH,No query × landing-page join supplied,/ar/brands/volkswagen-service-dubai/oil-change,,RETAIN POLICY,NO,"Approved source records reconciled with rendered route; supporting links are observed relationships, not competing primary assignments. Noindex support role retained; not a search-primary target."
/ar/brands/volkswagen-service-dubai/suspension-repair,ar,brand-service,إصلاح التعليق Volkswagen في دبي,NOINDEX,"noindex, follow",https://digitecme.com/ar/brands/volkswagen-service-dubai/suspension-repair,PASS,NO,Existing policy; validate reciprocal destinations,HIGH,No query × landing-page join supplied,/ar/brands/volkswagen-service-dubai/oil-change,,RETAIN POLICY,NO,"Approved source records reconciled with rendered route; supporting links are observed relationships, not competing primary assignments. Noindex support role retained; not a search-primary target."
/ar/brands/volkswagen-service-dubai/tire-repair,ar,brand-service,إصلاح الإطارات Volkswagen في دبي,NOINDEX,"noindex, follow",https://digitecme.com/ar/brands/volkswagen-service-dubai/tire-repair,PASS,NO,Existing policy; validate reciprocal destinations,HIGH,No query × landing-page join supplied,/ar/brands/volkswagen-service-dubai/oil-change,,RETAIN POLICY,NO,"Approved source records reconciled with rendered route; supporting links are observed relationships, not competing primary assignments. Noindex support role retained; not a search-primary target."
/ar/brands/volkswagen-service-dubai/transmission-repair,ar,brand-service,إصلاح ناقل الحركة Volkswagen في دبي,NOINDEX,"noindex, follow",https://digitecme.com/ar/brands/volkswagen-service-dubai/transmission-repair,PASS,NO,Existing policy; validate reciprocal destinations,HIGH,No query × landing-page join supplied,/ar/brands/volkswagen-service-dubai/oil-change,,RETAIN POLICY,NO,"Approved source records reconciled with rendered route; supporting links are observed relationships, not competing primary assignments. Noindex support role retained; not a search-primary target."
/ar/brands/volvo-service-dubai,ar,brand,Volvo للإصلاح والصيانة في دبي,INDEX,"index, follow, max-image-preview:large",https://digitecme.com/ar/brands/volvo-service-dubai,PASS,YES,Existing policy; validate reciprocal destinations,HIGH,,/ar/brands/volvo-service-dubai/oil-change,,RETAIN POLICY,NO,"Approved source records reconciled with rendered route; supporting links are observed relationships, not competing primary assignments. "
/ar/brands/volvo-service-dubai/ac-repair,ar,brand-service,إصلاح التكييف Volvo في دبي,INDEX,"index, follow, max-image-preview:large",https://digitecme.com/ar/brands/volvo-service-dubai/ac-repair,PASS,YES,Existing policy; validate reciprocal destinations,HIGH,,/ar/brands/volvo-service-dubai/oil-change,,RETAIN POLICY,NO,"Approved source records reconciled with rendered route; supporting links are observed relationships, not competing primary assignments. "
/ar/brands/volvo-service-dubai/battery-replacement,ar,brand-service,تبديل البطارية Volvo في دبي,NOINDEX,"noindex, follow",https://digitecme.com/ar/brands/volvo-service-dubai/battery-replacement,PASS,NO,Existing policy; validate reciprocal destinations,HIGH,,/ar/brands/volvo-service-dubai/oil-change,,RETAIN POLICY,NO,"Approved source records reconciled with rendered route; supporting links are observed relationships, not competing primary assignments. Noindex support role retained; not a search-primary target."
/ar/brands/volvo-service-dubai/body-repair,ar,brand-service,"Commercial repair: dents, damaged paint, refinishing and collision work",NOINDEX,"noindex, follow",https://digitecme.com/ar/brands/volvo-service-dubai/body-repair,PASS,NO,Existing policy; validate reciprocal destinations,HIGH,"Measured queries support intent only, not historical URL",/ar/brands/volvo-service-dubai/oil-change,,RETAIN POLICY,NO,"Approved source records reconciled with rendered route; supporting links are observed relationships, not competing primary assignments. Noindex support role retained; not a search-primary target."
/ar/brands/volvo-service-dubai/brake-repair,ar,brand-service,إصلاح الفرامل Volvo في دبي,INDEX,"index, follow, max-image-preview:large",https://digitecme.com/ar/brands/volvo-service-dubai/brake-repair,PASS,YES,Existing policy; validate reciprocal destinations,HIGH,,/ar/brands/volvo-service-dubai/oil-change,,RETAIN POLICY,NO,"Approved source records reconciled with rendered route; supporting links are observed relationships, not competing primary assignments. "
/ar/brands/volvo-service-dubai/electrical-repair,ar,brand-service,إصلاح الكهرباء Volvo في دبي,NOINDEX,"noindex, follow",https://digitecme.com/ar/brands/volvo-service-dubai/electrical-repair,PASS,NO,Existing policy; validate reciprocal destinations,HIGH,,/ar/brands/volvo-service-dubai/oil-change,,RETAIN POLICY,NO,"Approved source records reconciled with rendered route; supporting links are observed relationships, not competing primary assignments. Noindex support role retained; not a search-primary target."
/ar/brands/volvo-service-dubai/engine-diagnostics,ar,brand-service,تشخيص المحرك Volvo في دبي,INDEX,"index, follow, max-image-preview:large",https://digitecme.com/ar/brands/volvo-service-dubai/engine-diagnostics,PASS,YES,Existing policy; validate reciprocal destinations,HIGH,,/ar/brands/volvo-service-dubai/oil-change,,RETAIN POLICY,NO,"Approved source records reconciled with rendered route; supporting links are observed relationships, not competing primary assignments. "
/ar/brands/volvo-service-dubai/exhaust-repair,ar,brand-service,إصلاح العادم Volvo في دبي,NOINDEX,"noindex, follow",https://digitecme.com/ar/brands/volvo-service-dubai/exhaust-repair,PASS,NO,Existing policy; validate reciprocal destinations,HIGH,,/ar/brands/volvo-service-dubai/oil-change,,RETAIN POLICY,NO,"Approved source records reconciled with rendered route; supporting links are observed relationships, not competing primary assignments. Noindex support role retained; not a search-primary target."
/ar/brands/volvo-service-dubai/fuel-system-repair,ar,brand-service,إصلاح نظام الوقود Volvo في دبي,NOINDEX,"noindex, follow",https://digitecme.com/ar/brands/volvo-service-dubai/fuel-system-repair,PASS,NO,Existing policy; validate reciprocal destinations,HIGH,,/ar/brands/volvo-service-dubai/oil-change,,RETAIN POLICY,NO,"Approved source records reconciled with rendered route; supporting links are observed relationships, not competing primary assignments. Noindex support role retained; not a search-primary target."
/ar/brands/volvo-service-dubai/mechanical-repair,ar,brand-service,الإصلاح الميكانيكي Volvo في دبي,NOINDEX,"noindex, follow",https://digitecme.com/ar/brands/volvo-service-dubai/mechanical-repair,PASS,NO,Existing policy; validate reciprocal destinations,HIGH,,/ar/brands/volvo-service-dubai/oil-change,,RETAIN POLICY,NO,"Approved source records reconciled with rendered route; supporting links are observed relationships, not competing primary assignments. Noindex support role retained; not a search-primary target."
/ar/brands/volvo-service-dubai/oil-change,ar,brand-service,تغيير الزيت Volvo في دبي,INDEX,"index, follow, max-image-preview:large",https://digitecme.com/ar/brands/volvo-service-dubai/oil-change,PASS,YES,Existing policy; validate reciprocal destinations,HIGH,,/ar/brands/volvo-service-dubai/brake-repair,,RETAIN POLICY,NO,"Approved source records reconciled with rendered route; supporting links are observed relationships, not competing primary assignments. "
/ar/brands/volvo-service-dubai/steering-repair,ar,brand-service,إصلاح نظام التوجيه Volvo في دبي,NOINDEX,"noindex, follow",https://digitecme.com/ar/brands/volvo-service-dubai/steering-repair,PASS,NO,Existing policy; validate reciprocal destinations,HIGH,,/ar/brands/volvo-service-dubai/oil-change,,RETAIN POLICY,NO,"Approved source records reconciled with rendered route; supporting links are observed relationships, not competing primary assignments. Noindex support role retained; not a search-primary target."
/ar/brands/volvo-service-dubai/suspension-repair,ar,brand-service,إصلاح التعليق Volvo في دبي,NOINDEX,"noindex, follow",https://digitecme.com/ar/brands/volvo-service-dubai/suspension-repair,PASS,NO,Existing policy; validate reciprocal destinations,HIGH,,/ar/brands/volvo-service-dubai/oil-change,,RETAIN POLICY,NO,"Approved source records reconciled with rendered route; supporting links are observed relationships, not competing primary assignments. Noindex support role retained; not a search-primary target."
/ar/brands/volvo-service-dubai/tire-repair,ar,brand-service,إصلاح الإطارات Volvo في دبي,NOINDEX,"noindex, follow",https://digitecme.com/ar/brands/volvo-service-dubai/tire-repair,PASS,NO,Existing policy; validate reciprocal destinations,HIGH,,/ar/brands/volvo-service-dubai/oil-change,,RETAIN POLICY,NO,"Approved source records reconciled with rendered route; supporting links are observed relationships, not competing primary assignments. Noindex support role retained; not a search-primary target."
/ar/brands/volvo-service-dubai/transmission-repair,ar,brand-service,إصلاح ناقل الحركة Volvo في دبي,NOINDEX,"noindex, follow",https://digitecme.com/ar/brands/volvo-service-dubai/transmission-repair,PASS,NO,Existing policy; validate reciprocal destinations,HIGH,,/ar/brands/volvo-service-dubai/oil-change,,RETAIN POLICY,NO,"Approved source records reconciled with rendered route; supporting links are observed relationships, not competing primary assignments. Noindex support role retained; not a search-primary target."
/ar/faq,ar,faq,الأسئلة الشائعة,INDEX,"index, follow, max-image-preview:large",https://digitecme.com/ar/faq,PASS,YES,Existing policy; validate reciprocal destinations,SUPPORT,,,,RETAIN POLICY,NO,"Approved source records reconciled with rendered route; supporting links are observed relationships, not competing primary assignments. "
/ar/services,ar,services-hub,Find a service,INDEX,"index, follow, max-image-preview:large",https://digitecme.com/ar/services,PASS,YES,Existing policy; validate reciprocal destinations,HIGH,No original query in the selected six-month export; other observations remain separately labelled,/ar/services/mechanical-repair-dubai,,RETAIN POLICY,NO,"Approved source records reconciled with rendered route; supporting links are observed relationships, not competing primary assignments. "
/ar/services/auto-electrical-repair-dubai,ar,service,Battery warning; Camera fault; Electrical symptoms; Screen / head-unit fault — commercial inspection/repair task; not a dedicated problem page,INDEX,"index, follow, max-image-preview:large",https://digitecme.com/ar/services/auto-electrical-repair-dubai,PASS,YES,Existing policy; validate reciprocal destinations,HIGH,"car electrical repair dubai: 396.0 impressions, 0 clicks, position 46.43 (2026-04-12 to 2026-09-25); car electrical services dubai: 169.0 impressions, 0 clicks, position 75.12 (2026-04-12 to 2026-09-25) | car electrical fault repair in dubai [2026-04-12 to 2026-09-25]; car electrical fault repair in dubai [2026-06-07 to 2026-09-06]; car electrical fault repair in dubai [2026-08-06 to 2026-09-02]; car electrical fault repair in dubai [2026-09-05 to 2026-09-11]; car electrical fault repair in dubai [2026-09-07 to 2026-09-13]; car electrical fault repair in dubai [2026-09-09 to 2026-09-15]",/ar/services/car-diagnostics-dubai,,RETAIN POLICY,NO,"Approved source records reconciled with rendered route; supporting links are observed relationships, not competing primary assignments. "
/ar/services/battery-replacement-dubai,ar,service,Low-voltage battery testing/fitting; registration only if applicable,INDEX,"index, follow, max-image-preview:large",https://digitecme.com/ar/services/battery-replacement-dubai,PASS,YES,Existing policy; validate reciprocal destinations,HIGH,"car battery replacement dubai: 409.0 impressions, 1.0 clicks, position 31.55 (2026-04-12 to 2026-09-25); battery replacement dubai: 361.0 impressions, 0 clicks, position 39.46 (2026-04-12 to 2026-09-25)",/ar/blog/car-battery-replacement-dubai,,RETAIN POLICY,NO,"Approved source records reconciled with rendered route; supporting links are observed relationships, not competing primary assignments. "
/ar/services/brake-repair-dubai,ar,service,Brake symptoms — commercial inspection/repair task; not a dedicated problem page,INDEX,"index, follow, max-image-preview:large",https://digitecme.com/ar/services/brake-repair-dubai,PASS,YES,Existing policy; validate reciprocal destinations,HIGH,"brake repair dubai: 395.0 impressions, 0 clicks, position 33.66 (2026-04-12 to 2026-09-25); frenos near me: 373.0 impressions, 0 clicks, position 9.94 (2026-04-12 to 2026-09-25) | No original query-level measured term assigned; editorial ownership only",/ar/blog/brake-repair-dubai,,RETAIN POLICY,NO,"Approved source records reconciled with rendered route; supporting links are observed relationships, not competing primary assignments. "
/ar/services/car-ac-repair-dubai,ar,service,AC cooling / airflow — commercial inspection/repair task; not a dedicated problem page,INDEX,"index, follow, max-image-preview:large",https://digitecme.com/ar/services/car-ac-repair-dubai,PASS,YES,Existing policy; validate reciprocal destinations,HIGH,"car ac repair dubai: 331.0 impressions, 0 clicks, position 24.74 (2026-04-12 to 2026-09-25); auto air con: 78.0 impressions, 0 clicks, position 55.99 (2026-04-12 to 2026-09-25) | No original query-level measured term assigned; editorial ownership only",/ar/blog/car-ac-repair-dubai,,RETAIN POLICY,NO,"Approved source records reconciled with rendered route; supporting links are observed relationships, not competing primary assignments. "
/ar/services/car-body-repair-dubai,ar,service,"Commercial repair: dents, damaged paint, refinishing and collision work",INDEX,"index, follow, max-image-preview:large",https://digitecme.com/ar/services/car-body-repair-dubai,PASS,YES,Existing policy; validate reciprocal destinations,HIGH,"car body repair dubai: 212.0 impressions, 0 clicks, position 32.52 (2026-04-12 to 2026-09-25); auto body repair dubai: 126.0 impressions, 0 clicks, position 58.77 (2026-04-12 to 2026-09-25) | Measured queries support intent only, not historical URL",/ar/services/paint-protection-dubai,,RETAIN POLICY,NO,"Approved source records reconciled with rendered route; supporting links are observed relationships, not competing primary assignments. "
/ar/services/car-diagnostics-dubai,ar,service,Check-engine warning; Misfire / rough idle; No-start; Power loss / boost; Vibration — commercial inspection/repair task; not a dedicated problem page,INDEX,"index, follow, max-image-preview:large",https://digitecme.com/ar/services/car-diagnostics-dubai,PASS,YES,Existing policy; validate reciprocal destinations,HIGH,"car diagnostic dubai: 209.0 impressions, 0 clicks, position 25.89 (2026-04-12 to 2026-09-25); fault code scanning dubai: 171.0 impressions, 0 clicks, position 20.98 (2026-04-12 to 2026-09-25) | check engine light diagnostic cost [2026-09-07 to 2026-09-13]; check engine light diagnostic cost [2026-09-09 to 2026-09-15]",/ar/services/auto-electrical-repair-dubai,,RETAIN POLICY,NO,"Approved source records reconciled with rendered route; supporting links are observed relationships, not competing primary assignments. "
/ar/services/car-garage-dubai,ar,service,Planning a workshop visit and approved repair scope,INDEX,"index, follow, max-image-preview:large",https://digitecme.com/ar/services/car-garage-dubai,PASS,YES,Existing policy; validate reciprocal destinations,HIGH,"best luxury car garages in dubai: 108.0 impressions, 0 clicks, position 42.77 (2026-04-12 to 2026-09-25); luxury car garage dubai: 47.0 impressions, 0 clicks, position 46.51 (2026-04-12 to 2026-09-25)",,,RETAIN POLICY,NO,"Approved source records reconciled with rendered route; supporting links are observed relationships, not competing primary assignments. "
/ar/services/car-service-dubai,ar,service,Scheduled maintenance beyond oil alone,INDEX,"index, follow, max-image-preview:large",https://digitecme.com/ar/services/car-service-dubai,PASS,YES,Existing policy; validate reciprocal destinations,HIGH,"car service package dubai: 198.0 impressions, 0 clicks, position 62.46 (2026-04-12 to 2026-09-25); car servicing package: 73.0 impressions, 0 clicks, position 62.85 (2026-04-12 to 2026-09-25)",/ar/services/mechanical-repair-dubai,,RETAIN POLICY,NO,"Approved source records reconciled with rendered route; supporting links are observed relationships, not competing primary assignments. "
/ar/services/ceramic-coating,ar,service,"Surface coating, preparation and quote enquiry",INDEX,"index, follow, max-image-preview:large",https://digitecme.com/ar/services/ceramic-coating,PASS,YES,Existing policy; validate reciprocal destinations,HIGH,"Measured queries support intent only, not historical URL",/ar/services/paint-protection-dubai,,RETAIN POLICY,NO,"Approved source records reconciled with rendered route; supporting links are observed relationships, not competing primary assignments. "
/ar/services/exhaust-repair-dubai,ar,service,Exhaust noise — commercial inspection/repair task; not a dedicated problem page,INDEX,"index, follow, max-image-preview:large",https://digitecme.com/ar/services/exhaust-repair-dubai,PASS,YES,Existing policy; validate reciprocal destinations,HIGH,"exhaust repair near me: 167.0 impressions, 0 clicks, position 9.06 (2026-04-12 to 2026-09-25); car exhaust cleaning services: 150.0 impressions, 0 clicks, position 19.12 (2026-04-12 to 2026-09-25) | No original query-level measured term assigned; editorial ownership only",/ar/services/mechanical-repair-dubai,,RETAIN POLICY,NO,"Approved source records reconciled with rendered route; supporting links are observed relationships, not competing primary assignments. "
/ar/services/fuel-system-repair-dubai,ar,service,Fuel-system checks and confirmed repair,INDEX,"index, follow, max-image-preview:large",https://digitecme.com/ar/services/fuel-system-repair-dubai,PASS,YES,Existing policy; validate reciprocal destinations,HIGH,"fuel system repair: 84.0 impressions, 1.0 clicks, position 7.04 (2026-04-12 to 2026-09-25); fuel pump servicing: 43.0 impressions, 0 clicks, position 12.51 (2026-04-12 to 2026-09-25)",/ar/services/car-diagnostics-dubai,,RETAIN POLICY,NO,"Approved source records reconciled with rendered route; supporting links are observed relationships, not competing primary assignments. "
/ar/services/garage-near-me-dubai,ar,service,"Al Quoz access and contact, not fictional local branches",INDEX,"index, follow, max-image-preview:large",https://digitecme.com/ar/services/garage-near-me-dubai,PASS,YES,Existing policy; validate reciprocal destinations,HIGH,"garage near me: 31.0 impressions, 1.0 clicks, position 16.61 (2026-04-12 to 2026-09-25)",,,RETAIN POLICY,NO,"Approved source records reconciled with rendered route; supporting links are observed relationships, not competing primary assignments. "
/ar/services/mechanical-repair-dubai,ar,service,Coolant leak; Engine noise; Oil leak; Oil pressure; Smoke — commercial inspection/repair task; not a dedicated problem page,INDEX,"index, follow, max-image-preview:large",https://digitecme.com/ar/services/mechanical-repair-dubai,PASS,YES,Existing policy; validate reciprocal destinations,HIGH,"mechanical repairs dubai: 28.0 impressions, 0 clicks, position 21.07 (2026-04-12 to 2026-09-25); specialist mechanical services: 25.0 impressions, 0 clicks, position 18.72 (2026-04-12 to 2026-09-25) | No original query-level measured term assigned; editorial ownership only",/ar/services/transmission-repair-dubai,,RETAIN POLICY,NO,"Approved source records reconciled with rendered route; supporting links are observed relationships, not competing primary assignments. "
/ar/services/mercedes-ac-repair-dubai,ar,service,Assess or book إصلاح مكيف مرسيدس في دبي ,INDEX,"index, follow, max-image-preview:large",https://digitecme.com/ar/services/mercedes-ac-repair-dubai,PASS,YES,Existing policy; validate reciprocal destinations,HIGH,,/ar/services/mercedes-electrical-repair-dubai,,RETAIN POLICY,NO,"Approved source records reconciled with rendered route; supporting links are observed relationships, not competing primary assignments. "
/ar/services/mercedes-battery-replacement-dubai,ar,service,Assess or book تبديل بطارية مرسيدس في دبي ,INDEX,"index, follow, max-image-preview:large",https://digitecme.com/ar/services/mercedes-battery-replacement-dubai,PASS,YES,Existing policy; validate reciprocal destinations,HIGH,,/ar/services/mercedes-electrical-repair-dubai,,RETAIN POLICY,NO,"Approved source records reconciled with rendered route; supporting links are observed relationships, not competing primary assignments. "
/ar/services/mercedes-body-repair-dubai,ar,service,"Commercial repair: dents, damaged paint, refinishing and collision work",INDEX,"index, follow, max-image-preview:large",https://digitecme.com/ar/services/mercedes-body-repair-dubai,PASS,YES,Existing policy; validate reciprocal destinations,HIGH,"Measured queries support intent only, not historical URL",/ar/services/mercedes-electrical-repair-dubai,,RETAIN POLICY,NO,"Approved source records reconciled with rendered route; supporting links are observed relationships, not competing primary assignments. "
/ar/services/mercedes-brake-repair-dubai,ar,service,Assess or book إصلاح فرامل مرسيدس في دبي ,INDEX,"index, follow, max-image-preview:large",https://digitecme.com/ar/services/mercedes-brake-repair-dubai,PASS,YES,Existing policy; validate reciprocal destinations,HIGH,,/ar/services/mercedes-steering-repair-dubai,,RETAIN POLICY,NO,"Approved source records reconciled with rendered route; supporting links are observed relationships, not competing primary assignments. "
/ar/services/mercedes-diagnostics-dubai,ar,service,Assess or book فحص مرسيدس xentry في دبي ,INDEX,"index, follow, max-image-preview:large",https://digitecme.com/ar/services/mercedes-diagnostics-dubai,PASS,YES,Existing policy; validate reciprocal destinations,HIGH,,/ar/services/mercedes-electrical-repair-dubai,,RETAIN POLICY,NO,"Approved source records reconciled with rendered route; supporting links are observed relationships, not competing primary assignments. "
/ar/services/mercedes-electrical-repair-dubai,ar,service,Assess or book إصلاح كهرباء مرسيدس في دبي ,INDEX,"index, follow, max-image-preview:large",https://digitecme.com/ar/services/mercedes-electrical-repair-dubai,PASS,YES,Existing policy; validate reciprocal destinations,HIGH,,/ar/services/mercedes-diagnostics-dubai,,RETAIN POLICY,NO,"Approved source records reconciled with rendered route; supporting links are observed relationships, not competing primary assignments. "
/ar/services/mercedes-exhaust-repair-dubai,ar,service,Assess or book إصلاح عادم مرسيدس في دبي ,INDEX,"index, follow, max-image-preview:large",https://digitecme.com/ar/services/mercedes-exhaust-repair-dubai,PASS,YES,Existing policy; validate reciprocal destinations,HIGH,,/ar/services/mercedes-diagnostics-dubai,,RETAIN POLICY,NO,"Approved source records reconciled with rendered route; supporting links are observed relationships, not competing primary assignments. "
/ar/services/mercedes-fuel-system-repair-dubai,ar,service,Assess or book إصلاح نظام وقود مرسيدس في دبي ,INDEX,"index, follow, max-image-preview:large",https://digitecme.com/ar/services/mercedes-fuel-system-repair-dubai,PASS,YES,Existing policy; validate reciprocal destinations,HIGH,,/ar/services/mercedes-diagnostics-dubai,,RETAIN POLICY,NO,"Approved source records reconciled with rendered route; supporting links are observed relationships, not competing primary assignments. "
/ar/services/mercedes-mechanical-repair-dubai,ar,service,Assess or book إصلاح محرك مرسيدس في دبي ,INDEX,"index, follow, max-image-preview:large",https://digitecme.com/ar/services/mercedes-mechanical-repair-dubai,PASS,YES,Existing policy; validate reciprocal destinations,HIGH,,/ar/services/mercedes-diagnostics-dubai,,RETAIN POLICY,NO,"Approved source records reconciled with rendered route; supporting links are observed relationships, not competing primary assignments. "
/ar/services/mercedes-oil-change-dubai,ar,service,Assess or book تغيير زيت مرسيدس في دبي ,INDEX,"index, follow, max-image-preview:large",https://digitecme.com/ar/services/mercedes-oil-change-dubai,PASS,YES,Existing policy; validate reciprocal destinations,HIGH,,/ar/blog/best-oil-change-dubai-mercedes,,RETAIN POLICY,NO,"Approved source records reconciled with rendered route; supporting links are observed relationships, not competing primary assignments. "
/ar/services/mercedes-steering-repair-dubai,ar,service,Assess or book إصلاح توجيه مرسيدس في دبي ,INDEX,"index, follow, max-image-preview:large",https://digitecme.com/ar/services/mercedes-steering-repair-dubai,PASS,YES,Existing policy; validate reciprocal destinations,HIGH,,/ar/services/mercedes-suspension-repair-dubai,,RETAIN POLICY,NO,"Approved source records reconciled with rendered route; supporting links are observed relationships, not competing primary assignments. "
/ar/services/mercedes-suspension-repair-dubai,ar,service,Assess or book إصلاح تعليق مرسيدس وairmatic في دبي ,INDEX,"index, follow, max-image-preview:large",https://digitecme.com/ar/services/mercedes-suspension-repair-dubai,PASS,YES,Existing policy; validate reciprocal destinations,HIGH,,/ar/services/mercedes-steering-repair-dubai,,RETAIN POLICY,NO,"Approved source records reconciled with rendered route; supporting links are observed relationships, not competing primary assignments. "
/ar/services/mercedes-tire-repair-dubai,ar,service,Assess or book إصلاح إطارات مرسيدس في دبي ,INDEX,"index, follow, max-image-preview:large",https://digitecme.com/ar/services/mercedes-tire-repair-dubai,PASS,YES,Existing policy; validate reciprocal destinations,HIGH,,/ar/services/mercedes-steering-repair-dubai,,RETAIN POLICY,NO,"Approved source records reconciled with rendered route; supporting links are observed relationships, not competing primary assignments. "
/ar/services/mercedes-transmission-repair-dubai,ar,service,Assess or book إصلاح قير مرسيدس في دبي ,INDEX,"index, follow, max-image-preview:large",https://digitecme.com/ar/services/mercedes-transmission-repair-dubai,PASS,YES,Existing policy; validate reciprocal destinations,HIGH,,/ar/services/mercedes-diagnostics-dubai,,RETAIN POLICY,NO,"Approved source records reconciled with rendered route; supporting links are observed relationships, not competing primary assignments. "
/ar/services/oil-change-dubai,ar,service,Engine oil and filter maintenance,INDEX,"index, follow, max-image-preview:large",https://digitecme.com/ar/services/oil-change-dubai,PASS,YES,Existing policy; validate reciprocal destinations,HIGH,"car oil change dubai: 977.0 impressions, 1.0 clicks, position 29.54 (2026-04-12 to 2026-09-25); oil change dubai: 727.0 impressions, 0 clicks, position 29.45 (2026-04-12 to 2026-09-25)",/ar/services/mechanical-repair-dubai,,RETAIN POLICY,NO,"Approved source records reconciled with rendered route; supporting links are observed relationships, not competing primary assignments. "
/ar/services/paint-protection-dubai,ar,service,Compare existing paint care and protection options,INDEX,"index, follow, max-image-preview:large",https://digitecme.com/ar/services/paint-protection-dubai,PASS,YES,Existing policy; validate reciprocal destinations,HIGH,"Measured queries support intent only, not historical URL",/ar/services/paint-protection-film,,RETAIN POLICY,NO,"Approved source records reconciled with rendered route; supporting links are observed relationships, not competing primary assignments. "
/ar/services/paint-protection-film,ar,service,Film installation and vehicle-specific coverage enquiry,INDEX,"index, follow, max-image-preview:large",https://digitecme.com/ar/services/paint-protection-film,PASS,YES,Existing policy; validate reciprocal destinations,HIGH,"Measured queries support intent only, not historical URL",/ar/services/paint-protection-dubai,,RETAIN POLICY,NO,"Approved source records reconciled with rendered route; supporting links are observed relationships, not competing primary assignments. "
/ar/services/roadside-assistance-dubai,ar,service,Existing roadside enquiry page; availability confirmed,INDEX,"index, follow, max-image-preview:large",https://digitecme.com/ar/services/roadside-assistance-dubai,PASS,YES,Existing policy; validate reciprocal destinations,HIGH,"roadside assistance dubai: 28.0 impressions, 0 clicks, position 29.07 (2026-04-12 to 2026-09-25)",,,RETAIN POLICY,NO,"Approved source records reconciled with rendered route; supporting links are observed relationships, not competing primary assignments. "
/ar/services/soft-close-door-repair-dubai,ar,service,Soft-close fault — commercial inspection/repair task; not a dedicated problem page,INDEX,"index, follow, max-image-preview:large",https://digitecme.com/ar/services/soft-close-door-repair-dubai,PASS,YES,Existing policy; validate reciprocal destinations,HIGH,No query × landing-page join supplied | No original query in the selected six-month export; other observations remain separately labelled | No original query-level measured term assigned; editorial ownership only,/ar/services/car-ac-repair-dubai,,RETAIN POLICY,NO,"Approved source records reconciled with rendered route; supporting links are observed relationships, not competing primary assignments. "
/ar/services/steering-repair-dubai,ar,service,Steering symptoms — commercial inspection/repair task; not a dedicated problem page,INDEX,"index, follow, max-image-preview:large",https://digitecme.com/ar/services/steering-repair-dubai,PASS,YES,Existing policy; validate reciprocal destinations,HIGH,"car steering repair: 207.0 impressions, 0 clicks, position 15.41 (2026-04-12 to 2026-09-25); steering repair: 125.0 impressions, 1.0 clicks, position 18.67 (2026-04-12 to 2026-09-25) | No original query-level measured term assigned; editorial ownership only",/ar/services/mechanical-repair-dubai,,RETAIN POLICY,NO,"Approved source records reconciled with rendered route; supporting links are observed relationships, not competing primary assignments. "
/ar/services/suspension-repair-dubai,ar,service,Suspension symptoms — commercial inspection/repair task; not a dedicated problem page,INDEX,"index, follow, max-image-preview:large",https://digitecme.com/ar/services/suspension-repair-dubai,PASS,YES,Existing policy; validate reciprocal destinations,HIGH,"car suspension repair dubai: 387.0 impressions, 1.0 clicks, position 30.5 (2026-04-12 to 2026-09-25); suspension repair dubai: 331.0 impressions, 0 clicks, position 29.4 (2026-04-12 to 2026-09-25) | No original query-level measured term assigned; editorial ownership only",/ar/services/mechanical-repair-dubai,,RETAIN POLICY,NO,"Approved source records reconciled with rendered route; supporting links are observed relationships, not competing primary assignments. "
/ar/services/tire-repair-dubai,ar,service,Tyre / wheel symptoms — commercial inspection/repair task; not a dedicated problem page,INDEX,"index, follow, max-image-preview:large",https://digitecme.com/ar/services/tire-repair-dubai,PASS,YES,Existing policy; validate reciprocal destinations,HIGH,"tire repair dubai: 296.0 impressions, 0 clicks, position 21.83 (2026-04-12 to 2026-09-25); tire repair near me: 268.0 impressions, 1.0 clicks, position 10.68 (2026-04-12 to 2026-09-25) | car tyre puncture repair [2026-09-05 to 2026-09-11]; puncture near me [2026-06-07 to 2026-09-06]; puncture repair dubai [2026-04-12 to 2026-09-25]; puncture repair dubai [2026-09-05 to 2026-09-11]; puncture repair dubai [2026-09-07 to 2026-09-13]; puncture repair near me [2026-04-12 to 2026-09-25]; puncture repair near me [2026-06-07 to 2026-09-06]; puncture service near me [2026-08-06 to 2026-09-02]; tire puncture repair near me [2026-04-12 to 2026-09-25]; tire puncture repair near me [2026-06-07 to 2026-09-06]; tire puncture repair near me [2026-08-06 to 2026-09-02]; tyre puncture repair dubai [2026-04-12 to 2026-09-25]; tyre puncture repair dubai [2026-09-05 to 2026-09-11]; tyre puncture repair dubai [2026-09-07 to 2026-09-13]; tyre puncture repair dubai [2026-09-09 to 2026-09-15]; where to get puncture repaired near me [2026-08-06 to 2026-09-02]",/ar/services/mechanical-repair-dubai,,RETAIN POLICY,NO,"Approved source records reconciled with rendered route; supporting links are observed relationships, not competing primary assignments. "
/ar/services/transmission-repair-dubai,ar,service,Transmission symptoms — commercial inspection/repair task; not a dedicated problem page,INDEX,"index, follow, max-image-preview:large",https://digitecme.com/ar/services/transmission-repair-dubai,PASS,YES,Existing policy; validate reciprocal destinations,HIGH,"transmission repair dubai: 270.0 impressions, 0 clicks, position 22.74 (2026-04-12 to 2026-09-25); gearbox repair dubai: 179.0 impressions, 0 clicks, position 31.83 (2026-04-12 to 2026-09-25) | No original query-level measured term assigned; editorial ownership only",/ar/services/mechanical-repair-dubai,,RETAIN POLICY,NO,"Approved source records reconciled with rendered route; supporting links are observed relationships, not competing primary assignments. "
/ar/sitemap,ar,html-sitemap,خريطة الموقع,INDEX,"index, follow, max-image-preview:large",https://digitecme.com/ar/sitemap,PASS,YES,Existing policy; validate reciprocal destinations,SUPPORT,,/ar,,RETAIN POLICY,NO,"Approved source records reconciled with rendered route; supporting links are observed relationships, not competing primary assignments. "
/ar/tuning,ar,tuning,Existing GAD Motors relationship and project consultation,INDEX,"index, follow, max-image-preview:large",https://digitecme.com/ar/tuning,PASS,YES,Existing policy; validate reciprocal destinations,HIGH,"gad motors: 247.0 impressions, 3.0 clicks, position 6.72 (2026-04-12 to 2026-09-25); car tuning dubai: 227.0 impressions, 0 clicks, position 23.99 (2026-04-12 to 2026-09-25)",/ar/vrx,,RETAIN POLICY,NO,"Approved source records reconciled with rendered route; supporting links are observed relationships, not competing primary assignments. "
/ar/vrx,ar,vrx,استشارة مشروع VRX لمرسيدس V-Class,INDEX,"index, follow, max-image-preview:large",https://digitecme.com/ar/vrx,PASS,YES,Existing policy; validate reciprocal destinations,SUPPORT,,,,RETAIN POLICY,NO,"Approved source records reconciled with rendered route; supporting links are observed relationships, not competing primary assignments. "
/best-audi-workshop-dubai,en,workshop-guide,Audi Service & Repair Workshop in Dubai,INDEX,"index, follow, max-image-preview:large",https://digitecme.com/best-audi-workshop-dubai,PASS,YES,Existing policy; validate reciprocal destinations,SUPPORT,,/best-car-workshop-dubai,,RETAIN POLICY,NO,"Approved source records reconciled with rendered route; supporting links are observed relationships, not competing primary assignments. "
/best-bmw-workshop-dubai,en,workshop-guide,Workshop selection,INDEX,"index, follow, max-image-preview:large",https://digitecme.com/best-bmw-workshop-dubai,PASS,YES,Existing policy; validate reciprocal destinations,SUPPORT,No latest query mapped; absence from top-query export does not mean zero traffic,/best-car-workshop-dubai,,RETAIN POLICY,NO,"Approved source records reconciled with rendered route; supporting links are observed relationships, not competing primary assignments. "
/best-car-workshop-dubai,en,workshop-guide,"Workshop selection criteria, not broad booking ownership",INDEX,"index, follow, max-image-preview:large",https://digitecme.com/best-car-workshop-dubai,PASS,YES,Existing policy; validate reciprocal destinations,SUPPORT,"best car workshop in dubai: 94.0 impressions, 0 clicks, position 15.77 (2026-04-12 to 2026-09-25); best car modification in dubai: 25.0 impressions, 0 clicks, position 34.96 (2026-04-12 to 2026-09-25)",/best-bmw-workshop-dubai,,RETAIN POLICY,NO,"Approved source records reconciled with rendered route; supporting links are observed relationships, not competing primary assignments. "
/best-ferrari-workshop-dubai,en,workshop-guide,How to select an independent Ferrari workshop,INDEX,"index, follow, max-image-preview:large",https://digitecme.com/best-ferrari-workshop-dubai,PASS,YES,Existing policy; validate reciprocal destinations,SUPPORT,"1 latest query rows, 95 impressions, 1 clicks; query-only, not page attribution",/best-car-workshop-dubai,,RETAIN POLICY,NO,"Approved source records reconciled with rendered route; supporting links are observed relationships, not competing primary assignments. "
/best-lamborghini-workshop-dubai,en,workshop-guide,How to select an independent Lamborghini workshop,INDEX,"index, follow, max-image-preview:large",https://digitecme.com/best-lamborghini-workshop-dubai,PASS,YES,Existing policy; validate reciprocal destinations,SUPPORT,No latest query mapped; top-query export does not establish zero page traffic,/best-car-workshop-dubai,,RETAIN POLICY,NO,"Approved source records reconciled with rendered route; supporting links are observed relationships, not competing primary assignments. "
/best-porsche-workshop-dubai,en,workshop-guide,Workshop comparison,INDEX,"index, follow, max-image-preview:large",https://digitecme.com/best-porsche-workshop-dubai,PASS,YES,Existing policy; validate reciprocal destinations,SUPPORT,"2 mapped query rows, 68 impressions, 0 clicks; query-only, not page attribution",/best-car-workshop-dubai,,RETAIN POLICY,NO,"Approved source records reconciled with rendered route; supporting links are observed relationships, not competing primary assignments. "
/best-range-rover-workshop-dubai,en,workshop-guide,How to Choose a Range Rover Workshop in Dubai,INDEX,"index, follow, max-image-preview:large",https://digitecme.com/best-range-rover-workshop-dubai,PASS,YES,Existing policy; validate reciprocal destinations,SUPPORT,No query × landing-page join supplied,/brands/range-rover-service-dubai,,RETAIN POLICY,NO,"Approved source records reconciled with rendered route; supporting links are observed relationships, not competing primary assignments. "
/blog,en,blog-hub,The Digitec Journal,INDEX,"index, follow, max-image-preview:large",https://digitecme.com/blog,PASS,YES,Existing policy; validate reciprocal destinations,SUPPORT,,/blog/maybach-best-workshop-dubai,,RETAIN POLICY,NO,"Approved source records reconciled with rendered route; supporting links are observed relationships, not competing primary assignments. "
/blog/air-suspension-repair-dubai-guide,en,article,"Supporting suspension — supporting information, not a new symptom owner",INDEX,"index, follow, max-image-preview:large",https://digitecme.com/blog/air-suspension-repair-dubai-guide,PASS,YES,Existing policy; validate reciprocal destinations,SUPPORT,No original query-level measured term assigned; editorial ownership only,/blog,,RETAIN POLICY,NO,"Approved source records reconciled with rendered route; supporting links are observed relationships, not competing primary assignments. "
/blog/aston-martin-best-workshop-dubai,en,article,Choosing an Aston Martin Workshop in Dubai: Owner Guide,INDEX,"index, follow, max-image-preview:large",https://digitecme.com/blog/aston-martin-best-workshop-dubai,PASS,YES,Existing policy; validate reciprocal destinations,SUPPORT,,/brands/aston-martin-service-dubai,,RETAIN POLICY,NO,"Approved source records reconciled with rendered route; supporting links are observed relationships, not competing primary assignments. "
/blog/aston-martin-db11-service-dubai-guide,en,article,Aston Martin DB11 Service in Dubai: Owner Guide,INDEX,"index, follow, max-image-preview:large",https://digitecme.com/blog/aston-martin-db11-service-dubai-guide,PASS,YES,Existing policy; validate reciprocal destinations,SUPPORT,,/blog,,RETAIN POLICY,NO,"Approved source records reconciled with rendered route; supporting links are observed relationships, not competing primary assignments. "
/blog/audi-maintenance-guide-dubai,en,article,Audi Maintenance Guide for Dubai Owners,INDEX,"index, follow, max-image-preview:large",https://digitecme.com/blog/audi-maintenance-guide-dubai,PASS,YES,Existing policy; validate reciprocal destinations,SUPPORT,,/best-audi-workshop-dubai,,RETAIN POLICY,NO,"Approved source records reconciled with rendered route; supporting links are observed relationships, not competing primary assignments. "
/blog/audi-q7-service-dubai-guide,en,article,Audi Q7 Service in Dubai: Owner Maintenance Guide,INDEX,"index, follow, max-image-preview:large",https://digitecme.com/blog/audi-q7-service-dubai-guide,PASS,YES,Existing policy; validate reciprocal destinations,SUPPORT,,/blog,,RETAIN POLICY,NO,"Approved source records reconciled with rendered route; supporting links are observed relationships, not competing primary assignments. "
/blog/audi-rs-service-dubai-guide,en,article,Audi RS Service in Dubai: Maintenance for RS and S Models,INDEX,"index, follow, max-image-preview:large",https://digitecme.com/blog/audi-rs-service-dubai-guide,PASS,YES,Existing policy; validate reciprocal destinations,SUPPORT,,/blog,,RETAIN POLICY,NO,"Approved source records reconciled with rendered route; supporting links are observed relationships, not competing primary assignments. "
/blog/bentley-best-workshop-dubai,en,article,Choosing an independent Bentley workshop,INDEX,"index, follow, max-image-preview:large",https://digitecme.com/blog/bentley-best-workshop-dubai,PASS,YES,Existing policy; validate reciprocal destinations,SUPPORT,No query × page evidence supplied,/brands/bentley-service-dubai,,RETAIN POLICY,NO,"Approved source records reconciled with rendered route; supporting links are observed relationships, not competing primary assignments. "
/blog/bentley-continental-gt-service-dubai-guide,en,article,Bentley model-specific service planning,INDEX,"index, follow, max-image-preview:large",https://digitecme.com/blog/bentley-continental-gt-service-dubai-guide,PASS,YES,Existing policy; validate reciprocal destinations,HIGH,No query × page evidence supplied,/blog,,RETAIN POLICY,NO,"Approved source records reconciled with rendered route; supporting links are observed relationships, not competing primary assignments. "
/blog/best-car-workshop-dubai,en,article,How to Choose a Car Workshop in Dubai (2026 Guide),INDEX,"index, follow, max-image-preview:large",https://digitecme.com/blog/best-car-workshop-dubai,PASS,YES,Existing policy; validate reciprocal destinations,SUPPORT,,/blog,,RETAIN POLICY,NO,"Approved source records reconciled with rendered route; supporting links are observed relationships, not competing primary assignments. "
/blog/best-defender-workshop-dubai,en,article,Defender Accident Repair in Dubai: A Real Workshop Case Study,INDEX,"index, follow, max-image-preview:large",https://digitecme.com/blog/best-defender-workshop-dubai,PASS,YES,Existing policy; validate reciprocal destinations,SUPPORT,No query × landing-page join supplied,/blog,,RETAIN POLICY,NO,"Approved source records reconciled with rendered route; supporting links are observed relationships, not competing primary assignments. "
/blog/best-oil-change-dubai-mercedes,en,article,Answer How to Choose a Mercedes Oil Change in Dubai,INDEX,"index, follow, max-image-preview:large",https://digitecme.com/blog/best-oil-change-dubai-mercedes,PASS,YES,Existing policy; validate reciprocal destinations,SUPPORT,,/blog,,RETAIN POLICY,NO,"Approved source records reconciled with rendered route; supporting links are observed relationships, not competing primary assignments. "
/blog/bmw-m-service-dubai-guide,en,article,BMW M Service Dubai,INDEX,"index, follow, max-image-preview:large",https://digitecme.com/blog/bmw-m-service-dubai-guide,PASS,YES,Existing policy; validate reciprocal destinations,HIGH,No latest query mapped; absence from top-query export does not mean zero traffic,/blog,,RETAIN POLICY,NO,"Approved source records reconciled with rendered route; supporting links are observed relationships, not competing primary assignments. "
/blog/bmw-maintenance-guide-dubai,en,article,Maintenance planning,INDEX,"index, follow, max-image-preview:large",https://digitecme.com/blog/bmw-maintenance-guide-dubai,PASS,YES,Existing policy; validate reciprocal destinations,SUPPORT,"1 mapped query rows, 54 impressions, 0 clicks; query-only, not page attribution",/best-bmw-workshop-dubai,,RETAIN POLICY,NO,"Approved source records reconciled with rendered route; supporting links are observed relationships, not competing primary assignments. "
/blog/bmw-x5-service-dubai-guide,en,article,BMW X5 Service Dubai,INDEX,"index, follow, max-image-preview:large",https://digitecme.com/blog/bmw-x5-service-dubai-guide,PASS,YES,Existing policy; validate reciprocal destinations,HIGH,No latest query mapped; absence from top-query export does not mean zero traffic,/blog,,RETAIN POLICY,NO,"Approved source records reconciled with rendered route; supporting links are observed relationships, not competing primary assignments. "
/blog/brake-repair-dubai,en,article,"Supporting brake — supporting information, not a new symptom owner",INDEX,"index, follow, max-image-preview:large",https://digitecme.com/blog/brake-repair-dubai,PASS,YES,Existing policy; validate reciprocal destinations,SUPPORT,No original query-level measured term assigned; editorial ownership only,/blog,,RETAIN POLICY,NO,"Approved source records reconciled with rendered route; supporting links are observed relationships, not competing primary assignments. "
/blog/cadillac-best-workshop-dubai,en,article,Choosing a Cadillac Workshop in Dubai: Owner Guide,INDEX,"index, follow, max-image-preview:large",https://digitecme.com/blog/cadillac-best-workshop-dubai,PASS,YES,Existing policy; validate reciprocal destinations,SUPPORT,"1 query rows, 42 impressions in Sept 27 export; editorial mapping only",/brands/cadillac-service-dubai,,RETAIN POLICY,NO,"Approved source records reconciled with rendered route; supporting links are observed relationships, not competing primary assignments. "
/blog/car-ac-not-cold-dubai-causes,en,article,AC cooling / airflow — symptom explanation and next step,INDEX,"index, follow, max-image-preview:large",https://digitecme.com/blog/car-ac-not-cold-dubai-causes,PASS,YES,Existing policy; validate reciprocal destinations,SUPPORT,تكييف السيارة مو بارد دبي [2026-09-05 to 2026-09-11]; تكييف السيارة مو بارد دبي [2026-09-07 to 2026-09-13]; تكييف السيارة مو بارد دبي [2026-09-09 to 2026-09-15],/blog,,RETAIN POLICY,NO,"Approved source records reconciled with rendered route; supporting links are observed relationships, not competing primary assignments. "
/blog/car-ac-repair-dubai,en,article,"Supporting AC — supporting information, not a new symptom owner",INDEX,"index, follow, max-image-preview:large",https://digitecme.com/blog/car-ac-repair-dubai,PASS,YES,Existing policy; validate reciprocal destinations,SUPPORT,No original query-level measured term assigned; editorial ownership only,/blog,,RETAIN POLICY,NO,"Approved source records reconciled with rendered route; supporting links are observed relationships, not competing primary assignments. "
/blog/car-battery-life-dubai-heat,en,article,"Battery drain — supporting information, not a new symptom owner",INDEX,"index, follow, max-image-preview:large",https://digitecme.com/blog/car-battery-life-dubai-heat,PASS,YES,Existing policy; validate reciprocal destinations,SUPPORT,No original query-level measured term assigned; editorial ownership only,/blog,,RETAIN POLICY,NO,"Approved source records reconciled with rendered route; supporting links are observed relationships, not competing primary assignments. "
/blog/car-battery-replacement-dubai,en,article,"Supporting battery — supporting information, not a new symptom owner",INDEX,"index, follow, max-image-preview:large",https://digitecme.com/blog/car-battery-replacement-dubai,PASS,YES,Existing policy; validate reciprocal destinations,SUPPORT,No original query-level measured term assigned; editorial ownership only,/blog,,RETAIN POLICY,NO,"Approved source records reconciled with rendered route; supporting links are observed relationships, not competing primary assignments. "
/blog/car-service-cost-dubai-luxury-brands,en,article,What Drives Car Service Cost in Dubai for Luxury Brands,INDEX,"index, follow, max-image-preview:large",https://digitecme.com/blog/car-service-cost-dubai-luxury-brands,PASS,YES,Existing policy; validate reciprocal destinations,SUPPORT,,/blog,,RETAIN POLICY,NO,"Approved source records reconciled with rendered route; supporting links are observed relationships, not competing primary assignments. "
/blog/car-service-interval-dubai-heat,en,article,Car Service Intervals in Dubai: Why Heat Changes the Rules,INDEX,"index, follow, max-image-preview:large",https://digitecme.com/blog/car-service-interval-dubai-heat,PASS,YES,Existing policy; validate reciprocal destinations,SUPPORT,,/blog,,RETAIN POLICY,NO,"Approved source records reconciled with rendered route; supporting links are observed relationships, not competing primary assignments. "
/blog/ceramic-coating-vs-ppf-dubai,en,article,Compare physical film and surface coating before selecting service,INDEX,"index, follow, max-image-preview:large",https://digitecme.com/blog/ceramic-coating-vs-ppf-dubai,PASS,YES,Existing policy; validate reciprocal destinations,HIGH,"Measured queries support intent only, not historical URL",/blog,,RETAIN POLICY,NO,"Approved source records reconciled with rendered route; supporting links are observed relationships, not competing primary assignments. "
/blog/check-engine-light-dubai-guide,en,article,Check-engine warning — symptom explanation and next step,INDEX,"index, follow, max-image-preview:large",https://digitecme.com/blog/check-engine-light-dubai-guide,PASS,YES,Existing policy; validate reciprocal destinations,SUPPORT,No original query-level measured term assigned; editorial ownership only,/blog,,RETAIN POLICY,NO,"Approved source records reconciled with rendered route; supporting links are observed relationships, not competing primary assignments. "
/blog/chevrolet-best-workshop-dubai,en,article,Choosing a Chevrolet Workshop in Dubai: Owner Guide,INDEX,"index, follow, max-image-preview:large",https://digitecme.com/blog/chevrolet-best-workshop-dubai,PASS,YES,Existing policy; validate reciprocal destinations,SUPPORT,,/brands/chevrolet-service-dubai,,RETAIN POLICY,NO,"Approved source records reconciled with rendered route; supporting links are observed relationships, not competing primary assignments. "
/blog/dealer-vs-independent-workshop-dubai,en,article,Dealer or Independent Workshop in Dubai: How to Choose,INDEX,"index, follow, max-image-preview:large",https://digitecme.com/blog/dealer-vs-independent-workshop-dubai,PASS,YES,Existing policy; validate reciprocal destinations,SUPPORT,,/blog,,RETAIN POLICY,NO,"Approved source records reconciled with rendered route; supporting links are observed relationships, not competing primary assignments. "
/blog/defender-service-dubai-guide,en,article,Land Rover Defender Service in Dubai: Owner Guide,INDEX,"index, follow, max-image-preview:large",https://digitecme.com/blog/defender-service-dubai-guide,PASS,YES,Existing policy; validate reciprocal destinations,SUPPORT,No query × landing-page join supplied,/blog,,RETAIN POLICY,NO,"Approved source records reconciled with rendered route; supporting links are observed relationships, not competing primary assignments. "
/blog/ecu-remap-safe-dubai-guide,en,article,Is ECU Remapping Safe in Dubai? An Honest Guide,INDEX,"index, follow, max-image-preview:large",https://digitecme.com/blog/ecu-remap-safe-dubai-guide,PASS,YES,Existing policy; validate reciprocal destinations,SUPPORT,,/blog,,RETAIN POLICY,NO,"Approved source records reconciled with rendered route; supporting links are observed relationships, not competing primary assignments. "
/blog/engine-overheating-dubai-what-to-do,en,article,Overheating — symptom explanation and next step,INDEX,"index, follow, max-image-preview:large",https://digitecme.com/blog/engine-overheating-dubai-what-to-do,PASS,YES,Existing policy; validate reciprocal destinations,SUPPORT,No original query-level measured term assigned; editorial ownership only,/blog,,RETAIN POLICY,NO,"Approved source records reconciled with rendered route; supporting links are observed relationships, not competing primary assignments. "
/blog/ferrari-488-service-dubai-guide,en,article,Ferrari 488 Service Dubai,INDEX,"index, follow, max-image-preview:large",https://digitecme.com/blog/ferrari-488-service-dubai-guide,PASS,YES,Existing policy; validate reciprocal destinations,SUPPORT,No latest query mapped; top-query export does not establish zero page traffic,/blog,,RETAIN POLICY,NO,"Approved source records reconciled with rendered route; supporting links are observed relationships, not competing primary assignments. "
/blog/ferrari-maintenance-guide-dubai,en,article,Ferrari schedule and cost planning,INDEX,"index, follow, max-image-preview:large",https://digitecme.com/blog/ferrari-maintenance-guide-dubai,PASS,YES,Existing policy; validate reciprocal destinations,SUPPORT,"2 latest query rows, 250 impressions, 0 clicks; query-only, not page attribution",/brands/ferrari-service-dubai,,RETAIN POLICY,NO,"Approved source records reconciled with rendered route; supporting links are observed relationships, not competing primary assignments. "
/blog/ford-best-workshop-dubai,en,article,Choosing a Ford Workshop in Dubai: Owner Guide,INDEX,"index, follow, max-image-preview:large",https://digitecme.com/blog/ford-best-workshop-dubai,PASS,YES,Existing policy; validate reciprocal destinations,SUPPORT,,/brands/ford-service-dubai,,RETAIN POLICY,NO,"Approved source records reconciled with rendered route; supporting links are observed relationships, not competing primary assignments. "
/blog/g63-to-brabus-g800-conversion-dubai,en,article,G63 to BRABUS G 800-Style Conversion in Dubai: Before & After,INDEX,"index, follow, max-image-preview:large",https://digitecme.com/blog/g63-to-brabus-g800-conversion-dubai,PASS,YES,Existing policy; validate reciprocal destinations,SUPPORT,,/blog,,RETAIN POLICY,NO,"Approved source records reconciled with rendered route; supporting links are observed relationships, not competing primary assignments. "
/blog/gad-tuning-explained,en,article,GAD Tuning: Questions to Ask Before an ECU Project,INDEX,"index, follow, max-image-preview:large",https://digitecme.com/blog/gad-tuning-explained,PASS,YES,Existing policy; validate reciprocal destinations,SUPPORT,,/blog,,RETAIN POLICY,NO,"Approved source records reconciled with rendered route; supporting links are observed relationships, not competing primary assignments. "
/blog/how-much-is-my-mercedes-worth-dubai,en,article,How Much Is My Mercedes Worth in Dubai?,INDEX,"index, follow, max-image-preview:large",https://digitecme.com/blog/how-much-is-my-mercedes-worth-dubai,PASS,YES,Existing policy; validate reciprocal destinations,SUPPORT,,/blog,,RETAIN POLICY,NO,"Approved source records reconciled with rendered route; supporting links are observed relationships, not competing primary assignments. "
/blog/jaguar-best-workshop-dubai,en,article,Choosing a Jaguar Workshop in Dubai: Owner Guide,INDEX,"index, follow, max-image-preview:large",https://digitecme.com/blog/jaguar-best-workshop-dubai,PASS,YES,Existing policy; validate reciprocal destinations,SUPPORT,No query × landing-page join supplied,/brands/jaguar-service-dubai,,RETAIN POLICY,NO,"Approved source records reconciled with rendered route; supporting links are observed relationships, not competing primary assignments. "
/blog/lamborghini-maintenance-guide-dubai,en,article,Lamborghini schedule and cost planning,INDEX,"index, follow, max-image-preview:large",https://digitecme.com/blog/lamborghini-maintenance-guide-dubai,PASS,YES,Existing policy; validate reciprocal destinations,SUPPORT,"1 latest query rows, 176 impressions, 0 clicks; query-only, not page attribution",/best-lamborghini-workshop-dubai,,RETAIN POLICY,NO,"Approved source records reconciled with rendered route; supporting links are observed relationships, not competing primary assignments. "
/blog/lamborghini-urus-service-dubai-guide,en,article,Lamborghini Urus Service Dubai,INDEX,"index, follow, max-image-preview:large",https://digitecme.com/blog/lamborghini-urus-service-dubai-guide,PASS,YES,Existing policy; validate reciprocal destinations,SUPPORT,No latest query mapped; top-query export does not establish zero page traffic,/blog,,RETAIN POLICY,NO,"Approved source records reconciled with rendered route; supporting links are observed relationships, not competing primary assignments. "
/blog/land-rover-best-workshop-dubai,en,article,Choosing a Land Rover Workshop in Dubai: Owner Guide,INDEX,"index, follow, max-image-preview:large",https://digitecme.com/blog/land-rover-best-workshop-dubai,PASS,YES,Existing policy; validate reciprocal destinations,SUPPORT,,/brands/land-rover-service-dubai,,RETAIN POLICY,NO,"Approved source records reconciled with rendered route; supporting links are observed relationships, not competing primary assignments. "
/blog/maserati-best-workshop-dubai,en,article,Choosing a Maserati Workshop in Dubai: Owner Guide,INDEX,"index, follow, max-image-preview:large",https://digitecme.com/blog/maserati-best-workshop-dubai,PASS,YES,Existing policy; validate reciprocal destinations,SUPPORT,,/brands/maserati-service-dubai,,RETAIN POLICY,NO,"Approved source records reconciled with rendered route; supporting links are observed relationships, not competing primary assignments. "
/blog/maybach-best-workshop-dubai,en,article,Choosing an independent Maybach workshop,INDEX,"index, follow, max-image-preview:large",https://digitecme.com/blog/maybach-best-workshop-dubai,PASS,YES,Existing policy; validate reciprocal destinations,SUPPORT,No query × page evidence supplied,/brands/maybach-service-dubai,,RETAIN POLICY,NO,"Approved source records reconciled with rendered route; supporting links are observed relationships, not competing primary assignments. "
/blog/maybach-s580-service-dubai-guide,en,article,Maybach model-specific service planning,INDEX,"index, follow, max-image-preview:large",https://digitecme.com/blog/maybach-s580-service-dubai-guide,PASS,YES,Existing policy; validate reciprocal destinations,HIGH,No query × page evidence supplied,/blog,,RETAIN POLICY,NO,"Approved source records reconciled with rendered route; supporting links are observed relationships, not competing primary assignments. "
/blog/mclaren-720s-service-dubai-guide,en,article,McLaren 720S Service in Dubai: Owner Maintenance Guide,INDEX,"index, follow, max-image-preview:large",https://digitecme.com/blog/mclaren-720s-service-dubai-guide,PASS,YES,Existing policy; validate reciprocal destinations,SUPPORT,,/blog,,RETAIN POLICY,NO,"Approved source records reconciled with rendered route; supporting links are observed relationships, not competing primary assignments. "
/blog/mclaren-best-workshop-dubai,en,article,Choosing a McLaren Workshop in Dubai: Owner Guide,INDEX,"index, follow, max-image-preview:large",https://digitecme.com/blog/mclaren-best-workshop-dubai,PASS,YES,Existing policy; validate reciprocal destinations,SUPPORT,,/brands/mclaren-service-dubai,,RETAIN POLICY,NO,"Approved source records reconciled with rendered route; supporting links are observed relationships, not competing primary assignments. "
/blog/mercedes-amg-gt-black-series-1300hp-build-dubai,en,article,"Mercedes-AMG GT Black Series: 730 HP to 1,300 HP Custom Build",INDEX,"index, follow, max-image-preview:large",https://digitecme.com/blog/mercedes-amg-gt-black-series-1300hp-build-dubai,PASS,YES,Existing policy; validate reciprocal destinations,SUPPORT,,/blog,,RETAIN POLICY,NO,"Approved source records reconciled with rendered route; supporting links are observed relationships, not competing primary assignments. "
/blog/mercedes-amg-gt-tuning-dubai,en,article,Mercedes-AMG GT Tuning in Dubai: A Complete Upgrade Guide,INDEX,"index, follow, max-image-preview:large",https://digitecme.com/blog/mercedes-amg-gt-tuning-dubai,PASS,YES,Existing policy; validate reciprocal destinations,SUPPORT,,/blog,,RETAIN POLICY,NO,"Approved source records reconciled with rendered route; supporting links are observed relationships, not competing primary assignments. "
/blog/mercedes-benz-maintenance-guide-dubai,en,article,Answer Mercedes-Benz Maintenance Planning for Dubai Owners,INDEX,"index, follow, max-image-preview:large",https://digitecme.com/blog/mercedes-benz-maintenance-guide-dubai,PASS,YES,Existing policy; validate reciprocal destinations,SUPPORT,,/blog/mercedes-service-intervals-dubai-heat,,RETAIN POLICY,NO,"Approved source records reconciled with rendered route; supporting links are observed relationships, not competing primary assignments. "
/blog/mercedes-c-class-service-dubai-guide,en,service,Plan service/repair for Mercedes C-Class Service & Repair Dubai,INDEX,"index, follow, max-image-preview:large",https://digitecme.com/blog/mercedes-c-class-service-dubai-guide,PASS,YES,Existing policy; validate reciprocal destinations,HIGH,,/blog/mercedes-service-cost-dubai-guide,,RETAIN POLICY,NO,"Approved source records reconciled with rendered route; supporting links are observed relationships, not competing primary assignments. "
/blog/mercedes-e-class-service-dubai-guide,en,service,Plan service/repair for Mercedes E-Class Service & Repair Dubai,INDEX,"index, follow, max-image-preview:large",https://digitecme.com/blog/mercedes-e-class-service-dubai-guide,PASS,YES,Existing policy; validate reciprocal destinations,HIGH,,/blog/mercedes-service-cost-dubai-guide,,RETAIN POLICY,NO,"Approved source records reconciled with rendered route; supporting links are observed relationships, not competing primary assignments. "
/blog/mercedes-g63-service-dubai-guide,en,service,Plan service/repair for Mercedes-AMG G63 Service & Repair Dubai,INDEX,"index, follow, max-image-preview:large",https://digitecme.com/blog/mercedes-g63-service-dubai-guide,PASS,YES,Existing policy; validate reciprocal destinations,HIGH,,/blog/mercedes-service-cost-dubai-guide,,RETAIN POLICY,NO,"Approved source records reconciled with rendered route; supporting links are observed relationships, not competing primary assignments. "
/blog/mercedes-repair-dubai-complete-guide,en,article,Answer Mercedes Warning Signs in Dubai: An Owner’s Guide,INDEX,"index, follow, max-image-preview:large",https://digitecme.com/blog/mercedes-repair-dubai-complete-guide,PASS,YES,Existing policy; validate reciprocal destinations,SUPPORT,,/blog,,RETAIN POLICY,NO,"Approved source records reconciled with rendered route; supporting links are observed relationships, not competing primary assignments. "
/blog/mercedes-s-class-service-dubai-guide,en,service,Plan service/repair for Mercedes S-Class Service & Repair Dubai,INDEX,"index, follow, max-image-preview:large",https://digitecme.com/blog/mercedes-s-class-service-dubai-guide,PASS,YES,Existing policy; validate reciprocal destinations,HIGH,,/blog/mercedes-benz-maintenance-guide-dubai,,RETAIN POLICY,NO,"Approved source records reconciled with rendered route; supporting links are observed relationships, not competing primary assignments. "
/blog/mercedes-service-cost-dubai-guide,en,article,Answer Mercedes Service Cost in Dubai: Service A & B Scope,INDEX,"index, follow, max-image-preview:large",https://digitecme.com/blog/mercedes-service-cost-dubai-guide,PASS,YES,Existing policy; validate reciprocal destinations,SUPPORT,,/blog,,RETAIN POLICY,NO,"Approved source records reconciled with rendered route; supporting links are observed relationships, not competing primary assignments. "
/blog/mercedes-service-intervals-dubai-heat,en,article,Answer Mercedes Service Intervals & ASSYST in Dubai,INDEX,"index, follow, max-image-preview:large",https://digitecme.com/blog/mercedes-service-intervals-dubai-heat,PASS,YES,Existing policy; validate reciprocal destinations,SUPPORT,,/blog,,RETAIN POLICY,NO,"Approved source records reconciled with rendered route; supporting links are observed relationships, not competing primary assignments. "
/blog/mini-best-workshop-dubai,en,article,Choosing a MINI Workshop in Dubai: Owner Guide,INDEX,"index, follow, max-image-preview:large",https://digitecme.com/blog/mini-best-workshop-dubai,PASS,YES,Existing policy; validate reciprocal destinations,SUPPORT,,/brands/mini-service-dubai,,RETAIN POLICY,NO,"Approved source records reconciled with rendered route; supporting links are observed relationships, not competing primary assignments. "
/blog/oil-specification-guide-dubai-luxury,en,article,Engine Oil Specifications in Dubai: Choosing Correctly,INDEX,"index, follow, max-image-preview:large",https://digitecme.com/blog/oil-specification-guide-dubai-luxury,PASS,YES,Existing policy; validate reciprocal destinations,SUPPORT,,/blog,,RETAIN POLICY,NO,"Approved source records reconciled with rendered route; supporting links are observed relationships, not competing primary assignments. "
/blog/porsche-911-service-dubai-guide,en,article,Porsche 911 Service & Repair Dubai,INDEX,"index, follow, max-image-preview:large",https://digitecme.com/blog/porsche-911-service-dubai-guide,PASS,YES,Existing policy; validate reciprocal destinations,HIGH,"1 mapped query rows, 22 impressions, 0 clicks; query-only, not page attribution",/porsche/problems/pdk-jerking,,RETAIN POLICY,NO,"Approved source records reconciled with rendered route; supporting links are observed relationships, not competing primary assignments. "
/blog/porsche-cayenne-service-dubai-guide,en,article,Porsche Cayenne Service & Repair Dubai,INDEX,"index, follow, max-image-preview:large",https://digitecme.com/blog/porsche-cayenne-service-dubai-guide,PASS,YES,Existing policy; validate reciprocal destinations,HIGH,No latest query mapped; absence from top-query export does not mean zero traffic,/brands/porsche-service-dubai/suspension-repair,,RETAIN POLICY,NO,"Approved source records reconciled with rendered route; supporting links are observed relationships, not competing primary assignments. "
/blog/porsche-maintenance-guide-dubai,en,article,Porsche maintenance planning,INDEX,"index, follow, max-image-preview:large",https://digitecme.com/blog/porsche-maintenance-guide-dubai,PASS,YES,Existing policy; validate reciprocal destinations,SUPPORT,"2 mapped query rows, 105 impressions, 0 clicks; query-only, not page attribution",/brands/porsche-service-dubai,,RETAIN POLICY,NO,"Approved source records reconciled with rendered route; supporting links are observed relationships, not competing primary assignments. "
/blog/porsche-panamera-service-dubai-guide,en,article,Porsche Panamera Service & Repair Dubai,INDEX,"index, follow, max-image-preview:large",https://digitecme.com/blog/porsche-panamera-service-dubai-guide,PASS,YES,Existing policy; validate reciprocal destinations,HIGH,"1 mapped query rows, 23 impressions, 0 clicks; query-only, not page attribution",/brands/porsche-service-dubai/transmission-repair,,RETAIN POLICY,NO,"Approved source records reconciled with rendered route; supporting links are observed relationships, not competing primary assignments. "
/blog/pre-purchase-inspection-dubai-guide,en,article,Pre-Purchase Inspection in Dubai: What It Should Cover,INDEX,"index, follow, max-image-preview:large",https://digitecme.com/blog/pre-purchase-inspection-dubai-guide,PASS,YES,Existing policy; validate reciprocal destinations,SUPPORT,,/blog,,RETAIN POLICY,NO,"Approved source records reconciled with rendered route; supporting links are observed relationships, not competing primary assignments. "
/blog/range-rover-land-rover-air-suspension-problems-dubai,en,article,Range Rover & Land Rover Air Suspension Problems in Dubai,INDEX,"index, follow, max-image-preview:large",https://digitecme.com/blog/range-rover-land-rover-air-suspension-problems-dubai,PASS,YES,Existing policy; validate reciprocal destinations,SUPPORT,No query × landing-page join supplied,/blog,,RETAIN POLICY,NO,"Approved source records reconciled with rendered route; supporting links are observed relationships, not competing primary assignments. "
/blog/range-rover-maintenance-guide-dubai,en,article,Range Rover Maintenance Guide for Dubai Owners,INDEX,"index, follow, max-image-preview:large",https://digitecme.com/blog/range-rover-maintenance-guide-dubai,PASS,YES,Existing policy; validate reciprocal destinations,SUPPORT,No query × landing-page join supplied,/brands/range-rover-service-dubai,,RETAIN POLICY,NO,"Approved source records reconciled with rendered route; supporting links are observed relationships, not competing primary assignments. "
/blog/range-rover-sport-service-dubai-guide,en,article,Range Rover Sport Service in Dubai: What to Watch,INDEX,"index, follow, max-image-preview:large",https://digitecme.com/blog/range-rover-sport-service-dubai-guide,PASS,YES,Existing policy; validate reciprocal destinations,HIGH,No query × landing-page join supplied,/blog,,RETAIN POLICY,NO,"Approved source records reconciled with rendered route; supporting links are observed relationships, not competing primary assignments. "
/blog/range-rover-vogue-service-dubai-guide,en,article,Range Rover Vogue Service in Dubai: Owner Guide,INDEX,"index, follow, max-image-preview:large",https://digitecme.com/blog/range-rover-vogue-service-dubai-guide,PASS,YES,Existing policy; validate reciprocal destinations,HIGH,No query × landing-page join supplied,/blog,,RETAIN POLICY,NO,"Approved source records reconciled with rendered route; supporting links are observed relationships, not competing primary assignments. "
/blog/rolls-royce-best-workshop-dubai,en,article,Choosing an independent Rolls-Royce workshop,INDEX,"index, follow, max-image-preview:large",https://digitecme.com/blog/rolls-royce-best-workshop-dubai,PASS,YES,Existing policy; validate reciprocal destinations,SUPPORT,"1 latest query rows; 112 impressions; 0 clicks; editorial owner, not proven landing URL",/brands/rolls-royce-service-dubai,,RETAIN POLICY,NO,"Approved source records reconciled with rendered route; supporting links are observed relationships, not competing primary assignments. "
/blog/rolls-royce-ghost-service-dubai-guide,en,article,Rolls-Royce model-specific service planning,INDEX,"index, follow, max-image-preview:large",https://digitecme.com/blog/rolls-royce-ghost-service-dubai-guide,PASS,YES,Existing policy; validate reciprocal destinations,HIGH,No query × page evidence supplied,/blog,,RETAIN POLICY,NO,"Approved source records reconciled with rendered route; supporting links are observed relationships, not competing primary assignments. "
/blog/summer-car-preparation-dubai-checklist,en,article,"Supporting seasonal checks — supporting information, not a new symptom owner",INDEX,"index, follow, max-image-preview:large",https://digitecme.com/blog/summer-car-preparation-dubai-checklist,PASS,YES,Existing policy; validate reciprocal destinations,SUPPORT,No original query-level measured term assigned; editorial ownership only,/blog,,RETAIN POLICY,NO,"Approved source records reconciled with rendered route; supporting links are observed relationships, not competing primary assignments. "
/blog/transmission-service-7g-9g-dubai,en,article,"Supporting transmission — supporting information, not a new symptom owner",INDEX,"index, follow, max-image-preview:large",https://digitecme.com/blog/transmission-service-7g-9g-dubai,PASS,YES,Existing policy; validate reciprocal destinations,SUPPORT,No original query-level measured term assigned; editorial ownership only,/blog,,RETAIN POLICY,NO,"Approved source records reconciled with rendered route; supporting links are observed relationships, not competing primary assignments. "
/blog/volkswagen-best-workshop-dubai,en,article,Choosing a Volkswagen Workshop in Dubai: Owner Guide,INDEX,"index, follow, max-image-preview:large",https://digitecme.com/blog/volkswagen-best-workshop-dubai,PASS,YES,Existing policy; validate reciprocal destinations,SUPPORT,No query × landing-page join supplied,/brands/volkswagen-service-dubai,,RETAIN POLICY,NO,"Approved source records reconciled with rendered route; supporting links are observed relationships, not competing primary assignments. "
/blog/why-ceramic-coating-matters-uae,en,article,Understand coating preparation and care,INDEX,"index, follow, max-image-preview:large",https://digitecme.com/blog/why-ceramic-coating-matters-uae,PASS,YES,Existing policy; validate reciprocal destinations,HIGH,"Measured queries support intent only, not historical URL",/blog,,RETAIN POLICY,NO,"Approved source records reconciled with rendered route; supporting links are observed relationships, not competing primary assignments. "
/brands,en,brands-hub,Luxury & Performance Car Brands,INDEX,"index, follow, max-image-preview:large",https://digitecme.com/brands,PASS,YES,Existing policy; validate reciprocal destinations,SUPPORT,,/brands/mercedes-benz-service-dubai,,RETAIN POLICY,NO,"Approved source records reconciled with rendered route; supporting links are observed relationships, not competing primary assignments. "
/brands/aston-martin-service-dubai,en,brand,Aston Martin Service & Repair Dubai,INDEX,"index, follow, max-image-preview:large",https://digitecme.com/brands/aston-martin-service-dubai,PASS,YES,Existing policy; validate reciprocal destinations,HIGH,,/brands/aston-martin-service-dubai/oil-change,,RETAIN POLICY,NO,"Approved source records reconciled with rendered route; supporting links are observed relationships, not competing primary assignments. "
/brands/aston-martin-service-dubai/ac-repair,en,brand-service,Aston Martin AC Repair Dubai,INDEX,"index, follow, max-image-preview:large",https://digitecme.com/brands/aston-martin-service-dubai/ac-repair,PASS,YES,Existing policy; validate reciprocal destinations,HIGH,,/brands/aston-martin-service-dubai/oil-change,,RETAIN POLICY,NO,"Approved source records reconciled with rendered route; supporting links are observed relationships, not competing primary assignments. "
/brands/aston-martin-service-dubai/battery-replacement,en,brand-service,Aston Martin Battery Replacement Dubai,INDEX,"index, follow, max-image-preview:large",https://digitecme.com/brands/aston-martin-service-dubai/battery-replacement,PASS,YES,Existing policy; validate reciprocal destinations,HIGH,,/brands/aston-martin-service-dubai/oil-change,,RETAIN POLICY,NO,"Approved source records reconciled with rendered route; supporting links are observed relationships, not competing primary assignments. "
/brands/aston-martin-service-dubai/body-repair,en,brand-service,"Commercial repair: dents, damaged paint, refinishing and collision work",INDEX,"index, follow, max-image-preview:large",https://digitecme.com/brands/aston-martin-service-dubai/body-repair,PASS,YES,Existing policy; validate reciprocal destinations,HIGH,"Measured queries support intent only, not historical URL",/services/car-polishing-dubai,,RETAIN POLICY,NO,"Approved source records reconciled with rendered route; supporting links are observed relationships, not competing primary assignments. "
/brands/aston-martin-service-dubai/brake-repair,en,brand-service,Aston Martin Brake Repair Dubai,INDEX,"index, follow, max-image-preview:large",https://digitecme.com/brands/aston-martin-service-dubai/brake-repair,PASS,YES,Existing policy; validate reciprocal destinations,HIGH,,/brands/aston-martin-service-dubai/oil-change,,RETAIN POLICY,NO,"Approved source records reconciled with rendered route; supporting links are observed relationships, not competing primary assignments. "
/brands/aston-martin-service-dubai/electrical-repair,en,brand-service,Aston Martin Electrical Repair Dubai,INDEX,"index, follow, max-image-preview:large",https://digitecme.com/brands/aston-martin-service-dubai/electrical-repair,PASS,YES,Existing policy; validate reciprocal destinations,HIGH,,/brands/aston-martin-service-dubai/oil-change,,RETAIN POLICY,NO,"Approved source records reconciled with rendered route; supporting links are observed relationships, not competing primary assignments. "
/brands/aston-martin-service-dubai/engine-diagnostics,en,brand-service,Aston Martin Engine Diagnostics Dubai,INDEX,"index, follow, max-image-preview:large",https://digitecme.com/brands/aston-martin-service-dubai/engine-diagnostics,PASS,YES,Existing policy; validate reciprocal destinations,HIGH,,/brands/aston-martin-service-dubai/oil-change,,RETAIN POLICY,NO,"Approved source records reconciled with rendered route; supporting links are observed relationships, not competing primary assignments. "
/brands/aston-martin-service-dubai/exhaust-repair,en,brand-service,Aston Martin Exhaust Repair Dubai,INDEX,"index, follow, max-image-preview:large",https://digitecme.com/brands/aston-martin-service-dubai/exhaust-repair,PASS,YES,Existing policy; validate reciprocal destinations,HIGH,,/brands/aston-martin-service-dubai/oil-change,,RETAIN POLICY,NO,"Approved source records reconciled with rendered route; supporting links are observed relationships, not competing primary assignments. "
/brands/aston-martin-service-dubai/fuel-system-repair,en,brand-service,Aston Martin Fuel System Repair Dubai,INDEX,"index, follow, max-image-preview:large",https://digitecme.com/brands/aston-martin-service-dubai/fuel-system-repair,PASS,YES,Existing policy; validate reciprocal destinations,HIGH,,/brands/aston-martin-service-dubai/oil-change,,RETAIN POLICY,NO,"Approved source records reconciled with rendered route; supporting links are observed relationships, not competing primary assignments. "
/brands/aston-martin-service-dubai/mechanical-repair,en,brand-service,Aston Martin Engine & Mechanical Repair Dubai,INDEX,"index, follow, max-image-preview:large",https://digitecme.com/brands/aston-martin-service-dubai/mechanical-repair,PASS,YES,Existing policy; validate reciprocal destinations,HIGH,,/brands/aston-martin-service-dubai/oil-change,,RETAIN POLICY,NO,"Approved source records reconciled with rendered route; supporting links are observed relationships, not competing primary assignments. "
/brands/aston-martin-service-dubai/oil-change,en,brand-service,Aston Martin Oil Change Dubai,INDEX,"index, follow, max-image-preview:large",https://digitecme.com/brands/aston-martin-service-dubai/oil-change,PASS,YES,Existing policy; validate reciprocal destinations,HIGH,,/brands/aston-martin-service-dubai/brake-repair,,RETAIN POLICY,NO,"Approved source records reconciled with rendered route; supporting links are observed relationships, not competing primary assignments. "
/brands/aston-martin-service-dubai/steering-repair,en,brand-service,Aston Martin Steering Repair Dubai,INDEX,"index, follow, max-image-preview:large",https://digitecme.com/brands/aston-martin-service-dubai/steering-repair,PASS,YES,Existing policy; validate reciprocal destinations,HIGH,,/brands/aston-martin-service-dubai/oil-change,,RETAIN POLICY,NO,"Approved source records reconciled with rendered route; supporting links are observed relationships, not competing primary assignments. "
/brands/aston-martin-service-dubai/suspension-repair,en,brand-service,Aston Martin Suspension Repair Dubai,INDEX,"index, follow, max-image-preview:large",https://digitecme.com/brands/aston-martin-service-dubai/suspension-repair,PASS,YES,Existing policy; validate reciprocal destinations,HIGH,,/brands/aston-martin-service-dubai/oil-change,,RETAIN POLICY,NO,"Approved source records reconciled with rendered route; supporting links are observed relationships, not competing primary assignments. "
/brands/aston-martin-service-dubai/tire-repair,en,brand-service,Aston Martin Tyre Repair Dubai,INDEX,"index, follow, max-image-preview:large",https://digitecme.com/brands/aston-martin-service-dubai/tire-repair,PASS,YES,Existing policy; validate reciprocal destinations,HIGH,,/brands/aston-martin-service-dubai/oil-change,,RETAIN POLICY,NO,"Approved source records reconciled with rendered route; supporting links are observed relationships, not competing primary assignments. "
/brands/aston-martin-service-dubai/transmission-repair,en,brand-service,Aston Martin Transmission Repair Dubai,INDEX,"index, follow, max-image-preview:large",https://digitecme.com/brands/aston-martin-service-dubai/transmission-repair,PASS,YES,Existing policy; validate reciprocal destinations,HIGH,,/brands/aston-martin-service-dubai/oil-change,,RETAIN POLICY,NO,"Approved source records reconciled with rendered route; supporting links are observed relationships, not competing primary assignments. "
/brands/audi-service-dubai,en,brand,Audi Service & Repair Dubai,INDEX,"index, follow, max-image-preview:large",https://digitecme.com/brands/audi-service-dubai,PASS,YES,Existing policy; validate reciprocal destinations,HIGH,,/brands/audi-service-dubai/oil-change,,RETAIN POLICY,NO,"Approved source records reconciled with rendered route; supporting links are observed relationships, not competing primary assignments. "
/brands/audi-service-dubai/a4,en,service,Audi A4 Service & Repair Dubai,INDEX,"index, follow, max-image-preview:large",https://digitecme.com/brands/audi-service-dubai/a4,PASS,YES,Existing policy; validate reciprocal destinations,HIGH,,/brands/audi-service-dubai/engine-diagnostics,,RETAIN POLICY,NO,"Approved source records reconciled with rendered route; supporting links are observed relationships, not competing primary assignments. "
/brands/audi-service-dubai/a6,en,service,Audi A6 Service & Repair Dubai,INDEX,"index, follow, max-image-preview:large",https://digitecme.com/brands/audi-service-dubai/a6,PASS,YES,Existing policy; validate reciprocal destinations,HIGH,,/brands/audi-service-dubai/engine-diagnostics,,RETAIN POLICY,NO,"Approved source records reconciled with rendered route; supporting links are observed relationships, not competing primary assignments. "
/brands/audi-service-dubai/ac-repair,en,brand-service,Audi AC Repair Dubai,INDEX,"index, follow, max-image-preview:large",https://digitecme.com/brands/audi-service-dubai/ac-repair,PASS,YES,Existing policy; validate reciprocal destinations,HIGH,,/brands/audi-service-dubai/oil-change,,RETAIN POLICY,NO,"Approved source records reconciled with rendered route; supporting links are observed relationships, not competing primary assignments. "
/brands/audi-service-dubai/battery-replacement,en,brand-service,Audi Battery Replacement Dubai,INDEX,"index, follow, max-image-preview:large",https://digitecme.com/brands/audi-service-dubai/battery-replacement,PASS,YES,Existing policy; validate reciprocal destinations,HIGH,,/brands/audi-service-dubai/oil-change,,RETAIN POLICY,NO,"Approved source records reconciled with rendered route; supporting links are observed relationships, not competing primary assignments. "
/brands/audi-service-dubai/body-repair,en,brand-service,"Commercial repair: dents, damaged paint, refinishing and collision work",INDEX,"index, follow, max-image-preview:large",https://digitecme.com/brands/audi-service-dubai/body-repair,PASS,YES,Existing policy; validate reciprocal destinations,HIGH,"Measured queries support intent only, not historical URL",/services/car-polishing-dubai,,RETAIN POLICY,NO,"Approved source records reconciled with rendered route; supporting links are observed relationships, not competing primary assignments. "
/brands/audi-service-dubai/brake-repair,en,brand-service,Audi Brake Repair Dubai,INDEX,"index, follow, max-image-preview:large",https://digitecme.com/brands/audi-service-dubai/brake-repair,PASS,YES,Existing policy; validate reciprocal destinations,HIGH,,/brands/audi-service-dubai/oil-change,,RETAIN POLICY,NO,"Approved source records reconciled with rendered route; supporting links are observed relationships, not competing primary assignments. "
/brands/audi-service-dubai/electrical-repair,en,brand-service,Audi Electrical Repair Dubai,INDEX,"index, follow, max-image-preview:large",https://digitecme.com/brands/audi-service-dubai/electrical-repair,PASS,YES,Existing policy; validate reciprocal destinations,HIGH,,/brands/audi-service-dubai/oil-change,,RETAIN POLICY,NO,"Approved source records reconciled with rendered route; supporting links are observed relationships, not competing primary assignments. "
/brands/audi-service-dubai/engine-diagnostics,en,brand-service,Audi Engine Diagnostics Dubai,INDEX,"index, follow, max-image-preview:large",https://digitecme.com/brands/audi-service-dubai/engine-diagnostics,PASS,YES,Existing policy; validate reciprocal destinations,HIGH,,/brands/audi-service-dubai/oil-change,,RETAIN POLICY,NO,"Approved source records reconciled with rendered route; supporting links are observed relationships, not competing primary assignments. "
/brands/audi-service-dubai/exhaust-repair,en,brand-service,Audi Exhaust Repair Dubai,INDEX,"index, follow, max-image-preview:large",https://digitecme.com/brands/audi-service-dubai/exhaust-repair,PASS,YES,Existing policy; validate reciprocal destinations,HIGH,,/brands/audi-service-dubai/oil-change,,RETAIN POLICY,NO,"Approved source records reconciled with rendered route; supporting links are observed relationships, not competing primary assignments. "
/brands/audi-service-dubai/fuel-system-repair,en,brand-service,Audi Fuel System Repair Dubai,INDEX,"index, follow, max-image-preview:large",https://digitecme.com/brands/audi-service-dubai/fuel-system-repair,PASS,YES,Existing policy; validate reciprocal destinations,HIGH,,/brands/audi-service-dubai/oil-change,,RETAIN POLICY,NO,"Approved source records reconciled with rendered route; supporting links are observed relationships, not competing primary assignments. "
/brands/audi-service-dubai/mechanical-repair,en,brand-service,Audi Mechanical Repair Dubai,INDEX,"index, follow, max-image-preview:large",https://digitecme.com/brands/audi-service-dubai/mechanical-repair,PASS,YES,Existing policy; validate reciprocal destinations,HIGH,,/brands/audi-service-dubai/oil-change,,RETAIN POLICY,NO,"Approved source records reconciled with rendered route; supporting links are observed relationships, not competing primary assignments. "
/brands/audi-service-dubai/oil-change,en,brand-service,Audi Oil Change Dubai,INDEX,"index, follow, max-image-preview:large",https://digitecme.com/brands/audi-service-dubai/oil-change,PASS,YES,Existing policy; validate reciprocal destinations,HIGH,,/brands/audi-service-dubai/brake-repair,,RETAIN POLICY,NO,"Approved source records reconciled with rendered route; supporting links are observed relationships, not competing primary assignments. "
/brands/audi-service-dubai/q5,en,service,Audi Q5 Service & Repair Dubai,INDEX,"index, follow, max-image-preview:large",https://digitecme.com/brands/audi-service-dubai/q5,PASS,YES,Existing policy; validate reciprocal destinations,HIGH,,/brands/audi-service-dubai/engine-diagnostics,,RETAIN POLICY,NO,"Approved source records reconciled with rendered route; supporting links are observed relationships, not competing primary assignments. "
/brands/audi-service-dubai/q7,en,service,Audi Q7 Service & Repair Dubai,INDEX,"index, follow, max-image-preview:large",https://digitecme.com/brands/audi-service-dubai/q7,PASS,YES,Existing policy; validate reciprocal destinations,HIGH,,/brands/audi-service-dubai/engine-diagnostics,,RETAIN POLICY,NO,"Approved source records reconciled with rendered route; supporting links are observed relationships, not competing primary assignments. "
/brands/audi-service-dubai/q8,en,service,Audi Q8 Service & Repair Dubai,INDEX,"index, follow, max-image-preview:large",https://digitecme.com/brands/audi-service-dubai/q8,PASS,YES,Existing policy; validate reciprocal destinations,HIGH,,/brands/audi-service-dubai/engine-diagnostics,,RETAIN POLICY,NO,"Approved source records reconciled with rendered route; supporting links are observed relationships, not competing primary assignments. "
/brands/audi-service-dubai/r8,en,service,Audi R8 Service & Repair Dubai,INDEX,"index, follow, max-image-preview:large",https://digitecme.com/brands/audi-service-dubai/r8,PASS,YES,Existing policy; validate reciprocal destinations,HIGH,,/brands/audi-service-dubai/engine-diagnostics,,RETAIN POLICY,NO,"Approved source records reconciled with rendered route; supporting links are observed relationships, not competing primary assignments. "
/brands/audi-service-dubai/rs3,en,service,Audi RS3 Service & Repair Dubai,INDEX,"index, follow, max-image-preview:large",https://digitecme.com/brands/audi-service-dubai/rs3,PASS,YES,Existing policy; validate reciprocal destinations,HIGH,,/brands/audi-service-dubai/engine-diagnostics,,RETAIN POLICY,NO,"Approved source records reconciled with rendered route; supporting links are observed relationships, not competing primary assignments. "
/brands/audi-service-dubai/rs6,en,service,Audi RS6 Service & Repair Dubai,INDEX,"index, follow, max-image-preview:large",https://digitecme.com/brands/audi-service-dubai/rs6,PASS,YES,Existing policy; validate reciprocal destinations,HIGH,,/brands/audi-service-dubai/engine-diagnostics,,RETAIN POLICY,NO,"Approved source records reconciled with rendered route; supporting links are observed relationships, not competing primary assignments. "
/brands/audi-service-dubai/steering-repair,en,brand-service,Audi Steering Repair Dubai,INDEX,"index, follow, max-image-preview:large",https://digitecme.com/brands/audi-service-dubai/steering-repair,PASS,YES,Existing policy; validate reciprocal destinations,HIGH,,/brands/audi-service-dubai/oil-change,,RETAIN POLICY,NO,"Approved source records reconciled with rendered route; supporting links are observed relationships, not competing primary assignments. "
/brands/audi-service-dubai/suspension-repair,en,brand-service,Audi Suspension Repair Dubai,INDEX,"index, follow, max-image-preview:large",https://digitecme.com/brands/audi-service-dubai/suspension-repair,PASS,YES,Existing policy; validate reciprocal destinations,HIGH,,/services/suspension-repair-dubai,,RETAIN POLICY,NO,"Approved source records reconciled with rendered route; supporting links are observed relationships, not competing primary assignments. "
/brands/audi-service-dubai/tire-repair,en,brand-service,Audi Tyre Repair Dubai,INDEX,"index, follow, max-image-preview:large",https://digitecme.com/brands/audi-service-dubai/tire-repair,PASS,YES,Existing policy; validate reciprocal destinations,HIGH,,/brands/audi-service-dubai/oil-change,,RETAIN POLICY,NO,"Approved source records reconciled with rendered route; supporting links are observed relationships, not competing primary assignments. "
/brands/audi-service-dubai/transmission-repair,en,brand-service,Audi Transmission Repair Dubai,INDEX,"index, follow, max-image-preview:large",https://digitecme.com/brands/audi-service-dubai/transmission-repair,PASS,YES,Existing policy; validate reciprocal destinations,HIGH,,/brands/audi-service-dubai/oil-change,,RETAIN POLICY,NO,"Approved source records reconciled with rendered route; supporting links are observed relationships, not competing primary assignments. "
/brands/bentley-service-dubai,en,brand,Bentley service and repair discovery,INDEX,"index, follow, max-image-preview:large",https://digitecme.com/brands/bentley-service-dubai,PASS,YES,Existing policy; validate reciprocal destinations,HIGH,"12 latest query rows; 721 impressions; 0 clicks; editorial owner, not proven landing URL",/brands/bentley-service-dubai/oil-change,,RETAIN POLICY,NO,"Approved source records reconciled with rendered route; supporting links are observed relationships, not competing primary assignments. "
/brands/bentley-service-dubai/ac-repair,en,brand-service,Bentley AC Repair Dubai,INDEX,"index, follow, max-image-preview:large",https://digitecme.com/brands/bentley-service-dubai/ac-repair,PASS,YES,Existing policy; validate reciprocal destinations,HIGH,No query × page evidence supplied,/brands/bentley-service-dubai/oil-change,,RETAIN POLICY,NO,"Approved source records reconciled with rendered route; supporting links are observed relationships, not competing primary assignments. "
/brands/bentley-service-dubai/battery-replacement,en,brand-service,Bentley Battery Replacement Dubai,INDEX,"index, follow, max-image-preview:large",https://digitecme.com/brands/bentley-service-dubai/battery-replacement,PASS,YES,Existing policy; validate reciprocal destinations,HIGH,"1 latest query rows; 20 impressions; 0 clicks; editorial owner, not proven landing URL",/brands/bentley-service-dubai/oil-change,,RETAIN POLICY,NO,"Approved source records reconciled with rendered route; supporting links are observed relationships, not competing primary assignments. "
/brands/bentley-service-dubai/body-repair,en,brand-service,"Commercial repair: dents, damaged paint, refinishing and collision work",INDEX,"index, follow, max-image-preview:large",https://digitecme.com/brands/bentley-service-dubai/body-repair,PASS,YES,Existing policy; validate reciprocal destinations,HIGH,"No query × page evidence supplied | Measured queries support intent only, not historical URL",/services/car-polishing-dubai,,RETAIN POLICY,NO,"Approved source records reconciled with rendered route; supporting links are observed relationships, not competing primary assignments. "
/brands/bentley-service-dubai/brake-repair,en,brand-service,Bentley Brake Repair Dubai,INDEX,"index, follow, max-image-preview:large",https://digitecme.com/brands/bentley-service-dubai/brake-repair,PASS,YES,Existing policy; validate reciprocal destinations,HIGH,No query × page evidence supplied,/brands/bentley-service-dubai/oil-change,,RETAIN POLICY,NO,"Approved source records reconciled with rendered route; supporting links are observed relationships, not competing primary assignments. "
/brands/bentley-service-dubai/electrical-repair,en,brand-service,Bentley Electrical Repair Dubai,INDEX,"index, follow, max-image-preview:large",https://digitecme.com/brands/bentley-service-dubai/electrical-repair,PASS,YES,Existing policy; validate reciprocal destinations,HIGH,"1 latest query rows; 354 impressions; 0 clicks; editorial owner, not proven landing URL",/brands/bentley-service-dubai,,RETAIN POLICY,NO,"Approved source records reconciled with rendered route; supporting links are observed relationships, not competing primary assignments. "
/brands/bentley-service-dubai/engine-diagnostics,en,brand-service,Bentley Engine Diagnostics Dubai,INDEX,"index, follow, max-image-preview:large",https://digitecme.com/brands/bentley-service-dubai/engine-diagnostics,PASS,YES,Existing policy; validate reciprocal destinations,HIGH,No query × page evidence supplied,/brands/bentley-service-dubai/oil-change,,RETAIN POLICY,NO,"Approved source records reconciled with rendered route; supporting links are observed relationships, not competing primary assignments. "
/brands/bentley-service-dubai/exhaust-repair,en,brand-service,Bentley Exhaust Repair Dubai,INDEX,"index, follow, max-image-preview:large",https://digitecme.com/brands/bentley-service-dubai/exhaust-repair,PASS,YES,Existing policy; validate reciprocal destinations,HIGH,No query × page evidence supplied,/brands/bentley-service-dubai/oil-change,,RETAIN POLICY,NO,"Approved source records reconciled with rendered route; supporting links are observed relationships, not competing primary assignments. "
/brands/bentley-service-dubai/fuel-system-repair,en,brand-service,Bentley Fuel System Repair Dubai,INDEX,"index, follow, max-image-preview:large",https://digitecme.com/brands/bentley-service-dubai/fuel-system-repair,PASS,YES,Existing policy; validate reciprocal destinations,HIGH,No query × page evidence supplied,/brands/bentley-service-dubai/oil-change,,RETAIN POLICY,NO,"Approved source records reconciled with rendered route; supporting links are observed relationships, not competing primary assignments. "
/brands/bentley-service-dubai/mechanical-repair,en,brand-service,Bentley Mechanical Repair Dubai,INDEX,"index, follow, max-image-preview:large",https://digitecme.com/brands/bentley-service-dubai/mechanical-repair,PASS,YES,Existing policy; validate reciprocal destinations,HIGH,No query × page evidence supplied,/brands/bentley-service-dubai/oil-change,,RETAIN POLICY,NO,"Approved source records reconciled with rendered route; supporting links are observed relationships, not competing primary assignments. "
/brands/bentley-service-dubai/oil-change,en,brand-service,Bentley Oil Change Dubai,INDEX,"index, follow, max-image-preview:large",https://digitecme.com/brands/bentley-service-dubai/oil-change,PASS,YES,Existing policy; validate reciprocal destinations,HIGH,No query × page evidence supplied,/services/oil-change-dubai,,RETAIN POLICY,NO,"Approved source records reconciled with rendered route; supporting links are observed relationships, not competing primary assignments. "
/brands/bentley-service-dubai/steering-repair,en,brand-service,Bentley Steering Repair Dubai,INDEX,"index, follow, max-image-preview:large",https://digitecme.com/brands/bentley-service-dubai/steering-repair,PASS,YES,Existing policy; validate reciprocal destinations,HIGH,No query × page evidence supplied,/brands/bentley-service-dubai/oil-change,,RETAIN POLICY,NO,"Approved source records reconciled with rendered route; supporting links are observed relationships, not competing primary assignments. "
/brands/bentley-service-dubai/suspension-repair,en,brand-service,Bentley Suspension Repair Dubai,INDEX,"index, follow, max-image-preview:large",https://digitecme.com/brands/bentley-service-dubai/suspension-repair,PASS,YES,Existing policy; validate reciprocal destinations,HIGH,"1 latest query rows; 20 impressions; 0 clicks; editorial owner, not proven landing URL",/services/suspension-repair-dubai,,RETAIN POLICY,NO,"Approved source records reconciled with rendered route; supporting links are observed relationships, not competing primary assignments. "
/brands/bentley-service-dubai/tire-repair,en,brand-service,Bentley Tyre Repair Dubai,INDEX,"index, follow, max-image-preview:large",https://digitecme.com/brands/bentley-service-dubai/tire-repair,PASS,YES,Existing policy; validate reciprocal destinations,HIGH,No query × page evidence supplied,/brands/bentley-service-dubai/oil-change,,RETAIN POLICY,NO,"Approved source records reconciled with rendered route; supporting links are observed relationships, not competing primary assignments. "
/brands/bentley-service-dubai/transmission-repair,en,brand-service,Bentley Transmission Repair Dubai,INDEX,"index, follow, max-image-preview:large",https://digitecme.com/brands/bentley-service-dubai/transmission-repair,PASS,YES,Existing policy; validate reciprocal destinations,HIGH,"2 latest query rows; 78 impressions; 0 clicks; editorial owner, not proven landing URL",/brands/bentley-service-dubai/oil-change,,RETAIN POLICY,NO,"Approved source records reconciled with rendered route; supporting links are observed relationships, not competing primary assignments. "
/brands/bmw-service-dubai,en,brand,BMW service/repair discovery,INDEX,"index, follow, max-image-preview:large",https://digitecme.com/brands/bmw-service-dubai,PASS,YES,Existing policy; validate reciprocal destinations,HIGH,"17 mapped query rows, 1496 impressions, 4 clicks; query-only, not page attribution",/brands/bmw-service-dubai/oil-change,,RETAIN POLICY,NO,"Approved source records reconciled with rendered route; supporting links are observed relationships, not competing primary assignments. "
/brands/bmw-service-dubai/3-series,en,service,BMW 3 Series Service & Repair Dubai,INDEX,"index, follow, max-image-preview:large",https://digitecme.com/brands/bmw-service-dubai/3-series,PASS,YES,Existing policy; validate reciprocal destinations,HIGH,No latest query mapped; absence from top-query export does not mean zero traffic,/brands/bmw-service-dubai/engine-diagnostics,,RETAIN POLICY,NO,"Approved source records reconciled with rendered route; supporting links are observed relationships, not competing primary assignments. "
/brands/bmw-service-dubai/5-series,en,service,BMW 5 Series Service & Repair Dubai,INDEX,"index, follow, max-image-preview:large",https://digitecme.com/brands/bmw-service-dubai/5-series,PASS,YES,Existing policy; validate reciprocal destinations,HIGH,No latest query mapped; absence from top-query export does not mean zero traffic,/brands/bmw-service-dubai/engine-diagnostics,,RETAIN POLICY,NO,"Approved source records reconciled with rendered route; supporting links are observed relationships, not competing primary assignments. "
/brands/bmw-service-dubai/ac-repair,en,brand-service,BMW AC repair,INDEX,"index, follow, max-image-preview:large",https://digitecme.com/brands/bmw-service-dubai/ac-repair,PASS,YES,Existing policy; validate reciprocal destinations,HIGH,"2 mapped query rows, 87 impressions, 0 clicks; query-only, not page attribution",/brands/bmw-service-dubai/x5,,RETAIN POLICY,NO,"Approved source records reconciled with rendered route; supporting links are observed relationships, not competing primary assignments. "
/brands/bmw-service-dubai/battery-replacement,en,brand-service,BMW battery assessment,INDEX,"index, follow, max-image-preview:large",https://digitecme.com/brands/bmw-service-dubai/battery-replacement,PASS,YES,Existing policy; validate reciprocal destinations,HIGH,"4 mapped query rows, 166 impressions, 0 clicks; query-only, not page attribution",/brands/bmw-service-dubai/x5,,RETAIN POLICY,NO,"Approved source records reconciled with rendered route; supporting links are observed relationships, not competing primary assignments. "
/brands/bmw-service-dubai/body-repair,en,brand-service,"Commercial repair: dents, damaged paint, refinishing and collision work",INDEX,"index, follow, max-image-preview:large",https://digitecme.com/brands/bmw-service-dubai/body-repair,PASS,YES,Existing policy; validate reciprocal destinations,HIGH,"4 mapped query rows, 119 impressions, 0 clicks; query-only, not page attribution | Measured queries support intent only, not historical URL",/services/car-polishing-dubai,,RETAIN POLICY,NO,"Approved source records reconciled with rendered route; supporting links are observed relationships, not competing primary assignments. "
/brands/bmw-service-dubai/brake-repair,en,brand-service,BMW brake repair,INDEX,"index, follow, max-image-preview:large",https://digitecme.com/brands/bmw-service-dubai/brake-repair,PASS,YES,Existing policy; validate reciprocal destinations,HIGH,"1 mapped query rows, 44 impressions, 0 clicks; query-only, not page attribution",/brands/bmw-service-dubai/x5,,RETAIN POLICY,NO,"Approved source records reconciled with rendered route; supporting links are observed relationships, not competing primary assignments. "
/brands/bmw-service-dubai/electrical-repair,en,brand-service,iDrive/electronics assessment,INDEX,"index, follow, max-image-preview:large",https://digitecme.com/brands/bmw-service-dubai/electrical-repair,PASS,YES,Existing policy; validate reciprocal destinations,HIGH,"1 mapped query rows, 19 impressions, 0 clicks; query-only, not page attribution",/brands/bmw-service-dubai/x5,,RETAIN POLICY,NO,"Approved source records reconciled with rendered route; supporting links are observed relationships, not competing primary assignments. "
/brands/bmw-service-dubai/engine-diagnostics,en,brand-service,BMW diagnostics,INDEX,"index, follow, max-image-preview:large",https://digitecme.com/brands/bmw-service-dubai/engine-diagnostics,PASS,YES,Existing policy; validate reciprocal destinations,HIGH,"2 mapped query rows, 129 impressions, 0 clicks; query-only, not page attribution",/brands/bmw-service-dubai/x5,,RETAIN POLICY,NO,"Approved source records reconciled with rendered route; supporting links are observed relationships, not competing primary assignments. "
/brands/bmw-service-dubai/exhaust-repair,en,brand-service,BMW exhaust repair,INDEX,"index, follow, max-image-preview:large",https://digitecme.com/brands/bmw-service-dubai/exhaust-repair,PASS,YES,Existing policy; validate reciprocal destinations,HIGH,No latest query mapped; absence from top-query export does not mean zero traffic,/brands/bmw-service-dubai/x5,,RETAIN POLICY,NO,"Approved source records reconciled with rendered route; supporting links are observed relationships, not competing primary assignments. "
/brands/bmw-service-dubai/fuel-system-repair,en,brand-service,Commercial Service,INDEX,"index, follow, max-image-preview:large",https://digitecme.com/brands/bmw-service-dubai/fuel-system-repair,PASS,YES,Existing policy; validate reciprocal destinations,HIGH,No latest query mapped; absence from top-query export does not mean zero traffic,/brands/bmw-service-dubai/x5,,RETAIN POLICY,NO,"Approved source records reconciled with rendered route; supporting links are observed relationships, not competing primary assignments. "
/brands/bmw-service-dubai/m3,en,service,BMW M3 Service & Repair Dubai,INDEX,"index, follow, max-image-preview:large",https://digitecme.com/brands/bmw-service-dubai/m3,PASS,YES,Existing policy; validate reciprocal destinations,HIGH,No latest query mapped; absence from top-query export does not mean zero traffic,/brands/bmw-service-dubai/engine-diagnostics,,RETAIN POLICY,NO,"Approved source records reconciled with rendered route; supporting links are observed relationships, not competing primary assignments. "
/brands/bmw-service-dubai/m4,en,service,BMW M4 Service & Repair Dubai,INDEX,"index, follow, max-image-preview:large",https://digitecme.com/brands/bmw-service-dubai/m4,PASS,YES,Existing policy; validate reciprocal destinations,HIGH,No latest query mapped; absence from top-query export does not mean zero traffic,/brands/bmw-service-dubai/engine-diagnostics,,RETAIN POLICY,NO,"Approved source records reconciled with rendered route; supporting links are observed relationships, not competing primary assignments. "
/brands/bmw-service-dubai/m5,en,service,BMW M5 Service & Repair Dubai,INDEX,"index, follow, max-image-preview:large",https://digitecme.com/brands/bmw-service-dubai/m5,PASS,YES,Existing policy; validate reciprocal destinations,HIGH,No latest query mapped; absence from top-query export does not mean zero traffic,/brands/bmw-service-dubai/mechanical-repair,,RETAIN POLICY,NO,"Approved source records reconciled with rendered route; supporting links are observed relationships, not competing primary assignments. "
/brands/bmw-service-dubai/mechanical-repair,en,brand-service,BMW mechanical repair,INDEX,"index, follow, max-image-preview:large",https://digitecme.com/brands/bmw-service-dubai/mechanical-repair,PASS,YES,Existing policy; validate reciprocal destinations,HIGH,"2 mapped query rows, 92 impressions, 0 clicks; query-only, not page attribution",/brands/bmw-service-dubai/x5,,RETAIN POLICY,NO,"Approved source records reconciled with rendered route; supporting links are observed relationships, not competing primary assignments. "
/brands/bmw-service-dubai/oil-change,en,brand-service,BMW oil service,INDEX,"index, follow, max-image-preview:large",https://digitecme.com/brands/bmw-service-dubai/oil-change,PASS,YES,Existing policy; validate reciprocal destinations,HIGH,No latest query mapped; absence from top-query export does not mean zero traffic,/services/oil-change-dubai,,RETAIN POLICY,NO,"Approved source records reconciled with rendered route; supporting links are observed relationships, not competing primary assignments. "
/brands/bmw-service-dubai/steering-repair,en,brand-service,BMW steering repair,INDEX,"index, follow, max-image-preview:large",https://digitecme.com/brands/bmw-service-dubai/steering-repair,PASS,YES,Existing policy; validate reciprocal destinations,HIGH,No latest query mapped; absence from top-query export does not mean zero traffic,/brands/bmw-service-dubai/x5,,RETAIN POLICY,NO,"Approved source records reconciled with rendered route; supporting links are observed relationships, not competing primary assignments. "
/brands/bmw-service-dubai/suspension-repair,en,brand-service,BMW suspension repair,INDEX,"index, follow, max-image-preview:large",https://digitecme.com/brands/bmw-service-dubai/suspension-repair,PASS,YES,Existing policy; validate reciprocal destinations,HIGH,"2 mapped query rows, 62 impressions, 0 clicks; query-only, not page attribution",/services/suspension-repair-dubai,,RETAIN POLICY,NO,"Approved source records reconciled with rendered route; supporting links are observed relationships, not competing primary assignments. "
/brands/bmw-service-dubai/tire-repair,en,brand-service,BMW tyre/wheel service,INDEX,"index, follow, max-image-preview:large",https://digitecme.com/brands/bmw-service-dubai/tire-repair,PASS,YES,Existing policy; validate reciprocal destinations,HIGH,No latest query mapped; absence from top-query export does not mean zero traffic,/brands/bmw-service-dubai/x5,,RETAIN POLICY,NO,"Approved source records reconciled with rendered route; supporting links are observed relationships, not competing primary assignments. "
/brands/bmw-service-dubai/transmission-repair,en,brand-service,BMW gearbox repair,INDEX,"index, follow, max-image-preview:large",https://digitecme.com/brands/bmw-service-dubai/transmission-repair,PASS,YES,Existing policy; validate reciprocal destinations,HIGH,"4 mapped query rows, 224 impressions, 0 clicks; query-only, not page attribution",/brands/bmw-service-dubai/x5,,RETAIN POLICY,NO,"Approved source records reconciled with rendered route; supporting links are observed relationships, not competing primary assignments. "
/brands/bmw-service-dubai/x5,en,service,BMW X5 Service & Repair Dubai,INDEX,"index, follow, max-image-preview:large",https://digitecme.com/brands/bmw-service-dubai/x5,PASS,YES,Existing policy; validate reciprocal destinations,HIGH,No latest query mapped; absence from top-query export does not mean zero traffic,/brands/bmw-service-dubai/suspension-repair,,RETAIN POLICY,NO,"Approved source records reconciled with rendered route; supporting links are observed relationships, not competing primary assignments. "
/brands/bmw-service-dubai/x6,en,service,BMW X6 Service & Repair Dubai,INDEX,"index, follow, max-image-preview:large",https://digitecme.com/brands/bmw-service-dubai/x6,PASS,YES,Existing policy; validate reciprocal destinations,HIGH,No latest query mapped; absence from top-query export does not mean zero traffic,/brands/bmw-service-dubai/engine-diagnostics,,RETAIN POLICY,NO,"Approved source records reconciled with rendered route; supporting links are observed relationships, not competing primary assignments. "
/brands/bugatti-service-dubai,en,brand,Bugatti Repair & Service Dubai,INDEX,"index, follow, max-image-preview:large",https://digitecme.com/brands/bugatti-service-dubai,PASS,YES,Existing policy; validate reciprocal destinations,HIGH,,/brands/bugatti-service-dubai/oil-change,,RETAIN POLICY,NO,"Approved source records reconciled with rendered route; supporting links are observed relationships, not competing primary assignments. "
/brands/bugatti-service-dubai/ac-repair,en,brand-service,Bugatti AC Repair Dubai,INDEX,"index, follow, max-image-preview:large",https://digitecme.com/brands/bugatti-service-dubai/ac-repair,PASS,YES,Existing policy; validate reciprocal destinations,HIGH,,/brands/bugatti-service-dubai/oil-change,,RETAIN POLICY,NO,"Approved source records reconciled with rendered route; supporting links are observed relationships, not competing primary assignments. "
/brands/bugatti-service-dubai/battery-replacement,en,brand-service,Bugatti Battery Replacement Dubai,NOINDEX,"noindex, follow",https://digitecme.com/brands/bugatti-service-dubai/battery-replacement,PASS,NO,Existing policy; validate reciprocal destinations,HIGH,,/brands/bugatti-service-dubai/oil-change,,RETAIN POLICY,NO,"Approved source records reconciled with rendered route; supporting links are observed relationships, not competing primary assignments. Noindex support role retained; not a search-primary target."
/brands/bugatti-service-dubai/body-repair,en,brand-service,"Commercial repair: dents, damaged paint, refinishing and collision work",NOINDEX,"noindex, follow",https://digitecme.com/brands/bugatti-service-dubai/body-repair,PASS,NO,Existing policy; validate reciprocal destinations,HIGH,"Measured queries support intent only, not historical URL",/services/car-polishing-dubai,,RETAIN POLICY,NO,"Approved source records reconciled with rendered route; supporting links are observed relationships, not competing primary assignments. Noindex support role retained; not a search-primary target."
/brands/bugatti-service-dubai/brake-repair,en,brand-service,Bugatti Brake Repair Dubai,INDEX,"index, follow, max-image-preview:large",https://digitecme.com/brands/bugatti-service-dubai/brake-repair,PASS,YES,Existing policy; validate reciprocal destinations,HIGH,,/brands/bugatti-service-dubai/oil-change,,RETAIN POLICY,NO,"Approved source records reconciled with rendered route; supporting links are observed relationships, not competing primary assignments. "
/brands/bugatti-service-dubai/electrical-repair,en,brand-service,Bugatti Electrical Repair Dubai,NOINDEX,"noindex, follow",https://digitecme.com/brands/bugatti-service-dubai/electrical-repair,PASS,NO,Existing policy; validate reciprocal destinations,HIGH,,/brands/bugatti-service-dubai/oil-change,,RETAIN POLICY,NO,"Approved source records reconciled with rendered route; supporting links are observed relationships, not competing primary assignments. Noindex support role retained; not a search-primary target."
/brands/bugatti-service-dubai/engine-diagnostics,en,brand-service,Bugatti Engine Diagnostics Dubai,INDEX,"index, follow, max-image-preview:large",https://digitecme.com/brands/bugatti-service-dubai/engine-diagnostics,PASS,YES,Existing policy; validate reciprocal destinations,HIGH,,/brands/bugatti-service-dubai/oil-change,,RETAIN POLICY,NO,"Approved source records reconciled with rendered route; supporting links are observed relationships, not competing primary assignments. "
/brands/bugatti-service-dubai/exhaust-repair,en,brand-service,Bugatti Exhaust Repair Dubai,NOINDEX,"noindex, follow",https://digitecme.com/brands/bugatti-service-dubai/exhaust-repair,PASS,NO,Existing policy; validate reciprocal destinations,HIGH,,/brands/bugatti-service-dubai/oil-change,,RETAIN POLICY,NO,"Approved source records reconciled with rendered route; supporting links are observed relationships, not competing primary assignments. Noindex support role retained; not a search-primary target."
/brands/bugatti-service-dubai/fuel-system-repair,en,brand-service,Bugatti Fuel System Repair Dubai,NOINDEX,"noindex, follow",https://digitecme.com/brands/bugatti-service-dubai/fuel-system-repair,PASS,NO,Existing policy; validate reciprocal destinations,HIGH,,/brands/bugatti-service-dubai/oil-change,,RETAIN POLICY,NO,"Approved source records reconciled with rendered route; supporting links are observed relationships, not competing primary assignments. Noindex support role retained; not a search-primary target."
/brands/bugatti-service-dubai/mechanical-repair,en,brand-service,Bugatti Mechanical Repair Dubai,NOINDEX,"noindex, follow",https://digitecme.com/brands/bugatti-service-dubai/mechanical-repair,PASS,NO,Existing policy; validate reciprocal destinations,HIGH,,/brands/bugatti-service-dubai/oil-change,,RETAIN POLICY,NO,"Approved source records reconciled with rendered route; supporting links are observed relationships, not competing primary assignments. Noindex support role retained; not a search-primary target."
/brands/bugatti-service-dubai/oil-change,en,brand-service,Bugatti Oil Change Dubai,INDEX,"index, follow, max-image-preview:large",https://digitecme.com/brands/bugatti-service-dubai/oil-change,PASS,YES,Existing policy; validate reciprocal destinations,HIGH,,/brands/bugatti-service-dubai/brake-repair,,RETAIN POLICY,NO,"Approved source records reconciled with rendered route; supporting links are observed relationships, not competing primary assignments. "
/brands/bugatti-service-dubai/steering-repair,en,brand-service,Bugatti Steering Repair Dubai,NOINDEX,"noindex, follow",https://digitecme.com/brands/bugatti-service-dubai/steering-repair,PASS,NO,Existing policy; validate reciprocal destinations,HIGH,,/brands/bugatti-service-dubai/oil-change,,RETAIN POLICY,NO,"Approved source records reconciled with rendered route; supporting links are observed relationships, not competing primary assignments. Noindex support role retained; not a search-primary target."
/brands/bugatti-service-dubai/suspension-repair,en,brand-service,Bugatti Suspension Repair Dubai,NOINDEX,"noindex, follow",https://digitecme.com/brands/bugatti-service-dubai/suspension-repair,PASS,NO,Existing policy; validate reciprocal destinations,HIGH,,/brands/bugatti-service-dubai/oil-change,,RETAIN POLICY,NO,"Approved source records reconciled with rendered route; supporting links are observed relationships, not competing primary assignments. Noindex support role retained; not a search-primary target."
/brands/bugatti-service-dubai/tire-repair,en,brand-service,Bugatti Tyre Repair Dubai,NOINDEX,"noindex, follow",https://digitecme.com/brands/bugatti-service-dubai/tire-repair,PASS,NO,Existing policy; validate reciprocal destinations,HIGH,,/brands/bugatti-service-dubai/oil-change,,RETAIN POLICY,NO,"Approved source records reconciled with rendered route; supporting links are observed relationships, not competing primary assignments. Noindex support role retained; not a search-primary target."
/brands/bugatti-service-dubai/transmission-repair,en,brand-service,Bugatti Transmission Repair Dubai,NOINDEX,"noindex, follow",https://digitecme.com/brands/bugatti-service-dubai/transmission-repair,PASS,NO,Existing policy; validate reciprocal destinations,HIGH,,/brands/bugatti-service-dubai/oil-change,,RETAIN POLICY,NO,"Approved source records reconciled with rendered route; supporting links are observed relationships, not competing primary assignments. Noindex support role retained; not a search-primary target."
/brands/byd-service-dubai,en,brand,BYD Repair & Service Dubai,INDEX,"index, follow, max-image-preview:large",https://digitecme.com/brands/byd-service-dubai,PASS,YES,Existing policy; validate reciprocal destinations,HIGH,,/brands/byd-service-dubai/oil-change,,RETAIN POLICY,NO,"Approved source records reconciled with rendered route; supporting links are observed relationships, not competing primary assignments. "
/brands/byd-service-dubai/ac-repair,en,brand-service,BYD AC Repair Dubai,INDEX,"index, follow, max-image-preview:large",https://digitecme.com/brands/byd-service-dubai/ac-repair,PASS,YES,Existing policy; validate reciprocal destinations,HIGH,,/brands/byd-service-dubai/oil-change,,RETAIN POLICY,NO,"Approved source records reconciled with rendered route; supporting links are observed relationships, not competing primary assignments. "
/brands/byd-service-dubai/battery-replacement,en,brand-service,BYD Battery Replacement Dubai,NOINDEX,"noindex, follow",https://digitecme.com/brands/byd-service-dubai/battery-replacement,PASS,NO,Existing policy; validate reciprocal destinations,HIGH,,/brands/byd-service-dubai/oil-change,,RETAIN POLICY,NO,"Approved source records reconciled with rendered route; supporting links are observed relationships, not competing primary assignments. Noindex support role retained; not a search-primary target."
/brands/byd-service-dubai/body-repair,en,brand-service,"Commercial repair: dents, damaged paint, refinishing and collision work",NOINDEX,"noindex, follow",https://digitecme.com/brands/byd-service-dubai/body-repair,PASS,NO,Existing policy; validate reciprocal destinations,HIGH,"Measured queries support intent only, not historical URL",/services/car-polishing-dubai,,RETAIN POLICY,NO,"Approved source records reconciled with rendered route; supporting links are observed relationships, not competing primary assignments. Noindex support role retained; not a search-primary target."
/brands/byd-service-dubai/brake-repair,en,brand-service,BYD Brake Repair Dubai,INDEX,"index, follow, max-image-preview:large",https://digitecme.com/brands/byd-service-dubai/brake-repair,PASS,YES,Existing policy; validate reciprocal destinations,HIGH,,/brands/byd-service-dubai/oil-change,,RETAIN POLICY,NO,"Approved source records reconciled with rendered route; supporting links are observed relationships, not competing primary assignments. "
/brands/byd-service-dubai/electrical-repair,en,brand-service,BYD Electrical Repair Dubai,NOINDEX,"noindex, follow",https://digitecme.com/brands/byd-service-dubai/electrical-repair,PASS,NO,Existing policy; validate reciprocal destinations,HIGH,,/brands/byd-service-dubai/oil-change,,RETAIN POLICY,NO,"Approved source records reconciled with rendered route; supporting links are observed relationships, not competing primary assignments. Noindex support role retained; not a search-primary target."
/brands/byd-service-dubai/engine-diagnostics,en,brand-service,BYD Engine Diagnostics Dubai,INDEX,"index, follow, max-image-preview:large",https://digitecme.com/brands/byd-service-dubai/engine-diagnostics,PASS,YES,Existing policy; validate reciprocal destinations,HIGH,,/brands/byd-service-dubai/oil-change,,RETAIN POLICY,NO,"Approved source records reconciled with rendered route; supporting links are observed relationships, not competing primary assignments. "
/brands/byd-service-dubai/exhaust-repair,en,brand-service,BYD Exhaust Repair Dubai,NOINDEX,"noindex, follow",https://digitecme.com/brands/byd-service-dubai/exhaust-repair,PASS,NO,Existing policy; validate reciprocal destinations,HIGH,,/brands/byd-service-dubai/oil-change,,RETAIN POLICY,NO,"Approved source records reconciled with rendered route; supporting links are observed relationships, not competing primary assignments. Noindex support role retained; not a search-primary target."
/brands/byd-service-dubai/fuel-system-repair,en,brand-service,BYD Fuel System Repair Dubai,NOINDEX,"noindex, follow",https://digitecme.com/brands/byd-service-dubai/fuel-system-repair,PASS,NO,Existing policy; validate reciprocal destinations,HIGH,,/brands/byd-service-dubai/oil-change,,RETAIN POLICY,NO,"Approved source records reconciled with rendered route; supporting links are observed relationships, not competing primary assignments. Noindex support role retained; not a search-primary target."
/brands/byd-service-dubai/mechanical-repair,en,brand-service,BYD Mechanical Repair Dubai,NOINDEX,"noindex, follow",https://digitecme.com/brands/byd-service-dubai/mechanical-repair,PASS,NO,Existing policy; validate reciprocal destinations,HIGH,,/brands/byd-service-dubai/oil-change,,RETAIN POLICY,NO,"Approved source records reconciled with rendered route; supporting links are observed relationships, not competing primary assignments. Noindex support role retained; not a search-primary target."
/brands/byd-service-dubai/oil-change,en,brand-service,BYD Oil Change Dubai,INDEX,"index, follow, max-image-preview:large",https://digitecme.com/brands/byd-service-dubai/oil-change,PASS,YES,Existing policy; validate reciprocal destinations,HIGH,,/brands/byd-service-dubai/brake-repair,,RETAIN POLICY,NO,"Approved source records reconciled with rendered route; supporting links are observed relationships, not competing primary assignments. "
/brands/byd-service-dubai/steering-repair,en,brand-service,BYD Steering Repair Dubai,NOINDEX,"noindex, follow",https://digitecme.com/brands/byd-service-dubai/steering-repair,PASS,NO,Existing policy; validate reciprocal destinations,HIGH,,/brands/byd-service-dubai/oil-change,,RETAIN POLICY,NO,"Approved source records reconciled with rendered route; supporting links are observed relationships, not competing primary assignments. Noindex support role retained; not a search-primary target."
/brands/byd-service-dubai/suspension-repair,en,brand-service,BYD Suspension Repair Dubai,NOINDEX,"noindex, follow",https://digitecme.com/brands/byd-service-dubai/suspension-repair,PASS,NO,Existing policy; validate reciprocal destinations,HIGH,,/brands/byd-service-dubai/oil-change,,RETAIN POLICY,NO,"Approved source records reconciled with rendered route; supporting links are observed relationships, not competing primary assignments. Noindex support role retained; not a search-primary target."
/brands/byd-service-dubai/tire-repair,en,brand-service,BYD Tyre Repair Dubai,NOINDEX,"noindex, follow",https://digitecme.com/brands/byd-service-dubai/tire-repair,PASS,NO,Existing policy; validate reciprocal destinations,HIGH,,/brands/byd-service-dubai/oil-change,,RETAIN POLICY,NO,"Approved source records reconciled with rendered route; supporting links are observed relationships, not competing primary assignments. Noindex support role retained; not a search-primary target."
/brands/byd-service-dubai/transmission-repair,en,brand-service,BYD Transmission Repair Dubai,NOINDEX,"noindex, follow",https://digitecme.com/brands/byd-service-dubai/transmission-repair,PASS,NO,Existing policy; validate reciprocal destinations,HIGH,,/brands/byd-service-dubai/oil-change,,RETAIN POLICY,NO,"Approved source records reconciled with rendered route; supporting links are observed relationships, not competing primary assignments. Noindex support role retained; not a search-primary target."
/brands/cadillac-service-dubai,en,brand,Cadillac Repair & Service Dubai,INDEX,"index, follow, max-image-preview:large",https://digitecme.com/brands/cadillac-service-dubai,PASS,YES,Existing policy; validate reciprocal destinations,HIGH,"13 query rows, 544 impressions in Sept 27 export; editorial mapping only",/brands/cadillac-service-dubai/oil-change,,RETAIN POLICY,NO,"Approved source records reconciled with rendered route; supporting links are observed relationships, not competing primary assignments. "
/brands/cadillac-service-dubai/ac-repair,en,brand-service,Cadillac AC Repair Dubai,INDEX,"index, follow, max-image-preview:large",https://digitecme.com/brands/cadillac-service-dubai/ac-repair,PASS,YES,Existing policy; validate reciprocal destinations,HIGH,"1 query rows, 84 impressions in Sept 27 export; editorial mapping only",/brands/cadillac-service-dubai/oil-change,,RETAIN POLICY,NO,"Approved source records reconciled with rendered route; supporting links are observed relationships, not competing primary assignments. "
/brands/cadillac-service-dubai/battery-replacement,en,brand-service,Cadillac Battery Replacement Dubai,NOINDEX,"noindex, follow",https://digitecme.com/brands/cadillac-service-dubai/battery-replacement,PASS,NO,Existing policy; validate reciprocal destinations,HIGH,No query × landing-page join supplied,/brands/cadillac-service-dubai/oil-change,,RETAIN POLICY,NO,"Approved source records reconciled with rendered route; supporting links are observed relationships, not competing primary assignments. Noindex support role retained; not a search-primary target."
/brands/cadillac-service-dubai/body-repair,en,brand-service,"Commercial repair: dents, damaged paint, refinishing and collision work",NOINDEX,"noindex, follow",https://digitecme.com/brands/cadillac-service-dubai/body-repair,PASS,NO,Existing policy; validate reciprocal destinations,HIGH,"No query × landing-page join supplied | Measured queries support intent only, not historical URL",/services/car-polishing-dubai,,RETAIN POLICY,NO,"Approved source records reconciled with rendered route; supporting links are observed relationships, not competing primary assignments. Noindex support role retained; not a search-primary target."
/brands/cadillac-service-dubai/brake-repair,en,brand-service,Cadillac Brake Repair Dubai,INDEX,"index, follow, max-image-preview:large",https://digitecme.com/brands/cadillac-service-dubai/brake-repair,PASS,YES,Existing policy; validate reciprocal destinations,HIGH,No query × landing-page join supplied,/brands/cadillac-service-dubai/oil-change,,RETAIN POLICY,NO,"Approved source records reconciled with rendered route; supporting links are observed relationships, not competing primary assignments. "
/brands/cadillac-service-dubai/electrical-repair,en,brand-service,Cadillac Electrical Repair Dubai,NOINDEX,"noindex, follow",https://digitecme.com/brands/cadillac-service-dubai/electrical-repair,PASS,NO,Existing policy; validate reciprocal destinations,HIGH,No query × landing-page join supplied,/brands/cadillac-service-dubai/oil-change,,RETAIN POLICY,NO,"Approved source records reconciled with rendered route; supporting links are observed relationships, not competing primary assignments. Noindex support role retained; not a search-primary target."
/brands/cadillac-service-dubai/engine-diagnostics,en,brand-service,Cadillac Engine Diagnostics Dubai,INDEX,"index, follow, max-image-preview:large",https://digitecme.com/brands/cadillac-service-dubai/engine-diagnostics,PASS,YES,Existing policy; validate reciprocal destinations,HIGH,No query × landing-page join supplied,/brands/cadillac-service-dubai/oil-change,,RETAIN POLICY,NO,"Approved source records reconciled with rendered route; supporting links are observed relationships, not competing primary assignments. "
/brands/cadillac-service-dubai/exhaust-repair,en,brand-service,Cadillac Exhaust Repair Dubai,NOINDEX,"noindex, follow",https://digitecme.com/brands/cadillac-service-dubai/exhaust-repair,PASS,NO,Existing policy; validate reciprocal destinations,HIGH,No query × landing-page join supplied,/brands/cadillac-service-dubai/oil-change,,RETAIN POLICY,NO,"Approved source records reconciled with rendered route; supporting links are observed relationships, not competing primary assignments. Noindex support role retained; not a search-primary target."
/brands/cadillac-service-dubai/fuel-system-repair,en,brand-service,Cadillac Fuel System Repair Dubai,NOINDEX,"noindex, follow",https://digitecme.com/brands/cadillac-service-dubai/fuel-system-repair,PASS,NO,Existing policy; validate reciprocal destinations,HIGH,No query × landing-page join supplied,/brands/cadillac-service-dubai/oil-change,,RETAIN POLICY,NO,"Approved source records reconciled with rendered route; supporting links are observed relationships, not competing primary assignments. Noindex support role retained; not a search-primary target."
/brands/cadillac-service-dubai/mechanical-repair,en,brand-service,Cadillac Mechanical Repair Dubai,NOINDEX,"noindex, follow",https://digitecme.com/brands/cadillac-service-dubai/mechanical-repair,PASS,NO,Existing policy; validate reciprocal destinations,HIGH,No query × landing-page join supplied,/brands/cadillac-service-dubai/oil-change,,RETAIN POLICY,NO,"Approved source records reconciled with rendered route; supporting links are observed relationships, not competing primary assignments. Noindex support role retained; not a search-primary target."
/brands/cadillac-service-dubai/oil-change,en,brand-service,Cadillac Oil Change Dubai,INDEX,"index, follow, max-image-preview:large",https://digitecme.com/brands/cadillac-service-dubai/oil-change,PASS,YES,Existing policy; validate reciprocal destinations,HIGH,"1 query rows, 73 impressions in Sept 27 export; editorial mapping only",/brands/cadillac-service-dubai/brake-repair,,RETAIN POLICY,NO,"Approved source records reconciled with rendered route; supporting links are observed relationships, not competing primary assignments. "
/brands/cadillac-service-dubai/steering-repair,en,brand-service,Cadillac Steering Repair Dubai,NOINDEX,"noindex, follow",https://digitecme.com/brands/cadillac-service-dubai/steering-repair,PASS,NO,Existing policy; validate reciprocal destinations,HIGH,No query × landing-page join supplied,/brands/cadillac-service-dubai/oil-change,,RETAIN POLICY,NO,"Approved source records reconciled with rendered route; supporting links are observed relationships, not competing primary assignments. Noindex support role retained; not a search-primary target."
/brands/cadillac-service-dubai/suspension-repair,en,brand-service,Cadillac Suspension Repair Dubai,NOINDEX,"noindex, follow",https://digitecme.com/brands/cadillac-service-dubai/suspension-repair,PASS,NO,Existing policy; validate reciprocal destinations,HIGH,No query × landing-page join supplied,/brands/cadillac-service-dubai/oil-change,,RETAIN POLICY,NO,"Approved source records reconciled with rendered route; supporting links are observed relationships, not competing primary assignments. Noindex support role retained; not a search-primary target."
/brands/cadillac-service-dubai/tire-repair,en,brand-service,Cadillac Tyre Repair Dubai,NOINDEX,"noindex, follow",https://digitecme.com/brands/cadillac-service-dubai/tire-repair,PASS,NO,Existing policy; validate reciprocal destinations,HIGH,No query × landing-page join supplied,/brands/cadillac-service-dubai/oil-change,,RETAIN POLICY,NO,"Approved source records reconciled with rendered route; supporting links are observed relationships, not competing primary assignments. Noindex support role retained; not a search-primary target."
/brands/cadillac-service-dubai/transmission-repair,en,brand-service,Cadillac Transmission Repair Dubai,NOINDEX,"noindex, follow",https://digitecme.com/brands/cadillac-service-dubai/transmission-repair,PASS,NO,Existing policy; validate reciprocal destinations,HIGH,No query × landing-page join supplied,/brands/cadillac-service-dubai/oil-change,,RETAIN POLICY,NO,"Approved source records reconciled with rendered route; supporting links are observed relationships, not competing primary assignments. Noindex support role retained; not a search-primary target."
/brands/chevrolet-service-dubai,en,brand,Chevrolet Repair & Service Dubai,INDEX,"index, follow, max-image-preview:large",https://digitecme.com/brands/chevrolet-service-dubai,PASS,YES,Existing policy; validate reciprocal destinations,HIGH,,/brands/chevrolet-service-dubai/oil-change,,RETAIN POLICY,NO,"Approved source records reconciled with rendered route; supporting links are observed relationships, not competing primary assignments. "
/brands/chevrolet-service-dubai/ac-repair,en,brand-service,Chevrolet AC Repair Dubai,INDEX,"index, follow, max-image-preview:large",https://digitecme.com/brands/chevrolet-service-dubai/ac-repair,PASS,YES,Existing policy; validate reciprocal destinations,HIGH,,/brands/chevrolet-service-dubai/oil-change,,RETAIN POLICY,NO,"Approved source records reconciled with rendered route; supporting links are observed relationships, not competing primary assignments. "
/brands/chevrolet-service-dubai/brake-repair,en,brand-service,Chevrolet Brake Repair Dubai,INDEX,"index, follow, max-image-preview:large",https://digitecme.com/brands/chevrolet-service-dubai/brake-repair,PASS,YES,Existing policy; validate reciprocal destinations,HIGH,,/brands/chevrolet-service-dubai/oil-change,,RETAIN POLICY,NO,"Approved source records reconciled with rendered route; supporting links are observed relationships, not competing primary assignments. "
/brands/chevrolet-service-dubai/engine-diagnostics,en,brand-service,Chevrolet Engine Diagnostics Dubai,INDEX,"index, follow, max-image-preview:large",https://digitecme.com/brands/chevrolet-service-dubai/engine-diagnostics,PASS,YES,Existing policy; validate reciprocal destinations,HIGH,,/brands/chevrolet-service-dubai/oil-change,,RETAIN POLICY,NO,"Approved source records reconciled with rendered route; supporting links are observed relationships, not competing primary assignments. "
/brands/chevrolet-service-dubai/oil-change,en,brand-service,Chevrolet Oil Change Dubai,INDEX,"index, follow, max-image-preview:large",https://digitecme.com/brands/chevrolet-service-dubai/oil-change,PASS,YES,Existing policy; validate reciprocal destinations,HIGH,,/brands/chevrolet-service-dubai/brake-repair,,RETAIN POLICY,NO,"Approved source records reconciled with rendered route; supporting links are observed relationships, not competing primary assignments. "
/brands/chevrolet-service-dubai/suspension-repair,en,brand-service,Chevrolet Suspension Repair Dubai,NOINDEX,"noindex, follow",https://digitecme.com/brands/chevrolet-service-dubai/suspension-repair,PASS,NO,Existing policy; validate reciprocal destinations,HIGH,,/brands/chevrolet-service-dubai/oil-change,,RETAIN POLICY,NO,"Approved source records reconciled with rendered route; supporting links are observed relationships, not competing primary assignments. Noindex support role retained; not a search-primary target."
/brands/chevrolet-service-dubai/transmission-repair,en,brand-service,Chevrolet Transmission Repair Dubai,NOINDEX,"noindex, follow",https://digitecme.com/brands/chevrolet-service-dubai/transmission-repair,PASS,NO,Existing policy; validate reciprocal destinations,HIGH,,/brands/chevrolet-service-dubai/oil-change,,RETAIN POLICY,NO,"Approved source records reconciled with rendered route; supporting links are observed relationships, not competing primary assignments. Noindex support role retained; not a search-primary target."
/brands/chrysler-service-dubai,en,brand,Chrysler Repair & Service Dubai,INDEX,"index, follow, max-image-preview:large",https://digitecme.com/brands/chrysler-service-dubai,PASS,YES,Existing policy; validate reciprocal destinations,HIGH,,/brands/chrysler-service-dubai/oil-change,,RETAIN POLICY,NO,"Approved source records reconciled with rendered route; supporting links are observed relationships, not competing primary assignments. "
/brands/chrysler-service-dubai/ac-repair,en,brand-service,Chrysler AC Repair Dubai,INDEX,"index, follow, max-image-preview:large",https://digitecme.com/brands/chrysler-service-dubai/ac-repair,PASS,YES,Existing policy; validate reciprocal destinations,HIGH,,/brands/chrysler-service-dubai/oil-change,,RETAIN POLICY,NO,"Approved source records reconciled with rendered route; supporting links are observed relationships, not competing primary assignments. "
/brands/chrysler-service-dubai/brake-repair,en,brand-service,Chrysler Brake Repair Dubai,INDEX,"index, follow, max-image-preview:large",https://digitecme.com/brands/chrysler-service-dubai/brake-repair,PASS,YES,Existing policy; validate reciprocal destinations,HIGH,,/brands/chrysler-service-dubai/oil-change,,RETAIN POLICY,NO,"Approved source records reconciled with rendered route; supporting links are observed relationships, not competing primary assignments. "
/brands/chrysler-service-dubai/engine-diagnostics,en,brand-service,Chrysler Engine Diagnostics Dubai,INDEX,"index, follow, max-image-preview:large",https://digitecme.com/brands/chrysler-service-dubai/engine-diagnostics,PASS,YES,Existing policy; validate reciprocal destinations,HIGH,,/brands/chrysler-service-dubai/oil-change,,RETAIN POLICY,NO,"Approved source records reconciled with rendered route; supporting links are observed relationships, not competing primary assignments. "
/brands/chrysler-service-dubai/oil-change,en,brand-service,Chrysler Oil Change Dubai,INDEX,"index, follow, max-image-preview:large",https://digitecme.com/brands/chrysler-service-dubai/oil-change,PASS,YES,Existing policy; validate reciprocal destinations,HIGH,,/brands/chrysler-service-dubai/brake-repair,,RETAIN POLICY,NO,"Approved source records reconciled with rendered route; supporting links are observed relationships, not competing primary assignments. "
/brands/chrysler-service-dubai/suspension-repair,en,brand-service,Chrysler Suspension Repair Dubai,NOINDEX,"noindex, follow",https://digitecme.com/brands/chrysler-service-dubai/suspension-repair,PASS,NO,Existing policy; validate reciprocal destinations,HIGH,,/brands/chrysler-service-dubai/oil-change,,RETAIN POLICY,NO,"Approved source records reconciled with rendered route; supporting links are observed relationships, not competing primary assignments. Noindex support role retained; not a search-primary target."
/brands/chrysler-service-dubai/transmission-repair,en,brand-service,Chrysler Transmission Repair Dubai,NOINDEX,"noindex, follow",https://digitecme.com/brands/chrysler-service-dubai/transmission-repair,PASS,NO,Existing policy; validate reciprocal destinations,HIGH,,/brands/chrysler-service-dubai/oil-change,,RETAIN POLICY,NO,"Approved source records reconciled with rendered route; supporting links are observed relationships, not competing primary assignments. Noindex support role retained; not a search-primary target."
/brands/corvette-service-dubai,en,brand,Corvette Repair & Service Dubai,INDEX,"index, follow, max-image-preview:large",https://digitecme.com/brands/corvette-service-dubai,PASS,YES,Existing policy; validate reciprocal destinations,HIGH,,/brands/corvette-service-dubai/oil-change,,RETAIN POLICY,NO,"Approved source records reconciled with rendered route; supporting links are observed relationships, not competing primary assignments. "
/brands/corvette-service-dubai/ac-repair,en,brand-service,Corvette AC Repair Dubai,INDEX,"index, follow, max-image-preview:large",https://digitecme.com/brands/corvette-service-dubai/ac-repair,PASS,YES,Existing policy; validate reciprocal destinations,HIGH,,/brands/corvette-service-dubai/oil-change,,RETAIN POLICY,NO,"Approved source records reconciled with rendered route; supporting links are observed relationships, not competing primary assignments. "
/brands/corvette-service-dubai/brake-repair,en,brand-service,Corvette Brake Repair Dubai,INDEX,"index, follow, max-image-preview:large",https://digitecme.com/brands/corvette-service-dubai/brake-repair,PASS,YES,Existing policy; validate reciprocal destinations,HIGH,,/brands/corvette-service-dubai/oil-change,,RETAIN POLICY,NO,"Approved source records reconciled with rendered route; supporting links are observed relationships, not competing primary assignments. "
/brands/corvette-service-dubai/engine-diagnostics,en,brand-service,Corvette Engine Diagnostics Dubai,INDEX,"index, follow, max-image-preview:large",https://digitecme.com/brands/corvette-service-dubai/engine-diagnostics,PASS,YES,Existing policy; validate reciprocal destinations,HIGH,,/brands/corvette-service-dubai/oil-change,,RETAIN POLICY,NO,"Approved source records reconciled with rendered route; supporting links are observed relationships, not competing primary assignments. "
/brands/corvette-service-dubai/oil-change,en,brand-service,Corvette Oil Change Dubai,INDEX,"index, follow, max-image-preview:large",https://digitecme.com/brands/corvette-service-dubai/oil-change,PASS,YES,Existing policy; validate reciprocal destinations,HIGH,,/brands/corvette-service-dubai/brake-repair,,RETAIN POLICY,NO,"Approved source records reconciled with rendered route; supporting links are observed relationships, not competing primary assignments. "
/brands/corvette-service-dubai/suspension-repair,en,brand-service,Corvette Suspension Repair Dubai,NOINDEX,"noindex, follow",https://digitecme.com/brands/corvette-service-dubai/suspension-repair,PASS,NO,Existing policy; validate reciprocal destinations,HIGH,,/brands/corvette-service-dubai/oil-change,,RETAIN POLICY,NO,"Approved source records reconciled with rendered route; supporting links are observed relationships, not competing primary assignments. Noindex support role retained; not a search-primary target."
/brands/corvette-service-dubai/transmission-repair,en,brand-service,Corvette Transmission Repair Dubai,NOINDEX,"noindex, follow",https://digitecme.com/brands/corvette-service-dubai/transmission-repair,PASS,NO,Existing policy; validate reciprocal destinations,HIGH,,/brands/corvette-service-dubai/oil-change,,RETAIN POLICY,NO,"Approved source records reconciled with rendered route; supporting links are observed relationships, not competing primary assignments. Noindex support role retained; not a search-primary target."
/brands/defender-service-dubai,en,brand,Defender Repair & Service Dubai,INDEX,"index, follow, max-image-preview:large",https://digitecme.com/brands/defender-service-dubai,PASS,YES,Existing policy; validate reciprocal destinations,HIGH,No query × landing-page join supplied,/brands/defender-service-dubai/suspension-repair,,RETAIN POLICY,NO,"Approved source records reconciled with rendered route; supporting links are observed relationships, not competing primary assignments. "
/brands/defender-service-dubai/ac-repair,en,brand-service,Defender AC Repair Dubai,INDEX,"index, follow, max-image-preview:large",https://digitecme.com/brands/defender-service-dubai/ac-repair,PASS,YES,Existing policy; validate reciprocal destinations,HIGH,No query × landing-page join supplied,/brands/defender-service-dubai/oil-change,,RETAIN POLICY,NO,"Approved source records reconciled with rendered route; supporting links are observed relationships, not competing primary assignments. "
/brands/defender-service-dubai/battery-replacement,en,brand-service,Defender Battery Replacement Dubai,INDEX,"index, follow, max-image-preview:large",https://digitecme.com/brands/defender-service-dubai/battery-replacement,PASS,YES,Existing policy; validate reciprocal destinations,HIGH,No query × landing-page join supplied,/brands/defender-service-dubai/oil-change,,RETAIN POLICY,NO,"Approved source records reconciled with rendered route; supporting links are observed relationships, not competing primary assignments. "
/brands/defender-service-dubai/body-repair,en,brand-service,"Commercial repair: dents, damaged paint, refinishing and collision work",INDEX,"index, follow, max-image-preview:large",https://digitecme.com/brands/defender-service-dubai/body-repair,PASS,YES,Existing policy; validate reciprocal destinations,HIGH,"No query × landing-page join supplied | Measured queries support intent only, not historical URL",/services/car-polishing-dubai,,RETAIN POLICY,NO,"Approved source records reconciled with rendered route; supporting links are observed relationships, not competing primary assignments. "
/brands/defender-service-dubai/brake-repair,en,brand-service,Defender Brake Repair Dubai,INDEX,"index, follow, max-image-preview:large",https://digitecme.com/brands/defender-service-dubai/brake-repair,PASS,YES,Existing policy; validate reciprocal destinations,HIGH,No query × landing-page join supplied,/brands/defender-service-dubai/oil-change,,RETAIN POLICY,NO,"Approved source records reconciled with rendered route; supporting links are observed relationships, not competing primary assignments. "
/brands/defender-service-dubai/electrical-repair,en,brand-service,Defender Electrical Repair Dubai,INDEX,"index, follow, max-image-preview:large",https://digitecme.com/brands/defender-service-dubai/electrical-repair,PASS,YES,Existing policy; validate reciprocal destinations,HIGH,No query × landing-page join supplied,/brands/defender-service-dubai/oil-change,,RETAIN POLICY,NO,"Approved source records reconciled with rendered route; supporting links are observed relationships, not competing primary assignments. "
/brands/defender-service-dubai/engine-diagnostics,en,brand-service,Defender Engine Diagnostics Dubai,INDEX,"index, follow, max-image-preview:large",https://digitecme.com/brands/defender-service-dubai/engine-diagnostics,PASS,YES,Existing policy; validate reciprocal destinations,HIGH,No query × landing-page join supplied,/brands/defender-service-dubai/oil-change,,RETAIN POLICY,NO,"Approved source records reconciled with rendered route; supporting links are observed relationships, not competing primary assignments. "
/brands/defender-service-dubai/exhaust-repair,en,brand-service,Defender Exhaust Repair Dubai,INDEX,"index, follow, max-image-preview:large",https://digitecme.com/brands/defender-service-dubai/exhaust-repair,PASS,YES,Existing policy; validate reciprocal destinations,HIGH,No query × landing-page join supplied,/brands/defender-service-dubai/oil-change,,RETAIN POLICY,NO,"Approved source records reconciled with rendered route; supporting links are observed relationships, not competing primary assignments. "
/brands/defender-service-dubai/fuel-system-repair,en,brand-service,Defender Fuel System Repair Dubai,INDEX,"index, follow, max-image-preview:large",https://digitecme.com/brands/defender-service-dubai/fuel-system-repair,PASS,YES,Existing policy; validate reciprocal destinations,HIGH,No query × landing-page join supplied,/brands/defender-service-dubai/oil-change,,RETAIN POLICY,NO,"Approved source records reconciled with rendered route; supporting links are observed relationships, not competing primary assignments. "
/brands/defender-service-dubai/mechanical-repair,en,brand-service,Defender Mechanical Repair Dubai,INDEX,"index, follow, max-image-preview:large",https://digitecme.com/brands/defender-service-dubai/mechanical-repair,PASS,YES,Existing policy; validate reciprocal destinations,HIGH,No query × landing-page join supplied,/brands/defender-service-dubai/oil-change,,RETAIN POLICY,NO,"Approved source records reconciled with rendered route; supporting links are observed relationships, not competing primary assignments. "
/brands/defender-service-dubai/oil-change,en,brand-service,Defender Oil Change Dubai,INDEX,"index, follow, max-image-preview:large",https://digitecme.com/brands/defender-service-dubai/oil-change,PASS,YES,Existing policy; validate reciprocal destinations,HIGH,No query × landing-page join supplied,/brands/defender-service-dubai/brake-repair,,RETAIN POLICY,NO,"Approved source records reconciled with rendered route; supporting links are observed relationships, not competing primary assignments. "
/brands/defender-service-dubai/steering-repair,en,brand-service,Defender Steering Repair Dubai,INDEX,"index, follow, max-image-preview:large",https://digitecme.com/brands/defender-service-dubai/steering-repair,PASS,YES,Existing policy; validate reciprocal destinations,HIGH,No query × landing-page join supplied,/brands/defender-service-dubai/oil-change,,RETAIN POLICY,NO,"Approved source records reconciled with rendered route; supporting links are observed relationships, not competing primary assignments. "
/brands/defender-service-dubai/suspension-repair,en,brand-service,Defender Suspension Repair Dubai,INDEX,"index, follow, max-image-preview:large",https://digitecme.com/brands/defender-service-dubai/suspension-repair,PASS,YES,Existing policy; validate reciprocal destinations,HIGH,No query × landing-page join supplied,/brands/defender-service-dubai/oil-change,,RETAIN POLICY,NO,"Approved source records reconciled with rendered route; supporting links are observed relationships, not competing primary assignments. "
/brands/defender-service-dubai/tire-repair,en,brand-service,Defender Tyre Repair Dubai,INDEX,"index, follow, max-image-preview:large",https://digitecme.com/brands/defender-service-dubai/tire-repair,PASS,YES,Existing policy; validate reciprocal destinations,HIGH,No query × landing-page join supplied,/brands/defender-service-dubai/oil-change,,RETAIN POLICY,NO,"Approved source records reconciled with rendered route; supporting links are observed relationships, not competing primary assignments. "
/brands/defender-service-dubai/transmission-repair,en,brand-service,Defender Transmission Repair Dubai,INDEX,"index, follow, max-image-preview:large",https://digitecme.com/brands/defender-service-dubai/transmission-repair,PASS,YES,Existing policy; validate reciprocal destinations,HIGH,No query × landing-page join supplied,/brands/defender-service-dubai/oil-change,,RETAIN POLICY,NO,"Approved source records reconciled with rendered route; supporting links are observed relationships, not competing primary assignments. "
/brands/dodge-service-dubai,en,brand,Dodge Repair & Service Dubai,INDEX,"index, follow, max-image-preview:large",https://digitecme.com/brands/dodge-service-dubai,PASS,YES,Existing policy; validate reciprocal destinations,HIGH,,/brands/dodge-service-dubai/oil-change,,RETAIN POLICY,NO,"Approved source records reconciled with rendered route; supporting links are observed relationships, not competing primary assignments. "
/brands/dodge-service-dubai/ac-repair,en,brand-service,Dodge AC Repair Dubai,INDEX,"index, follow, max-image-preview:large",https://digitecme.com/brands/dodge-service-dubai/ac-repair,PASS,YES,Existing policy; validate reciprocal destinations,HIGH,,/brands/dodge-service-dubai/oil-change,,RETAIN POLICY,NO,"Approved source records reconciled with rendered route; supporting links are observed relationships, not competing primary assignments. "
/brands/dodge-service-dubai/brake-repair,en,brand-service,Dodge Brake Repair Dubai,INDEX,"index, follow, max-image-preview:large",https://digitecme.com/brands/dodge-service-dubai/brake-repair,PASS,YES,Existing policy; validate reciprocal destinations,HIGH,,/brands/dodge-service-dubai/oil-change,,RETAIN POLICY,NO,"Approved source records reconciled with rendered route; supporting links are observed relationships, not competing primary assignments. "
/brands/dodge-service-dubai/engine-diagnostics,en,brand-service,Dodge Engine Diagnostics Dubai,INDEX,"index, follow, max-image-preview:large",https://digitecme.com/brands/dodge-service-dubai/engine-diagnostics,PASS,YES,Existing policy; validate reciprocal destinations,HIGH,,/brands/dodge-service-dubai/oil-change,,RETAIN POLICY,NO,"Approved source records reconciled with rendered route; supporting links are observed relationships, not competing primary assignments. "
/brands/dodge-service-dubai/oil-change,en,brand-service,Dodge Oil Change Dubai,INDEX,"index, follow, max-image-preview:large",https://digitecme.com/brands/dodge-service-dubai/oil-change,PASS,YES,Existing policy; validate reciprocal destinations,HIGH,,/brands/dodge-service-dubai/brake-repair,,RETAIN POLICY,NO,"Approved source records reconciled with rendered route; supporting links are observed relationships, not competing primary assignments. "
/brands/dodge-service-dubai/suspension-repair,en,brand-service,Dodge Suspension Repair Dubai,NOINDEX,"noindex, follow",https://digitecme.com/brands/dodge-service-dubai/suspension-repair,PASS,NO,Existing policy; validate reciprocal destinations,HIGH,,/brands/dodge-service-dubai/oil-change,,RETAIN POLICY,NO,"Approved source records reconciled with rendered route; supporting links are observed relationships, not competing primary assignments. Noindex support role retained; not a search-primary target."
/brands/dodge-service-dubai/transmission-repair,en,brand-service,Dodge Transmission Repair Dubai,NOINDEX,"noindex, follow",https://digitecme.com/brands/dodge-service-dubai/transmission-repair,PASS,NO,Existing policy; validate reciprocal destinations,HIGH,,/brands/dodge-service-dubai/oil-change,,RETAIN POLICY,NO,"Approved source records reconciled with rendered route; supporting links are observed relationships, not competing primary assignments. Noindex support role retained; not a search-primary target."
/brands/ferrari-service-dubai,en,brand,"Ferrari service, repair and workshop discovery",INDEX,"index, follow, max-image-preview:large",https://digitecme.com/brands/ferrari-service-dubai,PASS,YES,Existing policy; validate reciprocal destinations,HIGH,"16 latest query rows, 2363 impressions, 0 clicks; query-only, not page attribution",/brands/ferrari-service-dubai/oil-change,,RETAIN POLICY,NO,"Approved source records reconciled with rendered route; supporting links are observed relationships, not competing primary assignments. "
/brands/ferrari-service-dubai/296,en,service,Ferrari model-specific service considerations,INDEX,"index, follow, max-image-preview:large",https://digitecme.com/brands/ferrari-service-dubai/296,PASS,YES,Existing policy; validate reciprocal destinations,HIGH,No latest query mapped; top-query export does not establish zero page traffic,/brands/ferrari-service-dubai/engine-diagnostics,,RETAIN POLICY,NO,"Approved source records reconciled with rendered route; supporting links are observed relationships, not competing primary assignments. "
/brands/ferrari-service-dubai/488,en,service,Ferrari model-specific service considerations,INDEX,"index, follow, max-image-preview:large",https://digitecme.com/brands/ferrari-service-dubai/488,PASS,YES,Existing policy; validate reciprocal destinations,HIGH,No latest query mapped; top-query export does not establish zero page traffic,/brands/ferrari-service-dubai/oil-change,,RETAIN POLICY,NO,"Approved source records reconciled with rendered route; supporting links are observed relationships, not competing primary assignments. "
/brands/ferrari-service-dubai/812,en,service,Ferrari model-specific service considerations,INDEX,"index, follow, max-image-preview:large",https://digitecme.com/brands/ferrari-service-dubai/812,PASS,YES,Existing policy; validate reciprocal destinations,HIGH,No latest query mapped; top-query export does not establish zero page traffic,/brands/ferrari-service-dubai/oil-change,,RETAIN POLICY,NO,"Approved source records reconciled with rendered route; supporting links are observed relationships, not competing primary assignments. "
/brands/ferrari-service-dubai/ac-repair,en,brand-service,Ferrari AC Repair Dubai,INDEX,"index, follow, max-image-preview:large",https://digitecme.com/brands/ferrari-service-dubai/ac-repair,PASS,YES,Existing policy; validate reciprocal destinations,HIGH,No latest query mapped; top-query export does not establish zero page traffic,/brands/ferrari-service-dubai/296,,RETAIN POLICY,NO,"Approved source records reconciled with rendered route; supporting links are observed relationships, not competing primary assignments. "
/brands/ferrari-service-dubai/battery-replacement,en,brand-service,Ferrari Battery Replacement Dubai,INDEX,"index, follow, max-image-preview:large",https://digitecme.com/brands/ferrari-service-dubai/battery-replacement,PASS,YES,Existing policy; validate reciprocal destinations,HIGH,"1 latest query rows, 82 impressions, 0 clicks; query-only, not page attribution",/brands/ferrari-service-dubai/296,,RETAIN POLICY,NO,"Approved source records reconciled with rendered route; supporting links are observed relationships, not competing primary assignments. "
/brands/ferrari-service-dubai/body-repair,en,brand-service,"Commercial repair: dents, damaged paint, refinishing and collision work",INDEX,"index, follow, max-image-preview:large",https://digitecme.com/brands/ferrari-service-dubai/body-repair,PASS,YES,Existing policy; validate reciprocal destinations,HIGH,"1 latest query rows, 26 impressions, 0 clicks; query-only, not page attribution | Measured queries support intent only, not historical URL",/services/car-polishing-dubai,,RETAIN POLICY,NO,"Approved source records reconciled with rendered route; supporting links are observed relationships, not competing primary assignments. "
/brands/ferrari-service-dubai/brake-repair,en,brand-service,Ferrari Brake Repair Dubai,INDEX,"index, follow, max-image-preview:large",https://digitecme.com/brands/ferrari-service-dubai/brake-repair,PASS,YES,Existing policy; validate reciprocal destinations,HIGH,"2 latest query rows, 205 impressions, 0 clicks; query-only, not page attribution",/brands/ferrari-service-dubai/296,,RETAIN POLICY,NO,"Approved source records reconciled with rendered route; supporting links are observed relationships, not competing primary assignments. "
/brands/ferrari-service-dubai/electrical-repair,en,brand-service,Ferrari Electrical Repair Dubai,INDEX,"index, follow, max-image-preview:large",https://digitecme.com/brands/ferrari-service-dubai/electrical-repair,PASS,YES,Existing policy; validate reciprocal destinations,HIGH,No latest query mapped; top-query export does not establish zero page traffic,/brands/ferrari-service-dubai/296,,RETAIN POLICY,NO,"Approved source records reconciled with rendered route; supporting links are observed relationships, not competing primary assignments. "
/brands/ferrari-service-dubai/engine-diagnostics,en,brand-service,Ferrari Engine Diagnostics Dubai,INDEX,"index, follow, max-image-preview:large",https://digitecme.com/brands/ferrari-service-dubai/engine-diagnostics,PASS,YES,Existing policy; validate reciprocal destinations,HIGH,No latest query mapped; top-query export does not establish zero page traffic,/brands/ferrari-service-dubai/296,,RETAIN POLICY,NO,"Approved source records reconciled with rendered route; supporting links are observed relationships, not competing primary assignments. "
/brands/ferrari-service-dubai/exhaust-repair,en,brand-service,Ferrari Exhaust Repair Dubai,INDEX,"index, follow, max-image-preview:large",https://digitecme.com/brands/ferrari-service-dubai/exhaust-repair,PASS,YES,Existing policy; validate reciprocal destinations,HIGH,No latest query mapped; top-query export does not establish zero page traffic,/brands/ferrari-service-dubai/296,,RETAIN POLICY,NO,"Approved source records reconciled with rendered route; supporting links are observed relationships, not competing primary assignments. "
/brands/ferrari-service-dubai/f8-tributo,en,service,Ferrari model-specific service considerations,INDEX,"index, follow, max-image-preview:large",https://digitecme.com/brands/ferrari-service-dubai/f8-tributo,PASS,YES,Existing policy; validate reciprocal destinations,HIGH,No latest query mapped; top-query export does not establish zero page traffic,/brands/ferrari-service-dubai/oil-change,,RETAIN POLICY,NO,"Approved source records reconciled with rendered route; supporting links are observed relationships, not competing primary assignments. "
/brands/ferrari-service-dubai/fuel-system-repair,en,brand-service,Ferrari Fuel System Repair Dubai,INDEX,"index, follow, max-image-preview:large",https://digitecme.com/brands/ferrari-service-dubai/fuel-system-repair,PASS,YES,Existing policy; validate reciprocal destinations,HIGH,No latest query mapped; top-query export does not establish zero page traffic,/brands/ferrari-service-dubai/296,,RETAIN POLICY,NO,"Approved source records reconciled with rendered route; supporting links are observed relationships, not competing primary assignments. "
/brands/ferrari-service-dubai/mechanical-repair,en,brand-service,Ferrari Mechanical Repair Dubai,INDEX,"index, follow, max-image-preview:large",https://digitecme.com/brands/ferrari-service-dubai/mechanical-repair,PASS,YES,Existing policy; validate reciprocal destinations,HIGH,"1 latest query rows, 88 impressions, 0 clicks; query-only, not page attribution",/brands/ferrari-service-dubai/portofino,,RETAIN POLICY,NO,"Approved source records reconciled with rendered route; supporting links are observed relationships, not competing primary assignments. "
/brands/ferrari-service-dubai/oil-change,en,brand-service,Ferrari Oil Change Dubai,INDEX,"index, follow, max-image-preview:large",https://digitecme.com/brands/ferrari-service-dubai/oil-change,PASS,YES,Existing policy; validate reciprocal destinations,HIGH,"1 latest query rows, 79 impressions, 0 clicks; query-only, not page attribution",/services/oil-change-dubai,,RETAIN POLICY,NO,"Approved source records reconciled with rendered route; supporting links are observed relationships, not competing primary assignments. "
/brands/ferrari-service-dubai/portofino,en,service,Ferrari model-specific service considerations,INDEX,"index, follow, max-image-preview:large",https://digitecme.com/brands/ferrari-service-dubai/portofino,PASS,YES,Existing policy; validate reciprocal destinations,HIGH,No latest query mapped; top-query export does not establish zero page traffic,/brands/ferrari-service-dubai/oil-change,,RETAIN POLICY,NO,"Approved source records reconciled with rendered route; supporting links are observed relationships, not competing primary assignments. "
/brands/ferrari-service-dubai/purosangue,en,service,Ferrari model-specific service considerations,INDEX,"index, follow, max-image-preview:large",https://digitecme.com/brands/ferrari-service-dubai/purosangue,PASS,YES,Existing policy; validate reciprocal destinations,HIGH,No latest query mapped; top-query export does not establish zero page traffic,/brands/ferrari-service-dubai/oil-change,,RETAIN POLICY,NO,"Approved source records reconciled with rendered route; supporting links are observed relationships, not competing primary assignments. "
/brands/ferrari-service-dubai/roma,en,service,Ferrari model-specific service considerations,INDEX,"index, follow, max-image-preview:large",https://digitecme.com/brands/ferrari-service-dubai/roma,PASS,YES,Existing policy; validate reciprocal destinations,HIGH,No latest query mapped; top-query export does not establish zero page traffic,/brands/ferrari-service-dubai/oil-change,,RETAIN POLICY,NO,"Approved source records reconciled with rendered route; supporting links are observed relationships, not competing primary assignments. "
/brands/ferrari-service-dubai/sf90,en,service,Ferrari model-specific service considerations,INDEX,"index, follow, max-image-preview:large",https://digitecme.com/brands/ferrari-service-dubai/sf90,PASS,YES,Existing policy; validate reciprocal destinations,HIGH,No latest query mapped; top-query export does not establish zero page traffic,/brands/ferrari-service-dubai/engine-diagnostics,,RETAIN POLICY,NO,"Approved source records reconciled with rendered route; supporting links are observed relationships, not competing primary assignments. "
/brands/ferrari-service-dubai/steering-repair,en,brand-service,Ferrari Steering Repair Dubai,INDEX,"index, follow, max-image-preview:large",https://digitecme.com/brands/ferrari-service-dubai/steering-repair,PASS,YES,Existing policy; validate reciprocal destinations,HIGH,No latest query mapped; top-query export does not establish zero page traffic,/brands/ferrari-service-dubai/296,,RETAIN POLICY,NO,"Approved source records reconciled with rendered route; supporting links are observed relationships, not competing primary assignments. "
/brands/ferrari-service-dubai/suspension-repair,en,brand-service,Ferrari Suspension Repair Dubai,INDEX,"index, follow, max-image-preview:large",https://digitecme.com/brands/ferrari-service-dubai/suspension-repair,PASS,YES,Existing policy; validate reciprocal destinations,HIGH,"1 latest query rows, 221 impressions, 0 clicks; query-only, not page attribution",/brands/ferrari-service-dubai/portofino,,RETAIN POLICY,NO,"Approved source records reconciled with rendered route; supporting links are observed relationships, not competing primary assignments. "
/brands/ferrari-service-dubai/tire-repair,en,brand-service,Ferrari Tyre Repair Dubai,INDEX,"index, follow, max-image-preview:large",https://digitecme.com/brands/ferrari-service-dubai/tire-repair,PASS,YES,Existing policy; validate reciprocal destinations,HIGH,No latest query mapped; top-query export does not establish zero page traffic,/brands/ferrari-service-dubai/296,,RETAIN POLICY,NO,"Approved source records reconciled with rendered route; supporting links are observed relationships, not competing primary assignments. "
/brands/ferrari-service-dubai/transmission-repair,en,brand-service,Ferrari Transmission Repair Dubai,INDEX,"index, follow, max-image-preview:large",https://digitecme.com/brands/ferrari-service-dubai/transmission-repair,PASS,YES,Existing policy; validate reciprocal destinations,HIGH,"2 latest query rows, 48 impressions, 0 clicks; query-only, not page attribution",/brands/ferrari-service-dubai/portofino,,RETAIN POLICY,NO,"Approved source records reconciled with rendered route; supporting links are observed relationships, not competing primary assignments. "
/brands/ford-service-dubai,en,brand,Ford Repair & Service Dubai,INDEX,"index, follow, max-image-preview:large",https://digitecme.com/brands/ford-service-dubai,PASS,YES,Existing policy; validate reciprocal destinations,HIGH,,/brands/ford-service-dubai/oil-change,,RETAIN POLICY,NO,"Approved source records reconciled with rendered route; supporting links are observed relationships, not competing primary assignments. "
/brands/ford-service-dubai/ac-repair,en,brand-service,Ford AC Repair Dubai,INDEX,"index, follow, max-image-preview:large",https://digitecme.com/brands/ford-service-dubai/ac-repair,PASS,YES,Existing policy; validate reciprocal destinations,HIGH,,/brands/ford-service-dubai/oil-change,,RETAIN POLICY,NO,"Approved source records reconciled with rendered route; supporting links are observed relationships, not competing primary assignments. "
/brands/ford-service-dubai/brake-repair,en,brand-service,Ford Brake Repair Dubai,INDEX,"index, follow, max-image-preview:large",https://digitecme.com/brands/ford-service-dubai/brake-repair,PASS,YES,Existing policy; validate reciprocal destinations,HIGH,,/brands/ford-service-dubai/oil-change,,RETAIN POLICY,NO,"Approved source records reconciled with rendered route; supporting links are observed relationships, not competing primary assignments. "
/brands/ford-service-dubai/engine-diagnostics,en,brand-service,Ford Engine Diagnostics Dubai,INDEX,"index, follow, max-image-preview:large",https://digitecme.com/brands/ford-service-dubai/engine-diagnostics,PASS,YES,Existing policy; validate reciprocal destinations,HIGH,,/brands/ford-service-dubai/oil-change,,RETAIN POLICY,NO,"Approved source records reconciled with rendered route; supporting links are observed relationships, not competing primary assignments. "
/brands/ford-service-dubai/oil-change,en,brand-service,Ford Oil Change Dubai,INDEX,"index, follow, max-image-preview:large",https://digitecme.com/brands/ford-service-dubai/oil-change,PASS,YES,Existing policy; validate reciprocal destinations,HIGH,,/brands/ford-service-dubai/brake-repair,,RETAIN POLICY,NO,"Approved source records reconciled with rendered route; supporting links are observed relationships, not competing primary assignments. "
/brands/ford-service-dubai/suspension-repair,en,brand-service,Ford Suspension Repair Dubai,NOINDEX,"noindex, follow",https://digitecme.com/brands/ford-service-dubai/suspension-repair,PASS,NO,Existing policy; validate reciprocal destinations,HIGH,,/brands/ford-service-dubai/oil-change,,RETAIN POLICY,NO,"Approved source records reconciled with rendered route; supporting links are observed relationships, not competing primary assignments. Noindex support role retained; not a search-primary target."
/brands/ford-service-dubai/transmission-repair,en,brand-service,Ford Transmission Repair Dubai,NOINDEX,"noindex, follow",https://digitecme.com/brands/ford-service-dubai/transmission-repair,PASS,NO,Existing policy; validate reciprocal destinations,HIGH,,/brands/ford-service-dubai/oil-change,,RETAIN POLICY,NO,"Approved source records reconciled with rendered route; supporting links are observed relationships, not competing primary assignments. Noindex support role retained; not a search-primary target."
/brands/genesis-service-dubai,en,brand,Genesis Repair & Service Dubai,INDEX,"index, follow, max-image-preview:large",https://digitecme.com/brands/genesis-service-dubai,PASS,YES,Existing policy; validate reciprocal destinations,HIGH,,/brands/genesis-service-dubai/oil-change,,RETAIN POLICY,NO,"Approved source records reconciled with rendered route; supporting links are observed relationships, not competing primary assignments. "
/brands/genesis-service-dubai/ac-repair,en,brand-service,Genesis AC Repair Dubai,INDEX,"index, follow, max-image-preview:large",https://digitecme.com/brands/genesis-service-dubai/ac-repair,PASS,YES,Existing policy; validate reciprocal destinations,HIGH,,/brands/genesis-service-dubai/oil-change,,RETAIN POLICY,NO,"Approved source records reconciled with rendered route; supporting links are observed relationships, not competing primary assignments. "
/brands/genesis-service-dubai/brake-repair,en,brand-service,Genesis Brake Repair Dubai,INDEX,"index, follow, max-image-preview:large",https://digitecme.com/brands/genesis-service-dubai/brake-repair,PASS,YES,Existing policy; validate reciprocal destinations,HIGH,,/brands/genesis-service-dubai/oil-change,,RETAIN POLICY,NO,"Approved source records reconciled with rendered route; supporting links are observed relationships, not competing primary assignments. "
/brands/genesis-service-dubai/engine-diagnostics,en,brand-service,Genesis Engine Diagnostics Dubai,INDEX,"index, follow, max-image-preview:large",https://digitecme.com/brands/genesis-service-dubai/engine-diagnostics,PASS,YES,Existing policy; validate reciprocal destinations,HIGH,,/brands/genesis-service-dubai/oil-change,,RETAIN POLICY,NO,"Approved source records reconciled with rendered route; supporting links are observed relationships, not competing primary assignments. "
/brands/genesis-service-dubai/oil-change,en,brand-service,Genesis Oil Change Dubai,INDEX,"index, follow, max-image-preview:large",https://digitecme.com/brands/genesis-service-dubai/oil-change,PASS,YES,Existing policy; validate reciprocal destinations,HIGH,,/brands/genesis-service-dubai/brake-repair,,RETAIN POLICY,NO,"Approved source records reconciled with rendered route; supporting links are observed relationships, not competing primary assignments. "
/brands/genesis-service-dubai/suspension-repair,en,brand-service,Genesis Suspension Repair Dubai,NOINDEX,"noindex, follow",https://digitecme.com/brands/genesis-service-dubai/suspension-repair,PASS,NO,Existing policy; validate reciprocal destinations,HIGH,,/brands/genesis-service-dubai/oil-change,,RETAIN POLICY,NO,"Approved source records reconciled with rendered route; supporting links are observed relationships, not competing primary assignments. Noindex support role retained; not a search-primary target."
/brands/genesis-service-dubai/transmission-repair,en,brand-service,Genesis Transmission Repair Dubai,NOINDEX,"noindex, follow",https://digitecme.com/brands/genesis-service-dubai/transmission-repair,PASS,NO,Existing policy; validate reciprocal destinations,HIGH,,/brands/genesis-service-dubai/oil-change,,RETAIN POLICY,NO,"Approved source records reconciled with rendered route; supporting links are observed relationships, not competing primary assignments. Noindex support role retained; not a search-primary target."
/brands/gmc-service-dubai,en,brand,GMC Repair & Service Dubai,INDEX,"index, follow, max-image-preview:large",https://digitecme.com/brands/gmc-service-dubai,PASS,YES,Existing policy; validate reciprocal destinations,HIGH,,/brands/gmc-service-dubai/oil-change,,RETAIN POLICY,NO,"Approved source records reconciled with rendered route; supporting links are observed relationships, not competing primary assignments. "
/brands/gmc-service-dubai/ac-repair,en,brand-service,GMC AC Repair Dubai,INDEX,"index, follow, max-image-preview:large",https://digitecme.com/brands/gmc-service-dubai/ac-repair,PASS,YES,Existing policy; validate reciprocal destinations,HIGH,,/brands/gmc-service-dubai/oil-change,,RETAIN POLICY,NO,"Approved source records reconciled with rendered route; supporting links are observed relationships, not competing primary assignments. "
/brands/gmc-service-dubai/brake-repair,en,brand-service,GMC Brake Repair Dubai,INDEX,"index, follow, max-image-preview:large",https://digitecme.com/brands/gmc-service-dubai/brake-repair,PASS,YES,Existing policy; validate reciprocal destinations,HIGH,,/brands/gmc-service-dubai/oil-change,,RETAIN POLICY,NO,"Approved source records reconciled with rendered route; supporting links are observed relationships, not competing primary assignments. "
/brands/gmc-service-dubai/engine-diagnostics,en,brand-service,GMC Engine Diagnostics Dubai,INDEX,"index, follow, max-image-preview:large",https://digitecme.com/brands/gmc-service-dubai/engine-diagnostics,PASS,YES,Existing policy; validate reciprocal destinations,HIGH,,/brands/gmc-service-dubai/oil-change,,RETAIN POLICY,NO,"Approved source records reconciled with rendered route; supporting links are observed relationships, not competing primary assignments. "
/brands/gmc-service-dubai/oil-change,en,brand-service,GMC Oil Change Dubai,INDEX,"index, follow, max-image-preview:large",https://digitecme.com/brands/gmc-service-dubai/oil-change,PASS,YES,Existing policy; validate reciprocal destinations,HIGH,,/brands/gmc-service-dubai/brake-repair,,RETAIN POLICY,NO,"Approved source records reconciled with rendered route; supporting links are observed relationships, not competing primary assignments. "
/brands/gmc-service-dubai/suspension-repair,en,brand-service,GMC Suspension Repair Dubai,NOINDEX,"noindex, follow",https://digitecme.com/brands/gmc-service-dubai/suspension-repair,PASS,NO,Existing policy; validate reciprocal destinations,HIGH,,/brands/gmc-service-dubai/oil-change,,RETAIN POLICY,NO,"Approved source records reconciled with rendered route; supporting links are observed relationships, not competing primary assignments. Noindex support role retained; not a search-primary target."
/brands/gmc-service-dubai/transmission-repair,en,brand-service,GMC Transmission Repair Dubai,NOINDEX,"noindex, follow",https://digitecme.com/brands/gmc-service-dubai/transmission-repair,PASS,NO,Existing policy; validate reciprocal destinations,HIGH,,/brands/gmc-service-dubai/oil-change,,RETAIN POLICY,NO,"Approved source records reconciled with rendered route; supporting links are observed relationships, not competing primary assignments. Noindex support role retained; not a search-primary target."
/brands/hummer-service-dubai,en,brand,Hummer Repair & Service Dubai,INDEX,"index, follow, max-image-preview:large",https://digitecme.com/brands/hummer-service-dubai,PASS,YES,Existing policy; validate reciprocal destinations,HIGH,,/brands/hummer-service-dubai/oil-change,,RETAIN POLICY,NO,"Approved source records reconciled with rendered route; supporting links are observed relationships, not competing primary assignments. "
/brands/hummer-service-dubai/ac-repair,en,brand-service,Hummer AC Repair Dubai,INDEX,"index, follow, max-image-preview:large",https://digitecme.com/brands/hummer-service-dubai/ac-repair,PASS,YES,Existing policy; validate reciprocal destinations,HIGH,,/brands/hummer-service-dubai/oil-change,,RETAIN POLICY,NO,"Approved source records reconciled with rendered route; supporting links are observed relationships, not competing primary assignments. "
/brands/hummer-service-dubai/brake-repair,en,brand-service,Hummer Brake Repair Dubai,INDEX,"index, follow, max-image-preview:large",https://digitecme.com/brands/hummer-service-dubai/brake-repair,PASS,YES,Existing policy; validate reciprocal destinations,HIGH,,/brands/hummer-service-dubai/oil-change,,RETAIN POLICY,NO,"Approved source records reconciled with rendered route; supporting links are observed relationships, not competing primary assignments. "
/brands/hummer-service-dubai/engine-diagnostics,en,brand-service,Hummer Engine Diagnostics Dubai,INDEX,"index, follow, max-image-preview:large",https://digitecme.com/brands/hummer-service-dubai/engine-diagnostics,PASS,YES,Existing policy; validate reciprocal destinations,HIGH,,/brands/hummer-service-dubai/oil-change,,RETAIN POLICY,NO,"Approved source records reconciled with rendered route; supporting links are observed relationships, not competing primary assignments. "
/brands/hummer-service-dubai/oil-change,en,brand-service,Hummer Oil Change Dubai,INDEX,"index, follow, max-image-preview:large",https://digitecme.com/brands/hummer-service-dubai/oil-change,PASS,YES,Existing policy; validate reciprocal destinations,HIGH,,/brands/hummer-service-dubai/brake-repair,,RETAIN POLICY,NO,"Approved source records reconciled with rendered route; supporting links are observed relationships, not competing primary assignments. "
/brands/hummer-service-dubai/suspension-repair,en,brand-service,Hummer Suspension Repair Dubai,NOINDEX,"noindex, follow",https://digitecme.com/brands/hummer-service-dubai/suspension-repair,PASS,NO,Existing policy; validate reciprocal destinations,HIGH,,/brands/hummer-service-dubai/oil-change,,RETAIN POLICY,NO,"Approved source records reconciled with rendered route; supporting links are observed relationships, not competing primary assignments. Noindex support role retained; not a search-primary target."
/brands/hummer-service-dubai/transmission-repair,en,brand-service,Hummer Transmission Repair Dubai,NOINDEX,"noindex, follow",https://digitecme.com/brands/hummer-service-dubai/transmission-repair,PASS,NO,Existing policy; validate reciprocal destinations,HIGH,,/brands/hummer-service-dubai/oil-change,,RETAIN POLICY,NO,"Approved source records reconciled with rendered route; supporting links are observed relationships, not competing primary assignments. Noindex support role retained; not a search-primary target."
/brands/jaguar-service-dubai,en,brand,Jaguar Repair & Service Dubai,INDEX,"index, follow, max-image-preview:large",https://digitecme.com/brands/jaguar-service-dubai,PASS,YES,Existing policy; validate reciprocal destinations,HIGH,9 latest GSC query rows; 297 impressions; editorial mapping only,/brands/jaguar-service-dubai/oil-change,,RETAIN POLICY,NO,"Approved source records reconciled with rendered route; supporting links are observed relationships, not competing primary assignments. "
/brands/jaguar-service-dubai/ac-repair,en,brand-service,Jaguar AC Repair Dubai,INDEX,"index, follow, max-image-preview:large",https://digitecme.com/brands/jaguar-service-dubai/ac-repair,PASS,YES,Existing policy; validate reciprocal destinations,HIGH,No query × landing-page join supplied,/brands/jaguar-service-dubai/oil-change,,RETAIN POLICY,NO,"Approved source records reconciled with rendered route; supporting links are observed relationships, not competing primary assignments. "
/brands/jaguar-service-dubai/brake-repair,en,brand-service,Jaguar Brake Repair Dubai,INDEX,"index, follow, max-image-preview:large",https://digitecme.com/brands/jaguar-service-dubai/brake-repair,PASS,YES,Existing policy; validate reciprocal destinations,HIGH,No query × landing-page join supplied,/brands/jaguar-service-dubai/oil-change,,RETAIN POLICY,NO,"Approved source records reconciled with rendered route; supporting links are observed relationships, not competing primary assignments. "
/brands/jaguar-service-dubai/engine-diagnostics,en,brand-service,Jaguar Engine Diagnostics Dubai,INDEX,"index, follow, max-image-preview:large",https://digitecme.com/brands/jaguar-service-dubai/engine-diagnostics,PASS,YES,Existing policy; validate reciprocal destinations,HIGH,No query × landing-page join supplied,/brands/jaguar-service-dubai/oil-change,,RETAIN POLICY,NO,"Approved source records reconciled with rendered route; supporting links are observed relationships, not competing primary assignments. "
/brands/jaguar-service-dubai/oil-change,en,brand-service,Jaguar Oil Change Dubai,INDEX,"index, follow, max-image-preview:large",https://digitecme.com/brands/jaguar-service-dubai/oil-change,PASS,YES,Existing policy; validate reciprocal destinations,HIGH,No query × landing-page join supplied,/brands/jaguar-service-dubai/brake-repair,,RETAIN POLICY,NO,"Approved source records reconciled with rendered route; supporting links are observed relationships, not competing primary assignments. "
/brands/jaguar-service-dubai/suspension-repair,en,brand-service,Jaguar Suspension Repair Dubai,NOINDEX,"noindex, follow",https://digitecme.com/brands/jaguar-service-dubai/suspension-repair,PASS,NO,Existing policy; validate reciprocal destinations,HIGH,No query × landing-page join supplied,/brands/jaguar-service-dubai/oil-change,,RETAIN POLICY,NO,"Approved source records reconciled with rendered route; supporting links are observed relationships, not competing primary assignments. Noindex support role retained; not a search-primary target."
/brands/jaguar-service-dubai/transmission-repair,en,brand-service,Jaguar Transmission Repair Dubai,NOINDEX,"noindex, follow",https://digitecme.com/brands/jaguar-service-dubai/transmission-repair,PASS,NO,Existing policy; validate reciprocal destinations,HIGH,No query × landing-page join supplied,/brands/jaguar-service-dubai/oil-change,,RETAIN POLICY,NO,"Approved source records reconciled with rendered route; supporting links are observed relationships, not competing primary assignments. Noindex support role retained; not a search-primary target."
/brands/jeep-service-dubai,en,brand,Jeep Repair & Service Dubai,INDEX,"index, follow, max-image-preview:large",https://digitecme.com/brands/jeep-service-dubai,PASS,YES,Existing policy; validate reciprocal destinations,HIGH,,/brands/jeep-service-dubai/oil-change,,RETAIN POLICY,NO,"Approved source records reconciled with rendered route; supporting links are observed relationships, not competing primary assignments. "
/brands/jeep-service-dubai/ac-repair,en,brand-service,Jeep AC Repair Dubai,INDEX,"index, follow, max-image-preview:large",https://digitecme.com/brands/jeep-service-dubai/ac-repair,PASS,YES,Existing policy; validate reciprocal destinations,HIGH,,/brands/jeep-service-dubai/oil-change,,RETAIN POLICY,NO,"Approved source records reconciled with rendered route; supporting links are observed relationships, not competing primary assignments. "
/brands/jeep-service-dubai/battery-replacement,en,brand-service,Jeep Battery Replacement Dubai,NOINDEX,"noindex, follow",https://digitecme.com/brands/jeep-service-dubai/battery-replacement,PASS,NO,Existing policy; validate reciprocal destinations,HIGH,,/brands/jeep-service-dubai/oil-change,,RETAIN POLICY,NO,"Approved source records reconciled with rendered route; supporting links are observed relationships, not competing primary assignments. Noindex support role retained; not a search-primary target."
/brands/jeep-service-dubai/body-repair,en,brand-service,"Commercial repair: dents, damaged paint, refinishing and collision work",NOINDEX,"noindex, follow",https://digitecme.com/brands/jeep-service-dubai/body-repair,PASS,NO,Existing policy; validate reciprocal destinations,HIGH,"Measured queries support intent only, not historical URL",/services/car-polishing-dubai,,RETAIN POLICY,NO,"Approved source records reconciled with rendered route; supporting links are observed relationships, not competing primary assignments. Noindex support role retained; not a search-primary target."
/brands/jeep-service-dubai/brake-repair,en,brand-service,Jeep Brake Repair Dubai,INDEX,"index, follow, max-image-preview:large",https://digitecme.com/brands/jeep-service-dubai/brake-repair,PASS,YES,Existing policy; validate reciprocal destinations,HIGH,,/brands/jeep-service-dubai/oil-change,,RETAIN POLICY,NO,"Approved source records reconciled with rendered route; supporting links are observed relationships, not competing primary assignments. "
/brands/jeep-service-dubai/electrical-repair,en,brand-service,Jeep Electrical Repair Dubai,NOINDEX,"noindex, follow",https://digitecme.com/brands/jeep-service-dubai/electrical-repair,PASS,NO,Existing policy; validate reciprocal destinations,HIGH,,/brands/jeep-service-dubai/oil-change,,RETAIN POLICY,NO,"Approved source records reconciled with rendered route; supporting links are observed relationships, not competing primary assignments. Noindex support role retained; not a search-primary target."
/brands/jeep-service-dubai/engine-diagnostics,en,brand-service,Jeep Engine Diagnostics Dubai,INDEX,"index, follow, max-image-preview:large",https://digitecme.com/brands/jeep-service-dubai/engine-diagnostics,PASS,YES,Existing policy; validate reciprocal destinations,HIGH,,/brands/jeep-service-dubai/oil-change,,RETAIN POLICY,NO,"Approved source records reconciled with rendered route; supporting links are observed relationships, not competing primary assignments. "
/brands/jeep-service-dubai/exhaust-repair,en,brand-service,Jeep Exhaust Repair Dubai,NOINDEX,"noindex, follow",https://digitecme.com/brands/jeep-service-dubai/exhaust-repair,PASS,NO,Existing policy; validate reciprocal destinations,HIGH,,/brands/jeep-service-dubai/oil-change,,RETAIN POLICY,NO,"Approved source records reconciled with rendered route; supporting links are observed relationships, not competing primary assignments. Noindex support role retained; not a search-primary target."
/brands/jeep-service-dubai/fuel-system-repair,en,brand-service,Jeep Fuel System Repair Dubai,NOINDEX,"noindex, follow",https://digitecme.com/brands/jeep-service-dubai/fuel-system-repair,PASS,NO,Existing policy; validate reciprocal destinations,HIGH,,/brands/jeep-service-dubai/oil-change,,RETAIN POLICY,NO,"Approved source records reconciled with rendered route; supporting links are observed relationships, not competing primary assignments. Noindex support role retained; not a search-primary target."
/brands/jeep-service-dubai/mechanical-repair,en,brand-service,Jeep Mechanical Repair Dubai,NOINDEX,"noindex, follow",https://digitecme.com/brands/jeep-service-dubai/mechanical-repair,PASS,NO,Existing policy; validate reciprocal destinations,HIGH,,/brands/jeep-service-dubai/oil-change,,RETAIN POLICY,NO,"Approved source records reconciled with rendered route; supporting links are observed relationships, not competing primary assignments. Noindex support role retained; not a search-primary target."
/brands/jeep-service-dubai/oil-change,en,brand-service,Jeep Oil Change Dubai,INDEX,"index, follow, max-image-preview:large",https://digitecme.com/brands/jeep-service-dubai/oil-change,PASS,YES,Existing policy; validate reciprocal destinations,HIGH,,/brands/jeep-service-dubai/brake-repair,,RETAIN POLICY,NO,"Approved source records reconciled with rendered route; supporting links are observed relationships, not competing primary assignments. "
/brands/jeep-service-dubai/steering-repair,en,brand-service,Jeep Steering Repair Dubai,NOINDEX,"noindex, follow",https://digitecme.com/brands/jeep-service-dubai/steering-repair,PASS,NO,Existing policy; validate reciprocal destinations,HIGH,,/brands/jeep-service-dubai/oil-change,,RETAIN POLICY,NO,"Approved source records reconciled with rendered route; supporting links are observed relationships, not competing primary assignments. Noindex support role retained; not a search-primary target."
/brands/jeep-service-dubai/suspension-repair,en,brand-service,Jeep Suspension Repair Dubai,NOINDEX,"noindex, follow",https://digitecme.com/brands/jeep-service-dubai/suspension-repair,PASS,NO,Existing policy; validate reciprocal destinations,HIGH,,/brands/jeep-service-dubai/oil-change,,RETAIN POLICY,NO,"Approved source records reconciled with rendered route; supporting links are observed relationships, not competing primary assignments. Noindex support role retained; not a search-primary target."
/brands/jeep-service-dubai/tire-repair,en,brand-service,Jeep Tyre Repair Dubai,NOINDEX,"noindex, follow",https://digitecme.com/brands/jeep-service-dubai/tire-repair,PASS,NO,Existing policy; validate reciprocal destinations,HIGH,,/brands/jeep-service-dubai/oil-change,,RETAIN POLICY,NO,"Approved source records reconciled with rendered route; supporting links are observed relationships, not competing primary assignments. Noindex support role retained; not a search-primary target."
/brands/jeep-service-dubai/transmission-repair,en,brand-service,Jeep Transmission Repair Dubai,NOINDEX,"noindex, follow",https://digitecme.com/brands/jeep-service-dubai/transmission-repair,PASS,NO,Existing policy; validate reciprocal destinations,HIGH,,/brands/jeep-service-dubai/oil-change,,RETAIN POLICY,NO,"Approved source records reconciled with rendered route; supporting links are observed relationships, not competing primary assignments. Noindex support role retained; not a search-primary target."
/brands/jetour-service-dubai,en,brand,Jetour Repair & Service Dubai,INDEX,"index, follow, max-image-preview:large",https://digitecme.com/brands/jetour-service-dubai,PASS,YES,Existing policy; validate reciprocal destinations,HIGH,No query × landing-page join supplied,/brands/jetour-service-dubai/engine-diagnostics,,RETAIN POLICY,NO,"Approved source records reconciled with rendered route; supporting links are observed relationships, not competing primary assignments. "
/brands/jetour-service-dubai/ac-repair,en,brand-service,Jetour AC Repair Dubai,INDEX,"index, follow, max-image-preview:large",https://digitecme.com/brands/jetour-service-dubai/ac-repair,PASS,YES,Existing policy; validate reciprocal destinations,HIGH,No query × landing-page join supplied,/brands/jetour-service-dubai/oil-change,,RETAIN POLICY,NO,"Approved source records reconciled with rendered route; supporting links are observed relationships, not competing primary assignments. "
/brands/jetour-service-dubai/battery-replacement,en,brand-service,Jetour Battery Replacement Dubai,NOINDEX,"noindex, follow",https://digitecme.com/brands/jetour-service-dubai/battery-replacement,PASS,NO,Existing policy; validate reciprocal destinations,HIGH,No query × landing-page join supplied,/brands/jetour-service-dubai/oil-change,,RETAIN POLICY,NO,"Approved source records reconciled with rendered route; supporting links are observed relationships, not competing primary assignments. Noindex support role retained; not a search-primary target."
/brands/jetour-service-dubai/body-repair,en,brand-service,"Commercial repair: dents, damaged paint, refinishing and collision work",NOINDEX,"noindex, follow",https://digitecme.com/brands/jetour-service-dubai/body-repair,PASS,NO,Existing policy; validate reciprocal destinations,HIGH,"No query × landing-page join supplied | Measured queries support intent only, not historical URL",/services/car-polishing-dubai,,RETAIN POLICY,NO,"Approved source records reconciled with rendered route; supporting links are observed relationships, not competing primary assignments. Noindex support role retained; not a search-primary target."
/brands/jetour-service-dubai/brake-repair,en,brand-service,Jetour Brake Repair Dubai,INDEX,"index, follow, max-image-preview:large",https://digitecme.com/brands/jetour-service-dubai/brake-repair,PASS,YES,Existing policy; validate reciprocal destinations,HIGH,No query × landing-page join supplied,/brands/jetour-service-dubai/oil-change,,RETAIN POLICY,NO,"Approved source records reconciled with rendered route; supporting links are observed relationships, not competing primary assignments. "
/brands/jetour-service-dubai/electrical-repair,en,brand-service,Jetour Electrical Repair Dubai,NOINDEX,"noindex, follow",https://digitecme.com/brands/jetour-service-dubai/electrical-repair,PASS,NO,Existing policy; validate reciprocal destinations,HIGH,No query × landing-page join supplied,/brands/jetour-service-dubai/oil-change,,RETAIN POLICY,NO,"Approved source records reconciled with rendered route; supporting links are observed relationships, not competing primary assignments. Noindex support role retained; not a search-primary target."
/brands/jetour-service-dubai/engine-diagnostics,en,brand-service,Jetour Warning-Light & Diagnostic Assessment in Dubai,INDEX,"index, follow, max-image-preview:large",https://digitecme.com/brands/jetour-service-dubai/engine-diagnostics,PASS,YES,Existing policy; validate reciprocal destinations,HIGH,No query × landing-page join supplied,/brands/jetour-service-dubai/oil-change,,RETAIN POLICY,NO,"Approved source records reconciled with rendered route; supporting links are observed relationships, not competing primary assignments. "
/brands/jetour-service-dubai/exhaust-repair,en,brand-service,Jetour Exhaust Repair Dubai,NOINDEX,"noindex, follow",https://digitecme.com/brands/jetour-service-dubai/exhaust-repair,PASS,NO,Existing policy; validate reciprocal destinations,HIGH,No query × landing-page join supplied,/brands/jetour-service-dubai/oil-change,,RETAIN POLICY,NO,"Approved source records reconciled with rendered route; supporting links are observed relationships, not competing primary assignments. Noindex support role retained; not a search-primary target."
/brands/jetour-service-dubai/fuel-system-repair,en,brand-service,Jetour Fuel System Repair Dubai,NOINDEX,"noindex, follow",https://digitecme.com/brands/jetour-service-dubai/fuel-system-repair,PASS,NO,Existing policy; validate reciprocal destinations,HIGH,No query × landing-page join supplied,/brands/jetour-service-dubai/oil-change,,RETAIN POLICY,NO,"Approved source records reconciled with rendered route; supporting links are observed relationships, not competing primary assignments. Noindex support role retained; not a search-primary target."
/brands/jetour-service-dubai/mechanical-repair,en,brand-service,Jetour Mechanical Repair Dubai,NOINDEX,"noindex, follow",https://digitecme.com/brands/jetour-service-dubai/mechanical-repair,PASS,NO,Existing policy; validate reciprocal destinations,HIGH,No query × landing-page join supplied,/brands/jetour-service-dubai/oil-change,,RETAIN POLICY,NO,"Approved source records reconciled with rendered route; supporting links are observed relationships, not competing primary assignments. Noindex support role retained; not a search-primary target."
/brands/jetour-service-dubai/oil-change,en,brand-service,Jetour Oil Change Dubai,INDEX,"index, follow, max-image-preview:large",https://digitecme.com/brands/jetour-service-dubai/oil-change,PASS,YES,Existing policy; validate reciprocal destinations,HIGH,No query × landing-page join supplied,/brands/jetour-service-dubai/brake-repair,,RETAIN POLICY,NO,"Approved source records reconciled with rendered route; supporting links are observed relationships, not competing primary assignments. "
/brands/jetour-service-dubai/steering-repair,en,brand-service,Jetour Steering Repair Dubai,NOINDEX,"noindex, follow",https://digitecme.com/brands/jetour-service-dubai/steering-repair,PASS,NO,Existing policy; validate reciprocal destinations,HIGH,No query × landing-page join supplied,/brands/jetour-service-dubai/oil-change,,RETAIN POLICY,NO,"Approved source records reconciled with rendered route; supporting links are observed relationships, not competing primary assignments. Noindex support role retained; not a search-primary target."
/brands/jetour-service-dubai/suspension-repair,en,brand-service,Jetour Suspension Repair Dubai,NOINDEX,"noindex, follow",https://digitecme.com/brands/jetour-service-dubai/suspension-repair,PASS,NO,Existing policy; validate reciprocal destinations,HIGH,No query × landing-page join supplied,/brands/jetour-service-dubai/oil-change,,RETAIN POLICY,NO,"Approved source records reconciled with rendered route; supporting links are observed relationships, not competing primary assignments. Noindex support role retained; not a search-primary target."
/brands/jetour-service-dubai/tire-repair,en,brand-service,Jetour Tyre Repair Dubai,NOINDEX,"noindex, follow",https://digitecme.com/brands/jetour-service-dubai/tire-repair,PASS,NO,Existing policy; validate reciprocal destinations,HIGH,No query × landing-page join supplied,/brands/jetour-service-dubai/oil-change,,RETAIN POLICY,NO,"Approved source records reconciled with rendered route; supporting links are observed relationships, not competing primary assignments. Noindex support role retained; not a search-primary target."
/brands/jetour-service-dubai/transmission-repair,en,brand-service,Jetour Transmission Repair Dubai,NOINDEX,"noindex, follow",https://digitecme.com/brands/jetour-service-dubai/transmission-repair,PASS,NO,Existing policy; validate reciprocal destinations,HIGH,No query × landing-page join supplied,/brands/jetour-service-dubai/oil-change,,RETAIN POLICY,NO,"Approved source records reconciled with rendered route; supporting links are observed relationships, not competing primary assignments. Noindex support role retained; not a search-primary target."
/brands/koenigsegg-service-dubai,en,brand,Koenigsegg Repair & Service Dubai,INDEX,"index, follow, max-image-preview:large",https://digitecme.com/brands/koenigsegg-service-dubai,PASS,YES,Existing policy; validate reciprocal destinations,HIGH,,/brands/koenigsegg-service-dubai/oil-change,,RETAIN POLICY,NO,"Approved source records reconciled with rendered route; supporting links are observed relationships, not competing primary assignments. "
/brands/koenigsegg-service-dubai/ac-repair,en,brand-service,Koenigsegg AC Repair Dubai,INDEX,"index, follow, max-image-preview:large",https://digitecme.com/brands/koenigsegg-service-dubai/ac-repair,PASS,YES,Existing policy; validate reciprocal destinations,HIGH,,/brands/koenigsegg-service-dubai/oil-change,,RETAIN POLICY,NO,"Approved source records reconciled with rendered route; supporting links are observed relationships, not competing primary assignments. "
/brands/koenigsegg-service-dubai/brake-repair,en,brand-service,Koenigsegg Brake Repair Dubai,INDEX,"index, follow, max-image-preview:large",https://digitecme.com/brands/koenigsegg-service-dubai/brake-repair,PASS,YES,Existing policy; validate reciprocal destinations,HIGH,,/brands/koenigsegg-service-dubai/oil-change,,RETAIN POLICY,NO,"Approved source records reconciled with rendered route; supporting links are observed relationships, not competing primary assignments. "
/brands/koenigsegg-service-dubai/engine-diagnostics,en,brand-service,Koenigsegg Engine Diagnostics Dubai,INDEX,"index, follow, max-image-preview:large",https://digitecme.com/brands/koenigsegg-service-dubai/engine-diagnostics,PASS,YES,Existing policy; validate reciprocal destinations,HIGH,,/brands/koenigsegg-service-dubai/oil-change,,RETAIN POLICY,NO,"Approved source records reconciled with rendered route; supporting links are observed relationships, not competing primary assignments. "
/brands/koenigsegg-service-dubai/oil-change,en,brand-service,Koenigsegg Oil Change Dubai,INDEX,"index, follow, max-image-preview:large",https://digitecme.com/brands/koenigsegg-service-dubai/oil-change,PASS,YES,Existing policy; validate reciprocal destinations,HIGH,,/brands/koenigsegg-service-dubai/brake-repair,,RETAIN POLICY,NO,"Approved source records reconciled with rendered route; supporting links are observed relationships, not competing primary assignments. "
/brands/koenigsegg-service-dubai/suspension-repair,en,brand-service,Koenigsegg Suspension Repair Dubai,NOINDEX,"noindex, follow",https://digitecme.com/brands/koenigsegg-service-dubai/suspension-repair,PASS,NO,Existing policy; validate reciprocal destinations,HIGH,,/brands/koenigsegg-service-dubai/oil-change,,RETAIN POLICY,NO,"Approved source records reconciled with rendered route; supporting links are observed relationships, not competing primary assignments. Noindex support role retained; not a search-primary target."
/brands/koenigsegg-service-dubai/transmission-repair,en,brand-service,Koenigsegg Transmission Repair Dubai,NOINDEX,"noindex, follow",https://digitecme.com/brands/koenigsegg-service-dubai/transmission-repair,PASS,NO,Existing policy; validate reciprocal destinations,HIGH,,/brands/koenigsegg-service-dubai/oil-change,,RETAIN POLICY,NO,"Approved source records reconciled with rendered route; supporting links are observed relationships, not competing primary assignments. Noindex support role retained; not a search-primary target."
/brands/lamborghini-service-dubai,en,brand,"Lamborghini service, repair and workshop discovery",INDEX,"index, follow, max-image-preview:large",https://digitecme.com/brands/lamborghini-service-dubai,PASS,YES,Existing policy; validate reciprocal destinations,HIGH,"15 latest query rows, 1458 impressions, 0 clicks; query-only, not page attribution",/brands/lamborghini-service-dubai/oil-change,,RETAIN POLICY,NO,"Approved source records reconciled with rendered route; supporting links are observed relationships, not competing primary assignments. "
/brands/lamborghini-service-dubai/ac-repair,en,brand-service,Lamborghini AC Repair Dubai,INDEX,"index, follow, max-image-preview:large",https://digitecme.com/brands/lamborghini-service-dubai/ac-repair,PASS,YES,Existing policy; validate reciprocal destinations,HIGH,No latest query mapped; top-query export does not establish zero page traffic,/brands/lamborghini-service-dubai/oil-change,,RETAIN POLICY,NO,"Approved source records reconciled with rendered route; supporting links are observed relationships, not competing primary assignments. "
/brands/lamborghini-service-dubai/battery-replacement,en,brand-service,Lamborghini Battery Replacement Dubai,INDEX,"index, follow, max-image-preview:large",https://digitecme.com/brands/lamborghini-service-dubai/battery-replacement,PASS,YES,Existing policy; validate reciprocal destinations,HIGH,"1 latest query rows, 129 impressions, 0 clicks; query-only, not page attribution",/brands/lamborghini-service-dubai/oil-change,,RETAIN POLICY,NO,"Approved source records reconciled with rendered route; supporting links are observed relationships, not competing primary assignments. "
/brands/lamborghini-service-dubai/body-repair,en,brand-service,"Commercial repair: dents, damaged paint, refinishing and collision work",INDEX,"index, follow, max-image-preview:large",https://digitecme.com/brands/lamborghini-service-dubai/body-repair,PASS,YES,Existing policy; validate reciprocal destinations,HIGH,"No latest query mapped; top-query export does not establish zero page traffic | Measured queries support intent only, not historical URL",/services/car-polishing-dubai,,RETAIN POLICY,NO,"Approved source records reconciled with rendered route; supporting links are observed relationships, not competing primary assignments. "
/brands/lamborghini-service-dubai/brake-repair,en,brand-service,Lamborghini Brake Repair Dubai,INDEX,"index, follow, max-image-preview:large",https://digitecme.com/brands/lamborghini-service-dubai/brake-repair,PASS,YES,Existing policy; validate reciprocal destinations,HIGH,No latest query mapped; top-query export does not establish zero page traffic,/brands/lamborghini-service-dubai/oil-change,,RETAIN POLICY,NO,"Approved source records reconciled with rendered route; supporting links are observed relationships, not competing primary assignments. "
/brands/lamborghini-service-dubai/electrical-repair,en,brand-service,Lamborghini Electrical Repair Dubai,INDEX,"index, follow, max-image-preview:large",https://digitecme.com/brands/lamborghini-service-dubai/electrical-repair,PASS,YES,Existing policy; validate reciprocal destinations,HIGH,"1 latest query rows, 213 impressions, 0 clicks; query-only, not page attribution",/brands/lamborghini-service-dubai/oil-change,,RETAIN POLICY,NO,"Approved source records reconciled with rendered route; supporting links are observed relationships, not competing primary assignments. "
/brands/lamborghini-service-dubai/engine-diagnostics,en,brand-service,Lamborghini Engine Diagnostics Dubai,INDEX,"index, follow, max-image-preview:large",https://digitecme.com/brands/lamborghini-service-dubai/engine-diagnostics,PASS,YES,Existing policy; validate reciprocal destinations,HIGH,No latest query mapped; top-query export does not establish zero page traffic,/brands/lamborghini-service-dubai/oil-change,,RETAIN POLICY,NO,"Approved source records reconciled with rendered route; supporting links are observed relationships, not competing primary assignments. "
/brands/lamborghini-service-dubai/exhaust-repair,en,brand-service,Lamborghini Exhaust Repair Dubai,INDEX,"index, follow, max-image-preview:large",https://digitecme.com/brands/lamborghini-service-dubai/exhaust-repair,PASS,YES,Existing policy; validate reciprocal destinations,HIGH,No latest query mapped; top-query export does not establish zero page traffic,/brands/lamborghini-service-dubai/oil-change,,RETAIN POLICY,NO,"Approved source records reconciled with rendered route; supporting links are observed relationships, not competing primary assignments. "
/brands/lamborghini-service-dubai/fuel-system-repair,en,brand-service,Lamborghini Fuel System Repair Dubai,INDEX,"index, follow, max-image-preview:large",https://digitecme.com/brands/lamborghini-service-dubai/fuel-system-repair,PASS,YES,Existing policy; validate reciprocal destinations,HIGH,No latest query mapped; top-query export does not establish zero page traffic,/brands/lamborghini-service-dubai/oil-change,,RETAIN POLICY,NO,"Approved source records reconciled with rendered route; supporting links are observed relationships, not competing primary assignments. "
/brands/lamborghini-service-dubai/mechanical-repair,en,brand-service,Lamborghini Engine Repair Dubai,INDEX,"index, follow, max-image-preview:large",https://digitecme.com/brands/lamborghini-service-dubai/mechanical-repair,PASS,YES,Existing policy; validate reciprocal destinations,HIGH,"1 latest query rows, 44 impressions, 0 clicks; query-only, not page attribution",/brands/lamborghini-service-dubai/oil-change,,RETAIN POLICY,NO,"Approved source records reconciled with rendered route; supporting links are observed relationships, not competing primary assignments. "
/brands/lamborghini-service-dubai/oil-change,en,brand-service,Lamborghini Oil Change & Maintenance Dubai,INDEX,"index, follow, max-image-preview:large",https://digitecme.com/brands/lamborghini-service-dubai/oil-change,PASS,YES,Existing policy; validate reciprocal destinations,HIGH,No latest query mapped; top-query export does not establish zero page traffic,/services/oil-change-dubai,,RETAIN POLICY,NO,"Approved source records reconciled with rendered route; supporting links are observed relationships, not competing primary assignments. "
/brands/lamborghini-service-dubai/steering-repair,en,brand-service,Lamborghini Steering Repair Dubai,INDEX,"index, follow, max-image-preview:large",https://digitecme.com/brands/lamborghini-service-dubai/steering-repair,PASS,YES,Existing policy; validate reciprocal destinations,HIGH,No latest query mapped; top-query export does not establish zero page traffic,/brands/lamborghini-service-dubai/oil-change,,RETAIN POLICY,NO,"Approved source records reconciled with rendered route; supporting links are observed relationships, not competing primary assignments. "
/brands/lamborghini-service-dubai/suspension-repair,en,brand-service,Lamborghini Suspension Repair Dubai,INDEX,"index, follow, max-image-preview:large",https://digitecme.com/brands/lamborghini-service-dubai/suspension-repair,PASS,YES,Existing policy; validate reciprocal destinations,HIGH,"1 latest query rows, 28 impressions, 0 clicks; query-only, not page attribution",/brands/lamborghini-service-dubai/oil-change,,RETAIN POLICY,NO,"Approved source records reconciled with rendered route; supporting links are observed relationships, not competing primary assignments. "
/brands/lamborghini-service-dubai/tire-repair,en,brand-service,Lamborghini Tyre Repair Dubai,INDEX,"index, follow, max-image-preview:large",https://digitecme.com/brands/lamborghini-service-dubai/tire-repair,PASS,YES,Existing policy; validate reciprocal destinations,HIGH,No latest query mapped; top-query export does not establish zero page traffic,/brands/lamborghini-service-dubai/oil-change,,RETAIN POLICY,NO,"Approved source records reconciled with rendered route; supporting links are observed relationships, not competing primary assignments. "
/brands/lamborghini-service-dubai/transmission-repair,en,brand-service,Lamborghini Transmission Repair Dubai,INDEX,"index, follow, max-image-preview:large",https://digitecme.com/brands/lamborghini-service-dubai/transmission-repair,PASS,YES,Existing policy; validate reciprocal destinations,HIGH,"1 latest query rows, 38 impressions, 0 clicks; query-only, not page attribution",/brands/lamborghini-service-dubai/oil-change,,RETAIN POLICY,NO,"Approved source records reconciled with rendered route; supporting links are observed relationships, not competing primary assignments. "
/brands/land-rover-service-dubai,en,brand,Land Rover Repair & Service Dubai,INDEX,"index, follow, max-image-preview:large",https://digitecme.com/brands/land-rover-service-dubai,PASS,YES,Existing policy; validate reciprocal destinations,HIGH,,/brands/land-rover-service-dubai/oil-change,,RETAIN POLICY,NO,"Approved source records reconciled with rendered route; supporting links are observed relationships, not competing primary assignments. "
/brands/land-rover-service-dubai/ac-repair,en,brand-service,Land Rover AC Repair Dubai,INDEX,"index, follow, max-image-preview:large",https://digitecme.com/brands/land-rover-service-dubai/ac-repair,PASS,YES,Existing policy; validate reciprocal destinations,HIGH,,/brands/land-rover-service-dubai/oil-change,,RETAIN POLICY,NO,"Approved source records reconciled with rendered route; supporting links are observed relationships, not competing primary assignments. "
/brands/land-rover-service-dubai/battery-replacement,en,brand-service,Land Rover Battery Replacement Dubai,INDEX,"index, follow, max-image-preview:large",https://digitecme.com/brands/land-rover-service-dubai/battery-replacement,PASS,YES,Existing policy; validate reciprocal destinations,HIGH,,/brands/land-rover-service-dubai/oil-change,,RETAIN POLICY,NO,"Approved source records reconciled with rendered route; supporting links are observed relationships, not competing primary assignments. "
/brands/land-rover-service-dubai/body-repair,en,brand-service,"Commercial repair: dents, damaged paint, refinishing and collision work",INDEX,"index, follow, max-image-preview:large",https://digitecme.com/brands/land-rover-service-dubai/body-repair,PASS,YES,Existing policy; validate reciprocal destinations,HIGH,"Measured queries support intent only, not historical URL",/services/car-polishing-dubai,,RETAIN POLICY,NO,"Approved source records reconciled with rendered route; supporting links are observed relationships, not competing primary assignments. "
/brands/land-rover-service-dubai/brake-repair,en,brand-service,Land Rover Brake Repair Dubai,INDEX,"index, follow, max-image-preview:large",https://digitecme.com/brands/land-rover-service-dubai/brake-repair,PASS,YES,Existing policy; validate reciprocal destinations,HIGH,,/brands/land-rover-service-dubai/oil-change,,RETAIN POLICY,NO,"Approved source records reconciled with rendered route; supporting links are observed relationships, not competing primary assignments. "
/brands/land-rover-service-dubai/electrical-repair,en,brand-service,Land Rover Electrical Repair Dubai,INDEX,"index, follow, max-image-preview:large",https://digitecme.com/brands/land-rover-service-dubai/electrical-repair,PASS,YES,Existing policy; validate reciprocal destinations,HIGH,,/brands/land-rover-service-dubai/oil-change,,RETAIN POLICY,NO,"Approved source records reconciled with rendered route; supporting links are observed relationships, not competing primary assignments. "
/brands/land-rover-service-dubai/engine-diagnostics,en,brand-service,Land Rover Engine Diagnostics Dubai,INDEX,"index, follow, max-image-preview:large",https://digitecme.com/brands/land-rover-service-dubai/engine-diagnostics,PASS,YES,Existing policy; validate reciprocal destinations,HIGH,,/brands/land-rover-service-dubai/oil-change,,RETAIN POLICY,NO,"Approved source records reconciled with rendered route; supporting links are observed relationships, not competing primary assignments. "
/brands/land-rover-service-dubai/exhaust-repair,en,brand-service,Land Rover Exhaust Repair Dubai,INDEX,"index, follow, max-image-preview:large",https://digitecme.com/brands/land-rover-service-dubai/exhaust-repair,PASS,YES,Existing policy; validate reciprocal destinations,HIGH,,/brands/land-rover-service-dubai/oil-change,,RETAIN POLICY,NO,"Approved source records reconciled with rendered route; supporting links are observed relationships, not competing primary assignments. "
/brands/land-rover-service-dubai/fuel-system-repair,en,brand-service,Land Rover Fuel System Repair Dubai,INDEX,"index, follow, max-image-preview:large",https://digitecme.com/brands/land-rover-service-dubai/fuel-system-repair,PASS,YES,Existing policy; validate reciprocal destinations,HIGH,,/brands/land-rover-service-dubai/oil-change,,RETAIN POLICY,NO,"Approved source records reconciled with rendered route; supporting links are observed relationships, not competing primary assignments. "
/brands/land-rover-service-dubai/mechanical-repair,en,brand-service,Land Rover Mechanical Repair Dubai,INDEX,"index, follow, max-image-preview:large",https://digitecme.com/brands/land-rover-service-dubai/mechanical-repair,PASS,YES,Existing policy; validate reciprocal destinations,HIGH,,/brands/land-rover-service-dubai/oil-change,,RETAIN POLICY,NO,"Approved source records reconciled with rendered route; supporting links are observed relationships, not competing primary assignments. "
/brands/land-rover-service-dubai/oil-change,en,brand-service,Land Rover Oil Change Dubai,INDEX,"index, follow, max-image-preview:large",https://digitecme.com/brands/land-rover-service-dubai/oil-change,PASS,YES,Existing policy; validate reciprocal destinations,HIGH,,/brands/land-rover-service-dubai/brake-repair,,RETAIN POLICY,NO,"Approved source records reconciled with rendered route; supporting links are observed relationships, not competing primary assignments. "
/brands/land-rover-service-dubai/steering-repair,en,brand-service,Land Rover Steering Repair Dubai,INDEX,"index, follow, max-image-preview:large",https://digitecme.com/brands/land-rover-service-dubai/steering-repair,PASS,YES,Existing policy; validate reciprocal destinations,HIGH,,/brands/land-rover-service-dubai/oil-change,,RETAIN POLICY,NO,"Approved source records reconciled with rendered route; supporting links are observed relationships, not competing primary assignments. "
/brands/land-rover-service-dubai/suspension-repair,en,brand-service,Land Rover Suspension Repair Dubai,INDEX,"index, follow, max-image-preview:large",https://digitecme.com/brands/land-rover-service-dubai/suspension-repair,PASS,YES,Existing policy; validate reciprocal destinations,HIGH,,/brands/land-rover-service-dubai/oil-change,,RETAIN POLICY,NO,"Approved source records reconciled with rendered route; supporting links are observed relationships, not competing primary assignments. "
/brands/land-rover-service-dubai/tire-repair,en,brand-service,Land Rover Tyre Repair Dubai,INDEX,"index, follow, max-image-preview:large",https://digitecme.com/brands/land-rover-service-dubai/tire-repair,PASS,YES,Existing policy; validate reciprocal destinations,HIGH,,/brands/land-rover-service-dubai/oil-change,,RETAIN POLICY,NO,"Approved source records reconciled with rendered route; supporting links are observed relationships, not competing primary assignments. "
/brands/land-rover-service-dubai/transmission-repair,en,brand-service,Land Rover Transmission Repair Dubai,INDEX,"index, follow, max-image-preview:large",https://digitecme.com/brands/land-rover-service-dubai/transmission-repair,PASS,YES,Existing policy; validate reciprocal destinations,HIGH,,/brands/land-rover-service-dubai/oil-change,,RETAIN POLICY,NO,"Approved source records reconciled with rendered route; supporting links are observed relationships, not competing primary assignments. "
/brands/lincoln-service-dubai,en,brand,Lincoln Repair & Service Dubai,INDEX,"index, follow, max-image-preview:large",https://digitecme.com/brands/lincoln-service-dubai,PASS,YES,Existing policy; validate reciprocal destinations,HIGH,,/brands/lincoln-service-dubai/oil-change,,RETAIN POLICY,NO,"Approved source records reconciled with rendered route; supporting links are observed relationships, not competing primary assignments. "
/brands/lincoln-service-dubai/ac-repair,en,brand-service,Lincoln AC Repair Dubai,INDEX,"index, follow, max-image-preview:large",https://digitecme.com/brands/lincoln-service-dubai/ac-repair,PASS,YES,Existing policy; validate reciprocal destinations,HIGH,,/brands/lincoln-service-dubai/oil-change,,RETAIN POLICY,NO,"Approved source records reconciled with rendered route; supporting links are observed relationships, not competing primary assignments. "
/brands/lincoln-service-dubai/brake-repair,en,brand-service,Lincoln Brake Repair Dubai,INDEX,"index, follow, max-image-preview:large",https://digitecme.com/brands/lincoln-service-dubai/brake-repair,PASS,YES,Existing policy; validate reciprocal destinations,HIGH,,/brands/lincoln-service-dubai/oil-change,,RETAIN POLICY,NO,"Approved source records reconciled with rendered route; supporting links are observed relationships, not competing primary assignments. "
/brands/lincoln-service-dubai/engine-diagnostics,en,brand-service,Lincoln Engine Diagnostics Dubai,INDEX,"index, follow, max-image-preview:large",https://digitecme.com/brands/lincoln-service-dubai/engine-diagnostics,PASS,YES,Existing policy; validate reciprocal destinations,HIGH,,/brands/lincoln-service-dubai/oil-change,,RETAIN POLICY,NO,"Approved source records reconciled with rendered route; supporting links are observed relationships, not competing primary assignments. "
/brands/lincoln-service-dubai/oil-change,en,brand-service,Lincoln Oil Change Dubai,INDEX,"index, follow, max-image-preview:large",https://digitecme.com/brands/lincoln-service-dubai/oil-change,PASS,YES,Existing policy; validate reciprocal destinations,HIGH,,/brands/lincoln-service-dubai/brake-repair,,RETAIN POLICY,NO,"Approved source records reconciled with rendered route; supporting links are observed relationships, not competing primary assignments. "
/brands/lincoln-service-dubai/suspension-repair,en,brand-service,Lincoln Suspension Repair Dubai,NOINDEX,"noindex, follow",https://digitecme.com/brands/lincoln-service-dubai/suspension-repair,PASS,NO,Existing policy; validate reciprocal destinations,HIGH,,/brands/lincoln-service-dubai/oil-change,,RETAIN POLICY,NO,"Approved source records reconciled with rendered route; supporting links are observed relationships, not competing primary assignments. Noindex support role retained; not a search-primary target."
/brands/lincoln-service-dubai/transmission-repair,en,brand-service,Lincoln Transmission Repair Dubai,NOINDEX,"noindex, follow",https://digitecme.com/brands/lincoln-service-dubai/transmission-repair,PASS,NO,Existing policy; validate reciprocal destinations,HIGH,,/brands/lincoln-service-dubai/oil-change,,RETAIN POLICY,NO,"Approved source records reconciled with rendered route; supporting links are observed relationships, not competing primary assignments. Noindex support role retained; not a search-primary target."
/brands/maserati-service-dubai,en,brand,Maserati Repair & Service Dubai,INDEX,"index, follow, max-image-preview:large",https://digitecme.com/brands/maserati-service-dubai,PASS,YES,Existing policy; validate reciprocal destinations,HIGH,,/brands/maserati-service-dubai/oil-change,,RETAIN POLICY,NO,"Approved source records reconciled with rendered route; supporting links are observed relationships, not competing primary assignments. "
/brands/maserati-service-dubai/ac-repair,en,brand-service,Maserati AC Repair Dubai,INDEX,"index, follow, max-image-preview:large",https://digitecme.com/brands/maserati-service-dubai/ac-repair,PASS,YES,Existing policy; validate reciprocal destinations,HIGH,,/brands/maserati-service-dubai/oil-change,,RETAIN POLICY,NO,"Approved source records reconciled with rendered route; supporting links are observed relationships, not competing primary assignments. "
/brands/maserati-service-dubai/battery-replacement,en,brand-service,Maserati Battery Replacement Dubai,INDEX,"index, follow, max-image-preview:large",https://digitecme.com/brands/maserati-service-dubai/battery-replacement,PASS,YES,Existing policy; validate reciprocal destinations,HIGH,,/brands/maserati-service-dubai/oil-change,,RETAIN POLICY,NO,"Approved source records reconciled with rendered route; supporting links are observed relationships, not competing primary assignments. "
/brands/maserati-service-dubai/body-repair,en,brand-service,"Commercial repair: dents, damaged paint, refinishing and collision work",INDEX,"index, follow, max-image-preview:large",https://digitecme.com/brands/maserati-service-dubai/body-repair,PASS,YES,Existing policy; validate reciprocal destinations,HIGH,"Measured queries support intent only, not historical URL",/services/car-polishing-dubai,,RETAIN POLICY,NO,"Approved source records reconciled with rendered route; supporting links are observed relationships, not competing primary assignments. "
/brands/maserati-service-dubai/brake-repair,en,brand-service,Maserati Brake Repair Dubai,INDEX,"index, follow, max-image-preview:large",https://digitecme.com/brands/maserati-service-dubai/brake-repair,PASS,YES,Existing policy; validate reciprocal destinations,HIGH,,/brands/maserati-service-dubai/oil-change,,RETAIN POLICY,NO,"Approved source records reconciled with rendered route; supporting links are observed relationships, not competing primary assignments. "
/brands/maserati-service-dubai/electrical-repair,en,brand-service,Maserati Electrical Repair Dubai,INDEX,"index, follow, max-image-preview:large",https://digitecme.com/brands/maserati-service-dubai/electrical-repair,PASS,YES,Existing policy; validate reciprocal destinations,HIGH,,/brands/maserati-service-dubai/oil-change,,RETAIN POLICY,NO,"Approved source records reconciled with rendered route; supporting links are observed relationships, not competing primary assignments. "
/brands/maserati-service-dubai/engine-diagnostics,en,brand-service,Maserati Engine Diagnostics Dubai,INDEX,"index, follow, max-image-preview:large",https://digitecme.com/brands/maserati-service-dubai/engine-diagnostics,PASS,YES,Existing policy; validate reciprocal destinations,HIGH,,/brands/maserati-service-dubai/oil-change,,RETAIN POLICY,NO,"Approved source records reconciled with rendered route; supporting links are observed relationships, not competing primary assignments. "
/brands/maserati-service-dubai/exhaust-repair,en,brand-service,Maserati Exhaust Repair Dubai,INDEX,"index, follow, max-image-preview:large",https://digitecme.com/brands/maserati-service-dubai/exhaust-repair,PASS,YES,Existing policy; validate reciprocal destinations,HIGH,,/brands/maserati-service-dubai/oil-change,,RETAIN POLICY,NO,"Approved source records reconciled with rendered route; supporting links are observed relationships, not competing primary assignments. "
/brands/maserati-service-dubai/fuel-system-repair,en,brand-service,Maserati Fuel System Repair Dubai,INDEX,"index, follow, max-image-preview:large",https://digitecme.com/brands/maserati-service-dubai/fuel-system-repair,PASS,YES,Existing policy; validate reciprocal destinations,HIGH,,/brands/maserati-service-dubai/oil-change,,RETAIN POLICY,NO,"Approved source records reconciled with rendered route; supporting links are observed relationships, not competing primary assignments. "
/brands/maserati-service-dubai/mechanical-repair,en,brand-service,Maserati Mechanical Repair Dubai,INDEX,"index, follow, max-image-preview:large",https://digitecme.com/brands/maserati-service-dubai/mechanical-repair,PASS,YES,Existing policy; validate reciprocal destinations,HIGH,,/brands/maserati-service-dubai/oil-change,,RETAIN POLICY,NO,"Approved source records reconciled with rendered route; supporting links are observed relationships, not competing primary assignments. "
/brands/maserati-service-dubai/oil-change,en,brand-service,Maserati Oil Change Dubai,INDEX,"index, follow, max-image-preview:large",https://digitecme.com/brands/maserati-service-dubai/oil-change,PASS,YES,Existing policy; validate reciprocal destinations,HIGH,,/brands/maserati-service-dubai/brake-repair,,RETAIN POLICY,NO,"Approved source records reconciled with rendered route; supporting links are observed relationships, not competing primary assignments. "
/brands/maserati-service-dubai/steering-repair,en,brand-service,Maserati Steering Repair Dubai,INDEX,"index, follow, max-image-preview:large",https://digitecme.com/brands/maserati-service-dubai/steering-repair,PASS,YES,Existing policy; validate reciprocal destinations,HIGH,,/brands/maserati-service-dubai/oil-change,,RETAIN POLICY,NO,"Approved source records reconciled with rendered route; supporting links are observed relationships, not competing primary assignments. "
/brands/maserati-service-dubai/suspension-repair,en,brand-service,Maserati Suspension Repair Dubai,INDEX,"index, follow, max-image-preview:large",https://digitecme.com/brands/maserati-service-dubai/suspension-repair,PASS,YES,Existing policy; validate reciprocal destinations,HIGH,,/brands/maserati-service-dubai/oil-change,,RETAIN POLICY,NO,"Approved source records reconciled with rendered route; supporting links are observed relationships, not competing primary assignments. "
/brands/maserati-service-dubai/tire-repair,en,brand-service,Maserati Tyre Repair Dubai,INDEX,"index, follow, max-image-preview:large",https://digitecme.com/brands/maserati-service-dubai/tire-repair,PASS,YES,Existing policy; validate reciprocal destinations,HIGH,,/brands/maserati-service-dubai/oil-change,,RETAIN POLICY,NO,"Approved source records reconciled with rendered route; supporting links are observed relationships, not competing primary assignments. "
/brands/maserati-service-dubai/transmission-repair,en,brand-service,Maserati Transmission Repair Dubai,INDEX,"index, follow, max-image-preview:large",https://digitecme.com/brands/maserati-service-dubai/transmission-repair,PASS,YES,Existing policy; validate reciprocal destinations,HIGH,,/brands/maserati-service-dubai/oil-change,,RETAIN POLICY,NO,"Approved source records reconciled with rendered route; supporting links are observed relationships, not competing primary assignments. "
/brands/maybach-service-dubai,en,brand,Maybach service and repair discovery,INDEX,"index, follow, max-image-preview:large",https://digitecme.com/brands/maybach-service-dubai,PASS,YES,Existing policy; validate reciprocal destinations,HIGH,"4 latest query rows; 134 impressions; 1 clicks; editorial owner, not proven landing URL",/brands/maybach-service-dubai/oil-change,,RETAIN POLICY,NO,"Approved source records reconciled with rendered route; supporting links are observed relationships, not competing primary assignments. "
/brands/maybach-service-dubai/ac-repair,en,brand-service,Mercedes-Maybach AC Repair Dubai,INDEX,"index, follow, max-image-preview:large",https://digitecme.com/brands/maybach-service-dubai/ac-repair,PASS,YES,Existing policy; validate reciprocal destinations,HIGH,No query × page evidence supplied,/brands/maybach-service-dubai/oil-change,,RETAIN POLICY,NO,"Approved source records reconciled with rendered route; supporting links are observed relationships, not competing primary assignments. "
/brands/maybach-service-dubai/battery-replacement,en,brand-service,Mercedes-Maybach Battery Replacement Dubai,INDEX,"index, follow, max-image-preview:large",https://digitecme.com/brands/maybach-service-dubai/battery-replacement,PASS,YES,Existing policy; validate reciprocal destinations,HIGH,No query × page evidence supplied,/brands/maybach-service-dubai/oil-change,,RETAIN POLICY,NO,"Approved source records reconciled with rendered route; supporting links are observed relationships, not competing primary assignments. "
/brands/maybach-service-dubai/body-repair,en,brand-service,"Commercial repair: dents, damaged paint, refinishing and collision work",INDEX,"index, follow, max-image-preview:large",https://digitecme.com/brands/maybach-service-dubai/body-repair,PASS,YES,Existing policy; validate reciprocal destinations,HIGH,"No query × page evidence supplied | Measured queries support intent only, not historical URL",/services/car-polishing-dubai,,RETAIN POLICY,NO,"Approved source records reconciled with rendered route; supporting links are observed relationships, not competing primary assignments. "
/brands/maybach-service-dubai/brake-repair,en,brand-service,Mercedes-Maybach Brake Repair Dubai,INDEX,"index, follow, max-image-preview:large",https://digitecme.com/brands/maybach-service-dubai/brake-repair,PASS,YES,Existing policy; validate reciprocal destinations,HIGH,No query × page evidence supplied,/brands/maybach-service-dubai/oil-change,,RETAIN POLICY,NO,"Approved source records reconciled with rendered route; supporting links are observed relationships, not competing primary assignments. "
/brands/maybach-service-dubai/electrical-repair,en,brand-service,Mercedes-Maybach Electrical Repair Dubai,INDEX,"index, follow, max-image-preview:large",https://digitecme.com/brands/maybach-service-dubai/electrical-repair,PASS,YES,Existing policy; validate reciprocal destinations,HIGH,No query × page evidence supplied,/brands/maybach-service-dubai/oil-change,,RETAIN POLICY,NO,"Approved source records reconciled with rendered route; supporting links are observed relationships, not competing primary assignments. "
/brands/maybach-service-dubai/engine-diagnostics,en,brand-service,Mercedes-Maybach Engine Diagnostics Dubai,INDEX,"index, follow, max-image-preview:large",https://digitecme.com/brands/maybach-service-dubai/engine-diagnostics,PASS,YES,Existing policy; validate reciprocal destinations,HIGH,No query × page evidence supplied,/brands/maybach-service-dubai/oil-change,,RETAIN POLICY,NO,"Approved source records reconciled with rendered route; supporting links are observed relationships, not competing primary assignments. "
/brands/maybach-service-dubai/exhaust-repair,en,brand-service,Mercedes-Maybach Exhaust Repair Dubai,INDEX,"index, follow, max-image-preview:large",https://digitecme.com/brands/maybach-service-dubai/exhaust-repair,PASS,YES,Existing policy; validate reciprocal destinations,HIGH,No query × page evidence supplied,/brands/maybach-service-dubai/oil-change,,RETAIN POLICY,NO,"Approved source records reconciled with rendered route; supporting links are observed relationships, not competing primary assignments. "
/brands/maybach-service-dubai/fuel-system-repair,en,brand-service,Mercedes-Maybach Fuel System Repair Dubai,INDEX,"index, follow, max-image-preview:large",https://digitecme.com/brands/maybach-service-dubai/fuel-system-repair,PASS,YES,Existing policy; validate reciprocal destinations,HIGH,No query × page evidence supplied,/brands/maybach-service-dubai/oil-change,,RETAIN POLICY,NO,"Approved source records reconciled with rendered route; supporting links are observed relationships, not competing primary assignments. "
/brands/maybach-service-dubai/mechanical-repair,en,brand-service,Mercedes-Maybach Mechanical Repair Dubai,INDEX,"index, follow, max-image-preview:large",https://digitecme.com/brands/maybach-service-dubai/mechanical-repair,PASS,YES,Existing policy; validate reciprocal destinations,HIGH,No query × page evidence supplied,/brands/maybach-service-dubai/oil-change,,RETAIN POLICY,NO,"Approved source records reconciled with rendered route; supporting links are observed relationships, not competing primary assignments. "
/brands/maybach-service-dubai/oil-change,en,brand-service,Mercedes-Maybach Oil Change Dubai,INDEX,"index, follow, max-image-preview:large",https://digitecme.com/brands/maybach-service-dubai/oil-change,PASS,YES,Existing policy; validate reciprocal destinations,HIGH,No query × page evidence supplied,/brands/maybach-service-dubai/brake-repair,,RETAIN POLICY,NO,"Approved source records reconciled with rendered route; supporting links are observed relationships, not competing primary assignments. "
/brands/maybach-service-dubai/steering-repair,en,brand-service,Mercedes-Maybach Steering Repair Dubai,INDEX,"index, follow, max-image-preview:large",https://digitecme.com/brands/maybach-service-dubai/steering-repair,PASS,YES,Existing policy; validate reciprocal destinations,HIGH,No query × page evidence supplied,/brands/maybach-service-dubai/oil-change,,RETAIN POLICY,NO,"Approved source records reconciled with rendered route; supporting links are observed relationships, not competing primary assignments. "
/brands/maybach-service-dubai/suspension-repair,en,brand-service,Mercedes-Maybach Suspension Repair Dubai,INDEX,"index, follow, max-image-preview:large",https://digitecme.com/brands/maybach-service-dubai/suspension-repair,PASS,YES,Existing policy; validate reciprocal destinations,HIGH,No query × page evidence supplied,/brands/maybach-service-dubai/oil-change,,RETAIN POLICY,NO,"Approved source records reconciled with rendered route; supporting links are observed relationships, not competing primary assignments. "
/brands/maybach-service-dubai/tire-repair,en,brand-service,Mercedes-Maybach Tyre Repair Dubai,INDEX,"index, follow, max-image-preview:large",https://digitecme.com/brands/maybach-service-dubai/tire-repair,PASS,YES,Existing policy; validate reciprocal destinations,HIGH,No query × page evidence supplied,/brands/maybach-service-dubai/oil-change,,RETAIN POLICY,NO,"Approved source records reconciled with rendered route; supporting links are observed relationships, not competing primary assignments. "
/brands/maybach-service-dubai/transmission-repair,en,brand-service,Mercedes-Maybach Transmission Repair Dubai,INDEX,"index, follow, max-image-preview:large",https://digitecme.com/brands/maybach-service-dubai/transmission-repair,PASS,YES,Existing policy; validate reciprocal destinations,HIGH,No query × page evidence supplied,/brands/maybach-service-dubai/oil-change,,RETAIN POLICY,NO,"Approved source records reconciled with rendered route; supporting links are observed relationships, not competing primary assignments. "
/brands/mclaren-service-dubai,en,brand,McLaren Service & Repair Dubai,INDEX,"index, follow, max-image-preview:large",https://digitecme.com/brands/mclaren-service-dubai,PASS,YES,Existing policy; validate reciprocal destinations,HIGH,,/brands/mclaren-service-dubai/oil-change,,RETAIN POLICY,NO,"Approved source records reconciled with rendered route; supporting links are observed relationships, not competing primary assignments. "
/brands/mclaren-service-dubai/ac-repair,en,brand-service,McLaren AC Repair Dubai,INDEX,"index, follow, max-image-preview:large",https://digitecme.com/brands/mclaren-service-dubai/ac-repair,PASS,YES,Existing policy; validate reciprocal destinations,HIGH,,/brands/mclaren-service-dubai/oil-change,,RETAIN POLICY,NO,"Approved source records reconciled with rendered route; supporting links are observed relationships, not competing primary assignments. "
/brands/mclaren-service-dubai/battery-replacement,en,brand-service,McLaren Battery Replacement Dubai,INDEX,"index, follow, max-image-preview:large",https://digitecme.com/brands/mclaren-service-dubai/battery-replacement,PASS,YES,Existing policy; validate reciprocal destinations,HIGH,,/brands/mclaren-service-dubai/oil-change,,RETAIN POLICY,NO,"Approved source records reconciled with rendered route; supporting links are observed relationships, not competing primary assignments. "
/brands/mclaren-service-dubai/body-repair,en,brand-service,"Commercial repair: dents, damaged paint, refinishing and collision work",INDEX,"index, follow, max-image-preview:large",https://digitecme.com/brands/mclaren-service-dubai/body-repair,PASS,YES,Existing policy; validate reciprocal destinations,HIGH,"Measured queries support intent only, not historical URL",/services/car-polishing-dubai,,RETAIN POLICY,NO,"Approved source records reconciled with rendered route; supporting links are observed relationships, not competing primary assignments. "
/brands/mclaren-service-dubai/brake-repair,en,brand-service,McLaren Brake Repair Dubai,INDEX,"index, follow, max-image-preview:large",https://digitecme.com/brands/mclaren-service-dubai/brake-repair,PASS,YES,Existing policy; validate reciprocal destinations,HIGH,,/brands/mclaren-service-dubai/oil-change,,RETAIN POLICY,NO,"Approved source records reconciled with rendered route; supporting links are observed relationships, not competing primary assignments. "
/brands/mclaren-service-dubai/electrical-repair,en,brand-service,McLaren Electrical Repair Dubai,INDEX,"index, follow, max-image-preview:large",https://digitecme.com/brands/mclaren-service-dubai/electrical-repair,PASS,YES,Existing policy; validate reciprocal destinations,HIGH,,/brands/mclaren-service-dubai/oil-change,,RETAIN POLICY,NO,"Approved source records reconciled with rendered route; supporting links are observed relationships, not competing primary assignments. "
/brands/mclaren-service-dubai/engine-diagnostics,en,brand-service,McLaren Engine Diagnostics Dubai,INDEX,"index, follow, max-image-preview:large",https://digitecme.com/brands/mclaren-service-dubai/engine-diagnostics,PASS,YES,Existing policy; validate reciprocal destinations,HIGH,,/brands/mclaren-service-dubai/oil-change,,RETAIN POLICY,NO,"Approved source records reconciled with rendered route; supporting links are observed relationships, not competing primary assignments. "
/brands/mclaren-service-dubai/exhaust-repair,en,brand-service,McLaren Exhaust Repair Dubai,INDEX,"index, follow, max-image-preview:large",https://digitecme.com/brands/mclaren-service-dubai/exhaust-repair,PASS,YES,Existing policy; validate reciprocal destinations,HIGH,,/brands/mclaren-service-dubai/oil-change,,RETAIN POLICY,NO,"Approved source records reconciled with rendered route; supporting links are observed relationships, not competing primary assignments. "
/brands/mclaren-service-dubai/fuel-system-repair,en,brand-service,McLaren Fuel System Repair Dubai,INDEX,"index, follow, max-image-preview:large",https://digitecme.com/brands/mclaren-service-dubai/fuel-system-repair,PASS,YES,Existing policy; validate reciprocal destinations,HIGH,,/brands/mclaren-service-dubai/oil-change,,RETAIN POLICY,NO,"Approved source records reconciled with rendered route; supporting links are observed relationships, not competing primary assignments. "
/brands/mclaren-service-dubai/mechanical-repair,en,brand-service,McLaren Engine & Mechanical Repair Dubai,INDEX,"index, follow, max-image-preview:large",https://digitecme.com/brands/mclaren-service-dubai/mechanical-repair,PASS,YES,Existing policy; validate reciprocal destinations,HIGH,,/brands/mclaren-service-dubai/oil-change,,RETAIN POLICY,NO,"Approved source records reconciled with rendered route; supporting links are observed relationships, not competing primary assignments. "
/brands/mclaren-service-dubai/oil-change,en,brand-service,McLaren Oil Change & Maintenance Dubai,INDEX,"index, follow, max-image-preview:large",https://digitecme.com/brands/mclaren-service-dubai/oil-change,PASS,YES,Existing policy; validate reciprocal destinations,HIGH,,/services/oil-change-dubai,,RETAIN POLICY,NO,"Approved source records reconciled with rendered route; supporting links are observed relationships, not competing primary assignments. "
/brands/mclaren-service-dubai/steering-repair,en,brand-service,McLaren Steering Repair Dubai,INDEX,"index, follow, max-image-preview:large",https://digitecme.com/brands/mclaren-service-dubai/steering-repair,PASS,YES,Existing policy; validate reciprocal destinations,HIGH,,/brands/mclaren-service-dubai/oil-change,,RETAIN POLICY,NO,"Approved source records reconciled with rendered route; supporting links are observed relationships, not competing primary assignments. "
/brands/mclaren-service-dubai/suspension-repair,en,brand-service,McLaren Suspension Repair Dubai,INDEX,"index, follow, max-image-preview:large",https://digitecme.com/brands/mclaren-service-dubai/suspension-repair,PASS,YES,Existing policy; validate reciprocal destinations,HIGH,,/brands/mclaren-service-dubai/oil-change,,RETAIN POLICY,NO,"Approved source records reconciled with rendered route; supporting links are observed relationships, not competing primary assignments. "
/brands/mclaren-service-dubai/tire-repair,en,brand-service,McLaren Tyre Repair Dubai,INDEX,"index, follow, max-image-preview:large",https://digitecme.com/brands/mclaren-service-dubai/tire-repair,PASS,YES,Existing policy; validate reciprocal destinations,HIGH,,/brands/mclaren-service-dubai/oil-change,,RETAIN POLICY,NO,"Approved source records reconciled with rendered route; supporting links are observed relationships, not competing primary assignments. "
/brands/mclaren-service-dubai/transmission-repair,en,brand-service,McLaren Transmission Repair Dubai,INDEX,"index, follow, max-image-preview:large",https://digitecme.com/brands/mclaren-service-dubai/transmission-repair,PASS,YES,Existing policy; validate reciprocal destinations,HIGH,,/brands/mclaren-service-dubai/oil-change,,RETAIN POLICY,NO,"Approved source records reconciled with rendered route; supporting links are observed relationships, not competing primary assignments. "
/brands/mercedes-benz-service-dubai,en,brand,Book independent Mercedes workshop service/repair,INDEX,"index, follow, max-image-preview:large",https://digitecme.com/brands/mercedes-benz-service-dubai,PASS,YES,Existing policy; validate reciprocal destinations,HIGH,,/services/mercedes-diagnostics-dubai,,RETAIN POLICY,NO,"Approved source records reconciled with rendered route; supporting links are observed relationships, not competing primary assignments. "
/brands/mini-service-dubai,en,brand,MINI Repair & Service Dubai,INDEX,"index, follow, max-image-preview:large",https://digitecme.com/brands/mini-service-dubai,PASS,YES,Existing policy; validate reciprocal destinations,HIGH,,/brands/mini-service-dubai/oil-change,,RETAIN POLICY,NO,"Approved source records reconciled with rendered route; supporting links are observed relationships, not competing primary assignments. "
/brands/mini-service-dubai/ac-repair,en,brand-service,MINI AC Repair Dubai,INDEX,"index, follow, max-image-preview:large",https://digitecme.com/brands/mini-service-dubai/ac-repair,PASS,YES,Existing policy; validate reciprocal destinations,HIGH,,/brands/mini-service-dubai/oil-change,,RETAIN POLICY,NO,"Approved source records reconciled with rendered route; supporting links are observed relationships, not competing primary assignments. "
/brands/mini-service-dubai/brake-repair,en,brand-service,MINI Brake Repair Dubai,INDEX,"index, follow, max-image-preview:large",https://digitecme.com/brands/mini-service-dubai/brake-repair,PASS,YES,Existing policy; validate reciprocal destinations,HIGH,,/brands/mini-service-dubai/oil-change,,RETAIN POLICY,NO,"Approved source records reconciled with rendered route; supporting links are observed relationships, not competing primary assignments. "
/brands/mini-service-dubai/engine-diagnostics,en,brand-service,MINI Engine Diagnostics Dubai,INDEX,"index, follow, max-image-preview:large",https://digitecme.com/brands/mini-service-dubai/engine-diagnostics,PASS,YES,Existing policy; validate reciprocal destinations,HIGH,,/brands/mini-service-dubai/oil-change,,RETAIN POLICY,NO,"Approved source records reconciled with rendered route; supporting links are observed relationships, not competing primary assignments. "
/brands/mini-service-dubai/oil-change,en,brand-service,MINI Oil Change Dubai,INDEX,"index, follow, max-image-preview:large",https://digitecme.com/brands/mini-service-dubai/oil-change,PASS,YES,Existing policy; validate reciprocal destinations,HIGH,,/brands/mini-service-dubai/brake-repair,,RETAIN POLICY,NO,"Approved source records reconciled with rendered route; supporting links are observed relationships, not competing primary assignments. "
/brands/mini-service-dubai/suspension-repair,en,brand-service,MINI Suspension Repair Dubai,NOINDEX,"noindex, follow",https://digitecme.com/brands/mini-service-dubai/suspension-repair,PASS,NO,Existing policy; validate reciprocal destinations,HIGH,,/brands/mini-service-dubai/oil-change,,RETAIN POLICY,NO,"Approved source records reconciled with rendered route; supporting links are observed relationships, not competing primary assignments. Noindex support role retained; not a search-primary target."
/brands/mini-service-dubai/transmission-repair,en,brand-service,MINI Transmission Repair Dubai,NOINDEX,"noindex, follow",https://digitecme.com/brands/mini-service-dubai/transmission-repair,PASS,NO,Existing policy; validate reciprocal destinations,HIGH,,/brands/mini-service-dubai/oil-change,,RETAIN POLICY,NO,"Approved source records reconciled with rendered route; supporting links are observed relationships, not competing primary assignments. Noindex support role retained; not a search-primary target."
/brands/pagani-service-dubai,en,brand,Pagani Repair & Service Dubai,INDEX,"index, follow, max-image-preview:large",https://digitecme.com/brands/pagani-service-dubai,PASS,YES,Existing policy; validate reciprocal destinations,HIGH,,/brands/pagani-service-dubai/oil-change,,RETAIN POLICY,NO,"Approved source records reconciled with rendered route; supporting links are observed relationships, not competing primary assignments. "
/brands/pagani-service-dubai/ac-repair,en,brand-service,Pagani AC Repair Dubai,INDEX,"index, follow, max-image-preview:large",https://digitecme.com/brands/pagani-service-dubai/ac-repair,PASS,YES,Existing policy; validate reciprocal destinations,HIGH,,/brands/pagani-service-dubai/oil-change,,RETAIN POLICY,NO,"Approved source records reconciled with rendered route; supporting links are observed relationships, not competing primary assignments. "
/brands/pagani-service-dubai/battery-replacement,en,brand-service,Pagani Battery Replacement Dubai,NOINDEX,"noindex, follow",https://digitecme.com/brands/pagani-service-dubai/battery-replacement,PASS,NO,Existing policy; validate reciprocal destinations,HIGH,,/brands/pagani-service-dubai/oil-change,,RETAIN POLICY,NO,"Approved source records reconciled with rendered route; supporting links are observed relationships, not competing primary assignments. Noindex support role retained; not a search-primary target."
/brands/pagani-service-dubai/body-repair,en,brand-service,"Commercial repair: dents, damaged paint, refinishing and collision work",NOINDEX,"noindex, follow",https://digitecme.com/brands/pagani-service-dubai/body-repair,PASS,NO,Existing policy; validate reciprocal destinations,HIGH,"Measured queries support intent only, not historical URL",/services/car-polishing-dubai,,RETAIN POLICY,NO,"Approved source records reconciled with rendered route; supporting links are observed relationships, not competing primary assignments. Noindex support role retained; not a search-primary target."
/brands/pagani-service-dubai/brake-repair,en,brand-service,Pagani Brake Repair Dubai,INDEX,"index, follow, max-image-preview:large",https://digitecme.com/brands/pagani-service-dubai/brake-repair,PASS,YES,Existing policy; validate reciprocal destinations,HIGH,,/brands/pagani-service-dubai/oil-change,,RETAIN POLICY,NO,"Approved source records reconciled with rendered route; supporting links are observed relationships, not competing primary assignments. "
/brands/pagani-service-dubai/electrical-repair,en,brand-service,Pagani Electrical Repair Dubai,NOINDEX,"noindex, follow",https://digitecme.com/brands/pagani-service-dubai/electrical-repair,PASS,NO,Existing policy; validate reciprocal destinations,HIGH,,/brands/pagani-service-dubai/oil-change,,RETAIN POLICY,NO,"Approved source records reconciled with rendered route; supporting links are observed relationships, not competing primary assignments. Noindex support role retained; not a search-primary target."
/brands/pagani-service-dubai/engine-diagnostics,en,brand-service,Pagani Engine Diagnostics Dubai,INDEX,"index, follow, max-image-preview:large",https://digitecme.com/brands/pagani-service-dubai/engine-diagnostics,PASS,YES,Existing policy; validate reciprocal destinations,HIGH,,/brands/pagani-service-dubai/oil-change,,RETAIN POLICY,NO,"Approved source records reconciled with rendered route; supporting links are observed relationships, not competing primary assignments. "
/brands/pagani-service-dubai/exhaust-repair,en,brand-service,Pagani Exhaust Repair Dubai,NOINDEX,"noindex, follow",https://digitecme.com/brands/pagani-service-dubai/exhaust-repair,PASS,NO,Existing policy; validate reciprocal destinations,HIGH,,/brands/pagani-service-dubai/oil-change,,RETAIN POLICY,NO,"Approved source records reconciled with rendered route; supporting links are observed relationships, not competing primary assignments. Noindex support role retained; not a search-primary target."
/brands/pagani-service-dubai/fuel-system-repair,en,brand-service,Pagani Fuel System Repair Dubai,NOINDEX,"noindex, follow",https://digitecme.com/brands/pagani-service-dubai/fuel-system-repair,PASS,NO,Existing policy; validate reciprocal destinations,HIGH,,/brands/pagani-service-dubai/oil-change,,RETAIN POLICY,NO,"Approved source records reconciled with rendered route; supporting links are observed relationships, not competing primary assignments. Noindex support role retained; not a search-primary target."
/brands/pagani-service-dubai/mechanical-repair,en,brand-service,Pagani Mechanical Repair Dubai,NOINDEX,"noindex, follow",https://digitecme.com/brands/pagani-service-dubai/mechanical-repair,PASS,NO,Existing policy; validate reciprocal destinations,HIGH,,/brands/pagani-service-dubai/oil-change,,RETAIN POLICY,NO,"Approved source records reconciled with rendered route; supporting links are observed relationships, not competing primary assignments. Noindex support role retained; not a search-primary target."
/brands/pagani-service-dubai/oil-change,en,brand-service,Pagani Oil Change Dubai,INDEX,"index, follow, max-image-preview:large",https://digitecme.com/brands/pagani-service-dubai/oil-change,PASS,YES,Existing policy; validate reciprocal destinations,HIGH,,/brands/pagani-service-dubai/brake-repair,,RETAIN POLICY,NO,"Approved source records reconciled with rendered route; supporting links are observed relationships, not competing primary assignments. "
/brands/pagani-service-dubai/steering-repair,en,brand-service,Pagani Steering Repair Dubai,NOINDEX,"noindex, follow",https://digitecme.com/brands/pagani-service-dubai/steering-repair,PASS,NO,Existing policy; validate reciprocal destinations,HIGH,,/brands/pagani-service-dubai/oil-change,,RETAIN POLICY,NO,"Approved source records reconciled with rendered route; supporting links are observed relationships, not competing primary assignments. Noindex support role retained; not a search-primary target."
/brands/pagani-service-dubai/suspension-repair,en,brand-service,Pagani Suspension Repair Dubai,NOINDEX,"noindex, follow",https://digitecme.com/brands/pagani-service-dubai/suspension-repair,PASS,NO,Existing policy; validate reciprocal destinations,HIGH,,/brands/pagani-service-dubai/oil-change,,RETAIN POLICY,NO,"Approved source records reconciled with rendered route; supporting links are observed relationships, not competing primary assignments. Noindex support role retained; not a search-primary target."
/brands/pagani-service-dubai/tire-repair,en,brand-service,Pagani Tyre Repair Dubai,NOINDEX,"noindex, follow",https://digitecme.com/brands/pagani-service-dubai/tire-repair,PASS,NO,Existing policy; validate reciprocal destinations,HIGH,,/brands/pagani-service-dubai/oil-change,,RETAIN POLICY,NO,"Approved source records reconciled with rendered route; supporting links are observed relationships, not competing primary assignments. Noindex support role retained; not a search-primary target."
/brands/pagani-service-dubai/transmission-repair,en,brand-service,Pagani Transmission Repair Dubai,NOINDEX,"noindex, follow",https://digitecme.com/brands/pagani-service-dubai/transmission-repair,PASS,NO,Existing policy; validate reciprocal destinations,HIGH,,/brands/pagani-service-dubai/oil-change,,RETAIN POLICY,NO,"Approved source records reconciled with rendered route; supporting links are observed relationships, not competing primary assignments. Noindex support role retained; not a search-primary target."
/brands/porsche-service-dubai,en,brand,Porsche service/repair discovery,INDEX,"index, follow, max-image-preview:large",https://digitecme.com/brands/porsche-service-dubai,PASS,YES,Existing policy; validate reciprocal destinations,HIGH,"24 mapped query rows, 866 impressions, 2 clicks; query-only, not page attribution",/blog/porsche-911-service-dubai-guide,,RETAIN POLICY,NO,"Approved source records reconciled with rendered route; supporting links are observed relationships, not competing primary assignments. "
/brands/porsche-service-dubai/ac-repair,en,brand-service,Porsche AC repair,INDEX,"index, follow, max-image-preview:large",https://digitecme.com/brands/porsche-service-dubai/ac-repair,PASS,YES,Existing policy; validate reciprocal destinations,HIGH,"3 mapped query rows, 85 impressions, 0 clicks; query-only, not page attribution",/blog/porsche-911-service-dubai-guide,,RETAIN POLICY,NO,"Approved source records reconciled with rendered route; supporting links are observed relationships, not competing primary assignments. "
/brands/porsche-service-dubai/battery-replacement,en,brand-service,Porsche battery fitting,INDEX,"index, follow, max-image-preview:large",https://digitecme.com/brands/porsche-service-dubai/battery-replacement,PASS,YES,Existing policy; validate reciprocal destinations,HIGH,"1 mapped query rows, 55 impressions, 0 clicks; query-only, not page attribution",/porsche/problems/battery-warning,,RETAIN POLICY,NO,"Approved source records reconciled with rendered route; supporting links are observed relationships, not competing primary assignments. "
/brands/porsche-service-dubai/body-repair,en,brand-service,"Commercial repair: dents, damaged paint, refinishing and collision work",INDEX,"index, follow, max-image-preview:large",https://digitecme.com/brands/porsche-service-dubai/body-repair,PASS,YES,Existing policy; validate reciprocal destinations,HIGH,"1 mapped query rows, 38 impressions, 0 clicks; query-only, not page attribution | Measured queries support intent only, not historical URL",/services/car-polishing-dubai,,RETAIN POLICY,NO,"Approved source records reconciled with rendered route; supporting links are observed relationships, not competing primary assignments. "
/brands/porsche-service-dubai/brake-repair,en,brand-service,Porsche brake repair,INDEX,"index, follow, max-image-preview:large",https://digitecme.com/brands/porsche-service-dubai/brake-repair,PASS,YES,Existing policy; validate reciprocal destinations,HIGH,"2 mapped query rows, 175 impressions, 0 clicks; query-only, not page attribution",/porsche/systems/pccb,,RETAIN POLICY,NO,"Approved source records reconciled with rendered route; supporting links are observed relationships, not competing primary assignments. "
/brands/porsche-service-dubai/electrical-repair,en,brand-service,Porsche electrical assessment,INDEX,"index, follow, max-image-preview:large",https://digitecme.com/brands/porsche-service-dubai/electrical-repair,PASS,YES,Existing policy; validate reciprocal destinations,HIGH,"1 mapped query rows, 55 impressions, 0 clicks; query-only, not page attribution",/porsche/problems/battery-warning,,RETAIN POLICY,NO,"Approved source records reconciled with rendered route; supporting links are observed relationships, not competing primary assignments. "
/brands/porsche-service-dubai/engine-diagnostics,en,brand-service,Porsche diagnostics,INDEX,"index, follow, max-image-preview:large",https://digitecme.com/brands/porsche-service-dubai/engine-diagnostics,PASS,YES,Existing policy; validate reciprocal destinations,HIGH,"4 mapped query rows, 147 impressions, 0 clicks; query-only, not page attribution",/porsche/problems/check-engine-light,,RETAIN POLICY,NO,"Approved source records reconciled with rendered route; supporting links are observed relationships, not competing primary assignments. "
/brands/porsche-service-dubai/exhaust-repair,en,brand-service,Porsche exhaust repair,INDEX,"index, follow, max-image-preview:large",https://digitecme.com/brands/porsche-service-dubai/exhaust-repair,PASS,YES,Existing policy; validate reciprocal destinations,HIGH,No latest query mapped; absence from top-query export does not mean zero traffic,/brands/porsche-service-dubai,,RETAIN POLICY,NO,"Approved source records reconciled with rendered route; supporting links are observed relationships, not competing primary assignments. "
/brands/porsche-service-dubai/fuel-system-repair,en,brand-service,Commercial Service,INDEX,"index, follow, max-image-preview:large",https://digitecme.com/brands/porsche-service-dubai/fuel-system-repair,PASS,YES,Existing policy; validate reciprocal destinations,HIGH,No latest query mapped; absence from top-query export does not mean zero traffic,/brands/porsche-service-dubai,,RETAIN POLICY,NO,"Approved source records reconciled with rendered route; supporting links are observed relationships, not competing primary assignments. "
/brands/porsche-service-dubai/mechanical-repair,en,brand-service,Porsche mechanical repair,INDEX,"index, follow, max-image-preview:large",https://digitecme.com/brands/porsche-service-dubai/mechanical-repair,PASS,YES,Existing policy; validate reciprocal destinations,HIGH,"3 mapped query rows, 80 impressions, 0 clicks; query-only, not page attribution",/blog/porsche-911-service-dubai-guide,,RETAIN POLICY,NO,"Approved source records reconciled with rendered route; supporting links are observed relationships, not competing primary assignments. "
/brands/porsche-service-dubai/oil-change,en,brand-service,Porsche oil change,INDEX,"index, follow, max-image-preview:large",https://digitecme.com/brands/porsche-service-dubai/oil-change,PASS,YES,Existing policy; validate reciprocal destinations,HIGH,"2 mapped query rows, 199 impressions, 0 clicks; query-only, not page attribution",/services/oil-change-dubai,,RETAIN POLICY,NO,"Approved source records reconciled with rendered route; supporting links are observed relationships, not competing primary assignments. "
/brands/porsche-service-dubai/steering-repair,en,brand-service,Porsche steering repair,INDEX,"index, follow, max-image-preview:large",https://digitecme.com/brands/porsche-service-dubai/steering-repair,PASS,YES,Existing policy; validate reciprocal destinations,HIGH,"1 mapped query rows, 107 impressions, 0 clicks; query-only, not page attribution",/brands/porsche-service-dubai/suspension-repair,,RETAIN POLICY,NO,"Approved source records reconciled with rendered route; supporting links are observed relationships, not competing primary assignments. "
/brands/porsche-service-dubai/suspension-repair,en,brand-service,Porsche suspension repair,INDEX,"index, follow, max-image-preview:large",https://digitecme.com/brands/porsche-service-dubai/suspension-repair,PASS,YES,Existing policy; validate reciprocal destinations,HIGH,"4 mapped query rows, 391 impressions, 0 clicks; query-only, not page attribution",/services/suspension-repair-dubai,,RETAIN POLICY,NO,"Approved source records reconciled with rendered route; supporting links are observed relationships, not competing primary assignments. "
/brands/porsche-service-dubai/tire-repair,en,brand-service,Porsche tyre/wheel service,INDEX,"index, follow, max-image-preview:large",https://digitecme.com/brands/porsche-service-dubai/tire-repair,PASS,YES,Existing policy; validate reciprocal destinations,HIGH,No latest query mapped; absence from top-query export does not mean zero traffic,/brands/porsche-service-dubai,,RETAIN POLICY,NO,"Approved source records reconciled with rendered route; supporting links are observed relationships, not competing primary assignments. "
/brands/porsche-service-dubai/transmission-repair,en,brand-service,Porsche transmission/PDK repair,INDEX,"index, follow, max-image-preview:large",https://digitecme.com/brands/porsche-service-dubai/transmission-repair,PASS,YES,Existing policy; validate reciprocal destinations,HIGH,"6 mapped query rows, 391 impressions, 0 clicks; query-only, not page attribution",/porsche/systems/pdk,,RETAIN POLICY,NO,"Approved source records reconciled with rendered route; supporting links are observed relationships, not competing primary assignments. "
/brands/range-rover-service-dubai,en,brand,Range Rover Repair & Service Dubai,INDEX,"index, follow, max-image-preview:large",https://digitecme.com/brands/range-rover-service-dubai,PASS,YES,Existing policy; validate reciprocal destinations,HIGH,7 latest GSC query rows; 412 impressions; editorial mapping only,/best-range-rover-workshop-dubai,,RETAIN POLICY,NO,"Approved source records reconciled with rendered route; supporting links are observed relationships, not competing primary assignments. "
/brands/range-rover-service-dubai/ac-repair,en,brand-service,Range Rover AC Repair Dubai,INDEX,"index, follow, max-image-preview:large",https://digitecme.com/brands/range-rover-service-dubai/ac-repair,PASS,YES,Existing policy; validate reciprocal destinations,HIGH,1 latest GSC query rows; 53 impressions; editorial mapping only,/brands/range-rover-service-dubai/oil-change,,RETAIN POLICY,NO,"Approved source records reconciled with rendered route; supporting links are observed relationships, not competing primary assignments. "
/brands/range-rover-service-dubai/battery-replacement,en,brand-service,Range Rover Battery Replacement Dubai,INDEX,"index, follow, max-image-preview:large",https://digitecme.com/brands/range-rover-service-dubai/battery-replacement,PASS,YES,Existing policy; validate reciprocal destinations,HIGH,No query × landing-page join supplied,/brands/range-rover-service-dubai/oil-change,,RETAIN POLICY,NO,"Approved source records reconciled with rendered route; supporting links are observed relationships, not competing primary assignments. "
/brands/range-rover-service-dubai/body-repair,en,brand-service,"Commercial repair: dents, damaged paint, refinishing and collision work",INDEX,"index, follow, max-image-preview:large",https://digitecme.com/brands/range-rover-service-dubai/body-repair,PASS,YES,Existing policy; validate reciprocal destinations,HIGH,"3 latest GSC query rows; 129 impressions; editorial mapping only | Measured queries support intent only, not historical URL",/services/car-polishing-dubai,,RETAIN POLICY,NO,"Approved source records reconciled with rendered route; supporting links are observed relationships, not competing primary assignments. "
/brands/range-rover-service-dubai/brake-repair,en,brand-service,Range Rover Brake Repair Dubai,INDEX,"index, follow, max-image-preview:large",https://digitecme.com/brands/range-rover-service-dubai/brake-repair,PASS,YES,Existing policy; validate reciprocal destinations,HIGH,No query × landing-page join supplied,/brands/range-rover-service-dubai/oil-change,,RETAIN POLICY,NO,"Approved source records reconciled with rendered route; supporting links are observed relationships, not competing primary assignments. "
/brands/range-rover-service-dubai/electrical-repair,en,brand-service,Range Rover Electrical Repair Dubai,INDEX,"index, follow, max-image-preview:large",https://digitecme.com/brands/range-rover-service-dubai/electrical-repair,PASS,YES,Existing policy; validate reciprocal destinations,HIGH,No query × landing-page join supplied,/brands/range-rover-service-dubai/oil-change,,RETAIN POLICY,NO,"Approved source records reconciled with rendered route; supporting links are observed relationships, not competing primary assignments. "
/brands/range-rover-service-dubai/engine-diagnostics,en,brand-service,Range Rover Engine Diagnostics Dubai,INDEX,"index, follow, max-image-preview:large",https://digitecme.com/brands/range-rover-service-dubai/engine-diagnostics,PASS,YES,Existing policy; validate reciprocal destinations,HIGH,No query × landing-page join supplied,/brands/range-rover-service-dubai/oil-change,,RETAIN POLICY,NO,"Approved source records reconciled with rendered route; supporting links are observed relationships, not competing primary assignments. "
/brands/range-rover-service-dubai/exhaust-repair,en,brand-service,Range Rover Exhaust Repair Dubai,INDEX,"index, follow, max-image-preview:large",https://digitecme.com/brands/range-rover-service-dubai/exhaust-repair,PASS,YES,Existing policy; validate reciprocal destinations,HIGH,No query × landing-page join supplied,/brands/range-rover-service-dubai/oil-change,,RETAIN POLICY,NO,"Approved source records reconciled with rendered route; supporting links are observed relationships, not competing primary assignments. "
/brands/range-rover-service-dubai/fuel-system-repair,en,brand-service,Range Rover Fuel System Repair Dubai,INDEX,"index, follow, max-image-preview:large",https://digitecme.com/brands/range-rover-service-dubai/fuel-system-repair,PASS,YES,Existing policy; validate reciprocal destinations,HIGH,No query × landing-page join supplied,/brands/range-rover-service-dubai/oil-change,,RETAIN POLICY,NO,"Approved source records reconciled with rendered route; supporting links are observed relationships, not competing primary assignments. "
/brands/range-rover-service-dubai/mechanical-repair,en,brand-service,Range Rover Mechanical Repair Dubai,INDEX,"index, follow, max-image-preview:large",https://digitecme.com/brands/range-rover-service-dubai/mechanical-repair,PASS,YES,Existing policy; validate reciprocal destinations,HIGH,1 latest GSC query rows; 23 impressions; editorial mapping only,/brands/range-rover-service-dubai/oil-change,,RETAIN POLICY,NO,"Approved source records reconciled with rendered route; supporting links are observed relationships, not competing primary assignments. "
/brands/range-rover-service-dubai/oil-change,en,brand-service,Range Rover Oil Change Dubai,INDEX,"index, follow, max-image-preview:large",https://digitecme.com/brands/range-rover-service-dubai/oil-change,PASS,YES,Existing policy; validate reciprocal destinations,HIGH,No query × landing-page join supplied,/brands/range-rover-service-dubai/brake-repair,,RETAIN POLICY,NO,"Approved source records reconciled with rendered route; supporting links are observed relationships, not competing primary assignments. "
/brands/range-rover-service-dubai/steering-repair,en,brand-service,Range Rover Steering Repair Dubai,INDEX,"index, follow, max-image-preview:large",https://digitecme.com/brands/range-rover-service-dubai/steering-repair,PASS,YES,Existing policy; validate reciprocal destinations,HIGH,No query × landing-page join supplied,/brands/range-rover-service-dubai/oil-change,,RETAIN POLICY,NO,"Approved source records reconciled with rendered route; supporting links are observed relationships, not competing primary assignments. "
/brands/range-rover-service-dubai/suspension-repair,en,brand-service,Range Rover Suspension Repair Dubai,INDEX,"index, follow, max-image-preview:large",https://digitecme.com/brands/range-rover-service-dubai/suspension-repair,PASS,YES,Existing policy; validate reciprocal destinations,HIGH,1 latest GSC query rows; 20 impressions; editorial mapping only,/services/suspension-repair-dubai,,RETAIN POLICY,NO,"Approved source records reconciled with rendered route; supporting links are observed relationships, not competing primary assignments. "
/brands/range-rover-service-dubai/tire-repair,en,brand-service,Range Rover Tyre Repair Dubai,INDEX,"index, follow, max-image-preview:large",https://digitecme.com/brands/range-rover-service-dubai/tire-repair,PASS,YES,Existing policy; validate reciprocal destinations,HIGH,No query × landing-page join supplied,/brands/range-rover-service-dubai/oil-change,,RETAIN POLICY,NO,"Approved source records reconciled with rendered route; supporting links are observed relationships, not competing primary assignments. "
/brands/range-rover-service-dubai/transmission-repair,en,brand-service,Range Rover Transmission Repair Dubai,INDEX,"index, follow, max-image-preview:large",https://digitecme.com/brands/range-rover-service-dubai/transmission-repair,PASS,YES,Existing policy; validate reciprocal destinations,HIGH,1 latest GSC query rows; 36 impressions; editorial mapping only,/brands/range-rover-service-dubai/oil-change,,RETAIN POLICY,NO,"Approved source records reconciled with rendered route; supporting links are observed relationships, not competing primary assignments. "
/brands/rolls-royce-service-dubai,en,brand,Rolls-Royce service and repair discovery,INDEX,"index, follow, max-image-preview:large",https://digitecme.com/brands/rolls-royce-service-dubai,PASS,YES,Existing policy; validate reciprocal destinations,HIGH,"8 latest query rows; 1194 impressions; 2 clicks; editorial owner, not proven landing URL",/brands/rolls-royce-service-dubai/oil-change,,RETAIN POLICY,NO,"Approved source records reconciled with rendered route; supporting links are observed relationships, not competing primary assignments. "
/brands/rolls-royce-service-dubai/ac-repair,en,brand-service,Rolls-Royce AC Repair Dubai,INDEX,"index, follow, max-image-preview:large",https://digitecme.com/brands/rolls-royce-service-dubai/ac-repair,PASS,YES,Existing policy; validate reciprocal destinations,HIGH,No query × page evidence supplied,/brands/rolls-royce-service-dubai,,RETAIN POLICY,NO,"Approved source records reconciled with rendered route; supporting links are observed relationships, not competing primary assignments. "
/brands/rolls-royce-service-dubai/battery-replacement,en,brand-service,Rolls-Royce Battery Replacement Dubai,INDEX,"index, follow, max-image-preview:large",https://digitecme.com/brands/rolls-royce-service-dubai/battery-replacement,PASS,YES,Existing policy; validate reciprocal destinations,HIGH,"1 latest query rows; 20 impressions; 0 clicks; editorial owner, not proven landing URL",/brands/rolls-royce-service-dubai,,RETAIN POLICY,NO,"Approved source records reconciled with rendered route; supporting links are observed relationships, not competing primary assignments. "
/brands/rolls-royce-service-dubai/body-repair,en,brand-service,"Commercial repair: dents, damaged paint, refinishing and collision work",INDEX,"index, follow, max-image-preview:large",https://digitecme.com/brands/rolls-royce-service-dubai/body-repair,PASS,YES,Existing policy; validate reciprocal destinations,HIGH,"No query × page evidence supplied | Measured queries support intent only, not historical URL",/services/car-polishing-dubai,,RETAIN POLICY,NO,"Approved source records reconciled with rendered route; supporting links are observed relationships, not competing primary assignments. "
/brands/rolls-royce-service-dubai/brake-repair,en,brand-service,Rolls-Royce Brake Repair Dubai,INDEX,"index, follow, max-image-preview:large",https://digitecme.com/brands/rolls-royce-service-dubai/brake-repair,PASS,YES,Existing policy; validate reciprocal destinations,HIGH,No query × page evidence supplied,/brands/rolls-royce-service-dubai,,RETAIN POLICY,NO,"Approved source records reconciled with rendered route; supporting links are observed relationships, not competing primary assignments. "
/brands/rolls-royce-service-dubai/electrical-repair,en,brand-service,Rolls-Royce Electrical Repair Dubai,INDEX,"index, follow, max-image-preview:large",https://digitecme.com/brands/rolls-royce-service-dubai/electrical-repair,PASS,YES,Existing policy; validate reciprocal destinations,HIGH,No query × page evidence supplied,/brands/rolls-royce-service-dubai,,RETAIN POLICY,NO,"Approved source records reconciled with rendered route; supporting links are observed relationships, not competing primary assignments. "
/brands/rolls-royce-service-dubai/engine-diagnostics,en,brand-service,Rolls-Royce Engine Diagnostics Dubai,INDEX,"index, follow, max-image-preview:large",https://digitecme.com/brands/rolls-royce-service-dubai/engine-diagnostics,PASS,YES,Existing policy; validate reciprocal destinations,HIGH,No query × page evidence supplied,/brands/rolls-royce-service-dubai,,RETAIN POLICY,NO,"Approved source records reconciled with rendered route; supporting links are observed relationships, not competing primary assignments. "
/brands/rolls-royce-service-dubai/exhaust-repair,en,brand-service,Rolls-Royce Exhaust Repair Dubai,INDEX,"index, follow, max-image-preview:large",https://digitecme.com/brands/rolls-royce-service-dubai/exhaust-repair,PASS,YES,Existing policy; validate reciprocal destinations,HIGH,No query × page evidence supplied,/brands/rolls-royce-service-dubai,,RETAIN POLICY,NO,"Approved source records reconciled with rendered route; supporting links are observed relationships, not competing primary assignments. "
/brands/rolls-royce-service-dubai/fuel-system-repair,en,brand-service,Rolls-Royce Fuel System Repair Dubai,INDEX,"index, follow, max-image-preview:large",https://digitecme.com/brands/rolls-royce-service-dubai/fuel-system-repair,PASS,YES,Existing policy; validate reciprocal destinations,HIGH,No query × page evidence supplied,/brands/rolls-royce-service-dubai,,RETAIN POLICY,NO,"Approved source records reconciled with rendered route; supporting links are observed relationships, not competing primary assignments. "
/brands/rolls-royce-service-dubai/mechanical-repair,en,brand-service,Rolls-Royce Engine Repair Dubai,INDEX,"index, follow, max-image-preview:large",https://digitecme.com/brands/rolls-royce-service-dubai/mechanical-repair,PASS,YES,Existing policy; validate reciprocal destinations,HIGH,"1 latest query rows; 94 impressions; 0 clicks; editorial owner, not proven landing URL",/brands/rolls-royce-service-dubai,,RETAIN POLICY,NO,"Approved source records reconciled with rendered route; supporting links are observed relationships, not competing primary assignments. "
/brands/rolls-royce-service-dubai/oil-change,en,brand-service,Rolls-Royce Oil Change & Maintenance Dubai,INDEX,"index, follow, max-image-preview:large",https://digitecme.com/brands/rolls-royce-service-dubai/oil-change,PASS,YES,Existing policy; validate reciprocal destinations,HIGH,No query × page evidence supplied,/services/oil-change-dubai,,RETAIN POLICY,NO,"Approved source records reconciled with rendered route; supporting links are observed relationships, not competing primary assignments. "
/brands/rolls-royce-service-dubai/steering-repair,en,brand-service,Rolls-Royce Steering Repair Dubai,INDEX,"index, follow, max-image-preview:large",https://digitecme.com/brands/rolls-royce-service-dubai/steering-repair,PASS,YES,Existing policy; validate reciprocal destinations,HIGH,No query × page evidence supplied,/brands/rolls-royce-service-dubai,,RETAIN POLICY,NO,"Approved source records reconciled with rendered route; supporting links are observed relationships, not competing primary assignments. "
/brands/rolls-royce-service-dubai/suspension-repair,en,brand-service,Rolls-Royce Suspension Repair Dubai,INDEX,"index, follow, max-image-preview:large",https://digitecme.com/brands/rolls-royce-service-dubai/suspension-repair,PASS,YES,Existing policy; validate reciprocal destinations,HIGH,"1 latest query rows; 41 impressions; 0 clicks; editorial owner, not proven landing URL",/brands/rolls-royce-service-dubai,,RETAIN POLICY,NO,"Approved source records reconciled with rendered route; supporting links are observed relationships, not competing primary assignments. "
/brands/rolls-royce-service-dubai/tire-repair,en,brand-service,Rolls-Royce Tyre Repair Dubai,INDEX,"index, follow, max-image-preview:large",https://digitecme.com/brands/rolls-royce-service-dubai/tire-repair,PASS,YES,Existing policy; validate reciprocal destinations,HIGH,No query × page evidence supplied,/brands/rolls-royce-service-dubai,,RETAIN POLICY,NO,"Approved source records reconciled with rendered route; supporting links are observed relationships, not competing primary assignments. "
/brands/rolls-royce-service-dubai/transmission-repair,en,brand-service,Rolls-Royce Transmission Repair Dubai,INDEX,"index, follow, max-image-preview:large",https://digitecme.com/brands/rolls-royce-service-dubai/transmission-repair,PASS,YES,Existing policy; validate reciprocal destinations,HIGH,"1 latest query rows; 29 impressions; 0 clicks; editorial owner, not proven landing URL",/brands/rolls-royce-service-dubai,,RETAIN POLICY,NO,"Approved source records reconciled with rendered route; supporting links are observed relationships, not competing primary assignments. "
/brands/rox-service-dubai,en,brand,ROX 01 Service & Repair Dubai,INDEX,"index, follow, max-image-preview:large",https://digitecme.com/brands/rox-service-dubai,PASS,YES,Existing policy; validate reciprocal destinations,HIGH,No query × landing-page join supplied,/brands/rox-service-dubai/engine-diagnostics,,RETAIN POLICY,NO,"Approved source records reconciled with rendered route; supporting links are observed relationships, not competing primary assignments. "
/brands/rox-service-dubai/ac-repair,en,brand-service,ROX AC Repair Dubai,INDEX,"index, follow, max-image-preview:large",https://digitecme.com/brands/rox-service-dubai/ac-repair,PASS,YES,Existing policy; validate reciprocal destinations,HIGH,No query × landing-page join supplied,/brands/rox-service-dubai/oil-change,,RETAIN POLICY,NO,"Approved source records reconciled with rendered route; supporting links are observed relationships, not competing primary assignments. "
/brands/rox-service-dubai/battery-replacement,en,brand-service,ROX Battery Replacement Dubai,NOINDEX,"noindex, follow",https://digitecme.com/brands/rox-service-dubai/battery-replacement,PASS,NO,Existing policy; validate reciprocal destinations,HIGH,No query × landing-page join supplied,/brands/rox-service-dubai/oil-change,,RETAIN POLICY,NO,"Approved source records reconciled with rendered route; supporting links are observed relationships, not competing primary assignments. Noindex support role retained; not a search-primary target."
/brands/rox-service-dubai/body-repair,en,brand-service,"Commercial repair: dents, damaged paint, refinishing and collision work",NOINDEX,"noindex, follow",https://digitecme.com/brands/rox-service-dubai/body-repair,PASS,NO,Existing policy; validate reciprocal destinations,HIGH,"No query × landing-page join supplied | Measured queries support intent only, not historical URL",/services/car-polishing-dubai,,RETAIN POLICY,NO,"Approved source records reconciled with rendered route; supporting links are observed relationships, not competing primary assignments. Noindex support role retained; not a search-primary target."
/brands/rox-service-dubai/brake-repair,en,brand-service,ROX Brake Repair Dubai,INDEX,"index, follow, max-image-preview:large",https://digitecme.com/brands/rox-service-dubai/brake-repair,PASS,YES,Existing policy; validate reciprocal destinations,HIGH,No query × landing-page join supplied,/brands/rox-service-dubai/oil-change,,RETAIN POLICY,NO,"Approved source records reconciled with rendered route; supporting links are observed relationships, not competing primary assignments. "
/brands/rox-service-dubai/electrical-repair,en,brand-service,ROX Electrical Repair Dubai,NOINDEX,"noindex, follow",https://digitecme.com/brands/rox-service-dubai/electrical-repair,PASS,NO,Existing policy; validate reciprocal destinations,HIGH,No query × landing-page join supplied,/brands/rox-service-dubai/oil-change,,RETAIN POLICY,NO,"Approved source records reconciled with rendered route; supporting links are observed relationships, not competing primary assignments. Noindex support role retained; not a search-primary target."
/brands/rox-service-dubai/engine-diagnostics,en,brand-service,ROX 01 Diagnostic Assessment in Dubai,INDEX,"index, follow, max-image-preview:large",https://digitecme.com/brands/rox-service-dubai/engine-diagnostics,PASS,YES,Existing policy; validate reciprocal destinations,HIGH,No query × landing-page join supplied,/brands/rox-service-dubai/oil-change,,RETAIN POLICY,NO,"Approved source records reconciled with rendered route; supporting links are observed relationships, not competing primary assignments. "
/brands/rox-service-dubai/exhaust-repair,en,brand-service,ROX Exhaust Repair Dubai,NOINDEX,"noindex, follow",https://digitecme.com/brands/rox-service-dubai/exhaust-repair,PASS,NO,Existing policy; validate reciprocal destinations,HIGH,No query × landing-page join supplied,/brands/rox-service-dubai/oil-change,,RETAIN POLICY,NO,"Approved source records reconciled with rendered route; supporting links are observed relationships, not competing primary assignments. Noindex support role retained; not a search-primary target."
/brands/rox-service-dubai/fuel-system-repair,en,brand-service,ROX Fuel System Repair Dubai,NOINDEX,"noindex, follow",https://digitecme.com/brands/rox-service-dubai/fuel-system-repair,PASS,NO,Existing policy; validate reciprocal destinations,HIGH,No query × landing-page join supplied,/brands/rox-service-dubai/oil-change,,RETAIN POLICY,NO,"Approved source records reconciled with rendered route; supporting links are observed relationships, not competing primary assignments. Noindex support role retained; not a search-primary target."
/brands/rox-service-dubai/mechanical-repair,en,brand-service,ROX Mechanical Repair Dubai,NOINDEX,"noindex, follow",https://digitecme.com/brands/rox-service-dubai/mechanical-repair,PASS,NO,Existing policy; validate reciprocal destinations,HIGH,No query × landing-page join supplied,/brands/rox-service-dubai/oil-change,,RETAIN POLICY,NO,"Approved source records reconciled with rendered route; supporting links are observed relationships, not competing primary assignments. Noindex support role retained; not a search-primary target."
/brands/rox-service-dubai/oil-change,en,brand-service,ROX 01 Range-Extender Generator Oil Service in Dubai,INDEX,"index, follow, max-image-preview:large",https://digitecme.com/brands/rox-service-dubai/oil-change,PASS,YES,Existing policy; validate reciprocal destinations,HIGH,No query × landing-page join supplied,/brands/rox-service-dubai/brake-repair,,RETAIN POLICY,NO,"Approved source records reconciled with rendered route; supporting links are observed relationships, not competing primary assignments. "
/brands/rox-service-dubai/soft-close-door-installation,en,brand-service,ROX 01 Soft Close Installation Dubai,INDEX,"index, follow, max-image-preview:large",https://digitecme.com/brands/rox-service-dubai/soft-close-door-installation,PASS,YES,Existing policy; validate reciprocal destinations,HIGH,"2 query rows, 83 impressions in 2026-09-27 query-only export",/services/soft-close-door-repair-dubai,,RETAIN POLICY,NO,"Approved source records reconciled with rendered route; supporting links are observed relationships, not competing primary assignments. "
/brands/rox-service-dubai/steering-repair,en,brand-service,ROX Steering Repair Dubai,NOINDEX,"noindex, follow",https://digitecme.com/brands/rox-service-dubai/steering-repair,PASS,NO,Existing policy; validate reciprocal destinations,HIGH,No query × landing-page join supplied,/brands/rox-service-dubai/oil-change,,RETAIN POLICY,NO,"Approved source records reconciled with rendered route; supporting links are observed relationships, not competing primary assignments. Noindex support role retained; not a search-primary target."
/brands/rox-service-dubai/suspension-repair,en,brand-service,ROX Suspension Repair Dubai,NOINDEX,"noindex, follow",https://digitecme.com/brands/rox-service-dubai/suspension-repair,PASS,NO,Existing policy; validate reciprocal destinations,HIGH,No query × landing-page join supplied,/brands/rox-service-dubai/oil-change,,RETAIN POLICY,NO,"Approved source records reconciled with rendered route; supporting links are observed relationships, not competing primary assignments. Noindex support role retained; not a search-primary target."
/brands/rox-service-dubai/tire-repair,en,brand-service,ROX Tyre Repair Dubai,NOINDEX,"noindex, follow",https://digitecme.com/brands/rox-service-dubai/tire-repair,PASS,NO,Existing policy; validate reciprocal destinations,HIGH,No query × landing-page join supplied,/brands/rox-service-dubai/oil-change,,RETAIN POLICY,NO,"Approved source records reconciled with rendered route; supporting links are observed relationships, not competing primary assignments. Noindex support role retained; not a search-primary target."
/brands/rox-service-dubai/transmission-repair,en,brand-service,ROX 01 Driveability Enquiry in Dubai,NOINDEX,"noindex, follow",https://digitecme.com/brands/rox-service-dubai/transmission-repair,PASS,NO,Existing policy; validate reciprocal destinations,HIGH,No query × landing-page join supplied,/brands/rox-service-dubai/oil-change,,RETAIN POLICY,NO,"Approved source records reconciled with rendered route; supporting links are observed relationships, not competing primary assignments. Noindex support role retained; not a search-primary target."
/brands/subaru-service-dubai,en,brand,Subaru Repair & Service Dubai,INDEX,"index, follow, max-image-preview:large",https://digitecme.com/brands/subaru-service-dubai,PASS,YES,Existing policy; validate reciprocal destinations,HIGH,,/brands/subaru-service-dubai/oil-change,,RETAIN POLICY,NO,"Approved source records reconciled with rendered route; supporting links are observed relationships, not competing primary assignments. "
/brands/subaru-service-dubai/ac-repair,en,brand-service,Subaru AC Repair Dubai,INDEX,"index, follow, max-image-preview:large",https://digitecme.com/brands/subaru-service-dubai/ac-repair,PASS,YES,Existing policy; validate reciprocal destinations,HIGH,,/brands/subaru-service-dubai/oil-change,,RETAIN POLICY,NO,"Approved source records reconciled with rendered route; supporting links are observed relationships, not competing primary assignments. "
/brands/subaru-service-dubai/brake-repair,en,brand-service,Subaru Brake Repair Dubai,INDEX,"index, follow, max-image-preview:large",https://digitecme.com/brands/subaru-service-dubai/brake-repair,PASS,YES,Existing policy; validate reciprocal destinations,HIGH,,/brands/subaru-service-dubai/oil-change,,RETAIN POLICY,NO,"Approved source records reconciled with rendered route; supporting links are observed relationships, not competing primary assignments. "
/brands/subaru-service-dubai/engine-diagnostics,en,brand-service,Subaru Engine Diagnostics Dubai,INDEX,"index, follow, max-image-preview:large",https://digitecme.com/brands/subaru-service-dubai/engine-diagnostics,PASS,YES,Existing policy; validate reciprocal destinations,HIGH,,/brands/subaru-service-dubai/oil-change,,RETAIN POLICY,NO,"Approved source records reconciled with rendered route; supporting links are observed relationships, not competing primary assignments. "
/brands/subaru-service-dubai/oil-change,en,brand-service,Subaru Oil Change Dubai,INDEX,"index, follow, max-image-preview:large",https://digitecme.com/brands/subaru-service-dubai/oil-change,PASS,YES,Existing policy; validate reciprocal destinations,HIGH,,/brands/subaru-service-dubai/brake-repair,,RETAIN POLICY,NO,"Approved source records reconciled with rendered route; supporting links are observed relationships, not competing primary assignments. "
/brands/subaru-service-dubai/suspension-repair,en,brand-service,Subaru Suspension Repair Dubai,NOINDEX,"noindex, follow",https://digitecme.com/brands/subaru-service-dubai/suspension-repair,PASS,NO,Existing policy; validate reciprocal destinations,HIGH,,/brands/subaru-service-dubai/oil-change,,RETAIN POLICY,NO,"Approved source records reconciled with rendered route; supporting links are observed relationships, not competing primary assignments. Noindex support role retained; not a search-primary target."
/brands/subaru-service-dubai/transmission-repair,en,brand-service,Subaru Transmission Repair Dubai,NOINDEX,"noindex, follow",https://digitecme.com/brands/subaru-service-dubai/transmission-repair,PASS,NO,Existing policy; validate reciprocal destinations,HIGH,,/brands/subaru-service-dubai/oil-change,,RETAIN POLICY,NO,"Approved source records reconciled with rendered route; supporting links are observed relationships, not competing primary assignments. Noindex support role retained; not a search-primary target."
/brands/tesla-service-dubai,en,brand,Tesla Repair & Service Dubai,INDEX,"index, follow, max-image-preview:large",https://digitecme.com/brands/tesla-service-dubai,PASS,YES,Existing policy; validate reciprocal destinations,HIGH,,/brands/tesla-service-dubai/brake-repair,,RETAIN POLICY,NO,"Approved source records reconciled with rendered route; supporting links are observed relationships, not competing primary assignments. "
/brands/tesla-service-dubai/ac-repair,en,brand-service,Tesla AC Repair Dubai,INDEX,"index, follow, max-image-preview:large",https://digitecme.com/brands/tesla-service-dubai/ac-repair,PASS,YES,Existing policy; validate reciprocal destinations,HIGH,,/brands/tesla-service-dubai/brake-repair,,RETAIN POLICY,NO,"Approved source records reconciled with rendered route; supporting links are observed relationships, not competing primary assignments. "
/brands/tesla-service-dubai/battery-replacement,en,brand-service,Tesla Battery Replacement Dubai,NOINDEX,"noindex, follow",https://digitecme.com/brands/tesla-service-dubai/battery-replacement,PASS,NO,Existing policy; validate reciprocal destinations,HIGH,,/brands/tesla-service-dubai/brake-repair,,RETAIN POLICY,NO,"Approved source records reconciled with rendered route; supporting links are observed relationships, not competing primary assignments. Noindex support role retained; not a search-primary target."
/brands/tesla-service-dubai/body-repair,en,brand-service,"Commercial repair: dents, damaged paint, refinishing and collision work",NOINDEX,"noindex, follow",https://digitecme.com/brands/tesla-service-dubai/body-repair,PASS,NO,Existing policy; validate reciprocal destinations,HIGH,"Measured queries support intent only, not historical URL",/services/car-polishing-dubai,,RETAIN POLICY,NO,"Approved source records reconciled with rendered route; supporting links are observed relationships, not competing primary assignments. Noindex support role retained; not a search-primary target."
/brands/tesla-service-dubai/brake-repair,en,brand-service,Tesla Brake Repair Dubai,INDEX,"index, follow, max-image-preview:large",https://digitecme.com/brands/tesla-service-dubai/brake-repair,PASS,YES,Existing policy; validate reciprocal destinations,HIGH,,/brands/tesla-service-dubai/ac-repair,,RETAIN POLICY,NO,"Approved source records reconciled with rendered route; supporting links are observed relationships, not competing primary assignments. "
/brands/tesla-service-dubai/electrical-repair,en,brand-service,Tesla Electrical Repair Dubai,NOINDEX,"noindex, follow",https://digitecme.com/brands/tesla-service-dubai/electrical-repair,PASS,NO,Existing policy; validate reciprocal destinations,HIGH,,/brands/tesla-service-dubai/brake-repair,,RETAIN POLICY,NO,"Approved source records reconciled with rendered route; supporting links are observed relationships, not competing primary assignments. Noindex support role retained; not a search-primary target."
/brands/tesla-service-dubai/mechanical-repair,en,brand-service,Tesla Mechanical Repair Dubai,NOINDEX,"noindex, follow",https://digitecme.com/brands/tesla-service-dubai/mechanical-repair,PASS,NO,Existing policy; validate reciprocal destinations,HIGH,,/brands/tesla-service-dubai/brake-repair,,RETAIN POLICY,NO,"Approved source records reconciled with rendered route; supporting links are observed relationships, not competing primary assignments. Noindex support role retained; not a search-primary target."
/brands/tesla-service-dubai/steering-repair,en,brand-service,Tesla Steering Repair Dubai,NOINDEX,"noindex, follow",https://digitecme.com/brands/tesla-service-dubai/steering-repair,PASS,NO,Existing policy; validate reciprocal destinations,HIGH,,/brands/tesla-service-dubai/brake-repair,,RETAIN POLICY,NO,"Approved source records reconciled with rendered route; supporting links are observed relationships, not competing primary assignments. Noindex support role retained; not a search-primary target."
/brands/tesla-service-dubai/suspension-repair,en,brand-service,Tesla Suspension Repair Dubai,NOINDEX,"noindex, follow",https://digitecme.com/brands/tesla-service-dubai/suspension-repair,PASS,NO,Existing policy; validate reciprocal destinations,HIGH,,/brands/tesla-service-dubai/brake-repair,,RETAIN POLICY,NO,"Approved source records reconciled with rendered route; supporting links are observed relationships, not competing primary assignments. Noindex support role retained; not a search-primary target."
/brands/tesla-service-dubai/tire-repair,en,brand-service,Tesla Tyre Repair Dubai,NOINDEX,"noindex, follow",https://digitecme.com/brands/tesla-service-dubai/tire-repair,PASS,NO,Existing policy; validate reciprocal destinations,HIGH,,/brands/tesla-service-dubai/brake-repair,,RETAIN POLICY,NO,"Approved source records reconciled with rendered route; supporting links are observed relationships, not competing primary assignments. Noindex support role retained; not a search-primary target."
/brands/volkswagen-service-dubai,en,brand,Volkswagen Repair & Service Dubai,INDEX,"index, follow, max-image-preview:large",https://digitecme.com/brands/volkswagen-service-dubai,PASS,YES,Existing policy; validate reciprocal destinations,HIGH,"15 query rows, 596 impressions in 2026-09-27 query-only export",/brands/volkswagen-service-dubai/oil-change,,RETAIN POLICY,NO,"Approved source records reconciled with rendered route; supporting links are observed relationships, not competing primary assignments. "
/brands/volkswagen-service-dubai/ac-repair,en,brand-service,Volkswagen AC Repair Dubai,INDEX,"index, follow, max-image-preview:large",https://digitecme.com/brands/volkswagen-service-dubai/ac-repair,PASS,YES,Existing policy; validate reciprocal destinations,HIGH,"1 query rows, 48 impressions in 2026-09-27 query-only export",/brands/volkswagen-service-dubai/oil-change,,RETAIN POLICY,NO,"Approved source records reconciled with rendered route; supporting links are observed relationships, not competing primary assignments. "
/brands/volkswagen-service-dubai/battery-replacement,en,brand-service,Volkswagen Battery Replacement Dubai,NOINDEX,"noindex, follow",https://digitecme.com/brands/volkswagen-service-dubai/battery-replacement,PASS,NO,Existing policy; validate reciprocal destinations,HIGH,No query × landing-page join supplied,/brands/volkswagen-service-dubai/oil-change,,RETAIN POLICY,NO,"Approved source records reconciled with rendered route; supporting links are observed relationships, not competing primary assignments. Noindex support role retained; not a search-primary target."
/brands/volkswagen-service-dubai/body-repair,en,brand-service,"Commercial repair: dents, damaged paint, refinishing and collision work",NOINDEX,"noindex, follow",https://digitecme.com/brands/volkswagen-service-dubai/body-repair,PASS,NO,Existing policy; validate reciprocal destinations,HIGH,"No query × landing-page join supplied | Measured queries support intent only, not historical URL",/services/car-polishing-dubai,,RETAIN POLICY,NO,"Approved source records reconciled with rendered route; supporting links are observed relationships, not competing primary assignments. Noindex support role retained; not a search-primary target."
/brands/volkswagen-service-dubai/brake-repair,en,brand-service,Volkswagen Brake Repair Dubai,INDEX,"index, follow, max-image-preview:large",https://digitecme.com/brands/volkswagen-service-dubai/brake-repair,PASS,YES,Existing policy; validate reciprocal destinations,HIGH,"1 query rows, 57 impressions in 2026-09-27 query-only export",/brands/volkswagen-service-dubai/oil-change,,RETAIN POLICY,NO,"Approved source records reconciled with rendered route; supporting links are observed relationships, not competing primary assignments. "
/brands/volkswagen-service-dubai/electrical-repair,en,brand-service,Volkswagen Electrical Repair Dubai,NOINDEX,"noindex, follow",https://digitecme.com/brands/volkswagen-service-dubai/electrical-repair,PASS,NO,Existing policy; validate reciprocal destinations,HIGH,No query × landing-page join supplied,/brands/volkswagen-service-dubai/oil-change,,RETAIN POLICY,NO,"Approved source records reconciled with rendered route; supporting links are observed relationships, not competing primary assignments. Noindex support role retained; not a search-primary target."
/brands/volkswagen-service-dubai/engine-diagnostics,en,brand-service,Volkswagen Diagnostics & ODIS in Dubai,INDEX,"index, follow, max-image-preview:large",https://digitecme.com/brands/volkswagen-service-dubai/engine-diagnostics,PASS,YES,Existing policy; validate reciprocal destinations,HIGH,No query × landing-page join supplied,/services/transmission-repair-dubai,,RETAIN POLICY,NO,"Approved source records reconciled with rendered route; supporting links are observed relationships, not competing primary assignments. "
/brands/volkswagen-service-dubai/exhaust-repair,en,brand-service,Volkswagen Exhaust Repair Dubai,NOINDEX,"noindex, follow",https://digitecme.com/brands/volkswagen-service-dubai/exhaust-repair,PASS,NO,Existing policy; validate reciprocal destinations,HIGH,No query × landing-page join supplied,/brands/volkswagen-service-dubai/oil-change,,RETAIN POLICY,NO,"Approved source records reconciled with rendered route; supporting links are observed relationships, not competing primary assignments. Noindex support role retained; not a search-primary target."
/brands/volkswagen-service-dubai/fuel-system-repair,en,brand-service,Volkswagen Fuel System Repair Dubai,NOINDEX,"noindex, follow",https://digitecme.com/brands/volkswagen-service-dubai/fuel-system-repair,PASS,NO,Existing policy; validate reciprocal destinations,HIGH,No query × landing-page join supplied,/brands/volkswagen-service-dubai/oil-change,,RETAIN POLICY,NO,"Approved source records reconciled with rendered route; supporting links are observed relationships, not competing primary assignments. Noindex support role retained; not a search-primary target."
/brands/volkswagen-service-dubai/mechanical-repair,en,brand-service,Volkswagen Mechanical Repair Dubai,NOINDEX,"noindex, follow",https://digitecme.com/brands/volkswagen-service-dubai/mechanical-repair,PASS,NO,Existing policy; validate reciprocal destinations,HIGH,No query × landing-page join supplied,/brands/volkswagen-service-dubai/oil-change,,RETAIN POLICY,NO,"Approved source records reconciled with rendered route; supporting links are observed relationships, not competing primary assignments. Noindex support role retained; not a search-primary target."
/brands/volkswagen-service-dubai/oil-change,en,brand-service,Volkswagen Oil Change Dubai,INDEX,"index, follow, max-image-preview:large",https://digitecme.com/brands/volkswagen-service-dubai/oil-change,PASS,YES,Existing policy; validate reciprocal destinations,HIGH,"2 query rows, 45 impressions in 2026-09-27 query-only export",/brands/volkswagen-service-dubai/brake-repair,,RETAIN POLICY,NO,"Approved source records reconciled with rendered route; supporting links are observed relationships, not competing primary assignments. "
/brands/volkswagen-service-dubai/steering-repair,en,brand-service,Volkswagen Steering Repair Dubai,NOINDEX,"noindex, follow",https://digitecme.com/brands/volkswagen-service-dubai/steering-repair,PASS,NO,Existing policy; validate reciprocal destinations,HIGH,No query × landing-page join supplied,/brands/volkswagen-service-dubai/oil-change,,RETAIN POLICY,NO,"Approved source records reconciled with rendered route; supporting links are observed relationships, not competing primary assignments. Noindex support role retained; not a search-primary target."
/brands/volkswagen-service-dubai/suspension-repair,en,brand-service,Volkswagen Suspension Repair Dubai,NOINDEX,"noindex, follow",https://digitecme.com/brands/volkswagen-service-dubai/suspension-repair,PASS,NO,Existing policy; validate reciprocal destinations,HIGH,No query × landing-page join supplied,/brands/volkswagen-service-dubai/oil-change,,RETAIN POLICY,NO,"Approved source records reconciled with rendered route; supporting links are observed relationships, not competing primary assignments. Noindex support role retained; not a search-primary target."
/brands/volkswagen-service-dubai/tire-repair,en,brand-service,Volkswagen Tyre Repair Dubai,NOINDEX,"noindex, follow",https://digitecme.com/brands/volkswagen-service-dubai/tire-repair,PASS,NO,Existing policy; validate reciprocal destinations,HIGH,No query × landing-page join supplied,/brands/volkswagen-service-dubai/oil-change,,RETAIN POLICY,NO,"Approved source records reconciled with rendered route; supporting links are observed relationships, not competing primary assignments. Noindex support role retained; not a search-primary target."
/brands/volkswagen-service-dubai/transmission-repair,en,brand-service,Volkswagen DSG & Transmission Assessment in Dubai,NOINDEX,"noindex, follow",https://digitecme.com/brands/volkswagen-service-dubai/transmission-repair,PASS,NO,Existing policy; validate reciprocal destinations,HIGH,No query × landing-page join supplied,/brands/volkswagen-service-dubai/oil-change,,RETAIN POLICY,NO,"Approved source records reconciled with rendered route; supporting links are observed relationships, not competing primary assignments. Noindex support role retained; not a search-primary target."
/brands/volvo-service-dubai,en,brand,Volvo Repair & Service Dubai,INDEX,"index, follow, max-image-preview:large",https://digitecme.com/brands/volvo-service-dubai,PASS,YES,Existing policy; validate reciprocal destinations,HIGH,,/brands/volvo-service-dubai/oil-change,,RETAIN POLICY,NO,"Approved source records reconciled with rendered route; supporting links are observed relationships, not competing primary assignments. "
/brands/volvo-service-dubai/ac-repair,en,brand-service,Volvo AC Repair Dubai,INDEX,"index, follow, max-image-preview:large",https://digitecme.com/brands/volvo-service-dubai/ac-repair,PASS,YES,Existing policy; validate reciprocal destinations,HIGH,,/brands/volvo-service-dubai/oil-change,,RETAIN POLICY,NO,"Approved source records reconciled with rendered route; supporting links are observed relationships, not competing primary assignments. "
/brands/volvo-service-dubai/battery-replacement,en,brand-service,Volvo Battery Replacement Dubai,NOINDEX,"noindex, follow",https://digitecme.com/brands/volvo-service-dubai/battery-replacement,PASS,NO,Existing policy; validate reciprocal destinations,HIGH,,/brands/volvo-service-dubai/oil-change,,RETAIN POLICY,NO,"Approved source records reconciled with rendered route; supporting links are observed relationships, not competing primary assignments. Noindex support role retained; not a search-primary target."
/brands/volvo-service-dubai/body-repair,en,brand-service,"Commercial repair: dents, damaged paint, refinishing and collision work",NOINDEX,"noindex, follow",https://digitecme.com/brands/volvo-service-dubai/body-repair,PASS,NO,Existing policy; validate reciprocal destinations,HIGH,"Measured queries support intent only, not historical URL",/services/car-polishing-dubai,,RETAIN POLICY,NO,"Approved source records reconciled with rendered route; supporting links are observed relationships, not competing primary assignments. Noindex support role retained; not a search-primary target."
/brands/volvo-service-dubai/brake-repair,en,brand-service,Volvo Brake Repair Dubai,INDEX,"index, follow, max-image-preview:large",https://digitecme.com/brands/volvo-service-dubai/brake-repair,PASS,YES,Existing policy; validate reciprocal destinations,HIGH,,/brands/volvo-service-dubai/oil-change,,RETAIN POLICY,NO,"Approved source records reconciled with rendered route; supporting links are observed relationships, not competing primary assignments. "
/brands/volvo-service-dubai/electrical-repair,en,brand-service,Volvo Electrical Repair Dubai,NOINDEX,"noindex, follow",https://digitecme.com/brands/volvo-service-dubai/electrical-repair,PASS,NO,Existing policy; validate reciprocal destinations,HIGH,,/brands/volvo-service-dubai/oil-change,,RETAIN POLICY,NO,"Approved source records reconciled with rendered route; supporting links are observed relationships, not competing primary assignments. Noindex support role retained; not a search-primary target."
/brands/volvo-service-dubai/engine-diagnostics,en,brand-service,Volvo Engine Diagnostics Dubai,INDEX,"index, follow, max-image-preview:large",https://digitecme.com/brands/volvo-service-dubai/engine-diagnostics,PASS,YES,Existing policy; validate reciprocal destinations,HIGH,,/brands/volvo-service-dubai/oil-change,,RETAIN POLICY,NO,"Approved source records reconciled with rendered route; supporting links are observed relationships, not competing primary assignments. "
/brands/volvo-service-dubai/exhaust-repair,en,brand-service,Volvo Exhaust Repair Dubai,NOINDEX,"noindex, follow",https://digitecme.com/brands/volvo-service-dubai/exhaust-repair,PASS,NO,Existing policy; validate reciprocal destinations,HIGH,,/brands/volvo-service-dubai/oil-change,,RETAIN POLICY,NO,"Approved source records reconciled with rendered route; supporting links are observed relationships, not competing primary assignments. Noindex support role retained; not a search-primary target."
/brands/volvo-service-dubai/fuel-system-repair,en,brand-service,Volvo Fuel System Repair Dubai,NOINDEX,"noindex, follow",https://digitecme.com/brands/volvo-service-dubai/fuel-system-repair,PASS,NO,Existing policy; validate reciprocal destinations,HIGH,,/brands/volvo-service-dubai/oil-change,,RETAIN POLICY,NO,"Approved source records reconciled with rendered route; supporting links are observed relationships, not competing primary assignments. Noindex support role retained; not a search-primary target."
/brands/volvo-service-dubai/mechanical-repair,en,brand-service,Volvo Mechanical Repair Dubai,NOINDEX,"noindex, follow",https://digitecme.com/brands/volvo-service-dubai/mechanical-repair,PASS,NO,Existing policy; validate reciprocal destinations,HIGH,,/brands/volvo-service-dubai/oil-change,,RETAIN POLICY,NO,"Approved source records reconciled with rendered route; supporting links are observed relationships, not competing primary assignments. Noindex support role retained; not a search-primary target."
/brands/volvo-service-dubai/oil-change,en,brand-service,Volvo Oil Change Dubai,INDEX,"index, follow, max-image-preview:large",https://digitecme.com/brands/volvo-service-dubai/oil-change,PASS,YES,Existing policy; validate reciprocal destinations,HIGH,,/brands/volvo-service-dubai/brake-repair,,RETAIN POLICY,NO,"Approved source records reconciled with rendered route; supporting links are observed relationships, not competing primary assignments. "
/brands/volvo-service-dubai/steering-repair,en,brand-service,Volvo Steering Repair Dubai,NOINDEX,"noindex, follow",https://digitecme.com/brands/volvo-service-dubai/steering-repair,PASS,NO,Existing policy; validate reciprocal destinations,HIGH,,/brands/volvo-service-dubai/oil-change,,RETAIN POLICY,NO,"Approved source records reconciled with rendered route; supporting links are observed relationships, not competing primary assignments. Noindex support role retained; not a search-primary target."
/brands/volvo-service-dubai/suspension-repair,en,brand-service,Volvo Suspension Repair Dubai,NOINDEX,"noindex, follow",https://digitecme.com/brands/volvo-service-dubai/suspension-repair,PASS,NO,Existing policy; validate reciprocal destinations,HIGH,,/brands/volvo-service-dubai/oil-change,,RETAIN POLICY,NO,"Approved source records reconciled with rendered route; supporting links are observed relationships, not competing primary assignments. Noindex support role retained; not a search-primary target."
/brands/volvo-service-dubai/tire-repair,en,brand-service,Volvo Tyre Repair Dubai,NOINDEX,"noindex, follow",https://digitecme.com/brands/volvo-service-dubai/tire-repair,PASS,NO,Existing policy; validate reciprocal destinations,HIGH,,/brands/volvo-service-dubai/oil-change,,RETAIN POLICY,NO,"Approved source records reconciled with rendered route; supporting links are observed relationships, not competing primary assignments. Noindex support role retained; not a search-primary target."
/brands/volvo-service-dubai/transmission-repair,en,brand-service,Volvo Transmission Repair Dubai,NOINDEX,"noindex, follow",https://digitecme.com/brands/volvo-service-dubai/transmission-repair,PASS,NO,Existing policy; validate reciprocal destinations,HIGH,,/brands/volvo-service-dubai/oil-change,,RETAIN POLICY,NO,"Approved source records reconciled with rendered route; supporting links are observed relationships, not competing primary assignments. Noindex support role retained; not a search-primary target."
/faq,en,faq,Frequently Asked Questions,INDEX,"index, follow, max-image-preview:large",https://digitecme.com/faq,PASS,YES,Existing policy; validate reciprocal destinations,SUPPORT,,,,RETAIN POLICY,NO,"Approved source records reconciled with rendered route; supporting links are observed relationships, not competing primary assignments. "
/mercedes/models/c63-service-repair-dubai,en,service,Plan service/repair for Mercedes-AMG C63 Service & Repair Dubai,INDEX,"index, follow, max-image-preview:large",https://digitecme.com/mercedes/models/c63-service-repair-dubai,PASS,YES,Existing policy; validate reciprocal destinations,HIGH,,/blog/mercedes-benz-maintenance-guide-dubai,,RETAIN POLICY,NO,"Approved source records reconciled with rendered route; supporting links are observed relationships, not competing primary assignments. "
/mercedes/models/e63-service-repair-dubai,en,service,Plan service/repair for Mercedes-AMG E63 Service & Repair Dubai,INDEX,"index, follow, max-image-preview:large",https://digitecme.com/mercedes/models/e63-service-repair-dubai,PASS,YES,Existing policy; validate reciprocal destinations,HIGH,,/blog/mercedes-benz-maintenance-guide-dubai,,RETAIN POLICY,NO,"Approved source records reconciled with rendered route; supporting links are observed relationships, not competing primary assignments. "
/mercedes/models/g-class-service-repair-dubai,en,service,Plan service/repair for Mercedes G-Class Service & Repair Dubai,INDEX,"index, follow, max-image-preview:large",https://digitecme.com/mercedes/models/g-class-service-repair-dubai,PASS,YES,Existing policy; validate reciprocal destinations,HIGH,,/blog/mercedes-service-intervals-dubai-heat,,RETAIN POLICY,NO,"Approved source records reconciled with rendered route; supporting links are observed relationships, not competing primary assignments. "
/mercedes/models/gle-service-repair-dubai,en,service,Plan service/repair for Mercedes GLE Service & Repair Dubai,INDEX,"index, follow, max-image-preview:large",https://digitecme.com/mercedes/models/gle-service-repair-dubai,PASS,YES,Existing policy; validate reciprocal destinations,HIGH,,/blog/mercedes-service-intervals-dubai-heat,,RETAIN POLICY,NO,"Approved source records reconciled with rendered route; supporting links are observed relationships, not competing primary assignments. "
/mercedes/models/gls-service-repair-dubai,en,service,Plan service/repair for Mercedes GLS Service & Repair Dubai,INDEX,"index, follow, max-image-preview:large",https://digitecme.com/mercedes/models/gls-service-repair-dubai,PASS,YES,Existing policy; validate reciprocal destinations,HIGH,,/blog/mercedes-benz-maintenance-guide-dubai,,RETAIN POLICY,NO,"Approved source records reconciled with rendered route; supporting links are observed relationships, not competing primary assignments. "
/mercedes/models/s63-service-repair-dubai,en,service,Plan service/repair for Mercedes-AMG S63 Service & Repair Dubai,INDEX,"index, follow, max-image-preview:large",https://digitecme.com/mercedes/models/s63-service-repair-dubai,PASS,YES,Existing policy; validate reciprocal destinations,HIGH,,/blog/mercedes-benz-maintenance-guide-dubai,,RETAIN POLICY,NO,"Approved source records reconciled with rendered route; supporting links are observed relationships, not competing primary assignments. "
/mercedes/problems,en,html-sitemap,Answer Mercedes Problems & Diagnostic Guides,INDEX,"index, follow, max-image-preview:large",https://digitecme.com/mercedes/problems,PASS,YES,Existing policy; validate reciprocal destinations,SUPPORT,,/mercedes/problems/airmatic-malfunction,,RETAIN POLICY,NO,"Approved source records reconciled with rendered route; supporting links are observed relationships, not competing primary assignments. "
/mercedes/problems/ac-not-cooling,en,article,Understand Mercedes AC Not Cooling and decide next diagnostic step,INDEX,"index, follow, max-image-preview:large",https://digitecme.com/mercedes/problems/ac-not-cooling,PASS,YES,Existing policy; validate reciprocal destinations,SUPPORT,,/services/mercedes-ac-repair-dubai,,RETAIN POLICY,NO,"Approved source records reconciled with rendered route; supporting links are observed relationships, not competing primary assignments. "
/mercedes/problems/airmatic-malfunction,en,article,Understand Mercedes AIRMATIC Malfunction and decide next diagnostic step,INDEX,"index, follow, max-image-preview:large",https://digitecme.com/mercedes/problems/airmatic-malfunction,PASS,YES,Existing policy; validate reciprocal destinations,SUPPORT,,/services/mercedes-suspension-repair-dubai,,RETAIN POLICY,NO,"Approved source records reconciled with rendered route; supporting links are observed relationships, not competing primary assignments. "
/mercedes/problems/battery-warning,en,article,Understand Mercedes Battery Warning and decide next diagnostic step,INDEX,"index, follow, max-image-preview:large",https://digitecme.com/mercedes/problems/battery-warning,PASS,YES,Existing policy; validate reciprocal destinations,SUPPORT,,/services/mercedes-diagnostics-dubai,,RETAIN POLICY,NO,"Approved source records reconciled with rendered route; supporting links are observed relationships, not competing primary assignments. "
/mercedes/problems/check-engine-light,en,article,Understand Mercedes Check Engine Light and decide next diagnostic step,INDEX,"index, follow, max-image-preview:large",https://digitecme.com/mercedes/problems/check-engine-light,PASS,YES,Existing policy; validate reciprocal destinations,SUPPORT,,/services/mercedes-diagnostics-dubai,,RETAIN POLICY,NO,"Approved source records reconciled with rendered route; supporting links are observed relationships, not competing primary assignments. "
/mercedes/problems/engine-overheating,en,article,Understand Mercedes Engine Overheating and decide next diagnostic step,INDEX,"index, follow, max-image-preview:large",https://digitecme.com/mercedes/problems/engine-overheating,PASS,YES,Existing policy; validate reciprocal destinations,SUPPORT,,/services/mercedes-mechanical-repair-dubai,,RETAIN POLICY,NO,"Approved source records reconciled with rendered route; supporting links are observed relationships, not competing primary assignments. "
/mercedes/problems/gearbox-jerking,en,article,Understand Mercedes Gearbox Jerking When Changing Gears and decide next diagnostic step,INDEX,"index, follow, max-image-preview:large",https://digitecme.com/mercedes/problems/gearbox-jerking,PASS,YES,Existing policy; validate reciprocal destinations,SUPPORT,,/services/mercedes-transmission-repair-dubai,,RETAIN POLICY,NO,"Approved source records reconciled with rendered route; supporting links are observed relationships, not competing primary assignments. "
/mercedes/problems/oil-leak,en,article,Understand Mercedes Oil Leak and decide next diagnostic step,INDEX,"index, follow, max-image-preview:large",https://digitecme.com/mercedes/problems/oil-leak,PASS,YES,Existing policy; validate reciprocal destinations,SUPPORT,,/services/mercedes-mechanical-repair-dubai,,RETAIN POLICY,NO,"Approved source records reconciled with rendered route; supporting links are observed relationships, not competing primary assignments. "
/mercedes/problems/suspension-dropping-overnight,en,article,Understand Mercedes Suspension Dropping Overnight and decide next diagnostic step,INDEX,"index, follow, max-image-preview:large",https://digitecme.com/mercedes/problems/suspension-dropping-overnight,PASS,YES,Existing policy; validate reciprocal destinations,SUPPORT,,/services/mercedes-suspension-repair-dubai,,RETAIN POLICY,NO,"Approved source records reconciled with rendered route; supporting links are observed relationships, not competing primary assignments. "
/mercedes/problems/transmission-slipping,en,article,Understand Mercedes Transmission Slipping and decide next diagnostic step,INDEX,"index, follow, max-image-preview:large",https://digitecme.com/mercedes/problems/transmission-slipping,PASS,YES,Existing policy; validate reciprocal destinations,SUPPORT,,/services/mercedes-transmission-repair-dubai,,RETAIN POLICY,NO,"Approved source records reconciled with rendered route; supporting links are observed relationships, not competing primary assignments. "
/mercedes/problems/wont-start,en,article,Understand Mercedes Won't Start and decide next diagnostic step,INDEX,"index, follow, max-image-preview:large",https://digitecme.com/mercedes/problems/wont-start,PASS,YES,Existing policy; validate reciprocal destinations,SUPPORT,,/mercedes/problems/battery-warning,,RETAIN POLICY,NO,"Approved source records reconciled with rendered route; supporting links are observed relationships, not competing primary assignments. "
/porsche/718,en,service,Porsche 718 Cayman & Boxster Service Dubai,INDEX,"index, follow, max-image-preview:large",https://digitecme.com/porsche/718,PASS,YES,Existing policy; validate reciprocal destinations,HIGH,No latest query mapped; absence from top-query export does not mean zero traffic,/porsche/problems/check-engine-light,,RETAIN POLICY,NO,"Approved source records reconciled with rendered route; supporting links are observed relationships, not competing primary assignments. "
/porsche/911/991,en,service,Porsche 991 Service & Repair Dubai,INDEX,"index, follow, max-image-preview:large",https://digitecme.com/porsche/911/991,PASS,YES,Existing policy; validate reciprocal destinations,HIGH,No latest query mapped; absence from top-query export does not mean zero traffic,/porsche/problems/check-engine-light,,RETAIN POLICY,NO,"Approved source records reconciled with rendered route; supporting links are observed relationships, not competing primary assignments. "
/porsche/911/992,en,service,Porsche 992 Service & Repair Dubai,INDEX,"index, follow, max-image-preview:large",https://digitecme.com/porsche/911/992,PASS,YES,Existing policy; validate reciprocal destinations,HIGH,No latest query mapped; absence from top-query export does not mean zero traffic,/porsche/problems/check-engine-light,,RETAIN POLICY,NO,"Approved source records reconciled with rendered route; supporting links are observed relationships, not competing primary assignments. "
/porsche/911/997,en,service,Porsche 997 Service & Repair Dubai,INDEX,"index, follow, max-image-preview:large",https://digitecme.com/porsche/911/997,PASS,YES,Existing policy; validate reciprocal destinations,HIGH,No latest query mapped; absence from top-query export does not mean zero traffic,/porsche/problems/check-engine-light,,RETAIN POLICY,NO,"Approved source records reconciled with rendered route; supporting links are observed relationships, not competing primary assignments. "
/porsche/guides/718-maintenance,en,article,Guide,INDEX,"index, follow, max-image-preview:large",https://digitecme.com/porsche/guides/718-maintenance,PASS,YES,Existing policy; validate reciprocal destinations,SUPPORT,No latest query mapped; absence from top-query export does not mean zero traffic,/porsche/718,,RETAIN POLICY,NO,"Approved source records reconciled with rendered route; supporting links are observed relationships, not competing primary assignments. "
/porsche/guides/ac-maintenance-dubai,en,article,Guide,INDEX,"index, follow, max-image-preview:large",https://digitecme.com/porsche/guides/ac-maintenance-dubai,PASS,YES,Existing policy; validate reciprocal destinations,SUPPORT,No latest query mapped; absence from top-query export does not mean zero traffic,/porsche/problems/ac-not-cooling,,RETAIN POLICY,NO,"Approved source records reconciled with rendered route; supporting links are observed relationships, not competing primary assignments. "
/porsche/guides/battery-life-dubai,en,article,Guide,INDEX,"index, follow, max-image-preview:large",https://digitecme.com/porsche/guides/battery-life-dubai,PASS,YES,Existing policy; validate reciprocal destinations,SUPPORT,No latest query mapped; absence from top-query export does not mean zero traffic,/porsche/problems/battery-warning,,RETAIN POLICY,NO,"Approved source records reconciled with rendered route; supporting links are observed relationships, not competing primary assignments. "
/porsche/guides/brake-wear-dubai,en,article,Guide,INDEX,"index, follow, max-image-preview:large",https://digitecme.com/porsche/guides/brake-wear-dubai,PASS,YES,Existing policy; validate reciprocal destinations,SUPPORT,No latest query mapped; absence from top-query export does not mean zero traffic,/porsche/systems/pccb,,RETAIN POLICY,NO,"Approved source records reconciled with rendered route; supporting links are observed relationships, not competing primary assignments. "
/porsche/guides/buying-used-porsche-dubai,en,article,Guide,INDEX,"index, follow, max-image-preview:large",https://digitecme.com/porsche/guides/buying-used-porsche-dubai,PASS,YES,Existing policy; validate reciprocal destinations,SUPPORT,No latest query mapped; absence from top-query export does not mean zero traffic,/porsche/guides/pre-purchase-inspection-checklist,,RETAIN POLICY,NO,"Approved source records reconciled with rendered route; supporting links are observed relationships, not competing primary assignments. "
/porsche/guides/common-problems-dubai,en,article,Guide,INDEX,"index, follow, max-image-preview:large",https://digitecme.com/porsche/guides/common-problems-dubai,PASS,YES,Existing policy; validate reciprocal destinations,SUPPORT,No latest query mapped; absence from top-query export does not mean zero traffic,/porsche/problems,,RETAIN POLICY,NO,"Approved source records reconciled with rendered route; supporting links are observed relationships, not competing primary assignments. "
/porsche/guides/cooling-maintenance,en,article,Guide,INDEX,"index, follow, max-image-preview:large",https://digitecme.com/porsche/guides/cooling-maintenance,PASS,YES,Existing policy; validate reciprocal destinations,SUPPORT,No latest query mapped; absence from top-query export does not mean zero traffic,/porsche/problems/coolant-leak,,RETAIN POLICY,NO,"Approved source records reconciled with rendered route; supporting links are observed relationships, not competing primary assignments. "
/porsche/guides/dealer-vs-independent-specialist,en,article,Dealer vs independent specialist,INDEX,"index, follow, max-image-preview:large",https://digitecme.com/porsche/guides/dealer-vs-independent-specialist,PASS,YES,Existing policy; validate reciprocal destinations,SUPPORT,No latest query mapped; absence from top-query export does not mean zero traffic,/brands/porsche-service-dubai,,RETAIN POLICY,NO,"Approved source records reconciled with rendered route; supporting links are observed relationships, not competing primary assignments. "
/porsche/guides/dubai-heat,en,article,Guide,INDEX,"index, follow, max-image-preview:large",https://digitecme.com/porsche/guides/dubai-heat,PASS,YES,Existing policy; validate reciprocal destinations,SUPPORT,No latest query mapped; absence from top-query export does not mean zero traffic,/brands/porsche-service-dubai,,RETAIN POLICY,NO,"Approved source records reconciled with rendered route; supporting links are observed relationships, not competing primary assignments. "
/porsche/guides/how-often-service-dubai,en,article,Guide,INDEX,"index, follow, max-image-preview:large",https://digitecme.com/porsche/guides/how-often-service-dubai,PASS,YES,Existing policy; validate reciprocal destinations,SUPPORT,No latest query mapped; absence from top-query export does not mean zero traffic,/brands/porsche-service-dubai,,RETAIN POLICY,NO,"Approved source records reconciled with rendered route; supporting links are observed relationships, not competing primary assignments. "
/porsche/guides/macan-maintenance,en,article,Guide,INDEX,"index, follow, max-image-preview:large",https://digitecme.com/porsche/guides/macan-maintenance,PASS,YES,Existing policy; validate reciprocal destinations,SUPPORT,No latest query mapped; absence from top-query export does not mean zero traffic,/porsche/macan,,RETAIN POLICY,NO,"Approved source records reconciled with rendered route; supporting links are observed relationships, not competing primary assignments. "
/porsche/guides/maintenance-cost-dubai,en,article,Ownership cost factors,INDEX,"index, follow, max-image-preview:large",https://digitecme.com/porsche/guides/maintenance-cost-dubai,PASS,YES,Existing policy; validate reciprocal destinations,SUPPORT,No latest query mapped; absence from top-query export does not mean zero traffic,/brands/porsche-service-dubai,,RETAIN POLICY,NO,"Approved source records reconciled with rendered route; supporting links are observed relationships, not competing primary assignments. "
/porsche/guides/major-vs-minor-service,en,article,Guide,INDEX,"index, follow, max-image-preview:large",https://digitecme.com/porsche/guides/major-vs-minor-service,PASS,YES,Existing policy; validate reciprocal destinations,SUPPORT,No latest query mapped; absence from top-query export does not mean zero traffic,/brands/porsche-service-dubai,,RETAIN POLICY,NO,"Approved source records reconciled with rendered route; supporting links are observed relationships, not competing primary assignments. "
/porsche/guides/oil-change-intervals,en,article,Oil interval planning,INDEX,"index, follow, max-image-preview:large",https://digitecme.com/porsche/guides/oil-change-intervals,PASS,YES,Existing policy; validate reciprocal destinations,SUPPORT,No latest query mapped; absence from top-query export does not mean zero traffic,/brands/porsche-service-dubai/oil-change,,RETAIN POLICY,NO,"Approved source records reconciled with rendered route; supporting links are observed relationships, not competing primary assignments. "
/porsche/guides/pdk-service-intervals,en,article,PDK interval planning,INDEX,"index, follow, max-image-preview:large",https://digitecme.com/porsche/guides/pdk-service-intervals,PASS,YES,Existing policy; validate reciprocal destinations,SUPPORT,No latest query mapped; absence from top-query export does not mean zero traffic,/porsche/systems/pdk,,RETAIN POLICY,NO,"Approved source records reconciled with rendered route; supporting links are observed relationships, not competing primary assignments. "
/porsche/guides/pre-purchase-inspection-checklist,en,article,Pre-purchase inspection planning,INDEX,"index, follow, max-image-preview:large",https://digitecme.com/porsche/guides/pre-purchase-inspection-checklist,PASS,YES,Existing policy; validate reciprocal destinations,SUPPORT,No latest query mapped; absence from top-query export does not mean zero traffic,/porsche/guides/buying-used-porsche-dubai,,RETAIN POLICY,NO,"Approved source records reconciled with rendered route; supporting links are observed relationships, not competing primary assignments. "
/porsche/guides/service-intervals-uae,en,article,Guide,INDEX,"index, follow, max-image-preview:large",https://digitecme.com/porsche/guides/service-intervals-uae,PASS,YES,Existing policy; validate reciprocal destinations,SUPPORT,No latest query mapped; absence from top-query export does not mean zero traffic,/brands/porsche-service-dubai,,RETAIN POLICY,NO,"Approved source records reconciled with rendered route; supporting links are observed relationships, not competing primary assignments. "
/porsche/guides/taycan-maintenance,en,article,Guide,INDEX,"index, follow, max-image-preview:large",https://digitecme.com/porsche/guides/taycan-maintenance,PASS,YES,Existing policy; validate reciprocal destinations,SUPPORT,No latest query mapped; absence from top-query export does not mean zero traffic,/porsche/taycan,,RETAIN POLICY,NO,"Approved source records reconciled with rendered route; supporting links are observed relationships, not competing primary assignments. "
/porsche/guides/tyre-wear-dubai,en,article,Guide,INDEX,"index, follow, max-image-preview:large",https://digitecme.com/porsche/guides/tyre-wear-dubai,PASS,YES,Existing policy; validate reciprocal destinations,SUPPORT,No latest query mapped; absence from top-query export does not mean zero traffic,/porsche/problems/steering-vibration,,RETAIN POLICY,NO,"Approved source records reconciled with rendered route; supporting links are observed relationships, not competing primary assignments. "
/porsche/guides/warning-lights,en,article,Guide,INDEX,"index, follow, max-image-preview:large",https://digitecme.com/porsche/guides/warning-lights,PASS,YES,Existing policy; validate reciprocal destinations,SUPPORT,No latest query mapped; absence from top-query export does not mean zero traffic,/porsche/problems/check-engine-light,,RETAIN POLICY,NO,"Approved source records reconciled with rendered route; supporting links are observed relationships, not competing primary assignments. "
/porsche/macan,en,service,Porsche Macan Service & Repair Dubai,INDEX,"index, follow, max-image-preview:large",https://digitecme.com/porsche/macan,PASS,YES,Existing policy; validate reciprocal destinations,HIGH,No latest query mapped; absence from top-query export does not mean zero traffic,/porsche/problems/check-engine-light,,RETAIN POLICY,NO,"Approved source records reconciled with rendered route; supporting links are observed relationships, not competing primary assignments. "
/porsche/problems,en,html-sitemap,Supporting Content,INDEX,"index, follow, max-image-preview:large",https://digitecme.com/porsche/problems,PASS,YES,Existing policy; validate reciprocal destinations,SUPPORT,No latest query mapped; absence from top-query export does not mean zero traffic,/porsche/problems/pdk-jerking,,RETAIN POLICY,NO,"Approved source records reconciled with rendered route; supporting links are observed relationships, not competing primary assignments. "
/porsche/problems/911-cooling,en,article,Porsche 911 Cooling Problems: Causes & Diagnosis,INDEX,"index, follow, max-image-preview:large",https://digitecme.com/porsche/problems/911-cooling,PASS,YES,Existing policy; validate reciprocal destinations,SUPPORT,No latest query mapped; absence from top-query export does not mean zero traffic,/porsche/911/997,,RETAIN POLICY,NO,"Approved source records reconciled with rendered route; supporting links are observed relationships, not competing primary assignments. "
/porsche/problems/ac-not-cooling,en,article,Porsche AC Not Cooling: Causes & Diagnosis,INDEX,"index, follow, max-image-preview:large",https://digitecme.com/porsche/problems/ac-not-cooling,PASS,YES,Existing policy; validate reciprocal destinations,SUPPORT,No latest query mapped; absence from top-query export does not mean zero traffic,/blog/porsche-911-service-dubai-guide,,RETAIN POLICY,NO,"Approved source records reconciled with rendered route; supporting links are observed relationships, not competing primary assignments. "
/porsche/problems/air-suspension-warning,en,article,Porsche Air Suspension Warning: Causes & Diagnosis,INDEX,"index, follow, max-image-preview:large",https://digitecme.com/porsche/problems/air-suspension-warning,PASS,YES,Existing policy; validate reciprocal destinations,SUPPORT,No latest query mapped; absence from top-query export does not mean zero traffic,/blog/porsche-cayenne-service-dubai-guide,,RETAIN POLICY,NO,"Approved source records reconciled with rendered route; supporting links are observed relationships, not competing primary assignments. "
/porsche/problems/battery-warning,en,article,Porsche Battery Warning: Causes & Diagnosis,INDEX,"index, follow, max-image-preview:large",https://digitecme.com/porsche/problems/battery-warning,PASS,YES,Existing policy; validate reciprocal destinations,SUPPORT,No latest query mapped; absence from top-query export does not mean zero traffic,/blog/porsche-911-service-dubai-guide,,RETAIN POLICY,NO,"Approved source records reconciled with rendered route; supporting links are observed relationships, not competing primary assignments. "
/porsche/problems/brake-warning-light,en,article,Porsche Brake Warning Light: Causes & Diagnosis,INDEX,"index, follow, max-image-preview:large",https://digitecme.com/porsche/problems/brake-warning-light,PASS,YES,Existing policy; validate reciprocal destinations,SUPPORT,No latest query mapped; absence from top-query export does not mean zero traffic,/blog/porsche-911-service-dubai-guide,,RETAIN POLICY,NO,"Approved source records reconciled with rendered route; supporting links are observed relationships, not competing primary assignments. "
/porsche/problems/cayenne-air-suspension,en,article,Porsche Cayenne Air Suspension Problems: Causes & Diagnosis,INDEX,"index, follow, max-image-preview:large",https://digitecme.com/porsche/problems/cayenne-air-suspension,PASS,YES,Existing policy; validate reciprocal destinations,SUPPORT,No latest query mapped; absence from top-query export does not mean zero traffic,/blog/porsche-cayenne-service-dubai-guide,,RETAIN POLICY,NO,"Approved source records reconciled with rendered route; supporting links are observed relationships, not competing primary assignments. "
/porsche/problems/check-engine-light,en,article,Porsche Check Engine Light: Causes & Diagnosis,INDEX,"index, follow, max-image-preview:large",https://digitecme.com/porsche/problems/check-engine-light,PASS,YES,Existing policy; validate reciprocal destinations,SUPPORT,No latest query mapped; absence from top-query export does not mean zero traffic,/blog/porsche-911-service-dubai-guide,,RETAIN POLICY,NO,"Approved source records reconciled with rendered route; supporting links are observed relationships, not competing primary assignments. "
/porsche/problems/coolant-leak,en,article,Porsche Coolant Leak: Causes & Diagnosis,INDEX,"index, follow, max-image-preview:large",https://digitecme.com/porsche/problems/coolant-leak,PASS,YES,Existing policy; validate reciprocal destinations,SUPPORT,No latest query mapped; absence from top-query export does not mean zero traffic,/blog/porsche-911-service-dubai-guide,,RETAIN POLICY,NO,"Approved source records reconciled with rendered route; supporting links are observed relationships, not competing primary assignments. "
/porsche/problems/delayed-gear-engagement,en,article,Porsche Delayed Gear Engagement: Causes & Diagnosis,INDEX,"index, follow, max-image-preview:large",https://digitecme.com/porsche/problems/delayed-gear-engagement,PASS,YES,Existing policy; validate reciprocal destinations,SUPPORT,No latest query mapped; absence from top-query export does not mean zero traffic,/blog/porsche-911-service-dubai-guide,,RETAIN POLICY,NO,"Approved source records reconciled with rendered route; supporting links are observed relationships, not competing primary assignments. "
/porsche/problems/engine-misfire,en,article,Porsche Engine Misfire: Causes & Diagnosis,INDEX,"index, follow, max-image-preview:large",https://digitecme.com/porsche/problems/engine-misfire,PASS,YES,Existing policy; validate reciprocal destinations,SUPPORT,No latest query mapped; absence from top-query export does not mean zero traffic,/blog/porsche-911-service-dubai-guide,,RETAIN POLICY,NO,"Approved source records reconciled with rendered route; supporting links are observed relationships, not competing primary assignments. "
/porsche/problems/engine-overheating,en,article,Porsche Engine Overheating: Causes & Diagnosis,INDEX,"index, follow, max-image-preview:large",https://digitecme.com/porsche/problems/engine-overheating,PASS,YES,Existing policy; validate reciprocal destinations,SUPPORT,No latest query mapped; absence from top-query export does not mean zero traffic,/blog/porsche-911-service-dubai-guide,,RETAIN POLICY,NO,"Approved source records reconciled with rendered route; supporting links are observed relationships, not competing primary assignments. "
/porsche/problems/excessive-oil-consumption,en,article,Porsche Excessive Oil Consumption: Causes & Diagnosis,INDEX,"index, follow, max-image-preview:large",https://digitecme.com/porsche/problems/excessive-oil-consumption,PASS,YES,Existing policy; validate reciprocal destinations,SUPPORT,No latest query mapped; absence from top-query export does not mean zero traffic,/blog/porsche-911-service-dubai-guide,,RETAIN POLICY,NO,"Approved source records reconciled with rendered route; supporting links are observed relationships, not competing primary assignments. "
/porsche/problems/macan-transfer-case,en,article,Porsche Macan Transfer Case Symptoms: Causes & Diagnosis,INDEX,"index, follow, max-image-preview:large",https://digitecme.com/porsche/problems/macan-transfer-case,PASS,YES,Existing policy; validate reciprocal destinations,SUPPORT,No latest query mapped; absence from top-query export does not mean zero traffic,/porsche/macan,,RETAIN POLICY,NO,"Approved source records reconciled with rendered route; supporting links are observed relationships, not competing primary assignments. "
/porsche/problems/oil-leak,en,article,Porsche Oil Leak: Causes & Diagnosis,INDEX,"index, follow, max-image-preview:large",https://digitecme.com/porsche/problems/oil-leak,PASS,YES,Existing policy; validate reciprocal destinations,SUPPORT,No latest query mapped; absence from top-query export does not mean zero traffic,/blog/porsche-911-service-dubai-guide,,RETAIN POLICY,NO,"Approved source records reconciled with rendered route; supporting links are observed relationships, not competing primary assignments. "
/porsche/problems/pasm-fault,en,article,Porsche PASM Fault: Causes & Diagnosis,INDEX,"index, follow, max-image-preview:large",https://digitecme.com/porsche/problems/pasm-fault,PASS,YES,Existing policy; validate reciprocal destinations,SUPPORT,No latest query mapped; absence from top-query export does not mean zero traffic,/blog/porsche-911-service-dubai-guide,,RETAIN POLICY,NO,"Approved source records reconciled with rendered route; supporting links are observed relationships, not competing primary assignments. "
/porsche/problems/pdcc-fault,en,article,Porsche PDCC Fault: Causes & Diagnosis,INDEX,"index, follow, max-image-preview:large",https://digitecme.com/porsche/problems/pdcc-fault,PASS,YES,Existing policy; validate reciprocal destinations,SUPPORT,No latest query mapped; absence from top-query export does not mean zero traffic,/blog/porsche-911-service-dubai-guide,,RETAIN POLICY,NO,"Approved source records reconciled with rendered route; supporting links are observed relationships, not competing primary assignments. "
/porsche/problems/pdk-jerking,en,article,Porsche PDK Jerking: Causes & Diagnosis,INDEX,"index, follow, max-image-preview:large",https://digitecme.com/porsche/problems/pdk-jerking,PASS,YES,Existing policy; validate reciprocal destinations,SUPPORT,No latest query mapped; absence from top-query export does not mean zero traffic,/blog/porsche-911-service-dubai-guide,,RETAIN POLICY,NO,"Approved source records reconciled with rendered route; supporting links are observed relationships, not competing primary assignments. "
/porsche/problems/pdk-slipping,en,article,Porsche PDK Slipping: Causes & Diagnosis,INDEX,"index, follow, max-image-preview:large",https://digitecme.com/porsche/problems/pdk-slipping,PASS,YES,Existing policy; validate reciprocal destinations,SUPPORT,No latest query mapped; absence from top-query export does not mean zero traffic,/blog/porsche-911-service-dubai-guide,,RETAIN POLICY,NO,"Approved source records reconciled with rendered route; supporting links are observed relationships, not competing primary assignments. "
/porsche/problems/pdk-warning-message,en,article,Porsche PDK Warning Message: Causes & Diagnosis,INDEX,"index, follow, max-image-preview:large",https://digitecme.com/porsche/problems/pdk-warning-message,PASS,YES,Existing policy; validate reciprocal destinations,SUPPORT,No latest query mapped; absence from top-query export does not mean zero traffic,/blog/porsche-911-service-dubai-guide,,RETAIN POLICY,NO,"Approved source records reconciled with rendered route; supporting links are observed relationships, not competing primary assignments. "
/porsche/problems/steering-vibration,en,article,Porsche Steering Vibration: Causes & Diagnosis,INDEX,"index, follow, max-image-preview:large",https://digitecme.com/porsche/problems/steering-vibration,PASS,YES,Existing policy; validate reciprocal destinations,SUPPORT,No latest query mapped; absence from top-query export does not mean zero traffic,/blog/porsche-911-service-dubai-guide,,RETAIN POLICY,NO,"Approved source records reconciled with rendered route; supporting links are observed relationships, not competing primary assignments. "
/porsche/problems/suspension-dropping-overnight,en,article,Porsche Suspension Dropping Overnight: Causes & Diagnosis,INDEX,"index, follow, max-image-preview:large",https://digitecme.com/porsche/problems/suspension-dropping-overnight,PASS,YES,Existing policy; validate reciprocal destinations,SUPPORT,No latest query mapped; absence from top-query export does not mean zero traffic,/blog/porsche-cayenne-service-dubai-guide,,RETAIN POLICY,NO,"Approved source records reconciled with rendered route; supporting links are observed relationships, not competing primary assignments. "
/porsche/problems/taycan-12v-battery,en,article,Porsche Taycan 12V Battery Problems: Causes & Diagnosis,INDEX,"index, follow, max-image-preview:large",https://digitecme.com/porsche/problems/taycan-12v-battery,PASS,YES,Existing policy; validate reciprocal destinations,SUPPORT,No latest query mapped; absence from top-query export does not mean zero traffic,/porsche/taycan,,RETAIN POLICY,NO,"Approved source records reconciled with rendered route; supporting links are observed relationships, not competing primary assignments. "
/porsche/problems/taycan-charging,en,article,Porsche Taycan Charging Problems: Causes & Diagnosis,INDEX,"index, follow, max-image-preview:large",https://digitecme.com/porsche/problems/taycan-charging,PASS,YES,Existing policy; validate reciprocal destinations,SUPPORT,No latest query mapped; absence from top-query export does not mean zero traffic,/porsche/taycan,,RETAIN POLICY,NO,"Approved source records reconciled with rendered route; supporting links are observed relationships, not competing primary assignments. "
/porsche/problems/wont-start,en,article,Porsche Won't Start: Causes & Diagnosis,INDEX,"index, follow, max-image-preview:large",https://digitecme.com/porsche/problems/wont-start,PASS,YES,Existing policy; validate reciprocal destinations,SUPPORT,No latest query mapped; absence from top-query export does not mean zero traffic,/blog/porsche-911-service-dubai-guide,,RETAIN POLICY,NO,"Approved source records reconciled with rendered route; supporting links are observed relationships, not competing primary assignments. "
/porsche/systems,en,html-sitemap,Supporting Content,INDEX,"index, follow, max-image-preview:large",https://digitecme.com/porsche/systems,PASS,YES,Existing policy; validate reciprocal destinations,SUPPORT,No latest query mapped; absence from top-query export does not mean zero traffic,/porsche/systems/pdk,,RETAIN POLICY,NO,"Approved source records reconciled with rendered route; supporting links are observed relationships, not competing primary assignments. "
/porsche/systems/air-suspension,en,article,Porsche Air Suspension Explained,INDEX,"index, follow, max-image-preview:large",https://digitecme.com/porsche/systems/air-suspension,PASS,YES,Existing policy; validate reciprocal destinations,SUPPORT,No latest query mapped; absence from top-query export does not mean zero traffic,/brands/porsche-service-dubai/suspension-repair,,RETAIN POLICY,NO,"Approved source records reconciled with rendered route; supporting links are observed relationships, not competing primary assignments. "
/porsche/systems/pasm,en,article,Porsche PASM Explained: Operation & Faults,INDEX,"index, follow, max-image-preview:large",https://digitecme.com/porsche/systems/pasm,PASS,YES,Existing policy; validate reciprocal destinations,SUPPORT,No latest query mapped; absence from top-query export does not mean zero traffic,/brands/porsche-service-dubai/suspension-repair,,RETAIN POLICY,NO,"Approved source records reconciled with rendered route; supporting links are observed relationships, not competing primary assignments. "
/porsche/systems/pccb,en,article,Porsche PCCB Explained: Inspection & Warning Signs,INDEX,"index, follow, max-image-preview:large",https://digitecme.com/porsche/systems/pccb,PASS,YES,Existing policy; validate reciprocal destinations,SUPPORT,No latest query mapped; absence from top-query export does not mean zero traffic,/brands/porsche-service-dubai/brake-repair,,RETAIN POLICY,NO,"Approved source records reconciled with rendered route; supporting links are observed relationships, not competing primary assignments. "
/porsche/systems/pdcc,en,article,Porsche PDCC Explained: Active Roll Control,INDEX,"index, follow, max-image-preview:large",https://digitecme.com/porsche/systems/pdcc,PASS,YES,Existing policy; validate reciprocal destinations,SUPPORT,No latest query mapped; absence from top-query export does not mean zero traffic,/brands/porsche-service-dubai/suspension-repair,,RETAIN POLICY,NO,"Approved source records reconciled with rendered route; supporting links are observed relationships, not competing primary assignments. "
/porsche/systems/pdk,en,article,Porsche PDK Explained: Operation & Warning Signs,INDEX,"index, follow, max-image-preview:large",https://digitecme.com/porsche/systems/pdk,PASS,YES,Existing policy; validate reciprocal destinations,SUPPORT,No latest query mapped; absence from top-query export does not mean zero traffic,/brands/porsche-service-dubai/transmission-repair,,RETAIN POLICY,NO,"Approved source records reconciled with rendered route; supporting links are observed relationships, not competing primary assignments. "
/porsche/systems/ptm-awd,en,article,Porsche PTM & AWD Explained,INDEX,"index, follow, max-image-preview:large",https://digitecme.com/porsche/systems/ptm-awd,PASS,YES,Existing policy; validate reciprocal destinations,SUPPORT,No latest query mapped; absence from top-query export does not mean zero traffic,/brands/porsche-service-dubai/mechanical-repair,,RETAIN POLICY,NO,"Approved source records reconciled with rendered route; supporting links are observed relationships, not competing primary assignments. "
/porsche/systems/rear-axle-steering,en,article,Porsche Rear-Axle Steering Explained,INDEX,"index, follow, max-image-preview:large",https://digitecme.com/porsche/systems/rear-axle-steering,PASS,YES,Existing policy; validate reciprocal destinations,SUPPORT,No latest query mapped; absence from top-query export does not mean zero traffic,/brands/porsche-service-dubai/steering-repair,,RETAIN POLICY,NO,"Approved source records reconciled with rendered route; supporting links are observed relationships, not competing primary assignments. "
/porsche/systems/sport-chrono,en,article,Porsche Sport Chrono Explained,INDEX,"index, follow, max-image-preview:large",https://digitecme.com/porsche/systems/sport-chrono,PASS,YES,Existing policy; validate reciprocal destinations,SUPPORT,No latest query mapped; absence from top-query export does not mean zero traffic,/brands/porsche-service-dubai/engine-diagnostics,,RETAIN POLICY,NO,"Approved source records reconciled with rendered route; supporting links are observed relationships, not competing primary assignments. "
/porsche/systems/tiptronic,en,article,Porsche Tiptronic Explained,INDEX,"index, follow, max-image-preview:large",https://digitecme.com/porsche/systems/tiptronic,PASS,YES,Existing policy; validate reciprocal destinations,SUPPORT,No latest query mapped; absence from top-query export does not mean zero traffic,/brands/porsche-service-dubai/transmission-repair,,RETAIN POLICY,NO,"Approved source records reconciled with rendered route; supporting links are observed relationships, not competing primary assignments. "
/porsche/taycan,en,service,Porsche Taycan Service & Repair Dubai,INDEX,"index, follow, max-image-preview:large",https://digitecme.com/porsche/taycan,PASS,YES,Existing policy; validate reciprocal destinations,HIGH,No latest query mapped; absence from top-query export does not mean zero traffic,/porsche/problems/taycan-charging,,RETAIN POLICY,NO,"Approved source records reconciled with rendered route; supporting links are observed relationships, not competing primary assignments. "
/services,en,services-hub,Find a service,INDEX,"index, follow, max-image-preview:large",https://digitecme.com/services,PASS,YES,Existing policy; validate reciprocal destinations,HIGH,No original query in the selected six-month export; other observations remain separately labelled,/services/mechanical-repair-dubai,,RETAIN POLICY,NO,"Approved source records reconciled with rendered route; supporting links are observed relationships, not competing primary assignments. "
/services/auto-electrical-repair-dubai,en,service,Battery warning; Camera fault; Electrical symptoms; Screen / head-unit fault — commercial inspection/repair task; not a dedicated problem page,INDEX,"index, follow, max-image-preview:large",https://digitecme.com/services/auto-electrical-repair-dubai,PASS,YES,Existing policy; validate reciprocal destinations,HIGH,"No query × landing-page join supplied | car electrical repair dubai: 396.0 impressions, 0 clicks, position 46.43 (2026-04-12 to 2026-09-25); car electrical services dubai: 169.0 impressions, 0 clicks, position 75.12 (2026-04-12 to 2026-09-25) | car electrical fault repair in dubai [2026-04-12 to 2026-09-25]; car electrical fault repair in dubai [2026-06-07 to 2026-09-06]; car electrical fault repair in dubai [2026-08-06 to 2026-09-02]; car electrical fault repair in dubai [2026-09-05 to 2026-09-11]; car electrical fault repair in dubai [2026-09-07 to 2026-09-13]; car electrical fault repair in dubai [2026-09-09 to 2026-09-15]",/services/car-diagnostics-dubai,,RETAIN POLICY,NO,"Approved source records reconciled with rendered route; supporting links are observed relationships, not competing primary assignments. "
/services/battery-replacement-dubai,en,service,Low-voltage battery testing/fitting; registration only if applicable,INDEX,"index, follow, max-image-preview:large",https://digitecme.com/services/battery-replacement-dubai,PASS,YES,Existing policy; validate reciprocal destinations,HIGH,"No query × landing-page join supplied | car battery replacement dubai: 409.0 impressions, 1.0 clicks, position 31.55 (2026-04-12 to 2026-09-25); battery replacement dubai: 361.0 impressions, 0 clicks, position 39.46 (2026-04-12 to 2026-09-25)",/blog/car-battery-replacement-dubai,,RETAIN POLICY,NO,"Approved source records reconciled with rendered route; supporting links are observed relationships, not competing primary assignments. "
/services/brake-repair-dubai,en,service,Brake symptoms — commercial inspection/repair task; not a dedicated problem page,INDEX,"index, follow, max-image-preview:large",https://digitecme.com/services/brake-repair-dubai,PASS,YES,Existing policy; validate reciprocal destinations,HIGH,"brake repair dubai: 395.0 impressions, 0 clicks, position 33.66 (2026-04-12 to 2026-09-25); frenos near me: 373.0 impressions, 0 clicks, position 9.94 (2026-04-12 to 2026-09-25) | No original query-level measured term assigned; editorial ownership only",/blog/brake-repair-dubai,,RETAIN POLICY,NO,"Approved source records reconciled with rendered route; supporting links are observed relationships, not competing primary assignments. "
/services/cadillac-cue-screen-repair-dubai,en,service,Cadillac CUE Screen Repair & Replacement in Dubai,INDEX,"index, follow, max-image-preview:large",https://digitecme.com/services/cadillac-cue-screen-repair-dubai,PASS,YES,Existing policy; validate reciprocal destinations,HIGH,"5 query rows, 1374 impressions in Sept 27 export; editorial mapping only",/services/car-diagnostics-dubai,,RETAIN POLICY,NO,"Approved source records reconciled with rendered route; supporting links are observed relationships, not competing primary assignments. "
/services/car-ac-repair-dubai,en,service,AC cooling / airflow — commercial inspection/repair task; not a dedicated problem page,INDEX,"index, follow, max-image-preview:large",https://digitecme.com/services/car-ac-repair-dubai,PASS,YES,Existing policy; validate reciprocal destinations,HIGH,"car ac repair dubai: 331.0 impressions, 0 clicks, position 24.74 (2026-04-12 to 2026-09-25); auto air con: 78.0 impressions, 0 clicks, position 55.99 (2026-04-12 to 2026-09-25) | No original query-level measured term assigned; editorial ownership only",/blog/car-ac-repair-dubai,,RETAIN POLICY,NO,"Approved source records reconciled with rendered route; supporting links are observed relationships, not competing primary assignments. "
/services/car-body-repair-dubai,en,service,"Commercial repair: dents, damaged paint, refinishing and collision work",INDEX,"index, follow, max-image-preview:large",https://digitecme.com/services/car-body-repair-dubai,PASS,YES,Existing policy; validate reciprocal destinations,HIGH,"No query × landing-page join supplied | car body repair dubai: 212.0 impressions, 0 clicks, position 32.52 (2026-04-12 to 2026-09-25); auto body repair dubai: 126.0 impressions, 0 clicks, position 58.77 (2026-04-12 to 2026-09-25) | Measured queries support intent only, not historical URL",/services/car-polishing-dubai,,RETAIN POLICY,NO,"Approved source records reconciled with rendered route; supporting links are observed relationships, not competing primary assignments. "
/services/car-diagnostics-dubai,en,service,Check-engine warning; Misfire / rough idle; No-start; Power loss / boost; Vibration — commercial inspection/repair task; not a dedicated problem page,INDEX,"index, follow, max-image-preview:large",https://digitecme.com/services/car-diagnostics-dubai,PASS,YES,Existing policy; validate reciprocal destinations,HIGH,"car diagnostic dubai: 209.0 impressions, 0 clicks, position 25.89 (2026-04-12 to 2026-09-25); fault code scanning dubai: 171.0 impressions, 0 clicks, position 20.98 (2026-04-12 to 2026-09-25) | check engine light diagnostic cost [2026-09-07 to 2026-09-13]; check engine light diagnostic cost [2026-09-09 to 2026-09-15]",/services/auto-electrical-repair-dubai,,RETAIN POLICY,NO,"Approved source records reconciled with rendered route; supporting links are observed relationships, not competing primary assignments. "
/services/car-garage-dubai,en,service,Planning a workshop visit and approved repair scope,INDEX,"index, follow, max-image-preview:large",https://digitecme.com/services/car-garage-dubai,PASS,YES,Existing policy; validate reciprocal destinations,HIGH,"best luxury car garages in dubai: 108.0 impressions, 0 clicks, position 42.77 (2026-04-12 to 2026-09-25); luxury car garage dubai: 47.0 impressions, 0 clicks, position 46.51 (2026-04-12 to 2026-09-25)",,,RETAIN POLICY,NO,"Approved source records reconciled with rendered route; supporting links are observed relationships, not competing primary assignments. "
/services/car-polishing-dubai,en,service,Assess finish refinement and safely correctable surface defects,INDEX,"index, follow, max-image-preview:large",https://digitecme.com/services/car-polishing-dubai,PASS,YES,Existing policy; validate reciprocal destinations,HIGH,"Measured queries support intent only, not historical URL",/services/car-body-repair-dubai,,RETAIN POLICY,NO,"Approved source records reconciled with rendered route; supporting links are observed relationships, not competing primary assignments. "
/services/car-service-dubai,en,service,Scheduled maintenance beyond oil alone,INDEX,"index, follow, max-image-preview:large",https://digitecme.com/services/car-service-dubai,PASS,YES,Existing policy; validate reciprocal destinations,HIGH,"car service package dubai: 198.0 impressions, 0 clicks, position 62.46 (2026-04-12 to 2026-09-25); car servicing package: 73.0 impressions, 0 clicks, position 62.85 (2026-04-12 to 2026-09-25)",/services/mechanical-repair-dubai,,RETAIN POLICY,NO,"Approved source records reconciled with rendered route; supporting links are observed relationships, not competing primary assignments. "
/services/ceramic-coating,en,service,"Surface coating, preparation and quote enquiry",INDEX,"index, follow, max-image-preview:large",https://digitecme.com/services/ceramic-coating,PASS,YES,Existing policy; validate reciprocal destinations,HIGH,"Measured queries support intent only, not historical URL",/services/car-polishing-dubai,,RETAIN POLICY,NO,"Approved source records reconciled with rendered route; supporting links are observed relationships, not competing primary assignments. "
/services/exhaust-repair-dubai,en,service,Exhaust noise — commercial inspection/repair task; not a dedicated problem page,INDEX,"index, follow, max-image-preview:large",https://digitecme.com/services/exhaust-repair-dubai,PASS,YES,Existing policy; validate reciprocal destinations,HIGH,"exhaust repair near me: 167.0 impressions, 0 clicks, position 9.06 (2026-04-12 to 2026-09-25); car exhaust cleaning services: 150.0 impressions, 0 clicks, position 19.12 (2026-04-12 to 2026-09-25) | No original query-level measured term assigned; editorial ownership only",/services/mechanical-repair-dubai,,RETAIN POLICY,NO,"Approved source records reconciled with rendered route; supporting links are observed relationships, not competing primary assignments. "
/services/fuel-system-repair-dubai,en,service,Fuel-system checks and confirmed repair,INDEX,"index, follow, max-image-preview:large",https://digitecme.com/services/fuel-system-repair-dubai,PASS,YES,Existing policy; validate reciprocal destinations,HIGH,"fuel system repair: 84.0 impressions, 1.0 clicks, position 7.04 (2026-04-12 to 2026-09-25); fuel pump servicing: 43.0 impressions, 0 clicks, position 12.51 (2026-04-12 to 2026-09-25)",/services/car-diagnostics-dubai,,RETAIN POLICY,NO,"Approved source records reconciled with rendered route; supporting links are observed relationships, not competing primary assignments. "
/services/garage-near-me-dubai,en,service,"Al Quoz access and contact, not fictional local branches",INDEX,"index, follow, max-image-preview:large",https://digitecme.com/services/garage-near-me-dubai,PASS,YES,Existing policy; validate reciprocal destinations,HIGH,"garage near me: 31.0 impressions, 1.0 clicks, position 16.61 (2026-04-12 to 2026-09-25)",,,RETAIN POLICY,NO,"Approved source records reconciled with rendered route; supporting links are observed relationships, not competing primary assignments. "
/services/head-unit-repair-dubai,en,service,Screen / head-unit fault — commercial inspection/repair task; not a dedicated problem page,INDEX,"index, follow, max-image-preview:large",https://digitecme.com/services/head-unit-repair-dubai,PASS,YES,Existing policy; validate reciprocal destinations,HIGH,"No query × landing-page join supplied | command unit repairing dubai: 586.0 impressions, 0 clicks, position 36.97 (2026-04-12 to 2026-09-25); head unit repairing dubai: 170.0 impressions, 0 clicks, position 47.81 (2026-04-12 to 2026-09-25) | No original query-level measured term assigned; editorial ownership only",/services/car-diagnostics-dubai,,RETAIN POLICY,NO,"Approved source records reconciled with rendered route; supporting links are observed relationships, not competing primary assignments. "
/services/mechanical-repair-dubai,en,service,Coolant leak; Engine noise; Oil leak; Oil pressure; Smoke — commercial inspection/repair task; not a dedicated problem page,INDEX,"index, follow, max-image-preview:large",https://digitecme.com/services/mechanical-repair-dubai,PASS,YES,Existing policy; validate reciprocal destinations,HIGH,"No query × landing-page join supplied | mechanical repairs dubai: 28.0 impressions, 0 clicks, position 21.07 (2026-04-12 to 2026-09-25); specialist mechanical services: 25.0 impressions, 0 clicks, position 18.72 (2026-04-12 to 2026-09-25) | No original query-level measured term assigned; editorial ownership only",/services/transmission-repair-dubai,,RETAIN POLICY,NO,"Approved source records reconciled with rendered route; supporting links are observed relationships, not competing primary assignments. "
/services/mercedes-ac-repair-dubai,en,service,Assess or book mercedes ac repair dubai ,INDEX,"index, follow, max-image-preview:large",https://digitecme.com/services/mercedes-ac-repair-dubai,PASS,YES,Existing policy; validate reciprocal destinations,HIGH,,/mercedes/problems/ac-not-cooling,,RETAIN POLICY,NO,"Approved source records reconciled with rendered route; supporting links are observed relationships, not competing primary assignments. "
/services/mercedes-audio-upgrade-dubai,en,service,Assess or book mercedes stereo & audio upgrade dubai ,INDEX,"index, follow, max-image-preview:large",https://digitecme.com/services/mercedes-audio-upgrade-dubai,PASS,YES,Existing policy; validate reciprocal destinations,HIGH,,,,RETAIN POLICY,NO,"Approved source records reconciled with rendered route; supporting links are observed relationships, not competing primary assignments. "
/services/mercedes-battery-replacement-dubai,en,service,Assess or book mercedes battery replacement dubai ,INDEX,"index, follow, max-image-preview:large",https://digitecme.com/services/mercedes-battery-replacement-dubai,PASS,YES,Existing policy; validate reciprocal destinations,HIGH,,/mercedes/problems/battery-warning,,RETAIN POLICY,NO,"Approved source records reconciled with rendered route; supporting links are observed relationships, not competing primary assignments. "
/services/mercedes-body-repair-dubai,en,service,"Commercial repair: dents, damaged paint, refinishing and collision work",INDEX,"index, follow, max-image-preview:large",https://digitecme.com/services/mercedes-body-repair-dubai,PASS,YES,Existing policy; validate reciprocal destinations,HIGH,"Measured queries support intent only, not historical URL",/services/car-polishing-dubai,,RETAIN POLICY,NO,"Approved source records reconciled with rendered route; supporting links are observed relationships, not competing primary assignments. "
/services/mercedes-brake-repair-dubai,en,service,Assess or book mercedes brake repair & service dubai ,INDEX,"index, follow, max-image-preview:large",https://digitecme.com/services/mercedes-brake-repair-dubai,PASS,YES,Existing policy; validate reciprocal destinations,HIGH,,/services/mercedes-steering-repair-dubai,,RETAIN POLICY,NO,"Approved source records reconciled with rendered route; supporting links are observed relationships, not competing primary assignments. "
/services/mercedes-diagnostics-dubai,en,service,Assess or book mercedes xentry diagnostics dubai ,INDEX,"index, follow, max-image-preview:large",https://digitecme.com/services/mercedes-diagnostics-dubai,PASS,YES,Existing policy; validate reciprocal destinations,HIGH,,/mercedes/problems/check-engine-light,,RETAIN POLICY,NO,"Approved source records reconciled with rendered route; supporting links are observed relationships, not competing primary assignments. "
/services/mercedes-electrical-repair-dubai,en,service,Assess or book mercedes electrical repair dubai ,INDEX,"index, follow, max-image-preview:large",https://digitecme.com/services/mercedes-electrical-repair-dubai,PASS,YES,Existing policy; validate reciprocal destinations,HIGH,,/mercedes/problems/wont-start,,RETAIN POLICY,NO,"Approved source records reconciled with rendered route; supporting links are observed relationships, not competing primary assignments. "
/services/mercedes-exhaust-repair-dubai,en,service,Assess or book mercedes exhaust repair dubai ,INDEX,"index, follow, max-image-preview:large",https://digitecme.com/services/mercedes-exhaust-repair-dubai,PASS,YES,Existing policy; validate reciprocal destinations,HIGH,,/services/mercedes-mechanical-repair-dubai,,RETAIN POLICY,NO,"Approved source records reconciled with rendered route; supporting links are observed relationships, not competing primary assignments. "
/services/mercedes-fuel-system-repair-dubai,en,service,Assess or book mercedes fuel system repair dubai ,INDEX,"index, follow, max-image-preview:large",https://digitecme.com/services/mercedes-fuel-system-repair-dubai,PASS,YES,Existing policy; validate reciprocal destinations,HIGH,,/mercedes/problems/check-engine-light,,RETAIN POLICY,NO,"Approved source records reconciled with rendered route; supporting links are observed relationships, not competing primary assignments. "
/services/mercedes-mechanical-repair-dubai,en,service,Assess or book mercedes engine & mechanical repair dubai ,INDEX,"index, follow, max-image-preview:large",https://digitecme.com/services/mercedes-mechanical-repair-dubai,PASS,YES,Existing policy; validate reciprocal destinations,HIGH,,/mercedes/problems/check-engine-light,,RETAIN POLICY,NO,"Approved source records reconciled with rendered route; supporting links are observed relationships, not competing primary assignments. "
/services/mercedes-oil-change-dubai,en,service,Assess or book mercedes oil change dubai ,INDEX,"index, follow, max-image-preview:large",https://digitecme.com/services/mercedes-oil-change-dubai,PASS,YES,Existing policy; validate reciprocal destinations,HIGH,,/services/oil-change-dubai,,RETAIN POLICY,NO,"Approved source records reconciled with rendered route; supporting links are observed relationships, not competing primary assignments. "
/services/mercedes-steering-repair-dubai,en,service,Assess or book mercedes steering repair dubai ,INDEX,"index, follow, max-image-preview:large",https://digitecme.com/services/mercedes-steering-repair-dubai,PASS,YES,Existing policy; validate reciprocal destinations,HIGH,,/services/mercedes-tire-repair-dubai,,RETAIN POLICY,NO,"Approved source records reconciled with rendered route; supporting links are observed relationships, not competing primary assignments. "
/services/mercedes-suspension-repair-dubai,en,service,Assess or book mercedes suspension repair dubai ,INDEX,"index, follow, max-image-preview:large",https://digitecme.com/services/mercedes-suspension-repair-dubai,PASS,YES,Existing policy; validate reciprocal destinations,HIGH,,/mercedes/problems/airmatic-malfunction,,RETAIN POLICY,NO,"Approved source records reconciled with rendered route; supporting links are observed relationships, not competing primary assignments. "
/services/mercedes-tire-repair-dubai,en,service,Assess or book mercedes tyre repair dubai ,INDEX,"index, follow, max-image-preview:large",https://digitecme.com/services/mercedes-tire-repair-dubai,PASS,YES,Existing policy; validate reciprocal destinations,HIGH,,/services/mercedes-steering-repair-dubai,,RETAIN POLICY,NO,"Approved source records reconciled with rendered route; supporting links are observed relationships, not competing primary assignments. "
/services/mercedes-transmission-repair-dubai,en,service,Assess or book mercedes transmission & gearbox repair dubai ,INDEX,"index, follow, max-image-preview:large",https://digitecme.com/services/mercedes-transmission-repair-dubai,PASS,YES,Existing policy; validate reciprocal destinations,HIGH,,/mercedes/problems/gearbox-jerking,,RETAIN POLICY,NO,"Approved source records reconciled with rendered route; supporting links are observed relationships, not competing primary assignments. "
/services/oil-change-dubai,en,service,Engine oil and filter maintenance,INDEX,"index, follow, max-image-preview:large",https://digitecme.com/services/oil-change-dubai,PASS,YES,Existing policy; validate reciprocal destinations,HIGH,"car oil change dubai: 977.0 impressions, 1.0 clicks, position 29.54 (2026-04-12 to 2026-09-25); oil change dubai: 727.0 impressions, 0 clicks, position 29.45 (2026-04-12 to 2026-09-25)",/services/mercedes-oil-change-dubai,,RETAIN POLICY,NO,"Approved source records reconciled with rendered route; supporting links are observed relationships, not competing primary assignments. "
/services/paint-protection-dubai,en,service,Compare existing paint care and protection options,INDEX,"index, follow, max-image-preview:large",https://digitecme.com/services/paint-protection-dubai,PASS,YES,Existing policy; validate reciprocal destinations,HIGH,"Measured queries support intent only, not historical URL",/services/car-polishing-dubai,,RETAIN POLICY,NO,"Approved source records reconciled with rendered route; supporting links are observed relationships, not competing primary assignments. "
/services/paint-protection-film,en,service,Film installation and vehicle-specific coverage enquiry,INDEX,"index, follow, max-image-preview:large",https://digitecme.com/services/paint-protection-film,PASS,YES,Existing policy; validate reciprocal destinations,HIGH,"Measured queries support intent only, not historical URL",/services/car-polishing-dubai,,RETAIN POLICY,NO,"Approved source records reconciled with rendered route; supporting links are observed relationships, not competing primary assignments. "
/services/roadside-assistance-dubai,en,service,Existing roadside enquiry page; availability confirmed,INDEX,"index, follow, max-image-preview:large",https://digitecme.com/services/roadside-assistance-dubai,PASS,YES,Existing policy; validate reciprocal destinations,HIGH,"roadside assistance dubai: 28.0 impressions, 0 clicks, position 29.07 (2026-04-12 to 2026-09-25)",,,RETAIN POLICY,NO,"Approved source records reconciled with rendered route; supporting links are observed relationships, not competing primary assignments. "
/services/soft-close-door-repair-dubai,en,service,Soft-close fault — commercial inspection/repair task; not a dedicated problem page,INDEX,"index, follow, max-image-preview:large",https://digitecme.com/services/soft-close-door-repair-dubai,PASS,YES,Existing policy; validate reciprocal destinations,HIGH,No query × landing-page join supplied | No original query in the selected six-month export; other observations remain separately labelled | No original query-level measured term assigned; editorial ownership only,/brands/rox-service-dubai/soft-close-door-installation,,RETAIN POLICY,NO,"Approved source records reconciled with rendered route; supporting links are observed relationships, not competing primary assignments. "
/services/steering-repair-dubai,en,service,Steering symptoms — commercial inspection/repair task; not a dedicated problem page,INDEX,"index, follow, max-image-preview:large",https://digitecme.com/services/steering-repair-dubai,PASS,YES,Existing policy; validate reciprocal destinations,HIGH,"car steering repair: 207.0 impressions, 0 clicks, position 15.41 (2026-04-12 to 2026-09-25); steering repair: 125.0 impressions, 1.0 clicks, position 18.67 (2026-04-12 to 2026-09-25) | No original query-level measured term assigned; editorial ownership only",/services/mechanical-repair-dubai,,RETAIN POLICY,NO,"Approved source records reconciled with rendered route; supporting links are observed relationships, not competing primary assignments. "
/services/suspension-repair-dubai,en,service,Suspension symptoms — commercial inspection/repair task; not a dedicated problem page,INDEX,"index, follow, max-image-preview:large",https://digitecme.com/services/suspension-repair-dubai,PASS,YES,Existing policy; validate reciprocal destinations,HIGH,"No query × landing-page join supplied | car suspension repair dubai: 387.0 impressions, 1.0 clicks, position 30.5 (2026-04-12 to 2026-09-25); suspension repair dubai: 331.0 impressions, 0 clicks, position 29.4 (2026-04-12 to 2026-09-25) | No original query-level measured term assigned; editorial ownership only",/services/mercedes-suspension-repair-dubai,,RETAIN POLICY,NO,"Approved source records reconciled with rendered route; supporting links are observed relationships, not competing primary assignments. "
/services/tire-repair-dubai,en,service,Tyre / wheel symptoms — commercial inspection/repair task; not a dedicated problem page,INDEX,"index, follow, max-image-preview:large",https://digitecme.com/services/tire-repair-dubai,PASS,YES,Existing policy; validate reciprocal destinations,HIGH,"tire repair dubai: 296.0 impressions, 0 clicks, position 21.83 (2026-04-12 to 2026-09-25); tire repair near me: 268.0 impressions, 1.0 clicks, position 10.68 (2026-04-12 to 2026-09-25) | car tyre puncture repair [2026-09-05 to 2026-09-11]; puncture near me [2026-06-07 to 2026-09-06]; puncture repair dubai [2026-04-12 to 2026-09-25]; puncture repair dubai [2026-09-05 to 2026-09-11]; puncture repair dubai [2026-09-07 to 2026-09-13]; puncture repair near me [2026-04-12 to 2026-09-25]; puncture repair near me [2026-06-07 to 2026-09-06]; puncture service near me [2026-08-06 to 2026-09-02]; tire puncture repair near me [2026-04-12 to 2026-09-25]; tire puncture repair near me [2026-06-07 to 2026-09-06]; tire puncture repair near me [2026-08-06 to 2026-09-02]; tyre puncture repair dubai [2026-04-12 to 2026-09-25]; tyre puncture repair dubai [2026-09-05 to 2026-09-11]; tyre puncture repair dubai [2026-09-07 to 2026-09-13]; tyre puncture repair dubai [2026-09-09 to 2026-09-15]; where to get puncture repaired near me [2026-08-06 to 2026-09-02]",/services/mechanical-repair-dubai,,RETAIN POLICY,NO,"Approved source records reconciled with rendered route; supporting links are observed relationships, not competing primary assignments. "
/services/transmission-repair-dubai,en,service,Transmission symptoms — commercial inspection/repair task; not a dedicated problem page,INDEX,"index, follow, max-image-preview:large",https://digitecme.com/services/transmission-repair-dubai,PASS,YES,Existing policy; validate reciprocal destinations,HIGH,"1 query rows, 20 impressions in 2026-09-27 query-only export | No query × landing-page join supplied | transmission repair dubai: 270.0 impressions, 0 clicks, position 22.74 (2026-04-12 to 2026-09-25); gearbox repair dubai: 179.0 impressions, 0 clicks, position 31.83 (2026-04-12 to 2026-09-25) | No original query-level measured term assigned; editorial ownership only",/brands/volkswagen-service-dubai,,RETAIN POLICY,NO,"Approved source records reconciled with rendered route; supporting links are observed relationships, not competing primary assignments. "
/sitemap,en,html-sitemap,HTML Sitemap,INDEX,"index, follow, max-image-preview:large",https://digitecme.com/sitemap,PASS,YES,Existing policy; validate reciprocal destinations,SUPPORT,,/,,RETAIN POLICY,NO,"Approved source records reconciled with rendered route; supporting links are observed relationships, not competing primary assignments. "
/tuning,en,tuning,Existing GAD Motors relationship and project consultation,INDEX,"index, follow, max-image-preview:large",https://digitecme.com/tuning,PASS,YES,Existing policy; validate reciprocal destinations,HIGH,"gad motors: 247.0 impressions, 3.0 clicks, position 6.72 (2026-04-12 to 2026-09-25); car tuning dubai: 227.0 impressions, 0 clicks, position 23.99 (2026-04-12 to 2026-09-25)",/vrx,,RETAIN POLICY,NO,"Approved source records reconciled with rendered route; supporting links are observed relationships, not competing primary assignments. "
/vrx,en,vrx,Mercedes V-Class VRX Consultation,INDEX,"index, follow, max-image-preview:large",https://digitecme.com/vrx,PASS,YES,Existing policy; validate reciprocal destinations,SUPPORT,,,,RETAIN POLICY,NO,"Approved source records reconciled with rendered route; supporting links are observed relationships, not competing primary assignments. "
/about-us,en,REDIRECT,Legacy alias to existing owner,REDIRECT,Not a rendered indexable document,https://digitecme.com/about,PASS — direct indexable destination,NO,Not emitted on redirect response,LEGACY ACCESS,No alias-specific query/page attribution inferred,/about,,RETAIN 308,NO,"Target URL recorded as destination, not an HTML canonical on the redirect."
/about-us-demo,en,REDIRECT,Legacy alias to existing owner,REDIRECT,Not a rendered indexable document,https://digitecme.com/about,PASS — direct indexable destination,NO,Not emitted on redirect response,LEGACY ACCESS,No alias-specific query/page attribution inferred,/about,,RETAIN 308,NO,"Target URL recorded as destination, not an HTML canonical on the redirect."
/ac-repair,en,REDIRECT,Legacy alias to existing owner,REDIRECT,Not a rendered indexable document,https://digitecme.com/services/car-ac-repair-dubai,PASS — direct indexable destination,NO,Not emitted on redirect response,LEGACY ACCESS,No alias-specific query/page attribution inferred,/services/car-ac-repair-dubai,,RETAIN 308,NO,"Target URL recorded as destination, not an HTML canonical on the redirect."
/ac-repair-maintenance,en,REDIRECT,Legacy alias to existing owner,REDIRECT,Not a rendered indexable document,https://digitecme.com/services/car-ac-repair-dubai,PASS — direct indexable destination,NO,Not emitted on redirect response,LEGACY ACCESS,No alias-specific query/page attribution inferred,/services/car-ac-repair-dubai,,RETAIN 308,NO,"Target URL recorded as destination, not an HTML canonical on the redirect."
/ar/about-us,ar,REDIRECT,Legacy alias to existing owner,REDIRECT,Not a rendered indexable document,https://digitecme.com/ar/about,PASS — direct indexable destination,NO,Not emitted on redirect response,LEGACY ACCESS,No alias-specific query/page attribution inferred,/ar/about,,RETAIN 308,NO,"Target URL recorded as destination, not an HTML canonical on the redirect."
/ar/about-us-demo,ar,REDIRECT,Legacy alias to existing owner,REDIRECT,Not a rendered indexable document,https://digitecme.com/ar/about,PASS — direct indexable destination,NO,Not emitted on redirect response,LEGACY ACCESS,No alias-specific query/page attribution inferred,/ar/about,,RETAIN 308,NO,"Target URL recorded as destination, not an HTML canonical on the redirect."
/ar/ac-repair,ar,REDIRECT,Legacy alias to existing owner,REDIRECT,Not a rendered indexable document,https://digitecme.com/ar/services/car-ac-repair-dubai,PASS — direct indexable destination,NO,Not emitted on redirect response,LEGACY ACCESS,No alias-specific query/page attribution inferred,/ar/services/car-ac-repair-dubai,,RETAIN 308,NO,"Target URL recorded as destination, not an HTML canonical on the redirect."
/ar/ac-repair-maintenance,ar,REDIRECT,Legacy alias to existing owner,REDIRECT,Not a rendered indexable document,https://digitecme.com/ar/services/car-ac-repair-dubai,PASS — direct indexable destination,NO,Not emitted on redirect response,LEGACY ACCESS,No alias-specific query/page attribution inferred,/ar/services/car-ac-repair-dubai,,RETAIN 308,NO,"Target URL recorded as destination, not an HTML canonical on the redirect."
/ar/auto-electrical-repair,ar,REDIRECT,Legacy alias to existing owner,REDIRECT,Not a rendered indexable document,https://digitecme.com/ar/services/auto-electrical-repair-dubai,PASS — direct indexable destination,NO,Not emitted on redirect response,LEGACY ACCESS,No alias-specific query/page attribution inferred,/ar/services/auto-electrical-repair-dubai,,RETAIN 308,NO,"Target URL recorded as destination, not an HTML canonical on the redirect."
/ar/battery-changes,ar,REDIRECT,Legacy alias to existing owner,REDIRECT,Not a rendered indexable document,https://digitecme.com/ar/services/battery-replacement-dubai,PASS — direct indexable destination,NO,Not emitted on redirect response,LEGACY ACCESS,No alias-specific query/page attribution inferred,/ar/services/battery-replacement-dubai,,RETAIN 308,NO,"Target URL recorded as destination, not an HTML canonical on the redirect."
/ar/battery-replacement,ar,REDIRECT,Legacy alias to existing owner,REDIRECT,Not a rendered indexable document,https://digitecme.com/ar/services/battery-replacement-dubai,PASS — direct indexable destination,NO,Not emitted on redirect response,LEGACY ACCESS,No alias-specific query/page attribution inferred,/ar/services/battery-replacement-dubai,,RETAIN 308,NO,"Target URL recorded as destination, not an HTML canonical on the redirect."
/ar/best-mercedes-workshop-dubai,ar,REDIRECT,Legacy alias to existing owner,REDIRECT,Not a rendered indexable document,https://digitecme.com/ar/brands/mercedes-benz-service-dubai,PASS — direct indexable destination,NO,Not emitted on redirect response,LEGACY ACCESS,No alias-specific query/page attribution inferred,/ar/brands/mercedes-benz-service-dubai,,RETAIN 308,NO,"Target URL recorded as destination, not an HTML canonical on the redirect."
/ar/blogs,ar,REDIRECT,Legacy alias to existing owner,REDIRECT,Not a rendered indexable document,https://digitecme.com/ar/blog,PASS — direct indexable destination,NO,Not emitted on redirect response,LEGACY ACCESS,No alias-specific query/page attribution inferred,/ar/blog,,RETAIN 308,NO,"Target URL recorded as destination, not an HTML canonical on the redirect."
/ar/body-repair,ar,REDIRECT,Legacy alias to existing owner,REDIRECT,Not a rendered indexable document,https://digitecme.com/ar/services/car-body-repair-dubai,PASS — direct indexable destination,NO,Not emitted on redirect response,LEGACY ACCESS,No alias-specific query/page attribution inferred,/ar/services/car-body-repair-dubai,,RETAIN 308,NO,"Target URL recorded as destination, not an HTML canonical on the redirect."
/ar/brake-repair,ar,REDIRECT,Legacy alias to existing owner,REDIRECT,Not a rendered indexable document,https://digitecme.com/ar/services/brake-repair-dubai,PASS — direct indexable destination,NO,Not emitted on redirect response,LEGACY ACCESS,No alias-specific query/page attribution inferred,/ar/services/brake-repair-dubai,,RETAIN 308,NO,"Target URL recorded as destination, not an HTML canonical on the redirect."
/ar/brake-system-repairs,ar,REDIRECT,Legacy alias to existing owner,REDIRECT,Not a rendered indexable document,https://digitecme.com/ar/services/brake-repair-dubai,PASS — direct indexable destination,NO,Not emitted on redirect response,LEGACY ACCESS,No alias-specific query/page attribution inferred,/ar/services/brake-repair-dubai,,RETAIN 308,NO,"Target URL recorded as destination, not an HTML canonical on the redirect."
/ar/brands/mercedes-benz-service-dubai/ac-repair,ar,REDIRECT,Legacy alias to existing owner,REDIRECT,Not a rendered indexable document,https://digitecme.com/ar/services/mercedes-ac-repair-dubai,PASS — direct indexable destination,NO,Not emitted on redirect response,LEGACY ACCESS,No alias-specific query/page attribution inferred,/ar/services/mercedes-ac-repair-dubai,,RETAIN 308,NO,"Target URL recorded as destination, not an HTML canonical on the redirect."
/ar/brands/mercedes-benz-service-dubai/battery-replacement,ar,REDIRECT,Legacy alias to existing owner,REDIRECT,Not a rendered indexable document,https://digitecme.com/ar/services/mercedes-battery-replacement-dubai,PASS — direct indexable destination,NO,Not emitted on redirect response,LEGACY ACCESS,No alias-specific query/page attribution inferred,/ar/services/mercedes-battery-replacement-dubai,,RETAIN 308,NO,"Target URL recorded as destination, not an HTML canonical on the redirect."
/ar/brands/mercedes-benz-service-dubai/body-repair,ar,REDIRECT,Legacy alias to existing owner,REDIRECT,Not a rendered indexable document,https://digitecme.com/ar/services/mercedes-body-repair-dubai,PASS — direct indexable destination,NO,Not emitted on redirect response,LEGACY ACCESS,No alias-specific query/page attribution inferred,/ar/services/mercedes-body-repair-dubai,,RETAIN 308,NO,"Target URL recorded as destination, not an HTML canonical on the redirect."
/ar/brands/mercedes-benz-service-dubai/brake-repair,ar,REDIRECT,Legacy alias to existing owner,REDIRECT,Not a rendered indexable document,https://digitecme.com/ar/services/mercedes-brake-repair-dubai,PASS — direct indexable destination,NO,Not emitted on redirect response,LEGACY ACCESS,No alias-specific query/page attribution inferred,/ar/services/mercedes-brake-repair-dubai,,RETAIN 308,NO,"Target URL recorded as destination, not an HTML canonical on the redirect."
/ar/brands/mercedes-benz-service-dubai/electrical-repair,ar,REDIRECT,Legacy alias to existing owner,REDIRECT,Not a rendered indexable document,https://digitecme.com/ar/services/mercedes-electrical-repair-dubai,PASS — direct indexable destination,NO,Not emitted on redirect response,LEGACY ACCESS,No alias-specific query/page attribution inferred,/ar/services/mercedes-electrical-repair-dubai,,RETAIN 308,NO,"Target URL recorded as destination, not an HTML canonical on the redirect."
/ar/brands/mercedes-benz-service-dubai/engine-diagnostics,ar,REDIRECT,Legacy alias to existing owner,REDIRECT,Not a rendered indexable document,https://digitecme.com/ar/services/mercedes-diagnostics-dubai,PASS — direct indexable destination,NO,Not emitted on redirect response,LEGACY ACCESS,No alias-specific query/page attribution inferred,/ar/services/mercedes-diagnostics-dubai,,RETAIN 308,NO,"Target URL recorded as destination, not an HTML canonical on the redirect."
/ar/brands/mercedes-benz-service-dubai/exhaust-repair,ar,REDIRECT,Legacy alias to existing owner,REDIRECT,Not a rendered indexable document,https://digitecme.com/ar/services/mercedes-exhaust-repair-dubai,PASS — direct indexable destination,NO,Not emitted on redirect response,LEGACY ACCESS,No alias-specific query/page attribution inferred,/ar/services/mercedes-exhaust-repair-dubai,,RETAIN 308,NO,"Target URL recorded as destination, not an HTML canonical on the redirect."
/ar/brands/mercedes-benz-service-dubai/fuel-system-repair,ar,REDIRECT,Legacy alias to existing owner,REDIRECT,Not a rendered indexable document,https://digitecme.com/ar/services/mercedes-fuel-system-repair-dubai,PASS — direct indexable destination,NO,Not emitted on redirect response,LEGACY ACCESS,No alias-specific query/page attribution inferred,/ar/services/mercedes-fuel-system-repair-dubai,,RETAIN 308,NO,"Target URL recorded as destination, not an HTML canonical on the redirect."
/ar/brands/mercedes-benz-service-dubai/mechanical-repair,ar,REDIRECT,Legacy alias to existing owner,REDIRECT,Not a rendered indexable document,https://digitecme.com/ar/services/mercedes-mechanical-repair-dubai,PASS — direct indexable destination,NO,Not emitted on redirect response,LEGACY ACCESS,No alias-specific query/page attribution inferred,/ar/services/mercedes-mechanical-repair-dubai,,RETAIN 308,NO,"Target URL recorded as destination, not an HTML canonical on the redirect."
/ar/brands/mercedes-benz-service-dubai/oil-change,ar,REDIRECT,Legacy alias to existing owner,REDIRECT,Not a rendered indexable document,https://digitecme.com/ar/services/mercedes-oil-change-dubai,PASS — direct indexable destination,NO,Not emitted on redirect response,LEGACY ACCESS,No alias-specific query/page attribution inferred,/ar/services/mercedes-oil-change-dubai,,RETAIN 308,NO,"Target URL recorded as destination, not an HTML canonical on the redirect."
/ar/brands/mercedes-benz-service-dubai/steering-repair,ar,REDIRECT,Legacy alias to existing owner,REDIRECT,Not a rendered indexable document,https://digitecme.com/ar/services/mercedes-steering-repair-dubai,PASS — direct indexable destination,NO,Not emitted on redirect response,LEGACY ACCESS,No alias-specific query/page attribution inferred,/ar/services/mercedes-steering-repair-dubai,,RETAIN 308,NO,"Target URL recorded as destination, not an HTML canonical on the redirect."
/ar/brands/mercedes-benz-service-dubai/suspension-repair,ar,REDIRECT,Legacy alias to existing owner,REDIRECT,Not a rendered indexable document,https://digitecme.com/ar/services/mercedes-suspension-repair-dubai,PASS — direct indexable destination,NO,Not emitted on redirect response,LEGACY ACCESS,No alias-specific query/page attribution inferred,/ar/services/mercedes-suspension-repair-dubai,,RETAIN 308,NO,"Target URL recorded as destination, not an HTML canonical on the redirect."
/ar/brands/mercedes-benz-service-dubai/tire-repair,ar,REDIRECT,Legacy alias to existing owner,REDIRECT,Not a rendered indexable document,https://digitecme.com/ar/services/mercedes-tire-repair-dubai,PASS — direct indexable destination,NO,Not emitted on redirect response,LEGACY ACCESS,No alias-specific query/page attribution inferred,/ar/services/mercedes-tire-repair-dubai,,RETAIN 308,NO,"Target URL recorded as destination, not an HTML canonical on the redirect."
/ar/brands/mercedes-benz-service-dubai/transmission-repair,ar,REDIRECT,Legacy alias to existing owner,REDIRECT,Not a rendered indexable document,https://digitecme.com/ar/services/mercedes-transmission-repair-dubai,PASS — direct indexable destination,NO,Not emitted on redirect response,LEGACY ACCESS,No alias-specific query/page attribution inferred,/ar/services/mercedes-transmission-repair-dubai,,RETAIN 308,NO,"Target URL recorded as destination, not an HTML canonical on the redirect."
/ar/car-ac-repair,ar,REDIRECT,Legacy alias to existing owner,REDIRECT,Not a rendered indexable document,https://digitecme.com/ar/services/car-ac-repair-dubai,PASS — direct indexable destination,NO,Not emitted on redirect response,LEGACY ACCESS,No alias-specific query/page attribution inferred,/ar/services/car-ac-repair-dubai,,RETAIN 308,NO,"Target URL recorded as destination, not an HTML canonical on the redirect."
/ar/car-body-repair,ar,REDIRECT,Legacy alias to existing owner,REDIRECT,Not a rendered indexable document,https://digitecme.com/ar/services/car-body-repair-dubai,PASS — direct indexable destination,NO,Not emitted on redirect response,LEGACY ACCESS,No alias-specific query/page attribution inferred,/ar/services/car-body-repair-dubai,,RETAIN 308,NO,"Target URL recorded as destination, not an HTML canonical on the redirect."
/ar/car-diagnostics,ar,REDIRECT,Legacy alias to existing owner,REDIRECT,Not a rendered indexable document,https://digitecme.com/ar/services/car-diagnostics-dubai,PASS — direct indexable destination,NO,Not emitted on redirect response,LEGACY ACCESS,No alias-specific query/page attribution inferred,/ar/services/car-diagnostics-dubai,,RETAIN 308,NO,"Target URL recorded as destination, not an HTML canonical on the redirect."
/ar/car-paint-protection,ar,REDIRECT,Legacy alias to existing owner,REDIRECT,Not a rendered indexable document,https://digitecme.com/ar/services/paint-protection-dubai,PASS — direct indexable destination,NO,Not emitted on redirect response,LEGACY ACCESS,No alias-specific query/page attribution inferred,/ar/services/paint-protection-dubai,,RETAIN 308,NO,"Target URL recorded as destination, not an HTML canonical on the redirect."
/ar/car-programming-diagnostic,ar,REDIRECT,Legacy alias to existing owner,REDIRECT,Not a rendered indexable document,https://digitecme.com/ar/services/car-diagnostics-dubai,PASS — direct indexable destination,NO,Not emitted on redirect response,LEGACY ACCESS,No alias-specific query/page attribution inferred,/ar/services/car-diagnostics-dubai,,RETAIN 308,NO,"Target URL recorded as destination, not an HTML canonical on the redirect."
/ar/car-service,ar,REDIRECT,Legacy alias to existing owner,REDIRECT,Not a rendered indexable document,https://digitecme.com/ar/services/car-service-dubai,PASS — direct indexable destination,NO,Not emitted on redirect response,LEGACY ACCESS,No alias-specific query/page attribution inferred,/ar/services/car-service-dubai,,RETAIN 308,NO,"Target URL recorded as destination, not an HTML canonical on the redirect."
/ar/ceramic-coating,ar,REDIRECT,Legacy alias to existing owner,REDIRECT,Not a rendered indexable document,https://digitecme.com/ar/services/ceramic-coating,PASS — direct indexable destination,NO,Not emitted on redirect response,LEGACY ACCESS,No alias-specific query/page attribution inferred,/ar/services/ceramic-coating,,RETAIN 308,NO,"Target URL recorded as destination, not an HTML canonical on the redirect."
/ar/contact,ar,REDIRECT,Legacy alias to existing owner,REDIRECT,Not a rendered indexable document,https://digitecme.com/ar/about,PASS — direct indexable destination,NO,Not emitted on redirect response,LEGACY ACCESS,No alias-specific query/page attribution inferred,/ar/about,,RETAIN 308,NO,"Target URL recorded as destination, not an HTML canonical on the redirect."
/ar/contact-us,ar,REDIRECT,Legacy alias to existing owner,REDIRECT,Not a rendered indexable document,https://digitecme.com/ar/about,PASS — direct indexable destination,NO,Not emitted on redirect response,LEGACY ACCESS,No alias-specific query/page attribution inferred,/ar/about,,RETAIN 308,NO,"Target URL recorded as destination, not an HTML canonical on the redirect."
/ar/electrical-system-repairs,ar,REDIRECT,Legacy alias to existing owner,REDIRECT,Not a rendered indexable document,https://digitecme.com/ar/services/auto-electrical-repair-dubai,PASS — direct indexable destination,NO,Not emitted on redirect response,LEGACY ACCESS,No alias-specific query/page attribution inferred,/ar/services/auto-electrical-repair-dubai,,RETAIN 308,NO,"Target URL recorded as destination, not an HTML canonical on the redirect."
/ar/engine-diagnostics,ar,REDIRECT,Legacy alias to existing owner,REDIRECT,Not a rendered indexable document,https://digitecme.com/ar/services/car-diagnostics-dubai,PASS — direct indexable destination,NO,Not emitted on redirect response,LEGACY ACCESS,No alias-specific query/page attribution inferred,/ar/services/car-diagnostics-dubai,,RETAIN 308,NO,"Target URL recorded as destination, not an HTML canonical on the redirect."
/ar/engine-diagnostics-dubai,ar,REDIRECT,Legacy alias to existing owner,REDIRECT,Not a rendered indexable document,https://digitecme.com/ar/services/car-diagnostics-dubai,PASS — direct indexable destination,NO,Not emitted on redirect response,LEGACY ACCESS,No alias-specific query/page attribution inferred,/ar/services/car-diagnostics-dubai,,RETAIN 308,NO,"Target URL recorded as destination, not an HTML canonical on the redirect."
/ar/exhaust-repair,ar,REDIRECT,Legacy alias to existing owner,REDIRECT,Not a rendered indexable document,https://digitecme.com/ar/services/exhaust-repair-dubai,PASS — direct indexable destination,NO,Not emitted on redirect response,LEGACY ACCESS,No alias-specific query/page attribution inferred,/ar/services/exhaust-repair-dubai,,RETAIN 308,NO,"Target URL recorded as destination, not an HTML canonical on the redirect."
/ar/faq-page,ar,REDIRECT,Legacy alias to existing owner,REDIRECT,Not a rendered indexable document,https://digitecme.com/ar/faq,PASS — direct indexable destination,NO,Not emitted on redirect response,LEGACY ACCESS,No alias-specific query/page attribution inferred,/ar/faq,,RETAIN 308,NO,"Target URL recorded as destination, not an HTML canonical on the redirect."
/ar/faqs,ar,REDIRECT,Legacy alias to existing owner,REDIRECT,Not a rendered indexable document,https://digitecme.com/ar/faq,PASS — direct indexable destination,NO,Not emitted on redirect response,LEGACY ACCESS,No alias-specific query/page attribution inferred,/ar/faq,,RETAIN 308,NO,"Target URL recorded as destination, not an HTML canonical on the redirect."
/ar/ferrari/case-studies/:slug,ar,REDIRECT,Legacy alias to existing owner,REDIRECT,Not a rendered indexable document,https://digitecme.com/ar/brands/ferrari-service-dubai,PASS — direct indexable destination,NO,Not emitted on redirect response,LEGACY ACCESS,No alias-specific query/page attribution inferred,/ar/brands/ferrari-service-dubai,,RETAIN 308,NO,"Target URL recorded as destination, not an HTML canonical on the redirect."
/ar/fuel-system-repair,ar,REDIRECT,Legacy alias to existing owner,REDIRECT,Not a rendered indexable document,https://digitecme.com/ar/services/fuel-system-repair-dubai,PASS — direct indexable destination,NO,Not emitted on redirect response,LEGACY ACCESS,No alias-specific query/page attribution inferred,/ar/services/fuel-system-repair-dubai,,RETAIN 308,NO,"Target URL recorded as destination, not an HTML canonical on the redirect."
/ar/home,ar,REDIRECT,Legacy alias to existing owner,REDIRECT,Not a rendered indexable document,https://digitecme.com/ar,PASS — direct indexable destination,NO,Not emitted on redirect response,LEGACY ACCESS,No alias-specific query/page attribution inferred,/ar,,RETAIN 308,NO,"Target URL recorded as destination, not an HTML canonical on the redirect."
/ar/index.html,ar,REDIRECT,Legacy alias to existing owner,REDIRECT,Not a rendered indexable document,https://digitecme.com/ar,PASS — direct indexable destination,NO,Not emitted on redirect response,LEGACY ACCESS,No alias-specific query/page attribution inferred,/ar,,RETAIN 308,NO,"Target URL recorded as destination, not an HTML canonical on the redirect."
/ar/index.php,ar,REDIRECT,Legacy alias to existing owner,REDIRECT,Not a rendered indexable document,https://digitecme.com/ar,PASS — direct indexable destination,NO,Not emitted on redirect response,LEGACY ACCESS,No alias-specific query/page attribution inferred,/ar,,RETAIN 308,NO,"Target URL recorded as destination, not an HTML canonical on the redirect."
/ar/mechanical-repair,ar,REDIRECT,Legacy alias to existing owner,REDIRECT,Not a rendered indexable document,https://digitecme.com/ar/services/mechanical-repair-dubai,PASS — direct indexable destination,NO,Not emitted on redirect response,LEGACY ACCESS,No alias-specific query/page attribution inferred,/ar/services/mechanical-repair-dubai,,RETAIN 308,NO,"Target URL recorded as destination, not an HTML canonical on the redirect."
/ar/mechanical-repair-dubai,ar,REDIRECT,Legacy alias to existing owner,REDIRECT,Not a rendered indexable document,https://digitecme.com/ar/services/mechanical-repair-dubai,PASS — direct indexable destination,NO,Not emitted on redirect response,LEGACY ACCESS,No alias-specific query/page attribution inferred,/ar/services/mechanical-repair-dubai,,RETAIN 308,NO,"Target URL recorded as destination, not an HTML canonical on the redirect."
/ar/mercedes,ar,REDIRECT,Legacy alias to existing owner,REDIRECT,Not a rendered indexable document,https://digitecme.com/ar/brands/mercedes-benz-service-dubai,PASS — direct indexable destination,NO,Not emitted on redirect response,LEGACY ACCESS,No alias-specific query/page attribution inferred,/ar/brands/mercedes-benz-service-dubai,,RETAIN 308,NO,"Target URL recorded as destination, not an HTML canonical on the redirect."
/ar/mercedes-ac-repair,ar,REDIRECT,Legacy alias to existing owner,REDIRECT,Not a rendered indexable document,https://digitecme.com/ar/services/mercedes-ac-repair-dubai,PASS — direct indexable destination,NO,Not emitted on redirect response,LEGACY ACCESS,No alias-specific query/page attribution inferred,/ar/services/mercedes-ac-repair-dubai,,RETAIN 308,NO,"Target URL recorded as destination, not an HTML canonical on the redirect."
/ar/mercedes-ac-repair-dubai,ar,REDIRECT,Legacy alias to existing owner,REDIRECT,Not a rendered indexable document,https://digitecme.com/ar/services/mercedes-ac-repair-dubai,PASS — direct indexable destination,NO,Not emitted on redirect response,LEGACY ACCESS,No alias-specific query/page attribution inferred,/ar/services/mercedes-ac-repair-dubai,,RETAIN 308,NO,"Target URL recorded as destination, not an HTML canonical on the redirect."
/ar/mercedes-body-repair,ar,REDIRECT,Legacy alias to existing owner,REDIRECT,Not a rendered indexable document,https://digitecme.com/ar/services/mercedes-body-repair-dubai,PASS — direct indexable destination,NO,Not emitted on redirect response,LEGACY ACCESS,No alias-specific query/page attribution inferred,/ar/services/mercedes-body-repair-dubai,,RETAIN 308,NO,"Target URL recorded as destination, not an HTML canonical on the redirect."
/ar/mercedes-body-repair-dubai,ar,REDIRECT,Legacy alias to existing owner,REDIRECT,Not a rendered indexable document,https://digitecme.com/ar/services/mercedes-body-repair-dubai,PASS — direct indexable destination,NO,Not emitted on redirect response,LEGACY ACCESS,No alias-specific query/page attribution inferred,/ar/services/mercedes-body-repair-dubai,,RETAIN 308,NO,"Target URL recorded as destination, not an HTML canonical on the redirect."
/ar/mercedes-brake-repair,ar,REDIRECT,Legacy alias to existing owner,REDIRECT,Not a rendered indexable document,https://digitecme.com/ar/services/mercedes-brake-repair-dubai,PASS — direct indexable destination,NO,Not emitted on redirect response,LEGACY ACCESS,No alias-specific query/page attribution inferred,/ar/services/mercedes-brake-repair-dubai,,RETAIN 308,NO,"Target URL recorded as destination, not an HTML canonical on the redirect."
/ar/mercedes-brake-repair-dubai,ar,REDIRECT,Legacy alias to existing owner,REDIRECT,Not a rendered indexable document,https://digitecme.com/ar/services/mercedes-brake-repair-dubai,PASS — direct indexable destination,NO,Not emitted on redirect response,LEGACY ACCESS,No alias-specific query/page attribution inferred,/ar/services/mercedes-brake-repair-dubai,,RETAIN 308,NO,"Target URL recorded as destination, not an HTML canonical on the redirect."
/ar/mercedes-oil-change,ar,REDIRECT,Legacy alias to existing owner,REDIRECT,Not a rendered indexable document,https://digitecme.com/ar/services/mercedes-oil-change-dubai,PASS — direct indexable destination,NO,Not emitted on redirect response,LEGACY ACCESS,No alias-specific query/page attribution inferred,/ar/services/mercedes-oil-change-dubai,,RETAIN 308,NO,"Target URL recorded as destination, not an HTML canonical on the redirect."
/ar/mercedes-oil-change-dubai,ar,REDIRECT,Legacy alias to existing owner,REDIRECT,Not a rendered indexable document,https://digitecme.com/ar/services/mercedes-oil-change-dubai,PASS — direct indexable destination,NO,Not emitted on redirect response,LEGACY ACCESS,No alias-specific query/page attribution inferred,/ar/services/mercedes-oil-change-dubai,,RETAIN 308,NO,"Target URL recorded as destination, not an HTML canonical on the redirect."
/ar/mercedes-repair,ar,REDIRECT,Legacy alias to existing owner,REDIRECT,Not a rendered indexable document,https://digitecme.com/ar/brands/mercedes-benz-service-dubai,PASS — direct indexable destination,NO,Not emitted on redirect response,LEGACY ACCESS,No alias-specific query/page attribution inferred,/ar/brands/mercedes-benz-service-dubai,,RETAIN 308,NO,"Target URL recorded as destination, not an HTML canonical on the redirect."
/ar/mercedes-repair-dubai,ar,REDIRECT,Legacy alias to existing owner,REDIRECT,Not a rendered indexable document,https://digitecme.com/ar/brands/mercedes-benz-service-dubai,PASS — direct indexable destination,NO,Not emitted on redirect response,LEGACY ACCESS,No alias-specific query/page attribution inferred,/ar/brands/mercedes-benz-service-dubai,,RETAIN 308,NO,"Target URL recorded as destination, not an HTML canonical on the redirect."
/ar/mercedes-service,ar,REDIRECT,Legacy alias to existing owner,REDIRECT,Not a rendered indexable document,https://digitecme.com/ar/brands/mercedes-benz-service-dubai,PASS — direct indexable destination,NO,Not emitted on redirect response,LEGACY ACCESS,No alias-specific query/page attribution inferred,/ar/brands/mercedes-benz-service-dubai,,RETAIN 308,NO,"Target URL recorded as destination, not an HTML canonical on the redirect."
/ar/mercedes-suspension-repair,ar,REDIRECT,Legacy alias to existing owner,REDIRECT,Not a rendered indexable document,https://digitecme.com/ar/services/mercedes-suspension-repair-dubai,PASS — direct indexable destination,NO,Not emitted on redirect response,LEGACY ACCESS,No alias-specific query/page attribution inferred,/ar/services/mercedes-suspension-repair-dubai,,RETAIN 308,NO,"Target URL recorded as destination, not an HTML canonical on the redirect."
/ar/mercedes-suspension-repair-dubai,ar,REDIRECT,Legacy alias to existing owner,REDIRECT,Not a rendered indexable document,https://digitecme.com/ar/services/mercedes-suspension-repair-dubai,PASS — direct indexable destination,NO,Not emitted on redirect response,LEGACY ACCESS,No alias-specific query/page attribution inferred,/ar/services/mercedes-suspension-repair-dubai,,RETAIN 308,NO,"Target URL recorded as destination, not an HTML canonical on the redirect."
/ar/mercedes-transmission-repair,ar,REDIRECT,Legacy alias to existing owner,REDIRECT,Not a rendered indexable document,https://digitecme.com/ar/services/mercedes-transmission-repair-dubai,PASS — direct indexable destination,NO,Not emitted on redirect response,LEGACY ACCESS,No alias-specific query/page attribution inferred,/ar/services/mercedes-transmission-repair-dubai,,RETAIN 308,NO,"Target URL recorded as destination, not an HTML canonical on the redirect."
/ar/mercedes-transmission-repair-dubai,ar,REDIRECT,Legacy alias to existing owner,REDIRECT,Not a rendered indexable document,https://digitecme.com/ar/services/mercedes-transmission-repair-dubai,PASS — direct indexable destination,NO,Not emitted on redirect response,LEGACY ACCESS,No alias-specific query/page attribution inferred,/ar/services/mercedes-transmission-repair-dubai,,RETAIN 308,NO,"Target URL recorded as destination, not an HTML canonical on the redirect."
/ar/mercedes-workshop,ar,REDIRECT,Legacy alias to existing owner,REDIRECT,Not a rendered indexable document,https://digitecme.com/ar/brands/mercedes-benz-service-dubai,PASS — direct indexable destination,NO,Not emitted on redirect response,LEGACY ACCESS,No alias-specific query/page attribution inferred,/ar/brands/mercedes-benz-service-dubai,,RETAIN 308,NO,"Target URL recorded as destination, not an HTML canonical on the redirect."
/ar/mercedes/case-studies/:slug,ar,REDIRECT,Legacy alias to existing owner,REDIRECT,Not a rendered indexable document,https://digitecme.com/ar/brands/mercedes-benz-service-dubai,PASS — direct indexable destination,NO,Not emitted on redirect response,LEGACY ACCESS,No alias-specific query/page attribution inferred,/ar/brands/mercedes-benz-service-dubai,,RETAIN 308,NO,"Target URL recorded as destination, not an HTML canonical on the redirect."
/ar/mercedes/models/:slug,ar,REDIRECT,Legacy alias to existing owner,REDIRECT,Not a rendered indexable document,https://digitecme.com/ar/brands/mercedes-benz-service-dubai,PASS — direct indexable destination,NO,Not emitted on redirect response,LEGACY ACCESS,No alias-specific query/page attribution inferred,/ar/brands/mercedes-benz-service-dubai,,RETAIN 308,NO,"Target URL recorded as destination, not an HTML canonical on the redirect."
/ar/mercedes/problems,ar,REDIRECT,Legacy alias to existing owner,REDIRECT,Not a rendered indexable document,https://digitecme.com/ar/brands/mercedes-benz-service-dubai,PASS — direct indexable destination,NO,Not emitted on redirect response,LEGACY ACCESS,No alias-specific query/page attribution inferred,/ar/brands/mercedes-benz-service-dubai,,RETAIN 308,NO,"Target URL recorded as destination, not an HTML canonical on the redirect."
/ar/mercedes/problems/:slug,ar,REDIRECT,Legacy alias to existing owner,REDIRECT,Not a rendered indexable document,https://digitecme.com/ar/brands/mercedes-benz-service-dubai,PASS — direct indexable destination,NO,Not emitted on redirect response,LEGACY ACCESS,No alias-specific query/page attribution inferred,/ar/brands/mercedes-benz-service-dubai,,RETAIN 308,NO,"Target URL recorded as destination, not an HTML canonical on the redirect."
/ar/news,ar,REDIRECT,Legacy alias to existing owner,REDIRECT,Not a rendered indexable document,https://digitecme.com/ar/blog,PASS — direct indexable destination,NO,Not emitted on redirect response,LEGACY ACCESS,No alias-specific query/page attribution inferred,/ar/blog,,RETAIN 308,NO,"Target URL recorded as destination, not an HTML canonical on the redirect."
/ar/oil-change,ar,REDIRECT,Legacy alias to existing owner,REDIRECT,Not a rendered indexable document,https://digitecme.com/ar/services/oil-change-dubai,PASS — direct indexable destination,NO,Not emitted on redirect response,LEGACY ACCESS,No alias-specific query/page attribution inferred,/ar/services/oil-change-dubai,,RETAIN 308,NO,"Target URL recorded as destination, not an HTML canonical on the redirect."
/ar/oil-change-service,ar,REDIRECT,Legacy alias to existing owner,REDIRECT,Not a rendered indexable document,https://digitecme.com/ar/services/oil-change-dubai,PASS — direct indexable destination,NO,Not emitted on redirect response,LEGACY ACCESS,No alias-specific query/page attribution inferred,/ar/services/oil-change-dubai,,RETAIN 308,NO,"Target URL recorded as destination, not an HTML canonical on the redirect."
/ar/our-services,ar,REDIRECT,Legacy alias to existing owner,REDIRECT,Not a rendered indexable document,https://digitecme.com/ar/services,PASS — direct indexable destination,NO,Not emitted on redirect response,LEGACY ACCESS,No alias-specific query/page attribution inferred,/ar/services,,RETAIN 308,NO,"Target URL recorded as destination, not an HTML canonical on the redirect."
/ar/our-story,ar,REDIRECT,Legacy alias to existing owner,REDIRECT,Not a rendered indexable document,https://digitecme.com/ar/about,PASS — direct indexable destination,NO,Not emitted on redirect response,LEGACY ACCESS,No alias-specific query/page attribution inferred,/ar/about,,RETAIN 308,NO,"Target URL recorded as destination, not an HTML canonical on the redirect."
/ar/paint-protection,ar,REDIRECT,Legacy alias to existing owner,REDIRECT,Not a rendered indexable document,https://digitecme.com/ar/services/paint-protection-dubai,PASS — direct indexable destination,NO,Not emitted on redirect response,LEGACY ACCESS,No alias-specific query/page attribution inferred,/ar/services/paint-protection-dubai,,RETAIN 308,NO,"Target URL recorded as destination, not an HTML canonical on the redirect."
/ar/performance-tuning,ar,REDIRECT,Legacy alias to existing owner,REDIRECT,Not a rendered indexable document,https://digitecme.com/ar/tuning,PASS — direct indexable destination,NO,Not emitted on redirect response,LEGACY ACCESS,No alias-specific query/page attribution inferred,/ar/tuning,,RETAIN 308,NO,"Target URL recorded as destination, not an HTML canonical on the redirect."
/ar/performance-tuning-dubai,ar,REDIRECT,Legacy alias to existing owner,REDIRECT,Not a rendered indexable document,https://digitecme.com/ar/tuning,PASS — direct indexable destination,NO,Not emitted on redirect response,LEGACY ACCESS,No alias-specific query/page attribution inferred,/ar/tuning,,RETAIN 308,NO,"Target URL recorded as destination, not an HTML canonical on the redirect."
/ar/porsche/:slug,ar,REDIRECT,Legacy alias to existing owner,REDIRECT,Not a rendered indexable document,https://digitecme.com/ar/brands/porsche-service-dubai,PASS — direct indexable destination,NO,Not emitted on redirect response,LEGACY ACCESS,No alias-specific query/page attribution inferred,/ar/brands/porsche-service-dubai,,RETAIN 308,NO,"Target URL recorded as destination, not an HTML canonical on the redirect."
/ar/porsche/911/:slug,ar,REDIRECT,Legacy alias to existing owner,REDIRECT,Not a rendered indexable document,https://digitecme.com/ar/brands/porsche-service-dubai,PASS — direct indexable destination,NO,Not emitted on redirect response,LEGACY ACCESS,No alias-specific query/page attribution inferred,/ar/brands/porsche-service-dubai,,RETAIN 308,NO,"Target URL recorded as destination, not an HTML canonical on the redirect."
/ar/porsche/case-studies/:slug,ar,REDIRECT,Legacy alias to existing owner,REDIRECT,Not a rendered indexable document,https://digitecme.com/ar/brands/porsche-service-dubai,PASS — direct indexable destination,NO,Not emitted on redirect response,LEGACY ACCESS,No alias-specific query/page attribution inferred,/ar/brands/porsche-service-dubai,,RETAIN 308,NO,"Target URL recorded as destination, not an HTML canonical on the redirect."
/ar/porsche/guides/:slug,ar,REDIRECT,Legacy alias to existing owner,REDIRECT,Not a rendered indexable document,https://digitecme.com/ar/brands/porsche-service-dubai,PASS — direct indexable destination,NO,Not emitted on redirect response,LEGACY ACCESS,No alias-specific query/page attribution inferred,/ar/brands/porsche-service-dubai,,RETAIN 308,NO,"Target URL recorded as destination, not an HTML canonical on the redirect."
/ar/porsche/problems,ar,REDIRECT,Legacy alias to existing owner,REDIRECT,Not a rendered indexable document,https://digitecme.com/ar/brands/porsche-service-dubai,PASS — direct indexable destination,NO,Not emitted on redirect response,LEGACY ACCESS,No alias-specific query/page attribution inferred,/ar/brands/porsche-service-dubai,,RETAIN 308,NO,"Target URL recorded as destination, not an HTML canonical on the redirect."
/ar/porsche/problems/:slug,ar,REDIRECT,Legacy alias to existing owner,REDIRECT,Not a rendered indexable document,https://digitecme.com/ar/brands/porsche-service-dubai,PASS — direct indexable destination,NO,Not emitted on redirect response,LEGACY ACCESS,No alias-specific query/page attribution inferred,/ar/brands/porsche-service-dubai,,RETAIN 308,NO,"Target URL recorded as destination, not an HTML canonical on the redirect."
/ar/porsche/systems,ar,REDIRECT,Legacy alias to existing owner,REDIRECT,Not a rendered indexable document,https://digitecme.com/ar/brands/porsche-service-dubai,PASS — direct indexable destination,NO,Not emitted on redirect response,LEGACY ACCESS,No alias-specific query/page attribution inferred,/ar/brands/porsche-service-dubai,,RETAIN 308,NO,"Target URL recorded as destination, not an HTML canonical on the redirect."
/ar/porsche/systems/:slug,ar,REDIRECT,Legacy alias to existing owner,REDIRECT,Not a rendered indexable document,https://digitecme.com/ar/brands/porsche-service-dubai,PASS — direct indexable destination,NO,Not emitted on redirect response,LEGACY ACCESS,No alias-specific query/page attribution inferred,/ar/brands/porsche-service-dubai,,RETAIN 308,NO,"Target URL recorded as destination, not an HTML canonical on the redirect."
/ar/ppf,ar,REDIRECT,Legacy alias to existing owner,REDIRECT,Not a rendered indexable document,https://digitecme.com/ar/services/paint-protection-film,PASS — direct indexable destination,NO,Not emitted on redirect response,LEGACY ACCESS,No alias-specific query/page attribution inferred,/ar/services/paint-protection-film,,RETAIN 308,NO,"Target URL recorded as destination, not an HTML canonical on the redirect."
/ar/privacy-policy,ar,REDIRECT,Legacy alias to existing owner,REDIRECT,Not a rendered indexable document,https://digitecme.com/ar,PASS — direct indexable destination,NO,Not emitted on redirect response,LEGACY ACCESS,No alias-specific query/page attribution inferred,/ar,,RETAIN 308,NO,"Target URL recorded as destination, not an HTML canonical on the redirect."
/ar/routine-maintenance,ar,REDIRECT,Legacy alias to existing owner,REDIRECT,Not a rendered indexable document,https://digitecme.com/ar/services/car-service-dubai,PASS — direct indexable destination,NO,Not emitted on redirect response,LEGACY ACCESS,No alias-specific query/page attribution inferred,/ar/services/car-service-dubai,,RETAIN 308,NO,"Target URL recorded as destination, not an HTML canonical on the redirect."
/ar/services-page,ar,REDIRECT,Legacy alias to existing owner,REDIRECT,Not a rendered indexable document,https://digitecme.com/ar/services,PASS — direct indexable destination,NO,Not emitted on redirect response,LEGACY ACCESS,No alias-specific query/page attribution inferred,/ar/services,,RETAIN 308,NO,"Target URL recorded as destination, not an HTML canonical on the redirect."
/ar/services/ac-repair-maintenance,ar,REDIRECT,Legacy alias to existing owner,REDIRECT,Not a rendered indexable document,https://digitecme.com/ar/services/car-ac-repair-dubai,PASS — direct indexable destination,NO,Not emitted on redirect response,LEGACY ACCESS,No alias-specific query/page attribution inferred,/ar/services/car-ac-repair-dubai,,RETAIN 308,NO,"Target URL recorded as destination, not an HTML canonical on the redirect."
/ar/services/auto-electrical-repair,ar,REDIRECT,Legacy alias to existing owner,REDIRECT,Not a rendered indexable document,https://digitecme.com/ar/services/auto-electrical-repair-dubai,PASS — direct indexable destination,NO,Not emitted on redirect response,LEGACY ACCESS,No alias-specific query/page attribution inferred,/ar/services/auto-electrical-repair-dubai,,RETAIN 308,NO,"Target URL recorded as destination, not an HTML canonical on the redirect."
/ar/services/battery-changes,ar,REDIRECT,Legacy alias to existing owner,REDIRECT,Not a rendered indexable document,https://digitecme.com/ar/services/battery-replacement-dubai,PASS — direct indexable destination,NO,Not emitted on redirect response,LEGACY ACCESS,No alias-specific query/page attribution inferred,/ar/services/battery-replacement-dubai,,RETAIN 308,NO,"Target URL recorded as destination, not an HTML canonical on the redirect."
/ar/services/battery-replacement,ar,REDIRECT,Legacy alias to existing owner,REDIRECT,Not a rendered indexable document,https://digitecme.com/ar/services/battery-replacement-dubai,PASS — direct indexable destination,NO,Not emitted on redirect response,LEGACY ACCESS,No alias-specific query/page attribution inferred,/ar/services/battery-replacement-dubai,,RETAIN 308,NO,"Target URL recorded as destination, not an HTML canonical on the redirect."
/ar/services/body-repair,ar,REDIRECT,Legacy alias to existing owner,REDIRECT,Not a rendered indexable document,https://digitecme.com/ar/services/car-body-repair-dubai,PASS — direct indexable destination,NO,Not emitted on redirect response,LEGACY ACCESS,No alias-specific query/page attribution inferred,/ar/services/car-body-repair-dubai,,RETAIN 308,NO,"Target URL recorded as destination, not an HTML canonical on the redirect."
/ar/services/brake-repair,ar,REDIRECT,Legacy alias to existing owner,REDIRECT,Not a rendered indexable document,https://digitecme.com/ar/services/brake-repair-dubai,PASS — direct indexable destination,NO,Not emitted on redirect response,LEGACY ACCESS,No alias-specific query/page attribution inferred,/ar/services/brake-repair-dubai,,RETAIN 308,NO,"Target URL recorded as destination, not an HTML canonical on the redirect."
/ar/services/brake-system-repairs,ar,REDIRECT,Legacy alias to existing owner,REDIRECT,Not a rendered indexable document,https://digitecme.com/ar/services/brake-repair-dubai,PASS — direct indexable destination,NO,Not emitted on redirect response,LEGACY ACCESS,No alias-specific query/page attribution inferred,/ar/services/brake-repair-dubai,,RETAIN 308,NO,"Target URL recorded as destination, not an HTML canonical on the redirect."
/ar/services/car-ac-repair,ar,REDIRECT,Legacy alias to existing owner,REDIRECT,Not a rendered indexable document,https://digitecme.com/ar/services/car-ac-repair-dubai,PASS — direct indexable destination,NO,Not emitted on redirect response,LEGACY ACCESS,No alias-specific query/page attribution inferred,/ar/services/car-ac-repair-dubai,,RETAIN 308,NO,"Target URL recorded as destination, not an HTML canonical on the redirect."
/ar/services/car-body-repair,ar,REDIRECT,Legacy alias to existing owner,REDIRECT,Not a rendered indexable document,https://digitecme.com/ar/services/car-body-repair-dubai,PASS — direct indexable destination,NO,Not emitted on redirect response,LEGACY ACCESS,No alias-specific query/page attribution inferred,/ar/services/car-body-repair-dubai,,RETAIN 308,NO,"Target URL recorded as destination, not an HTML canonical on the redirect."
/ar/services/car-diagnostics,ar,REDIRECT,Legacy alias to existing owner,REDIRECT,Not a rendered indexable document,https://digitecme.com/ar/services/car-diagnostics-dubai,PASS — direct indexable destination,NO,Not emitted on redirect response,LEGACY ACCESS,No alias-specific query/page attribution inferred,/ar/services/car-diagnostics-dubai,,RETAIN 308,NO,"Target URL recorded as destination, not an HTML canonical on the redirect."
/ar/services/car-paint-protection,ar,REDIRECT,Legacy alias to existing owner,REDIRECT,Not a rendered indexable document,https://digitecme.com/ar/services/paint-protection-dubai,PASS — direct indexable destination,NO,Not emitted on redirect response,LEGACY ACCESS,No alias-specific query/page attribution inferred,/ar/services/paint-protection-dubai,,RETAIN 308,NO,"Target URL recorded as destination, not an HTML canonical on the redirect."
/ar/services/car-programming-diagnostic,ar,REDIRECT,Legacy alias to existing owner,REDIRECT,Not a rendered indexable document,https://digitecme.com/ar/services/car-diagnostics-dubai,PASS — direct indexable destination,NO,Not emitted on redirect response,LEGACY ACCESS,No alias-specific query/page attribution inferred,/ar/services/car-diagnostics-dubai,,RETAIN 308,NO,"Target URL recorded as destination, not an HTML canonical on the redirect."
/ar/services/car-service,ar,REDIRECT,Legacy alias to existing owner,REDIRECT,Not a rendered indexable document,https://digitecme.com/ar/services/car-service-dubai,PASS — direct indexable destination,NO,Not emitted on redirect response,LEGACY ACCESS,No alias-specific query/page attribution inferred,/ar/services/car-service-dubai,,RETAIN 308,NO,"Target URL recorded as destination, not an HTML canonical on the redirect."
/ar/services/electrical-system-repairs,ar,REDIRECT,Legacy alias to existing owner,REDIRECT,Not a rendered indexable document,https://digitecme.com/ar/services/auto-electrical-repair-dubai,PASS — direct indexable destination,NO,Not emitted on redirect response,LEGACY ACCESS,No alias-specific query/page attribution inferred,/ar/services/auto-electrical-repair-dubai,,RETAIN 308,NO,"Target URL recorded as destination, not an HTML canonical on the redirect."
/ar/services/engine-diagnostics,ar,REDIRECT,Legacy alias to existing owner,REDIRECT,Not a rendered indexable document,https://digitecme.com/ar/services/car-diagnostics-dubai,PASS — direct indexable destination,NO,Not emitted on redirect response,LEGACY ACCESS,No alias-specific query/page attribution inferred,/ar/services/car-diagnostics-dubai,,RETAIN 308,NO,"Target URL recorded as destination, not an HTML canonical on the redirect."
/ar/services/engine-diagnostics-dubai,ar,REDIRECT,Legacy alias to existing owner,REDIRECT,Not a rendered indexable document,https://digitecme.com/ar/services/car-diagnostics-dubai,PASS — direct indexable destination,NO,Not emitted on redirect response,LEGACY ACCESS,No alias-specific query/page attribution inferred,/ar/services/car-diagnostics-dubai,,RETAIN 308,NO,"Target URL recorded as destination, not an HTML canonical on the redirect."
/ar/services/exhaust-repair,ar,REDIRECT,Legacy alias to existing owner,REDIRECT,Not a rendered indexable document,https://digitecme.com/ar/services/exhaust-repair-dubai,PASS — direct indexable destination,NO,Not emitted on redirect response,LEGACY ACCESS,No alias-specific query/page attribution inferred,/ar/services/exhaust-repair-dubai,,RETAIN 308,NO,"Target URL recorded as destination, not an HTML canonical on the redirect."
/ar/services/fuel-system-repair,ar,REDIRECT,Legacy alias to existing owner,REDIRECT,Not a rendered indexable document,https://digitecme.com/ar/services/fuel-system-repair-dubai,PASS — direct indexable destination,NO,Not emitted on redirect response,LEGACY ACCESS,No alias-specific query/page attribution inferred,/ar/services/fuel-system-repair-dubai,,RETAIN 308,NO,"Target URL recorded as destination, not an HTML canonical on the redirect."
/ar/services/mechanical-repair,ar,REDIRECT,Legacy alias to existing owner,REDIRECT,Not a rendered indexable document,https://digitecme.com/ar/services/mechanical-repair-dubai,PASS — direct indexable destination,NO,Not emitted on redirect response,LEGACY ACCESS,No alias-specific query/page attribution inferred,/ar/services/mechanical-repair-dubai,,RETAIN 308,NO,"Target URL recorded as destination, not an HTML canonical on the redirect."
/ar/services/mercedes-ac-repair,ar,REDIRECT,Legacy alias to existing owner,REDIRECT,Not a rendered indexable document,https://digitecme.com/ar/services/mercedes-ac-repair-dubai,PASS — direct indexable destination,NO,Not emitted on redirect response,LEGACY ACCESS,No alias-specific query/page attribution inferred,/ar/services/mercedes-ac-repair-dubai,,RETAIN 308,NO,"Target URL recorded as destination, not an HTML canonical on the redirect."
/ar/services/mercedes-body-repair,ar,REDIRECT,Legacy alias to existing owner,REDIRECT,Not a rendered indexable document,https://digitecme.com/ar/services/mercedes-body-repair-dubai,PASS — direct indexable destination,NO,Not emitted on redirect response,LEGACY ACCESS,No alias-specific query/page attribution inferred,/ar/services/mercedes-body-repair-dubai,,RETAIN 308,NO,"Target URL recorded as destination, not an HTML canonical on the redirect."
/ar/services/mercedes-brake-repair,ar,REDIRECT,Legacy alias to existing owner,REDIRECT,Not a rendered indexable document,https://digitecme.com/ar/services/mercedes-brake-repair-dubai,PASS — direct indexable destination,NO,Not emitted on redirect response,LEGACY ACCESS,No alias-specific query/page attribution inferred,/ar/services/mercedes-brake-repair-dubai,,RETAIN 308,NO,"Target URL recorded as destination, not an HTML canonical on the redirect."
/ar/services/mercedes-oil-change,ar,REDIRECT,Legacy alias to existing owner,REDIRECT,Not a rendered indexable document,https://digitecme.com/ar/services/mercedes-oil-change-dubai,PASS — direct indexable destination,NO,Not emitted on redirect response,LEGACY ACCESS,No alias-specific query/page attribution inferred,/ar/services/mercedes-oil-change-dubai,,RETAIN 308,NO,"Target URL recorded as destination, not an HTML canonical on the redirect."
/ar/services/mercedes-repair,ar,REDIRECT,Legacy alias to existing owner,REDIRECT,Not a rendered indexable document,https://digitecme.com/ar/brands/mercedes-benz-service-dubai,PASS — direct indexable destination,NO,Not emitted on redirect response,LEGACY ACCESS,No alias-specific query/page attribution inferred,/ar/brands/mercedes-benz-service-dubai,,RETAIN 308,NO,"Target URL recorded as destination, not an HTML canonical on the redirect."
/ar/services/mercedes-repair-dubai,ar,REDIRECT,Legacy alias to existing owner,REDIRECT,Not a rendered indexable document,https://digitecme.com/ar/brands/mercedes-benz-service-dubai,PASS — direct indexable destination,NO,Not emitted on redirect response,LEGACY ACCESS,No alias-specific query/page attribution inferred,/ar/brands/mercedes-benz-service-dubai,,RETAIN 308,NO,"Target URL recorded as destination, not an HTML canonical on the redirect."
/ar/services/mercedes-service-dubai,ar,REDIRECT,Legacy alias to existing owner,REDIRECT,Not a rendered indexable document,https://digitecme.com/ar/brands/mercedes-benz-service-dubai,PASS — direct indexable destination,NO,Not emitted on redirect response,LEGACY ACCESS,No alias-specific query/page attribution inferred,/ar/brands/mercedes-benz-service-dubai,,RETAIN 308,NO,"Target URL recorded as destination, not an HTML canonical on the redirect."
/ar/services/mercedes-suspension-repair,ar,REDIRECT,Legacy alias to existing owner,REDIRECT,Not a rendered indexable document,https://digitecme.com/ar/services/mercedes-suspension-repair-dubai,PASS — direct indexable destination,NO,Not emitted on redirect response,LEGACY ACCESS,No alias-specific query/page attribution inferred,/ar/services/mercedes-suspension-repair-dubai,,RETAIN 308,NO,"Target URL recorded as destination, not an HTML canonical on the redirect."
/ar/services/mercedes-transmission-repair,ar,REDIRECT,Legacy alias to existing owner,REDIRECT,Not a rendered indexable document,https://digitecme.com/ar/services/mercedes-transmission-repair-dubai,PASS — direct indexable destination,NO,Not emitted on redirect response,LEGACY ACCESS,No alias-specific query/page attribution inferred,/ar/services/mercedes-transmission-repair-dubai,,RETAIN 308,NO,"Target URL recorded as destination, not an HTML canonical on the redirect."
/ar/services/oil-change,ar,REDIRECT,Legacy alias to existing owner,REDIRECT,Not a rendered indexable document,https://digitecme.com/ar/services/oil-change-dubai,PASS — direct indexable destination,NO,Not emitted on redirect response,LEGACY ACCESS,No alias-specific query/page attribution inferred,/ar/services/oil-change-dubai,,RETAIN 308,NO,"Target URL recorded as destination, not an HTML canonical on the redirect."
/ar/services/oil-change-service,ar,REDIRECT,Legacy alias to existing owner,REDIRECT,Not a rendered indexable document,https://digitecme.com/ar/services/oil-change-dubai,PASS — direct indexable destination,NO,Not emitted on redirect response,LEGACY ACCESS,No alias-specific query/page attribution inferred,/ar/services/oil-change-dubai,,RETAIN 308,NO,"Target URL recorded as destination, not an HTML canonical on the redirect."
/ar/services/paint-protection,ar,REDIRECT,Legacy alias to existing owner,REDIRECT,Not a rendered indexable document,https://digitecme.com/ar/services/paint-protection-dubai,PASS — direct indexable destination,NO,Not emitted on redirect response,LEGACY ACCESS,No alias-specific query/page attribution inferred,/ar/services/paint-protection-dubai,,RETAIN 308,NO,"Target URL recorded as destination, not an HTML canonical on the redirect."
/ar/services/performance-tuning,ar,REDIRECT,Legacy alias to existing owner,REDIRECT,Not a rendered indexable document,https://digitecme.com/ar/tuning,PASS — direct indexable destination,NO,Not emitted on redirect response,LEGACY ACCESS,No alias-specific query/page attribution inferred,/ar/tuning,,RETAIN 308,NO,"Target URL recorded as destination, not an HTML canonical on the redirect."
/ar/services/performance-tuning-dubai,ar,REDIRECT,Legacy alias to existing owner,REDIRECT,Not a rendered indexable document,https://digitecme.com/ar/tuning,PASS — direct indexable destination,NO,Not emitted on redirect response,LEGACY ACCESS,No alias-specific query/page attribution inferred,/ar/tuning,,RETAIN 308,NO,"Target URL recorded as destination, not an HTML canonical on the redirect."
/ar/services/ppf,ar,REDIRECT,Legacy alias to existing owner,REDIRECT,Not a rendered indexable document,https://digitecme.com/ar/services/paint-protection-film,PASS — direct indexable destination,NO,Not emitted on redirect response,LEGACY ACCESS,No alias-specific query/page attribution inferred,/ar/services/paint-protection-film,,RETAIN 308,NO,"Target URL recorded as destination, not an HTML canonical on the redirect."
/ar/services/routine-maintenance,ar,REDIRECT,Legacy alias to existing owner,REDIRECT,Not a rendered indexable document,https://digitecme.com/ar/services/car-service-dubai,PASS — direct indexable destination,NO,Not emitted on redirect response,LEGACY ACCESS,No alias-specific query/page attribution inferred,/ar/services/car-service-dubai,,RETAIN 308,NO,"Target URL recorded as destination, not an HTML canonical on the redirect."
/ar/services/steering-repair,ar,REDIRECT,Legacy alias to existing owner,REDIRECT,Not a rendered indexable document,https://digitecme.com/ar/services/steering-repair-dubai,PASS — direct indexable destination,NO,Not emitted on redirect response,LEGACY ACCESS,No alias-specific query/page attribution inferred,/ar/services/steering-repair-dubai,,RETAIN 308,NO,"Target URL recorded as destination, not an HTML canonical on the redirect."
/ar/services/suspension-repair,ar,REDIRECT,Legacy alias to existing owner,REDIRECT,Not a rendered indexable document,https://digitecme.com/ar/services/suspension-repair-dubai,PASS — direct indexable destination,NO,Not emitted on redirect response,LEGACY ACCESS,No alias-specific query/page attribution inferred,/ar/services/suspension-repair-dubai,,RETAIN 308,NO,"Target URL recorded as destination, not an HTML canonical on the redirect."
/ar/services/tire-repair,ar,REDIRECT,Legacy alias to existing owner,REDIRECT,Not a rendered indexable document,https://digitecme.com/ar/services/tire-repair-dubai,PASS — direct indexable destination,NO,Not emitted on redirect response,LEGACY ACCESS,No alias-specific query/page attribution inferred,/ar/services/tire-repair-dubai,,RETAIN 308,NO,"Target URL recorded as destination, not an HTML canonical on the redirect."
/ar/services/transmission-repair,ar,REDIRECT,Legacy alias to existing owner,REDIRECT,Not a rendered indexable document,https://digitecme.com/ar/services/transmission-repair-dubai,PASS — direct indexable destination,NO,Not emitted on redirect response,LEGACY ACCESS,No alias-specific query/page attribution inferred,/ar/services/transmission-repair-dubai,,RETAIN 308,NO,"Target URL recorded as destination, not an HTML canonical on the redirect."
/ar/services/transmission-services,ar,REDIRECT,Legacy alias to existing owner,REDIRECT,Not a rendered indexable document,https://digitecme.com/ar/services/transmission-repair-dubai,PASS — direct indexable destination,NO,Not emitted on redirect response,LEGACY ACCESS,No alias-specific query/page attribution inferred,/ar/services/transmission-repair-dubai,,RETAIN 308,NO,"Target URL recorded as destination, not an HTML canonical on the redirect."
/ar/some-of-our-work,ar,REDIRECT,Legacy alias to existing owner,REDIRECT,Not a rendered indexable document,https://digitecme.com/ar/vrx,PASS — direct indexable destination,NO,Not emitted on redirect response,LEGACY ACCESS,No alias-specific query/page attribution inferred,/ar/vrx,,RETAIN 308,NO,"Target URL recorded as destination, not an HTML canonical on the redirect."
/ar/steering-repair,ar,REDIRECT,Legacy alias to existing owner,REDIRECT,Not a rendered indexable document,https://digitecme.com/ar/services/steering-repair-dubai,PASS — direct indexable destination,NO,Not emitted on redirect response,LEGACY ACCESS,No alias-specific query/page attribution inferred,/ar/services/steering-repair-dubai,,RETAIN 308,NO,"Target URL recorded as destination, not an HTML canonical on the redirect."
/ar/suspension-repair,ar,REDIRECT,Legacy alias to existing owner,REDIRECT,Not a rendered indexable document,https://digitecme.com/ar/services/suspension-repair-dubai,PASS — direct indexable destination,NO,Not emitted on redirect response,LEGACY ACCESS,No alias-specific query/page attribution inferred,/ar/services/suspension-repair-dubai,,RETAIN 308,NO,"Target URL recorded as destination, not an HTML canonical on the redirect."
/ar/team,ar,REDIRECT,Legacy alias to existing owner,REDIRECT,Not a rendered indexable document,https://digitecme.com/ar/about,PASS — direct indexable destination,NO,Not emitted on redirect response,LEGACY ACCESS,No alias-specific query/page attribution inferred,/ar/about,,RETAIN 308,NO,"Target URL recorded as destination, not an HTML canonical on the redirect."
/ar/terms-of-service,ar,REDIRECT,Legacy alias to existing owner,REDIRECT,Not a rendered indexable document,https://digitecme.com/ar,PASS — direct indexable destination,NO,Not emitted on redirect response,LEGACY ACCESS,No alias-specific query/page attribution inferred,/ar,,RETAIN 308,NO,"Target URL recorded as destination, not an HTML canonical on the redirect."
/ar/tire-repair,ar,REDIRECT,Legacy alias to existing owner,REDIRECT,Not a rendered indexable document,https://digitecme.com/ar/services/tire-repair-dubai,PASS — direct indexable destination,NO,Not emitted on redirect response,LEGACY ACCESS,No alias-specific query/page attribution inferred,/ar/services/tire-repair-dubai,,RETAIN 308,NO,"Target URL recorded as destination, not an HTML canonical on the redirect."
/ar/transmission-repair,ar,REDIRECT,Legacy alias to existing owner,REDIRECT,Not a rendered indexable document,https://digitecme.com/ar/services/transmission-repair-dubai,PASS — direct indexable destination,NO,Not emitted on redirect response,LEGACY ACCESS,No alias-specific query/page attribution inferred,/ar/services/transmission-repair-dubai,,RETAIN 308,NO,"Target URL recorded as destination, not an HTML canonical on the redirect."
/ar/transmission-services,ar,REDIRECT,Legacy alias to existing owner,REDIRECT,Not a rendered indexable document,https://digitecme.com/ar/services/transmission-repair-dubai,PASS — direct indexable destination,NO,Not emitted on redirect response,LEGACY ACCESS,No alias-specific query/page attribution inferred,/ar/services/transmission-repair-dubai,,RETAIN 308,NO,"Target URL recorded as destination, not an HTML canonical on the redirect."
/ar/who-we-are,ar,REDIRECT,Legacy alias to existing owner,REDIRECT,Not a rendered indexable document,https://digitecme.com/ar/about,PASS — direct indexable destination,NO,Not emitted on redirect response,LEGACY ACCESS,No alias-specific query/page attribution inferred,/ar/about,,RETAIN 308,NO,"Target URL recorded as destination, not an HTML canonical on the redirect."
/auto-electrical-repair,en,REDIRECT,Legacy alias to existing owner,REDIRECT,Not a rendered indexable document,https://digitecme.com/services/auto-electrical-repair-dubai,PASS — direct indexable destination,NO,Not emitted on redirect response,LEGACY ACCESS,No alias-specific query/page attribution inferred,/services/auto-electrical-repair-dubai,,RETAIN 308,NO,"Target URL recorded as destination, not an HTML canonical on the redirect."
/battery-changes,en,REDIRECT,Legacy alias to existing owner,REDIRECT,Not a rendered indexable document,https://digitecme.com/services/battery-replacement-dubai,PASS — direct indexable destination,NO,Not emitted on redirect response,LEGACY ACCESS,No alias-specific query/page attribution inferred,/services/battery-replacement-dubai,,RETAIN 308,NO,"Target URL recorded as destination, not an HTML canonical on the redirect."
/battery-replacement,en,REDIRECT,Legacy alias to existing owner,REDIRECT,Not a rendered indexable document,https://digitecme.com/services/battery-replacement-dubai,PASS — direct indexable destination,NO,Not emitted on redirect response,LEGACY ACCESS,No alias-specific query/page attribution inferred,/services/battery-replacement-dubai,,RETAIN 308,NO,"Target URL recorded as destination, not an HTML canonical on the redirect."
/best-mercedes-workshop-dubai,en,REDIRECT,Legacy alias to existing owner,REDIRECT,Not a rendered indexable document,https://digitecme.com/brands/mercedes-benz-service-dubai,PASS — direct indexable destination,NO,Not emitted on redirect response,LEGACY ACCESS,No alias-specific query/page attribution inferred,/brands/mercedes-benz-service-dubai,,RETAIN 308,NO,"Target URL recorded as destination, not an HTML canonical on the redirect."
/blogs,en,REDIRECT,Legacy alias to existing owner,REDIRECT,Not a rendered indexable document,https://digitecme.com/blog,PASS — direct indexable destination,NO,Not emitted on redirect response,LEGACY ACCESS,No alias-specific query/page attribution inferred,/blog,,RETAIN 308,NO,"Target URL recorded as destination, not an HTML canonical on the redirect."
/body-repair,en,REDIRECT,Legacy alias to existing owner,REDIRECT,Not a rendered indexable document,https://digitecme.com/services/car-body-repair-dubai,PASS — direct indexable destination,NO,Not emitted on redirect response,LEGACY ACCESS,No alias-specific query/page attribution inferred,/services/car-body-repair-dubai,,RETAIN 308,NO,"Target URL recorded as destination, not an HTML canonical on the redirect."
/brake-repair,en,REDIRECT,Legacy alias to existing owner,REDIRECT,Not a rendered indexable document,https://digitecme.com/services/brake-repair-dubai,PASS — direct indexable destination,NO,Not emitted on redirect response,LEGACY ACCESS,No alias-specific query/page attribution inferred,/services/brake-repair-dubai,,RETAIN 308,NO,"Target URL recorded as destination, not an HTML canonical on the redirect."
/brake-system-repairs,en,REDIRECT,Legacy alias to existing owner,REDIRECT,Not a rendered indexable document,https://digitecme.com/services/brake-repair-dubai,PASS — direct indexable destination,NO,Not emitted on redirect response,LEGACY ACCESS,No alias-specific query/page attribution inferred,/services/brake-repair-dubai,,RETAIN 308,NO,"Target URL recorded as destination, not an HTML canonical on the redirect."
/brands/mercedes-benz-service-dubai/ac-repair,en,REDIRECT,Legacy alias to existing owner,REDIRECT,Not a rendered indexable document,https://digitecme.com/services/mercedes-ac-repair-dubai,PASS — direct indexable destination,NO,Not emitted on redirect response,LEGACY ACCESS,No alias-specific query/page attribution inferred,/services/mercedes-ac-repair-dubai,,RETAIN 308,NO,"Target URL recorded as destination, not an HTML canonical on the redirect."
/brands/mercedes-benz-service-dubai/battery-replacement,en,REDIRECT,Legacy alias to existing owner,REDIRECT,Not a rendered indexable document,https://digitecme.com/services/mercedes-battery-replacement-dubai,PASS — direct indexable destination,NO,Not emitted on redirect response,LEGACY ACCESS,No alias-specific query/page attribution inferred,/services/mercedes-battery-replacement-dubai,,RETAIN 308,NO,"Target URL recorded as destination, not an HTML canonical on the redirect."
/brands/mercedes-benz-service-dubai/body-repair,en,REDIRECT,Legacy alias to existing owner,REDIRECT,Not a rendered indexable document,https://digitecme.com/services/mercedes-body-repair-dubai,PASS — direct indexable destination,NO,Not emitted on redirect response,LEGACY ACCESS,No alias-specific query/page attribution inferred,/services/mercedes-body-repair-dubai,,RETAIN 308,NO,"Target URL recorded as destination, not an HTML canonical on the redirect."
/brands/mercedes-benz-service-dubai/brake-repair,en,REDIRECT,Legacy alias to existing owner,REDIRECT,Not a rendered indexable document,https://digitecme.com/services/mercedes-brake-repair-dubai,PASS — direct indexable destination,NO,Not emitted on redirect response,LEGACY ACCESS,No alias-specific query/page attribution inferred,/services/mercedes-brake-repair-dubai,,RETAIN 308,NO,"Target URL recorded as destination, not an HTML canonical on the redirect."
/brands/mercedes-benz-service-dubai/electrical-repair,en,REDIRECT,Legacy alias to existing owner,REDIRECT,Not a rendered indexable document,https://digitecme.com/services/mercedes-electrical-repair-dubai,PASS — direct indexable destination,NO,Not emitted on redirect response,LEGACY ACCESS,No alias-specific query/page attribution inferred,/services/mercedes-electrical-repair-dubai,,RETAIN 308,NO,"Target URL recorded as destination, not an HTML canonical on the redirect."
/brands/mercedes-benz-service-dubai/engine-diagnostics,en,REDIRECT,Legacy alias to existing owner,REDIRECT,Not a rendered indexable document,https://digitecme.com/services/mercedes-diagnostics-dubai,PASS — direct indexable destination,NO,Not emitted on redirect response,LEGACY ACCESS,No alias-specific query/page attribution inferred,/services/mercedes-diagnostics-dubai,,RETAIN 308,NO,"Target URL recorded as destination, not an HTML canonical on the redirect."
/brands/mercedes-benz-service-dubai/exhaust-repair,en,REDIRECT,Legacy alias to existing owner,REDIRECT,Not a rendered indexable document,https://digitecme.com/services/mercedes-exhaust-repair-dubai,PASS — direct indexable destination,NO,Not emitted on redirect response,LEGACY ACCESS,No alias-specific query/page attribution inferred,/services/mercedes-exhaust-repair-dubai,,RETAIN 308,NO,"Target URL recorded as destination, not an HTML canonical on the redirect."
/brands/mercedes-benz-service-dubai/fuel-system-repair,en,REDIRECT,Legacy alias to existing owner,REDIRECT,Not a rendered indexable document,https://digitecme.com/services/mercedes-fuel-system-repair-dubai,PASS — direct indexable destination,NO,Not emitted on redirect response,LEGACY ACCESS,No alias-specific query/page attribution inferred,/services/mercedes-fuel-system-repair-dubai,,RETAIN 308,NO,"Target URL recorded as destination, not an HTML canonical on the redirect."
/brands/mercedes-benz-service-dubai/mechanical-repair,en,REDIRECT,Legacy alias to existing owner,REDIRECT,Not a rendered indexable document,https://digitecme.com/services/mercedes-mechanical-repair-dubai,PASS — direct indexable destination,NO,Not emitted on redirect response,LEGACY ACCESS,No alias-specific query/page attribution inferred,/services/mercedes-mechanical-repair-dubai,,RETAIN 308,NO,"Target URL recorded as destination, not an HTML canonical on the redirect."
/brands/mercedes-benz-service-dubai/oil-change,en,REDIRECT,Legacy alias to existing owner,REDIRECT,Not a rendered indexable document,https://digitecme.com/services/mercedes-oil-change-dubai,PASS — direct indexable destination,NO,Not emitted on redirect response,LEGACY ACCESS,No alias-specific query/page attribution inferred,/services/mercedes-oil-change-dubai,,RETAIN 308,NO,"Target URL recorded as destination, not an HTML canonical on the redirect."
/brands/mercedes-benz-service-dubai/steering-repair,en,REDIRECT,Legacy alias to existing owner,REDIRECT,Not a rendered indexable document,https://digitecme.com/services/mercedes-steering-repair-dubai,PASS — direct indexable destination,NO,Not emitted on redirect response,LEGACY ACCESS,No alias-specific query/page attribution inferred,/services/mercedes-steering-repair-dubai,,RETAIN 308,NO,"Target URL recorded as destination, not an HTML canonical on the redirect."
/brands/mercedes-benz-service-dubai/suspension-repair,en,REDIRECT,Legacy alias to existing owner,REDIRECT,Not a rendered indexable document,https://digitecme.com/services/mercedes-suspension-repair-dubai,PASS — direct indexable destination,NO,Not emitted on redirect response,LEGACY ACCESS,No alias-specific query/page attribution inferred,/services/mercedes-suspension-repair-dubai,,RETAIN 308,NO,"Target URL recorded as destination, not an HTML canonical on the redirect."
/brands/mercedes-benz-service-dubai/tire-repair,en,REDIRECT,Legacy alias to existing owner,REDIRECT,Not a rendered indexable document,https://digitecme.com/services/mercedes-tire-repair-dubai,PASS — direct indexable destination,NO,Not emitted on redirect response,LEGACY ACCESS,No alias-specific query/page attribution inferred,/services/mercedes-tire-repair-dubai,,RETAIN 308,NO,"Target URL recorded as destination, not an HTML canonical on the redirect."
/brands/mercedes-benz-service-dubai/transmission-repair,en,REDIRECT,Legacy alias to existing owner,REDIRECT,Not a rendered indexable document,https://digitecme.com/services/mercedes-transmission-repair-dubai,PASS — direct indexable destination,NO,Not emitted on redirect response,LEGACY ACCESS,No alias-specific query/page attribution inferred,/services/mercedes-transmission-repair-dubai,,RETAIN 308,NO,"Target URL recorded as destination, not an HTML canonical on the redirect."
/car-ac-repair,en,REDIRECT,Legacy alias to existing owner,REDIRECT,Not a rendered indexable document,https://digitecme.com/services/car-ac-repair-dubai,PASS — direct indexable destination,NO,Not emitted on redirect response,LEGACY ACCESS,No alias-specific query/page attribution inferred,/services/car-ac-repair-dubai,,RETAIN 308,NO,"Target URL recorded as destination, not an HTML canonical on the redirect."
/car-body-repair,en,REDIRECT,Legacy alias to existing owner,REDIRECT,Not a rendered indexable document,https://digitecme.com/services/car-body-repair-dubai,PASS — direct indexable destination,NO,Not emitted on redirect response,LEGACY ACCESS,No alias-specific query/page attribution inferred,/services/car-body-repair-dubai,,RETAIN 308,NO,"Target URL recorded as destination, not an HTML canonical on the redirect."
/car-diagnostics,en,REDIRECT,Legacy alias to existing owner,REDIRECT,Not a rendered indexable document,https://digitecme.com/services/car-diagnostics-dubai,PASS — direct indexable destination,NO,Not emitted on redirect response,LEGACY ACCESS,No alias-specific query/page attribution inferred,/services/car-diagnostics-dubai,,RETAIN 308,NO,"Target URL recorded as destination, not an HTML canonical on the redirect."
/car-paint-protection,en,REDIRECT,Legacy alias to existing owner,REDIRECT,Not a rendered indexable document,https://digitecme.com/services/paint-protection-dubai,PASS — direct indexable destination,NO,Not emitted on redirect response,LEGACY ACCESS,No alias-specific query/page attribution inferred,/services/paint-protection-dubai,,RETAIN 308,NO,"Target URL recorded as destination, not an HTML canonical on the redirect."
/car-programming-diagnostic,en,REDIRECT,Legacy alias to existing owner,REDIRECT,Not a rendered indexable document,https://digitecme.com/services/car-diagnostics-dubai,PASS — direct indexable destination,NO,Not emitted on redirect response,LEGACY ACCESS,No alias-specific query/page attribution inferred,/services/car-diagnostics-dubai,,RETAIN 308,NO,"Target URL recorded as destination, not an HTML canonical on the redirect."
/car-service,en,REDIRECT,Legacy alias to existing owner,REDIRECT,Not a rendered indexable document,https://digitecme.com/services/car-service-dubai,PASS — direct indexable destination,NO,Not emitted on redirect response,LEGACY ACCESS,No alias-specific query/page attribution inferred,/services/car-service-dubai,,RETAIN 308,NO,"Target URL recorded as destination, not an HTML canonical on the redirect."
/ceramic-coating,en,REDIRECT,Legacy alias to existing owner,REDIRECT,Not a rendered indexable document,https://digitecme.com/services/ceramic-coating,PASS — direct indexable destination,NO,Not emitted on redirect response,LEGACY ACCESS,No alias-specific query/page attribution inferred,/services/ceramic-coating,,RETAIN 308,NO,"Target URL recorded as destination, not an HTML canonical on the redirect."
/contact,en,REDIRECT,Legacy alias to existing owner,REDIRECT,Not a rendered indexable document,https://digitecme.com/about,PASS — direct indexable destination,NO,Not emitted on redirect response,LEGACY ACCESS,No alias-specific query/page attribution inferred,/about,,RETAIN 308,NO,"Target URL recorded as destination, not an HTML canonical on the redirect."
/contact-us,en,REDIRECT,Legacy alias to existing owner,REDIRECT,Not a rendered indexable document,https://digitecme.com/about,PASS — direct indexable destination,NO,Not emitted on redirect response,LEGACY ACCESS,No alias-specific query/page attribution inferred,/about,,RETAIN 308,NO,"Target URL recorded as destination, not an HTML canonical on the redirect."
/electrical-system-repairs,en,REDIRECT,Legacy alias to existing owner,REDIRECT,Not a rendered indexable document,https://digitecme.com/services/auto-electrical-repair-dubai,PASS — direct indexable destination,NO,Not emitted on redirect response,LEGACY ACCESS,No alias-specific query/page attribution inferred,/services/auto-electrical-repair-dubai,,RETAIN 308,NO,"Target URL recorded as destination, not an HTML canonical on the redirect."
/engine-diagnostics,en,REDIRECT,Legacy alias to existing owner,REDIRECT,Not a rendered indexable document,https://digitecme.com/services/car-diagnostics-dubai,PASS — direct indexable destination,NO,Not emitted on redirect response,LEGACY ACCESS,No alias-specific query/page attribution inferred,/services/car-diagnostics-dubai,,RETAIN 308,NO,"Target URL recorded as destination, not an HTML canonical on the redirect."
/engine-diagnostics-dubai,en,REDIRECT,Legacy alias to existing owner,REDIRECT,Not a rendered indexable document,https://digitecme.com/services/car-diagnostics-dubai,PASS — direct indexable destination,NO,Not emitted on redirect response,LEGACY ACCESS,No alias-specific query/page attribution inferred,/services/car-diagnostics-dubai,,RETAIN 308,NO,"Target URL recorded as destination, not an HTML canonical on the redirect."
/exhaust-repair,en,REDIRECT,Legacy alias to existing owner,REDIRECT,Not a rendered indexable document,https://digitecme.com/services/exhaust-repair-dubai,PASS — direct indexable destination,NO,Not emitted on redirect response,LEGACY ACCESS,No alias-specific query/page attribution inferred,/services/exhaust-repair-dubai,,RETAIN 308,NO,"Target URL recorded as destination, not an HTML canonical on the redirect."
/faq-page,en,REDIRECT,Legacy alias to existing owner,REDIRECT,Not a rendered indexable document,https://digitecme.com/faq,PASS — direct indexable destination,NO,Not emitted on redirect response,LEGACY ACCESS,No alias-specific query/page attribution inferred,/faq,,RETAIN 308,NO,"Target URL recorded as destination, not an HTML canonical on the redirect."
/faqs,en,REDIRECT,Legacy alias to existing owner,REDIRECT,Not a rendered indexable document,https://digitecme.com/faq,PASS — direct indexable destination,NO,Not emitted on redirect response,LEGACY ACCESS,No alias-specific query/page attribution inferred,/faq,,RETAIN 308,NO,"Target URL recorded as destination, not an HTML canonical on the redirect."
/fuel-system-repair,en,REDIRECT,Legacy alias to existing owner,REDIRECT,Not a rendered indexable document,https://digitecme.com/services/fuel-system-repair-dubai,PASS — direct indexable destination,NO,Not emitted on redirect response,LEGACY ACCESS,No alias-specific query/page attribution inferred,/services/fuel-system-repair-dubai,,RETAIN 308,NO,"Target URL recorded as destination, not an HTML canonical on the redirect."
/home,en,REDIRECT,Legacy alias to existing owner,REDIRECT,Not a rendered indexable document,https://digitecme.com/,PASS — direct indexable destination,NO,Not emitted on redirect response,LEGACY ACCESS,No alias-specific query/page attribution inferred,/,,RETAIN 308,NO,"Target URL recorded as destination, not an HTML canonical on the redirect."
/index.html,en,REDIRECT,Legacy alias to existing owner,REDIRECT,Not a rendered indexable document,https://digitecme.com/,PASS — direct indexable destination,NO,Not emitted on redirect response,LEGACY ACCESS,No alias-specific query/page attribution inferred,/,,RETAIN 308,NO,"Target URL recorded as destination, not an HTML canonical on the redirect."
/index.php,en,REDIRECT,Legacy alias to existing owner,REDIRECT,Not a rendered indexable document,https://digitecme.com/,PASS — direct indexable destination,NO,Not emitted on redirect response,LEGACY ACCESS,No alias-specific query/page attribution inferred,/,,RETAIN 308,NO,"Target URL recorded as destination, not an HTML canonical on the redirect."
/mechanical-repair,en,REDIRECT,Legacy alias to existing owner,REDIRECT,Not a rendered indexable document,https://digitecme.com/services/mechanical-repair-dubai,PASS — direct indexable destination,NO,Not emitted on redirect response,LEGACY ACCESS,No alias-specific query/page attribution inferred,/services/mechanical-repair-dubai,,RETAIN 308,NO,"Target URL recorded as destination, not an HTML canonical on the redirect."
/mechanical-repair-dubai,en,REDIRECT,Legacy alias to existing owner,REDIRECT,Not a rendered indexable document,https://digitecme.com/services/mechanical-repair-dubai,PASS — direct indexable destination,NO,Not emitted on redirect response,LEGACY ACCESS,No alias-specific query/page attribution inferred,/services/mechanical-repair-dubai,,RETAIN 308,NO,"Target URL recorded as destination, not an HTML canonical on the redirect."
/mercedes,en,REDIRECT,Legacy alias to existing owner,REDIRECT,Not a rendered indexable document,https://digitecme.com/brands/mercedes-benz-service-dubai,PASS — direct indexable destination,NO,Not emitted on redirect response,LEGACY ACCESS,No alias-specific query/page attribution inferred,/brands/mercedes-benz-service-dubai,,RETAIN 308,NO,"Target URL recorded as destination, not an HTML canonical on the redirect."
/mercedes-ac-repair,en,REDIRECT,Legacy alias to existing owner,REDIRECT,Not a rendered indexable document,https://digitecme.com/services/mercedes-ac-repair-dubai,PASS — direct indexable destination,NO,Not emitted on redirect response,LEGACY ACCESS,No alias-specific query/page attribution inferred,/services/mercedes-ac-repair-dubai,,RETAIN 308,NO,"Target URL recorded as destination, not an HTML canonical on the redirect."
/mercedes-ac-repair-dubai,en,REDIRECT,Legacy alias to existing owner,REDIRECT,Not a rendered indexable document,https://digitecme.com/services/mercedes-ac-repair-dubai,PASS — direct indexable destination,NO,Not emitted on redirect response,LEGACY ACCESS,No alias-specific query/page attribution inferred,/services/mercedes-ac-repair-dubai,,RETAIN 308,NO,"Target URL recorded as destination, not an HTML canonical on the redirect."
/mercedes-body-repair,en,REDIRECT,Legacy alias to existing owner,REDIRECT,Not a rendered indexable document,https://digitecme.com/services/mercedes-body-repair-dubai,PASS — direct indexable destination,NO,Not emitted on redirect response,LEGACY ACCESS,No alias-specific query/page attribution inferred,/services/mercedes-body-repair-dubai,,RETAIN 308,NO,"Target URL recorded as destination, not an HTML canonical on the redirect."
/mercedes-body-repair-dubai,en,REDIRECT,Legacy alias to existing owner,REDIRECT,Not a rendered indexable document,https://digitecme.com/services/mercedes-body-repair-dubai,PASS — direct indexable destination,NO,Not emitted on redirect response,LEGACY ACCESS,No alias-specific query/page attribution inferred,/services/mercedes-body-repair-dubai,,RETAIN 308,NO,"Target URL recorded as destination, not an HTML canonical on the redirect."
/mercedes-brake-repair,en,REDIRECT,Legacy alias to existing owner,REDIRECT,Not a rendered indexable document,https://digitecme.com/services/mercedes-brake-repair-dubai,PASS — direct indexable destination,NO,Not emitted on redirect response,LEGACY ACCESS,No alias-specific query/page attribution inferred,/services/mercedes-brake-repair-dubai,,RETAIN 308,NO,"Target URL recorded as destination, not an HTML canonical on the redirect."
/mercedes-brake-repair-dubai,en,REDIRECT,Legacy alias to existing owner,REDIRECT,Not a rendered indexable document,https://digitecme.com/services/mercedes-brake-repair-dubai,PASS — direct indexable destination,NO,Not emitted on redirect response,LEGACY ACCESS,No alias-specific query/page attribution inferred,/services/mercedes-brake-repair-dubai,,RETAIN 308,NO,"Target URL recorded as destination, not an HTML canonical on the redirect."
/mercedes-oil-change,en,REDIRECT,Legacy alias to existing owner,REDIRECT,Not a rendered indexable document,https://digitecme.com/services/mercedes-oil-change-dubai,PASS — direct indexable destination,NO,Not emitted on redirect response,LEGACY ACCESS,No alias-specific query/page attribution inferred,/services/mercedes-oil-change-dubai,,RETAIN 308,NO,"Target URL recorded as destination, not an HTML canonical on the redirect."
/mercedes-oil-change-dubai,en,REDIRECT,Legacy alias to existing owner,REDIRECT,Not a rendered indexable document,https://digitecme.com/services/mercedes-oil-change-dubai,PASS — direct indexable destination,NO,Not emitted on redirect response,LEGACY ACCESS,No alias-specific query/page attribution inferred,/services/mercedes-oil-change-dubai,,RETAIN 308,NO,"Target URL recorded as destination, not an HTML canonical on the redirect."
/mercedes-repair,en,REDIRECT,Legacy alias to existing owner,REDIRECT,Not a rendered indexable document,https://digitecme.com/brands/mercedes-benz-service-dubai,PASS — direct indexable destination,NO,Not emitted on redirect response,LEGACY ACCESS,No alias-specific query/page attribution inferred,/brands/mercedes-benz-service-dubai,,RETAIN 308,NO,"Target URL recorded as destination, not an HTML canonical on the redirect."
/mercedes-repair-dubai,en,REDIRECT,Legacy alias to existing owner,REDIRECT,Not a rendered indexable document,https://digitecme.com/brands/mercedes-benz-service-dubai,PASS — direct indexable destination,NO,Not emitted on redirect response,LEGACY ACCESS,No alias-specific query/page attribution inferred,/brands/mercedes-benz-service-dubai,,RETAIN 308,NO,"Target URL recorded as destination, not an HTML canonical on the redirect."
/mercedes-service,en,REDIRECT,Legacy alias to existing owner,REDIRECT,Not a rendered indexable document,https://digitecme.com/brands/mercedes-benz-service-dubai,PASS — direct indexable destination,NO,Not emitted on redirect response,LEGACY ACCESS,No alias-specific query/page attribution inferred,/brands/mercedes-benz-service-dubai,,RETAIN 308,NO,"Target URL recorded as destination, not an HTML canonical on the redirect."
/mercedes-suspension-repair,en,REDIRECT,Legacy alias to existing owner,REDIRECT,Not a rendered indexable document,https://digitecme.com/services/mercedes-suspension-repair-dubai,PASS — direct indexable destination,NO,Not emitted on redirect response,LEGACY ACCESS,No alias-specific query/page attribution inferred,/services/mercedes-suspension-repair-dubai,,RETAIN 308,NO,"Target URL recorded as destination, not an HTML canonical on the redirect."
/mercedes-suspension-repair-dubai,en,REDIRECT,Legacy alias to existing owner,REDIRECT,Not a rendered indexable document,https://digitecme.com/services/mercedes-suspension-repair-dubai,PASS — direct indexable destination,NO,Not emitted on redirect response,LEGACY ACCESS,No alias-specific query/page attribution inferred,/services/mercedes-suspension-repair-dubai,,RETAIN 308,NO,"Target URL recorded as destination, not an HTML canonical on the redirect."
/mercedes-transmission-repair,en,REDIRECT,Legacy alias to existing owner,REDIRECT,Not a rendered indexable document,https://digitecme.com/services/mercedes-transmission-repair-dubai,PASS — direct indexable destination,NO,Not emitted on redirect response,LEGACY ACCESS,No alias-specific query/page attribution inferred,/services/mercedes-transmission-repair-dubai,,RETAIN 308,NO,"Target URL recorded as destination, not an HTML canonical on the redirect."
/mercedes-transmission-repair-dubai,en,REDIRECT,Legacy alias to existing owner,REDIRECT,Not a rendered indexable document,https://digitecme.com/services/mercedes-transmission-repair-dubai,PASS — direct indexable destination,NO,Not emitted on redirect response,LEGACY ACCESS,No alias-specific query/page attribution inferred,/services/mercedes-transmission-repair-dubai,,RETAIN 308,NO,"Target URL recorded as destination, not an HTML canonical on the redirect."
/mercedes-workshop,en,REDIRECT,Legacy alias to existing owner,REDIRECT,Not a rendered indexable document,https://digitecme.com/brands/mercedes-benz-service-dubai,PASS — direct indexable destination,NO,Not emitted on redirect response,LEGACY ACCESS,No alias-specific query/page attribution inferred,/brands/mercedes-benz-service-dubai,,RETAIN 308,NO,"Target URL recorded as destination, not an HTML canonical on the redirect."
/news,en,REDIRECT,Legacy alias to existing owner,REDIRECT,Not a rendered indexable document,https://digitecme.com/blog,PASS — direct indexable destination,NO,Not emitted on redirect response,LEGACY ACCESS,No alias-specific query/page attribution inferred,/blog,,RETAIN 308,NO,"Target URL recorded as destination, not an HTML canonical on the redirect."
/oil-change,en,REDIRECT,Legacy alias to existing owner,REDIRECT,Not a rendered indexable document,https://digitecme.com/services/oil-change-dubai,PASS — direct indexable destination,NO,Not emitted on redirect response,LEGACY ACCESS,No alias-specific query/page attribution inferred,/services/oil-change-dubai,,RETAIN 308,NO,"Target URL recorded as destination, not an HTML canonical on the redirect."
/oil-change-service,en,REDIRECT,Legacy alias to existing owner,REDIRECT,Not a rendered indexable document,https://digitecme.com/services/oil-change-dubai,PASS — direct indexable destination,NO,Not emitted on redirect response,LEGACY ACCESS,No alias-specific query/page attribution inferred,/services/oil-change-dubai,,RETAIN 308,NO,"Target URL recorded as destination, not an HTML canonical on the redirect."
/our-services,en,REDIRECT,Legacy alias to existing owner,REDIRECT,Not a rendered indexable document,https://digitecme.com/services,PASS — direct indexable destination,NO,Not emitted on redirect response,LEGACY ACCESS,No alias-specific query/page attribution inferred,/services,,RETAIN 308,NO,"Target URL recorded as destination, not an HTML canonical on the redirect."
/our-story,en,REDIRECT,Legacy alias to existing owner,REDIRECT,Not a rendered indexable document,https://digitecme.com/about,PASS — direct indexable destination,NO,Not emitted on redirect response,LEGACY ACCESS,No alias-specific query/page attribution inferred,/about,,RETAIN 308,NO,"Target URL recorded as destination, not an HTML canonical on the redirect."
/paint-protection,en,REDIRECT,Legacy alias to existing owner,REDIRECT,Not a rendered indexable document,https://digitecme.com/services/paint-protection-dubai,PASS — direct indexable destination,NO,Not emitted on redirect response,LEGACY ACCESS,No alias-specific query/page attribution inferred,/services/paint-protection-dubai,,RETAIN 308,NO,"Target URL recorded as destination, not an HTML canonical on the redirect."
/performance-tuning,en,REDIRECT,Legacy alias to existing owner,REDIRECT,Not a rendered indexable document,https://digitecme.com/tuning,PASS — direct indexable destination,NO,Not emitted on redirect response,LEGACY ACCESS,No alias-specific query/page attribution inferred,/tuning,,RETAIN 308,NO,"Target URL recorded as destination, not an HTML canonical on the redirect."
/performance-tuning-dubai,en,REDIRECT,Legacy alias to existing owner,REDIRECT,Not a rendered indexable document,https://digitecme.com/tuning,PASS — direct indexable destination,NO,Not emitted on redirect response,LEGACY ACCESS,No alias-specific query/page attribution inferred,/tuning,,RETAIN 308,NO,"Target URL recorded as destination, not an HTML canonical on the redirect."
/ppf,en,REDIRECT,Legacy alias to existing owner,REDIRECT,Not a rendered indexable document,https://digitecme.com/services/paint-protection-film,PASS — direct indexable destination,NO,Not emitted on redirect response,LEGACY ACCESS,No alias-specific query/page attribution inferred,/services/paint-protection-film,,RETAIN 308,NO,"Target URL recorded as destination, not an HTML canonical on the redirect."
/privacy-policy,en,REDIRECT,Legacy alias to existing owner,REDIRECT,Not a rendered indexable document,https://digitecme.com/,PASS — direct indexable destination,NO,Not emitted on redirect response,LEGACY ACCESS,No alias-specific query/page attribution inferred,/,,RETAIN 308,NO,"Target URL recorded as destination, not an HTML canonical on the redirect."
/routine-maintenance,en,REDIRECT,Legacy alias to existing owner,REDIRECT,Not a rendered indexable document,https://digitecme.com/services/car-service-dubai,PASS — direct indexable destination,NO,Not emitted on redirect response,LEGACY ACCESS,No alias-specific query/page attribution inferred,/services/car-service-dubai,,RETAIN 308,NO,"Target URL recorded as destination, not an HTML canonical on the redirect."
/services-page,en,REDIRECT,Legacy alias to existing owner,REDIRECT,Not a rendered indexable document,https://digitecme.com/services,PASS — direct indexable destination,NO,Not emitted on redirect response,LEGACY ACCESS,No alias-specific query/page attribution inferred,/services,,RETAIN 308,NO,"Target URL recorded as destination, not an HTML canonical on the redirect."
/services/ac-repair-maintenance,en,REDIRECT,Legacy alias to existing owner,REDIRECT,Not a rendered indexable document,https://digitecme.com/services/car-ac-repair-dubai,PASS — direct indexable destination,NO,Not emitted on redirect response,LEGACY ACCESS,No alias-specific query/page attribution inferred,/services/car-ac-repair-dubai,,RETAIN 308,NO,"Target URL recorded as destination, not an HTML canonical on the redirect."
/services/auto-electrical-repair,en,REDIRECT,Legacy alias to existing owner,REDIRECT,Not a rendered indexable document,https://digitecme.com/services/auto-electrical-repair-dubai,PASS — direct indexable destination,NO,Not emitted on redirect response,LEGACY ACCESS,No alias-specific query/page attribution inferred,/services/auto-electrical-repair-dubai,,RETAIN 308,NO,"Target URL recorded as destination, not an HTML canonical on the redirect."
/services/battery-changes,en,REDIRECT,Legacy alias to existing owner,REDIRECT,Not a rendered indexable document,https://digitecme.com/services/battery-replacement-dubai,PASS — direct indexable destination,NO,Not emitted on redirect response,LEGACY ACCESS,No alias-specific query/page attribution inferred,/services/battery-replacement-dubai,,RETAIN 308,NO,"Target URL recorded as destination, not an HTML canonical on the redirect."
/services/battery-replacement,en,REDIRECT,Legacy alias to existing owner,REDIRECT,Not a rendered indexable document,https://digitecme.com/services/battery-replacement-dubai,PASS — direct indexable destination,NO,Not emitted on redirect response,LEGACY ACCESS,No alias-specific query/page attribution inferred,/services/battery-replacement-dubai,,RETAIN 308,NO,"Target URL recorded as destination, not an HTML canonical on the redirect."
/services/body-repair,en,REDIRECT,Legacy alias to existing owner,REDIRECT,Not a rendered indexable document,https://digitecme.com/services/car-body-repair-dubai,PASS — direct indexable destination,NO,Not emitted on redirect response,LEGACY ACCESS,No alias-specific query/page attribution inferred,/services/car-body-repair-dubai,,RETAIN 308,NO,"Target URL recorded as destination, not an HTML canonical on the redirect."
/services/brake-repair,en,REDIRECT,Legacy alias to existing owner,REDIRECT,Not a rendered indexable document,https://digitecme.com/services/brake-repair-dubai,PASS — direct indexable destination,NO,Not emitted on redirect response,LEGACY ACCESS,No alias-specific query/page attribution inferred,/services/brake-repair-dubai,,RETAIN 308,NO,"Target URL recorded as destination, not an HTML canonical on the redirect."
/services/brake-system-repairs,en,REDIRECT,Legacy alias to existing owner,REDIRECT,Not a rendered indexable document,https://digitecme.com/services/brake-repair-dubai,PASS — direct indexable destination,NO,Not emitted on redirect response,LEGACY ACCESS,No alias-specific query/page attribution inferred,/services/brake-repair-dubai,,RETAIN 308,NO,"Target URL recorded as destination, not an HTML canonical on the redirect."
/services/car-ac-repair,en,REDIRECT,Legacy alias to existing owner,REDIRECT,Not a rendered indexable document,https://digitecme.com/services/car-ac-repair-dubai,PASS — direct indexable destination,NO,Not emitted on redirect response,LEGACY ACCESS,No alias-specific query/page attribution inferred,/services/car-ac-repair-dubai,,RETAIN 308,NO,"Target URL recorded as destination, not an HTML canonical on the redirect."
/services/car-body-repair,en,REDIRECT,Legacy alias to existing owner,REDIRECT,Not a rendered indexable document,https://digitecme.com/services/car-body-repair-dubai,PASS — direct indexable destination,NO,Not emitted on redirect response,LEGACY ACCESS,No alias-specific query/page attribution inferred,/services/car-body-repair-dubai,,RETAIN 308,NO,"Target URL recorded as destination, not an HTML canonical on the redirect."
/services/car-diagnostics,en,REDIRECT,Legacy alias to existing owner,REDIRECT,Not a rendered indexable document,https://digitecme.com/services/car-diagnostics-dubai,PASS — direct indexable destination,NO,Not emitted on redirect response,LEGACY ACCESS,No alias-specific query/page attribution inferred,/services/car-diagnostics-dubai,,RETAIN 308,NO,"Target URL recorded as destination, not an HTML canonical on the redirect."
/services/car-paint-protection,en,REDIRECT,Legacy alias to existing owner,REDIRECT,Not a rendered indexable document,https://digitecme.com/services/paint-protection-dubai,PASS — direct indexable destination,NO,Not emitted on redirect response,LEGACY ACCESS,No alias-specific query/page attribution inferred,/services/paint-protection-dubai,,RETAIN 308,NO,"Target URL recorded as destination, not an HTML canonical on the redirect."
/services/car-programming-diagnostic,en,REDIRECT,Legacy alias to existing owner,REDIRECT,Not a rendered indexable document,https://digitecme.com/services/car-diagnostics-dubai,PASS — direct indexable destination,NO,Not emitted on redirect response,LEGACY ACCESS,No alias-specific query/page attribution inferred,/services/car-diagnostics-dubai,,RETAIN 308,NO,"Target URL recorded as destination, not an HTML canonical on the redirect."
/services/car-service,en,REDIRECT,Legacy alias to existing owner,REDIRECT,Not a rendered indexable document,https://digitecme.com/services/car-service-dubai,PASS — direct indexable destination,NO,Not emitted on redirect response,LEGACY ACCESS,No alias-specific query/page attribution inferred,/services/car-service-dubai,,RETAIN 308,NO,"Target URL recorded as destination, not an HTML canonical on the redirect."
/services/electrical-system-repairs,en,REDIRECT,Legacy alias to existing owner,REDIRECT,Not a rendered indexable document,https://digitecme.com/services/auto-electrical-repair-dubai,PASS — direct indexable destination,NO,Not emitted on redirect response,LEGACY ACCESS,No alias-specific query/page attribution inferred,/services/auto-electrical-repair-dubai,,RETAIN 308,NO,"Target URL recorded as destination, not an HTML canonical on the redirect."
/services/engine-diagnostics,en,REDIRECT,Legacy alias to existing owner,REDIRECT,Not a rendered indexable document,https://digitecme.com/services/car-diagnostics-dubai,PASS — direct indexable destination,NO,Not emitted on redirect response,LEGACY ACCESS,No alias-specific query/page attribution inferred,/services/car-diagnostics-dubai,,RETAIN 308,NO,"Target URL recorded as destination, not an HTML canonical on the redirect."
/services/engine-diagnostics-dubai,en,REDIRECT,Legacy alias to existing owner,REDIRECT,Not a rendered indexable document,https://digitecme.com/services/car-diagnostics-dubai,PASS — direct indexable destination,NO,Not emitted on redirect response,LEGACY ACCESS,No alias-specific query/page attribution inferred,/services/car-diagnostics-dubai,,RETAIN 308,NO,"Target URL recorded as destination, not an HTML canonical on the redirect."
/services/exhaust-repair,en,REDIRECT,Legacy alias to existing owner,REDIRECT,Not a rendered indexable document,https://digitecme.com/services/exhaust-repair-dubai,PASS — direct indexable destination,NO,Not emitted on redirect response,LEGACY ACCESS,No alias-specific query/page attribution inferred,/services/exhaust-repair-dubai,,RETAIN 308,NO,"Target URL recorded as destination, not an HTML canonical on the redirect."
/services/fuel-system-repair,en,REDIRECT,Legacy alias to existing owner,REDIRECT,Not a rendered indexable document,https://digitecme.com/services/fuel-system-repair-dubai,PASS — direct indexable destination,NO,Not emitted on redirect response,LEGACY ACCESS,No alias-specific query/page attribution inferred,/services/fuel-system-repair-dubai,,RETAIN 308,NO,"Target URL recorded as destination, not an HTML canonical on the redirect."
/services/mechanical-repair,en,REDIRECT,Legacy alias to existing owner,REDIRECT,Not a rendered indexable document,https://digitecme.com/services/mechanical-repair-dubai,PASS — direct indexable destination,NO,Not emitted on redirect response,LEGACY ACCESS,No alias-specific query/page attribution inferred,/services/mechanical-repair-dubai,,RETAIN 308,NO,"Target URL recorded as destination, not an HTML canonical on the redirect."
/services/mercedes-ac-repair,en,REDIRECT,Legacy alias to existing owner,REDIRECT,Not a rendered indexable document,https://digitecme.com/services/mercedes-ac-repair-dubai,PASS — direct indexable destination,NO,Not emitted on redirect response,LEGACY ACCESS,No alias-specific query/page attribution inferred,/services/mercedes-ac-repair-dubai,,RETAIN 308,NO,"Target URL recorded as destination, not an HTML canonical on the redirect."
/services/mercedes-body-repair,en,REDIRECT,Legacy alias to existing owner,REDIRECT,Not a rendered indexable document,https://digitecme.com/services/mercedes-body-repair-dubai,PASS — direct indexable destination,NO,Not emitted on redirect response,LEGACY ACCESS,No alias-specific query/page attribution inferred,/services/mercedes-body-repair-dubai,,RETAIN 308,NO,"Target URL recorded as destination, not an HTML canonical on the redirect."
/services/mercedes-brake-repair,en,REDIRECT,Legacy alias to existing owner,REDIRECT,Not a rendered indexable document,https://digitecme.com/services/mercedes-brake-repair-dubai,PASS — direct indexable destination,NO,Not emitted on redirect response,LEGACY ACCESS,No alias-specific query/page attribution inferred,/services/mercedes-brake-repair-dubai,,RETAIN 308,NO,"Target URL recorded as destination, not an HTML canonical on the redirect."
/services/mercedes-oil-change,en,REDIRECT,Legacy alias to existing owner,REDIRECT,Not a rendered indexable document,https://digitecme.com/services/mercedes-oil-change-dubai,PASS — direct indexable destination,NO,Not emitted on redirect response,LEGACY ACCESS,No alias-specific query/page attribution inferred,/services/mercedes-oil-change-dubai,,RETAIN 308,NO,"Target URL recorded as destination, not an HTML canonical on the redirect."
/services/mercedes-repair,en,REDIRECT,Legacy alias to existing owner,REDIRECT,Not a rendered indexable document,https://digitecme.com/brands/mercedes-benz-service-dubai,PASS — direct indexable destination,NO,Not emitted on redirect response,LEGACY ACCESS,No alias-specific query/page attribution inferred,/brands/mercedes-benz-service-dubai,,RETAIN 308,NO,"Target URL recorded as destination, not an HTML canonical on the redirect."
/services/mercedes-repair-dubai,en,REDIRECT,Legacy alias to existing owner,REDIRECT,Not a rendered indexable document,https://digitecme.com/brands/mercedes-benz-service-dubai,PASS — direct indexable destination,NO,Not emitted on redirect response,LEGACY ACCESS,No alias-specific query/page attribution inferred,/brands/mercedes-benz-service-dubai,,RETAIN 308,NO,"Target URL recorded as destination, not an HTML canonical on the redirect."
/services/mercedes-service-dubai,en,REDIRECT,Legacy alias to existing owner,REDIRECT,Not a rendered indexable document,https://digitecme.com/brands/mercedes-benz-service-dubai,PASS — direct indexable destination,NO,Not emitted on redirect response,LEGACY ACCESS,No alias-specific query/page attribution inferred,/brands/mercedes-benz-service-dubai,,RETAIN 308,NO,"Target URL recorded as destination, not an HTML canonical on the redirect."
/services/mercedes-suspension-repair,en,REDIRECT,Legacy alias to existing owner,REDIRECT,Not a rendered indexable document,https://digitecme.com/services/mercedes-suspension-repair-dubai,PASS — direct indexable destination,NO,Not emitted on redirect response,LEGACY ACCESS,No alias-specific query/page attribution inferred,/services/mercedes-suspension-repair-dubai,,RETAIN 308,NO,"Target URL recorded as destination, not an HTML canonical on the redirect."
/services/mercedes-transmission-repair,en,REDIRECT,Legacy alias to existing owner,REDIRECT,Not a rendered indexable document,https://digitecme.com/services/mercedes-transmission-repair-dubai,PASS — direct indexable destination,NO,Not emitted on redirect response,LEGACY ACCESS,No alias-specific query/page attribution inferred,/services/mercedes-transmission-repair-dubai,,RETAIN 308,NO,"Target URL recorded as destination, not an HTML canonical on the redirect."
/services/oil-change,en,REDIRECT,Legacy alias to existing owner,REDIRECT,Not a rendered indexable document,https://digitecme.com/services/oil-change-dubai,PASS — direct indexable destination,NO,Not emitted on redirect response,LEGACY ACCESS,No alias-specific query/page attribution inferred,/services/oil-change-dubai,,RETAIN 308,NO,"Target URL recorded as destination, not an HTML canonical on the redirect."
/services/oil-change-service,en,REDIRECT,Legacy alias to existing owner,REDIRECT,Not a rendered indexable document,https://digitecme.com/services/oil-change-dubai,PASS — direct indexable destination,NO,Not emitted on redirect response,LEGACY ACCESS,No alias-specific query/page attribution inferred,/services/oil-change-dubai,,RETAIN 308,NO,"Target URL recorded as destination, not an HTML canonical on the redirect."
/services/paint-protection,en,REDIRECT,Legacy alias to existing owner,REDIRECT,Not a rendered indexable document,https://digitecme.com/services/paint-protection-dubai,PASS — direct indexable destination,NO,Not emitted on redirect response,LEGACY ACCESS,No alias-specific query/page attribution inferred,/services/paint-protection-dubai,,RETAIN 308,NO,"Target URL recorded as destination, not an HTML canonical on the redirect."
/services/performance-tuning,en,REDIRECT,Legacy alias to existing owner,REDIRECT,Not a rendered indexable document,https://digitecme.com/tuning,PASS — direct indexable destination,NO,Not emitted on redirect response,LEGACY ACCESS,No alias-specific query/page attribution inferred,/tuning,,RETAIN 308,NO,"Target URL recorded as destination, not an HTML canonical on the redirect."
/services/performance-tuning-dubai,en,REDIRECT,Legacy alias to existing owner,REDIRECT,Not a rendered indexable document,https://digitecme.com/tuning,PASS — direct indexable destination,NO,Not emitted on redirect response,LEGACY ACCESS,No alias-specific query/page attribution inferred,/tuning,,RETAIN 308,NO,"Target URL recorded as destination, not an HTML canonical on the redirect."
/services/ppf,en,REDIRECT,Legacy alias to existing owner,REDIRECT,Not a rendered indexable document,https://digitecme.com/services/paint-protection-film,PASS — direct indexable destination,NO,Not emitted on redirect response,LEGACY ACCESS,No alias-specific query/page attribution inferred,/services/paint-protection-film,,RETAIN 308,NO,"Target URL recorded as destination, not an HTML canonical on the redirect."
/services/routine-maintenance,en,REDIRECT,Legacy alias to existing owner,REDIRECT,Not a rendered indexable document,https://digitecme.com/services/car-service-dubai,PASS — direct indexable destination,NO,Not emitted on redirect response,LEGACY ACCESS,No alias-specific query/page attribution inferred,/services/car-service-dubai,,RETAIN 308,NO,"Target URL recorded as destination, not an HTML canonical on the redirect."
/services/steering-repair,en,REDIRECT,Legacy alias to existing owner,REDIRECT,Not a rendered indexable document,https://digitecme.com/services/steering-repair-dubai,PASS — direct indexable destination,NO,Not emitted on redirect response,LEGACY ACCESS,No alias-specific query/page attribution inferred,/services/steering-repair-dubai,,RETAIN 308,NO,"Target URL recorded as destination, not an HTML canonical on the redirect."
/services/suspension-repair,en,REDIRECT,Legacy alias to existing owner,REDIRECT,Not a rendered indexable document,https://digitecme.com/services/suspension-repair-dubai,PASS — direct indexable destination,NO,Not emitted on redirect response,LEGACY ACCESS,No alias-specific query/page attribution inferred,/services/suspension-repair-dubai,,RETAIN 308,NO,"Target URL recorded as destination, not an HTML canonical on the redirect."
/services/tire-repair,en,REDIRECT,Legacy alias to existing owner,REDIRECT,Not a rendered indexable document,https://digitecme.com/services/tire-repair-dubai,PASS — direct indexable destination,NO,Not emitted on redirect response,LEGACY ACCESS,No alias-specific query/page attribution inferred,/services/tire-repair-dubai,,RETAIN 308,NO,"Target URL recorded as destination, not an HTML canonical on the redirect."
/services/transmission-repair,en,REDIRECT,Legacy alias to existing owner,REDIRECT,Not a rendered indexable document,https://digitecme.com/services/transmission-repair-dubai,PASS — direct indexable destination,NO,Not emitted on redirect response,LEGACY ACCESS,No alias-specific query/page attribution inferred,/services/transmission-repair-dubai,,RETAIN 308,NO,"Target URL recorded as destination, not an HTML canonical on the redirect."
/services/transmission-services,en,REDIRECT,Legacy alias to existing owner,REDIRECT,Not a rendered indexable document,https://digitecme.com/services/transmission-repair-dubai,PASS — direct indexable destination,NO,Not emitted on redirect response,LEGACY ACCESS,No alias-specific query/page attribution inferred,/services/transmission-repair-dubai,,RETAIN 308,NO,"Target URL recorded as destination, not an HTML canonical on the redirect."
/some-of-our-work,en,REDIRECT,Legacy alias to existing owner,REDIRECT,Not a rendered indexable document,https://digitecme.com/vrx,PASS — direct indexable destination,NO,Not emitted on redirect response,LEGACY ACCESS,No alias-specific query/page attribution inferred,/vrx,,RETAIN 308,NO,"Target URL recorded as destination, not an HTML canonical on the redirect."
/steering-repair,en,REDIRECT,Legacy alias to existing owner,REDIRECT,Not a rendered indexable document,https://digitecme.com/services/steering-repair-dubai,PASS — direct indexable destination,NO,Not emitted on redirect response,LEGACY ACCESS,No alias-specific query/page attribution inferred,/services/steering-repair-dubai,,RETAIN 308,NO,"Target URL recorded as destination, not an HTML canonical on the redirect."
/suspension-repair,en,REDIRECT,Legacy alias to existing owner,REDIRECT,Not a rendered indexable document,https://digitecme.com/services/suspension-repair-dubai,PASS — direct indexable destination,NO,Not emitted on redirect response,LEGACY ACCESS,No alias-specific query/page attribution inferred,/services/suspension-repair-dubai,,RETAIN 308,NO,"Target URL recorded as destination, not an HTML canonical on the redirect."
/team,en,REDIRECT,Legacy alias to existing owner,REDIRECT,Not a rendered indexable document,https://digitecme.com/about,PASS — direct indexable destination,NO,Not emitted on redirect response,LEGACY ACCESS,No alias-specific query/page attribution inferred,/about,,RETAIN 308,NO,"Target URL recorded as destination, not an HTML canonical on the redirect."
/terms-of-service,en,REDIRECT,Legacy alias to existing owner,REDIRECT,Not a rendered indexable document,https://digitecme.com/,PASS — direct indexable destination,NO,Not emitted on redirect response,LEGACY ACCESS,No alias-specific query/page attribution inferred,/,,RETAIN 308,NO,"Target URL recorded as destination, not an HTML canonical on the redirect."
/tire-repair,en,REDIRECT,Legacy alias to existing owner,REDIRECT,Not a rendered indexable document,https://digitecme.com/services/tire-repair-dubai,PASS — direct indexable destination,NO,Not emitted on redirect response,LEGACY ACCESS,No alias-specific query/page attribution inferred,/services/tire-repair-dubai,,RETAIN 308,NO,"Target URL recorded as destination, not an HTML canonical on the redirect."
/transmission-repair,en,REDIRECT,Legacy alias to existing owner,REDIRECT,Not a rendered indexable document,https://digitecme.com/services/transmission-repair-dubai,PASS — direct indexable destination,NO,Not emitted on redirect response,LEGACY ACCESS,No alias-specific query/page attribution inferred,/services/transmission-repair-dubai,,RETAIN 308,NO,"Target URL recorded as destination, not an HTML canonical on the redirect."
/transmission-services,en,REDIRECT,Legacy alias to existing owner,REDIRECT,Not a rendered indexable document,https://digitecme.com/services/transmission-repair-dubai,PASS — direct indexable destination,NO,Not emitted on redirect response,LEGACY ACCESS,No alias-specific query/page attribution inferred,/services/transmission-repair-dubai,,RETAIN 308,NO,"Target URL recorded as destination, not an HTML canonical on the redirect."
/who-we-are,en,REDIRECT,Legacy alias to existing owner,REDIRECT,Not a rendered indexable document,https://digitecme.com/about,PASS — direct indexable destination,NO,Not emitted on redirect response,LEGACY ACCESS,No alias-specific query/page attribution inferred,/about,,RETAIN 308,NO,"Target URL recorded as destination, not an HTML canonical on the redirect."
