raw_keyword,normalized_keyword,brand,source,source_file,source_period,measured_or_generated,gsc_clicks,gsc_impressions,gsc_ctr,gsc_position,search_intent,cluster,primary_owner,supporting_owner,reason,context
cadillac touch screen repair in dubai,cadillac touchscreen repair in dubai,Cadillac,Master Keywords!A21,DIGI-TEC_SEO_Keyword_Universe_Dubai.xlsx,2026-04-12 to 2026-09-25,MEASURED WORKBOOK,0,415,0,52.47,CUE/touchscreen assessment,CUE/touchscreen assessment,/services/cadillac-cue-screen-repair-dubai,/services/auto-electrical-repair-dubai,Existing dedicated CUE owner covers fault-led repair and supported replacement after diagnosis,Observed GSC long-tail
cadillac srx screen replacement in dubai,cadillac srx screen replacement in dubai,Cadillac,Master Keywords!A93,DIGI-TEC_SEO_Keyword_Universe_Dubai.xlsx,2026-04-12 to 2026-09-25,MEASURED WORKBOOK,0,188,0,53.49,CUE/touchscreen assessment,CUE/touchscreen assessment,/services/cadillac-cue-screen-repair-dubai,/services/auto-electrical-repair-dubai,Existing dedicated CUE owner covers fault-led repair and supported replacement after diagnosis,Observed GSC long-tail
cadillac cue screen replacement in dubai,cadillac cue screen replacement in dubai,Cadillac,Master Keywords!A103,DIGI-TEC_SEO_Keyword_Universe_Dubai.xlsx,2026-04-12 to 2026-09-25,MEASURED WORKBOOK,0,174,0,52.75,CUE/touchscreen assessment,CUE/touchscreen assessment,/services/cadillac-cue-screen-repair-dubai,/services/auto-electrical-repair-dubai,Existing dedicated CUE owner covers fault-led repair and supported replacement after diagnosis,Observed GSC long-tail
cadillac xts touch screen replacement in dubai,cadillac xts touchscreen replacement in dubai,Cadillac,Master Keywords!A189,DIGI-TEC_SEO_Keyword_Universe_Dubai.xlsx,2026-04-12 to 2026-09-25,MEASURED WORKBOOK,0,98,0,44.31,CUE/touchscreen assessment,CUE/touchscreen assessment,/services/cadillac-cue-screen-repair-dubai,/services/auto-electrical-repair-dubai,Existing dedicated CUE owner covers fault-led repair and supported replacement after diagnosis,Observed GSC long-tail
cadillac repair dubai,cadillac repair dubai,Cadillac,Master Keywords!A221,DIGI-TEC_SEO_Keyword_Universe_Dubai.xlsx,2026-04-12 to 2026-09-25,MEASURED WORKBOOK,0,85,0,30.81,Broad Cadillac service,Broad Cadillac service,/brands/cadillac-service-dubai,,Existing Cadillac hub owns broad service and repair enquiry,General repair
cadillac ac repair,cadillac ac repair,Cadillac,Master Keywords!A225,DIGI-TEC_SEO_Keyword_Universe_Dubai.xlsx,2026-04-12 to 2026-09-25,MEASURED WORKBOOK,0,84,0,41.82,AC,AC,/brands/cadillac-service-dubai/ac-repair,/brands/cadillac-service-dubai,Indexable brand service owner,AC & cooling
cadillac service dubai,cadillac service dubai,Cadillac,Master Keywords!A264,DIGI-TEC_SEO_Keyword_Universe_Dubai.xlsx,2026-04-12 to 2026-09-25,MEASURED WORKBOOK,0,74,0,21.27,Broad Cadillac service,Broad Cadillac service,/brands/cadillac-service-dubai,,Existing Cadillac hub owns broad service and repair enquiry,General repair
cadillac oil change dubai,cadillac oil change dubai,Cadillac,Master Keywords!A273,DIGI-TEC_SEO_Keyword_Universe_Dubai.xlsx,2026-04-12 to 2026-09-25,MEASURED WORKBOOK,0,73,0,24.59,Oil service,Oil service,/brands/cadillac-service-dubai/oil-change,/brands/cadillac-service-dubai,Indexable brand service owner,Scheduled service
cadillac repair,cadillac repair,Cadillac,Master Keywords!A279,DIGI-TEC_SEO_Keyword_Universe_Dubai.xlsx,2026-04-12 to 2026-09-25,MEASURED WORKBOOK,0,72,0,29.15,Broad Cadillac service,Broad Cadillac service,/brands/cadillac-service-dubai,,Existing Cadillac hub owns broad service and repair enquiry,General repair
cadillac workshop dubai,cadillac workshop dubai,Cadillac,Master Keywords!A399,DIGI-TEC_SEO_Keyword_Universe_Dubai.xlsx,2026-04-12 to 2026-09-25,MEASURED WORKBOOK,0,47,0,33.49,Broad Cadillac service,Broad Cadillac service,/brands/cadillac-service-dubai,,Existing Cadillac hub owns broad service and repair enquiry,General repair
best cadillac repair garage dubai,best cadillac repair garage dubai,Cadillac,Master Keywords!A448,DIGI-TEC_SEO_Keyword_Universe_Dubai.xlsx,2026-04-12 to 2026-09-25,MEASURED WORKBOOK,0,42,0,57.17,Workshop selection,Workshop selection,/blog/cadillac-best-workshop-dubai,/brands/cadillac-service-dubai,Existing selection guide has a distinct comparison task,Observed GSC long-tail
cadillac repair specialist,cadillac repair specialist,Cadillac,Master Keywords!A466,DIGI-TEC_SEO_Keyword_Universe_Dubai.xlsx,2026-04-12 to 2026-09-25,MEASURED WORKBOOK,0,40,0,37.3,Broad Cadillac service,Broad Cadillac service,/brands/cadillac-service-dubai,,Existing Cadillac hub owns broad service and repair enquiry,Observed GSC long-tail
cadillac transmission repair dubai,cadillac transmission repair dubai,Cadillac,Master Keywords!A497,DIGI-TEC_SEO_Keyword_Universe_Dubai.xlsx,2026-04-12 to 2026-09-25,MEASURED WORKBOOK,0,37,0,26.05,Transmission,Transmission,/services/transmission-repair-dubai,/brands/cadillac-service-dubai/transmission-repair,Existing Cadillac route is intentionally noindex; indexable generic or hub owner,Transmission & gearbox
cadillac maintenance dubai,cadillac maintenance dubai,Cadillac,Master Keywords!A518,DIGI-TEC_SEO_Keyword_Universe_Dubai.xlsx,2026-04-12 to 2026-09-25,MEASURED WORKBOOK,0,35,0,28.71,Broad Cadillac service,Broad Cadillac service,/brands/cadillac-service-dubai,,Existing Cadillac hub owns broad service and repair enquiry,General repair
cadillac service in dubai,cadillac service in dubai,Cadillac,Master Keywords!A519,DIGI-TEC_SEO_Keyword_Universe_Dubai.xlsx,2026-04-12 to 2026-09-25,MEASURED WORKBOOK,0,35,0,22.29,Broad Cadillac service,Broad Cadillac service,/brands/cadillac-service-dubai,,Existing Cadillac hub owns broad service and repair enquiry,Observed GSC long-tail
best cadillac workshop abu dhabi,best cadillac workshop abu dhabi,Cadillac,Master Keywords!A546,DIGI-TEC_SEO_Keyword_Universe_Dubai.xlsx,2026-04-12 to 2026-09-25,MEASURED WORKBOOK,0,33,0,28.24,Out-of-market,Out-of-market,,,Outside Dubai; no location doorway,Observed GSC long-tail
cadillac specialist garage,cadillac specialist garage,Cadillac,Master Keywords!A558,DIGI-TEC_SEO_Keyword_Universe_Dubai.xlsx,2026-04-12 to 2026-09-25,MEASURED WORKBOOK,0,32,0,58.09,Broad Cadillac service,Broad Cadillac service,/brands/cadillac-service-dubai,,Existing Cadillac hub owns broad service and repair enquiry,Observed GSC long-tail
cadillac repair garage dubai,cadillac repair garage dubai,Cadillac,Master Keywords!A644,DIGI-TEC_SEO_Keyword_Universe_Dubai.xlsx,2026-04-12 to 2026-09-25,MEASURED WORKBOOK,0,27,0,40.59,Broad Cadillac service,Broad Cadillac service,/brands/cadillac-service-dubai,,Existing Cadillac hub owns broad service and repair enquiry,Observed GSC long-tail
cadillac service garage dubai,cadillac service garage dubai,Cadillac,Master Keywords!A645,DIGI-TEC_SEO_Keyword_Universe_Dubai.xlsx,2026-04-12 to 2026-09-25,MEASURED WORKBOOK,0,27,0,34.7,Broad Cadillac service,Broad Cadillac service,/brands/cadillac-service-dubai,,Existing Cadillac hub owns broad service and repair enquiry,Observed GSC long-tail
cadillac repair in dubai,cadillac repair in dubai,Cadillac,Master Keywords!A666,DIGI-TEC_SEO_Keyword_Universe_Dubai.xlsx,2026-04-12 to 2026-09-25,MEASURED WORKBOOK,0,26,0,29.15,Broad Cadillac service,Broad Cadillac service,/brands/cadillac-service-dubai,,Existing Cadillac hub owns broad service and repair enquiry,Observed GSC long-tail
cadillac garage dubai,cadillac garage dubai,Cadillac,Master Keywords!A719,DIGI-TEC_SEO_Keyword_Universe_Dubai.xlsx,2026-04-12 to 2026-09-25,MEASURED WORKBOOK,0,24,0,49.46,Broad Cadillac service,Broad Cadillac service,/brands/cadillac-service-dubai,,Existing Cadillac hub owns broad service and repair enquiry,General repair
cadillac engine repair dubai,cadillac engine repair dubai,Cadillac,Master Keywords!A823,DIGI-TEC_SEO_Keyword_Universe_Dubai.xlsx,2026-04-12 to 2026-09-25,MEASURED WORKBOOK,0,20,0,30.05,Mechanical/cooling,Mechanical/cooling,/services/mechanical-repair-dubai,/brands/cadillac-service-dubai/mechanical-repair,Existing Cadillac route is intentionally noindex; indexable generic or hub owner,Engine
cadillac repair near me,cadillac repair near me,Cadillac,Master Keywords!A824,DIGI-TEC_SEO_Keyword_Universe_Dubai.xlsx,2026-04-12 to 2026-09-25,MEASURED WORKBOOK,1,20,0.05,40.45,Broad Cadillac service,Broad Cadillac service,/brands/cadillac-service-dubai,,Existing Cadillac hub owns broad service and repair enquiry,General repair
cadillac ac compressor replacement dubai,cadillac ac compressor replacement dubai,Cadillac,Master Keywords!A1124,DIGI-TEC_SEO_Keyword_Universe_Dubai.xlsx,,GENERATED TAXONOMY,,,,,Broad Cadillac service,Broad Cadillac service,/brands/cadillac-service-dubai,,Existing Cadillac hub owns broad service and repair enquiry,AC & cooling
cadillac ac condenser replacement dubai,cadillac ac condenser replacement dubai,Cadillac,Master Keywords!A1125,DIGI-TEC_SEO_Keyword_Universe_Dubai.xlsx,,GENERATED TAXONOMY,,,,,AC,AC,/brands/cadillac-service-dubai/ac-repair,/brands/cadillac-service-dubai,Indexable brand service owner,AC & cooling
cadillac ac gas refill dubai,cadillac ac gas refill dubai,Cadillac,Master Keywords!A1126,DIGI-TEC_SEO_Keyword_Universe_Dubai.xlsx,,GENERATED TAXONOMY,,,,,Broad Cadillac service,Broad Cadillac service,/brands/cadillac-service-dubai,,Existing Cadillac hub owns broad service and repair enquiry,AC & cooling
cadillac ac leak repair dubai,cadillac ac leak repair dubai,Cadillac,Master Keywords!A1127,DIGI-TEC_SEO_Keyword_Universe_Dubai.xlsx,,GENERATED TAXONOMY,,,,,Broad Cadillac service,Broad Cadillac service,/brands/cadillac-service-dubai,,Existing Cadillac hub owns broad service and repair enquiry,AC & cooling
cadillac ac not cooling dubai,cadillac ac not cooling dubai,Cadillac,Master Keywords!A1128,DIGI-TEC_SEO_Keyword_Universe_Dubai.xlsx,,GENERATED TAXONOMY,,,,,Mechanical/cooling,Mechanical/cooling,/services/mechanical-repair-dubai,/brands/cadillac-service-dubai/mechanical-repair,Existing Cadillac route is intentionally noindex; indexable generic or hub owner,AC & cooling
cadillac ac repair dubai,cadillac ac repair dubai,Cadillac,Master Keywords!A1129,DIGI-TEC_SEO_Keyword_Universe_Dubai.xlsx,,GENERATED TAXONOMY,,,,,AC,AC,/brands/cadillac-service-dubai/ac-repair,/brands/cadillac-service-dubai,Indexable brand service owner,AC & cooling
cadillac air conditioning repair dubai,cadillac air conditioning repair dubai,Cadillac,Master Keywords!A1130,DIGI-TEC_SEO_Keyword_Universe_Dubai.xlsx,,GENERATED TAXONOMY,,,,,AC,AC,/brands/cadillac-service-dubai/ac-repair,/brands/cadillac-service-dubai,Indexable brand service owner,AC & cooling
cadillac coolant leak repair dubai,cadillac coolant leak repair dubai,Cadillac,Master Keywords!A1131,DIGI-TEC_SEO_Keyword_Universe_Dubai.xlsx,,GENERATED TAXONOMY,,,,,Mechanical/cooling,Mechanical/cooling,/services/mechanical-repair-dubai,/brands/cadillac-service-dubai/mechanical-repair,Existing Cadillac route is intentionally noindex; indexable generic or hub owner,AC & cooling
cadillac cooling system repair dubai,cadillac cooling system repair dubai,Cadillac,Master Keywords!A1132,DIGI-TEC_SEO_Keyword_Universe_Dubai.xlsx,,GENERATED TAXONOMY,,,,,Mechanical/cooling,Mechanical/cooling,/services/mechanical-repair-dubai,/brands/cadillac-service-dubai/mechanical-repair,Existing Cadillac route is intentionally noindex; indexable generic or hub owner,AC & cooling
cadillac overheating repair dubai,cadillac overheating repair dubai,Cadillac,Master Keywords!A1133,DIGI-TEC_SEO_Keyword_Universe_Dubai.xlsx,,GENERATED TAXONOMY,,,,,Broad Cadillac service,Broad Cadillac service,/brands/cadillac-service-dubai,,Existing Cadillac hub owns broad service and repair enquiry,AC & cooling
cadillac radiator repair dubai,cadillac radiator repair dubai,Cadillac,Master Keywords!A1134,DIGI-TEC_SEO_Keyword_Universe_Dubai.xlsx,,GENERATED TAXONOMY,,,,,Mechanical/cooling,Mechanical/cooling,/services/mechanical-repair-dubai,/brands/cadillac-service-dubai/mechanical-repair,Existing Cadillac route is intentionally noindex; indexable generic or hub owner,AC & cooling
cadillac thermostat replacement dubai,cadillac thermostat replacement dubai,Cadillac,Master Keywords!A1135,DIGI-TEC_SEO_Keyword_Universe_Dubai.xlsx,,GENERATED TAXONOMY,,,,,Broad Cadillac service,Broad Cadillac service,/brands/cadillac-service-dubai,,Existing Cadillac hub owns broad service and repair enquiry,AC & cooling
cadillac water pump replacement dubai,cadillac water pump replacement dubai,Cadillac,Master Keywords!A1136,DIGI-TEC_SEO_Keyword_Universe_Dubai.xlsx,,GENERATED TAXONOMY,,,,,Broad Cadillac service,Broad Cadillac service,/brands/cadillac-service-dubai,,Existing Cadillac hub owns broad service and repair enquiry,AC & cooling
cadillac abs repair dubai,cadillac abs repair dubai,Cadillac,Master Keywords!A1137,DIGI-TEC_SEO_Keyword_Universe_Dubai.xlsx,,GENERATED TAXONOMY,,,,,Brakes,Brakes,/brands/cadillac-service-dubai/brake-repair,/brands/cadillac-service-dubai,Indexable brand service owner,Brakes
cadillac abs warning light dubai,cadillac abs warning light dubai,Cadillac,Master Keywords!A1138,DIGI-TEC_SEO_Keyword_Universe_Dubai.xlsx,,GENERATED TAXONOMY,,,,,Diagnostics,Diagnostics,/brands/cadillac-service-dubai/engine-diagnostics,/brands/cadillac-service-dubai,Indexable brand service owner,Brakes
cadillac brake disc replacement dubai,cadillac brake disc replacement dubai,Cadillac,Master Keywords!A1139,DIGI-TEC_SEO_Keyword_Universe_Dubai.xlsx,,GENERATED TAXONOMY,,,,,Brakes,Brakes,/brands/cadillac-service-dubai/brake-repair,/brands/cadillac-service-dubai,Indexable brand service owner,Brakes
cadillac brake fluid change dubai,cadillac brake fluid change dubai,Cadillac,Master Keywords!A1140,DIGI-TEC_SEO_Keyword_Universe_Dubai.xlsx,,GENERATED TAXONOMY,,,,,Brakes,Brakes,/brands/cadillac-service-dubai/brake-repair,/brands/cadillac-service-dubai,Indexable brand service owner,Brakes
cadillac brake pad replacement dubai,cadillac brake pad replacement dubai,Cadillac,Master Keywords!A1141,DIGI-TEC_SEO_Keyword_Universe_Dubai.xlsx,,GENERATED TAXONOMY,,,,,Brakes,Brakes,/brands/cadillac-service-dubai/brake-repair,/brands/cadillac-service-dubai,Indexable brand service owner,Brakes
cadillac brake repair dubai,cadillac brake repair dubai,Cadillac,Master Keywords!A1142,DIGI-TEC_SEO_Keyword_Universe_Dubai.xlsx,,GENERATED TAXONOMY,,,,,Brakes,Brakes,/brands/cadillac-service-dubai/brake-repair,/brands/cadillac-service-dubai,Indexable brand service owner,Brakes
cadillac brake rotor replacement dubai,cadillac brake rotor replacement dubai,Cadillac,Master Keywords!A1143,DIGI-TEC_SEO_Keyword_Universe_Dubai.xlsx,,GENERATED TAXONOMY,,,,,Brakes,Brakes,/brands/cadillac-service-dubai/brake-repair,/brands/cadillac-service-dubai,Indexable brand service owner,Brakes
cadillac brake service dubai,cadillac brake service dubai,Cadillac,Master Keywords!A1144,DIGI-TEC_SEO_Keyword_Universe_Dubai.xlsx,,GENERATED TAXONOMY,,,,,Brakes,Brakes,/brands/cadillac-service-dubai/brake-repair,/brands/cadillac-service-dubai,Indexable brand service owner,Brakes
cadillac brake squeaking repair dubai,cadillac brake squeaking repair dubai,Cadillac,Master Keywords!A1145,DIGI-TEC_SEO_Keyword_Universe_Dubai.xlsx,,GENERATED TAXONOMY,,,,,Brakes,Brakes,/brands/cadillac-service-dubai/brake-repair,/brands/cadillac-service-dubai,Indexable brand service owner,Brakes
cadillac brake vibration repair dubai,cadillac brake vibration repair dubai,Cadillac,Master Keywords!A1146,DIGI-TEC_SEO_Keyword_Universe_Dubai.xlsx,,GENERATED TAXONOMY,,,,,Brakes,Brakes,/brands/cadillac-service-dubai/brake-repair,/brands/cadillac-service-dubai,Indexable brand service owner,Brakes
cadillac check engine light dubai,cadillac check engine light dubai,Cadillac,Master Keywords!A1147,DIGI-TEC_SEO_Keyword_Universe_Dubai.xlsx,,GENERATED TAXONOMY,,,,,Mechanical/cooling,Mechanical/cooling,/services/mechanical-repair-dubai,/brands/cadillac-service-dubai/mechanical-repair,Existing Cadillac route is intentionally noindex; indexable generic or hub owner,Diagnostics & warning lights
cadillac computer diagnostics dubai,cadillac computer diagnostics dubai,Cadillac,Master Keywords!A1148,DIGI-TEC_SEO_Keyword_Universe_Dubai.xlsx,,GENERATED TAXONOMY,,,,,Diagnostics,Diagnostics,/brands/cadillac-service-dubai/engine-diagnostics,/brands/cadillac-service-dubai,Indexable brand service owner,Diagnostics & warning lights
cadillac dashboard warning light dubai,cadillac dashboard warning light dubai,Cadillac,Master Keywords!A1149,DIGI-TEC_SEO_Keyword_Universe_Dubai.xlsx,,GENERATED TAXONOMY,,,,,Diagnostics,Diagnostics,/brands/cadillac-service-dubai/engine-diagnostics,/brands/cadillac-service-dubai,Indexable brand service owner,Diagnostics & warning lights
cadillac diagnostic scan dubai,cadillac diagnostic scan dubai,Cadillac,Master Keywords!A1150,DIGI-TEC_SEO_Keyword_Universe_Dubai.xlsx,,GENERATED TAXONOMY,,,,,Diagnostics,Diagnostics,/brands/cadillac-service-dubai/engine-diagnostics,/brands/cadillac-service-dubai,Indexable brand service owner,Diagnostics & warning lights
cadillac diagnostics dubai,cadillac diagnostics dubai,Cadillac,Master Keywords!A1151,DIGI-TEC_SEO_Keyword_Universe_Dubai.xlsx,,GENERATED TAXONOMY,,,,,Diagnostics,Diagnostics,/brands/cadillac-service-dubai/engine-diagnostics,/brands/cadillac-service-dubai,Indexable brand service owner,Diagnostics & warning lights
cadillac engine warning light dubai,cadillac engine warning light dubai,Cadillac,Master Keywords!A1152,DIGI-TEC_SEO_Keyword_Universe_Dubai.xlsx,,GENERATED TAXONOMY,,,,,Diagnostics,Diagnostics,/brands/cadillac-service-dubai/engine-diagnostics,/brands/cadillac-service-dubai,Indexable brand service owner,Diagnostics & warning lights
cadillac fault code scanning dubai,cadillac fault code scanning dubai,Cadillac,Master Keywords!A1153,DIGI-TEC_SEO_Keyword_Universe_Dubai.xlsx,,GENERATED TAXONOMY,,,,,Diagnostics,Diagnostics,/brands/cadillac-service-dubai/engine-diagnostics,/brands/cadillac-service-dubai,Indexable brand service owner,Diagnostics & warning lights
cadillac fault diagnosis dubai,cadillac fault diagnosis dubai,Cadillac,Master Keywords!A1154,DIGI-TEC_SEO_Keyword_Universe_Dubai.xlsx,,GENERATED TAXONOMY,,,,,Diagnostics,Diagnostics,/brands/cadillac-service-dubai/engine-diagnostics,/brands/cadillac-service-dubai,Indexable brand service owner,Diagnostics & warning lights
cadillac alternator repair dubai,cadillac alternator repair dubai,Cadillac,Master Keywords!A1155,DIGI-TEC_SEO_Keyword_Universe_Dubai.xlsx,,GENERATED TAXONOMY,,,,,Broad Cadillac service,Broad Cadillac service,/brands/cadillac-service-dubai,,Existing Cadillac hub owns broad service and repair enquiry,Electrical
cadillac alternator replacement dubai,cadillac alternator replacement dubai,Cadillac,Master Keywords!A1156,DIGI-TEC_SEO_Keyword_Universe_Dubai.xlsx,,GENERATED TAXONOMY,,,,,Broad Cadillac service,Broad Cadillac service,/brands/cadillac-service-dubai,,Existing Cadillac hub owns broad service and repair enquiry,Electrical
cadillac battery drain repair dubai,cadillac battery drain repair dubai,Cadillac,Master Keywords!A1157,DIGI-TEC_SEO_Keyword_Universe_Dubai.xlsx,,GENERATED TAXONOMY,,,,,Battery/no-start,Battery/no-start,/services/battery-replacement-dubai,/brands/cadillac-service-dubai/battery-replacement,Existing Cadillac route is intentionally noindex; indexable generic or hub owner,Electrical
cadillac battery replacement dubai,cadillac battery replacement dubai,Cadillac,Master Keywords!A1158,DIGI-TEC_SEO_Keyword_Universe_Dubai.xlsx,,GENERATED TAXONOMY,,,,,Battery/no-start,Battery/no-start,/services/battery-replacement-dubai,/brands/cadillac-service-dubai/battery-replacement,Existing Cadillac route is intentionally noindex; indexable generic or hub owner,Electrical
cadillac coding service dubai,cadillac coding service dubai,Cadillac,Master Keywords!A1159,DIGI-TEC_SEO_Keyword_Universe_Dubai.xlsx,,GENERATED TAXONOMY,,,,,Unverified service,Unverified service,,,Exact Cadillac capability has not been verified,Electrical
cadillac ecu programming dubai,cadillac ecu programming dubai,Cadillac,Master Keywords!A1160,DIGI-TEC_SEO_Keyword_Universe_Dubai.xlsx,,GENERATED TAXONOMY,,,,,Unverified service,Unverified service,,,Exact Cadillac capability has not been verified,Electrical
cadillac ecu repair dubai,cadillac ecu repair dubai,Cadillac,Master Keywords!A1161,DIGI-TEC_SEO_Keyword_Universe_Dubai.xlsx,,GENERATED TAXONOMY,,,,,Broad Cadillac service,Broad Cadillac service,/brands/cadillac-service-dubai,,Existing Cadillac hub owns broad service and repair enquiry,Electrical
cadillac electrical diagnostics dubai,cadillac electrical diagnostics dubai,Cadillac,Master Keywords!A1162,DIGI-TEC_SEO_Keyword_Universe_Dubai.xlsx,,GENERATED TAXONOMY,,,,,Diagnostics,Diagnostics,/brands/cadillac-service-dubai/engine-diagnostics,/brands/cadillac-service-dubai,Indexable brand service owner,Electrical
cadillac electrical repair dubai,cadillac electrical repair dubai,Cadillac,Master Keywords!A1163,DIGI-TEC_SEO_Keyword_Universe_Dubai.xlsx,,GENERATED TAXONOMY,,,,,Electrical,Electrical,/services/auto-electrical-repair-dubai,/brands/cadillac-service-dubai/electrical-repair,Existing Cadillac route is intentionally noindex; indexable generic or hub owner,Electrical
cadillac key programming dubai,cadillac key programming dubai,Cadillac,Master Keywords!A1164,DIGI-TEC_SEO_Keyword_Universe_Dubai.xlsx,,GENERATED TAXONOMY,,,,,Unverified service,Unverified service,,,Exact Cadillac capability has not been verified,Electrical
cadillac keyless entry repair dubai,cadillac keyless entry repair dubai,Cadillac,Master Keywords!A1165,DIGI-TEC_SEO_Keyword_Universe_Dubai.xlsx,,GENERATED TAXONOMY,,,,,Broad Cadillac service,Broad Cadillac service,/brands/cadillac-service-dubai,,Existing Cadillac hub owns broad service and repair enquiry,Electrical
cadillac module programming dubai,cadillac module programming dubai,Cadillac,Master Keywords!A1166,DIGI-TEC_SEO_Keyword_Universe_Dubai.xlsx,,GENERATED TAXONOMY,,,,,Unverified service,Unverified service,,,Exact Cadillac capability has not been verified,Electrical
cadillac module repair dubai,cadillac module repair dubai,Cadillac,Master Keywords!A1167,DIGI-TEC_SEO_Keyword_Universe_Dubai.xlsx,,GENERATED TAXONOMY,,,,,Electrical,Electrical,/services/auto-electrical-repair-dubai,/brands/cadillac-service-dubai/electrical-repair,Existing Cadillac route is intentionally noindex; indexable generic or hub owner,Electrical
cadillac sensor replacement dubai,cadillac sensor replacement dubai,Cadillac,Master Keywords!A1168,DIGI-TEC_SEO_Keyword_Universe_Dubai.xlsx,,GENERATED TAXONOMY,,,,,Electrical,Electrical,/services/auto-electrical-repair-dubai,/brands/cadillac-service-dubai/electrical-repair,Existing Cadillac route is intentionally noindex; indexable generic or hub owner,Electrical
cadillac starter motor repair dubai,cadillac starter motor repair dubai,Cadillac,Master Keywords!A1169,DIGI-TEC_SEO_Keyword_Universe_Dubai.xlsx,,GENERATED TAXONOMY,,,,,Broad Cadillac service,Broad Cadillac service,/brands/cadillac-service-dubai,,Existing Cadillac hub owns broad service and repair enquiry,Electrical
cadillac starter replacement dubai,cadillac starter replacement dubai,Cadillac,Master Keywords!A1170,DIGI-TEC_SEO_Keyword_Universe_Dubai.xlsx,,GENERATED TAXONOMY,,,,,Broad Cadillac service,Broad Cadillac service,/brands/cadillac-service-dubai,,Existing Cadillac hub owns broad service and repair enquiry,Electrical
cadillac wiring repair dubai,cadillac wiring repair dubai,Cadillac,Master Keywords!A1171,DIGI-TEC_SEO_Keyword_Universe_Dubai.xlsx,,GENERATED TAXONOMY,,,,,Electrical,Electrical,/services/auto-electrical-repair-dubai,/brands/cadillac-service-dubai/electrical-repair,Existing Cadillac route is intentionally noindex; indexable generic or hub owner,Electrical
cadillac engine mount replacement dubai,cadillac engine mount replacement dubai,Cadillac,Master Keywords!A1172,DIGI-TEC_SEO_Keyword_Universe_Dubai.xlsx,,GENERATED TAXONOMY,,,,,Mechanical/cooling,Mechanical/cooling,/services/mechanical-repair-dubai,/brands/cadillac-service-dubai/mechanical-repair,Existing Cadillac route is intentionally noindex; indexable generic or hub owner,Engine
cadillac engine oil leak repair dubai,cadillac engine oil leak repair dubai,Cadillac,Master Keywords!A1173,DIGI-TEC_SEO_Keyword_Universe_Dubai.xlsx,,GENERATED TAXONOMY,,,,,Oil service,Oil service,/brands/cadillac-service-dubai/oil-change,/brands/cadillac-service-dubai,Indexable brand service owner,Engine
cadillac engine overhaul dubai,cadillac engine overhaul dubai,Cadillac,Master Keywords!A1174,DIGI-TEC_SEO_Keyword_Universe_Dubai.xlsx,,GENERATED TAXONOMY,,,,,Mechanical/cooling,Mechanical/cooling,/services/mechanical-repair-dubai,/brands/cadillac-service-dubai/mechanical-repair,Existing Cadillac route is intentionally noindex; indexable generic or hub owner,Engine
cadillac engine overheating repair dubai,cadillac engine overheating repair dubai,Cadillac,Master Keywords!A1175,DIGI-TEC_SEO_Keyword_Universe_Dubai.xlsx,,GENERATED TAXONOMY,,,,,Mechanical/cooling,Mechanical/cooling,/services/mechanical-repair-dubai,/brands/cadillac-service-dubai/mechanical-repair,Existing Cadillac route is intentionally noindex; indexable generic or hub owner,Engine
cadillac engine rebuild dubai,cadillac engine rebuild dubai,Cadillac,Master Keywords!A1176,DIGI-TEC_SEO_Keyword_Universe_Dubai.xlsx,,GENERATED TAXONOMY,,,,,Mechanical/cooling,Mechanical/cooling,/services/mechanical-repair-dubai,/brands/cadillac-service-dubai/mechanical-repair,Existing Cadillac route is intentionally noindex; indexable generic or hub owner,Engine
cadillac engine replacement dubai,cadillac engine replacement dubai,Cadillac,Master Keywords!A1177,DIGI-TEC_SEO_Keyword_Universe_Dubai.xlsx,,GENERATED TAXONOMY,,,,,Mechanical/cooling,Mechanical/cooling,/services/mechanical-repair-dubai,/brands/cadillac-service-dubai/mechanical-repair,Existing Cadillac route is intentionally noindex; indexable generic or hub owner,Engine
cadillac loss of power repair dubai,cadillac loss of power repair dubai,Cadillac,Master Keywords!A1178,DIGI-TEC_SEO_Keyword_Universe_Dubai.xlsx,,GENERATED TAXONOMY,,,,,Broad Cadillac service,Broad Cadillac service,/brands/cadillac-service-dubai,,Existing Cadillac hub owns broad service and repair enquiry,Engine
cadillac misfire repair dubai,cadillac misfire repair dubai,Cadillac,Master Keywords!A1179,DIGI-TEC_SEO_Keyword_Universe_Dubai.xlsx,,GENERATED TAXONOMY,,,,,Broad Cadillac service,Broad Cadillac service,/brands/cadillac-service-dubai,,Existing Cadillac hub owns broad service and repair enquiry,Engine
cadillac timing belt replacement dubai,cadillac timing belt replacement dubai,Cadillac,Master Keywords!A1180,DIGI-TEC_SEO_Keyword_Universe_Dubai.xlsx,,GENERATED TAXONOMY,,,,,Broad Cadillac service,Broad Cadillac service,/brands/cadillac-service-dubai,,Existing Cadillac hub owns broad service and repair enquiry,Engine
cadillac timing chain repair dubai,cadillac timing chain repair dubai,Cadillac,Master Keywords!A1181,DIGI-TEC_SEO_Keyword_Universe_Dubai.xlsx,,GENERATED TAXONOMY,,,,,Broad Cadillac service,Broad Cadillac service,/brands/cadillac-service-dubai,,Existing Cadillac hub owns broad service and repair enquiry,Engine
cadillac valve cover gasket replacement dubai,cadillac valve cover gasket replacement dubai,Cadillac,Master Keywords!A1182,DIGI-TEC_SEO_Keyword_Universe_Dubai.xlsx,,GENERATED TAXONOMY,,,,,Broad Cadillac service,Broad Cadillac service,/brands/cadillac-service-dubai,,Existing Cadillac hub owns broad service and repair enquiry,Engine
cadillac car repair dubai,cadillac car repair dubai,Cadillac,Master Keywords!A1183,DIGI-TEC_SEO_Keyword_Universe_Dubai.xlsx,,GENERATED TAXONOMY,,,,,Broad Cadillac service,Broad Cadillac service,/brands/cadillac-service-dubai,,Existing Cadillac hub owns broad service and repair enquiry,General repair
cadillac service center dubai,cadillac service center dubai,Cadillac,Master Keywords!A1184,DIGI-TEC_SEO_Keyword_Universe_Dubai.xlsx,,GENERATED TAXONOMY,,,,,Broad Cadillac service,Broad Cadillac service,/brands/cadillac-service-dubai,,Existing Cadillac hub owns broad service and repair enquiry,General repair
cadillac service centre dubai,cadillac service centre dubai,Cadillac,Master Keywords!A1185,DIGI-TEC_SEO_Keyword_Universe_Dubai.xlsx,,GENERATED TAXONOMY,,,,,Broad Cadillac service,Broad Cadillac service,/brands/cadillac-service-dubai,,Existing Cadillac hub owns broad service and repair enquiry,General repair
cadillac specialist dubai,cadillac specialist dubai,Cadillac,Master Keywords!A1186,DIGI-TEC_SEO_Keyword_Universe_Dubai.xlsx,,GENERATED TAXONOMY,,,,,Broad Cadillac service,Broad Cadillac service,/brands/cadillac-service-dubai,,Existing Cadillac hub owns broad service and repair enquiry,General repair
cadillac air suspension compressor replacement dubai,cadillac air suspension compressor replacement dubai,Cadillac,Master Keywords!A1187,DIGI-TEC_SEO_Keyword_Universe_Dubai.xlsx,,GENERATED TAXONOMY,,,,,Suspension,Suspension,/services/suspension-repair-dubai,/brands/cadillac-service-dubai/suspension-repair,Existing Cadillac route is intentionally noindex; indexable generic or hub owner,Suspension
cadillac air suspension repair dubai,cadillac air suspension repair dubai,Cadillac,Master Keywords!A1188,DIGI-TEC_SEO_Keyword_Universe_Dubai.xlsx,,GENERATED TAXONOMY,,,,,Suspension,Suspension,/services/suspension-repair-dubai,/brands/cadillac-service-dubai/suspension-repair,Existing Cadillac route is intentionally noindex; indexable generic or hub owner,Suspension
cadillac bushing replacement dubai,cadillac bushing replacement dubai,Cadillac,Master Keywords!A1189,DIGI-TEC_SEO_Keyword_Universe_Dubai.xlsx,,GENERATED TAXONOMY,,,,,Broad Cadillac service,Broad Cadillac service,/brands/cadillac-service-dubai,,Existing Cadillac hub owns broad service and repair enquiry,Suspension
cadillac control arm replacement dubai,cadillac control arm replacement dubai,Cadillac,Master Keywords!A1190,DIGI-TEC_SEO_Keyword_Universe_Dubai.xlsx,,GENERATED TAXONOMY,,,,,Broad Cadillac service,Broad Cadillac service,/brands/cadillac-service-dubai,,Existing Cadillac hub owns broad service and repair enquiry,Suspension
cadillac ride height adjustment dubai,cadillac ride height adjustment dubai,Cadillac,Master Keywords!A1191,DIGI-TEC_SEO_Keyword_Universe_Dubai.xlsx,,GENERATED TAXONOMY,,,,,Suspension,Suspension,/services/suspension-repair-dubai,/brands/cadillac-service-dubai/suspension-repair,Existing Cadillac route is intentionally noindex; indexable generic or hub owner,Suspension
cadillac shock absorber replacement dubai,cadillac shock absorber replacement dubai,Cadillac,Master Keywords!A1192,DIGI-TEC_SEO_Keyword_Universe_Dubai.xlsx,,GENERATED TAXONOMY,,,,,Suspension,Suspension,/services/suspension-repair-dubai,/brands/cadillac-service-dubai/suspension-repair,Existing Cadillac route is intentionally noindex; indexable generic or hub owner,Suspension
cadillac strut replacement dubai,cadillac strut replacement dubai,Cadillac,Master Keywords!A1193,DIGI-TEC_SEO_Keyword_Universe_Dubai.xlsx,,GENERATED TAXONOMY,,,,,Broad Cadillac service,Broad Cadillac service,/brands/cadillac-service-dubai,,Existing Cadillac hub owns broad service and repair enquiry,Suspension
cadillac suspension noise repair dubai,cadillac suspension noise repair dubai,Cadillac,Master Keywords!A1194,DIGI-TEC_SEO_Keyword_Universe_Dubai.xlsx,,GENERATED TAXONOMY,,,,,Suspension,Suspension,/services/suspension-repair-dubai,/brands/cadillac-service-dubai/suspension-repair,Existing Cadillac route is intentionally noindex; indexable generic or hub owner,Suspension
cadillac suspension repair dubai,cadillac suspension repair dubai,Cadillac,Master Keywords!A1195,DIGI-TEC_SEO_Keyword_Universe_Dubai.xlsx,,GENERATED TAXONOMY,,,,,Suspension,Suspension,/services/suspension-repair-dubai,/brands/cadillac-service-dubai/suspension-repair,Existing Cadillac route is intentionally noindex; indexable generic or hub owner,Suspension
cadillac suspension warning light dubai,cadillac suspension warning light dubai,Cadillac,Master Keywords!A1196,DIGI-TEC_SEO_Keyword_Universe_Dubai.xlsx,,GENERATED TAXONOMY,,,,,Diagnostics,Diagnostics,/brands/cadillac-service-dubai/engine-diagnostics,/brands/cadillac-service-dubai,Indexable brand service owner,Suspension
cadillac gear shifting problem dubai,cadillac gear shifting problem dubai,Cadillac,Master Keywords!A1197,DIGI-TEC_SEO_Keyword_Universe_Dubai.xlsx,,GENERATED TAXONOMY,,,,,Transmission,Transmission,/services/transmission-repair-dubai,/brands/cadillac-service-dubai/transmission-repair,Existing Cadillac route is intentionally noindex; indexable generic or hub owner,Transmission & gearbox
cadillac gearbox oil change dubai,cadillac gearbox oil change dubai,Cadillac,Master Keywords!A1198,DIGI-TEC_SEO_Keyword_Universe_Dubai.xlsx,,GENERATED TAXONOMY,,,,,Oil service,Oil service,/brands/cadillac-service-dubai/oil-change,/brands/cadillac-service-dubai,Indexable brand service owner,Transmission & gearbox
cadillac gearbox rebuild dubai,cadillac gearbox rebuild dubai,Cadillac,Master Keywords!A1199,DIGI-TEC_SEO_Keyword_Universe_Dubai.xlsx,,GENERATED TAXONOMY,,,,,Transmission,Transmission,/services/transmission-repair-dubai,/brands/cadillac-service-dubai/transmission-repair,Existing Cadillac route is intentionally noindex; indexable generic or hub owner,Transmission & gearbox
cadillac gearbox repair dubai,cadillac gearbox repair dubai,Cadillac,Master Keywords!A1200,DIGI-TEC_SEO_Keyword_Universe_Dubai.xlsx,,GENERATED TAXONOMY,,,,,Transmission,Transmission,/services/transmission-repair-dubai,/brands/cadillac-service-dubai/transmission-repair,Existing Cadillac route is intentionally noindex; indexable generic or hub owner,Transmission & gearbox
cadillac gearbox replacement dubai,cadillac gearbox replacement dubai,Cadillac,Master Keywords!A1201,DIGI-TEC_SEO_Keyword_Universe_Dubai.xlsx,,GENERATED TAXONOMY,,,,,Transmission,Transmission,/services/transmission-repair-dubai,/brands/cadillac-service-dubai/transmission-repair,Existing Cadillac route is intentionally noindex; indexable generic or hub owner,Transmission & gearbox
cadillac gearbox service dubai,cadillac gearbox service dubai,Cadillac,Master Keywords!A1202,DIGI-TEC_SEO_Keyword_Universe_Dubai.xlsx,,GENERATED TAXONOMY,,,,,Transmission,Transmission,/services/transmission-repair-dubai,/brands/cadillac-service-dubai/transmission-repair,Existing Cadillac route is intentionally noindex; indexable generic or hub owner,Transmission & gearbox
cadillac transmission leak repair dubai,cadillac transmission leak repair dubai,Cadillac,Master Keywords!A1203,DIGI-TEC_SEO_Keyword_Universe_Dubai.xlsx,,GENERATED TAXONOMY,,,,,Transmission,Transmission,/services/transmission-repair-dubai,/brands/cadillac-service-dubai/transmission-repair,Existing Cadillac route is intentionally noindex; indexable generic or hub owner,Transmission & gearbox
cadillac transmission oil change dubai,cadillac transmission oil change dubai,Cadillac,Master Keywords!A1204,DIGI-TEC_SEO_Keyword_Universe_Dubai.xlsx,,GENERATED TAXONOMY,,,,,Oil service,Oil service,/brands/cadillac-service-dubai/oil-change,/brands/cadillac-service-dubai,Indexable brand service owner,Transmission & gearbox
cadillac transmission rebuild dubai,cadillac transmission rebuild dubai,Cadillac,Master Keywords!A1205,DIGI-TEC_SEO_Keyword_Universe_Dubai.xlsx,,GENERATED TAXONOMY,,,,,Transmission,Transmission,/services/transmission-repair-dubai,/brands/cadillac-service-dubai/transmission-repair,Existing Cadillac route is intentionally noindex; indexable generic or hub owner,Transmission & gearbox
cadillac transmission replacement dubai,cadillac transmission replacement dubai,Cadillac,Master Keywords!A1206,DIGI-TEC_SEO_Keyword_Universe_Dubai.xlsx,,GENERATED TAXONOMY,,,,,Transmission,Transmission,/services/transmission-repair-dubai,/brands/cadillac-service-dubai/transmission-repair,Existing Cadillac route is intentionally noindex; indexable generic or hub owner,Transmission & gearbox
cadillac transmission service dubai,cadillac transmission service dubai,Cadillac,Master Keywords!A1207,DIGI-TEC_SEO_Keyword_Universe_Dubai.xlsx,,GENERATED TAXONOMY,,,,,Transmission,Transmission,/services/transmission-repair-dubai,/brands/cadillac-service-dubai/transmission-repair,Existing Cadillac route is intentionally noindex; indexable generic or hub owner,Transmission & gearbox
cadillac ac compressor replacement,cadillac ac compressor replacement,Cadillac,Master Keywords!A3073,DIGI-TEC_SEO_Keyword_Universe_Dubai.xlsx,,GENERATED TAXONOMY,,,,,Broad Cadillac service,Broad Cadillac service,/brands/cadillac-service-dubai,,Existing Cadillac hub owns broad service and repair enquiry,AC & cooling
cadillac ac condenser replacement,cadillac ac condenser replacement,Cadillac,Master Keywords!A3074,DIGI-TEC_SEO_Keyword_Universe_Dubai.xlsx,,GENERATED TAXONOMY,,,,,AC,AC,/brands/cadillac-service-dubai/ac-repair,/brands/cadillac-service-dubai,Indexable brand service owner,AC & cooling
cadillac ac gas refill,cadillac ac gas refill,Cadillac,Master Keywords!A3075,DIGI-TEC_SEO_Keyword_Universe_Dubai.xlsx,,GENERATED TAXONOMY,,,,,Broad Cadillac service,Broad Cadillac service,/brands/cadillac-service-dubai,,Existing Cadillac hub owns broad service and repair enquiry,AC & cooling
cadillac ac leak repair,cadillac ac leak repair,Cadillac,Master Keywords!A3076,DIGI-TEC_SEO_Keyword_Universe_Dubai.xlsx,,GENERATED TAXONOMY,,,,,Broad Cadillac service,Broad Cadillac service,/brands/cadillac-service-dubai,,Existing Cadillac hub owns broad service and repair enquiry,AC & cooling
cadillac ac not cooling,cadillac ac not cooling,Cadillac,Master Keywords!A3077,DIGI-TEC_SEO_Keyword_Universe_Dubai.xlsx,,GENERATED TAXONOMY,,,,,Mechanical/cooling,Mechanical/cooling,/services/mechanical-repair-dubai,/brands/cadillac-service-dubai/mechanical-repair,Existing Cadillac route is intentionally noindex; indexable generic or hub owner,AC & cooling
cadillac ac repair near me,cadillac ac repair near me,Cadillac,Master Keywords!A3078,DIGI-TEC_SEO_Keyword_Universe_Dubai.xlsx,,GENERATED TAXONOMY,,,,,AC,AC,/brands/cadillac-service-dubai/ac-repair,/brands/cadillac-service-dubai,Indexable brand service owner,AC & cooling
cadillac air conditioning repair,cadillac air conditioning repair,Cadillac,Master Keywords!A3079,DIGI-TEC_SEO_Keyword_Universe_Dubai.xlsx,,GENERATED TAXONOMY,,,,,AC,AC,/brands/cadillac-service-dubai/ac-repair,/brands/cadillac-service-dubai,Indexable brand service owner,AC & cooling
cadillac coolant leak repair,cadillac coolant leak repair,Cadillac,Master Keywords!A3080,DIGI-TEC_SEO_Keyword_Universe_Dubai.xlsx,,GENERATED TAXONOMY,,,,,Mechanical/cooling,Mechanical/cooling,/services/mechanical-repair-dubai,/brands/cadillac-service-dubai/mechanical-repair,Existing Cadillac route is intentionally noindex; indexable generic or hub owner,AC & cooling
cadillac cooling system repair,cadillac cooling system repair,Cadillac,Master Keywords!A3081,DIGI-TEC_SEO_Keyword_Universe_Dubai.xlsx,,GENERATED TAXONOMY,,,,,Mechanical/cooling,Mechanical/cooling,/services/mechanical-repair-dubai,/brands/cadillac-service-dubai/mechanical-repair,Existing Cadillac route is intentionally noindex; indexable generic or hub owner,AC & cooling
cadillac overheating repair,cadillac overheating repair,Cadillac,Master Keywords!A3082,DIGI-TEC_SEO_Keyword_Universe_Dubai.xlsx,,GENERATED TAXONOMY,,,,,Broad Cadillac service,Broad Cadillac service,/brands/cadillac-service-dubai,,Existing Cadillac hub owns broad service and repair enquiry,AC & cooling
cadillac radiator repair,cadillac radiator repair,Cadillac,Master Keywords!A3083,DIGI-TEC_SEO_Keyword_Universe_Dubai.xlsx,,GENERATED TAXONOMY,,,,,Mechanical/cooling,Mechanical/cooling,/services/mechanical-repair-dubai,/brands/cadillac-service-dubai/mechanical-repair,Existing Cadillac route is intentionally noindex; indexable generic or hub owner,AC & cooling
cadillac thermostat replacement,cadillac thermostat replacement,Cadillac,Master Keywords!A3084,DIGI-TEC_SEO_Keyword_Universe_Dubai.xlsx,,GENERATED TAXONOMY,,,,,Broad Cadillac service,Broad Cadillac service,/brands/cadillac-service-dubai,,Existing Cadillac hub owns broad service and repair enquiry,AC & cooling
cadillac water pump replacement,cadillac water pump replacement,Cadillac,Master Keywords!A3085,DIGI-TEC_SEO_Keyword_Universe_Dubai.xlsx,,GENERATED TAXONOMY,,,,,Broad Cadillac service,Broad Cadillac service,/brands/cadillac-service-dubai,,Existing Cadillac hub owns broad service and repair enquiry,AC & cooling
cadillac accident repair,cadillac accident repair,Cadillac,Master Keywords!A3086,DIGI-TEC_SEO_Keyword_Universe_Dubai.xlsx,,GENERATED TAXONOMY,,,,,Broad Cadillac service,Broad Cadillac service,/brands/cadillac-service-dubai,,Existing Cadillac hub owns broad service and repair enquiry,Body & paint
cadillac accident repair dubai,cadillac accident repair dubai,Cadillac,Master Keywords!A3087,DIGI-TEC_SEO_Keyword_Universe_Dubai.xlsx,,GENERATED TAXONOMY,,,,,Broad Cadillac service,Broad Cadillac service,/brands/cadillac-service-dubai,,Existing Cadillac hub owns broad service and repair enquiry,Body & paint
cadillac body repair,cadillac body repair,Cadillac,Master Keywords!A3088,DIGI-TEC_SEO_Keyword_Universe_Dubai.xlsx,,GENERATED TAXONOMY,,,,,Body repair,Body repair,/services/car-body-repair-dubai,/brands/cadillac-service-dubai/body-repair,Existing Cadillac route is intentionally noindex; indexable generic or hub owner,Body & paint
cadillac body repair dubai,cadillac body repair dubai,Cadillac,Master Keywords!A3089,DIGI-TEC_SEO_Keyword_Universe_Dubai.xlsx,,GENERATED TAXONOMY,,,,,Body repair,Body repair,/services/car-body-repair-dubai,/brands/cadillac-service-dubai/body-repair,Existing Cadillac route is intentionally noindex; indexable generic or hub owner,Body & paint
cadillac body shop,cadillac body shop,Cadillac,Master Keywords!A3090,DIGI-TEC_SEO_Keyword_Universe_Dubai.xlsx,,GENERATED TAXONOMY,,,,,Body repair,Body repair,/services/car-body-repair-dubai,/brands/cadillac-service-dubai/body-repair,Existing Cadillac route is intentionally noindex; indexable generic or hub owner,Body & paint
cadillac body shop dubai,cadillac body shop dubai,Cadillac,Master Keywords!A3091,DIGI-TEC_SEO_Keyword_Universe_Dubai.xlsx,,GENERATED TAXONOMY,,,,,Body repair,Body repair,/services/car-body-repair-dubai,/brands/cadillac-service-dubai/body-repair,Existing Cadillac route is intentionally noindex; indexable generic or hub owner,Body & paint
cadillac bumper repair,cadillac bumper repair,Cadillac,Master Keywords!A3092,DIGI-TEC_SEO_Keyword_Universe_Dubai.xlsx,,GENERATED TAXONOMY,,,,,Body repair,Body repair,/services/car-body-repair-dubai,/brands/cadillac-service-dubai/body-repair,Existing Cadillac route is intentionally noindex; indexable generic or hub owner,Body & paint
cadillac bumper repair dubai,cadillac bumper repair dubai,Cadillac,Master Keywords!A3093,DIGI-TEC_SEO_Keyword_Universe_Dubai.xlsx,,GENERATED TAXONOMY,,,,,Body repair,Body repair,/services/car-body-repair-dubai,/brands/cadillac-service-dubai/body-repair,Existing Cadillac route is intentionally noindex; indexable generic or hub owner,Body & paint
cadillac car painting,cadillac car painting,Cadillac,Master Keywords!A3094,DIGI-TEC_SEO_Keyword_Universe_Dubai.xlsx,,GENERATED TAXONOMY,,,,,Broad Cadillac service,Broad Cadillac service,/brands/cadillac-service-dubai,,Existing Cadillac hub owns broad service and repair enquiry,Body & paint
cadillac car painting dubai,cadillac car painting dubai,Cadillac,Master Keywords!A3095,DIGI-TEC_SEO_Keyword_Universe_Dubai.xlsx,,GENERATED TAXONOMY,,,,,Broad Cadillac service,Broad Cadillac service,/brands/cadillac-service-dubai,,Existing Cadillac hub owns broad service and repair enquiry,Body & paint
cadillac dent repair,cadillac dent repair,Cadillac,Master Keywords!A3096,DIGI-TEC_SEO_Keyword_Universe_Dubai.xlsx,,GENERATED TAXONOMY,,,,,Body repair,Body repair,/services/car-body-repair-dubai,/brands/cadillac-service-dubai/body-repair,Existing Cadillac route is intentionally noindex; indexable generic or hub owner,Body & paint
cadillac dent repair dubai,cadillac dent repair dubai,Cadillac,Master Keywords!A3097,DIGI-TEC_SEO_Keyword_Universe_Dubai.xlsx,,GENERATED TAXONOMY,,,,,Body repair,Body repair,/services/car-body-repair-dubai,/brands/cadillac-service-dubai/body-repair,Existing Cadillac route is intentionally noindex; indexable generic or hub owner,Body & paint
cadillac paint repair,cadillac paint repair,Cadillac,Master Keywords!A3098,DIGI-TEC_SEO_Keyword_Universe_Dubai.xlsx,,GENERATED TAXONOMY,,,,,Body repair,Body repair,/services/car-body-repair-dubai,/brands/cadillac-service-dubai/body-repair,Existing Cadillac route is intentionally noindex; indexable generic or hub owner,Body & paint
cadillac paint repair dubai,cadillac paint repair dubai,Cadillac,Master Keywords!A3099,DIGI-TEC_SEO_Keyword_Universe_Dubai.xlsx,,GENERATED TAXONOMY,,,,,Body repair,Body repair,/services/car-body-repair-dubai,/brands/cadillac-service-dubai/body-repair,Existing Cadillac route is intentionally noindex; indexable generic or hub owner,Body & paint
cadillac panel repair,cadillac panel repair,Cadillac,Master Keywords!A3100,DIGI-TEC_SEO_Keyword_Universe_Dubai.xlsx,,GENERATED TAXONOMY,,,,,Broad Cadillac service,Broad Cadillac service,/brands/cadillac-service-dubai,,Existing Cadillac hub owns broad service and repair enquiry,Body & paint
cadillac panel repair dubai,cadillac panel repair dubai,Cadillac,Master Keywords!A3101,DIGI-TEC_SEO_Keyword_Universe_Dubai.xlsx,,GENERATED TAXONOMY,,,,,Broad Cadillac service,Broad Cadillac service,/brands/cadillac-service-dubai,,Existing Cadillac hub owns broad service and repair enquiry,Body & paint
cadillac scratch repair,cadillac scratch repair,Cadillac,Master Keywords!A3102,DIGI-TEC_SEO_Keyword_Universe_Dubai.xlsx,,GENERATED TAXONOMY,,,,,Broad Cadillac service,Broad Cadillac service,/brands/cadillac-service-dubai,,Existing Cadillac hub owns broad service and repair enquiry,Body & paint
cadillac scratch repair dubai,cadillac scratch repair dubai,Cadillac,Master Keywords!A3103,DIGI-TEC_SEO_Keyword_Universe_Dubai.xlsx,,GENERATED TAXONOMY,,,,,Broad Cadillac service,Broad Cadillac service,/brands/cadillac-service-dubai,,Existing Cadillac hub owns broad service and repair enquiry,Body & paint
cadillac abs repair,cadillac abs repair,Cadillac,Master Keywords!A3104,DIGI-TEC_SEO_Keyword_Universe_Dubai.xlsx,,GENERATED TAXONOMY,,,,,Brakes,Brakes,/brands/cadillac-service-dubai/brake-repair,/brands/cadillac-service-dubai,Indexable brand service owner,Brakes
cadillac abs warning light,cadillac abs warning light,Cadillac,Master Keywords!A3105,DIGI-TEC_SEO_Keyword_Universe_Dubai.xlsx,,GENERATED TAXONOMY,,,,,Diagnostics,Diagnostics,/brands/cadillac-service-dubai/engine-diagnostics,/brands/cadillac-service-dubai,Indexable brand service owner,Brakes
cadillac brake disc replacement,cadillac brake disc replacement,Cadillac,Master Keywords!A3106,DIGI-TEC_SEO_Keyword_Universe_Dubai.xlsx,,GENERATED TAXONOMY,,,,,Brakes,Brakes,/brands/cadillac-service-dubai/brake-repair,/brands/cadillac-service-dubai,Indexable brand service owner,Brakes
cadillac brake fluid change,cadillac brake fluid change,Cadillac,Master Keywords!A3107,DIGI-TEC_SEO_Keyword_Universe_Dubai.xlsx,,GENERATED TAXONOMY,,,,,Brakes,Brakes,/brands/cadillac-service-dubai/brake-repair,/brands/cadillac-service-dubai,Indexable brand service owner,Brakes
cadillac brake pad replacement,cadillac brake pad replacement,Cadillac,Master Keywords!A3108,DIGI-TEC_SEO_Keyword_Universe_Dubai.xlsx,,GENERATED TAXONOMY,,,,,Brakes,Brakes,/brands/cadillac-service-dubai/brake-repair,/brands/cadillac-service-dubai,Indexable brand service owner,Brakes
cadillac brake repair,cadillac brake repair,Cadillac,Master Keywords!A3109,DIGI-TEC_SEO_Keyword_Universe_Dubai.xlsx,,GENERATED TAXONOMY,,,,,Brakes,Brakes,/brands/cadillac-service-dubai/brake-repair,/brands/cadillac-service-dubai,Indexable brand service owner,Brakes
cadillac brake repair near me,cadillac brake repair near me,Cadillac,Master Keywords!A3110,DIGI-TEC_SEO_Keyword_Universe_Dubai.xlsx,,GENERATED TAXONOMY,,,,,Brakes,Brakes,/brands/cadillac-service-dubai/brake-repair,/brands/cadillac-service-dubai,Indexable brand service owner,Brakes
cadillac brake rotor replacement,cadillac brake rotor replacement,Cadillac,Master Keywords!A3111,DIGI-TEC_SEO_Keyword_Universe_Dubai.xlsx,,GENERATED TAXONOMY,,,,,Brakes,Brakes,/brands/cadillac-service-dubai/brake-repair,/brands/cadillac-service-dubai,Indexable brand service owner,Brakes
cadillac brake service,cadillac brake service,Cadillac,Master Keywords!A3112,DIGI-TEC_SEO_Keyword_Universe_Dubai.xlsx,,GENERATED TAXONOMY,,,,,Brakes,Brakes,/brands/cadillac-service-dubai/brake-repair,/brands/cadillac-service-dubai,Indexable brand service owner,Brakes
cadillac brake squeaking repair,cadillac brake squeaking repair,Cadillac,Master Keywords!A3113,DIGI-TEC_SEO_Keyword_Universe_Dubai.xlsx,,GENERATED TAXONOMY,,,,,Brakes,Brakes,/brands/cadillac-service-dubai/brake-repair,/brands/cadillac-service-dubai,Indexable brand service owner,Brakes
cadillac brake vibration repair,cadillac brake vibration repair,Cadillac,Master Keywords!A3114,DIGI-TEC_SEO_Keyword_Universe_Dubai.xlsx,,GENERATED TAXONOMY,,,,,Brakes,Brakes,/brands/cadillac-service-dubai/brake-repair,/brands/cadillac-service-dubai,Indexable brand service owner,Brakes
cadillac cue repair,cadillac cue repair,Cadillac,Master Keywords!A3115,DIGI-TEC_SEO_Keyword_Universe_Dubai.xlsx,,RESEARCH KEYWORD,,,,,CUE/touchscreen assessment,CUE/touchscreen assessment,/services/cadillac-cue-screen-repair-dubai,/services/auto-electrical-repair-dubai,Existing dedicated CUE owner covers fault-led repair and supported replacement after diagnosis,Brand-specific systems
cadillac cue repair dubai,cadillac cue repair dubai,Cadillac,Master Keywords!A3116,DIGI-TEC_SEO_Keyword_Universe_Dubai.xlsx,,RESEARCH KEYWORD,,,,,CUE/touchscreen assessment,CUE/touchscreen assessment,/services/cadillac-cue-screen-repair-dubai,/services/auto-electrical-repair-dubai,Existing dedicated CUE owner covers fault-led repair and supported replacement after diagnosis,Brand-specific systems
cue screen repair,cue screen repair,Cadillac,Master Keywords!A3117,DIGI-TEC_SEO_Keyword_Universe_Dubai.xlsx,,RESEARCH KEYWORD,,,,,CUE/touchscreen assessment,CUE/touchscreen assessment,/services/cadillac-cue-screen-repair-dubai,/services/auto-electrical-repair-dubai,Existing dedicated CUE owner covers fault-led repair and supported replacement after diagnosis,Brand-specific systems
cue screen repair dubai,cue screen repair dubai,Cadillac,Master Keywords!A3118,DIGI-TEC_SEO_Keyword_Universe_Dubai.xlsx,,RESEARCH KEYWORD,,,,,CUE/touchscreen assessment,CUE/touchscreen assessment,/services/cadillac-cue-screen-repair-dubai,/services/auto-electrical-repair-dubai,Existing dedicated CUE owner covers fault-led repair and supported replacement after diagnosis,Brand-specific systems
cue screen replacement,cue screen replacement,Cadillac,Master Keywords!A3119,DIGI-TEC_SEO_Keyword_Universe_Dubai.xlsx,,RESEARCH KEYWORD,,,,,CUE/touchscreen assessment,CUE/touchscreen assessment,/services/cadillac-cue-screen-repair-dubai,/services/auto-electrical-repair-dubai,Existing dedicated CUE owner covers fault-led repair and supported replacement after diagnosis,Brand-specific systems
cue screen replacement dubai,cue screen replacement dubai,Cadillac,Master Keywords!A3120,DIGI-TEC_SEO_Keyword_Universe_Dubai.xlsx,,RESEARCH KEYWORD,,,,,CUE/touchscreen assessment,CUE/touchscreen assessment,/services/cadillac-cue-screen-repair-dubai,/services/auto-electrical-repair-dubai,Existing dedicated CUE owner covers fault-led repair and supported replacement after diagnosis,Brand-specific systems
srx screen replacement,srx screen replacement,Cadillac,Master Keywords!A3121,DIGI-TEC_SEO_Keyword_Universe_Dubai.xlsx,,RESEARCH KEYWORD,,,,,CUE/touchscreen assessment,CUE/touchscreen assessment,/services/cadillac-cue-screen-repair-dubai,/services/auto-electrical-repair-dubai,Existing dedicated CUE owner covers fault-led repair and supported replacement after diagnosis,Brand-specific systems
srx screen replacement dubai,srx screen replacement dubai,Cadillac,Master Keywords!A3122,DIGI-TEC_SEO_Keyword_Universe_Dubai.xlsx,,RESEARCH KEYWORD,,,,,CUE/touchscreen assessment,CUE/touchscreen assessment,/services/cadillac-cue-screen-repair-dubai,/services/auto-electrical-repair-dubai,Existing dedicated CUE owner covers fault-led repair and supported replacement after diagnosis,Brand-specific systems
touch screen replacement,touchscreen replacement,Cadillac,Master Keywords!A3123,DIGI-TEC_SEO_Keyword_Universe_Dubai.xlsx,,RESEARCH KEYWORD,,,,,CUE/touchscreen assessment,CUE/touchscreen assessment,/services/cadillac-cue-screen-repair-dubai,/services/auto-electrical-repair-dubai,Existing dedicated CUE owner covers fault-led repair and supported replacement after diagnosis,Brand-specific systems
touch screen replacement dubai,touchscreen replacement dubai,Cadillac,Master Keywords!A3124,DIGI-TEC_SEO_Keyword_Universe_Dubai.xlsx,,RESEARCH KEYWORD,,,,,CUE/touchscreen assessment,CUE/touchscreen assessment,/services/cadillac-cue-screen-repair-dubai,/services/auto-electrical-repair-dubai,Existing dedicated CUE owner covers fault-led repair and supported replacement after diagnosis,Brand-specific systems
xts touch screen replacement,xts touchscreen replacement,Cadillac,Master Keywords!A3125,DIGI-TEC_SEO_Keyword_Universe_Dubai.xlsx,,RESEARCH KEYWORD,,,,,CUE/touchscreen assessment,CUE/touchscreen assessment,/services/cadillac-cue-screen-repair-dubai,/services/auto-electrical-repair-dubai,Existing dedicated CUE owner covers fault-led repair and supported replacement after diagnosis,Brand-specific systems
xts touch screen replacement dubai,xts touchscreen replacement dubai,Cadillac,Master Keywords!A3126,DIGI-TEC_SEO_Keyword_Universe_Dubai.xlsx,,RESEARCH KEYWORD,,,,,CUE/touchscreen assessment,CUE/touchscreen assessment,/services/cadillac-cue-screen-repair-dubai,/services/auto-electrical-repair-dubai,Existing dedicated CUE owner covers fault-led repair and supported replacement after diagnosis,Brand-specific systems
cadillac boot repair,cadillac boot repair,Cadillac,Master Keywords!A3127,DIGI-TEC_SEO_Keyword_Universe_Dubai.xlsx,,GENERATED TAXONOMY,,,,,Broad Cadillac service,Broad Cadillac service,/brands/cadillac-service-dubai,,Existing Cadillac hub owns broad service and repair enquiry,Convenience/body electronics
cadillac boot repair dubai,cadillac boot repair dubai,Cadillac,Master Keywords!A3128,DIGI-TEC_SEO_Keyword_Universe_Dubai.xlsx,,GENERATED TAXONOMY,,,,,Broad Cadillac service,Broad Cadillac service,/brands/cadillac-service-dubai,,Existing Cadillac hub owns broad service and repair enquiry,Convenience/body electronics
cadillac door lock repair,cadillac door lock repair,Cadillac,Master Keywords!A3129,DIGI-TEC_SEO_Keyword_Universe_Dubai.xlsx,,GENERATED TAXONOMY,,,,,Broad Cadillac service,Broad Cadillac service,/brands/cadillac-service-dubai,,Existing Cadillac hub owns broad service and repair enquiry,Convenience/body electronics
cadillac door lock repair dubai,cadillac door lock repair dubai,Cadillac,Master Keywords!A3130,DIGI-TEC_SEO_Keyword_Universe_Dubai.xlsx,,GENERATED TAXONOMY,,,,,Broad Cadillac service,Broad Cadillac service,/brands/cadillac-service-dubai,,Existing Cadillac hub owns broad service and repair enquiry,Convenience/body electronics
cadillac power window repair,cadillac power window repair,Cadillac,Master Keywords!A3131,DIGI-TEC_SEO_Keyword_Universe_Dubai.xlsx,,GENERATED TAXONOMY,,,,,Broad Cadillac service,Broad Cadillac service,/brands/cadillac-service-dubai,,Existing Cadillac hub owns broad service and repair enquiry,Convenience/body electronics
cadillac power window repair dubai,cadillac power window repair dubai,Cadillac,Master Keywords!A3132,DIGI-TEC_SEO_Keyword_Universe_Dubai.xlsx,,GENERATED TAXONOMY,,,,,Broad Cadillac service,Broad Cadillac service,/brands/cadillac-service-dubai,,Existing Cadillac hub owns broad service and repair enquiry,Convenience/body electronics
cadillac seat motor repair,cadillac seat motor repair,Cadillac,Master Keywords!A3133,DIGI-TEC_SEO_Keyword_Universe_Dubai.xlsx,,GENERATED TAXONOMY,,,,,Broad Cadillac service,Broad Cadillac service,/brands/cadillac-service-dubai,,Existing Cadillac hub owns broad service and repair enquiry,Convenience/body electronics
cadillac seat motor repair dubai,cadillac seat motor repair dubai,Cadillac,Master Keywords!A3134,DIGI-TEC_SEO_Keyword_Universe_Dubai.xlsx,,GENERATED TAXONOMY,,,,,Broad Cadillac service,Broad Cadillac service,/brands/cadillac-service-dubai,,Existing Cadillac hub owns broad service and repair enquiry,Convenience/body electronics
cadillac seat repair,cadillac seat repair,Cadillac,Master Keywords!A3135,DIGI-TEC_SEO_Keyword_Universe_Dubai.xlsx,,GENERATED TAXONOMY,,,,,Broad Cadillac service,Broad Cadillac service,/brands/cadillac-service-dubai,,Existing Cadillac hub owns broad service and repair enquiry,Convenience/body electronics
cadillac seat repair dubai,cadillac seat repair dubai,Cadillac,Master Keywords!A3136,DIGI-TEC_SEO_Keyword_Universe_Dubai.xlsx,,GENERATED TAXONOMY,,,,,Broad Cadillac service,Broad Cadillac service,/brands/cadillac-service-dubai,,Existing Cadillac hub owns broad service and repair enquiry,Convenience/body electronics
cadillac soft close door repair,cadillac soft close door repair,Cadillac,Master Keywords!A3137,DIGI-TEC_SEO_Keyword_Universe_Dubai.xlsx,,GENERATED TAXONOMY,,,,,Broad Cadillac service,Broad Cadillac service,/brands/cadillac-service-dubai,,Existing Cadillac hub owns broad service and repair enquiry,Convenience/body electronics
cadillac soft close door repair dubai,cadillac soft close door repair dubai,Cadillac,Master Keywords!A3138,DIGI-TEC_SEO_Keyword_Universe_Dubai.xlsx,,GENERATED TAXONOMY,,,,,Broad Cadillac service,Broad Cadillac service,/brands/cadillac-service-dubai,,Existing Cadillac hub owns broad service and repair enquiry,Convenience/body electronics
cadillac sunroof repair,cadillac sunroof repair,Cadillac,Master Keywords!A3139,DIGI-TEC_SEO_Keyword_Universe_Dubai.xlsx,,GENERATED TAXONOMY,,,,,Broad Cadillac service,Broad Cadillac service,/brands/cadillac-service-dubai,,Existing Cadillac hub owns broad service and repair enquiry,Convenience/body electronics
cadillac sunroof repair dubai,cadillac sunroof repair dubai,Cadillac,Master Keywords!A3140,DIGI-TEC_SEO_Keyword_Universe_Dubai.xlsx,,GENERATED TAXONOMY,,,,,Broad Cadillac service,Broad Cadillac service,/brands/cadillac-service-dubai,,Existing Cadillac hub owns broad service and repair enquiry,Convenience/body electronics
cadillac tailgate repair,cadillac tailgate repair,Cadillac,Master Keywords!A3141,DIGI-TEC_SEO_Keyword_Universe_Dubai.xlsx,,GENERATED TAXONOMY,,,,,Broad Cadillac service,Broad Cadillac service,/brands/cadillac-service-dubai,,Existing Cadillac hub owns broad service and repair enquiry,Convenience/body electronics
cadillac tailgate repair dubai,cadillac tailgate repair dubai,Cadillac,Master Keywords!A3142,DIGI-TEC_SEO_Keyword_Universe_Dubai.xlsx,,GENERATED TAXONOMY,,,,,Broad Cadillac service,Broad Cadillac service,/brands/cadillac-service-dubai,,Existing Cadillac hub owns broad service and repair enquiry,Convenience/body electronics
cadillac window regulator replacement,cadillac window regulator replacement,Cadillac,Master Keywords!A3143,DIGI-TEC_SEO_Keyword_Universe_Dubai.xlsx,,GENERATED TAXONOMY,,,,,Broad Cadillac service,Broad Cadillac service,/brands/cadillac-service-dubai,,Existing Cadillac hub owns broad service and repair enquiry,Convenience/body electronics
cadillac window regulator replacement dubai,cadillac window regulator replacement dubai,Cadillac,Master Keywords!A3144,DIGI-TEC_SEO_Keyword_Universe_Dubai.xlsx,,GENERATED TAXONOMY,,,,,Broad Cadillac service,Broad Cadillac service,/brands/cadillac-service-dubai,,Existing Cadillac hub owns broad service and repair enquiry,Convenience/body electronics
cadillac check engine light,cadillac check engine light,Cadillac,Master Keywords!A3145,DIGI-TEC_SEO_Keyword_Universe_Dubai.xlsx,,GENERATED TAXONOMY,,,,,Mechanical/cooling,Mechanical/cooling,/services/mechanical-repair-dubai,/brands/cadillac-service-dubai/mechanical-repair,Existing Cadillac route is intentionally noindex; indexable generic or hub owner,Diagnostics & warning lights
cadillac computer diagnostics,cadillac computer diagnostics,Cadillac,Master Keywords!A3146,DIGI-TEC_SEO_Keyword_Universe_Dubai.xlsx,,GENERATED TAXONOMY,,,,,Diagnostics,Diagnostics,/brands/cadillac-service-dubai/engine-diagnostics,/brands/cadillac-service-dubai,Indexable brand service owner,Diagnostics & warning lights
cadillac dashboard warning light,cadillac dashboard warning light,Cadillac,Master Keywords!A3147,DIGI-TEC_SEO_Keyword_Universe_Dubai.xlsx,,GENERATED TAXONOMY,,,,,Diagnostics,Diagnostics,/brands/cadillac-service-dubai/engine-diagnostics,/brands/cadillac-service-dubai,Indexable brand service owner,Diagnostics & warning lights
cadillac diagnostic scan,cadillac diagnostic scan,Cadillac,Master Keywords!A3148,DIGI-TEC_SEO_Keyword_Universe_Dubai.xlsx,,GENERATED TAXONOMY,,,,,Diagnostics,Diagnostics,/brands/cadillac-service-dubai/engine-diagnostics,/brands/cadillac-service-dubai,Indexable brand service owner,Diagnostics & warning lights
cadillac diagnostics,cadillac diagnostics,Cadillac,Master Keywords!A3149,DIGI-TEC_SEO_Keyword_Universe_Dubai.xlsx,,GENERATED TAXONOMY,,,,,Diagnostics,Diagnostics,/brands/cadillac-service-dubai/engine-diagnostics,/brands/cadillac-service-dubai,Indexable brand service owner,Diagnostics & warning lights
cadillac engine warning light,cadillac engine warning light,Cadillac,Master Keywords!A3150,DIGI-TEC_SEO_Keyword_Universe_Dubai.xlsx,,GENERATED TAXONOMY,,,,,Diagnostics,Diagnostics,/brands/cadillac-service-dubai/engine-diagnostics,/brands/cadillac-service-dubai,Indexable brand service owner,Diagnostics & warning lights
cadillac fault code scanning,cadillac fault code scanning,Cadillac,Master Keywords!A3151,DIGI-TEC_SEO_Keyword_Universe_Dubai.xlsx,,GENERATED TAXONOMY,,,,,Diagnostics,Diagnostics,/brands/cadillac-service-dubai/engine-diagnostics,/brands/cadillac-service-dubai,Indexable brand service owner,Diagnostics & warning lights
cadillac fault diagnosis,cadillac fault diagnosis,Cadillac,Master Keywords!A3152,DIGI-TEC_SEO_Keyword_Universe_Dubai.xlsx,,GENERATED TAXONOMY,,,,,Diagnostics,Diagnostics,/brands/cadillac-service-dubai/engine-diagnostics,/brands/cadillac-service-dubai,Indexable brand service owner,Diagnostics & warning lights
cadillac alternator repair,cadillac alternator repair,Cadillac,Master Keywords!A3153,DIGI-TEC_SEO_Keyword_Universe_Dubai.xlsx,,GENERATED TAXONOMY,,,,,Broad Cadillac service,Broad Cadillac service,/brands/cadillac-service-dubai,,Existing Cadillac hub owns broad service and repair enquiry,Electrical
cadillac alternator replacement,cadillac alternator replacement,Cadillac,Master Keywords!A3154,DIGI-TEC_SEO_Keyword_Universe_Dubai.xlsx,,GENERATED TAXONOMY,,,,,Broad Cadillac service,Broad Cadillac service,/brands/cadillac-service-dubai,,Existing Cadillac hub owns broad service and repair enquiry,Electrical
cadillac battery drain repair,cadillac battery drain repair,Cadillac,Master Keywords!A3155,DIGI-TEC_SEO_Keyword_Universe_Dubai.xlsx,,GENERATED TAXONOMY,,,,,Battery/no-start,Battery/no-start,/services/battery-replacement-dubai,/brands/cadillac-service-dubai/battery-replacement,Existing Cadillac route is intentionally noindex; indexable generic or hub owner,Electrical
cadillac battery replacement,cadillac battery replacement,Cadillac,Master Keywords!A3156,DIGI-TEC_SEO_Keyword_Universe_Dubai.xlsx,,GENERATED TAXONOMY,,,,,Battery/no-start,Battery/no-start,/services/battery-replacement-dubai,/brands/cadillac-service-dubai/battery-replacement,Existing Cadillac route is intentionally noindex; indexable generic or hub owner,Electrical
cadillac battery replacement near me,cadillac battery replacement near me,Cadillac,Master Keywords!A3157,DIGI-TEC_SEO_Keyword_Universe_Dubai.xlsx,,GENERATED TAXONOMY,,,,,Battery/no-start,Battery/no-start,/services/battery-replacement-dubai,/brands/cadillac-service-dubai/battery-replacement,Existing Cadillac route is intentionally noindex; indexable generic or hub owner,Electrical
cadillac coding service,cadillac coding service,Cadillac,Master Keywords!A3158,DIGI-TEC_SEO_Keyword_Universe_Dubai.xlsx,,GENERATED TAXONOMY,,,,,Unverified service,Unverified service,,,Exact Cadillac capability has not been verified,Electrical
cadillac ecu programming,cadillac ecu programming,Cadillac,Master Keywords!A3159,DIGI-TEC_SEO_Keyword_Universe_Dubai.xlsx,,GENERATED TAXONOMY,,,,,Unverified service,Unverified service,,,Exact Cadillac capability has not been verified,Electrical
cadillac ecu repair,cadillac ecu repair,Cadillac,Master Keywords!A3160,DIGI-TEC_SEO_Keyword_Universe_Dubai.xlsx,,GENERATED TAXONOMY,,,,,Broad Cadillac service,Broad Cadillac service,/brands/cadillac-service-dubai,,Existing Cadillac hub owns broad service and repair enquiry,Electrical
cadillac electrical diagnostics,cadillac electrical diagnostics,Cadillac,Master Keywords!A3161,DIGI-TEC_SEO_Keyword_Universe_Dubai.xlsx,,GENERATED TAXONOMY,,,,,Diagnostics,Diagnostics,/brands/cadillac-service-dubai/engine-diagnostics,/brands/cadillac-service-dubai,Indexable brand service owner,Electrical
cadillac electrical repair,cadillac electrical repair,Cadillac,Master Keywords!A3162,DIGI-TEC_SEO_Keyword_Universe_Dubai.xlsx,,GENERATED TAXONOMY,,,,,Electrical,Electrical,/services/auto-electrical-repair-dubai,/brands/cadillac-service-dubai/electrical-repair,Existing Cadillac route is intentionally noindex; indexable generic or hub owner,Electrical
cadillac electrical repair near me,cadillac electrical repair near me,Cadillac,Master Keywords!A3163,DIGI-TEC_SEO_Keyword_Universe_Dubai.xlsx,,GENERATED TAXONOMY,,,,,Electrical,Electrical,/services/auto-electrical-repair-dubai,/brands/cadillac-service-dubai/electrical-repair,Existing Cadillac route is intentionally noindex; indexable generic or hub owner,Electrical
cadillac key programming,cadillac key programming,Cadillac,Master Keywords!A3164,DIGI-TEC_SEO_Keyword_Universe_Dubai.xlsx,,GENERATED TAXONOMY,,,,,Unverified service,Unverified service,,,Exact Cadillac capability has not been verified,Electrical
cadillac keyless entry repair,cadillac keyless entry repair,Cadillac,Master Keywords!A3165,DIGI-TEC_SEO_Keyword_Universe_Dubai.xlsx,,GENERATED TAXONOMY,,,,,Broad Cadillac service,Broad Cadillac service,/brands/cadillac-service-dubai,,Existing Cadillac hub owns broad service and repair enquiry,Electrical
cadillac module programming,cadillac module programming,Cadillac,Master Keywords!A3166,DIGI-TEC_SEO_Keyword_Universe_Dubai.xlsx,,GENERATED TAXONOMY,,,,,Unverified service,Unverified service,,,Exact Cadillac capability has not been verified,Electrical
cadillac module repair,cadillac module repair,Cadillac,Master Keywords!A3167,DIGI-TEC_SEO_Keyword_Universe_Dubai.xlsx,,GENERATED TAXONOMY,,,,,Electrical,Electrical,/services/auto-electrical-repair-dubai,/brands/cadillac-service-dubai/electrical-repair,Existing Cadillac route is intentionally noindex; indexable generic or hub owner,Electrical
cadillac sensor replacement,cadillac sensor replacement,Cadillac,Master Keywords!A3168,DIGI-TEC_SEO_Keyword_Universe_Dubai.xlsx,,GENERATED TAXONOMY,,,,,Electrical,Electrical,/services/auto-electrical-repair-dubai,/brands/cadillac-service-dubai/electrical-repair,Existing Cadillac route is intentionally noindex; indexable generic or hub owner,Electrical
cadillac starter motor repair,cadillac starter motor repair,Cadillac,Master Keywords!A3169,DIGI-TEC_SEO_Keyword_Universe_Dubai.xlsx,,GENERATED TAXONOMY,,,,,Broad Cadillac service,Broad Cadillac service,/brands/cadillac-service-dubai,,Existing Cadillac hub owns broad service and repair enquiry,Electrical
cadillac starter replacement,cadillac starter replacement,Cadillac,Master Keywords!A3170,DIGI-TEC_SEO_Keyword_Universe_Dubai.xlsx,,GENERATED TAXONOMY,,,,,Broad Cadillac service,Broad Cadillac service,/brands/cadillac-service-dubai,,Existing Cadillac hub owns broad service and repair enquiry,Electrical
cadillac wiring repair,cadillac wiring repair,Cadillac,Master Keywords!A3171,DIGI-TEC_SEO_Keyword_Universe_Dubai.xlsx,,GENERATED TAXONOMY,,,,,Electrical,Electrical,/services/auto-electrical-repair-dubai,/brands/cadillac-service-dubai/electrical-repair,Existing Cadillac route is intentionally noindex; indexable generic or hub owner,Electrical
cadillac engine mount replacement,cadillac engine mount replacement,Cadillac,Master Keywords!A3172,DIGI-TEC_SEO_Keyword_Universe_Dubai.xlsx,,GENERATED TAXONOMY,,,,,Mechanical/cooling,Mechanical/cooling,/services/mechanical-repair-dubai,/brands/cadillac-service-dubai/mechanical-repair,Existing Cadillac route is intentionally noindex; indexable generic or hub owner,Engine
cadillac engine oil leak repair,cadillac engine oil leak repair,Cadillac,Master Keywords!A3173,DIGI-TEC_SEO_Keyword_Universe_Dubai.xlsx,,GENERATED TAXONOMY,,,,,Oil service,Oil service,/brands/cadillac-service-dubai/oil-change,/brands/cadillac-service-dubai,Indexable brand service owner,Engine
cadillac engine overhaul,cadillac engine overhaul,Cadillac,Master Keywords!A3174,DIGI-TEC_SEO_Keyword_Universe_Dubai.xlsx,,GENERATED TAXONOMY,,,,,Mechanical/cooling,Mechanical/cooling,/services/mechanical-repair-dubai,/brands/cadillac-service-dubai/mechanical-repair,Existing Cadillac route is intentionally noindex; indexable generic or hub owner,Engine
cadillac engine overheating repair,cadillac engine overheating repair,Cadillac,Master Keywords!A3175,DIGI-TEC_SEO_Keyword_Universe_Dubai.xlsx,,GENERATED TAXONOMY,,,,,Mechanical/cooling,Mechanical/cooling,/services/mechanical-repair-dubai,/brands/cadillac-service-dubai/mechanical-repair,Existing Cadillac route is intentionally noindex; indexable generic or hub owner,Engine
cadillac engine rebuild,cadillac engine rebuild,Cadillac,Master Keywords!A3176,DIGI-TEC_SEO_Keyword_Universe_Dubai.xlsx,,GENERATED TAXONOMY,,,,,Mechanical/cooling,Mechanical/cooling,/services/mechanical-repair-dubai,/brands/cadillac-service-dubai/mechanical-repair,Existing Cadillac route is intentionally noindex; indexable generic or hub owner,Engine
cadillac engine repair,cadillac engine repair,Cadillac,Master Keywords!A3177,DIGI-TEC_SEO_Keyword_Universe_Dubai.xlsx,,GENERATED TAXONOMY,,,,,Mechanical/cooling,Mechanical/cooling,/services/mechanical-repair-dubai,/brands/cadillac-service-dubai/mechanical-repair,Existing Cadillac route is intentionally noindex; indexable generic or hub owner,Engine
cadillac engine repair near me,cadillac engine repair near me,Cadillac,Master Keywords!A3178,DIGI-TEC_SEO_Keyword_Universe_Dubai.xlsx,,GENERATED TAXONOMY,,,,,Mechanical/cooling,Mechanical/cooling,/services/mechanical-repair-dubai,/brands/cadillac-service-dubai/mechanical-repair,Existing Cadillac route is intentionally noindex; indexable generic or hub owner,Engine
cadillac engine replacement,cadillac engine replacement,Cadillac,Master Keywords!A3179,DIGI-TEC_SEO_Keyword_Universe_Dubai.xlsx,,GENERATED TAXONOMY,,,,,Mechanical/cooling,Mechanical/cooling,/services/mechanical-repair-dubai,/brands/cadillac-service-dubai/mechanical-repair,Existing Cadillac route is intentionally noindex; indexable generic or hub owner,Engine
cadillac loss of power repair,cadillac loss of power repair,Cadillac,Master Keywords!A3180,DIGI-TEC_SEO_Keyword_Universe_Dubai.xlsx,,GENERATED TAXONOMY,,,,,Broad Cadillac service,Broad Cadillac service,/brands/cadillac-service-dubai,,Existing Cadillac hub owns broad service and repair enquiry,Engine
cadillac misfire repair,cadillac misfire repair,Cadillac,Master Keywords!A3181,DIGI-TEC_SEO_Keyword_Universe_Dubai.xlsx,,GENERATED TAXONOMY,,,,,Broad Cadillac service,Broad Cadillac service,/brands/cadillac-service-dubai,,Existing Cadillac hub owns broad service and repair enquiry,Engine
cadillac timing belt replacement,cadillac timing belt replacement,Cadillac,Master Keywords!A3182,DIGI-TEC_SEO_Keyword_Universe_Dubai.xlsx,,GENERATED TAXONOMY,,,,,Broad Cadillac service,Broad Cadillac service,/brands/cadillac-service-dubai,,Existing Cadillac hub owns broad service and repair enquiry,Engine
cadillac timing chain repair,cadillac timing chain repair,Cadillac,Master Keywords!A3183,DIGI-TEC_SEO_Keyword_Universe_Dubai.xlsx,,GENERATED TAXONOMY,,,,,Broad Cadillac service,Broad Cadillac service,/brands/cadillac-service-dubai,,Existing Cadillac hub owns broad service and repair enquiry,Engine
cadillac valve cover gasket replacement,cadillac valve cover gasket replacement,Cadillac,Master Keywords!A3184,DIGI-TEC_SEO_Keyword_Universe_Dubai.xlsx,,GENERATED TAXONOMY,,,,,Broad Cadillac service,Broad Cadillac service,/brands/cadillac-service-dubai,,Existing Cadillac hub owns broad service and repair enquiry,Engine
cadillac catalytic converter repair,cadillac catalytic converter repair,Cadillac,Master Keywords!A3185,DIGI-TEC_SEO_Keyword_Universe_Dubai.xlsx,,GENERATED TAXONOMY,,,,,Broad Cadillac service,Broad Cadillac service,/brands/cadillac-service-dubai,,Existing Cadillac hub owns broad service and repair enquiry,Exhaust & emissions
cadillac catalytic converter repair dubai,cadillac catalytic converter repair dubai,Cadillac,Master Keywords!A3186,DIGI-TEC_SEO_Keyword_Universe_Dubai.xlsx,,GENERATED TAXONOMY,,,,,Broad Cadillac service,Broad Cadillac service,/brands/cadillac-service-dubai,,Existing Cadillac hub owns broad service and repair enquiry,Exhaust & emissions
cadillac emissions repair,cadillac emissions repair,Cadillac,Master Keywords!A3187,DIGI-TEC_SEO_Keyword_Universe_Dubai.xlsx,,GENERATED TAXONOMY,,,,,Broad Cadillac service,Broad Cadillac service,/brands/cadillac-service-dubai,,Existing Cadillac hub owns broad service and repair enquiry,Exhaust & emissions
cadillac emissions repair dubai,cadillac emissions repair dubai,Cadillac,Master Keywords!A3188,DIGI-TEC_SEO_Keyword_Universe_Dubai.xlsx,,GENERATED TAXONOMY,,,,,Broad Cadillac service,Broad Cadillac service,/brands/cadillac-service-dubai,,Existing Cadillac hub owns broad service and repair enquiry,Exhaust & emissions
cadillac exhaust leak repair,cadillac exhaust leak repair,Cadillac,Master Keywords!A3189,DIGI-TEC_SEO_Keyword_Universe_Dubai.xlsx,,GENERATED TAXONOMY,,,,,Broad Cadillac service,Broad Cadillac service,/brands/cadillac-service-dubai,,Existing Cadillac hub owns broad service and repair enquiry,Exhaust & emissions
cadillac exhaust leak repair dubai,cadillac exhaust leak repair dubai,Cadillac,Master Keywords!A3190,DIGI-TEC_SEO_Keyword_Universe_Dubai.xlsx,,GENERATED TAXONOMY,,,,,Broad Cadillac service,Broad Cadillac service,/brands/cadillac-service-dubai,,Existing Cadillac hub owns broad service and repair enquiry,Exhaust & emissions
cadillac exhaust repair,cadillac exhaust repair,Cadillac,Master Keywords!A3191,DIGI-TEC_SEO_Keyword_Universe_Dubai.xlsx,,GENERATED TAXONOMY,,,,,Broad Cadillac service,Broad Cadillac service,/brands/cadillac-service-dubai,,Existing Cadillac hub owns broad service and repair enquiry,Exhaust & emissions
cadillac exhaust repair dubai,cadillac exhaust repair dubai,Cadillac,Master Keywords!A3192,DIGI-TEC_SEO_Keyword_Universe_Dubai.xlsx,,GENERATED TAXONOMY,,,,,Broad Cadillac service,Broad Cadillac service,/brands/cadillac-service-dubai,,Existing Cadillac hub owns broad service and repair enquiry,Exhaust & emissions
cadillac exhaust replacement,cadillac exhaust replacement,Cadillac,Master Keywords!A3193,DIGI-TEC_SEO_Keyword_Universe_Dubai.xlsx,,GENERATED TAXONOMY,,,,,Broad Cadillac service,Broad Cadillac service,/brands/cadillac-service-dubai,,Existing Cadillac hub owns broad service and repair enquiry,Exhaust & emissions
cadillac exhaust replacement dubai,cadillac exhaust replacement dubai,Cadillac,Master Keywords!A3194,DIGI-TEC_SEO_Keyword_Universe_Dubai.xlsx,,GENERATED TAXONOMY,,,,,Broad Cadillac service,Broad Cadillac service,/brands/cadillac-service-dubai,,Existing Cadillac hub owns broad service and repair enquiry,Exhaust & emissions
cadillac exhaust upgrade,cadillac exhaust upgrade,Cadillac,Master Keywords!A3195,DIGI-TEC_SEO_Keyword_Universe_Dubai.xlsx,,GENERATED TAXONOMY,,,,,Unverified service,Unverified service,,,Exact Cadillac capability has not been verified,Exhaust & emissions
cadillac exhaust upgrade dubai,cadillac exhaust upgrade dubai,Cadillac,Master Keywords!A3196,DIGI-TEC_SEO_Keyword_Universe_Dubai.xlsx,,GENERATED TAXONOMY,,,,,Unverified service,Unverified service,,,Exact Cadillac capability has not been verified,Exhaust & emissions
cadillac muffler repair,cadillac muffler repair,Cadillac,Master Keywords!A3197,DIGI-TEC_SEO_Keyword_Universe_Dubai.xlsx,,GENERATED TAXONOMY,,,,,Broad Cadillac service,Broad Cadillac service,/brands/cadillac-service-dubai,,Existing Cadillac hub owns broad service and repair enquiry,Exhaust & emissions
cadillac muffler repair dubai,cadillac muffler repair dubai,Cadillac,Master Keywords!A3198,DIGI-TEC_SEO_Keyword_Universe_Dubai.xlsx,,GENERATED TAXONOMY,,,,,Broad Cadillac service,Broad Cadillac service,/brands/cadillac-service-dubai,,Existing Cadillac hub owns broad service and repair enquiry,Exhaust & emissions
cadillac oxygen sensor replacement,cadillac oxygen sensor replacement,Cadillac,Master Keywords!A3199,DIGI-TEC_SEO_Keyword_Universe_Dubai.xlsx,,GENERATED TAXONOMY,,,,,Electrical,Electrical,/services/auto-electrical-repair-dubai,/brands/cadillac-service-dubai/electrical-repair,Existing Cadillac route is intentionally noindex; indexable generic or hub owner,Exhaust & emissions
cadillac oxygen sensor replacement dubai,cadillac oxygen sensor replacement dubai,Cadillac,Master Keywords!A3200,DIGI-TEC_SEO_Keyword_Universe_Dubai.xlsx,,GENERATED TAXONOMY,,,,,Electrical,Electrical,/services/auto-electrical-repair-dubai,/brands/cadillac-service-dubai/electrical-repair,Existing Cadillac route is intentionally noindex; indexable generic or hub owner,Exhaust & emissions
cadillac car repair,cadillac car repair,Cadillac,Master Keywords!A3201,DIGI-TEC_SEO_Keyword_Universe_Dubai.xlsx,,GENERATED TAXONOMY,,,,,Broad Cadillac service,Broad Cadillac service,/brands/cadillac-service-dubai,,Existing Cadillac hub owns broad service and repair enquiry,General repair
cadillac garage,cadillac garage,Cadillac,Master Keywords!A3202,DIGI-TEC_SEO_Keyword_Universe_Dubai.xlsx,,GENERATED TAXONOMY,,,,,Broad Cadillac service,Broad Cadillac service,/brands/cadillac-service-dubai,,Existing Cadillac hub owns broad service and repair enquiry,General repair
cadillac garage near me,cadillac garage near me,Cadillac,Master Keywords!A3203,DIGI-TEC_SEO_Keyword_Universe_Dubai.xlsx,,GENERATED TAXONOMY,,,,,Broad Cadillac service,Broad Cadillac service,/brands/cadillac-service-dubai,,Existing Cadillac hub owns broad service and repair enquiry,General repair
cadillac maintenance,cadillac maintenance,Cadillac,Master Keywords!A3204,DIGI-TEC_SEO_Keyword_Universe_Dubai.xlsx,,GENERATED TAXONOMY,,,,,Broad Cadillac service,Broad Cadillac service,/brands/cadillac-service-dubai,,Existing Cadillac hub owns broad service and repair enquiry,General repair
cadillac service,cadillac service,Cadillac,Master Keywords!A3205,DIGI-TEC_SEO_Keyword_Universe_Dubai.xlsx,,GENERATED TAXONOMY,,,,,Broad Cadillac service,Broad Cadillac service,/brands/cadillac-service-dubai,,Existing Cadillac hub owns broad service and repair enquiry,General repair
cadillac service center,cadillac service center,Cadillac,Master Keywords!A3206,DIGI-TEC_SEO_Keyword_Universe_Dubai.xlsx,,GENERATED TAXONOMY,,,,,Broad Cadillac service,Broad Cadillac service,/brands/cadillac-service-dubai,,Existing Cadillac hub owns broad service and repair enquiry,General repair
cadillac service centre,cadillac service centre,Cadillac,Master Keywords!A3207,DIGI-TEC_SEO_Keyword_Universe_Dubai.xlsx,,GENERATED TAXONOMY,,,,,Broad Cadillac service,Broad Cadillac service,/brands/cadillac-service-dubai,,Existing Cadillac hub owns broad service and repair enquiry,General repair
cadillac service near me,cadillac service near me,Cadillac,Master Keywords!A3208,DIGI-TEC_SEO_Keyword_Universe_Dubai.xlsx,,GENERATED TAXONOMY,,,,,Broad Cadillac service,Broad Cadillac service,/brands/cadillac-service-dubai,,Existing Cadillac hub owns broad service and repair enquiry,General repair
cadillac specialist,cadillac specialist,Cadillac,Master Keywords!A3209,DIGI-TEC_SEO_Keyword_Universe_Dubai.xlsx,,GENERATED TAXONOMY,,,,,Broad Cadillac service,Broad Cadillac service,/brands/cadillac-service-dubai,,Existing Cadillac hub owns broad service and repair enquiry,General repair
cadillac specialist near me,cadillac specialist near me,Cadillac,Master Keywords!A3210,DIGI-TEC_SEO_Keyword_Universe_Dubai.xlsx,,GENERATED TAXONOMY,,,,,Broad Cadillac service,Broad Cadillac service,/brands/cadillac-service-dubai,,Existing Cadillac hub owns broad service and repair enquiry,General repair
cadillac workshop,cadillac workshop,Cadillac,Master Keywords!A3211,DIGI-TEC_SEO_Keyword_Universe_Dubai.xlsx,,GENERATED TAXONOMY,,,,,Broad Cadillac service,Broad Cadillac service,/brands/cadillac-service-dubai,,Existing Cadillac hub owns broad service and repair enquiry,General repair
cadillac workshop near me,cadillac workshop near me,Cadillac,Master Keywords!A3212,DIGI-TEC_SEO_Keyword_Universe_Dubai.xlsx,,GENERATED TAXONOMY,,,,,Broad Cadillac service,Broad Cadillac service,/brands/cadillac-service-dubai,,Existing Cadillac hub owns broad service and repair enquiry,General repair
cadillac android auto upgrade,cadillac android auto upgrade,Cadillac,Master Keywords!A3213,DIGI-TEC_SEO_Keyword_Universe_Dubai.xlsx,,GENERATED TAXONOMY,,,,,Unverified service,Unverified service,,,Exact Cadillac capability has not been verified,Infotainment & electronics
cadillac android auto upgrade dubai,cadillac android auto upgrade dubai,Cadillac,Master Keywords!A3214,DIGI-TEC_SEO_Keyword_Universe_Dubai.xlsx,,GENERATED TAXONOMY,,,,,Unverified service,Unverified service,,,Exact Cadillac capability has not been verified,Infotainment & electronics
cadillac apple carplay upgrade,cadillac apple carplay upgrade,Cadillac,Master Keywords!A3215,DIGI-TEC_SEO_Keyword_Universe_Dubai.xlsx,,GENERATED TAXONOMY,,,,,Unverified service,Unverified service,,,Exact Cadillac capability has not been verified,Infotainment & electronics
cadillac apple carplay upgrade dubai,cadillac apple carplay upgrade dubai,Cadillac,Master Keywords!A3216,DIGI-TEC_SEO_Keyword_Universe_Dubai.xlsx,,GENERATED TAXONOMY,,,,,Unverified service,Unverified service,,,Exact Cadillac capability has not been verified,Infotainment & electronics
cadillac camera not working,cadillac camera not working,Cadillac,Master Keywords!A3217,DIGI-TEC_SEO_Keyword_Universe_Dubai.xlsx,,GENERATED TAXONOMY,,,,,Broad Cadillac service,Broad Cadillac service,/brands/cadillac-service-dubai,,Existing Cadillac hub owns broad service and repair enquiry,Infotainment & electronics
cadillac camera not working dubai,cadillac camera not working dubai,Cadillac,Master Keywords!A3218,DIGI-TEC_SEO_Keyword_Universe_Dubai.xlsx,,GENERATED TAXONOMY,,,,,Broad Cadillac service,Broad Cadillac service,/brands/cadillac-service-dubai,,Existing Cadillac hub owns broad service and repair enquiry,Infotainment & electronics
cadillac head unit repair,cadillac head unit repair,Cadillac,Master Keywords!A3219,DIGI-TEC_SEO_Keyword_Universe_Dubai.xlsx,,GENERATED TAXONOMY,,,,,Head-unit fault,Head-unit fault,/services/head-unit-repair-dubai,/services/cadillac-cue-screen-repair-dubai,Generic head-unit owner; CUE page supports Cadillac screen triage,Infotainment & electronics
cadillac head unit repair dubai,cadillac head unit repair dubai,Cadillac,Master Keywords!A3220,DIGI-TEC_SEO_Keyword_Universe_Dubai.xlsx,,GENERATED TAXONOMY,,,,,Head-unit fault,Head-unit fault,/services/head-unit-repair-dubai,/services/cadillac-cue-screen-repair-dubai,Generic head-unit owner; CUE page supports Cadillac screen triage,Infotainment & electronics
cadillac infotainment repair,cadillac infotainment repair,Cadillac,Master Keywords!A3221,DIGI-TEC_SEO_Keyword_Universe_Dubai.xlsx,,GENERATED TAXONOMY,,,,,CUE/touchscreen assessment,CUE/touchscreen assessment,/services/cadillac-cue-screen-repair-dubai,/services/auto-electrical-repair-dubai,Existing dedicated CUE owner covers fault-led repair and supported replacement after diagnosis,Infotainment & electronics
cadillac infotainment repair dubai,cadillac infotainment repair dubai,Cadillac,Master Keywords!A3222,DIGI-TEC_SEO_Keyword_Universe_Dubai.xlsx,,GENERATED TAXONOMY,,,,,CUE/touchscreen assessment,CUE/touchscreen assessment,/services/cadillac-cue-screen-repair-dubai,/services/auto-electrical-repair-dubai,Existing dedicated CUE owner covers fault-led repair and supported replacement after diagnosis,Infotainment & electronics
cadillac instrument cluster repair,cadillac instrument cluster repair,Cadillac,Master Keywords!A3223,DIGI-TEC_SEO_Keyword_Universe_Dubai.xlsx,,GENERATED TAXONOMY,,,,,Broad Cadillac service,Broad Cadillac service,/brands/cadillac-service-dubai,,Existing Cadillac hub owns broad service and repair enquiry,Infotainment & electronics
cadillac instrument cluster repair dubai,cadillac instrument cluster repair dubai,Cadillac,Master Keywords!A3224,DIGI-TEC_SEO_Keyword_Universe_Dubai.xlsx,,GENERATED TAXONOMY,,,,,Broad Cadillac service,Broad Cadillac service,/brands/cadillac-service-dubai,,Existing Cadillac hub owns broad service and repair enquiry,Infotainment & electronics
cadillac navigation repair,cadillac navigation repair,Cadillac,Master Keywords!A3225,DIGI-TEC_SEO_Keyword_Universe_Dubai.xlsx,,GENERATED TAXONOMY,,,,,Broad Cadillac service,Broad Cadillac service,/brands/cadillac-service-dubai,,Existing Cadillac hub owns broad service and repair enquiry,Infotainment & electronics
cadillac navigation repair dubai,cadillac navigation repair dubai,Cadillac,Master Keywords!A3226,DIGI-TEC_SEO_Keyword_Universe_Dubai.xlsx,,GENERATED TAXONOMY,,,,,Broad Cadillac service,Broad Cadillac service,/brands/cadillac-service-dubai,,Existing Cadillac hub owns broad service and repair enquiry,Infotainment & electronics
cadillac reverse camera installation,cadillac reverse camera installation,Cadillac,Master Keywords!A3227,DIGI-TEC_SEO_Keyword_Universe_Dubai.xlsx,,GENERATED TAXONOMY,,,,,Camera fault,Camera fault,/services/auto-electrical-repair-dubai,/services/cadillac-cue-screen-repair-dubai,"Assess camera, wiring and display path before parts choice",Infotainment & electronics
cadillac reverse camera installation dubai,cadillac reverse camera installation dubai,Cadillac,Master Keywords!A3228,DIGI-TEC_SEO_Keyword_Universe_Dubai.xlsx,,GENERATED TAXONOMY,,,,,Camera fault,Camera fault,/services/auto-electrical-repair-dubai,/services/cadillac-cue-screen-repair-dubai,"Assess camera, wiring and display path before parts choice",Infotainment & electronics
cadillac reverse camera repair,cadillac reverse camera repair,Cadillac,Master Keywords!A3229,DIGI-TEC_SEO_Keyword_Universe_Dubai.xlsx,,GENERATED TAXONOMY,,,,,Camera fault,Camera fault,/services/auto-electrical-repair-dubai,/services/cadillac-cue-screen-repair-dubai,"Assess camera, wiring and display path before parts choice",Infotainment & electronics
cadillac reverse camera repair dubai,cadillac reverse camera repair dubai,Cadillac,Master Keywords!A3230,DIGI-TEC_SEO_Keyword_Universe_Dubai.xlsx,,GENERATED TAXONOMY,,,,,Camera fault,Camera fault,/services/auto-electrical-repair-dubai,/services/cadillac-cue-screen-repair-dubai,"Assess camera, wiring and display path before parts choice",Infotainment & electronics
cadillac screen repair,cadillac screen repair,Cadillac,Master Keywords!A3231,DIGI-TEC_SEO_Keyword_Universe_Dubai.xlsx,,GENERATED TAXONOMY,,,,,CUE/touchscreen assessment,CUE/touchscreen assessment,/services/cadillac-cue-screen-repair-dubai,/services/auto-electrical-repair-dubai,Existing dedicated CUE owner covers fault-led repair and supported replacement after diagnosis,Infotainment & electronics
cadillac screen repair dubai,cadillac screen repair dubai,Cadillac,Master Keywords!A3232,DIGI-TEC_SEO_Keyword_Universe_Dubai.xlsx,,GENERATED TAXONOMY,,,,,CUE/touchscreen assessment,CUE/touchscreen assessment,/services/cadillac-cue-screen-repair-dubai,/services/auto-electrical-repair-dubai,Existing dedicated CUE owner covers fault-led repair and supported replacement after diagnosis,Infotainment & electronics
cadillac screen replacement,cadillac screen replacement,Cadillac,Master Keywords!A3233,DIGI-TEC_SEO_Keyword_Universe_Dubai.xlsx,,GENERATED TAXONOMY,,,,,CUE/touchscreen assessment,CUE/touchscreen assessment,/services/cadillac-cue-screen-repair-dubai,/services/auto-electrical-repair-dubai,Existing dedicated CUE owner covers fault-led repair and supported replacement after diagnosis,Infotainment & electronics
cadillac screen replacement dubai,cadillac screen replacement dubai,Cadillac,Master Keywords!A3234,DIGI-TEC_SEO_Keyword_Universe_Dubai.xlsx,,GENERATED TAXONOMY,,,,,CUE/touchscreen assessment,CUE/touchscreen assessment,/services/cadillac-cue-screen-repair-dubai,/services/auto-electrical-repair-dubai,Existing dedicated CUE owner covers fault-led repair and supported replacement after diagnosis,Infotainment & electronics
cadillac sound system upgrade,cadillac sound system upgrade,Cadillac,Master Keywords!A3235,DIGI-TEC_SEO_Keyword_Universe_Dubai.xlsx,,GENERATED TAXONOMY,,,,,Unverified service,Unverified service,,,Exact Cadillac capability has not been verified,Infotainment & electronics
cadillac sound system upgrade dubai,cadillac sound system upgrade dubai,Cadillac,Master Keywords!A3236,DIGI-TEC_SEO_Keyword_Universe_Dubai.xlsx,,GENERATED TAXONOMY,,,,,Unverified service,Unverified service,,,Exact Cadillac capability has not been verified,Infotainment & electronics
cadillac stereo repair,cadillac stereo repair,Cadillac,Master Keywords!A3237,DIGI-TEC_SEO_Keyword_Universe_Dubai.xlsx,,GENERATED TAXONOMY,,,,,Broad Cadillac service,Broad Cadillac service,/brands/cadillac-service-dubai,,Existing Cadillac hub owns broad service and repair enquiry,Infotainment & electronics
cadillac stereo repair dubai,cadillac stereo repair dubai,Cadillac,Master Keywords!A3238,DIGI-TEC_SEO_Keyword_Universe_Dubai.xlsx,,GENERATED TAXONOMY,,,,,Broad Cadillac service,Broad Cadillac service,/brands/cadillac-service-dubai,,Existing Cadillac hub owns broad service and repair enquiry,Infotainment & electronics
cadillac stereo upgrade,cadillac stereo upgrade,Cadillac,Master Keywords!A3239,DIGI-TEC_SEO_Keyword_Universe_Dubai.xlsx,,GENERATED TAXONOMY,,,,,Unverified service,Unverified service,,,Exact Cadillac capability has not been verified,Infotainment & electronics
cadillac stereo upgrade dubai,cadillac stereo upgrade dubai,Cadillac,Master Keywords!A3240,DIGI-TEC_SEO_Keyword_Universe_Dubai.xlsx,,GENERATED TAXONOMY,,,,,Unverified service,Unverified service,,,Exact Cadillac capability has not been verified,Infotainment & electronics
cadillac touch screen repair,cadillac touchscreen repair,Cadillac,Master Keywords!A3241,DIGI-TEC_SEO_Keyword_Universe_Dubai.xlsx,,GENERATED TAXONOMY,,,,,CUE/touchscreen assessment,CUE/touchscreen assessment,/services/cadillac-cue-screen-repair-dubai,/services/auto-electrical-repair-dubai,Existing dedicated CUE owner covers fault-led repair and supported replacement after diagnosis,Infotainment & electronics
cadillac touch screen repair dubai,cadillac touchscreen repair dubai,Cadillac,Master Keywords!A3242,DIGI-TEC_SEO_Keyword_Universe_Dubai.xlsx,,GENERATED TAXONOMY,,,,,CUE/touchscreen assessment,CUE/touchscreen assessment,/services/cadillac-cue-screen-repair-dubai,/services/auto-electrical-repair-dubai,Existing dedicated CUE owner covers fault-led repair and supported replacement after diagnosis,Infotainment & electronics
cadillac car inspection,cadillac car inspection,Cadillac,Master Keywords!A3243,DIGI-TEC_SEO_Keyword_Universe_Dubai.xlsx,,GENERATED TAXONOMY,,,,,Broad Cadillac service,Broad Cadillac service,/brands/cadillac-service-dubai,,Existing Cadillac hub owns broad service and repair enquiry,Inspection
cadillac car inspection dubai,cadillac car inspection dubai,Cadillac,Master Keywords!A3244,DIGI-TEC_SEO_Keyword_Universe_Dubai.xlsx,,GENERATED TAXONOMY,,,,,Broad Cadillac service,Broad Cadillac service,/brands/cadillac-service-dubai,,Existing Cadillac hub owns broad service and repair enquiry,Inspection
cadillac ppi,cadillac ppi,Cadillac,Master Keywords!A3245,DIGI-TEC_SEO_Keyword_Universe_Dubai.xlsx,,GENERATED TAXONOMY,,,,,Broad Cadillac service,Broad Cadillac service,/brands/cadillac-service-dubai,,Existing Cadillac hub owns broad service and repair enquiry,Inspection
cadillac ppi dubai,cadillac ppi dubai,Cadillac,Master Keywords!A3246,DIGI-TEC_SEO_Keyword_Universe_Dubai.xlsx,,GENERATED TAXONOMY,,,,,Broad Cadillac service,Broad Cadillac service,/brands/cadillac-service-dubai,,Existing Cadillac hub owns broad service and repair enquiry,Inspection
cadillac pre purchase inspection,cadillac pre purchase inspection,Cadillac,Master Keywords!A3247,DIGI-TEC_SEO_Keyword_Universe_Dubai.xlsx,,GENERATED TAXONOMY,,,,,Broad Cadillac service,Broad Cadillac service,/brands/cadillac-service-dubai,,Existing Cadillac hub owns broad service and repair enquiry,Inspection
cadillac pre purchase inspection dubai,cadillac pre purchase inspection dubai,Cadillac,Master Keywords!A3248,DIGI-TEC_SEO_Keyword_Universe_Dubai.xlsx,,GENERATED TAXONOMY,,,,,Broad Cadillac service,Broad Cadillac service,/brands/cadillac-service-dubai,,Existing Cadillac hub owns broad service and repair enquiry,Inspection
cadillac used car inspection,cadillac used car inspection,Cadillac,Master Keywords!A3249,DIGI-TEC_SEO_Keyword_Universe_Dubai.xlsx,,GENERATED TAXONOMY,,,,,Broad Cadillac service,Broad Cadillac service,/brands/cadillac-service-dubai,,Existing Cadillac hub owns broad service and repair enquiry,Inspection
cadillac used car inspection dubai,cadillac used car inspection dubai,Cadillac,Master Keywords!A3250,DIGI-TEC_SEO_Keyword_Universe_Dubai.xlsx,,GENERATED TAXONOMY,,,,,Broad Cadillac service,Broad Cadillac service,/brands/cadillac-service-dubai,,Existing Cadillac hub owns broad service and repair enquiry,Inspection
cadillac vehicle inspection,cadillac vehicle inspection,Cadillac,Master Keywords!A3251,DIGI-TEC_SEO_Keyword_Universe_Dubai.xlsx,,GENERATED TAXONOMY,,,,,Broad Cadillac service,Broad Cadillac service,/brands/cadillac-service-dubai,,Existing Cadillac hub owns broad service and repair enquiry,Inspection
cadillac vehicle inspection dubai,cadillac vehicle inspection dubai,Cadillac,Master Keywords!A3252,DIGI-TEC_SEO_Keyword_Universe_Dubai.xlsx,,GENERATED TAXONOMY,,,,,Broad Cadillac service,Broad Cadillac service,/brands/cadillac-service-dubai,,Existing Cadillac hub owns broad service and repair enquiry,Inspection
cadillac dyno tuning,cadillac dyno tuning,Cadillac,Master Keywords!A3253,DIGI-TEC_SEO_Keyword_Universe_Dubai.xlsx,,GENERATED TAXONOMY,,,,,Broad Cadillac service,Broad Cadillac service,/brands/cadillac-service-dubai,,Existing Cadillac hub owns broad service and repair enquiry,Performance
cadillac dyno tuning dubai,cadillac dyno tuning dubai,Cadillac,Master Keywords!A3254,DIGI-TEC_SEO_Keyword_Universe_Dubai.xlsx,,GENERATED TAXONOMY,,,,,Broad Cadillac service,Broad Cadillac service,/brands/cadillac-service-dubai,,Existing Cadillac hub owns broad service and repair enquiry,Performance
cadillac ecu remap,cadillac ecu remap,Cadillac,Master Keywords!A3255,DIGI-TEC_SEO_Keyword_Universe_Dubai.xlsx,,GENERATED TAXONOMY,,,,,Unverified service,Unverified service,,,Exact Cadillac capability has not been verified,Performance
cadillac ecu remap dubai,cadillac ecu remap dubai,Cadillac,Master Keywords!A3256,DIGI-TEC_SEO_Keyword_Universe_Dubai.xlsx,,GENERATED TAXONOMY,,,,,Unverified service,Unverified service,,,Exact Cadillac capability has not been verified,Performance
cadillac ecu tuning,cadillac ecu tuning,Cadillac,Master Keywords!A3257,DIGI-TEC_SEO_Keyword_Universe_Dubai.xlsx,,GENERATED TAXONOMY,,,,,Broad Cadillac service,Broad Cadillac service,/brands/cadillac-service-dubai,,Existing Cadillac hub owns broad service and repair enquiry,Performance
cadillac ecu tuning dubai,cadillac ecu tuning dubai,Cadillac,Master Keywords!A3258,DIGI-TEC_SEO_Keyword_Universe_Dubai.xlsx,,GENERATED TAXONOMY,,,,,Broad Cadillac service,Broad Cadillac service,/brands/cadillac-service-dubai,,Existing Cadillac hub owns broad service and repair enquiry,Performance
cadillac performance tuning,cadillac performance tuning,Cadillac,Master Keywords!A3259,DIGI-TEC_SEO_Keyword_Universe_Dubai.xlsx,,GENERATED TAXONOMY,,,,,Broad Cadillac service,Broad Cadillac service,/brands/cadillac-service-dubai,,Existing Cadillac hub owns broad service and repair enquiry,Performance
cadillac performance tuning dubai,cadillac performance tuning dubai,Cadillac,Master Keywords!A3260,DIGI-TEC_SEO_Keyword_Universe_Dubai.xlsx,,GENERATED TAXONOMY,,,,,Broad Cadillac service,Broad Cadillac service,/brands/cadillac-service-dubai,,Existing Cadillac hub owns broad service and repair enquiry,Performance
cadillac performance upgrade,cadillac performance upgrade,Cadillac,Master Keywords!A3261,DIGI-TEC_SEO_Keyword_Universe_Dubai.xlsx,,GENERATED TAXONOMY,,,,,Unverified service,Unverified service,,,Exact Cadillac capability has not been verified,Performance
cadillac performance upgrade dubai,cadillac performance upgrade dubai,Cadillac,Master Keywords!A3262,DIGI-TEC_SEO_Keyword_Universe_Dubai.xlsx,,GENERATED TAXONOMY,,,,,Unverified service,Unverified service,,,Exact Cadillac capability has not been verified,Performance
cadillac stage 1 tuning,cadillac stage 1 tuning,Cadillac,Master Keywords!A3263,DIGI-TEC_SEO_Keyword_Universe_Dubai.xlsx,,GENERATED TAXONOMY,,,,,Broad Cadillac service,Broad Cadillac service,/brands/cadillac-service-dubai,,Existing Cadillac hub owns broad service and repair enquiry,Performance
cadillac stage 1 tuning dubai,cadillac stage 1 tuning dubai,Cadillac,Master Keywords!A3264,DIGI-TEC_SEO_Keyword_Universe_Dubai.xlsx,,GENERATED TAXONOMY,,,,,Broad Cadillac service,Broad Cadillac service,/brands/cadillac-service-dubai,,Existing Cadillac hub owns broad service and repair enquiry,Performance
cadillac stage 2 tuning,cadillac stage 2 tuning,Cadillac,Master Keywords!A3265,DIGI-TEC_SEO_Keyword_Universe_Dubai.xlsx,,GENERATED TAXONOMY,,,,,Broad Cadillac service,Broad Cadillac service,/brands/cadillac-service-dubai,,Existing Cadillac hub owns broad service and repair enquiry,Performance
cadillac stage 2 tuning dubai,cadillac stage 2 tuning dubai,Cadillac,Master Keywords!A3266,DIGI-TEC_SEO_Keyword_Universe_Dubai.xlsx,,GENERATED TAXONOMY,,,,,Broad Cadillac service,Broad Cadillac service,/brands/cadillac-service-dubai,,Existing Cadillac hub owns broad service and repair enquiry,Performance
cadillac turbo repair,cadillac turbo repair,Cadillac,Master Keywords!A3267,DIGI-TEC_SEO_Keyword_Universe_Dubai.xlsx,,GENERATED TAXONOMY,,,,,Broad Cadillac service,Broad Cadillac service,/brands/cadillac-service-dubai,,Existing Cadillac hub owns broad service and repair enquiry,Performance
cadillac turbo repair dubai,cadillac turbo repair dubai,Cadillac,Master Keywords!A3268,DIGI-TEC_SEO_Keyword_Universe_Dubai.xlsx,,GENERATED TAXONOMY,,,,,Broad Cadillac service,Broad Cadillac service,/brands/cadillac-service-dubai,,Existing Cadillac hub owns broad service and repair enquiry,Performance
cadillac turbo replacement,cadillac turbo replacement,Cadillac,Master Keywords!A3269,DIGI-TEC_SEO_Keyword_Universe_Dubai.xlsx,,GENERATED TAXONOMY,,,,,Broad Cadillac service,Broad Cadillac service,/brands/cadillac-service-dubai,,Existing Cadillac hub owns broad service and repair enquiry,Performance
cadillac turbo replacement dubai,cadillac turbo replacement dubai,Cadillac,Master Keywords!A3270,DIGI-TEC_SEO_Keyword_Universe_Dubai.xlsx,,GENERATED TAXONOMY,,,,,Broad Cadillac service,Broad Cadillac service,/brands/cadillac-service-dubai,,Existing Cadillac hub owns broad service and repair enquiry,Performance
cadillac turbo upgrade,cadillac turbo upgrade,Cadillac,Master Keywords!A3271,DIGI-TEC_SEO_Keyword_Universe_Dubai.xlsx,,GENERATED TAXONOMY,,,,,Unverified service,Unverified service,,,Exact Cadillac capability has not been verified,Performance
cadillac turbo upgrade dubai,cadillac turbo upgrade dubai,Cadillac,Master Keywords!A3272,DIGI-TEC_SEO_Keyword_Universe_Dubai.xlsx,,GENERATED TAXONOMY,,,,,Unverified service,Unverified service,,,Exact Cadillac capability has not been verified,Performance
cadillac car detailing,cadillac car detailing,Cadillac,Master Keywords!A3273,DIGI-TEC_SEO_Keyword_Universe_Dubai.xlsx,,GENERATED TAXONOMY,,,,,Broad Cadillac service,Broad Cadillac service,/brands/cadillac-service-dubai,,Existing Cadillac hub owns broad service and repair enquiry,Protection & detailing
cadillac car detailing dubai,cadillac car detailing dubai,Cadillac,Master Keywords!A3274,DIGI-TEC_SEO_Keyword_Universe_Dubai.xlsx,,GENERATED TAXONOMY,,,,,Broad Cadillac service,Broad Cadillac service,/brands/cadillac-service-dubai,,Existing Cadillac hub owns broad service and repair enquiry,Protection & detailing
cadillac car polishing,cadillac car polishing,Cadillac,Master Keywords!A3275,DIGI-TEC_SEO_Keyword_Universe_Dubai.xlsx,,GENERATED TAXONOMY,,,,,Broad Cadillac service,Broad Cadillac service,/brands/cadillac-service-dubai,,Existing Cadillac hub owns broad service and repair enquiry,Protection & detailing
cadillac car polishing dubai,cadillac car polishing dubai,Cadillac,Master Keywords!A3276,DIGI-TEC_SEO_Keyword_Universe_Dubai.xlsx,,GENERATED TAXONOMY,,,,,Broad Cadillac service,Broad Cadillac service,/brands/cadillac-service-dubai,,Existing Cadillac hub owns broad service and repair enquiry,Protection & detailing
cadillac ceramic coating,cadillac ceramic coating,Cadillac,Master Keywords!A3277,DIGI-TEC_SEO_Keyword_Universe_Dubai.xlsx,,GENERATED TAXONOMY,,,,,Broad Cadillac service,Broad Cadillac service,/brands/cadillac-service-dubai,,Existing Cadillac hub owns broad service and repair enquiry,Protection & detailing
cadillac ceramic coating dubai,cadillac ceramic coating dubai,Cadillac,Master Keywords!A3278,DIGI-TEC_SEO_Keyword_Universe_Dubai.xlsx,,GENERATED TAXONOMY,,,,,Broad Cadillac service,Broad Cadillac service,/brands/cadillac-service-dubai,,Existing Cadillac hub owns broad service and repair enquiry,Protection & detailing
cadillac paint correction,cadillac paint correction,Cadillac,Master Keywords!A3279,DIGI-TEC_SEO_Keyword_Universe_Dubai.xlsx,,GENERATED TAXONOMY,,,,,Broad Cadillac service,Broad Cadillac service,/brands/cadillac-service-dubai,,Existing Cadillac hub owns broad service and repair enquiry,Protection & detailing
cadillac paint correction dubai,cadillac paint correction dubai,Cadillac,Master Keywords!A3280,DIGI-TEC_SEO_Keyword_Universe_Dubai.xlsx,,GENERATED TAXONOMY,,,,,Broad Cadillac service,Broad Cadillac service,/brands/cadillac-service-dubai,,Existing Cadillac hub owns broad service and repair enquiry,Protection & detailing
cadillac paint protection coating,cadillac paint protection coating,Cadillac,Master Keywords!A3281,DIGI-TEC_SEO_Keyword_Universe_Dubai.xlsx,,GENERATED TAXONOMY,,,,,Broad Cadillac service,Broad Cadillac service,/brands/cadillac-service-dubai,,Existing Cadillac hub owns broad service and repair enquiry,Protection & detailing
cadillac paint protection coating dubai,cadillac paint protection coating dubai,Cadillac,Master Keywords!A3282,DIGI-TEC_SEO_Keyword_Universe_Dubai.xlsx,,GENERATED TAXONOMY,,,,,Broad Cadillac service,Broad Cadillac service,/brands/cadillac-service-dubai,,Existing Cadillac hub owns broad service and repair enquiry,Protection & detailing
cadillac paint protection film,cadillac paint protection film,Cadillac,Master Keywords!A3283,DIGI-TEC_SEO_Keyword_Universe_Dubai.xlsx,,GENERATED TAXONOMY,,,,,Broad Cadillac service,Broad Cadillac service,/brands/cadillac-service-dubai,,Existing Cadillac hub owns broad service and repair enquiry,Protection & detailing
cadillac paint protection film dubai,cadillac paint protection film dubai,Cadillac,Master Keywords!A3284,DIGI-TEC_SEO_Keyword_Universe_Dubai.xlsx,,GENERATED TAXONOMY,,,,,Broad Cadillac service,Broad Cadillac service,/brands/cadillac-service-dubai,,Existing Cadillac hub owns broad service and repair enquiry,Protection & detailing
cadillac ppf,cadillac ppf,Cadillac,Master Keywords!A3285,DIGI-TEC_SEO_Keyword_Universe_Dubai.xlsx,,GENERATED TAXONOMY,,,,,Broad Cadillac service,Broad Cadillac service,/brands/cadillac-service-dubai,,Existing Cadillac hub owns broad service and repair enquiry,Protection & detailing
cadillac ppf dubai,cadillac ppf dubai,Cadillac,Master Keywords!A3286,DIGI-TEC_SEO_Keyword_Universe_Dubai.xlsx,,GENERATED TAXONOMY,,,,,Broad Cadillac service,Broad Cadillac service,/brands/cadillac-service-dubai,,Existing Cadillac hub owns broad service and repair enquiry,Protection & detailing
cadillac ppf installation,cadillac ppf installation,Cadillac,Master Keywords!A3287,DIGI-TEC_SEO_Keyword_Universe_Dubai.xlsx,,GENERATED TAXONOMY,,,,,Broad Cadillac service,Broad Cadillac service,/brands/cadillac-service-dubai,,Existing Cadillac hub owns broad service and repair enquiry,Protection & detailing
cadillac ppf installation dubai,cadillac ppf installation dubai,Cadillac,Master Keywords!A3288,DIGI-TEC_SEO_Keyword_Universe_Dubai.xlsx,,GENERATED TAXONOMY,,,,,Broad Cadillac service,Broad Cadillac service,/brands/cadillac-service-dubai,,Existing Cadillac hub owns broad service and repair enquiry,Protection & detailing
cadillac window tinting,cadillac window tinting,Cadillac,Master Keywords!A3289,DIGI-TEC_SEO_Keyword_Universe_Dubai.xlsx,,GENERATED TAXONOMY,,,,,Broad Cadillac service,Broad Cadillac service,/brands/cadillac-service-dubai,,Existing Cadillac hub owns broad service and repair enquiry,Protection & detailing
cadillac window tinting dubai,cadillac window tinting dubai,Cadillac,Master Keywords!A3290,DIGI-TEC_SEO_Keyword_Universe_Dubai.xlsx,,GENERATED TAXONOMY,,,,,Broad Cadillac service,Broad Cadillac service,/brands/cadillac-service-dubai,,Existing Cadillac hub owns broad service and repair enquiry,Protection & detailing
cadillac air filter replacement,cadillac air filter replacement,Cadillac,Master Keywords!A3291,DIGI-TEC_SEO_Keyword_Universe_Dubai.xlsx,,GENERATED TAXONOMY,,,,,Broad Cadillac service,Broad Cadillac service,/brands/cadillac-service-dubai,,Existing Cadillac hub owns broad service and repair enquiry,Scheduled service
cadillac air filter replacement dubai,cadillac air filter replacement dubai,Cadillac,Master Keywords!A3292,DIGI-TEC_SEO_Keyword_Universe_Dubai.xlsx,,GENERATED TAXONOMY,,,,,Broad Cadillac service,Broad Cadillac service,/brands/cadillac-service-dubai,,Existing Cadillac hub owns broad service and repair enquiry,Scheduled service
cadillac cabin filter replacement,cadillac cabin filter replacement,Cadillac,Master Keywords!A3293,DIGI-TEC_SEO_Keyword_Universe_Dubai.xlsx,,GENERATED TAXONOMY,,,,,Broad Cadillac service,Broad Cadillac service,/brands/cadillac-service-dubai,,Existing Cadillac hub owns broad service and repair enquiry,Scheduled service
cadillac cabin filter replacement dubai,cadillac cabin filter replacement dubai,Cadillac,Master Keywords!A3294,DIGI-TEC_SEO_Keyword_Universe_Dubai.xlsx,,GENERATED TAXONOMY,,,,,Broad Cadillac service,Broad Cadillac service,/brands/cadillac-service-dubai,,Existing Cadillac hub owns broad service and repair enquiry,Scheduled service
cadillac major service,cadillac major service,Cadillac,Master Keywords!A3295,DIGI-TEC_SEO_Keyword_Universe_Dubai.xlsx,,GENERATED TAXONOMY,,,,,Broad Cadillac service,Broad Cadillac service,/brands/cadillac-service-dubai,,Existing Cadillac hub owns broad service and repair enquiry,Scheduled service
cadillac major service dubai,cadillac major service dubai,Cadillac,Master Keywords!A3296,DIGI-TEC_SEO_Keyword_Universe_Dubai.xlsx,,GENERATED TAXONOMY,,,,,Broad Cadillac service,Broad Cadillac service,/brands/cadillac-service-dubai,,Existing Cadillac hub owns broad service and repair enquiry,Scheduled service
cadillac minor service,cadillac minor service,Cadillac,Master Keywords!A3297,DIGI-TEC_SEO_Keyword_Universe_Dubai.xlsx,,GENERATED TAXONOMY,,,,,Broad Cadillac service,Broad Cadillac service,/brands/cadillac-service-dubai,,Existing Cadillac hub owns broad service and repair enquiry,Scheduled service
cadillac minor service dubai,cadillac minor service dubai,Cadillac,Master Keywords!A3298,DIGI-TEC_SEO_Keyword_Universe_Dubai.xlsx,,GENERATED TAXONOMY,,,,,Broad Cadillac service,Broad Cadillac service,/brands/cadillac-service-dubai,,Existing Cadillac hub owns broad service and repair enquiry,Scheduled service
cadillac oil change,cadillac oil change,Cadillac,Master Keywords!A3299,DIGI-TEC_SEO_Keyword_Universe_Dubai.xlsx,,GENERATED TAXONOMY,,,,,Oil service,Oil service,/brands/cadillac-service-dubai/oil-change,/brands/cadillac-service-dubai,Indexable brand service owner,Scheduled service
cadillac oil change near me,cadillac oil change near me,Cadillac,Master Keywords!A3300,DIGI-TEC_SEO_Keyword_Universe_Dubai.xlsx,,GENERATED TAXONOMY,,,,,Oil service,Oil service,/brands/cadillac-service-dubai/oil-change,/brands/cadillac-service-dubai,Indexable brand service owner,Scheduled service
cadillac oil filter replacement,cadillac oil filter replacement,Cadillac,Master Keywords!A3301,DIGI-TEC_SEO_Keyword_Universe_Dubai.xlsx,,GENERATED TAXONOMY,,,,,Broad Cadillac service,Broad Cadillac service,/brands/cadillac-service-dubai,,Existing Cadillac hub owns broad service and repair enquiry,Scheduled service
cadillac oil filter replacement dubai,cadillac oil filter replacement dubai,Cadillac,Master Keywords!A3302,DIGI-TEC_SEO_Keyword_Universe_Dubai.xlsx,,GENERATED TAXONOMY,,,,,Broad Cadillac service,Broad Cadillac service,/brands/cadillac-service-dubai,,Existing Cadillac hub owns broad service and repair enquiry,Scheduled service
cadillac periodic service,cadillac periodic service,Cadillac,Master Keywords!A3303,DIGI-TEC_SEO_Keyword_Universe_Dubai.xlsx,,GENERATED TAXONOMY,,,,,Broad Cadillac service,Broad Cadillac service,/brands/cadillac-service-dubai,,Existing Cadillac hub owns broad service and repair enquiry,Scheduled service
cadillac periodic service dubai,cadillac periodic service dubai,Cadillac,Master Keywords!A3304,DIGI-TEC_SEO_Keyword_Universe_Dubai.xlsx,,GENERATED TAXONOMY,,,,,Broad Cadillac service,Broad Cadillac service,/brands/cadillac-service-dubai,,Existing Cadillac hub owns broad service and repair enquiry,Scheduled service
cadillac scheduled maintenance,cadillac scheduled maintenance,Cadillac,Master Keywords!A3305,DIGI-TEC_SEO_Keyword_Universe_Dubai.xlsx,,GENERATED TAXONOMY,,,,,Broad Cadillac service,Broad Cadillac service,/brands/cadillac-service-dubai,,Existing Cadillac hub owns broad service and repair enquiry,Scheduled service
cadillac scheduled maintenance dubai,cadillac scheduled maintenance dubai,Cadillac,Master Keywords!A3306,DIGI-TEC_SEO_Keyword_Universe_Dubai.xlsx,,GENERATED TAXONOMY,,,,,Broad Cadillac service,Broad Cadillac service,/brands/cadillac-service-dubai,,Existing Cadillac hub owns broad service and repair enquiry,Scheduled service
cadillac service package,cadillac service package,Cadillac,Master Keywords!A3307,DIGI-TEC_SEO_Keyword_Universe_Dubai.xlsx,,GENERATED TAXONOMY,,,,,Broad Cadillac service,Broad Cadillac service,/brands/cadillac-service-dubai,,Existing Cadillac hub owns broad service and repair enquiry,Scheduled service
cadillac service package dubai,cadillac service package dubai,Cadillac,Master Keywords!A3308,DIGI-TEC_SEO_Keyword_Universe_Dubai.xlsx,,GENERATED TAXONOMY,,,,,Broad Cadillac service,Broad Cadillac service,/brands/cadillac-service-dubai,,Existing Cadillac hub owns broad service and repair enquiry,Scheduled service
cadillac spark plug replacement,cadillac spark plug replacement,Cadillac,Master Keywords!A3309,DIGI-TEC_SEO_Keyword_Universe_Dubai.xlsx,,GENERATED TAXONOMY,,,,,Broad Cadillac service,Broad Cadillac service,/brands/cadillac-service-dubai,,Existing Cadillac hub owns broad service and repair enquiry,Scheduled service
cadillac spark plug replacement dubai,cadillac spark plug replacement dubai,Cadillac,Master Keywords!A3310,DIGI-TEC_SEO_Keyword_Universe_Dubai.xlsx,,GENERATED TAXONOMY,,,,,Broad Cadillac service,Broad Cadillac service,/brands/cadillac-service-dubai,,Existing Cadillac hub owns broad service and repair enquiry,Scheduled service
cadillac power steering pump replacement,cadillac power steering pump replacement,Cadillac,Master Keywords!A3311,DIGI-TEC_SEO_Keyword_Universe_Dubai.xlsx,,GENERATED TAXONOMY,,,,,Broad Cadillac service,Broad Cadillac service,/brands/cadillac-service-dubai,,Existing Cadillac hub owns broad service and repair enquiry,Steering
cadillac power steering pump replacement dubai,cadillac power steering pump replacement dubai,Cadillac,Master Keywords!A3312,DIGI-TEC_SEO_Keyword_Universe_Dubai.xlsx,,GENERATED TAXONOMY,,,,,Broad Cadillac service,Broad Cadillac service,/brands/cadillac-service-dubai,,Existing Cadillac hub owns broad service and repair enquiry,Steering
cadillac power steering repair,cadillac power steering repair,Cadillac,Master Keywords!A3313,DIGI-TEC_SEO_Keyword_Universe_Dubai.xlsx,,GENERATED TAXONOMY,,,,,Broad Cadillac service,Broad Cadillac service,/brands/cadillac-service-dubai,,Existing Cadillac hub owns broad service and repair enquiry,Steering
cadillac power steering repair dubai,cadillac power steering repair dubai,Cadillac,Master Keywords!A3314,DIGI-TEC_SEO_Keyword_Universe_Dubai.xlsx,,GENERATED TAXONOMY,,,,,Broad Cadillac service,Broad Cadillac service,/brands/cadillac-service-dubai,,Existing Cadillac hub owns broad service and repair enquiry,Steering
cadillac steering noise repair,cadillac steering noise repair,Cadillac,Master Keywords!A3315,DIGI-TEC_SEO_Keyword_Universe_Dubai.xlsx,,GENERATED TAXONOMY,,,,,Broad Cadillac service,Broad Cadillac service,/brands/cadillac-service-dubai,,Existing Cadillac hub owns broad service and repair enquiry,Steering
cadillac steering noise repair dubai,cadillac steering noise repair dubai,Cadillac,Master Keywords!A3316,DIGI-TEC_SEO_Keyword_Universe_Dubai.xlsx,,GENERATED TAXONOMY,,,,,Broad Cadillac service,Broad Cadillac service,/brands/cadillac-service-dubai,,Existing Cadillac hub owns broad service and repair enquiry,Steering
cadillac steering rack repair,cadillac steering rack repair,Cadillac,Master Keywords!A3317,DIGI-TEC_SEO_Keyword_Universe_Dubai.xlsx,,GENERATED TAXONOMY,,,,,Broad Cadillac service,Broad Cadillac service,/brands/cadillac-service-dubai,,Existing Cadillac hub owns broad service and repair enquiry,Steering
cadillac steering rack repair dubai,cadillac steering rack repair dubai,Cadillac,Master Keywords!A3318,DIGI-TEC_SEO_Keyword_Universe_Dubai.xlsx,,GENERATED TAXONOMY,,,,,Broad Cadillac service,Broad Cadillac service,/brands/cadillac-service-dubai,,Existing Cadillac hub owns broad service and repair enquiry,Steering
cadillac steering rack replacement,cadillac steering rack replacement,Cadillac,Master Keywords!A3319,DIGI-TEC_SEO_Keyword_Universe_Dubai.xlsx,,GENERATED TAXONOMY,,,,,Broad Cadillac service,Broad Cadillac service,/brands/cadillac-service-dubai,,Existing Cadillac hub owns broad service and repair enquiry,Steering
cadillac steering rack replacement dubai,cadillac steering rack replacement dubai,Cadillac,Master Keywords!A3320,DIGI-TEC_SEO_Keyword_Universe_Dubai.xlsx,,GENERATED TAXONOMY,,,,,Broad Cadillac service,Broad Cadillac service,/brands/cadillac-service-dubai,,Existing Cadillac hub owns broad service and repair enquiry,Steering
cadillac steering repair,cadillac steering repair,Cadillac,Master Keywords!A3321,DIGI-TEC_SEO_Keyword_Universe_Dubai.xlsx,,GENERATED TAXONOMY,,,,,Broad Cadillac service,Broad Cadillac service,/brands/cadillac-service-dubai,,Existing Cadillac hub owns broad service and repair enquiry,Steering
cadillac steering repair dubai,cadillac steering repair dubai,Cadillac,Master Keywords!A3322,DIGI-TEC_SEO_Keyword_Universe_Dubai.xlsx,,GENERATED TAXONOMY,,,,,Broad Cadillac service,Broad Cadillac service,/brands/cadillac-service-dubai,,Existing Cadillac hub owns broad service and repair enquiry,Steering
cadillac wheel alignment,cadillac wheel alignment,Cadillac,Master Keywords!A3323,DIGI-TEC_SEO_Keyword_Universe_Dubai.xlsx,,GENERATED TAXONOMY,,,,,Broad Cadillac service,Broad Cadillac service,/brands/cadillac-service-dubai,,Existing Cadillac hub owns broad service and repair enquiry,Steering
cadillac wheel alignment dubai,cadillac wheel alignment dubai,Cadillac,Master Keywords!A3324,DIGI-TEC_SEO_Keyword_Universe_Dubai.xlsx,,GENERATED TAXONOMY,,,,,Broad Cadillac service,Broad Cadillac service,/brands/cadillac-service-dubai,,Existing Cadillac hub owns broad service and repair enquiry,Steering
cadillac air suspension compressor replacement,cadillac air suspension compressor replacement,Cadillac,Master Keywords!A3325,DIGI-TEC_SEO_Keyword_Universe_Dubai.xlsx,,GENERATED TAXONOMY,,,,,Suspension,Suspension,/services/suspension-repair-dubai,/brands/cadillac-service-dubai/suspension-repair,Existing Cadillac route is intentionally noindex; indexable generic or hub owner,Suspension
cadillac air suspension repair,cadillac air suspension repair,Cadillac,Master Keywords!A3326,DIGI-TEC_SEO_Keyword_Universe_Dubai.xlsx,,GENERATED TAXONOMY,,,,,Suspension,Suspension,/services/suspension-repair-dubai,/brands/cadillac-service-dubai/suspension-repair,Existing Cadillac route is intentionally noindex; indexable generic or hub owner,Suspension
cadillac bushing replacement,cadillac bushing replacement,Cadillac,Master Keywords!A3327,DIGI-TEC_SEO_Keyword_Universe_Dubai.xlsx,,GENERATED TAXONOMY,,,,,Broad Cadillac service,Broad Cadillac service,/brands/cadillac-service-dubai,,Existing Cadillac hub owns broad service and repair enquiry,Suspension
cadillac control arm replacement,cadillac control arm replacement,Cadillac,Master Keywords!A3328,DIGI-TEC_SEO_Keyword_Universe_Dubai.xlsx,,GENERATED TAXONOMY,,,,,Broad Cadillac service,Broad Cadillac service,/brands/cadillac-service-dubai,,Existing Cadillac hub owns broad service and repair enquiry,Suspension
cadillac ride height adjustment,cadillac ride height adjustment,Cadillac,Master Keywords!A3329,DIGI-TEC_SEO_Keyword_Universe_Dubai.xlsx,,GENERATED TAXONOMY,,,,,Suspension,Suspension,/services/suspension-repair-dubai,/brands/cadillac-service-dubai/suspension-repair,Existing Cadillac route is intentionally noindex; indexable generic or hub owner,Suspension
cadillac shock absorber replacement,cadillac shock absorber replacement,Cadillac,Master Keywords!A3330,DIGI-TEC_SEO_Keyword_Universe_Dubai.xlsx,,GENERATED TAXONOMY,,,,,Suspension,Suspension,/services/suspension-repair-dubai,/brands/cadillac-service-dubai/suspension-repair,Existing Cadillac route is intentionally noindex; indexable generic or hub owner,Suspension
cadillac strut replacement,cadillac strut replacement,Cadillac,Master Keywords!A3331,DIGI-TEC_SEO_Keyword_Universe_Dubai.xlsx,,GENERATED TAXONOMY,,,,,Broad Cadillac service,Broad Cadillac service,/brands/cadillac-service-dubai,,Existing Cadillac hub owns broad service and repair enquiry,Suspension
cadillac suspension noise repair,cadillac suspension noise repair,Cadillac,Master Keywords!A3332,DIGI-TEC_SEO_Keyword_Universe_Dubai.xlsx,,GENERATED TAXONOMY,,,,,Suspension,Suspension,/services/suspension-repair-dubai,/brands/cadillac-service-dubai/suspension-repair,Existing Cadillac route is intentionally noindex; indexable generic or hub owner,Suspension
cadillac suspension repair,cadillac suspension repair,Cadillac,Master Keywords!A3333,DIGI-TEC_SEO_Keyword_Universe_Dubai.xlsx,,GENERATED TAXONOMY,,,,,Suspension,Suspension,/services/suspension-repair-dubai,/brands/cadillac-service-dubai/suspension-repair,Existing Cadillac route is intentionally noindex; indexable generic or hub owner,Suspension
cadillac suspension repair near me,cadillac suspension repair near me,Cadillac,Master Keywords!A3334,DIGI-TEC_SEO_Keyword_Universe_Dubai.xlsx,,GENERATED TAXONOMY,,,,,Suspension,Suspension,/services/suspension-repair-dubai,/brands/cadillac-service-dubai/suspension-repair,Existing Cadillac route is intentionally noindex; indexable generic or hub owner,Suspension
cadillac suspension warning light,cadillac suspension warning light,Cadillac,Master Keywords!A3335,DIGI-TEC_SEO_Keyword_Universe_Dubai.xlsx,,GENERATED TAXONOMY,,,,,Diagnostics,Diagnostics,/brands/cadillac-service-dubai/engine-diagnostics,/brands/cadillac-service-dubai,Indexable brand service owner,Suspension
cadillac gear shifting problem,cadillac gear shifting problem,Cadillac,Master Keywords!A3336,DIGI-TEC_SEO_Keyword_Universe_Dubai.xlsx,,GENERATED TAXONOMY,,,,,Transmission,Transmission,/services/transmission-repair-dubai,/brands/cadillac-service-dubai/transmission-repair,Existing Cadillac route is intentionally noindex; indexable generic or hub owner,Transmission & gearbox
cadillac gearbox oil change,cadillac gearbox oil change,Cadillac,Master Keywords!A3337,DIGI-TEC_SEO_Keyword_Universe_Dubai.xlsx,,GENERATED TAXONOMY,,,,,Oil service,Oil service,/brands/cadillac-service-dubai/oil-change,/brands/cadillac-service-dubai,Indexable brand service owner,Transmission & gearbox
cadillac gearbox rebuild,cadillac gearbox rebuild,Cadillac,Master Keywords!A3338,DIGI-TEC_SEO_Keyword_Universe_Dubai.xlsx,,GENERATED TAXONOMY,,,,,Transmission,Transmission,/services/transmission-repair-dubai,/brands/cadillac-service-dubai/transmission-repair,Existing Cadillac route is intentionally noindex; indexable generic or hub owner,Transmission & gearbox
cadillac gearbox repair,cadillac gearbox repair,Cadillac,Master Keywords!A3339,DIGI-TEC_SEO_Keyword_Universe_Dubai.xlsx,,GENERATED TAXONOMY,,,,,Transmission,Transmission,/services/transmission-repair-dubai,/brands/cadillac-service-dubai/transmission-repair,Existing Cadillac route is intentionally noindex; indexable generic or hub owner,Transmission & gearbox
cadillac gearbox replacement,cadillac gearbox replacement,Cadillac,Master Keywords!A3340,DIGI-TEC_SEO_Keyword_Universe_Dubai.xlsx,,GENERATED TAXONOMY,,,,,Transmission,Transmission,/services/transmission-repair-dubai,/brands/cadillac-service-dubai/transmission-repair,Existing Cadillac route is intentionally noindex; indexable generic or hub owner,Transmission & gearbox
cadillac gearbox service,cadillac gearbox service,Cadillac,Master Keywords!A3341,DIGI-TEC_SEO_Keyword_Universe_Dubai.xlsx,,GENERATED TAXONOMY,,,,,Transmission,Transmission,/services/transmission-repair-dubai,/brands/cadillac-service-dubai/transmission-repair,Existing Cadillac route is intentionally noindex; indexable generic or hub owner,Transmission & gearbox
cadillac transmission leak repair,cadillac transmission leak repair,Cadillac,Master Keywords!A3342,DIGI-TEC_SEO_Keyword_Universe_Dubai.xlsx,,GENERATED TAXONOMY,,,,,Transmission,Transmission,/services/transmission-repair-dubai,/brands/cadillac-service-dubai/transmission-repair,Existing Cadillac route is intentionally noindex; indexable generic or hub owner,Transmission & gearbox
cadillac transmission oil change,cadillac transmission oil change,Cadillac,Master Keywords!A3343,DIGI-TEC_SEO_Keyword_Universe_Dubai.xlsx,,GENERATED TAXONOMY,,,,,Oil service,Oil service,/brands/cadillac-service-dubai/oil-change,/brands/cadillac-service-dubai,Indexable brand service owner,Transmission & gearbox
cadillac transmission rebuild,cadillac transmission rebuild,Cadillac,Master Keywords!A3344,DIGI-TEC_SEO_Keyword_Universe_Dubai.xlsx,,GENERATED TAXONOMY,,,,,Transmission,Transmission,/services/transmission-repair-dubai,/brands/cadillac-service-dubai/transmission-repair,Existing Cadillac route is intentionally noindex; indexable generic or hub owner,Transmission & gearbox
cadillac transmission repair,cadillac transmission repair,Cadillac,Master Keywords!A3345,DIGI-TEC_SEO_Keyword_Universe_Dubai.xlsx,,GENERATED TAXONOMY,,,,,Transmission,Transmission,/services/transmission-repair-dubai,/brands/cadillac-service-dubai/transmission-repair,Existing Cadillac route is intentionally noindex; indexable generic or hub owner,Transmission & gearbox
cadillac transmission repair near me,cadillac transmission repair near me,Cadillac,Master Keywords!A3346,DIGI-TEC_SEO_Keyword_Universe_Dubai.xlsx,,GENERATED TAXONOMY,,,,,Transmission,Transmission,/services/transmission-repair-dubai,/brands/cadillac-service-dubai/transmission-repair,Existing Cadillac route is intentionally noindex; indexable generic or hub owner,Transmission & gearbox
cadillac transmission replacement,cadillac transmission replacement,Cadillac,Master Keywords!A3347,DIGI-TEC_SEO_Keyword_Universe_Dubai.xlsx,,GENERATED TAXONOMY,,,,,Transmission,Transmission,/services/transmission-repair-dubai,/brands/cadillac-service-dubai/transmission-repair,Existing Cadillac route is intentionally noindex; indexable generic or hub owner,Transmission & gearbox
cadillac transmission service,cadillac transmission service,Cadillac,Master Keywords!A3348,DIGI-TEC_SEO_Keyword_Universe_Dubai.xlsx,,GENERATED TAXONOMY,,,,,Transmission,Transmission,/services/transmission-repair-dubai,/brands/cadillac-service-dubai/transmission-repair,Existing Cadillac route is intentionally noindex; indexable generic or hub owner,Transmission & gearbox
cadillac puncture repair,cadillac puncture repair,Cadillac,Master Keywords!A3349,DIGI-TEC_SEO_Keyword_Universe_Dubai.xlsx,,GENERATED TAXONOMY,,,,,Broad Cadillac service,Broad Cadillac service,/brands/cadillac-service-dubai,,Existing Cadillac hub owns broad service and repair enquiry,Tyres & wheels
cadillac puncture repair dubai,cadillac puncture repair dubai,Cadillac,Master Keywords!A3350,DIGI-TEC_SEO_Keyword_Universe_Dubai.xlsx,,GENERATED TAXONOMY,,,,,Broad Cadillac service,Broad Cadillac service,/brands/cadillac-service-dubai,,Existing Cadillac hub owns broad service and repair enquiry,Tyres & wheels
cadillac rim repair,cadillac rim repair,Cadillac,Master Keywords!A3351,DIGI-TEC_SEO_Keyword_Universe_Dubai.xlsx,,GENERATED TAXONOMY,,,,,Broad Cadillac service,Broad Cadillac service,/brands/cadillac-service-dubai,,Existing Cadillac hub owns broad service and repair enquiry,Tyres & wheels
cadillac rim repair dubai,cadillac rim repair dubai,Cadillac,Master Keywords!A3352,DIGI-TEC_SEO_Keyword_Universe_Dubai.xlsx,,GENERATED TAXONOMY,,,,,Broad Cadillac service,Broad Cadillac service,/brands/cadillac-service-dubai,,Existing Cadillac hub owns broad service and repair enquiry,Tyres & wheels
cadillac tire repair,cadillac tire repair,Cadillac,Master Keywords!A3353,DIGI-TEC_SEO_Keyword_Universe_Dubai.xlsx,,GENERATED TAXONOMY,,,,,Broad Cadillac service,Broad Cadillac service,/brands/cadillac-service-dubai,,Existing Cadillac hub owns broad service and repair enquiry,Tyres & wheels
cadillac tire repair dubai,cadillac tire repair dubai,Cadillac,Master Keywords!A3354,DIGI-TEC_SEO_Keyword_Universe_Dubai.xlsx,,GENERATED TAXONOMY,,,,,Broad Cadillac service,Broad Cadillac service,/brands/cadillac-service-dubai,,Existing Cadillac hub owns broad service and repair enquiry,Tyres & wheels
cadillac tire replacement,cadillac tire replacement,Cadillac,Master Keywords!A3355,DIGI-TEC_SEO_Keyword_Universe_Dubai.xlsx,,GENERATED TAXONOMY,,,,,Broad Cadillac service,Broad Cadillac service,/brands/cadillac-service-dubai,,Existing Cadillac hub owns broad service and repair enquiry,Tyres & wheels
cadillac tire replacement dubai,cadillac tire replacement dubai,Cadillac,Master Keywords!A3356,DIGI-TEC_SEO_Keyword_Universe_Dubai.xlsx,,GENERATED TAXONOMY,,,,,Broad Cadillac service,Broad Cadillac service,/brands/cadillac-service-dubai,,Existing Cadillac hub owns broad service and repair enquiry,Tyres & wheels
cadillac tyre repair,cadillac tyre repair,Cadillac,Master Keywords!A3357,DIGI-TEC_SEO_Keyword_Universe_Dubai.xlsx,,GENERATED TAXONOMY,,,,,Broad Cadillac service,Broad Cadillac service,/brands/cadillac-service-dubai,,Existing Cadillac hub owns broad service and repair enquiry,Tyres & wheels
cadillac tyre repair dubai,cadillac tyre repair dubai,Cadillac,Master Keywords!A3358,DIGI-TEC_SEO_Keyword_Universe_Dubai.xlsx,,GENERATED TAXONOMY,,,,,Broad Cadillac service,Broad Cadillac service,/brands/cadillac-service-dubai,,Existing Cadillac hub owns broad service and repair enquiry,Tyres & wheels
cadillac tyre replacement,cadillac tyre replacement,Cadillac,Master Keywords!A3359,DIGI-TEC_SEO_Keyword_Universe_Dubai.xlsx,,GENERATED TAXONOMY,,,,,Broad Cadillac service,Broad Cadillac service,/brands/cadillac-service-dubai,,Existing Cadillac hub owns broad service and repair enquiry,Tyres & wheels
cadillac tyre replacement dubai,cadillac tyre replacement dubai,Cadillac,Master Keywords!A3360,DIGI-TEC_SEO_Keyword_Universe_Dubai.xlsx,,GENERATED TAXONOMY,,,,,Broad Cadillac service,Broad Cadillac service,/brands/cadillac-service-dubai,,Existing Cadillac hub owns broad service and repair enquiry,Tyres & wheels
cadillac wheel balancing,cadillac wheel balancing,Cadillac,Master Keywords!A3361,DIGI-TEC_SEO_Keyword_Universe_Dubai.xlsx,,GENERATED TAXONOMY,,,,,Broad Cadillac service,Broad Cadillac service,/brands/cadillac-service-dubai,,Existing Cadillac hub owns broad service and repair enquiry,Tyres & wheels
cadillac wheel balancing dubai,cadillac wheel balancing dubai,Cadillac,Master Keywords!A3362,DIGI-TEC_SEO_Keyword_Universe_Dubai.xlsx,,GENERATED TAXONOMY,,,,,Broad Cadillac service,Broad Cadillac service,/brands/cadillac-service-dubai,,Existing Cadillac hub owns broad service and repair enquiry,Tyres & wheels
cadillac wheel repair,cadillac wheel repair,Cadillac,Master Keywords!A3363,DIGI-TEC_SEO_Keyword_Universe_Dubai.xlsx,,GENERATED TAXONOMY,,,,,Broad Cadillac service,Broad Cadillac service,/brands/cadillac-service-dubai,,Existing Cadillac hub owns broad service and repair enquiry,Tyres & wheels
cadillac wheel repair dubai,cadillac wheel repair dubai,Cadillac,Master Keywords!A3364,DIGI-TEC_SEO_Keyword_Universe_Dubai.xlsx,,GENERATED TAXONOMY,,,,,Broad Cadillac service,Broad Cadillac service,/brands/cadillac-service-dubai,,Existing Cadillac hub owns broad service and repair enquiry,Tyres & wheels
cadillac touch screen repair in dubai,cadillac touchscreen repair in dubai,Cadillac,GSC Opportunities!A21,DIGI-TEC_SEO_Keyword_Universe_Dubai.xlsx,2026-04-12 to 2026-09-25,MEASURED WORKBOOK,0,415,0,52.47,CUE/touchscreen assessment,CUE/touchscreen assessment,/services/cadillac-cue-screen-repair-dubai,/services/auto-electrical-repair-dubai,Existing dedicated CUE owner covers fault-led repair and supported replacement after diagnosis,Workbook opportunity copy
cadillac srx screen replacement in dubai,cadillac srx screen replacement in dubai,Cadillac,GSC Opportunities!A91,DIGI-TEC_SEO_Keyword_Universe_Dubai.xlsx,2026-04-12 to 2026-09-25,MEASURED WORKBOOK,0,188,0,53.49,CUE/touchscreen assessment,CUE/touchscreen assessment,/services/cadillac-cue-screen-repair-dubai,/services/auto-electrical-repair-dubai,Existing dedicated CUE owner covers fault-led repair and supported replacement after diagnosis,Workbook opportunity copy
cadillac cue screen replacement in dubai,cadillac cue screen replacement in dubai,Cadillac,GSC Opportunities!A99,DIGI-TEC_SEO_Keyword_Universe_Dubai.xlsx,2026-04-12 to 2026-09-25,MEASURED WORKBOOK,0,174,0,52.75,CUE/touchscreen assessment,CUE/touchscreen assessment,/services/cadillac-cue-screen-repair-dubai,/services/auto-electrical-repair-dubai,Existing dedicated CUE owner covers fault-led repair and supported replacement after diagnosis,Workbook opportunity copy
cadillac xts touch screen replacement in dubai,cadillac xts touchscreen replacement in dubai,Cadillac,GSC Opportunities!A186,DIGI-TEC_SEO_Keyword_Universe_Dubai.xlsx,2026-04-12 to 2026-09-25,MEASURED WORKBOOK,0,98,0,44.31,CUE/touchscreen assessment,CUE/touchscreen assessment,/services/cadillac-cue-screen-repair-dubai,/services/auto-electrical-repair-dubai,Existing dedicated CUE owner covers fault-led repair and supported replacement after diagnosis,Workbook opportunity copy
cadillac repair dubai,cadillac repair dubai,Cadillac,GSC Opportunities!A222,DIGI-TEC_SEO_Keyword_Universe_Dubai.xlsx,2026-04-12 to 2026-09-25,MEASURED WORKBOOK,0,85,0,30.81,Broad Cadillac service,Broad Cadillac service,/brands/cadillac-service-dubai,,Existing Cadillac hub owns broad service and repair enquiry,Workbook opportunity copy
cadillac ac repair,cadillac ac repair,Cadillac,GSC Opportunities!A227,DIGI-TEC_SEO_Keyword_Universe_Dubai.xlsx,2026-04-12 to 2026-09-25,MEASURED WORKBOOK,0,84,0,41.82,AC,AC,/brands/cadillac-service-dubai/ac-repair,/brands/cadillac-service-dubai,Indexable brand service owner,Workbook opportunity copy
cadillac service dubai,cadillac service dubai,Cadillac,GSC Opportunities!A267,DIGI-TEC_SEO_Keyword_Universe_Dubai.xlsx,2026-04-12 to 2026-09-25,MEASURED WORKBOOK,0,74,0,21.27,Broad Cadillac service,Broad Cadillac service,/brands/cadillac-service-dubai,,Existing Cadillac hub owns broad service and repair enquiry,Workbook opportunity copy
cadillac oil change dubai,cadillac oil change dubai,Cadillac,GSC Opportunities!A274,DIGI-TEC_SEO_Keyword_Universe_Dubai.xlsx,2026-04-12 to 2026-09-25,MEASURED WORKBOOK,0,73,0,24.59,Oil service,Oil service,/brands/cadillac-service-dubai/oil-change,/brands/cadillac-service-dubai,Indexable brand service owner,Workbook opportunity copy
cadillac repair,cadillac repair,Cadillac,GSC Opportunities!A278,DIGI-TEC_SEO_Keyword_Universe_Dubai.xlsx,2026-04-12 to 2026-09-25,MEASURED WORKBOOK,0,72,0,29.15,Broad Cadillac service,Broad Cadillac service,/brands/cadillac-service-dubai,,Existing Cadillac hub owns broad service and repair enquiry,Workbook opportunity copy
cadillac workshop dubai,cadillac workshop dubai,Cadillac,GSC Opportunities!A396,DIGI-TEC_SEO_Keyword_Universe_Dubai.xlsx,2026-04-12 to 2026-09-25,MEASURED WORKBOOK,0,47,0,33.49,Broad Cadillac service,Broad Cadillac service,/brands/cadillac-service-dubai,,Existing Cadillac hub owns broad service and repair enquiry,Workbook opportunity copy
best cadillac repair garage dubai,best cadillac repair garage dubai,Cadillac,GSC Opportunities!A444,DIGI-TEC_SEO_Keyword_Universe_Dubai.xlsx,2026-04-12 to 2026-09-25,MEASURED WORKBOOK,0,42,0,57.17,Workshop selection,Workshop selection,/blog/cadillac-best-workshop-dubai,/brands/cadillac-service-dubai,Existing selection guide has a distinct comparison task,Workbook opportunity copy
cadillac repair specialist,cadillac repair specialist,Cadillac,GSC Opportunities!A463,DIGI-TEC_SEO_Keyword_Universe_Dubai.xlsx,2026-04-12 to 2026-09-25,MEASURED WORKBOOK,0,40,0,37.3,Broad Cadillac service,Broad Cadillac service,/brands/cadillac-service-dubai,,Existing Cadillac hub owns broad service and repair enquiry,Workbook opportunity copy
cadillac transmission repair dubai,cadillac transmission repair dubai,Cadillac,GSC Opportunities!A490,DIGI-TEC_SEO_Keyword_Universe_Dubai.xlsx,2026-04-12 to 2026-09-25,MEASURED WORKBOOK,0,37,0,26.05,Transmission,Transmission,/services/transmission-repair-dubai,/brands/cadillac-service-dubai/transmission-repair,Existing Cadillac route is intentionally noindex; indexable generic or hub owner,Workbook opportunity copy
cadillac service in dubai,cadillac service in dubai,Cadillac,GSC Opportunities!A514,DIGI-TEC_SEO_Keyword_Universe_Dubai.xlsx,2026-04-12 to 2026-09-25,MEASURED WORKBOOK,0,35,0,22.29,Broad Cadillac service,Broad Cadillac service,/brands/cadillac-service-dubai,,Existing Cadillac hub owns broad service and repair enquiry,Workbook opportunity copy
cadillac maintenance dubai,cadillac maintenance dubai,Cadillac,GSC Opportunities!A516,DIGI-TEC_SEO_Keyword_Universe_Dubai.xlsx,2026-04-12 to 2026-09-25,MEASURED WORKBOOK,0,35,0,28.71,Broad Cadillac service,Broad Cadillac service,/brands/cadillac-service-dubai,,Existing Cadillac hub owns broad service and repair enquiry,Workbook opportunity copy
best cadillac workshop abu dhabi,best cadillac workshop abu dhabi,Cadillac,GSC Opportunities!A539,DIGI-TEC_SEO_Keyword_Universe_Dubai.xlsx,2026-04-12 to 2026-09-25,MEASURED WORKBOOK,0,33,0,28.24,Out-of-market,Out-of-market,,,Outside Dubai; no location doorway,Workbook opportunity copy
cadillac specialist garage,cadillac specialist garage,Cadillac,GSC Opportunities!A557,DIGI-TEC_SEO_Keyword_Universe_Dubai.xlsx,2026-04-12 to 2026-09-25,MEASURED WORKBOOK,0,32,0,58.09,Broad Cadillac service,Broad Cadillac service,/brands/cadillac-service-dubai,,Existing Cadillac hub owns broad service and repair enquiry,Workbook opportunity copy
cadillac service garage dubai,cadillac service garage dubai,Cadillac,GSC Opportunities!A643,DIGI-TEC_SEO_Keyword_Universe_Dubai.xlsx,2026-04-12 to 2026-09-25,MEASURED WORKBOOK,0,27,0,34.7,Broad Cadillac service,Broad Cadillac service,/brands/cadillac-service-dubai,,Existing Cadillac hub owns broad service and repair enquiry,Workbook opportunity copy
cadillac repair garage dubai,cadillac repair garage dubai,Cadillac,GSC Opportunities!A647,DIGI-TEC_SEO_Keyword_Universe_Dubai.xlsx,2026-04-12 to 2026-09-25,MEASURED WORKBOOK,0,27,0,40.59,Broad Cadillac service,Broad Cadillac service,/brands/cadillac-service-dubai,,Existing Cadillac hub owns broad service and repair enquiry,Workbook opportunity copy
cadillac repair in dubai,cadillac repair in dubai,Cadillac,GSC Opportunities!A671,DIGI-TEC_SEO_Keyword_Universe_Dubai.xlsx,2026-04-12 to 2026-09-25,MEASURED WORKBOOK,0,26,0,29.15,Broad Cadillac service,Broad Cadillac service,/brands/cadillac-service-dubai,,Existing Cadillac hub owns broad service and repair enquiry,Workbook opportunity copy
cadillac garage dubai,cadillac garage dubai,Cadillac,GSC Opportunities!A720,DIGI-TEC_SEO_Keyword_Universe_Dubai.xlsx,2026-04-12 to 2026-09-25,MEASURED WORKBOOK,0,24,0,49.46,Broad Cadillac service,Broad Cadillac service,/brands/cadillac-service-dubai,,Existing Cadillac hub owns broad service and repair enquiry,Workbook opportunity copy
cadillac engine repair dubai,cadillac engine repair dubai,Cadillac,GSC Opportunities!A823,DIGI-TEC_SEO_Keyword_Universe_Dubai.xlsx,2026-04-12 to 2026-09-25,MEASURED WORKBOOK,0,20,0,30.05,Mechanical/cooling,Mechanical/cooling,/services/mechanical-repair-dubai,/brands/cadillac-service-dubai/mechanical-repair,Existing Cadillac route is intentionally noindex; indexable generic or hub owner,Workbook opportunity copy
cadillac repair near me,cadillac repair near me,Cadillac,GSC Opportunities!A830,DIGI-TEC_SEO_Keyword_Universe_Dubai.xlsx,2026-04-12 to 2026-09-25,MEASURED WORKBOOK,1,20,0.05,40.45,Broad Cadillac service,Broad Cadillac service,/brands/cadillac-service-dubai,,Existing Cadillac hub owns broad service and repair enquiry,Workbook opportunity copy
Cadillac cue screen replacement,cadillac cue screen replacement,Cadillac,Brand Specific Systems!B64,DIGI-TEC_SEO_Keyword_Universe_Dubai.xlsx,,RESEARCH KEYWORD,,,,,CUE/touchscreen assessment,CUE/touchscreen assessment,/services/cadillac-cue-screen-repair-dubai,/services/auto-electrical-repair-dubai,Existing dedicated CUE owner covers fault-led repair and supported replacement after diagnosis,System suggestion
Cadillac cue screen repair,cadillac cue screen repair,Cadillac,Brand Specific Systems!B65,DIGI-TEC_SEO_Keyword_Universe_Dubai.xlsx,,RESEARCH KEYWORD,,,,,CUE/touchscreen assessment,CUE/touchscreen assessment,/services/cadillac-cue-screen-repair-dubai,/services/auto-electrical-repair-dubai,Existing dedicated CUE owner covers fault-led repair and supported replacement after diagnosis,System suggestion
Cadillac touch screen replacement,cadillac touchscreen replacement,Cadillac,Brand Specific Systems!B66,DIGI-TEC_SEO_Keyword_Universe_Dubai.xlsx,,RESEARCH KEYWORD,,,,,CUE/touchscreen assessment,CUE/touchscreen assessment,/services/cadillac-cue-screen-repair-dubai,/services/auto-electrical-repair-dubai,Existing dedicated CUE owner covers fault-led repair and supported replacement after diagnosis,System suggestion
Cadillac srx screen replacement,cadillac srx screen replacement,Cadillac,Brand Specific Systems!B67,DIGI-TEC_SEO_Keyword_Universe_Dubai.xlsx,,RESEARCH KEYWORD,,,,,CUE/touchscreen assessment,CUE/touchscreen assessment,/services/cadillac-cue-screen-repair-dubai,/services/auto-electrical-repair-dubai,Existing dedicated CUE owner covers fault-led repair and supported replacement after diagnosis,System suggestion
Cadillac xts touch screen replacement,cadillac xts touchscreen replacement,Cadillac,Brand Specific Systems!B68,DIGI-TEC_SEO_Keyword_Universe_Dubai.xlsx,,RESEARCH KEYWORD,,,,,CUE/touchscreen assessment,CUE/touchscreen assessment,/services/cadillac-cue-screen-repair-dubai,/services/auto-electrical-repair-dubai,Existing dedicated CUE owner covers fault-led repair and supported replacement after diagnosis,System suggestion
Cadillac cadillac cue repair,cadillac cadillac cue repair,Cadillac,Brand Specific Systems!B69,DIGI-TEC_SEO_Keyword_Universe_Dubai.xlsx,,RESEARCH KEYWORD,,,,,CUE/touchscreen assessment,CUE/touchscreen assessment,/services/cadillac-cue-screen-repair-dubai,/services/auto-electrical-repair-dubai,Existing dedicated CUE owner covers fault-led repair and supported replacement after diagnosis,System suggestion
Cadillac CUE ghost touch Dubai,cadillac cue ghost touch dubai,Cadillac,B7 brief example #1,B7 user brief,,OTHER SOURCE — USER BRIEF EXAMPLE,,,,,CUE/touchscreen assessment,CUE/touchscreen assessment,/services/cadillac-cue-screen-repair-dubai,/services/auto-electrical-repair-dubai,Existing dedicated CUE owner covers fault-led repair and supported replacement after diagnosis,
Cadillac CUE black screen Dubai,cadillac cue black screen dubai,Cadillac,B7 brief example #2,B7 user brief,,OTHER SOURCE — USER BRIEF EXAMPLE,,,,,CUE/touchscreen assessment,CUE/touchscreen assessment,/services/cadillac-cue-screen-repair-dubai,/services/auto-electrical-repair-dubai,Existing dedicated CUE owner covers fault-led repair and supported replacement after diagnosis,
Cadillac infotainment upgrade Dubai,cadillac infotainment upgrade dubai,Cadillac,B7 brief example #3,B7 user brief,,OTHER SOURCE — USER BRIEF EXAMPLE,,,,,Unverified service,Unverified service,,,Exact Cadillac capability has not been verified,
Cadillac reverse camera fault Dubai,cadillac reverse camera fault dubai,Cadillac,B7 brief example #4,B7 user brief,,OTHER SOURCE — USER BRIEF EXAMPLE,,,,,Camera fault,Camera fault,/services/auto-electrical-repair-dubai,/services/cadillac-cue-screen-repair-dubai,"Assess camera, wiring and display path before parts choice",
Escalade service Dubai,escalade service dubai,Cadillac,B7 brief example #5,B7 user brief,,OTHER SOURCE — USER BRIEF EXAMPLE,,,,,Model enquiry,Model enquiry,/brands/cadillac-service-dubai,,Existing Cadillac hub model section; no thin model route justified,
Cadillac Lyriq service Dubai,cadillac lyriq service dubai,Cadillac,B7 brief example #6,B7 user brief,,OTHER SOURCE — USER BRIEF EXAMPLE,,,,,Model enquiry,Model enquiry,/brands/cadillac-service-dubai,,Existing Cadillac hub model section; no thin model route justified,
cadillac touch screen repair in dubai,cadillac touchscreen repair in dubai,Cadillac,Queries!A43,digitecme.com-Performance-on-Search-2026-09-05.xlsx,2026-08-06 to 2026-09-02,MEASURED ORIGINAL GSC,0.0,131.0,0.0,48.94,CUE/touchscreen assessment,CUE/touchscreen assessment,/services/cadillac-cue-screen-repair-dubai,/services/auto-electrical-repair-dubai,Existing dedicated CUE owner covers fault-led repair and supported replacement after diagnosis,Query-only GSC; no landing-page join
cue screen replacement in dubai,cue screen replacement in dubai,Cadillac,Queries!A51,digitecme.com-Performance-on-Search-2026-09-05.xlsx,2026-08-06 to 2026-09-02,MEASURED ORIGINAL GSC,0.0,110.0,0.0,36.63,CUE/touchscreen assessment,CUE/touchscreen assessment,/services/cadillac-cue-screen-repair-dubai,/services/auto-electrical-repair-dubai,Existing dedicated CUE owner covers fault-led repair and supported replacement after diagnosis,Query-only GSC; no landing-page join
cadillac srx screen replacement in dubai,cadillac srx screen replacement in dubai,Cadillac,Queries!A88,digitecme.com-Performance-on-Search-2026-09-05.xlsx,2026-08-06 to 2026-09-02,MEASURED ORIGINAL GSC,0.0,62.0,0.0,59.65,CUE/touchscreen assessment,CUE/touchscreen assessment,/services/cadillac-cue-screen-repair-dubai,/services/auto-electrical-repair-dubai,Existing dedicated CUE owner covers fault-led repair and supported replacement after diagnosis,Query-only GSC; no landing-page join
cadillac cue screen replacement in dubai,cadillac cue screen replacement in dubai,Cadillac,Queries!A163,digitecme.com-Performance-on-Search-2026-09-05.xlsx,2026-08-06 to 2026-09-02,MEASURED ORIGINAL GSC,0.0,39.0,0.0,45.33,CUE/touchscreen assessment,CUE/touchscreen assessment,/services/cadillac-cue-screen-repair-dubai,/services/auto-electrical-repair-dubai,Existing dedicated CUE owner covers fault-led repair and supported replacement after diagnosis,Query-only GSC; no landing-page join
cadillac ac repair,cadillac ac repair,Cadillac,Queries!A186,digitecme.com-Performance-on-Search-2026-09-05.xlsx,2026-08-06 to 2026-09-02,MEASURED ORIGINAL GSC,0.0,34.0,0.0,75.65,AC,AC,/brands/cadillac-service-dubai/ac-repair,/brands/cadillac-service-dubai,Indexable brand service owner,Query-only GSC; no landing-page join
cadillac xts touch screen replacement in dubai,cadillac xts touchscreen replacement in dubai,Cadillac,Queries!A222,digitecme.com-Performance-on-Search-2026-09-05.xlsx,2026-08-06 to 2026-09-02,MEASURED ORIGINAL GSC,0.0,30.0,0.0,47.0,CUE/touchscreen assessment,CUE/touchscreen assessment,/services/cadillac-cue-screen-repair-dubai,/services/auto-electrical-repair-dubai,Existing dedicated CUE owner covers fault-led repair and supported replacement after diagnosis,Query-only GSC; no landing-page join
cadillac oil change dubai,cadillac oil change dubai,Cadillac,Queries!A387,digitecme.com-Performance-on-Search-2026-09-05.xlsx,2026-08-06 to 2026-09-02,MEASURED ORIGINAL GSC,0.0,15.0,0.0,21.87,Oil service,Oil service,/brands/cadillac-service-dubai/oil-change,/brands/cadillac-service-dubai,Indexable brand service owner,Query-only GSC; no landing-page join
cadillac transmission repair dubai,cadillac transmission repair dubai,Cadillac,Queries!A427,digitecme.com-Performance-on-Search-2026-09-05.xlsx,2026-08-06 to 2026-09-02,MEASURED ORIGINAL GSC,0.0,13.0,0.0,22.69,Transmission,Transmission,/services/transmission-repair-dubai,/brands/cadillac-service-dubai/transmission-repair,Existing Cadillac route is intentionally noindex; indexable generic or hub owner,Query-only GSC; no landing-page join
cadillac repair garage dubai,cadillac repair garage dubai,Cadillac,Queries!A703,digitecme.com-Performance-on-Search-2026-09-05.xlsx,2026-08-06 to 2026-09-02,MEASURED ORIGINAL GSC,0.0,7.0,0.0,36.71,Broad Cadillac service,Broad Cadillac service,/brands/cadillac-service-dubai,,Existing Cadillac hub owns broad service and repair enquiry,Query-only GSC; no landing-page join
cadillac service in dubai,cadillac service in dubai,Cadillac,Queries!A750,digitecme.com-Performance-on-Search-2026-09-05.xlsx,2026-08-06 to 2026-09-02,MEASURED ORIGINAL GSC,0.0,6.0,0.0,18.33,Broad Cadillac service,Broad Cadillac service,/brands/cadillac-service-dubai,,Existing Cadillac hub owns broad service and repair enquiry,Query-only GSC; no landing-page join
cadillac engine repair dubai,cadillac engine repair dubai,Cadillac,Queries!A768,digitecme.com-Performance-on-Search-2026-09-05.xlsx,2026-08-06 to 2026-09-02,MEASURED ORIGINAL GSC,0.0,6.0,0.0,25.33,Mechanical/cooling,Mechanical/cooling,/services/mechanical-repair-dubai,/brands/cadillac-service-dubai/mechanical-repair,Existing Cadillac route is intentionally noindex; indexable generic or hub owner,Query-only GSC; no landing-page join
cadillac repair near me,cadillac repair near me,Cadillac,Queries!A39,digitecme.com-Performance-on-Search-2026-09-08 (2) (1).xlsx,2026-06-07 to 2026-09-06,MEASURED ORIGINAL GSC,1.0,12.0,0.0833,47.67,Broad Cadillac service,Broad Cadillac service,/brands/cadillac-service-dubai,,Existing Cadillac hub owns broad service and repair enquiry,Query-only GSC; no landing-page join
cue screen replacement in dubai,cue screen replacement in dubai,Cadillac,Queries!A61,digitecme.com-Performance-on-Search-2026-09-08 (2) (1).xlsx,2026-06-07 to 2026-09-06,MEASURED ORIGINAL GSC,0.0,353.0,0.0,42.18,CUE/touchscreen assessment,CUE/touchscreen assessment,/services/cadillac-cue-screen-repair-dubai,/services/auto-electrical-repair-dubai,Existing dedicated CUE owner covers fault-led repair and supported replacement after diagnosis,Query-only GSC; no landing-page join
cadillac touch screen repair in dubai,cadillac touchscreen repair in dubai,Cadillac,Queries!A66,digitecme.com-Performance-on-Search-2026-09-08 (2) (1).xlsx,2026-06-07 to 2026-09-06,MEASURED ORIGINAL GSC,0.0,284.0,0.0,50.39,CUE/touchscreen assessment,CUE/touchscreen assessment,/services/cadillac-cue-screen-repair-dubai,/services/auto-electrical-repair-dubai,Existing dedicated CUE owner covers fault-led repair and supported replacement after diagnosis,Query-only GSC; no landing-page join
cadillac srx screen replacement in dubai,cadillac srx screen replacement in dubai,Cadillac,Queries!A145,digitecme.com-Performance-on-Search-2026-09-08 (2) (1).xlsx,2026-06-07 to 2026-09-06,MEASURED ORIGINAL GSC,0.0,112.0,0.0,58.68,CUE/touchscreen assessment,CUE/touchscreen assessment,/services/cadillac-cue-screen-repair-dubai,/services/auto-electrical-repair-dubai,Existing dedicated CUE owner covers fault-led repair and supported replacement after diagnosis,Query-only GSC; no landing-page join
cadillac cue screen replacement in dubai,cadillac cue screen replacement in dubai,Cadillac,Queries!A155,digitecme.com-Performance-on-Search-2026-09-08 (2) (1).xlsx,2026-06-07 to 2026-09-06,MEASURED ORIGINAL GSC,0.0,105.0,0.0,51.38,CUE/touchscreen assessment,CUE/touchscreen assessment,/services/cadillac-cue-screen-repair-dubai,/services/auto-electrical-repair-dubai,Existing dedicated CUE owner covers fault-led repair and supported replacement after diagnosis,Query-only GSC; no landing-page join
cadillac ac repair,cadillac ac repair,Cadillac,Queries!A222,digitecme.com-Performance-on-Search-2026-09-08 (2) (1).xlsx,2026-06-07 to 2026-09-06,MEASURED ORIGINAL GSC,0.0,69.0,0.0,46.3,AC,AC,/brands/cadillac-service-dubai/ac-repair,/brands/cadillac-service-dubai,Indexable brand service owner,Query-only GSC; no landing-page join
cadillac oil change dubai,cadillac oil change dubai,Cadillac,Queries!A266,digitecme.com-Performance-on-Search-2026-09-08 (2) (1).xlsx,2026-06-07 to 2026-09-06,MEASURED ORIGINAL GSC,0.0,55.0,0.0,21.36,Oil service,Oil service,/brands/cadillac-service-dubai/oil-change,/brands/cadillac-service-dubai,Indexable brand service owner,Query-only GSC; no landing-page join
cadillac repair dubai,cadillac repair dubai,Cadillac,Queries!A326,digitecme.com-Performance-on-Search-2026-09-08 (2) (1).xlsx,2026-06-07 to 2026-09-06,MEASURED ORIGINAL GSC,0.0,45.0,0.0,44.42,Broad Cadillac service,Broad Cadillac service,/brands/cadillac-service-dubai,,Existing Cadillac hub owns broad service and repair enquiry,Query-only GSC; no landing-page join
cadillac xts touch screen replacement in dubai,cadillac xts touchscreen replacement in dubai,Cadillac,Queries!A327,digitecme.com-Performance-on-Search-2026-09-08 (2) (1).xlsx,2026-06-07 to 2026-09-06,MEASURED ORIGINAL GSC,0.0,45.0,0.0,48.0,CUE/touchscreen assessment,CUE/touchscreen assessment,/services/cadillac-cue-screen-repair-dubai,/services/auto-electrical-repair-dubai,Existing dedicated CUE owner covers fault-led repair and supported replacement after diagnosis,Query-only GSC; no landing-page join
cadillac repair,cadillac repair,Cadillac,Queries!A414,digitecme.com-Performance-on-Search-2026-09-08 (2) (1).xlsx,2026-06-07 to 2026-09-06,MEASURED ORIGINAL GSC,0.0,34.0,0.0,44.56,Broad Cadillac service,Broad Cadillac service,/brands/cadillac-service-dubai,,Existing Cadillac hub owns broad service and repair enquiry,Query-only GSC; no landing-page join
cadillac service dubai,cadillac service dubai,Cadillac,Queries!A444,digitecme.com-Performance-on-Search-2026-09-08 (2) (1).xlsx,2026-06-07 to 2026-09-06,MEASURED ORIGINAL GSC,0.0,31.0,0.0,26.87,Broad Cadillac service,Broad Cadillac service,/brands/cadillac-service-dubai,,Existing Cadillac hub owns broad service and repair enquiry,Query-only GSC; no landing-page join
cadillac repair specialist,cadillac repair specialist,Cadillac,Queries!A445,digitecme.com-Performance-on-Search-2026-09-08 (2) (1).xlsx,2026-06-07 to 2026-09-06,MEASURED ORIGINAL GSC,0.0,31.0,0.0,39.55,Broad Cadillac service,Broad Cadillac service,/brands/cadillac-service-dubai,,Existing Cadillac hub owns broad service and repair enquiry,Query-only GSC; no landing-page join
best cadillac repair garage dubai,best cadillac repair garage dubai,Cadillac,Queries!A478,digitecme.com-Performance-on-Search-2026-09-08 (2) (1).xlsx,2026-06-07 to 2026-09-06,MEASURED ORIGINAL GSC,0.0,29.0,0.0,53.76,Workshop selection,Workshop selection,/blog/cadillac-best-workshop-dubai,/brands/cadillac-service-dubai,Existing selection guide has a distinct comparison task,Query-only GSC; no landing-page join
cadillac specialist garage,cadillac specialist garage,Cadillac,Queries!A491,digitecme.com-Performance-on-Search-2026-09-08 (2) (1).xlsx,2026-06-07 to 2026-09-06,MEASURED ORIGINAL GSC,0.0,28.0,0.0,56.18,Broad Cadillac service,Broad Cadillac service,/brands/cadillac-service-dubai,,Existing Cadillac hub owns broad service and repair enquiry,Query-only GSC; no landing-page join
cadillac transmission repair dubai,cadillac transmission repair dubai,Cadillac,Queries!A523,digitecme.com-Performance-on-Search-2026-09-08 (2) (1).xlsx,2026-06-07 to 2026-09-06,MEASURED ORIGINAL GSC,0.0,26.0,0.0,29.77,Transmission,Transmission,/services/transmission-repair-dubai,/brands/cadillac-service-dubai/transmission-repair,Existing Cadillac route is intentionally noindex; indexable generic or hub owner,Query-only GSC; no landing-page join
cadillac service in dubai,cadillac service in dubai,Cadillac,Queries!A541,digitecme.com-Performance-on-Search-2026-09-08 (2) (1).xlsx,2026-06-07 to 2026-09-06,MEASURED ORIGINAL GSC,0.0,25.0,0.0,24.92,Broad Cadillac service,Broad Cadillac service,/brands/cadillac-service-dubai,,Existing Cadillac hub owns broad service and repair enquiry,Query-only GSC; no landing-page join
cadillac maintenance dubai,cadillac maintenance dubai,Cadillac,Queries!A642,digitecme.com-Performance-on-Search-2026-09-08 (2) (1).xlsx,2026-06-07 to 2026-09-06,MEASURED ORIGINAL GSC,0.0,20.0,0.0,37.35,Broad Cadillac service,Broad Cadillac service,/brands/cadillac-service-dubai,,Existing Cadillac hub owns broad service and repair enquiry,Query-only GSC; no landing-page join
cadillac repair garage dubai,cadillac repair garage dubai,Cadillac,Queries!A645,digitecme.com-Performance-on-Search-2026-09-08 (2) (1).xlsx,2026-06-07 to 2026-09-06,MEASURED ORIGINAL GSC,0.0,20.0,0.0,41.3,Broad Cadillac service,Broad Cadillac service,/brands/cadillac-service-dubai,,Existing Cadillac hub owns broad service and repair enquiry,Query-only GSC; no landing-page join
cadillac repair in dubai,cadillac repair in dubai,Cadillac,Queries!A727,digitecme.com-Performance-on-Search-2026-09-08 (2) (1).xlsx,2026-06-07 to 2026-09-06,MEASURED ORIGINAL GSC,0.0,17.0,0.0,33.59,Broad Cadillac service,Broad Cadillac service,/brands/cadillac-service-dubai,,Existing Cadillac hub owns broad service and repair enquiry,Query-only GSC; no landing-page join
cadillac workshop dubai,cadillac workshop dubai,Cadillac,Queries!A733,digitecme.com-Performance-on-Search-2026-09-08 (2) (1).xlsx,2026-06-07 to 2026-09-06,MEASURED ORIGINAL GSC,0.0,17.0,0.0,42.06,Broad Cadillac service,Broad Cadillac service,/brands/cadillac-service-dubai,,Existing Cadillac hub owns broad service and repair enquiry,Query-only GSC; no landing-page join
cadillac garage dubai,cadillac garage dubai,Cadillac,Queries!A777,digitecme.com-Performance-on-Search-2026-09-08 (2) (1).xlsx,2026-06-07 to 2026-09-06,MEASURED ORIGINAL GSC,0.0,16.0,0.0,52.31,Broad Cadillac service,Broad Cadillac service,/brands/cadillac-service-dubai,,Existing Cadillac hub owns broad service and repair enquiry,Query-only GSC; no landing-page join
cadillac service garage dubai,cadillac service garage dubai,Cadillac,Queries!A852,digitecme.com-Performance-on-Search-2026-09-08 (2) (1).xlsx,2026-06-07 to 2026-09-06,MEASURED ORIGINAL GSC,0.0,14.0,0.0,34.14,Broad Cadillac service,Broad Cadillac service,/brands/cadillac-service-dubai,,Existing Cadillac hub owns broad service and repair enquiry,Query-only GSC; no landing-page join
cadillac car battery uae,cadillac car battery uae,Cadillac,Queries!A893,digitecme.com-Performance-on-Search-2026-09-08 (2) (1).xlsx,2026-06-07 to 2026-09-06,MEASURED ORIGINAL GSC,0.0,13.0,0.0,20.23,Battery/no-start,Battery/no-start,/services/battery-replacement-dubai,/brands/cadillac-service-dubai/battery-replacement,Existing Cadillac route is intentionally noindex; indexable generic or hub owner,Query-only GSC; no landing-page join
cadillac car battery,cadillac car battery,Cadillac,Queries!A920,digitecme.com-Performance-on-Search-2026-09-08 (2) (1).xlsx,2026-06-07 to 2026-09-06,MEASURED ORIGINAL GSC,0.0,13.0,0.0,46.54,Battery/no-start,Battery/no-start,/services/battery-replacement-dubai,/brands/cadillac-service-dubai/battery-replacement,Existing Cadillac route is intentionally noindex; indexable generic or hub owner,Query-only GSC; no landing-page join
cadillac car battery dubai,cadillac car battery dubai,Cadillac,Queries!A996,digitecme.com-Performance-on-Search-2026-09-08 (2) (1).xlsx,2026-06-07 to 2026-09-06,MEASURED ORIGINAL GSC,0.0,11.0,0.0,13.64,Battery/no-start,Battery/no-start,/services/battery-replacement-dubai,/brands/cadillac-service-dubai/battery-replacement,Existing Cadillac route is intentionally noindex; indexable generic or hub owner,Query-only GSC; no landing-page join
cadillac repair near me,cadillac repair near me,Cadillac,Queries!A39,digitecme.com-Performance-on-Search-2026-09-08.xlsx,2026-06-07 to 2026-09-06,MEASURED ORIGINAL GSC,1.0,12.0,0.0833,47.67,Broad Cadillac service,Broad Cadillac service,/brands/cadillac-service-dubai,,Existing Cadillac hub owns broad service and repair enquiry,Query-only GSC; no landing-page join
cue screen replacement in dubai,cue screen replacement in dubai,Cadillac,Queries!A61,digitecme.com-Performance-on-Search-2026-09-08.xlsx,2026-06-07 to 2026-09-06,MEASURED ORIGINAL GSC,0.0,353.0,0.0,42.18,CUE/touchscreen assessment,CUE/touchscreen assessment,/services/cadillac-cue-screen-repair-dubai,/services/auto-electrical-repair-dubai,Existing dedicated CUE owner covers fault-led repair and supported replacement after diagnosis,Query-only GSC; no landing-page join
cadillac touch screen repair in dubai,cadillac touchscreen repair in dubai,Cadillac,Queries!A66,digitecme.com-Performance-on-Search-2026-09-08.xlsx,2026-06-07 to 2026-09-06,MEASURED ORIGINAL GSC,0.0,284.0,0.0,50.39,CUE/touchscreen assessment,CUE/touchscreen assessment,/services/cadillac-cue-screen-repair-dubai,/services/auto-electrical-repair-dubai,Existing dedicated CUE owner covers fault-led repair and supported replacement after diagnosis,Query-only GSC; no landing-page join
cadillac srx screen replacement in dubai,cadillac srx screen replacement in dubai,Cadillac,Queries!A145,digitecme.com-Performance-on-Search-2026-09-08.xlsx,2026-06-07 to 2026-09-06,MEASURED ORIGINAL GSC,0.0,112.0,0.0,58.68,CUE/touchscreen assessment,CUE/touchscreen assessment,/services/cadillac-cue-screen-repair-dubai,/services/auto-electrical-repair-dubai,Existing dedicated CUE owner covers fault-led repair and supported replacement after diagnosis,Query-only GSC; no landing-page join
cadillac cue screen replacement in dubai,cadillac cue screen replacement in dubai,Cadillac,Queries!A155,digitecme.com-Performance-on-Search-2026-09-08.xlsx,2026-06-07 to 2026-09-06,MEASURED ORIGINAL GSC,0.0,105.0,0.0,51.38,CUE/touchscreen assessment,CUE/touchscreen assessment,/services/cadillac-cue-screen-repair-dubai,/services/auto-electrical-repair-dubai,Existing dedicated CUE owner covers fault-led repair and supported replacement after diagnosis,Query-only GSC; no landing-page join
cadillac ac repair,cadillac ac repair,Cadillac,Queries!A222,digitecme.com-Performance-on-Search-2026-09-08.xlsx,2026-06-07 to 2026-09-06,MEASURED ORIGINAL GSC,0.0,69.0,0.0,46.3,AC,AC,/brands/cadillac-service-dubai/ac-repair,/brands/cadillac-service-dubai,Indexable brand service owner,Query-only GSC; no landing-page join
cadillac oil change dubai,cadillac oil change dubai,Cadillac,Queries!A266,digitecme.com-Performance-on-Search-2026-09-08.xlsx,2026-06-07 to 2026-09-06,MEASURED ORIGINAL GSC,0.0,55.0,0.0,21.36,Oil service,Oil service,/brands/cadillac-service-dubai/oil-change,/brands/cadillac-service-dubai,Indexable brand service owner,Query-only GSC; no landing-page join
cadillac repair dubai,cadillac repair dubai,Cadillac,Queries!A326,digitecme.com-Performance-on-Search-2026-09-08.xlsx,2026-06-07 to 2026-09-06,MEASURED ORIGINAL GSC,0.0,45.0,0.0,44.42,Broad Cadillac service,Broad Cadillac service,/brands/cadillac-service-dubai,,Existing Cadillac hub owns broad service and repair enquiry,Query-only GSC; no landing-page join
cadillac xts touch screen replacement in dubai,cadillac xts touchscreen replacement in dubai,Cadillac,Queries!A327,digitecme.com-Performance-on-Search-2026-09-08.xlsx,2026-06-07 to 2026-09-06,MEASURED ORIGINAL GSC,0.0,45.0,0.0,48.0,CUE/touchscreen assessment,CUE/touchscreen assessment,/services/cadillac-cue-screen-repair-dubai,/services/auto-electrical-repair-dubai,Existing dedicated CUE owner covers fault-led repair and supported replacement after diagnosis,Query-only GSC; no landing-page join
cadillac repair,cadillac repair,Cadillac,Queries!A414,digitecme.com-Performance-on-Search-2026-09-08.xlsx,2026-06-07 to 2026-09-06,MEASURED ORIGINAL GSC,0.0,34.0,0.0,44.56,Broad Cadillac service,Broad Cadillac service,/brands/cadillac-service-dubai,,Existing Cadillac hub owns broad service and repair enquiry,Query-only GSC; no landing-page join
cadillac service dubai,cadillac service dubai,Cadillac,Queries!A444,digitecme.com-Performance-on-Search-2026-09-08.xlsx,2026-06-07 to 2026-09-06,MEASURED ORIGINAL GSC,0.0,31.0,0.0,26.87,Broad Cadillac service,Broad Cadillac service,/brands/cadillac-service-dubai,,Existing Cadillac hub owns broad service and repair enquiry,Query-only GSC; no landing-page join
cadillac repair specialist,cadillac repair specialist,Cadillac,Queries!A445,digitecme.com-Performance-on-Search-2026-09-08.xlsx,2026-06-07 to 2026-09-06,MEASURED ORIGINAL GSC,0.0,31.0,0.0,39.55,Broad Cadillac service,Broad Cadillac service,/brands/cadillac-service-dubai,,Existing Cadillac hub owns broad service and repair enquiry,Query-only GSC; no landing-page join
best cadillac repair garage dubai,best cadillac repair garage dubai,Cadillac,Queries!A478,digitecme.com-Performance-on-Search-2026-09-08.xlsx,2026-06-07 to 2026-09-06,MEASURED ORIGINAL GSC,0.0,29.0,0.0,53.76,Workshop selection,Workshop selection,/blog/cadillac-best-workshop-dubai,/brands/cadillac-service-dubai,Existing selection guide has a distinct comparison task,Query-only GSC; no landing-page join
cadillac specialist garage,cadillac specialist garage,Cadillac,Queries!A491,digitecme.com-Performance-on-Search-2026-09-08.xlsx,2026-06-07 to 2026-09-06,MEASURED ORIGINAL GSC,0.0,28.0,0.0,56.18,Broad Cadillac service,Broad Cadillac service,/brands/cadillac-service-dubai,,Existing Cadillac hub owns broad service and repair enquiry,Query-only GSC; no landing-page join
cadillac transmission repair dubai,cadillac transmission repair dubai,Cadillac,Queries!A523,digitecme.com-Performance-on-Search-2026-09-08.xlsx,2026-06-07 to 2026-09-06,MEASURED ORIGINAL GSC,0.0,26.0,0.0,29.77,Transmission,Transmission,/services/transmission-repair-dubai,/brands/cadillac-service-dubai/transmission-repair,Existing Cadillac route is intentionally noindex; indexable generic or hub owner,Query-only GSC; no landing-page join
cadillac service in dubai,cadillac service in dubai,Cadillac,Queries!A541,digitecme.com-Performance-on-Search-2026-09-08.xlsx,2026-06-07 to 2026-09-06,MEASURED ORIGINAL GSC,0.0,25.0,0.0,24.92,Broad Cadillac service,Broad Cadillac service,/brands/cadillac-service-dubai,,Existing Cadillac hub owns broad service and repair enquiry,Query-only GSC; no landing-page join
cadillac maintenance dubai,cadillac maintenance dubai,Cadillac,Queries!A642,digitecme.com-Performance-on-Search-2026-09-08.xlsx,2026-06-07 to 2026-09-06,MEASURED ORIGINAL GSC,0.0,20.0,0.0,37.35,Broad Cadillac service,Broad Cadillac service,/brands/cadillac-service-dubai,,Existing Cadillac hub owns broad service and repair enquiry,Query-only GSC; no landing-page join
cadillac repair garage dubai,cadillac repair garage dubai,Cadillac,Queries!A645,digitecme.com-Performance-on-Search-2026-09-08.xlsx,2026-06-07 to 2026-09-06,MEASURED ORIGINAL GSC,0.0,20.0,0.0,41.3,Broad Cadillac service,Broad Cadillac service,/brands/cadillac-service-dubai,,Existing Cadillac hub owns broad service and repair enquiry,Query-only GSC; no landing-page join
cadillac repair in dubai,cadillac repair in dubai,Cadillac,Queries!A727,digitecme.com-Performance-on-Search-2026-09-08.xlsx,2026-06-07 to 2026-09-06,MEASURED ORIGINAL GSC,0.0,17.0,0.0,33.59,Broad Cadillac service,Broad Cadillac service,/brands/cadillac-service-dubai,,Existing Cadillac hub owns broad service and repair enquiry,Query-only GSC; no landing-page join
cadillac workshop dubai,cadillac workshop dubai,Cadillac,Queries!A733,digitecme.com-Performance-on-Search-2026-09-08.xlsx,2026-06-07 to 2026-09-06,MEASURED ORIGINAL GSC,0.0,17.0,0.0,42.06,Broad Cadillac service,Broad Cadillac service,/brands/cadillac-service-dubai,,Existing Cadillac hub owns broad service and repair enquiry,Query-only GSC; no landing-page join
cadillac garage dubai,cadillac garage dubai,Cadillac,Queries!A777,digitecme.com-Performance-on-Search-2026-09-08.xlsx,2026-06-07 to 2026-09-06,MEASURED ORIGINAL GSC,0.0,16.0,0.0,52.31,Broad Cadillac service,Broad Cadillac service,/brands/cadillac-service-dubai,,Existing Cadillac hub owns broad service and repair enquiry,Query-only GSC; no landing-page join
cadillac service garage dubai,cadillac service garage dubai,Cadillac,Queries!A852,digitecme.com-Performance-on-Search-2026-09-08.xlsx,2026-06-07 to 2026-09-06,MEASURED ORIGINAL GSC,0.0,14.0,0.0,34.14,Broad Cadillac service,Broad Cadillac service,/brands/cadillac-service-dubai,,Existing Cadillac hub owns broad service and repair enquiry,Query-only GSC; no landing-page join
cadillac car battery uae,cadillac car battery uae,Cadillac,Queries!A893,digitecme.com-Performance-on-Search-2026-09-08.xlsx,2026-06-07 to 2026-09-06,MEASURED ORIGINAL GSC,0.0,13.0,0.0,20.23,Battery/no-start,Battery/no-start,/services/battery-replacement-dubai,/brands/cadillac-service-dubai/battery-replacement,Existing Cadillac route is intentionally noindex; indexable generic or hub owner,Query-only GSC; no landing-page join
cadillac car battery,cadillac car battery,Cadillac,Queries!A920,digitecme.com-Performance-on-Search-2026-09-08.xlsx,2026-06-07 to 2026-09-06,MEASURED ORIGINAL GSC,0.0,13.0,0.0,46.54,Battery/no-start,Battery/no-start,/services/battery-replacement-dubai,/brands/cadillac-service-dubai/battery-replacement,Existing Cadillac route is intentionally noindex; indexable generic or hub owner,Query-only GSC; no landing-page join
cadillac car battery dubai,cadillac car battery dubai,Cadillac,Queries!A996,digitecme.com-Performance-on-Search-2026-09-08.xlsx,2026-06-07 to 2026-09-06,MEASURED ORIGINAL GSC,0.0,11.0,0.0,13.64,Battery/no-start,Battery/no-start,/services/battery-replacement-dubai,/brands/cadillac-service-dubai/battery-replacement,Existing Cadillac route is intentionally noindex; indexable generic or hub owner,Query-only GSC; no landing-page join
cue screen replacement in dubai,cue screen replacement in dubai,Cadillac,Queries!A25,digitecme.com-Performance-on-Search-2026-09-13.xlsx,2026-09-05 to 2026-09-11,MEASURED ORIGINAL GSC,0.0,39.0,0.0,32.49,CUE/touchscreen assessment,CUE/touchscreen assessment,/services/cadillac-cue-screen-repair-dubai,/services/auto-electrical-repair-dubai,Existing dedicated CUE owner covers fault-led repair and supported replacement after diagnosis,Query-only GSC; no landing-page join
cadillac touch screen repair in dubai,cadillac touchscreen repair in dubai,Cadillac,Queries!A26,digitecme.com-Performance-on-Search-2026-09-13.xlsx,2026-09-05 to 2026-09-11,MEASURED ORIGINAL GSC,0.0,39.0,0.0,58.05,CUE/touchscreen assessment,CUE/touchscreen assessment,/services/cadillac-cue-screen-repair-dubai,/services/auto-electrical-repair-dubai,Existing dedicated CUE owner covers fault-led repair and supported replacement after diagnosis,Query-only GSC; no landing-page join
cadillac xts touch screen replacement in dubai,cadillac xts touchscreen replacement in dubai,Cadillac,Queries!A72,digitecme.com-Performance-on-Search-2026-09-13.xlsx,2026-09-05 to 2026-09-11,MEASURED ORIGINAL GSC,0.0,21.0,0.0,45.19,CUE/touchscreen assessment,CUE/touchscreen assessment,/services/cadillac-cue-screen-repair-dubai,/services/auto-electrical-repair-dubai,Existing dedicated CUE owner covers fault-led repair and supported replacement after diagnosis,Query-only GSC; no landing-page join
cadillac srx screen replacement in dubai,cadillac srx screen replacement in dubai,Cadillac,Queries!A73,digitecme.com-Performance-on-Search-2026-09-13.xlsx,2026-09-05 to 2026-09-11,MEASURED ORIGINAL GSC,0.0,21.0,0.0,61.0,CUE/touchscreen assessment,CUE/touchscreen assessment,/services/cadillac-cue-screen-repair-dubai,/services/auto-electrical-repair-dubai,Existing dedicated CUE owner covers fault-led repair and supported replacement after diagnosis,Query-only GSC; no landing-page join
cadillac workshop dubai,cadillac workshop dubai,Cadillac,Queries!A288,digitecme.com-Performance-on-Search-2026-09-13.xlsx,2026-09-05 to 2026-09-11,MEASURED ORIGINAL GSC,0.0,7.0,0.0,37.86,Broad Cadillac service,Broad Cadillac service,/brands/cadillac-service-dubai,,Existing Cadillac hub owns broad service and repair enquiry,Query-only GSC; no landing-page join
cadillac cue screen replacement in dubai,cadillac cue screen replacement in dubai,Cadillac,Queries!A295,digitecme.com-Performance-on-Search-2026-09-13.xlsx,2026-09-05 to 2026-09-11,MEASURED ORIGINAL GSC,0.0,7.0,0.0,44.43,CUE/touchscreen assessment,CUE/touchscreen assessment,/services/cadillac-cue-screen-repair-dubai,/services/auto-electrical-repair-dubai,Existing dedicated CUE owner covers fault-led repair and supported replacement after diagnosis,Query-only GSC; no landing-page join
best cadillac workshop abu dhabi,best cadillac workshop abu dhabi,Cadillac,Queries!A342,digitecme.com-Performance-on-Search-2026-09-13.xlsx,2026-09-05 to 2026-09-11,MEASURED ORIGINAL GSC,0.0,6.0,0.0,32.17,Out-of-market,Out-of-market,,,Outside Dubai; no location doorway,Query-only GSC; no landing-page join
cadillac transmission repair dubai,cadillac transmission repair dubai,Cadillac,Queries!A473,digitecme.com-Performance-on-Search-2026-09-13.xlsx,2026-09-05 to 2026-09-11,MEASURED ORIGINAL GSC,0.0,4.0,0.0,25.5,Transmission,Transmission,/services/transmission-repair-dubai,/brands/cadillac-service-dubai/transmission-repair,Existing Cadillac route is intentionally noindex; indexable generic or hub owner,Query-only GSC; no landing-page join
cadillac engine repair dubai,cadillac engine repair dubai,Cadillac,Queries!A579,digitecme.com-Performance-on-Search-2026-09-13.xlsx,2026-09-05 to 2026-09-11,MEASURED ORIGINAL GSC,0.0,3.0,0.0,28.33,Mechanical/cooling,Mechanical/cooling,/services/mechanical-repair-dubai,/brands/cadillac-service-dubai/mechanical-repair,Existing Cadillac route is intentionally noindex; indexable generic or hub owner,Query-only GSC; no landing-page join
cue screen replacement in dubai,cue screen replacement in dubai,Cadillac,Queries!A20,digitecme.com-Performance-on-Search-2026-09-16.xlsx,2026-09-07 to 2026-09-13,MEASURED ORIGINAL GSC,0.0,39.0,0.0,31.03,CUE/touchscreen assessment,CUE/touchscreen assessment,/services/cadillac-cue-screen-repair-dubai,/services/auto-electrical-repair-dubai,Existing dedicated CUE owner covers fault-led repair and supported replacement after diagnosis,Query-only GSC; no landing-page join
cadillac touch screen repair in dubai,cadillac touchscreen repair in dubai,Cadillac,Queries!A22,digitecme.com-Performance-on-Search-2026-09-16.xlsx,2026-09-07 to 2026-09-13,MEASURED ORIGINAL GSC,0.0,37.0,0.0,55.0,CUE/touchscreen assessment,CUE/touchscreen assessment,/services/cadillac-cue-screen-repair-dubai,/services/auto-electrical-repair-dubai,Existing dedicated CUE owner covers fault-led repair and supported replacement after diagnosis,Query-only GSC; no landing-page join
cadillac xts touch screen replacement in dubai,cadillac xts touchscreen replacement in dubai,Cadillac,Queries!A69,digitecme.com-Performance-on-Search-2026-09-16.xlsx,2026-09-07 to 2026-09-13,MEASURED ORIGINAL GSC,0.0,20.0,0.0,42.85,CUE/touchscreen assessment,CUE/touchscreen assessment,/services/cadillac-cue-screen-repair-dubai,/services/auto-electrical-repair-dubai,Existing dedicated CUE owner covers fault-led repair and supported replacement after diagnosis,Query-only GSC; no landing-page join
cadillac srx screen replacement in dubai,cadillac srx screen replacement in dubai,Cadillac,Queries!A80,digitecme.com-Performance-on-Search-2026-09-16.xlsx,2026-09-07 to 2026-09-13,MEASURED ORIGINAL GSC,0.0,17.0,0.0,54.59,CUE/touchscreen assessment,CUE/touchscreen assessment,/services/cadillac-cue-screen-repair-dubai,/services/auto-electrical-repair-dubai,Existing dedicated CUE owner covers fault-led repair and supported replacement after diagnosis,Query-only GSC; no landing-page join
cadillac workshop dubai,cadillac workshop dubai,Cadillac,Queries!A153,digitecme.com-Performance-on-Search-2026-09-16.xlsx,2026-09-07 to 2026-09-13,MEASURED ORIGINAL GSC,0.0,11.0,0.0,36.91,Broad Cadillac service,Broad Cadillac service,/brands/cadillac-service-dubai,,Existing Cadillac hub owns broad service and repair enquiry,Query-only GSC; no landing-page join
best cadillac workshop abu dhabi,best cadillac workshop abu dhabi,Cadillac,Queries!A172,digitecme.com-Performance-on-Search-2026-09-16.xlsx,2026-09-07 to 2026-09-13,MEASURED ORIGINAL GSC,0.0,10.0,0.0,31.2,Out-of-market,Out-of-market,,,Outside Dubai; no location doorway,Query-only GSC; no landing-page join
cadillac cue screen replacement in dubai,cadillac cue screen replacement in dubai,Cadillac,Queries!A209,digitecme.com-Performance-on-Search-2026-09-16.xlsx,2026-09-07 to 2026-09-13,MEASURED ORIGINAL GSC,0.0,9.0,0.0,44.0,CUE/touchscreen assessment,CUE/touchscreen assessment,/services/cadillac-cue-screen-repair-dubai,/services/auto-electrical-repair-dubai,Existing dedicated CUE owner covers fault-led repair and supported replacement after diagnosis,Query-only GSC; no landing-page join
cadillac service,cadillac service,Cadillac,Queries!A364,digitecme.com-Performance-on-Search-2026-09-16.xlsx,2026-09-07 to 2026-09-13,MEASURED ORIGINAL GSC,0.0,5.0,0.0,16.2,Broad Cadillac service,Broad Cadillac service,/brands/cadillac-service-dubai,,Existing Cadillac hub owns broad service and repair enquiry,Query-only GSC; no landing-page join
cadillac service dubai,cadillac service dubai,Cadillac,Queries!A436,digitecme.com-Performance-on-Search-2026-09-16.xlsx,2026-09-07 to 2026-09-13,MEASURED ORIGINAL GSC,0.0,4.0,0.0,18.25,Broad Cadillac service,Broad Cadillac service,/brands/cadillac-service-dubai,,Existing Cadillac hub owns broad service and repair enquiry,Query-only GSC; no landing-page join
cadillac service garage dubai,cadillac service garage dubai,Cadillac,Queries!A479,digitecme.com-Performance-on-Search-2026-09-16.xlsx,2026-09-07 to 2026-09-13,MEASURED ORIGINAL GSC,0.0,4.0,0.0,55.5,Broad Cadillac service,Broad Cadillac service,/brands/cadillac-service-dubai,,Existing Cadillac hub owns broad service and repair enquiry,Query-only GSC; no landing-page join
cadillac transmission repair dubai,cadillac transmission repair dubai,Cadillac,Queries!A494,digitecme.com-Performance-on-Search-2026-09-16.xlsx,2026-09-07 to 2026-09-13,MEASURED ORIGINAL GSC,0.0,3.0,0.0,5.67,Transmission,Transmission,/services/transmission-repair-dubai,/brands/cadillac-service-dubai/transmission-repair,Existing Cadillac route is intentionally noindex; indexable generic or hub owner,Query-only GSC; no landing-page join
cadillac suspension repair,cadillac suspension repair,Cadillac,Queries!A521,digitecme.com-Performance-on-Search-2026-09-16.xlsx,2026-09-07 to 2026-09-13,MEASURED ORIGINAL GSC,0.0,3.0,0.0,10.67,Suspension,Suspension,/services/suspension-repair-dubai,/brands/cadillac-service-dubai/suspension-repair,Existing Cadillac route is intentionally noindex; indexable generic or hub owner,Query-only GSC; no landing-page join
cadillac engine repair dubai,cadillac engine repair dubai,Cadillac,Queries!A552,digitecme.com-Performance-on-Search-2026-09-16.xlsx,2026-09-07 to 2026-09-13,MEASURED ORIGINAL GSC,0.0,3.0,0.0,18.33,Mechanical/cooling,Mechanical/cooling,/services/mechanical-repair-dubai,/brands/cadillac-service-dubai/mechanical-repair,Existing Cadillac route is intentionally noindex; indexable generic or hub owner,Query-only GSC; no landing-page join
cadillac service center dubai,cadillac service center dubai,Cadillac,Queries!A559,digitecme.com-Performance-on-Search-2026-09-16.xlsx,2026-09-07 to 2026-09-13,MEASURED ORIGINAL GSC,0.0,3.0,0.0,20.33,Broad Cadillac service,Broad Cadillac service,/brands/cadillac-service-dubai,,Existing Cadillac hub owns broad service and repair enquiry,Query-only GSC; no landing-page join
cadillac repair,cadillac repair,Cadillac,Queries!A560,digitecme.com-Performance-on-Search-2026-09-16.xlsx,2026-09-07 to 2026-09-13,MEASURED ORIGINAL GSC,0.0,3.0,0.0,20.67,Broad Cadillac service,Broad Cadillac service,/brands/cadillac-service-dubai,,Existing Cadillac hub owns broad service and repair enquiry,Query-only GSC; no landing-page join
cadillac repair garage dubai,cadillac repair garage dubai,Cadillac,Queries!A582,digitecme.com-Performance-on-Search-2026-09-16.xlsx,2026-09-07 to 2026-09-13,MEASURED ORIGINAL GSC,0.0,3.0,0.0,37.67,Broad Cadillac service,Broad Cadillac service,/brands/cadillac-service-dubai,,Existing Cadillac hub owns broad service and repair enquiry,Query-only GSC; no landing-page join
cadillac specialist garage,cadillac specialist garage,Cadillac,Queries!A608,digitecme.com-Performance-on-Search-2026-09-16.xlsx,2026-09-07 to 2026-09-13,MEASURED ORIGINAL GSC,0.0,3.0,0.0,66.0,Broad Cadillac service,Broad Cadillac service,/brands/cadillac-service-dubai,,Existing Cadillac hub owns broad service and repair enquiry,Query-only GSC; no landing-page join
best cadillac repair garage dubai,best cadillac repair garage dubai,Cadillac,Queries!A611,digitecme.com-Performance-on-Search-2026-09-16.xlsx,2026-09-07 to 2026-09-13,MEASURED ORIGINAL GSC,0.0,3.0,0.0,79.0,Workshop selection,Workshop selection,/blog/cadillac-best-workshop-dubai,/brands/cadillac-service-dubai,Existing selection guide has a distinct comparison task,Query-only GSC; no landing-page join
cadillac maintenance dubai,cadillac maintenance dubai,Cadillac,Queries!A710,digitecme.com-Performance-on-Search-2026-09-16.xlsx,2026-09-07 to 2026-09-13,MEASURED ORIGINAL GSC,0.0,2.0,0.0,17.5,Broad Cadillac service,Broad Cadillac service,/brands/cadillac-service-dubai,,Existing Cadillac hub owns broad service and repair enquiry,Query-only GSC; no landing-page join
cadillac service in dubai,cadillac service in dubai,Cadillac,Queries!A725,digitecme.com-Performance-on-Search-2026-09-16.xlsx,2026-09-07 to 2026-09-13,MEASURED ORIGINAL GSC,0.0,2.0,0.0,21.0,Broad Cadillac service,Broad Cadillac service,/brands/cadillac-service-dubai,,Existing Cadillac hub owns broad service and repair enquiry,Query-only GSC; no landing-page join
cadillac ac repair,cadillac ac repair,Cadillac,Queries!A727,digitecme.com-Performance-on-Search-2026-09-16.xlsx,2026-09-07 to 2026-09-13,MEASURED ORIGINAL GSC,0.0,2.0,0.0,21.5,AC,AC,/brands/cadillac-service-dubai/ac-repair,/brands/cadillac-service-dubai,Indexable brand service owner,Query-only GSC; no landing-page join
cadillac touch screen repair in dubai,cadillac touchscreen repair in dubai,Cadillac,Queries!A20,digitecme.com-Performance-on-Search-2026-09-18.xlsx,2026-09-09 to 2026-09-15,MEASURED ORIGINAL GSC,0.0,36.0,0.0,48.36,CUE/touchscreen assessment,CUE/touchscreen assessment,/services/cadillac-cue-screen-repair-dubai,/services/auto-electrical-repair-dubai,Existing dedicated CUE owner covers fault-led repair and supported replacement after diagnosis,Query-only GSC; no landing-page join
cue screen replacement in dubai,cue screen replacement in dubai,Cadillac,Queries!A26,digitecme.com-Performance-on-Search-2026-09-18.xlsx,2026-09-09 to 2026-09-15,MEASURED ORIGINAL GSC,0.0,33.0,0.0,30.12,CUE/touchscreen assessment,CUE/touchscreen assessment,/services/cadillac-cue-screen-repair-dubai,/services/auto-electrical-repair-dubai,Existing dedicated CUE owner covers fault-led repair and supported replacement after diagnosis,Query-only GSC; no landing-page join
cadillac xts touch screen replacement in dubai,cadillac xts touchscreen replacement in dubai,Cadillac,Queries!A78,digitecme.com-Performance-on-Search-2026-09-18.xlsx,2026-09-09 to 2026-09-15,MEASURED ORIGINAL GSC,0.0,16.0,0.0,37.5,CUE/touchscreen assessment,CUE/touchscreen assessment,/services/cadillac-cue-screen-repair-dubai,/services/auto-electrical-repair-dubai,Existing dedicated CUE owner covers fault-led repair and supported replacement after diagnosis,Query-only GSC; no landing-page join
cadillac workshop dubai,cadillac workshop dubai,Cadillac,Queries!A91,digitecme.com-Performance-on-Search-2026-09-18.xlsx,2026-09-09 to 2026-09-15,MEASURED ORIGINAL GSC,0.0,15.0,0.0,34.87,Broad Cadillac service,Broad Cadillac service,/brands/cadillac-service-dubai,,Existing Cadillac hub owns broad service and repair enquiry,Query-only GSC; no landing-page join
cadillac srx screen replacement in dubai,cadillac srx screen replacement in dubai,Cadillac,Queries!A92,digitecme.com-Performance-on-Search-2026-09-18.xlsx,2026-09-09 to 2026-09-15,MEASURED ORIGINAL GSC,0.0,15.0,0.0,37.0,CUE/touchscreen assessment,CUE/touchscreen assessment,/services/cadillac-cue-screen-repair-dubai,/services/auto-electrical-repair-dubai,Existing dedicated CUE owner covers fault-led repair and supported replacement after diagnosis,Query-only GSC; no landing-page join
best cadillac workshop abu dhabi,best cadillac workshop abu dhabi,Cadillac,Queries!A100,digitecme.com-Performance-on-Search-2026-09-18.xlsx,2026-09-09 to 2026-09-15,MEASURED ORIGINAL GSC,0.0,14.0,0.0,30.21,Out-of-market,Out-of-market,,,Outside Dubai; no location doorway,Query-only GSC; no landing-page join
cadillac service dubai,cadillac service dubai,Cadillac,Queries!A115,digitecme.com-Performance-on-Search-2026-09-18.xlsx,2026-09-09 to 2026-09-15,MEASURED ORIGINAL GSC,0.0,12.0,0.0,17.5,Broad Cadillac service,Broad Cadillac service,/brands/cadillac-service-dubai,,Existing Cadillac hub owns broad service and repair enquiry,Query-only GSC; no landing-page join
cadillac cue screen replacement in dubai,cadillac cue screen replacement in dubai,Cadillac,Queries!A168,digitecme.com-Performance-on-Search-2026-09-18.xlsx,2026-09-09 to 2026-09-15,MEASURED ORIGINAL GSC,0.0,10.0,0.0,48.7,CUE/touchscreen assessment,CUE/touchscreen assessment,/services/cadillac-cue-screen-repair-dubai,/services/auto-electrical-repair-dubai,Existing dedicated CUE owner covers fault-led repair and supported replacement after diagnosis,Query-only GSC; no landing-page join
cadillac repair dubai,cadillac repair dubai,Cadillac,Queries!A187,digitecme.com-Performance-on-Search-2026-09-18.xlsx,2026-09-09 to 2026-09-15,MEASURED ORIGINAL GSC,0.0,9.0,0.0,18.78,Broad Cadillac service,Broad Cadillac service,/brands/cadillac-service-dubai,,Existing Cadillac hub owns broad service and repair enquiry,Query-only GSC; no landing-page join
cadillac repair,cadillac repair,Cadillac,Queries!A222,digitecme.com-Performance-on-Search-2026-09-18.xlsx,2026-09-09 to 2026-09-15,MEASURED ORIGINAL GSC,0.0,8.0,0.0,20.5,Broad Cadillac service,Broad Cadillac service,/brands/cadillac-service-dubai,,Existing Cadillac hub owns broad service and repair enquiry,Query-only GSC; no landing-page join
cadillac service,cadillac service,Cadillac,Queries!A305,digitecme.com-Performance-on-Search-2026-09-18.xlsx,2026-09-09 to 2026-09-15,MEASURED ORIGINAL GSC,0.0,6.0,0.0,15.83,Broad Cadillac service,Broad Cadillac service,/brands/cadillac-service-dubai,,Existing Cadillac hub owns broad service and repair enquiry,Query-only GSC; no landing-page join
cadillac maintenance dubai,cadillac maintenance dubai,Cadillac,Queries!A309,digitecme.com-Performance-on-Search-2026-09-18.xlsx,2026-09-09 to 2026-09-15,MEASURED ORIGINAL GSC,0.0,6.0,0.0,17.33,Broad Cadillac service,Broad Cadillac service,/brands/cadillac-service-dubai,,Existing Cadillac hub owns broad service and repair enquiry,Query-only GSC; no landing-page join
cadillac ac repair,cadillac ac repair,Cadillac,Queries!A314,digitecme.com-Performance-on-Search-2026-09-18.xlsx,2026-09-09 to 2026-09-15,MEASURED ORIGINAL GSC,0.0,6.0,0.0,21.5,AC,AC,/brands/cadillac-service-dubai/ac-repair,/brands/cadillac-service-dubai,Indexable brand service owner,Query-only GSC; no landing-page join
cadillac service garage dubai,cadillac service garage dubai,Cadillac,Queries!A341,digitecme.com-Performance-on-Search-2026-09-18.xlsx,2026-09-09 to 2026-09-15,MEASURED ORIGINAL GSC,0.0,6.0,0.0,46.5,Broad Cadillac service,Broad Cadillac service,/brands/cadillac-service-dubai,,Existing Cadillac hub owns broad service and repair enquiry,Query-only GSC; no landing-page join
best cadillac repair garage dubai,best cadillac repair garage dubai,Cadillac,Queries!A347,digitecme.com-Performance-on-Search-2026-09-18.xlsx,2026-09-09 to 2026-09-15,MEASURED ORIGINAL GSC,0.0,6.0,0.0,69.0,Workshop selection,Workshop selection,/blog/cadillac-best-workshop-dubai,/brands/cadillac-service-dubai,Existing selection guide has a distinct comparison task,Query-only GSC; no landing-page join
cadillac service in dubai,cadillac service in dubai,Cadillac,Queries!A383,digitecme.com-Performance-on-Search-2026-09-18.xlsx,2026-09-09 to 2026-09-15,MEASURED ORIGINAL GSC,0.0,5.0,0.0,17.2,Broad Cadillac service,Broad Cadillac service,/brands/cadillac-service-dubai,,Existing Cadillac hub owns broad service and repair enquiry,Query-only GSC; no landing-page join
cadillac service center dubai,cadillac service center dubai,Cadillac,Queries!A387,digitecme.com-Performance-on-Search-2026-09-18.xlsx,2026-09-09 to 2026-09-15,MEASURED ORIGINAL GSC,0.0,5.0,0.0,21.2,Broad Cadillac service,Broad Cadillac service,/brands/cadillac-service-dubai,,Existing Cadillac hub owns broad service and repair enquiry,Query-only GSC; no landing-page join
cadillac repair specialist,cadillac repair specialist,Cadillac,Queries!A408,digitecme.com-Performance-on-Search-2026-09-18.xlsx,2026-09-09 to 2026-09-15,MEASURED ORIGINAL GSC,0.0,5.0,0.0,34.2,Broad Cadillac service,Broad Cadillac service,/brands/cadillac-service-dubai,,Existing Cadillac hub owns broad service and repair enquiry,Query-only GSC; no landing-page join
cadillac repair garage dubai,cadillac repair garage dubai,Cadillac,Queries!A496,digitecme.com-Performance-on-Search-2026-09-18.xlsx,2026-09-09 to 2026-09-15,MEASURED ORIGINAL GSC,0.0,4.0,0.0,38.25,Broad Cadillac service,Broad Cadillac service,/brands/cadillac-service-dubai,,Existing Cadillac hub owns broad service and repair enquiry,Query-only GSC; no landing-page join
cadillac specialist garage,cadillac specialist garage,Cadillac,Queries!A515,digitecme.com-Performance-on-Search-2026-09-18.xlsx,2026-09-09 to 2026-09-15,MEASURED ORIGINAL GSC,0.0,4.0,0.0,71.5,Broad Cadillac service,Broad Cadillac service,/brands/cadillac-service-dubai,,Existing Cadillac hub owns broad service and repair enquiry,Query-only GSC; no landing-page join
cadillac transmission repair dubai,cadillac transmission repair dubai,Cadillac,Queries!A529,digitecme.com-Performance-on-Search-2026-09-18.xlsx,2026-09-09 to 2026-09-15,MEASURED ORIGINAL GSC,0.0,3.0,0.0,5.33,Transmission,Transmission,/services/transmission-repair-dubai,/brands/cadillac-service-dubai/transmission-repair,Existing Cadillac route is intentionally noindex; indexable generic or hub owner,Query-only GSC; no landing-page join
cadillac suspension repair,cadillac suspension repair,Cadillac,Queries!A548,digitecme.com-Performance-on-Search-2026-09-18.xlsx,2026-09-09 to 2026-09-15,MEASURED ORIGINAL GSC,0.0,3.0,0.0,10.67,Suspension,Suspension,/services/suspension-repair-dubai,/brands/cadillac-service-dubai/suspension-repair,Existing Cadillac route is intentionally noindex; indexable generic or hub owner,Query-only GSC; no landing-page join
cadillac engine repair dubai,cadillac engine repair dubai,Cadillac,Queries!A742,digitecme.com-Performance-on-Search-2026-09-18.xlsx,2026-09-09 to 2026-09-15,MEASURED ORIGINAL GSC,0.0,2.0,0.0,17.5,Mechanical/cooling,Mechanical/cooling,/services/mechanical-repair-dubai,/brands/cadillac-service-dubai/mechanical-repair,Existing Cadillac route is intentionally noindex; indexable generic or hub owner,Query-only GSC; no landing-page join
cadillac oil change dubai,cadillac oil change dubai,Cadillac,Queries!A764,digitecme.com-Performance-on-Search-2026-09-18.xlsx,2026-09-09 to 2026-09-15,MEASURED ORIGINAL GSC,0.0,2.0,0.0,22.5,Oil service,Oil service,/brands/cadillac-service-dubai/oil-change,/brands/cadillac-service-dubai,Indexable brand service owner,Query-only GSC; no landing-page join
cadillac repair near me,cadillac repair near me,Cadillac,Queries!A798,digitecme.com-Performance-on-Search-2026-09-18.xlsx,2026-09-09 to 2026-09-15,MEASURED ORIGINAL GSC,0.0,2.0,0.0,30.5,Broad Cadillac service,Broad Cadillac service,/brands/cadillac-service-dubai,,Existing Cadillac hub owns broad service and repair enquiry,Query-only GSC; no landing-page join
cadillac repair in dubai,cadillac repair in dubai,Cadillac,Queries!A801,digitecme.com-Performance-on-Search-2026-09-18.xlsx,2026-09-09 to 2026-09-15,MEASURED ORIGINAL GSC,0.0,2.0,0.0,31.0,Broad Cadillac service,Broad Cadillac service,/brands/cadillac-service-dubai,,Existing Cadillac hub owns broad service and repair enquiry,Query-only GSC; no landing-page join
cadillac garage dubai,cadillac garage dubai,Cadillac,Queries!A838,digitecme.com-Performance-on-Search-2026-09-18.xlsx,2026-09-09 to 2026-09-15,MEASURED ORIGINAL GSC,0.0,2.0,0.0,43.5,Broad Cadillac service,Broad Cadillac service,/brands/cadillac-service-dubai,,Existing Cadillac hub owns broad service and repair enquiry,Query-only GSC; no landing-page join
cadillac repair near me,cadillac repair near me,Cadillac,Queries!A60,digitecme.com-Performance-on-Search-2026-09-27.xlsx,2026-04-12 to 2026-09-25,MEASURED ORIGINAL GSC,1.0,20.0,0.05,40.45,Broad Cadillac service,Broad Cadillac service,/brands/cadillac-service-dubai,,Existing Cadillac hub owns broad service and repair enquiry,Query-only GSC; no landing-page join
cue screen replacement in dubai,cue screen replacement in dubai,Cadillac,Queries!A95,digitecme.com-Performance-on-Search-2026-09-27.xlsx,2026-04-12 to 2026-09-25,MEASURED ORIGINAL GSC,0.0,499.0,0.0,40.48,CUE/touchscreen assessment,CUE/touchscreen assessment,/services/cadillac-cue-screen-repair-dubai,/services/auto-electrical-repair-dubai,Existing dedicated CUE owner covers fault-led repair and supported replacement after diagnosis,Query-only GSC; no landing-page join
cadillac touch screen repair in dubai,cadillac touchscreen repair in dubai,Cadillac,Queries!A101,digitecme.com-Performance-on-Search-2026-09-27.xlsx,2026-04-12 to 2026-09-25,MEASURED ORIGINAL GSC,0.0,415.0,0.0,52.47,CUE/touchscreen assessment,CUE/touchscreen assessment,/services/cadillac-cue-screen-repair-dubai,/services/auto-electrical-repair-dubai,Existing dedicated CUE owner covers fault-led repair and supported replacement after diagnosis,Query-only GSC; no landing-page join
cadillac srx screen replacement in dubai,cadillac srx screen replacement in dubai,Cadillac,Queries!A163,digitecme.com-Performance-on-Search-2026-09-27.xlsx,2026-04-12 to 2026-09-25,MEASURED ORIGINAL GSC,0.0,188.0,0.0,53.49,CUE/touchscreen assessment,CUE/touchscreen assessment,/services/cadillac-cue-screen-repair-dubai,/services/auto-electrical-repair-dubai,Existing dedicated CUE owner covers fault-led repair and supported replacement after diagnosis,Query-only GSC; no landing-page join
cadillac cue screen replacement in dubai,cadillac cue screen replacement in dubai,Cadillac,Queries!A172,digitecme.com-Performance-on-Search-2026-09-27.xlsx,2026-04-12 to 2026-09-25,MEASURED ORIGINAL GSC,0.0,174.0,0.0,52.75,CUE/touchscreen assessment,CUE/touchscreen assessment,/services/cadillac-cue-screen-repair-dubai,/services/auto-electrical-repair-dubai,Existing dedicated CUE owner covers fault-led repair and supported replacement after diagnosis,Query-only GSC; no landing-page join
cadillac xts touch screen replacement in dubai,cadillac xts touchscreen replacement in dubai,Cadillac,Queries!A257,digitecme.com-Performance-on-Search-2026-09-27.xlsx,2026-04-12 to 2026-09-25,MEASURED ORIGINAL GSC,0.0,98.0,0.0,44.31,CUE/touchscreen assessment,CUE/touchscreen assessment,/services/cadillac-cue-screen-repair-dubai,/services/auto-electrical-repair-dubai,Existing dedicated CUE owner covers fault-led repair and supported replacement after diagnosis,Query-only GSC; no landing-page join
cadillac repair dubai,cadillac repair dubai,Cadillac,Queries!A289,digitecme.com-Performance-on-Search-2026-09-27.xlsx,2026-04-12 to 2026-09-25,MEASURED ORIGINAL GSC,0.0,85.0,0.0,30.81,Broad Cadillac service,Broad Cadillac service,/brands/cadillac-service-dubai,,Existing Cadillac hub owns broad service and repair enquiry,Query-only GSC; no landing-page join
cadillac ac repair,cadillac ac repair,Cadillac,Queries!A293,digitecme.com-Performance-on-Search-2026-09-27.xlsx,2026-04-12 to 2026-09-25,MEASURED ORIGINAL GSC,0.0,84.0,0.0,41.82,AC,AC,/brands/cadillac-service-dubai/ac-repair,/brands/cadillac-service-dubai,Indexable brand service owner,Query-only GSC; no landing-page join
cadillac service dubai,cadillac service dubai,Cadillac,Queries!A337,digitecme.com-Performance-on-Search-2026-09-27.xlsx,2026-04-12 to 2026-09-25,MEASURED ORIGINAL GSC,0.0,74.0,0.0,21.27,Broad Cadillac service,Broad Cadillac service,/brands/cadillac-service-dubai,,Existing Cadillac hub owns broad service and repair enquiry,Query-only GSC; no landing-page join
cadillac oil change dubai,cadillac oil change dubai,Cadillac,Queries!A346,digitecme.com-Performance-on-Search-2026-09-27.xlsx,2026-04-12 to 2026-09-25,MEASURED ORIGINAL GSC,0.0,73.0,0.0,24.59,Oil service,Oil service,/brands/cadillac-service-dubai/oil-change,/brands/cadillac-service-dubai,Indexable brand service owner,Query-only GSC; no landing-page join
cadillac repair,cadillac repair,Cadillac,Queries!A352,digitecme.com-Performance-on-Search-2026-09-27.xlsx,2026-04-12 to 2026-09-25,MEASURED ORIGINAL GSC,0.0,72.0,0.0,29.15,Broad Cadillac service,Broad Cadillac service,/brands/cadillac-service-dubai,,Existing Cadillac hub owns broad service and repair enquiry,Query-only GSC; no landing-page join
cadillac workshop dubai,cadillac workshop dubai,Cadillac,Queries!A488,digitecme.com-Performance-on-Search-2026-09-27.xlsx,2026-04-12 to 2026-09-25,MEASURED ORIGINAL GSC,0.0,47.0,0.0,33.49,Broad Cadillac service,Broad Cadillac service,/brands/cadillac-service-dubai,,Existing Cadillac hub owns broad service and repair enquiry,Query-only GSC; no landing-page join
best cadillac repair garage dubai,best cadillac repair garage dubai,Cadillac,Queries!A542,digitecme.com-Performance-on-Search-2026-09-27.xlsx,2026-04-12 to 2026-09-25,MEASURED ORIGINAL GSC,0.0,42.0,0.0,57.17,Workshop selection,Workshop selection,/blog/cadillac-best-workshop-dubai,/brands/cadillac-service-dubai,Existing selection guide has a distinct comparison task,Query-only GSC; no landing-page join
cadillac repair specialist,cadillac repair specialist,Cadillac,Queries!A565,digitecme.com-Performance-on-Search-2026-09-27.xlsx,2026-04-12 to 2026-09-25,MEASURED ORIGINAL GSC,0.0,40.0,0.0,37.3,Broad Cadillac service,Broad Cadillac service,/brands/cadillac-service-dubai,,Existing Cadillac hub owns broad service and repair enquiry,Query-only GSC; no landing-page join
cadillac transmission repair dubai,cadillac transmission repair dubai,Cadillac,Queries!A595,digitecme.com-Performance-on-Search-2026-09-27.xlsx,2026-04-12 to 2026-09-25,MEASURED ORIGINAL GSC,0.0,37.0,0.0,26.05,Transmission,Transmission,/services/transmission-repair-dubai,/brands/cadillac-service-dubai/transmission-repair,Existing Cadillac route is intentionally noindex; indexable generic or hub owner,Query-only GSC; no landing-page join
cadillac service in dubai,cadillac service in dubai,Cadillac,Queries!A624,digitecme.com-Performance-on-Search-2026-09-27.xlsx,2026-04-12 to 2026-09-25,MEASURED ORIGINAL GSC,0.0,35.0,0.0,22.29,Broad Cadillac service,Broad Cadillac service,/brands/cadillac-service-dubai,,Existing Cadillac hub owns broad service and repair enquiry,Query-only GSC; no landing-page join
cadillac maintenance dubai,cadillac maintenance dubai,Cadillac,Queries!A626,digitecme.com-Performance-on-Search-2026-09-27.xlsx,2026-04-12 to 2026-09-25,MEASURED ORIGINAL GSC,0.0,35.0,0.0,28.71,Broad Cadillac service,Broad Cadillac service,/brands/cadillac-service-dubai,,Existing Cadillac hub owns broad service and repair enquiry,Query-only GSC; no landing-page join
best cadillac workshop abu dhabi,best cadillac workshop abu dhabi,Cadillac,Queries!A654,digitecme.com-Performance-on-Search-2026-09-27.xlsx,2026-04-12 to 2026-09-25,MEASURED ORIGINAL GSC,0.0,33.0,0.0,28.24,Out-of-market,Out-of-market,,,Outside Dubai; no location doorway,Query-only GSC; no landing-page join
cadillac specialist garage,cadillac specialist garage,Cadillac,Queries!A673,digitecme.com-Performance-on-Search-2026-09-27.xlsx,2026-04-12 to 2026-09-25,MEASURED ORIGINAL GSC,0.0,32.0,0.0,58.09,Broad Cadillac service,Broad Cadillac service,/brands/cadillac-service-dubai,,Existing Cadillac hub owns broad service and repair enquiry,Query-only GSC; no landing-page join
cadillac service garage dubai,cadillac service garage dubai,Cadillac,Queries!A770,digitecme.com-Performance-on-Search-2026-09-27.xlsx,2026-04-12 to 2026-09-25,MEASURED ORIGINAL GSC,0.0,27.0,0.0,34.7,Broad Cadillac service,Broad Cadillac service,/brands/cadillac-service-dubai,,Existing Cadillac hub owns broad service and repair enquiry,Query-only GSC; no landing-page join
cadillac repair garage dubai,cadillac repair garage dubai,Cadillac,Queries!A776,digitecme.com-Performance-on-Search-2026-09-27.xlsx,2026-04-12 to 2026-09-25,MEASURED ORIGINAL GSC,0.0,27.0,0.0,40.59,Broad Cadillac service,Broad Cadillac service,/brands/cadillac-service-dubai,,Existing Cadillac hub owns broad service and repair enquiry,Query-only GSC; no landing-page join
cadillac repair in dubai,cadillac repair in dubai,Cadillac,Queries!A803,digitecme.com-Performance-on-Search-2026-09-27.xlsx,2026-04-12 to 2026-09-25,MEASURED ORIGINAL GSC,0.0,26.0,0.0,29.15,Broad Cadillac service,Broad Cadillac service,/brands/cadillac-service-dubai,,Existing Cadillac hub owns broad service and repair enquiry,Query-only GSC; no landing-page join
cadillac garage dubai,cadillac garage dubai,Cadillac,Queries!A855,digitecme.com-Performance-on-Search-2026-09-27.xlsx,2026-04-12 to 2026-09-25,MEASURED ORIGINAL GSC,0.0,24.0,0.0,49.46,Broad Cadillac service,Broad Cadillac service,/brands/cadillac-service-dubai,,Existing Cadillac hub owns broad service and repair enquiry,Query-only GSC; no landing-page join
cadillac engine repair dubai,cadillac engine repair dubai,Cadillac,Queries!A972,digitecme.com-Performance-on-Search-2026-09-27.xlsx,2026-04-12 to 2026-09-25,MEASURED ORIGINAL GSC,0.0,20.0,0.0,30.05,Mechanical/cooling,Mechanical/cooling,/services/mechanical-repair-dubai,/brands/cadillac-service-dubai/mechanical-repair,Existing Cadillac route is intentionally noindex; indexable generic or hub owner,Query-only GSC; no landing-page join
